$MeshFormat
4.1 0 8
$EndMeshFormat
$PhysicalNames
7
2 1 "Slope"
2 2 "WarmingPatch"
2 3 "Wall"
2 4 "Bottom"
2 5 "FresheningPatch"
2 6 "CoolingPatch"
3 7 "ArcticBasin"
$EndPhysicalNames
$Entities
9 14 8 1
1 -1 -2.449293598294706e-16 -0.02 0 
2 -0.5999999999999999 -1.469576158976824e-16 -0.12 0 
3 1 1.224646799147353e-16 -0.02 0 
4 0.8660254037844387 0.4999999999999999 -0.02 0 
5 -1 -2.449293598294706e-16 0 0 
6 1 1.224646799147353e-16 0 0 
7 0.8660254037844387 0.4999999999999999 0 0 
8 0.7048734418489653 0.2588190451025207 0 0 
9 -0.6 -1.469576158976824e-16 0 0 
1 -1.0000001 -1.000000002449294e-07 -0.1200001 -0.5999998999999999 9.999999985304237e-08 -0.0199999 0 2 1 -2 
2 -1.000000100000001 -1.000000100000001 -0.02000010000000041 1.000000100000001 1.000000005024759e-07 -0.0199998999999996 0 2 3 -1 
3 0.8660253037844388 -9.999999989185326e-08 -0.0200001 1.0000001 0.5000000999999999 -0.0199999 0 2 4 -3 
4 -1.0000001 -9.999999994736442e-08 -0.0200001 0.8660255037844387 1.0000001 -0.0199999 0 2 1 -4 
5 -0.6000000999999998 -0.6000000999999998 -0.1200001 0.6000000999999998 0.6000000999999998 -0.1199999 0 2 2 -2 
6 -1.0000001 -1.000000002449294e-07 -0.0200001 -0.9999999000000001 9.999999975507064e-08 9.999999999940612e-08 0 2 5 -1 
7 -1.0000001 -1.0000001 -1e-07 1.0000001 1.000000001138979e-07 1e-07 0 2 6 -5 
8 0.9999998999999999 -9.999999987753531e-08 -0.02000010000000002 1.0000001 1.000000001550911e-07 1.000000000167534e-07 0 2 6 -3 
9 0.8660253037844388 -9.999999989185326e-08 -1e-07 1.0000001 0.5000000999999999 1e-07 0 2 7 -6 
10 0.8660253037844386 0.4999998999999996 -0.0200001000000002 0.866025503784439 0.5000000999999999 1.00000000200634e-07 0 2 7 -4 
11 -1.0000001 -9.999999994736442e-08 -1e-07 0.8660255037844387 1.0000001 1e-07 0 2 5 -7 
12 0.7048733418489653 -0.002233439337582355 -1e-07 1.0000001 0.2588191451025207 1e-07 0 2 6 -8 
13 0.7048733418489653 0.2588189451025207 -1e-07 0.8660255037844387 0.5000000999999998 1e-07 0 2 8 -7 
14 -0.6000000999999999 -0.6000000999999999 -1e-07 0.6000000999999999 0.6000000999999999 1e-07 0 2 9 -9 
1 -1.0000001 -1.0000001 -0.1200001 1.0000001 1.0000001 -0.0199999 1 1 6 1 -5 -1 4 3 2 
2 -1.0000001 -1.0000001 -0.0200001 1.0000001 1.000000001138979e-07 9.999999999940612e-08 1 3 4 6 -2 -8 7 
3 0.8660253037844388 -9.999999989185326e-08 -0.0200001 1.0000001 0.5000000999999999 9.999999999940612e-08 1 2 4 -3 -10 9 8 
4 -1.0000001 -9.999999994736442e-08 -0.0200001 0.8660255037844389 1.0000001 9.999999999940612e-08 1 3 4 -4 -6 11 10 
5 -0.6000000999999998 -0.6000000999999998 -0.1200001 0.6000000999999998 0.6000000999999998 -0.1199999 1 4 1 5 
6 -1.0000001 -1.0000001 -1e-07 1.0000001 1.0000001 1e-07 1 5 5 7 11 -13 -12 -14 
7 0.7048733418489653 -0.002233439337582355 -1e-07 1.0000001 0.5000000999999999 1e-07 1 2 3 13 9 12 
8 -0.6000000999999999 -0.6000000999999999 -1e-07 0.6000000999999999 0.6000000999999999 1e-07 1 6 1 14 
1 -1.0000001 -1.0000001 -0.1200001 1.0000001 1.0000001 1.000000000028756e-07 1 7 8 1 2 3 4 5 -6 -7 -8 
$EndEntities
$Nodes
29 3829 1 3829
0 1 0 1
1
-1 -2.449293598294706e-16 -0.02
0 2 0 1
2
-0.5999999999999999 -1.469576158976824e-16 -0.12
0 3 0 1
3
1 1.224646799147353e-16 -0.02
0 4 0 1
4
0.8660254037844387 0.4999999999999999 -0.02
0 5 0 1
5
-1 -2.449293598294706e-16 0
0 6 0 1
6
1 1.224646799147353e-16 0
0 7 0 1
7
0.8660254037844387 0.4999999999999999 0
0 8 0 1
8
0.7048734418489653 0.2588190451025207 0
0 9 0 1
9
-0.6 0 0
1 1 0 8
10
11
12
13
14
15
16
17
-0.9555555555555555 -2.340436105037164e-16 -0.03111111111111112
-0.911111111111111 -2.231578611779621e-16 -0.04222222222222225
-0.8666666666666665 -2.122721118522078e-16 -0.05333333333333337
-0.8222222222222221 -2.013863625264536e-16 -0.06444444444444447
-0.7777777777777776 -1.905006132006993e-16 -0.07555555555555557
-0.7333333333333332 -1.796148638749451e-16 -0.0866666666666667
-0.6888888888888887 -1.687291145491908e-16 -0.09777777777777778
-0.6444444444444444 -1.578433652234366e-16 -0.1088888888888889
1 2 0 62
18
19
20
21
22
23
24
25
26
27
28
29
30
31
32
33
34
35
36
37
38
39
40
41
42
43
44
45
46
47
48
49
50
51
52
53
54
55
56
57
58
59
60
61
62
63
64
65
66
67
68
69
70
71
72
73
74
75
76
77
78
79
0.9987569212189223 -0.0498458856606968 -0.02
0.9950307753654014 -0.09956784659581648 -0.02
0.9888308262251286 -0.149042266176174 -0.02
0.9801724878485439 -0.1981461431993969 -0.02
0.9690772862290782 -0.2467573976902928 -0.02
0.9555728057861409 -0.2947551744109035 -0.02
0.9396926207859088 -0.3420201433256678 -0.02
0.9214762118704082 -0.3884347962746936 -0.02
0.9009688679024198 -0.4338837391175568 -0.02
0.8782215733702291 -0.4782539786213171 -0.02
0.8532908816321565 -0.5214352033794968 -0.02
0.8262387743159959 -0.5633200580636205 -0.02
0.7971325072229235 -0.6038044103254762 -0.02
0.7660444431189792 -0.6427876096865379 -0.02
0.7330518718298277 -0.6801727377709179 -0.02
0.6982368180860745 -0.7158668492597168 -0.02
0.6616858375968614 -0.7497812029677324 -0.02
0.6234898018587357 -0.781831482468028 -0.02
0.583743672234792 -0.8119380057158549 -0.02
0.5425462638657614 -0.8400259231507701 -0.02
0.5000000000000027 -0.866025403784437 -0.02
0.4562106573531656 -0.8898718088114673 -0.02
0.4112871031306148 -0.9115058523116717 -0.02
0.3653410243663982 -0.930873748644203 -0.02
0.3184866502516875 -0.9479273461671307 -0.02
0.2708404681430089 -0.962624246950011 -0.02
0.222520933956318 -0.9749279121818227 -0.02
0.1736481776669338 -0.9848077530122075 -0.02
0.1243437046474894 -0.9922392066001715 -0.02
0.07473009358642828 -0.9972037971811798 -0.02
0.02493069173807671 -0.9996891820008161 -0.02
-0.02493069173806835 -0.9996891820008164 -0.02
-0.07473009358641994 -0.9972037971811805 -0.02
-0.1243437046474811 -0.9922392066001726 -0.02
-0.1736481776669265 -0.9848077530122088 -0.02
-0.2225209339563108 -0.9749279121818244 -0.02
-0.2708404681430008 -0.9626242469500133 -0.02
-0.3184866502516804 -0.9479273461671331 -0.02
-0.3653410243663913 -0.9308737486442057 -0.02
-0.411287103130608 -0.9115058523116747 -0.02
-0.4562106573531597 -0.8898718088114703 -0.02
-0.499999999999997 -0.8660254037844404 -0.02
-0.5425462638657567 -0.8400259231507732 -0.02
-0.5837436722347874 -0.8119380057158583 -0.02
-0.6234898018587313 -0.7818314824680316 -0.02
-0.6616858375968574 -0.749781202967736 -0.02
-0.6982368180860711 -0.7158668492597202 -0.02
-0.7330518718298248 -0.6801727377709211 -0.02
-0.7660444431189767 -0.6427876096865409 -0.02
-0.7971325072229213 -0.6038044103254789 -0.02
-0.8262387743159939 -0.5633200580636234 -0.02
-0.8532908816321548 -0.5214352033794993 -0.02
-0.8782215733702279 -0.4782539786213194 -0.02
-0.9009688679024187 -0.4338837391175591 -0.02
-0.9214762118704073 -0.3884347962746956 -0.02
-0.9396926207859081 -0.3420201433256694 -0.02
-0.9555728057861406 -0.2947551744109047 -0.02
-0.9690772862290778 -0.246757397690294 -0.02
-0.9801724878485438 -0.1981461431993977 -0.02
-0.9888308262251284 -0.1490422661761753 -0.02
-0.9950307753654013 -0.09956784659581729 -0.02
-0.9987569212189223 -0.0498458856606976 -0.02
1 3 0 10
80
81
82
83
84
85
86
87
88
89
0.8888354486549234 0.4582265217274105 -0.02
0.9096319953545184 0.4154150130018863 -0.02
0.9283679330160726 0.3716624556603276 -0.02
0.9450008187146685 0.3270679633174218 -0.02
0.9594929736144974 0.2817325568414297 -0.02
0.9718115683235417 0.2357589355094274 -0.02
0.9819286972627066 0.1892512443604105 -0.02
0.9898214418809327 0.1423148382732852 -0.02
0.9954719225730846 0.09505604330418288 -0.02
0.998867339183008 0.04758191582374224 -0.02
1 4 0 52
90
91
92
93
94
95
96
97
98
99
100
101
102
103
104
105
106
107
108
109
110
111
112
113
114
115
116
117
118
119
120
121
122
123
124
125
126
127
128
129
130
131
132
133
134
135
136
137
138
139
140
141
-0.9987802601552717 0.04937602580370297 -0.02
-0.9951240161516641 0.09863159979531171 -0.02
-0.989040187322164 0.1476465640024812 -0.02
-0.980543615043635 0.1963013474155485 -0.02
-0.9696550265315804 0.2444772576785826 -0.02
-0.9564009842765224 0.2920567706369757 -0.02
-0.9408138212453455 0.3389238170352316 -0.02
-0.9229315620056803 0.3849640656655568 -0.02
-0.9027978299657436 0.4300652022765203 -0.02
-0.8804617409559198 0.4741172035613881 -0.02
-0.8559777834116903 0.517012605557746 -0.02
-0.8294056854502018 0.5586467658036525 -0.02
-0.8008102691647375 0.5989181186108004 -0.02
-0.7702612924925375 0.6377284228319493 -0.02
-0.7378332790417271 0.6749830015182107 -0.02
-0.7036053362924892 0.7105909728815397 -0.02
-0.6676609626159724 0.7444654719990129 -0.02
-0.6300878435817107 0.7765238627180427 -0.02
-0.5909776380504578 0.8066879392455933 -0.02
-0.5504257545742578 0.8348841169296245 -0.02
-0.50853111864922 0.8610436117673558 -0.02
-0.4653959313887804 0.8851026082024442 -0.02
-0.4211254202061622 0.9070024148017376 -0.02
-0.3758275821142372 0.9266896074318338 -0.02
-0.3296129202690069 0.9441161595861693 -0.02
-0.2825941743993977 0.9592395595447066 -0.02
-0.2348860457809825 0.9720229140804111 -0.02
-0.1866049174245478 0.9824350384595297 -0.02
-0.1378685701621029 0.9904505325161158 -0.02
-0.08879589532293335 0.996049842615217 -0.02
-0.03950660470061616 0.9992193093535719 -0.02
0.009879061481467364 0.9999512008814457 -0.02
0.05924062789371573 0.9982437317643214 -0.02
0.1084576779974267 0.9941010673384304 -0.02
0.1574101477984969 0.9875333135495001 -0.02
0.2059786187410989 0.9785564922995039 -0.02
0.254044609026819 0.9671925023615571 -0.02
0.3014908626486026 0.9534690659583044 -0.02
0.3482016354343982 0.9374196611341211 -0.02
0.3940629774027158 0.9190834400861038 -0.02
0.4389630107412928 0.8985051336530803 -0.02
0.482792202730744 0.8757349421956373 -0.02
0.5254436329474055 0.8508284131333604 -0.02
0.5668132540935369 0.8238463054380323 -0.02
0.6068001458185928 0.7948544414133537 -0.02
0.6453067609123646 0.7639235461227728 -0.02
0.6822391632694214 0.7311290748571279 -0.02
0.7175072570443307 0.6965510290629975 -0.02
0.7510250064386426 0.6602737611807976 -0.02
0.7827106455834731 0.6223857688687159 -0.02
0.8124868780056811 0.5829794791144723 -0.02
0.8402810651910442 0.5421510227615587 -0.02
1 5 0 75
142
143
144
145
146
147
148
149
150
151
152
153
154
155
156
157
158
159
160
161
162
163
164
165
166
167
168
169
170
171
172
173
174
175
176
177
178
179
180
181
182
183
184
185
186
187
188
189
190
191
192
193
194
195
196
197
198
199
200
201
202
203
204
205
206
207
208
209
210
211
212
213
214
215
216
-0.5979506958040017 0.04954760728339933 -0.12
-0.5918167820416333 0.09875675416844019 -0.12
-0.5816401595635982 0.1472912922844793 -0.12
-0.5674903450203808 0.1948196815228098 -0.12
-0.5494639959930344 0.2410172547917813 -0.12
-0.5276842507238936 0.2855684358222437 -0.12
-0.5022998869575173 0.3281688948734557 -0.12
-0.4734843056378364 0.3685276276138002 -0.12
-0.4414343464038792 0.4063689429754442 -0.12
-0.406368942975445 0.4414343464038785 -0.12
-0.3685276276138012 0.4734843056378356 -0.12
-0.3281688948734567 0.5022998869575166 -0.12
-0.2855684358222447 0.527684250723893 -0.12
-0.2410172547917824 0.549463995993034 -0.12
-0.1948196815228109 0.5674903450203804 -0.12
-0.1472912922844803 0.5816401595635979 -0.12
-0.09875675416844128 0.5918167820416331 -0.12
-0.04954760728340036 0.5979506958040017 -0.12
-1.235780270569589e-15 0.5999999999999999 -0.12
0.04954760728339803 0.597950695804002 -0.12
0.09875675416843885 0.5918167820416336 -0.12
0.1472912922844778 0.5816401595635986 -0.12
0.1948196815228083 0.5674903450203813 -0.12
0.2410172547917799 0.5494639959930351 -0.12
0.2855684358222424 0.5276842507238942 -0.12
0.3281688948734544 0.5022998869575181 -0.12
0.3685276276137989 0.4734843056378374 -0.12
0.4063689429754431 0.4414343464038802 -0.12
0.4414343464038775 0.4063689429754461 -0.12
0.4734843056378348 0.3685276276138021 -0.12
0.5022998869575159 0.3281688948734578 -0.12
0.5276842507238922 0.2855684358222461 -0.12
0.5494639959930335 0.2410172547917835 -0.12
0.5674903450203799 0.1948196815228121 -0.12
0.5816401595635976 0.1472912922844817 -0.12
0.5918167820416329 0.0987567541684425 -0.12
0.5979506958040015 0.04954760728340225 -0.12
0.5999999999999999 3.004467592959254e-15 -0.12
0.5979506958040021 -0.04954760728339626 -0.12
0.5918167820416339 -0.0987567541684371 -0.12
0.5816401595635989 -0.1472912922844764 -0.12
0.5674903450203818 -0.194819681522807 -0.12
0.5494639959930357 -0.2410172547917785 -0.12
0.5276842507238951 -0.2855684358222407 -0.12
0.5022998869575191 -0.3281688948734528 -0.12
0.4734843056378385 -0.3685276276137974 -0.12
0.4414343464038817 -0.4063689429754415 -0.12
0.4063689429754477 -0.441434346403876 -0.12
0.3685276276138041 -0.4734843056378334 -0.12
0.3281688948734596 -0.5022998869575147 -0.12
0.2855684358222482 -0.5276842507238911 -0.12
0.2410172547917858 -0.5494639959930325 -0.12
0.1948196815228147 -0.5674903450203791 -0.12
0.1472912922844841 -0.5816401595635969 -0.12
0.0987567541684449 -0.5918167820416326 -0.12
0.04954760728340388 -0.5979506958040014 -0.12
4.906381678303937e-15 -0.5999999999999999 -0.12
-0.04954760728339463 -0.5979506958040022 -0.12
-0.09875675416843575 -0.591816782041634 -0.12
-0.1472912922844746 -0.5816401595635994 -0.12
-0.1948196815228054 -0.5674903450203822 -0.12
-0.2410172547917773 -0.5494639959930363 -0.12
-0.2855684358222396 -0.5276842507238958 -0.12
-0.3281688948734519 -0.5022998869575197 -0.12
-0.3685276276137964 -0.4734843056378394 -0.12
-0.4063689429754415 -0.4414343464038817 -0.12
-0.4414343464038758 -0.406368942975448 -0.12
-0.473484305637834 -0.3685276276138033 -0.12
-0.5022998869575153 -0.3281688948734587 -0.12
-0.5276842507238921 -0.2855684358222463 -0.12
-0.5494639959930334 -0.2410172547917839 -0.12
-0.5674903450203802 -0.1948196815228112 -0.12
-0.5816401595635978 -0.1472912922844805 -0.12
-0.5918167820416331 -0.09875675416844126 -0.12
-0.5979506958040017 -0.04954760728339967 -0.12
1 7 0 62
217
218
219
220
221
222
223
224
225
226
227
228
229
230
231
232
233
234
235
236
237
238
239
240
241
242
243
244
245
246
247
248
249
250
251
252
253
254
255
256
257
258
259
260
261
262
263
264
265
266
267
268
269
270
271
272
273
274
275
276
277
278
0.9987569212189223 -0.0498458856606968 0
0.9950307753654014 -0.09956784659581648 0
0.9888308262251286 -0.149042266176174 0
0.9801724878485439 -0.1981461431993969 0
0.9690772862290782 -0.2467573976902928 0
0.9555728057861409 -0.2947551744109035 0
0.9396926207859088 -0.3420201433256678 0
0.9214762118704082 -0.3884347962746936 0
0.9009688679024198 -0.4338837391175568 0
0.8782215733702291 -0.4782539786213171 0
0.8532908816321565 -0.5214352033794968 0
0.8262387743159959 -0.5633200580636205 0
0.7971325072229235 -0.6038044103254762 0
0.7660444431189792 -0.6427876096865379 0
0.7330518718298277 -0.6801727377709179 0
0.6982368180860745 -0.7158668492597168 0
0.6616858375968614 -0.7497812029677324 0
0.6234898018587357 -0.781831482468028 0
0.583743672234792 -0.8119380057158549 0
0.5425462638657614 -0.8400259231507701 0
0.5000000000000027 -0.866025403784437 0
0.4562106573531656 -0.8898718088114673 0
0.4112871031306148 -0.9115058523116717 0
0.3653410243663982 -0.930873748644203 0
0.3184866502516875 -0.9479273461671307 0
0.2708404681430089 -0.962624246950011 0
0.222520933956318 -0.9749279121818227 0
0.1736481776669338 -0.9848077530122075 0
0.1243437046474894 -0.9922392066001715 0
0.07473009358642828 -0.9972037971811798 0
0.02493069173807671 -0.9996891820008161 0
-0.02493069173806835 -0.9996891820008164 0
-0.07473009358641994 -0.9972037971811805 0
-0.1243437046474811 -0.9922392066001726 0
-0.1736481776669265 -0.9848077530122088 0
-0.2225209339563108 -0.9749279121818244 0
-0.2708404681430008 -0.9626242469500133 0
-0.3184866502516804 -0.9479273461671331 0
-0.3653410243663913 -0.9308737486442057 0
-0.411287103130608 -0.9115058523116747 0
-0.4562106573531597 -0.8898718088114703 0
-0.499999999999997 -0.8660254037844404 0
-0.5425462638657567 -0.8400259231507732 0
-0.5837436722347874 -0.8119380057158583 0
-0.6234898018587313 -0.7818314824680316 0
-0.6616858375968574 -0.749781202967736 0
-0.6982368180860711 -0.7158668492597202 0
-0.7330518718298248 -0.6801727377709211 0
-0.7660444431189767 -0.6427876096865409 0
-0.7971325072229213 -0.6038044103254789 0
-0.8262387743159939 -0.5633200580636234 0
-0.8532908816321548 -0.5214352033794993 0
-0.8782215733702279 -0.4782539786213194 0
-0.9009688679024187 -0.4338837391175591 0
-0.9214762118704073 -0.3884347962746956 0
-0.9396926207859081 -0.3420201433256694 0
-0.9555728057861406 -0.2947551744109047 0
-0.9690772862290778 -0.246757397690294 0
-0.9801724878485438 -0.1981461431993977 0
-0.9888308262251284 -0.1490422661761753 0
-0.9950307753654013 -0.09956784659581729 0
-0.9987569212189223 -0.0498458856606976 0
1 9 0 10
279
280
281
282
283
284
285
286
287
288
0.8888354486549234 0.4582265217274105 0
0.9096319953545184 0.4154150130018863 0
0.9283679330160726 0.3716624556603276 0
0.9450008187146685 0.3270679633174218 0
0.9594929736144974 0.2817325568414297 0
0.9718115683235417 0.2357589355094274 0
0.9819286972627066 0.1892512443604105 0
0.9898214418809327 0.1423148382732852 0
0.9954719225730846 0.09505604330418288 0
0.998867339183008 0.04758191582374224 0
1 11 0 52
289
290
291
292
293
294
295
296
297
298
299
300
301
302
303
304
305
306
307
308
309
310
311
312
313
314
315
316
317
318
319
320
321
322
323
324
325
326
327
328
329
330
331
332
333
334
335
336
337
338
339
340
-0.9987802601552717 0.04937602580370297 0
-0.9951240161516641 0.09863159979531171 0
-0.989040187322164 0.1476465640024812 0
-0.980543615043635 0.1963013474155485 0
-0.9696550265315804 0.2444772576785826 0
-0.9564009842765224 0.2920567706369757 0
-0.9408138212453455 0.3389238170352316 0
-0.9229315620056803 0.3849640656655568 0
-0.9027978299657436 0.4300652022765203 0
-0.8804617409559198 0.4741172035613881 0
-0.8559777834116903 0.517012605557746 0
-0.8294056854502018 0.5586467658036525 0
-0.8008102691647375 0.5989181186108004 0
-0.7702612924925375 0.6377284228319493 0
-0.7378332790417271 0.6749830015182107 0
-0.7036053362924892 0.7105909728815397 0
-0.6676609626159724 0.7444654719990129 0
-0.6300878435817107 0.7765238627180427 0
-0.5909776380504578 0.8066879392455933 0
-0.5504257545742578 0.8348841169296245 0
-0.50853111864922 0.8610436117673558 0
-0.4653959313887804 0.8851026082024442 0
-0.4211254202061622 0.9070024148017376 0
-0.3758275821142372 0.9266896074318338 0
-0.3296129202690069 0.9441161595861693 0
-0.2825941743993977 0.9592395595447066 0
-0.2348860457809825 0.9720229140804111 0
-0.1866049174245478 0.9824350384595297 0
-0.1378685701621029 0.9904505325161158 0
-0.08879589532293335 0.996049842615217 0
-0.03950660470061616 0.9992193093535719 0
0.009879061481467364 0.9999512008814457 0
0.05924062789371573 0.9982437317643214 0
0.1084576779974267 0.9941010673384304 0
0.1574101477984969 0.9875333135495001 0
0.2059786187410989 0.9785564922995039 0
0.254044609026819 0.9671925023615571 0
0.3014908626486026 0.9534690659583044 0
0.3482016354343982 0.9374196611341211 0
0.3940629774027158 0.9190834400861038 0
0.4389630107412928 0.8985051336530803 0
0.482792202730744 0.8757349421956373 0
0.5254436329474055 0.8508284131333604 0
0.5668132540935369 0.8238463054380323 0
0.6068001458185928 0.7948544414133537 0
0.6453067609123646 0.7639235461227728 0
0.6822391632694214 0.7311290748571279 0
0.7175072570443307 0.6965510290629975 0
0.7510250064386426 0.6602737611807976 0
0.7827106455834731 0.6223857688687159 0
0.8124868780056811 0.5829794791144723 0
0.8402810651910442 0.5421510227615587 0
1 12 0 8
341
342
343
344
345
346
347
348
0.9507469800591269 -0.001791680020201691 0
0.9020349927739479 0.005705811915066583 0
0.8556003213537275 0.02222523625996994 0
0.8130980766820063 0.04717777698142739 0
0.7760432027775432 0.07967402923480582 0
0.7457564783432286 0.1185557011848488 0
0.7233174391161498 0.1624368999966006 0
0.7095258990479305 0.2097535304042866 0
1 13 0 6
349
350
351
352
353
354
0.7085618461544898 0.3025469441047786 0
0.7195228322788035 0.3450391817565576 0
0.7374466650819618 0.3850950139800566 0
0.7618268535604485 0.4215825445518306 0
0.7919744632511947 0.4534707101843517 0
0.8270375841161205 0.4798584162742013 0
1 14 0 75
355
356
357
358
359
360
361
362
363
364
365
366
367
368
369
370
371
372
373
374
375
376
377
378
379
380
381
382
383
384
385
386
387
388
389
390
391
392
393
394
395
396
397
398
399
400
401
402
403
404
405
406
407
408
409
410
411
412
413
414
415
416
417
418
419
420
421
422
423
424
425
426
427
428
429
-0.5979506958040018 0.04954760728339935 0
-0.5918167820416335 0.09875675416844024 0
-0.5816401595635983 0.1472912922844793 0
-0.5674903450203809 0.1948196815228099 0
-0.5494639959930345 0.2410172547917814 0
-0.5276842507238936 0.2855684358222439 0
-0.5022998869575173 0.3281688948734559 0
-0.4734843056378363 0.3685276276138004 0
-0.4414343464038793 0.4063689429754443 0
-0.4063689429754449 0.4414343464038787 0
-0.3685276276138011 0.4734843056378358 0
-0.3281688948734565 0.5022998869575168 0
-0.2855684358222445 0.5276842507238932 0
-0.2410172547917822 0.5494639959930342 0
-0.1948196815228106 0.5674903450203805 0
-0.14729129228448 0.581640159563598 0
-0.09875675416844103 0.5918167820416333 0
-0.04954760728340023 0.5979506958040018 0
-9.69326744659552e-16 0.6 0
0.04954760728339831 0.597950695804002 0
0.09875675416843925 0.5918167820416336 0
0.1472912922844783 0.5816401595635985 0
0.1948196815228088 0.5674903450203812 0
0.2410172547917804 0.549463995993035 0
0.2855684358222429 0.5276842507238941 0
0.3281688948734549 0.5022998869575179 0
0.3685276276137994 0.4734843056378371 0
0.4063689429754436 0.44143434640388 0
0.4414343464038779 0.4063689429754458 0
0.4734843056378353 0.3685276276138018 0
0.5022998869575165 0.3281688948734572 0
0.5276842507238928 0.2855684358222454 0
0.5494639959930336 0.2410172547917833 0
0.5674903450203802 0.1948196815228119 0
0.5816401595635978 0.1472912922844813 0
0.5918167820416331 0.09875675416844225 0
0.5979506958040017 0.04954760728340147 0
0.6 2.205107015229141e-15 0
0.5979506958040021 -0.04954760728339707 0
0.5918167820416338 -0.0987567541684379 0
0.5816401595635988 -0.147291292284477 0
0.5674903450203815 -0.1948196815228078 0
0.5494639959930355 -0.2410172547917793 0
0.5276842507238947 -0.2855684358222417 0
0.5022998869575187 -0.3281688948734537 0
0.473484305637838 -0.3685276276137984 0
0.4414343464038811 -0.4063689429754424 0
0.406368942975447 -0.4414343464038767 0
0.3685276276138034 -0.4734843056378341 0
0.3281688948734588 -0.5022998869575154 0
0.2855684358222473 -0.5276842507238917 0
0.2410172547917848 -0.5494639959930331 0
0.1948196815228132 -0.5674903450203796 0
0.1472912922844831 -0.5816401595635974 0
0.09875675416844386 -0.5918167820416328 0
0.04954760728340282 -0.5979506958040016 0
3.840567574663787e-15 -0.6 0
-0.0495476072833957 -0.5979506958040022 0
-0.09875675416843682 -0.591816782041634 0
-0.1472912922844762 -0.581640159563599 0
-0.194819681522807 -0.5674903450203819 0
-0.2410172547917783 -0.549463995993036 0
-0.285568435822241 -0.5276842507238951 0
-0.3281688948734533 -0.5022998869575189 0
-0.3685276276137981 -0.4734843056378381 0
-0.4063689429754423 -0.4414343464038811 0
-0.4414343464038773 -0.4063689429754465 0
-0.4734843056378347 -0.3685276276138025 0
-0.5022998869575165 -0.3281688948734571 0
-0.5276842507238929 -0.285568435822245 0
-0.5494639959930343 -0.2410172547917819 0
-0.5674903450203809 -0.1948196815228097 0
-0.5816401595635985 -0.1472912922844785 0
-0.5918167820416336 -0.09875675416843917 0
-0.597950695804002 -0.04954760728339862 0
2 1 0 917
430
431
432
433
434
435
436
437
438
439
440
441
442
443
444
445
446
447
448
449
450
451
452
453
454
455
456
457
458
459
460
461
462
463
464
465
466
467
468
469
470
471
472
473
474
475
476
477
478
479
480
481
482
483
484
485
486
487
488
489
490
491
492
493
494
495
496
497
498
499
500
501
502
503
504
505
506
507
508
509
510
511
512
513
514
515
516
517
518
519
520
521
522
523
524
525
526
527
528
529
530
531
532
533
534
535
536
537
538
539
540
541
542
543
544
545
546
547
548
549
550
551
552
553
554
555
556
557
558
559
560
561
562
563
564
565
566
567
568
569
570
571
572
573
574
575
576
577
578
579
580
581
582
583
584
585
586
587
588
589
590
591
592
593
594
595
596
597
598
599
600
601
602
603
604
605
606
607
608
609
610
611
612
613
614
615
616
617
618
619
620
621
622
623
624
625
626
627
628
629
630
631
632
633
634
635
636
637
638
639
640
641
642
643
644
645
646
647
648
649
650
651
652
653
654
655
656
657
658
659
660
661
662
663
664
665
666
667
668
669
670
671
672
673
674
675
676
677
678
679
680
681
682
683
684
685
686
687
688
689
690
691
692
693
694
695
696
697
698
699
700
701
702
703
704
705
706
707
708
709
710
711
712
713
714
715
716
717
718
719
720
721
722
723
724
725
726
727
728
729
730
731
732
733
734
735
736
737
738
739
740
741
742
743
744
745
746
747
748
749
750
751
752
753
754
755
756
757
758
759
760
761
762
763
764
765
766
767
768
769
770
771
772
773
774
775
776
777
778
779
780
781
782
783
784
785
786
787
788
789
790
791
792
793
794
795
796
797
798
799
800
801
802
803
804
805
806
807
808
809
810
811
812
813
814
815
816
817
818
819
820
821
822
823
824
825
826
827
828
829
830
831
832
833
834
835
836
837
838
839
840
841
842
843
844
845
846
847
848
849
850
851
852
853
854
855
856
857
858
859
860
861
862
863
864
865
866
867
868
869
870
871
872
873
874
875
876
877
878
879
880
881
882
883
884
885
886
887
888
889
890
891
892
893
894
895
896
897
898
899
900
901
902
903
904
905
906
907
908
909
910
911
912
913
914
915
916
917
918
919
920
921
922
923
924
925
926
927
928
929
930
931
932
933
934
935
936
937
938
939
940
941
942
943
944
945
946
947
948
949
950
951
952
953
954
955
956
957
958
959
960
961
962
963
964
965
966
967
968
969
970
971
972
973
974
975
976
977
978
979
980
981
982
983
984
985
986
987
988
989
990
991
992
993
994
995
996
997
998
999
1000
1001
1002
1003
1004
1005
1006
1007
1008
1009
1010
1011
1012
1013
1014
1015
1016
1017
1018
1019
1020
1021
1022
1023
1024
1025
1026
1027
1028
1029
1030
1031
1032
1033
1034
1035
1036
1037
1038
1039
1040
1041
1042
1043
1044
1045
1046
1047
1048
1049
1050
1051
1052
1053
1054
1055
1056
1057
1058
1059
1060
1061
1062
1063
1064
1065
1066
1067
1068
1069
1070
1071
1072
1073
1074
1075
1076
1077
1078
1079
1080
1081
1082
1083
1084
1085
1086
1087
1088
1089
1090
1091
1092
1093
1094
1095
1096
1097
1098
1099
1100
1101
1102
1103
1104
1105
1106
1107
1108
1109
1110
1111
1112
1113
1114
1115
1116
1117
1118
1119
1120
1121
1122
1123
1124
1125
1126
1127
1128
1129
1130
1131
1132
1133
1134
1135
1136
1137
1138
1139
1140
1141
1142
1143
1144
1145
1146
1147
1148
1149
1150
1151
1152
1153
1154
1155
1156
1157
1158
1159
1160
1161
1162
1163
1164
1165
1166
1167
1168
1169
1170
1171
1172
1173
1174
1175
1176
1177
1178
1179
1180
1181
1182
1183
1184
1185
1186
1187
1188
1189
1190
1191
1192
1193
1194
1195
1196
1197
1198
1199
1200
1201
1202
1203
1204
1205
1206
1207
1208
1209
1210
1211
1212
1213
1214
1215
1216
1217
1218
1219
1220
1221
1222
1223
1224
1225
1226
1227
1228
1229
1230
1231
1232
1233
1234
1235
1236
1237
1238
1239
1240
1241
1242
1243
1244
1245
1246
1247
1248
1249
1250
1251
1252
1253
1254
1255
1256
1257
1258
1259
1260
1261
1262
1263
1264
1265
1266
1267
1268
1269
1270
1271
1272
1273
1274
1275
1276
1277
1278
1279
1280
1281
1282
1283
1284
1285
1286
1287
1288
1289
1290
1291
1292
1293
1294
1295
1296
1297
1298
1299
1300
1301
1302
1303
1304
1305
1306
1307
1308
1309
1310
1311
1312
1313
1314
1315
1316
1317
1318
1319
1320
1321
1322
1323
1324
1325
1326
1327
1328
1329
1330
1331
1332
1333
1334
1335
1336
1337
1338
1339
1340
1341
1342
1343
1344
1345
1346
-0.7999421630807217 0.03967388570857557 -0.06976865232288781
-0.9159989567362126 0.3019838850493742 -0.02887654153274726
0.8656334140198725 0.4241806445043042 -0.02900590948119357
0.9140074716706127 0.2912622213940754 -0.03017671351061457
0.9531608396557872 0.1129106658540151 -0.03004370128123818
0.9598803088402038 -0.02676878162863293 -0.02993662620973309
-0.7820215537835634 0.5551465034930805 -0.03024161238307901
-0.6180760258975188 0.7344274466197407 -0.03002582845521917
-0.4254413836615585 0.8568683746397112 -0.03083167768421416
-0.202001342388255 0.9366823123606368 -0.03044594860763594
0.7349124007620718 0.6188279416719364 -0.02981201916678401
0.03386212417042476 0.9568032129909335 -0.03064944226053247
0.5701558000216022 0.7729007324271142 -0.02988893475041562
0.267052013947582 0.9241842434359012 -0.02950139112036314
-0.8563095813882386 0.4344560451951768 -0.02994555898922454
0.4409778939096133 0.853959326187144 -0.02972567322706958
0.5996433503503326 -0.2318826798904133 -0.1092708557750548
-0.5973188201689508 -0.2330745268864641 -0.1097046655366693
-0.8004274175248367 -0.04126534029967566 -0.06962739723275424
0.5212388740385625 -0.379825468053546 -0.1087631109998623
-0.5279878823605548 -0.3795114108219548 -0.1074422958485869
-0.4143950099852565 -0.4892752637429112 -0.1097046655366694
0.4158666537697415 -0.4903255773447058 -0.1092664772216019
0.2816046564177765 -0.5760315316848567 -0.1097046655366694
-0.2782696915897538 -0.5718513765969738 -0.1110094306701434
-0.1307348422475253 -0.6287869388534647 -0.1094414800123106
0.1370840721706031 -0.6368033708133783 -0.1071521845552273
0.9453172497833566 -0.1677462819126543 -0.02997870955977039
-0.00295134463742012 -0.957864591439704 -0.03053271544306932
0.6275349762665755 0.1315802476570265 -0.1097046655366695
0.5508093637510687 0.3282111406023858 -0.1097046655366694
0.2373814900654796 0.5988806710950774 -0.1089472077941138
0.07930940679987647 0.636257436895183 -0.1097046655366694
0.4533836719663453 0.4533836719663486 -0.1097046655366694
-0.08028554728546058 0.6374227531104765 -0.1093852561083927
-0.2330745268864635 0.597318820168951 -0.1097046655366694
-0.3822826727785788 0.5247802412523832 -0.1076858094012488
-0.4914257591848734 0.4143003177221675 -0.1093092974735474
0.3229338542830276 -0.9025373445710845 -0.03035704519698527
-0.3269714376899571 -0.8990876320235974 -0.03082578379938754
0.5395567325920808 -0.7913843773701947 -0.03054610302410861
-0.5441466568056998 -0.79256641715933 -0.02965427118918917
0.7197475074927332 -0.6370579768975794 -0.02970339415749664
-0.7186700666163603 -0.6345465840626749 -0.0303210438946541
0.8558293346129265 -0.4430794408948704 -0.02906909173378727
-0.8523330897155653 -0.4369656789805928 -0.03054610302410868
-0.5973188201689514 0.2330745268864624 -0.1097046655366694
0.6390114406961429 -0.07743281301275615 -0.1090785397562625
0.1478342934427079 -0.948352383993968 -0.03004854364049654
-0.1405862844553226 -0.9512627163968894 -0.02960120905777448
-0.9236117086624843 -0.2659323660819195 -0.0297164940496901
0.02649680227561316 -0.6406336140732415 -0.1097046655366695
0.9103376798899909 -0.3054278636617548 -0.02994780888725533
0.5973188201689502 0.2330745268864645 -0.1097046655366695
0.3718396744286536 0.5220501050292068 -0.1097655905321416
-0.5622836452462956 0.3313531318950443 -0.1068363942755392
0.6406336140732417 0.02649680227561143 -0.1097046655366694
-0.6280001769365733 -0.1319432997657634 -0.1095722014843115
-0.6283372107189492 0.1328742368448156 -0.109441752549277
-0.9470159785964679 0.1651143042003767 -0.02967443992983699
-0.8836929281385791 -0.03938517395246225 -0.04885745785107833
0.9388103137052491 0.2017592770995842 -0.0299386001697827
0.8208035182586693 0.4963082401370064 -0.03020317391413127
-0.9414150850256747 -0.1654145027935276 -0.03104075660686292
-0.89335314591464 -0.3461510694297842 -0.03048220235975061
0.6327507243388212 0.7134943754609622 -0.03158758120568005
-0.5029030855852484 0.8111119257792035 -0.03140855138537393
0.3554913560618573 0.891973283244236 -0.02994916654797358
-0.109867823143186 0.9480517805139087 -0.03140081764890008
0.1274182898256705 0.9497067315934058 -0.03044594860763577
-0.7227607576246238 0.6291225507433398 -0.03044594860763596
-0.3346594027521108 0.8995771236404925 -0.03004741129395719
0.4143500271542568 -0.8624725583359636 -0.03078972914957808
0.6156719922690423 -0.7337293086462615 -0.03054610302410862
-0.2460375503245221 -0.9304425643949387 -0.02939427456319729
-0.4194173710797713 -0.8642557249281871 -0.02983743926839199
-0.6157221198012116 -0.735006039929776 -0.03029345968119829
0.8143839536687403 -0.5244337495303953 -0.02784147990938371
-0.8045899234368903 -0.5196592686894663 -0.03054610302410873
0.2353310273569466 -0.9263170701342709 -0.03106433830696499
-0.7125730819179205 -0.0457392372775571 -0.09149011321135175
-0.7101291850616885 0.04570352804989714 -0.09210040191996886
-0.8888368299467565 0.03967402174982147 -0.04756954200924887
-0.961106649722179 0.07204338872992395 -0.02904924751104712
-0.9537978869763598 -0.07584847772021748 -0.03079775806168706
-0.6148225691122722 0.1850113281605804 -0.1094859852229492
-0.6449660267728022 0.2250508330222027 -0.09922436994423747
-0.6275550054919434 0.271670087421865 -0.09904132054100816
-0.6747490706744927 0.2631287024308199 -0.08894009582133139
-0.6571536714858152 0.3093407408201543 -0.08841967309919545
-0.6941324156738363 0.2158080271882245 -0.08827339987496514
-0.7045008751908526 0.3011580089126095 -0.07845731065293751
-0.6867931659596611 0.3473124194220082 -0.07759567808036646
-0.7342229895917884 0.3391679914018617 -0.06780604533692827
-0.7521560452783259 0.293133412664103 -0.06818543256419235
-0.7161249497529867 0.3851375059571905 -0.06671973746917123
-0.6685696840741147 0.3932427764509829 -0.07608872781381441
-0.6978731020204559 0.4310425562329382 -0.06493529194918141
-0.6501799227366321 0.4391016506610833 -0.07385843894920227
-0.6794681336909731 0.4768773328417314 -0.0624715478422691
-0.6316417992839373 0.4848788983378636 -0.07092732032998755
-0.7818365627739875 0.3311213275621861 -0.05773398993586078
-0.7996345648903864 0.2851952853760858 -0.05775724568195136
-0.6611673409666723 0.5228638128744375 -0.05926782110126506
-0.6127349639530588 0.5303711711950315 -0.06740161104950976
-0.5839585504749035 0.4936662763899651 -0.07883351805339214
-0.5644556911242474 0.5380637885119172 -0.07504441727819944
-0.5942740228314218 0.5766843889245048 -0.06297848864165848
-0.5455978600102878 0.5835607131007838 -0.0702782981993286
-0.5160897754967968 0.5456759758353276 -0.08223170412444304
-0.4971312905697197 0.5910844020801899 -0.07691318493259136
-0.5269582631235613 0.6294739286489783 -0.06476805226723051
-0.4782793672485972 0.6366330296257983 -0.07093142394732393
-0.5075952735783659 0.6742532192323308 -0.0590097209875154
-0.4589762759211471 0.6815644228480371 -0.06457524425738281
-0.4294656002098735 0.643692364154811 -0.07654771883051548
-0.410271773481136 0.6887701967444794 -0.06957431052276733
-0.3807460302380565 0.6508762670111824 -0.08148483905457841
-0.3614789398661589 0.695846816200269 -0.07396591246947426
-0.3910935429992713 0.7341067588281678 -0.06205365885448346
-0.3421775635796068 0.7407168777977416 -0.06601670134669874
-0.3126210658973577 0.7027830412717969 -0.07770531502046846
-0.2933397106398345 0.7478150724338877 -0.06917738417984975
-0.2645246671105646 0.7129745300658661 -0.07988392032224796
-0.2446015190881314 0.7560122875950694 -0.07135073588499133
-0.2139053220293038 0.717382596915984 -0.082851449853602
-0.1953861868233286 0.7619032165384688 -0.07336069292785304
-0.2248559885291782 0.7987835608526676 -0.06254286697821443
-0.1759188900501621 0.8058699655136513 -0.06378805545121566
-0.1462439346904046 0.7674503450114897 -0.07468497873755556
-0.1267652059385349 0.8117593858997636 -0.06460058452599597
-0.0970699965207312 0.7731952645108569 -0.07518382040906023
-0.07762877422545425 0.8177880463030646 -0.06463393731194139
-0.04794209676191325 0.7791638842431683 -0.0748406415338304
-0.0284604963573923 0.8233570675355076 -0.06403779768584061
0.001196266619370117 0.7849496914078187 -0.07376234925876
0.02063501472767838 0.8294440613159422 -0.06257482453227017
0.05033214051892441 0.7905551964141125 -0.07196104503365808
0.06981015190044276 0.8346097158576344 -0.06061894260817131
0.09945325323780699 0.795985485667602 -0.06945638831960521
-0.01556583811359391 0.7364838817174015 -0.0858379104997261
0.1189240624539173 0.8399851418440445 -0.05790951648687433
0.1485484441238519 0.8012478699905298 -0.06627457365733988
0.1290857122128148 0.7572753169467487 -0.07795036013534673
0.1781720105911722 0.7624131989694124 -0.07426115112846249
0.1976258060637787 0.8063597159402477 -0.06244399088535232
0.2272160798201838 0.7674025038057127 -0.06991661897846668
0.1587089302312895 0.7184550021867739 -0.08605603524742279
0.2466602408323627 0.8113194028680563 -0.05800347174457394
0.2762084629318543 0.7722456507265881 -0.06496121402565849
0.2567732078368275 0.7283403535168946 -0.07693068750706236
0.3057309252319213 0.7330564362111966 -0.0714359144202704
0.3254636157157554 0.7774645571178366 -0.05929023178652724
0.3548906151499656 0.7380948135711667 -0.06525453262920319
0.3354036560769148 0.6941501463197159 -0.07726636934854811
0.3840468886553789 0.6982245370860563 -0.07078128901962505
0.3647796371999193 0.6545828916533065 -0.08265957694598629
0.4134021782189172 0.6586566206189076 -0.07558904595527785
0.4331522429271604 0.7029519763186467 -0.06357774669334929
0.4623068056059054 0.6631744799130469 -0.06789730745894976
0.4426715649933768 0.618963610743604 -0.07975770944029605
0.4915234895686423 0.6233655894943956 -0.07154030652242149
0.4718444530678673 0.5791254734831303 -0.08324757332099157
0.5204168042223141 0.5831864658013129 -0.07459335604776759
0.5400933831057432 0.6279715538149574 -0.06292979226911664
0.5689145948763192 0.5871963827391788 -0.06560097111206981
0.5493968718007878 0.5431402340178003 -0.07686173402303823
0.597812157124015 0.5470668873689173 -0.06741335889600475
0.5782374981462975 0.5030348660760586 -0.07839450021746378
0.6267750026980808 0.5073112094212879 -0.06841075685759093
0.6068641820609041 0.4629279964977095 -0.07918162015121658
0.6548611919433626 0.4667001089478589 -0.06896328500659621
0.6352593697674398 0.4228225127911305 -0.0792230778827778
0.6830376179772695 0.4265298927740437 -0.06868120166606713
0.6650322506443697 0.3839142238005222 -0.07802701595773409
0.7109672966510961 0.3863931803735726 -0.06770470427698833
0.6932939837157294 0.3438411629446648 -0.07653112440376136
0.7396258751808059 0.3468138400537046 -0.06577489826025153
0.7193784574836205 0.3028181983927861 -0.07487116013237466
0.7670315314610681 0.3065893718405087 -0.0634911604220855
0.7467675619585739 0.2626878709328564 -0.07209429184445094
0.7935640117000781 0.266091536291172 -0.06075305462932708
0.7737056139921068 0.222486722898815 -0.06873513735174158
0.7266065609210918 0.2188888797428684 -0.08028484574752201
0.7538092485401003 0.1786916081841464 -0.07632516393126415
0.800941639818202 0.1823290722434355 -0.06464186755514428
0.7809209898687631 0.1385441603772238 -0.0717211438415207
0.8279951352015573 0.1421619011836711 -0.05997233068212163
0.8081373904224485 0.09843555048767094 -0.06647242210841919
0.7609899067737802 0.09465934479956045 -0.0782863414866052
0.7880637560207232 0.05424015087897346 -0.07251796323449067
0.8350523111481457 0.05801416668235785 -0.060733721378463
0.8146519564999287 0.01368935384653113 -0.06630825853788627
0.7671171619095761 0.01149876030287198 -0.07819916554132482
0.7928053271295915 -0.02979407485944102 -0.07165875781532025
0.6743876719489937 0.5105408347282092 -0.05853920635231218
0.6172647313354104 0.5919222221312653 -0.05619698528736326
0.8421119662413797 -0.02687124176376056 -0.05936485524121796
0.8214138698779982 -0.07143341622871811 -0.06387147841364019
0.7720769098794155 -0.07439246679234088 -0.07608684387650538
0.7999131693061046 -0.1162476158119375 -0.06792102617242429
0.7544391611408084 -0.1208159735840244 -0.07898708366057047
0.779688001525649 -0.1612502629831274 -0.07095304777590974
0.7272132697092873 -0.171092225340667 -0.0832328171871972
0.7590551752037197 -0.2069129805216331 -0.07331215395456317
0.8057902805688207 -0.2020005039065392 -0.06231902773760261
0.7848020680766549 -0.2469833399078329 -0.06431288077376135
0.73974342596125 -0.2527389639695007 -0.07456821520008827
0.7639420757685095 -0.2921719197534547 -0.06552324003968105
0.7148996539920006 -0.2953832135263246 -0.07662006985744671
0.7412807431338569 -0.3363381802402393 -0.06649623596411067
0.6917051962562314 -0.3395006318079202 -0.07736745512410023
0.7186795587395377 -0.3806533888808885 -0.06668415724903506
0.669523570587526 -0.3839854123851903 -0.07704491965471366
0.6957875354187065 -0.4247758601633158 -0.06619941949580917
0.6471764315892564 -0.4283813968438295 -0.07597230307787334
0.6733804046013515 -0.4691364362254767 -0.06482779106695813
0.6249188007239747 -0.4728838217898678 -0.07408187034999764
0.6508285257970868 -0.5134030312660309 -0.06276214714362049
0.6020232229338434 -0.5168766896427277 -0.07163268394722934
0.6285254523400052 -0.5575568086980053 -0.05995330293528891
0.5792380993164824 -0.5609670925322627 -0.0684124175135235
0.5533770398241754 -0.520515635554525 -0.08007194206402485
0.5302815909511475 -0.5642786887731847 -0.07641393963128686
0.5567181204395407 -0.6052426748843504 -0.06441337575019343
0.5077128700269088 -0.6084972518903653 -0.07187736374452824
0.5333235646261506 -0.6487781840781391 -0.06003762885917039
0.4844055246925008 -0.6521139634057878 -0.06691422169108227
0.4589286814471187 -0.6118584491701066 -0.07878900782191567
0.435360028509772 -0.6554545022247229 -0.07328336386589454
0.4609847862712829 -0.695521791050934 -0.06139488036599514
0.4116934233779322 -0.6984146461225027 -0.06731883215702703
0.3858509680126877 -0.6580735724787791 -0.07928722573079447
0.3625242985121885 -0.7014189205920572 -0.07260883233154131
0.7885397604608801 -0.3320888406701286 -0.05609611505320135
0.6431195437441904 -0.3442504946444179 -0.08763512697605004
0.4379608406387897 -0.7393373459981059 -0.05517021139973419
0.8132871008640143 0.3096315396508011 -0.05244144483922279
0.868867396016425 -0.06772938862346434 -0.05212420081275785
0.7582941119459957 0.3898841930059171 -0.05683638265292527
-0.3228765329598796 0.7857624273173345 -0.05762182201909524
0.5579407429151274 0.4619511387252498 -0.08891011776360901
-0.7459697241465532 0.4235336135050125 -0.0555455247739194
0.7443584641951607 -0.421144788438461 -0.05619043870071921
0.6995826684730843 -0.5098865687954254 -0.05358023671203609
0.4815617336991725 0.7068719458540785 -0.05617038745784003
-0.05816387873629998 0.8619576930045766 -0.05402053029867879
0.3371962619850378 -0.6651497809130659 -0.08356543538258158
0.3134377896191169 -0.7057288541126309 -0.07694941344811249
0.3389450487046346 -0.7444406293050496 -0.0655073967411221
0.2897559852048023 -0.747840020329698 -0.0694970033003358
0.2643220661812699 -0.7110823495759828 -0.08034500689593682
0.2403361910849917 -0.75144328571654 -0.07276465574191082
0.2660743629669624 -0.7903848952821125 -0.06150781649567909
0.2166851785320735 -0.7936856915021676 -0.06431677215151471
0.1904877889289579 -0.752119245296722 -0.07603335388578498
0.1669495921236106 -0.7952783497367552 -0.0668467604445082
0.1407102212439892 -0.7534407480239468 -0.07838314153867215
0.1171036008778984 -0.7961412647536448 -0.0688231240329012
0.09104730248953422 -0.7552524700704916 -0.07981983791050266
0.06758800667792707 -0.798375171072324 -0.06969225981763427
0.04164535182715497 -0.7596981159619062 -0.07979031919929827
0.01777544262187526 -0.8009177018841194 -0.06972126742466159
-0.008368466821103126 -0.7617622447652682 -0.07954794750601325
-0.03202891522277355 -0.8031365055128029 -0.0690562737515699
-0.05801455703393275 -0.7595450515743193 -0.07956064380640766
-0.081714704754883 -0.8027724117028474 -0.0682698525931883
-0.1076917752302223 -0.760595122990827 -0.07795468315237609
-0.1313533511204219 -0.8031142509197498 -0.06655372286507742
-0.157422667448121 -0.7617857601607816 -0.0755296551189903
-0.1809562215018719 -0.8036671993668753 -0.06405308307745425
-0.2069740858703039 -0.7621548777607549 -0.07256040007188921
-0.2305756492387702 -0.8043224091435509 -0.06082010315992867
-0.2565643901916504 -0.7626831969895205 -0.06882983799706881
-0.2330692873016992 -0.7208447349531045 -0.08060319026694682
-0.2824979983592614 -0.7209514258518422 -0.07641925497437871
-0.306214008994972 -0.7635253530983994 -0.06433978506271437
-0.3320819016675379 -0.7221315520341949 -0.07129287131269618
-0.05557477266021604 -0.8430803955594378 -0.05877247031741861
0.04400505028303357 -0.8408353918074609 -0.05950347381630933
-0.3555680932923958 -0.763283392802746 -0.05949017144441018
-0.3814087146586854 -0.7212919705862963 -0.06601858012770911
-0.3578154096288161 -0.6792074643163284 -0.07807640730116482
-0.4072739665226106 -0.6794646982504098 -0.07195575620969487
-0.3835829903107849 -0.6371179550815211 -0.08408079726279233
-0.4334389245338913 -0.6389238490687615 -0.07698235407579668
-0.4566646342059195 -0.6795571003429478 -0.06531419798247157
-0.4828705116216615 -0.6391250726501815 -0.06974316655169652
-0.5062579808732921 -0.6796637602252552 -0.05812740116973659
-0.5317332903993552 -0.6369565678380226 -0.06256718536009687
-0.5037457115855112 -0.5898203242636446 -0.07608510938183732
-0.5566350328076182 -0.5937883524081791 -0.0665259280638627
-0.5334748821980421 -0.5512629389696324 -0.07821785181200198
-0.5819440251929087 -0.5511036084849077 -0.0696294002755751
-0.5582560731704894 -0.5089369529769517 -0.08114379389711618
-0.6071247073756268 -0.5083085034597513 -0.07204515271856934
-0.6308493511724554 -0.5505005929878601 -0.06068238745349602
-0.6559547729565638 -0.5076155408306116 -0.06264309128683893
-0.6324164901016982 -0.4655843069092671 -0.07367129543277204
-0.681608527543743 -0.4650600584039462 -0.06371272416496584
-0.6570671809698525 -0.4223394145982375 -0.07472649606403793
-0.7061009182195926 -0.4217522326024075 -0.06438302410554912
-0.6818073686727589 -0.3792128769370721 -0.07495774592229981
-0.7303694337804219 -0.3783547781984181 -0.06436199159896468
-0.7071892844878227 -0.3385180041441901 -0.07399121141767573
-0.7548328758491201 -0.335125331055275 -0.06352941220697425
-0.723796804600087 -0.2913791525094164 -0.07493853134421921
-0.7790760360334462 -0.2918839481728472 -0.06201026030075472
-0.7549620976916335 -0.2496044125291909 -0.07121146101557532
-0.8030587329289373 -0.2487128196458879 -0.05982724439320784
-0.7789347202187232 -0.2065728640324463 -0.0685347972792838
-0.7332853521354339 -0.2072390073444696 -0.0794981276631532
-0.7552518875219434 -0.1649225254516744 -0.07673773437909295
-0.8020364393147262 -0.1639369763772113 -0.06534514081441485
-0.659410360997556 -0.3378049331086352 -0.08477476599025163
-0.4048562491375978 -0.7642964085816112 -0.05377419461409765
-0.5802984484505671 -0.635928649495205 -0.05477460411772226
0.1431555412334728 -0.8370147382646119 -0.057707869161086
0.3569820906024662 -0.6201694049884048 -0.09110647302540198
-0.03085424119736141 -0.7214016923563329 -0.08948469837461731
-0.2589939443950017 -0.6799344547375287 -0.08810223922961184
-0.4147440622025945 -0.5919159229701603 -0.08931085101099626
-0.6172199208411646 0.3959831327184208 -0.08666917333671963
0.4522786179178139 0.7465080026673331 -0.05179279539391651
0.5824068878382939 -0.6455784364494638 -0.0526337623085721
-0.7047414724700851 -0.5068872261033851 -0.05297534658965469
-0.7702415384348065 0.2473673445242248 -0.06775283829751402
-0.8171862461994356 0.2393801918662573 -0.05711854278210217
-0.7879164688904474 0.2017199089871095 -0.0666678696641626
-0.8347902243657972 0.1938519146917421 -0.05574937521585372
-0.8052653969700967 0.1564581952189071 -0.06491899063897866
-0.8513516372568657 0.1486160512368213 -0.05394353444279155
-0.758623439716656 0.1641228097995102 -0.07595654159698897
-0.1549196588499224 -0.8451069801091066 -0.05520272515006881
-0.1173026545033712 0.7242359079311298 -0.08658149577224268
-0.7543180098360731 -0.4206782213922561 -0.054076717050244
-0.1562567021647981 0.8500626928428491 -0.05392380702419826
-0.4800367833318704 -0.7211567406924918 -0.05342115206035426
0.6661207753456042 0.3012827254891616 -0.08722825573526033
-0.6083738819658135 -0.4231270598507156 -0.08473746853517831
-0.4676206757035608 0.5531952625192719 -0.08891057201978546
0.8320764146466391 -0.2427761914078559 -0.05330732607479126
-0.512143370865595 -0.509165270068072 -0.08945566601159509
0.5916053238885899 -0.4294793905244729 -0.08723488329645
0.847209654468891 0.1852397858654496 -0.05319392638627843
0.3159188260738094 0.6501439331617641 -0.08929100767828015
0.3740516608381098 0.7815496486780058 -0.05338765929596968
0.5047350747886652 -0.5240072796656432 -0.08811041727456824
0.5279583046349928 -0.4827366982881467 -0.0911539259399306
-0.4884106101384341 0.7199236659586151 -0.05250933800173612
0.853610994043182 -0.1980308297102431 -0.05092981451896567
0.2425128994128991 -0.8333178900564477 -0.05302776498625152
-0.3295981967883621 -0.8054387671792668 -0.05243297311497933
-0.5381886068334788 -0.4676422674125607 -0.09175573873260989
0.2165718452857709 0.8501652859991439 -0.05067085554917554
0.6883044531985776 -0.2523072869675154 -0.08672732279641676
-0.5558469634529417 0.6673495759469241 -0.0528708185065289
-0.4882275368411034 0.5117349285694556 -0.09318110168029323
0.7246255803125941 -0.08459247339338946 -0.08761337113870998
-0.209400891891278 -0.6784263185202717 -0.09249806282996655
0.3453179200008411 0.6152102275938711 -0.09362538270597685
-0.1346288554469034 -0.7169684967494868 -0.08762525633154371
-0.8025589545981876 -0.3343454984702443 -0.05264548142017904
0.7091494046800887 0.176142610670591 -0.08732558036017062
0.1648755304609665 -0.7110502883545925 -0.0875211565150061
-0.8640310945619818 0.2313400239985366 -0.04638370767741178
-0.4005355601110829 0.6064181198527231 -0.08831144934957881
-0.3530379328771672 0.6172147457921661 -0.09223790046921712
-0.7781223603144624 -0.1226449199697743 -0.07306787590394526
-0.8252367855121792 -0.1221164565205669 -0.06144422491878612
-0.8486198476345915 -0.1626899096160362 -0.05398153254723922
-0.7298293320864032 -0.1224891244891851 -0.08499080435154503
-0.8713602291845391 -0.1205542303315274 -0.05008496364286508
-0.7756950283446203 0.1191685992204463 -0.07380113213267436
-0.7285440497148526 0.1236241120497844 -0.08526042765303783
-0.8286844043710094 0.3230401827832472 -0.04764431622112056
-0.2770440881365177 0.6651775701528049 -0.08985862728717338
0.111036022075368 0.7166178807162138 -0.08870773162505673
0.8753291765133229 0.1459506017609477 -0.04814662141829532
0.8385377498857698 0.2700076272592826 -0.04976579557751515
0.04016138891552763 0.8731508261279325 -0.05148150788670148
0.07132905950717396 -0.7174841780650618 -0.08974473299930397
0.6854758274186178 0.2202297557902943 -0.09000377515926002
-0.2328911112194549 -0.6382962877541692 -0.1001360064923657
0.6199870593186523 0.3782613028731178 -0.08843293818573213
-0.7095845723949702 0.5155391965372044 -0.05072692131910334
-0.3357738472357954 -0.6386840742960012 -0.08960781903605357
0.2924108221793547 -0.8296005311298933 -0.05009360937852908
0.1412120167944631 0.6762591667712154 -0.09728866309480824
0.1883409695976936 0.6795116934423885 -0.09371747421505051
-0.8116466101123201 0.3681591856061952 -0.04718962579512857
0.5583488524396713 -0.6888481687601798 -0.04832100338764739
-0.5272572612387167 -0.719350602628819 -0.04702781717339191
0.4858218060497661 -0.7359469484463023 -0.04954014847357117
0.4622421485516516 -0.7791875806211392 -0.04350481659482918
0.4139940248115133 -0.7819778964705477 -0.04879866592455041
-0.4961732406895843 -0.4655056437606238 -0.09991116491128138
-0.6898985119639502 0.5602281973317296 -0.04782107577792845
0.8827878878619737 -0.2387298374745993 -0.04137552757627119
0.4254315860488513 0.577105708458817 -0.09075801392673881
0.4523624475060459 0.5350949163625092 -0.09482894905431345
0.888326337708905 -0.02199056946683062 -0.04785037876849881
0.2649158227760332 0.8525180954631332 -0.04681740991830385
0.3451199664113239 0.8187914892499516 -0.04786162897814302
-0.8545004484549413 0.3575437440242173 -0.03842812329368571
0.5001925722797173 0.7518912475516309 -0.04423282768683075
0.5282780976290674 0.7102247065806888 -0.04871160188113511
0.47170830275773 0.7903955453057361 -0.03988673428481325
-0.7549740098086709 -0.08015156793687191 -0.08019581976920889
-0.4384931260088212 0.521027338977529 -0.09975280664593304
-0.4536264357631075 0.4489898786370415 -0.1104363656833022
0.4776247464957732 -0.4848160779912101 -0.09985814228563365
0.5091541873318651 -0.4401884578295302 -0.1017360955069552
0.2955018033969201 0.6099287509226218 -0.1005644670876151
0.2651551325445274 0.6469193841558014 -0.0952122834137029
0.2703044704817795 -0.8757638966039145 -0.04086754521711315
0.3278559316064978 0.5464630376758678 -0.1106828313874526
0.867270474052062 0.3129762464843998 -0.03949617600434041
0.8329020798162448 0.3524845574036656 -0.04389559411492493
-0.847292132013109 -0.07976208169170884 -0.05724046045959615
0.9213137761252276 -0.0586906477766734 -0.03920468129008611
0.8949552808801359 -0.1065831594997685 -0.04468009898920992
-0.6617080093140968 0.1681161963235506 -0.09931744650947705
0.4540435193586739 -0.5305074194279732 -0.0954302360910297
0.4098605099895609 -0.5408778522679554 -0.1003432714414745
0.4178918217870003 0.4949777730869778 -0.1080515956842655
0.216452742447872 -0.8775512994501644 -0.0440370504817387
-0.6744472532559777 0.1203068961930499 -0.09872667189982956
-0.6090127747005827 0.3171640345708338 -0.09833725204384182
0.168615486320006 0.6363237150813652 -0.1054287668284105
-0.6374263501825812 0.08322631312437866 -0.1092908350654505
-0.7452859161854296 0.08215759656625447 -0.08254984536917909
-0.1829522620020521 -0.6145258154379752 -0.1097046655366695
-0.6382586649464052 -0.08008469361388063 -0.1091841733670165
-0.6726412888751634 -0.1157053379330057 -0.09936991239712582
-0.6629032247718611 -0.1634578469155392 -0.0993103779642717
0.5765474918777195 0.2847315549053909 -0.1092441547039947
0.6127025350526853 0.1850054318014973 -0.109993866083194
0.6372876351327333 0.07763317751639377 -0.1095003037104968
0.6902457823186233 0.05326958992178084 -0.09692543347969149
0.6861286768051427 0.0008461133355490613 -0.09846770037356073
0.6720966546992498 0.110125841846994 -0.09973520359811018
0.5215673629267483 0.3725808773809621 -0.1097562356399768
0.488359499562477 0.4182426259987186 -0.1092552693291283
0.5064092766972086 0.4594625982679938 -0.09905479044219934
-0.5253298571463441 0.3707375433972241 -0.1092560683700612
-0.5394293561908207 0.4156085869038281 -0.09975853034794956
-0.03009558593787522 0.6422742021304237 -0.1092552693291285
-0.059852633594581 0.6806223693573958 -0.09918775888825276
0.02366723568091195 0.653160593660055 -0.1066026891371963
0.05689879624809048 0.6796370692442362 -0.09949633088526796
-0.1090349139021592 0.6744961455710961 -0.09918693279641985
-0.1868436643997312 0.6152327527764572 -0.1092552693291284
-0.2291589350021242 0.6429662455948119 -0.09935427589857479
-0.183556163832623 0.6686345633965779 -0.09665694334472875
-0.3309072591685678 0.5483041283899686 -0.1098951454163677
-0.2840312670627566 0.5807808748678778 -0.1083715322720088
-0.5760315316848577 -0.2816046564177752 -0.1097046655366693
-0.6248799027494899 -0.2740977385844012 -0.09941196130053279
-0.6434895868403482 -0.2281919218218213 -0.099311980217434
-0.6737182643131415 -0.2683626853108821 -0.08870003610446105
-0.608974377899945 -0.3226617951053266 -0.09770656807367538
-0.6206303883903398 -0.1854734419931509 -0.1080620341229529
-0.3725756098949581 -0.5218246093495168 -0.1097046655366695
-0.4191300826075344 -0.540140761952965 -0.09907931867571429
0.3221491057130337 -0.5538277519422837 -0.1098232957923595
0.5791900169859011 -0.2792410343004998 -0.1092524045643797
0.6271191193764659 -0.271318364105985 -0.09917625227506752
0.5611686226666402 -0.332109613428746 -0.1069802507368039
0.5738422602755099 -0.3763454914211444 -0.09843899252176923
-0.3328740477428518 -0.5565721395348323 -0.1078700987311618
0.6302772433764293 -0.1289633950048779 -0.1091660482109392
0.6190499625631897 -0.1786635337038013 -0.108920921123929
0.6717401553171979 -0.1628467022246539 -0.09720064296071977
0.6480769837157104 -0.2201159530850544 -0.09889060340958128
0.08022108160725017 -0.6363429533335007 -0.1096551029437951
0.1051301724739079 -0.6761808372912778 -0.09892383313924041
-0.02360912562312543 -0.6409170820893877 -0.1096620567117176
-0.07685773466139041 -0.635383827621914 -0.1099961485266771
0.2369991377462653 -0.5977190307501236 -0.1092524045643799
0.2782451805765196 -0.6215749009332078 -0.09974729481147236
0.2348945853503596 -0.6419097330611722 -0.0991156144447395
0.1891818053022485 -0.6171451492309484 -0.108627393380121
-0.5522422534325112 -0.3283546835823168 -0.1093784913401498
-0.5829757526109928 -0.3722627653538522 -0.09707655331743421
-0.5592670041064619 -0.4178687621056845 -0.09546599825786908
0.6745305442469433 -0.1090670013284495 -0.09917716306417457
0.8577353487426638 -0.2832985340600655 -0.04417263398182877
-0.01335867339927142 0.6884184031242864 -0.09786299934442098
-0.1372532185509515 0.6389923805981518 -0.1066082719992593
-0.5737752893507309 0.374215938083832 -0.09874440684581323
0.6262178525419232 0.274331512952329 -0.09908215097580286
0.6083729713224829 0.3217297759693443 -0.09794845957878072
0.1850495586178119 -0.9146107753248591 -0.0367142029766671
-0.6661231267829081 -0.03916309082112584 -0.1031816542392403
0.3990713967978879 0.8267565023741068 -0.04049179018495822
-0.4870336259937259 -0.4169341685990357 -0.1097198051469775
0.8796465116509447 0.3561731860914293 -0.03274521554479197
-0.5047448959700948 0.4633843554147478 -0.09870119840411111
0.6432960420725107 -0.0275290892145659 -0.1090287975096281
-0.1116943983319969 -0.673210599119388 -0.09939663152039023
0.1865497621356786 -0.6654348525462226 -0.09722768654669893
0.9452357465854204 -0.1090895228943083 -0.03212251832242966
0.6915475717451365 -0.2049034636490446 -0.08968370265662857
-0.0005529983858789222 -0.6811203583990139 -0.0997198542781602
-0.7410736741769213 0.2091019302080725 -0.07749775849116339
-0.7101069637692393 0.1703733724814375 -0.08743511666323488
0.685320941352543 -0.05373664704277657 -0.09814387923837721
0.7339342326019324 -0.03007810782281193 -0.08636242378750676
0.5506648714142414 -0.4154421752261087 -0.09755000696465224
-0.8224421561903008 0.1124018111389848 -0.06247812352876575
-0.8687869142888909 0.1062554686164709 -0.0511848772578609
-0.905233151891667 0.1433910785577809 -0.04087011588761419
-0.9185881962797189 0.09211170730790952 -0.03920127261946321
-0.8445275694095774 0.06902400001885796 -0.05816410713841305
-0.8809149445173274 0.184491671650908 -0.04499328949138642
-0.9056257141167585 0.2210290766031738 -0.03694799577487801
0.9018329240915273 -0.186221313745056 -0.0397852903444796
-0.1605363087506341 -0.6659952236744927 -0.09873238331770863
-0.8938349749682013 -0.1613388383914031 -0.0429301892520314
-0.8702522962271595 -0.2029207378819115 -0.04660070991731206
-0.9193782981569987 -0.120578844869129 -0.03818707529669095
-0.7081119973577762 -0.1654167115685326 -0.08820593909794411
-0.7226117929249113 0.2550903333089702 -0.07842121701799865
-0.08251851196468661 -0.7205346900023722 -0.08868888197464264
-0.4653664398088566 -0.5094444157747504 -0.09750008404631627
-0.4622370045873924 -0.5612812232428952 -0.08822065918142574
0.8195406044461494 0.2251928044940616 -0.05752079490985174
0.7293680518731734 0.4293490655658144 -0.05841101529210189
0.7754270467134849 0.433527072534811 -0.04790305785037801
0.7470430304941038 0.4730461198470322 -0.04894487100044657
0.8030509773106433 0.3924736607810633 -0.04654328627135795
0.644669426782001 0.5516617997147298 -0.05787836462716602
0.6923563250771904 0.5550871563335275 -0.04814996168570956
0.721606279295103 0.5150664535998806 -0.04835711804486022
0.7388174134993958 0.5648234186440095 -0.03750313648101571
0.7716842999326673 0.5176913124434295 -0.03768811995751657
-0.6310406953112878 -0.3783091355965111 -0.08606214343990845
0.7856533431232366 0.3500095935962295 -0.05497705192670189
-0.5790888871923943 0.2812900805000636 -0.1090520175923565
0.8559897086139421 0.1025790214750833 -0.05447145825613851
0.8829866805385516 0.06256709307752485 -0.04869984761292783
0.8630022693260305 0.01817075933031557 -0.0542016141515826
0.9084011379921026 0.02300525798005798 -0.0428269011579391
0.9296005304933187 0.06669815556966238 -0.0370024423076158
0.9041462502085706 0.1069096796458068 -0.04238874679508535
0.921458608743411 0.1521028219906408 -0.0365180365524915
0.9564026178034934 0.02382691848788374 -0.03082515686923675
0.6197454444377823 -0.3872989446867081 -0.08729722079685984
0.6644148477110429 -0.300884488504481 -0.08765784818069842
-0.8266485687165209 -0.2917653584422525 -0.05084325236431677
-0.8486253227116898 -0.2470659377644399 -0.04903528053796946
-0.8760964621061849 -0.2913386041833843 -0.03918308212967569
0.4228601883804247 0.7860442491816075 -0.046858186825535
-0.2861788829332487 -0.642051100106269 -0.09426440880818414
-0.309334297245464 -0.6819523358118708 -0.08279244543628655
0.5759668748605619 -0.4796651244233854 -0.0826139558750532
-0.1838406391904497 -0.7185994408895046 -0.08456427375896154
0.4822674787831312 -0.5686273249015132 -0.08360006777822966
-0.585248014103813 -0.4661184858523728 -0.0829536018681184
0.4100010164978063 -0.6170832186969786 -0.08478179552102309
-0.3613481160023847 -0.5986140787177254 -0.09519452308037797
-0.009168665114024978 0.8681379776544487 -0.0529534017967096
-0.03860381098438546 0.9056487779026906 -0.04338221010653816
-0.08542043559434463 0.9026066696261678 -0.04334008806270329
-0.1072701897457527 0.8557097511791701 -0.05439821547132211
-0.134179970179754 0.8957635359535049 -0.04356063494538904
-0.1834220430367151 0.8897436714103608 -0.04288666833955034
-0.2054052751675943 0.8432729438159369 -0.05301777364858436
-0.2544246778318951 0.836828153889873 -0.05133740662944361
-0.2331795274337155 0.8826556411802799 -0.04176579012426977
-0.2838871169991898 0.8748028016459933 -0.04007177248027609
-0.3033531600565702 0.8292591969802935 -0.04924929848742436
-0.2739840806046432 0.7931105076140251 -0.06022459127191703
-0.3517356979638603 0.8187096191611326 -0.04723282309085979
-0.3710451051833794 0.7783720141768551 -0.05442845408451404
-0.4209983493755494 0.7729209411765914 -0.04996500399279592
-0.4395676308002039 0.7268540907720688 -0.05764172795141179
-0.4682158585179893 0.7651984755243055 -0.04572968359693988
-0.5170941141763764 0.7589673356656401 -0.04040555599012582
-0.4488421706276185 0.8119707367739412 -0.03805768881156447
-0.5368299802932498 0.7134160524627735 -0.04679201240025904
-0.5665737064915791 0.7462149229395997 -0.03576687946282037
0.1204098475502439 -0.7162862927652435 -0.08841589679461734
0.2140973145514905 -0.7133795564666847 -0.08379647363658028
0.1680340776190642 0.8442133175925506 -0.05480654388987707
0.1853963424017934 0.8958794937136395 -0.04128458307421507
0.295812523708438 0.8149773048205387 -0.05324941514564136
-0.5748948590266905 0.6221340685640672 -0.05822846948252849
-0.6222537579488956 0.6147870189866969 -0.0513160359679876
-0.642417946329617 0.5697992322623185 -0.05532408395835796
-0.6753804445724693 0.6114542288924131 -0.04223709985198947
-0.6461454140439007 0.6569004143519371 -0.03964401862745802
0.4039764007647791 0.7425520831622406 -0.0586678371935177
-0.7258113990374374 0.4683548762557913 -0.0540488369611575
-0.784821174458553 0.4654711357273622 -0.04188165707332095
-0.7944253048220297 0.412723171957414 -0.04619037364143549
0.08783183581068887 0.8775961844914363 -0.0495048903014226
0.1350832712388416 0.8828923854331393 -0.04670836692449637
0.8923548216011621 0.1904928317334743 -0.04188480889900716
0.9021674168442109 0.2354968177402066 -0.03690066506139487
0.5877098975711051 0.6317595457607317 -0.05428562759941603
0.6335278791172166 0.6353015587352058 -0.04570030593114084
0.6044963907738031 0.6748447919523481 -0.04350063746174657
0.6630184734481023 0.5952580292363836 -0.04724374061771081
0.6819382024390659 0.639678228534538 -0.03624960588176153
0.5108056853276727 0.6673837380220744 -0.05989236360567023
-0.7785461587240412 -0.3775959678775137 -0.05367951492326884
-0.8255833731883218 -0.3774555978411206 -0.04305553619516771
-0.8461284217745385 0.2758318994333063 -0.0475117218144323
0.4989169881018913 0.539428822615781 -0.0863050055653886
-0.6013158207953179 0.6598680957553701 -0.04681193186370755
-0.4305434861672287 -0.7223557586030052 -0.05976716249180503
-0.1676213529877691 0.7221379114138469 -0.08466582865695624
0.2834776951998863 -0.6672793879939826 -0.0887506232221984
0.3886329943061134 -0.7425763802548665 -0.06046848614472158
-0.3319346912073072 0.6579274055613227 -0.08577033521044586
0.3939587449865673 0.6147100361055338 -0.08747056380540667
0.3724075646322743 0.5723303041900066 -0.09929386154681502
0.2862938959026654 0.6891472339570088 -0.08343766040179046
-0.5363658471178714 0.5026829821346104 -0.0862238959898797
0.1927855681081507 -0.8345471581432244 -0.05586872682339893
-0.4485851040390825 0.5985022330784204 -0.08301177868552616
-0.4188461642410663 0.5633630223657357 -0.0944989308671257
-0.6779931417783598 -0.5488627725688122 -0.05192245596313469
-0.7270095111710433 -0.5515708710265669 -0.04185897246738958
-0.6535683786138263 -0.5919383242301282 -0.0495540591754582
-0.7541662385301486 -0.5094361533819701 -0.04247364030302291
-0.7310970508620028 -0.4648653857965598 -0.05340667070941128
-0.7798134326591259 -0.4637215767822406 -0.04318142016566734
-0.606160681723271 -0.5939277752929294 -0.05784130728219779
0.2077620987111872 0.7234764984049015 -0.08182067505217686
0.03331443315114597 0.749388329452649 -0.08246788278803842
0.08069626915293115 0.7565316500501201 -0.07979418624441972
-0.06743672828676864 0.7349225038942671 -0.08549749340248747
-0.6025268578404469 0.4471663670752527 -0.0824172891991439
0.8260059513502116 -0.1567749722893836 -0.05981195567981495
0.315680898922574 -0.787902033847429 -0.0578025617370877
0.3410077389510245 -0.8231063142649087 -0.04726272727055024
0.09470973084099965 -0.8383874146803667 -0.05907000713945341
0.0713186465423532 -0.8809225699019128 -0.04904880014084227
0.02154067521345231 -0.8837140190021932 -0.04900587280573776
0.04283667638243803 -0.9268026851484462 -0.03805197268004955
-0.005890777519200773 -0.843416742011834 -0.05914067160105924
-0.03093914174511153 -0.8850737174397059 -0.04859642112839721
-0.08059630222024838 -0.8843599022960815 -0.04799377813888969
-0.05227020479369934 -0.926916046874579 -0.03790283119688159
0.1012270363167244 -0.9227543853733711 -0.03792746707558549
-0.2795358826273633 -0.8046794783371655 -0.05703736059269224
-0.2541901207299627 -0.8462475674417204 -0.04910019764640151
-0.2046117032559278 -0.8441319651541189 -0.0528559343856816
-0.1801065573456679 -0.8864994188508549 -0.04384745308450926
-0.1307349152379036 -0.8851448949941872 -0.0463131229826316
0.6052913143672746 -0.6006075503100783 -0.05682357589048218
0.63162076151774 -0.6414031074780809 -0.04495240327560866
0.5102302828697264 -0.693045510821392 -0.05484787044584515
0.05923803158758673 0.9163582938501142 -0.04043224487443468
0.0113182977166496 0.9122368151589034 -0.04192324334852995
-0.01430728740772105 0.9540231213042866 -0.03146740075304424
-0.5548655136377658 -0.6774870953579243 -0.05107299980915173
-0.6087435195790611 -0.6857027125517837 -0.04076801016350586
-0.6297463619828947 -0.6369573788176164 -0.04607267042898445
-0.65601703417198 -0.6769523774215217 -0.03433301164295795
0.7214454588902457 -0.4656214156570714 -0.05533647653946706
0.7681251598953941 -0.4624895521177141 -0.0458470322689257
0.790251501046489 -0.4156468345117242 -0.04677649570079912
0.7665429345773619 -0.3766295415774948 -0.05648216085369066
0.815018121114417 -0.3717910216212491 -0.0460464471281145
0.8369015587633422 -0.33018558687321 -0.04507963342005381
0.8649591182324495 -0.3688557985318873 -0.03491904634732039
0.8098596890960973 -0.2871988115204533 -0.05518090847157167
0.8473323570048361 -0.1117195190766222 -0.05633358737127122
0.8733600777140315 -0.1508677459925602 -0.048426239408079
0.6768985740430271 -0.5522898077967826 -0.05159445529335647
0.7251035818378828 -0.5524959565642799 -0.04209829607728827
0.6535400149158308 -0.5976873449690104 -0.04859190486904487
-0.6399363946633647 0.3541041616199699 -0.08715642845397059
-0.3775195996391802 -0.8044354068261496 -0.04784614398641427
-0.4261016251635992 -0.8140494235481421 -0.04029379376226536
-0.3503198895506111 -0.8478117204042799 -0.0406655365152218
-0.4538519837590879 -0.7663554103859715 -0.04733401722115388
-0.470731271208377 -0.8019564453293988 -0.0375239165662923
-0.3036347594825108 -0.8498268741251358 -0.04438974658283734
-0.2791314340854555 -0.8891651951007783 -0.03701272812753158
0.5285990998500869 0.5000555035703546 -0.08808784485820444
0.2374150109490314 0.6855082323287804 -0.0886358249242601
-0.5043328504767679 -0.766742938128621 -0.04056504772047425
-0.7636519636226945 0.3769416960078404 -0.05709606571653256
0.6587333973365307 0.1675175226859196 -0.1000750516453375
0.7419291105788688 0.05311600715255099 -0.08404299634388243
0.536897809301465 -0.7397615131985322 -0.04148490831532393
0.5878904120727875 0.419478932800529 -0.08944915680226964
0.7001981305346395 0.2598964314902769 -0.08328103050547055
0.6108150680039484 -0.6911390934039676 -0.03940724565102789
0.6603430993293583 -0.6802224065611822 -0.03299320536905105
0.7377524172470814 0.136712095351289 -0.0824218785796749
-0.666287160923921 0.03985771475984638 -0.1031304367481264
-0.8252641011367443 -0.2048110351519798 -0.05742524892037034
0.1200834925090921 -0.8783447170273028 -0.0483711594942242
-0.1057489908044647 -0.8444038526789113 -0.05725004179272573
0.3632513331669047 -0.7842148099237927 -0.05393513717645113
0.7462107026925919 -0.5081426089940154 -0.04430117912799467
-0.2512208684758606 0.9251847368467082 -0.03032851623891008
0.5715403199572526 0.3734792616265361 -0.09931295153814002
0.5372448518172903 0.4180483257661583 -0.09981693065259283
-0.3996611784064045 0.8136793202968955 -0.04336661022093221
0.3172653425994817 0.8619846923009393 -0.04037055565325585
0.4388289965501578 -0.820255404730261 -0.03743417367301914
0.4919778966058252 -0.8185802560671386 -0.03123810417441576
-0.155396553865941 0.9379830486340043 -0.03230793444062034
-0.3037399659118084 0.621766226971655 -0.09700231072809921
0.2161627911670098 0.6434615327055057 -0.100300063281385
-0.3762925525730992 -0.8842760360596594 -0.02974750351565507
-0.9536128719989664 0.1199991792498476 -0.02971666299674018
-0.9356883857600174 -0.2188541566010359 -0.02976445190348367
0.7005174691309652 0.4688247408501195 -0.05926892697818113
0.820576918389483 0.4376633579256318 -0.03750057878239782
-0.7076709288797479 -0.08642833469955358 -0.09176770764314632
-0.761274653329497 0.04158760476292427 -0.07939756253659441
0.5576719154929201 0.6720117471855477 -0.05168289209201402
0.5774294703086724 0.718512034755485 -0.03955419057978329
0.6069167806144217 0.7532748883850615 -0.02816185215328144
-0.8026875952877038 -0.4240458272470498 -0.04304705344025721
0.7190812422516193 0.09773975697598851 -0.08857665305771396
-0.8257075094807025 -0.4756705436595626 -0.03177015335523549
-0.7053506936177238 0.08795070849984331 -0.09229678391475496
-0.8716238934159271 -0.3893370813544434 -0.03134339857088388
0.2838060184155058 -0.9237105590291601 -0.02841835581024244
0.6032998467534052 -0.3186376960590975 -0.09943097320246486
0.08178638511394282 0.9560774111429827 -0.03010770269662234
0.390003437875191 -0.8212927562113446 -0.04270277265223638
0.5789613556002799 -0.7654331709149951 -0.03006717210650682
0.3668459769374094 -0.8874055364913623 -0.02993951842938037
0.8317963136428584 -0.4866684317902062 -0.02907323858029659
-0.5813254737610097 -0.7661114359280868 -0.02957511065001279
-0.1922915876738891 -0.9330119437208239 -0.03184467492098582
0.3993869233406033 0.8745351033620631 -0.02964589124221747
0.1741623309407429 0.9446590823691733 -0.02985508288987232
-0.7549697430746403 0.5926051332299966 -0.03005727807340011
-0.8326866912080186 0.4752832389101551 -0.0303047138938839
0.5232600026449303 0.7963282061333999 -0.03178533285978026
-0.6915605327872277 0.6640464784174244 -0.0303109180616041
-0.3785302176780275 0.8828991310163978 -0.02984432116269805
0.3120762416502747 0.9101595210063558 -0.02945609362827859
-0.6588150842027661 0.7008217196916632 -0.0295332146162544
0.9243491409925254 -0.2595686490602775 -0.02997432194286521
0.7770769112799631 -0.5492925107973032 -0.03209629200262382
0.7471201579114334 -0.5954353165905237 -0.03115751181468173
-0.7762159284195003 -0.5573436660781841 -0.03110369278052647
-0.09084176714580317 -0.9592140194126028 -0.02912350653085546
-0.8082034704770046 0.5158183007291818 -0.03030470266161156
-0.758485777875625 0.5124048687544899 -0.0411633463632167
0.2203814935150399 0.9337333858198154 -0.03015290828341596
-0.5836861289515325 0.7029695263233079 -0.04157391074057991
-0.7467929642299559 -0.5957623281852269 -0.03117049974039454
-0.7568244451534644 -0.03390277956139948 -0.08060414483748626
-0.6853061788086654 -0.2066947861729883 -0.0910504097964262
-0.8020830687877252 -0.08920921445983646 -0.06824279238703829
-0.2261723435511056 -0.887622451961829 -0.04100388291854586
-0.06266791664010986 0.9496923031775107 -0.03206057250706945
0.6786984859172932 0.6860029224322163 -0.02874913933159124
-0.7358356710832674 0.5548127294883166 -0.03961020806565148
-0.8488869370226676 -0.3348627003237701 -0.04186324551983989
-0.3701718159231171 0.5762478387451746 -0.09877486586326198
-0.8445191926066339 -0.0344343209247502 -0.05869477213954966
0.1694983956321587 -0.8733707620315727 -0.04758341534219427
0.4340134189804731 -0.5754149681017053 -0.08981432608094808
0.6511935158290074 0.3459057954896303 -0.08565931430991391
0.1234113594622838 0.6279587163225013 -0.1100073218375031
-0.9001259503817868 -0.08019886281984998 -0.04407708945467814
0.3165169731344538 -0.5984179590106891 -0.1007577461246905
-0.6999271052347076 -0.5914679408403247 -0.04090773178638656
-0.5726062105824719 -0.7236435789757754 -0.03930297170985175
-0.2310893921404255 -0.5922313558277563 -0.1110699277226353
-0.6759160441684695 -0.6339961522906348 -0.03831950612377802
0.3880219183780335 -0.5772923744157266 -0.09610572631978415
0.2393636615776991 0.8915599255471665 -0.03921681396200673
0.4836329782039803 0.8312103646748585 -0.02958219596536702
0.700542545271722 -0.5965717596634134 -0.03996498606683752
-0.2966301053176176 0.9212023180227512 -0.02805435397190562
0.4493359628824563 -0.4493359628824501 -0.1111357468074152
-0.930547019932054 -0.0375922028392552 -0.03717349135854208
-0.9278005704614637 0.04460103529342273 -0.03778200558286529
-0.7146002106164941 -0.246092234439322 -0.08105310784765538
-0.5591086842390441 0.4573473121857836 -0.08941603671091876
-0.5542222379263056 0.7889688808223729 -0.02895615233969489
0.8625716299266167 0.2285560535691029 -0.04691541873409556
-0.8897593217644969 0.2671834374941224 -0.03774762650055744
0.641319230812082 0.2252999638793634 -0.1000642714264002
0.3682387766566863 -0.5312960868195142 -0.1083918070410449
-0.9169793091273889 -0.3078613428253626 -0.02818012129712399
0.9348408034419996 -0.2164764895870886 -0.03010557031216416
-0.7934713026091905 0.08074878200613049 -0.07060763024569507
-0.05170352699576411 -0.678810369360302 -0.09980585125824837
0.053020809488469 -0.6770023875768427 -0.1002311426115721
0.4699992548553281 0.4949498639275933 -0.09936246980688369
0.6757675462478138 -0.640247047946461 -0.03727456373363093
0.7248953215596593 0.01599619444106004 -0.08873205167217266
-0.8978582955383299 0.3479044062538164 -0.02927362593109273
-0.4598543897299767 -0.6043523190860823 -0.08014680254558273
-0.4606331230856234 -0.8449138037023352 -0.02941968469833676
-0.4163570777998691 0.4847044031856713 -0.1102557562262367
-0.4494323063848502 -0.450168366804194 -0.1109715126750947
-0.3111629933914307 -0.604341997835169 -0.1000640453722861
0.02060120643920414 -0.7211522184308382 -0.0896383958795432
-0.3828368530627063 -0.5621936401822253 -0.09995850779804182
0.1051539559014605 0.9172574974874975 -0.03918369436677129
0.2807520505854075 0.5696645300542122 -0.1112274837405341
0.7878033820942862 0.4721677278550449 -0.04038394382320085
-0.8718626898538009 0.3124673279912935 -0.03845891549485171
0.9025293639009134 -0.3449434554947987 -0.02844963773157993
0.7116342979185667 -0.1293353714917372 -0.08917705270538856
-0.9604407951418216 -0.1222414724497661 -0.02795280695707535
-0.00381037026537823 -0.9163266319199598 -0.04091636144093892
0.07366993463185781 -0.9550324611219932 -0.03053258819499652
-0.5795069870413863 0.4142079791872318 -0.09192055879956346
-0.8788394137866994 0.3939763034131891 -0.02922312677552601
0.09581372738591665 0.6771654678120488 -0.09902241719440713
0.9635637615657113 -0.06810749700331556 -0.02850805477320785
-0.6969480691780275 -0.6688054322288567 -0.02851535797930536
0.41006486016998 0.5379326367962166 -0.1008985675554544
0.853003959650466 0.4635160307307393 -0.02729868331582007
0.7796265451751371 0.5583343830015101 -0.03026644566527131
-0.2652686596981253 0.6235731583397714 -0.1005872374900806
-0.04924232638369824 -0.9688638297593847 -0.02747140280426458
0.8777020607363946 0.2707928545194017 -0.04036854561606774
0.3214839225374909 -0.861363850992367 -0.04014956000606449
0.02457901663993678 0.7049144078423148 -0.09366430267054054
0.5037300098667852 -0.7721380519829265 -0.03951937525027456
-0.931037803668752 0.2553134162930723 -0.028647517570311
0.5793218631332545 -0.7245750835321006 -0.0380755951851261
-0.1456872677020122 0.6872772305531185 -0.09436280796638588
-0.3335041770300038 0.8579088724085343 -0.03988689337445608
0.9379924483402005 0.2493425972499589 -0.02735808740726092
-0.8444132922640045 0.02991088695496174 -0.05876428017044447
-0.107198417271258 -0.9196913609410908 -0.03852055976081556
-0.716344836705166 0.5900536329586604 -0.03798259563641238
-0.8369875538741333 0.4004474116836817 -0.03803740941905563
-0.8902961581542479 -0.2390326618473238 -0.03954340665566343
-0.2353995843990314 0.6820923600121743 -0.08960755421820346
0.967409461421655 0.0692533509559508 -0.02752872687332053
0.1457224144345281 -0.9074895161630592 -0.04022126893268448
0.9073725562822665 0.330334056707231 -0.02859195009863601
0.7033936716821856 0.5922672705823961 -0.04011644562332382
0.3644925517667973 0.8540877142389309 -0.03784694651112258
0.9577347870068307 0.1597624004414109 -0.02725785970012579
0.4635541552837829 -0.8512281712097847 -0.02768410927804179
0.1948590974661461 0.6055444734770136 -0.110968914747801
0.9108213248002499 -0.1445723727341367 -0.03944406092706312
0.4801339856210168 -0.4074487106836537 -0.1125708302152015
-0.2858017562068802 -0.926546536877746 -0.02759394489164966
0.8451042576676212 0.3908719571434309 -0.03722031698284464
-0.6830732851199335 -0.3080716513356365 -0.08266719868086297
0.06681841298391369 0.7149905131783159 -0.0904735161862113
-0.942215449808996 0.2111599294586353 -0.02860322215440814
-0.4711796081994615 0.8463516344781036 -0.02783253310379981
-0.6311677156786064 -0.03418699445591458 -0.1119767746688642
0.6978992505755813 -0.6711669146228084 -0.02793487559668754
-0.631113950619235 0.03483219602156615 -0.1119813894374497
-0.6217789669416385 0.6908439938763864 -0.03763787588038257
0.03993853135074305 -0.9655798303182902 -0.02839863734294249
0.5393018139044912 0.7479177677040929 -0.03948055481584804
0.874478495249926 -0.3184424193734317 -0.03733631929448847
0.6624868175137602 0.2629568515038064 -0.09180854938923394
0.1925835802929236 -0.9515234532630653 -0.02729579248752843
-0.6762822266448003 -0.07481275866924042 -0.09989808221698546
0.8770824807217265 -0.4075908902691079 -0.02820928318335122
-0.5093981335114215 -0.8181723734590953 -0.02905232789091304
-0.3283475536119912 0.5896753190633687 -0.1012677605873241
-0.6488637748355738 -0.7147832435059849 -0.02865749396723463
0.1469029495760953 -0.6789731892437827 -0.0963291424299203
0.7681878211038403 0.5902469567900247 -0.02780895989785367
0.7012579786384739 0.1378921142134965 -0.09132834098436554
0.8083543196103107 -0.4529290448877955 -0.03835082752473261
-0.5463690570112049 -0.7542009085023851 -0.03717252137511556
0.7140600542976467 0.6597433420332276 -0.02695383173912069
0.1467406278241806 0.9182735397101313 -0.03751893819253677
0.8375695783642063 -0.4063309228639642 -0.03726790919107823
-0.5234346541903683 -0.4309069815178178 -0.1005035649474842
-0.08628543665547887 0.704686646947896 -0.09251259781228567
-0.9692841762732308 0.03336460793844267 -0.02753543926011561
-0.04147811911097692 0.7107858702509474 -0.09200123109390244
0.5516189848846462 -0.4509171671649331 -0.09188314998834055
-0.9676985360418736 -0.03327391560228464 -0.02793239450038272
0.9238760111666413 -0.0128289288158938 -0.0390087304918556
-0.4964934161412349 -0.5435756941098109 -0.08595173060129099
0.8858668524864105 0.3916886682151059 -0.02785075713231323
-0.2649694960633434 -0.6085141213907433 -0.104074890806121
-0.8192152811904393 0.4415419477021505 -0.03734239635833154
0.2802955387665058 0.8887401284122073 -0.03702674443960415
-0.3894733195234591 -0.840161073120399 -0.03848864830647034
0.4441286725926588 0.815664608469114 -0.03781485952369956
-0.1542285926028394 -0.9137472528629814 -0.03833206672981018
-0.6464516326462831 -0.3022166343082955 -0.09159831009003881
0.2378744630861596 -0.6807590218980166 -0.08971947101737644
0.6475283697532118 -0.716156869250109 -0.02862714902440741
0.3501116903116441 -0.5776271777493429 -0.1011377498951535
-0.8852415136646085 0.07474560673761983 -0.0479021269741392
-0.5946785817058807 0.7711547825552187 -0.02654539511986216
0.6434441896337156 0.6707372094938336 -0.03763326004823703
0.6029492681168566 -0.3542923570117108 -0.09516599047961831
-0.3795442351596089 0.8450503925336568 -0.03840714708186428
0.8057375797530439 0.5380680902422272 -0.02777975967582589
-0.9060274490411198 -0.1952330336635997 -0.03829414176462714
-0.6533662461062183 -0.1960414600665218 -0.09946413397470731
-0.1962075690585698 -0.6490800675170212 -0.1004781827824634
-0.916804969480876 0.1851756630075865 -0.03617028388227563
-0.6748209836363832 0.07531215268028388 -0.1002473710996435
0.3108370018815913 -0.6361556814943021 -0.09299122676470657
-0.6029987651000119 0.3530303678311618 -0.0953149349323287
0.7237688617688415 -0.2172014862440322 -0.08108569222846351
0.8922210010328822 -0.2734888672887241 -0.03670104007746471
-0.4608066177335849 0.4871725447066946 -0.1023545729703866
0.3668897534108175 -0.8505027921864315 -0.03843425735404442
0.1062530934116547 -0.9627627460631183 -0.02784795258627508
0.7860570419213612 -0.4969265737896142 -0.03751052538710954
0.3247582292014522 0.5843621695234575 -0.1028647530059441
2 2 0 63
1347
1348
1349
1350
1351
1352
1353
1354
1355
1356
1357
1358
1359
1360
1361
1362
1363
1364
1365
1366
1367
1368
1369
1370
1371
1372
1373
1374
1375
1376
1377
1378
1379
1380
1381
1382
1383
1384
1385
1386
1387
1388
1389
1390
1391
1392
1393
1394
1395
1396
1397
1398
1399
1400
1401
1402
1403
1404
1405
1406
1407
1408
1409
0.680172737770921 -0.7330518718298248 -0.01
0.6038044103254795 -0.7971325072229208 -0.01
0.7497812029677356 -0.6616858375968577 -0.01
0.9308737486442047 -0.3653410243663938 -0.01
-0.3420201433256648 -0.9396926207859098 -0.01
0.9848077530122082 -0.1736481776669296 -0.01
-0.8119380057158555 -0.5837436722347913 -0.01
0.7158668492597201 -0.6982368180860711 -0.01
-0.603804410325475 -0.7971325072229243 -0.01
0.4782539786213209 -0.8782215733702271 -0.01
0.9626242469500123 -0.2708404681430043 -0.01
0.3420201433256719 -0.9396926207859072 -0.01
0.2467573976902982 -0.9690772862290767 -0.01
-0.9626242469500119 -0.2708404681430056 -0.01
-0.9479273461671316 -0.318486650251685 -0.01
0.04984588566070109 -0.9987569212189221 -0.01
-0.04984588566069274 -0.9987569212189226 -0.01
-0.8660254037844379 -0.5000000000000012 -0.01
-0.9922392066001721 -0.124343704647485 -0.01
-0.9996891820008162 -0.02493069173807411 -0.01
0.8898718088114694 -0.4562106573531614 -0.01
0.09956784659582077 -0.995030775365401 -0.01
-0.4782539786213151 -0.8782215733702302 -0.01
-0.7497812029677328 -0.6616858375968611 -0.01
-0.8898718088114681 -0.4562106573531641 -0.01
-0.99720379718118 -0.07473009358642568 -0.01
0.9972037971811802 -0.07473009358642353 -0.01
-0.1490422661761704 -0.9888308262251292 -0.01
-0.5633200580636194 -0.8262387743159967 -0.01
-0.6801727377709175 -0.7330518718298281 -0.01
-0.9308737486442039 -0.3653410243663958 -0.01
-0.9749279121818235 -0.2225209339563146 -0.01
0.8119380057158572 -0.5837436722347888 -0.01
0.6427876096865416 -0.7660444431189761 -0.01
0.5633200580636241 -0.8262387743159935 -0.01
-0.09956784659581155 -0.995030775365402 -0.01
-0.4338837391175547 -0.9009688679024207 -0.01
-0.5214352033794952 -0.8532908816321574 -0.01
-0.8400259231507706 -0.5425462638657608 -0.01
0.198146143199402 -0.9801724878485429 -0.01
-0.1981461431993929 -0.9801724878485448 -0.01
0.388434796274698 -0.9214762118704063 -0.01
-0.2947551744109 -0.955572805786142 -0.01
-0.3884347962746911 -0.9214762118704092 -0.01
-0.9115058523116724 -0.4112871031306133 -0.01
0.9996891820008164 -0.02493069173807196 -0.01
-0.6427876096865373 -0.7660444431189798 -0.01
0.9749279121818238 -0.2225209339563134 -0.01
0.8660254037844395 -0.4999999999999986 -0.01
0.8400259231507722 -0.5425462638657582 -0.01
0.9922392066001722 -0.1243437046474847 -0.01
0.9479273461671319 -0.3184866502516838 -0.01
-0.7158668492597168 -0.6982368180860745 -0.01
0.9115058523116738 -0.4112871031306101 -0.01
0.781831482468031 -0.623489801858732 -0.01
-0.7818314824680286 -0.6234898018587351 -0.01
0.4338837391175615 -0.9009688679024175 -0.01
0.294755174410908 -0.9555728057861396 -0.01
0.5214352033795008 -0.8532908816321539 -0.01
0.1490422661761787 -0.9888308262251279 -0.01
-0.2467573976902892 -0.9690772862290791 -0.01
4.624589118372729e-15 -1 -0.01
-0.9848077530122078 -0.1736481776669321 -0.01
2 3 0 11
1410
1411
1412
1413
1414
1415
1416
1417
1418
1419
1420
0.9974521146102535 0.07133918319923287 -0.01
0.9861543537181865 0.1658300052543743 -0.01
0.9525166539358605 0.3044864922699071 -0.01
0.8994884619106032 0.4369445123693596 -0.01
0.9659258262890681 0.2588190451025215 -0.01
0.8776789895672555 0.4792489867200571 -0.01
0.9771468659711595 0.2125652895529767 -0.01
0.9192603035816657 0.3936502181619411 -0.01
0.999716794693129 0.02379769754610777 -0.01
0.9369497249997616 0.3494641795990986 -0.01
0.9929278846732882 0.1187190626573055 -0.01
2 4 0 53
1421
1422
1423
1424
1425
1426
1427
1428
1429
1430
1431
1432
1433
1434
1435
1436
1437
1438
1439
1440
1441
1442
1443
1444
1445
1446
1447
1448
1449
1450
1451
1452
1453
1454
1455
1456
1457
1458
1459
1460
1461
1462
1463
1464
1465
1466
1467
1468
1469
1470
1471
1472
1473
0.2778524756936435 0.9606237566034442 -0.01
-0.9321569822303879 0.362054361220986 -0.01
0.3249453513517855 0.9457327945222502 -0.01
0.767101777837391 0.6415254183886356 -0.01
-0.9923847606980823 0.1231766484939811 -0.01
0.08387473318482855 0.9964763063581461 -0.01
0.8266360802836542 0.5627368752563456 -0.01
-0.9850923360897053 0.172026420579303 -0.01
-0.8919017989808236 0.4522291244212061 -0.01
-0.7209391807568157 0.6929983388506002 -0.01
-0.4871120851778329 0.8733394623362118 -0.01
0.734490137621912 0.6786193614509866 -0.01
-0.9753967987351977 0.2204565377055718 -0.01
-0.9633218007010146 0.2683488555856998 -0.01
-0.6858423186514102 0.7277501727563226 -0.01
-0.4433959033309877 0.8963258742830631 -0.01
-0.1622862380884586 0.9867437240373491 -0.01
0.5869857197225783 0.8095972855943668 -0.01
0.1817498135947621 0.98334480486667 -0.01
0.4166400615696219 0.9090715368414423 -0.01
0.8534135097927946 0.5212344782371402 -0.01
-0.9131431877356292 0.4076389562983567 -0.01
-0.8153566459743269 0.5789590139772384 -0.01
0.4610182087461102 0.8873906756353304 -0.01
0.5042717113658929 0.8635450428993925 -0.01
-0.8684846339024141 0.4957160887800492 -0.01
-0.99969501853197 0.0246955445852929 -0.01
-0.6107189987928899 0.7918473997642539 -0.01
0.03457038801527881 0.9994022654929661 -0.01
-0.06417082092294453 0.9979389288639237 -0.01
-0.5708758028527747 0.8210364289830262 -0.01
-0.2588190451025197 0.9659258262890685 -0.01
-0.01481829091369106 0.9998902030995189 -0.01
-0.5296399669863977 0.8482225565089905 -0.01
-0.3985980661835784 0.917125717464466 -0.01
0.6262444463160617 0.7796267654835162 -0.01
-0.8429488181989946 0.5379937638085766 -0.01
-0.7542773263734315 0.6565559495724244 -0.01
-0.3061969317239457 0.9519681922222198 -0.01
-0.9972562828386101 0.07402638947644283 -0.01
-0.9488967986996104 0.3155865418829376 -0.01
-0.3528278571494573 0.9356882510854362 -0.01
0.3712455294251206 0.9285347364971662 -0.01
-0.2108097746773214 0.9775271039211634 -0.01
-0.6490723581394846 0.7607266748966074 -0.01
0.700086723633598 0.7140578263642057 -0.01
-0.7857754277721414 0.6185119053902748 -0.01
-0.1133668075179009 0.9935532028800467 -0.01
0.7978420888460895 0.6028664870978554 -0.01
0.6639754623021219 0.7477543617129114 -0.01
0.1329744676463149 0.9911194635129406 -0.01
0.2300817845643822 0.9731712965411944 -0.01
0.5462950533878309 0.8375928095703705 -0.01
2 5 0 511
1474
1475
1476
1477
1478
1479
1480
1481
1482
1483
1484
1485
1486
1487
1488
1489
1490
1491
1492
1493
1494
1495
1496
1497
1498
1499
1500
1501
1502
1503
1504
1505
1506
1507
1508
1509
1510
1511
1512
1513
1514
1515
1516
1517
1518
1519
1520
1521
1522
1523
1524
1525
1526
1527
1528
1529
1530
1531
1532
1533
1534
1535
1536
1537
1538
1539
1540
1541
1542
1543
1544
1545
1546
1547
1548
1549
1550
1551
1552
1553
1554
1555
1556
1557
1558
1559
1560
1561
1562
1563
1564
1565
1566
1567
1568
1569
1570
1571
1572
1573
1574
1575
1576
1577
1578
1579
1580
1581
1582
1583
1584
1585
1586
1587
1588
1589
1590
1591
1592
1593
1594
1595
1596
1597
1598
1599
1600
1601
1602
1603
1604
1605
1606
1607
1608
1609
1610
1611
1612
1613
1614
1615
1616
1617
1618
1619
1620
1621
1622
1623
1624
1625
1626
1627
1628
1629
1630
1631
1632
1633
1634
1635
1636
1637
1638
1639
1640
1641
1642
1643
1644
1645
1646
1647
1648
1649
1650
1651
1652
1653
1654
1655
1656
1657
1658
1659
1660
1661
1662
1663
1664
1665
1666
1667
1668
1669
1670
1671
1672
1673
1674
1675
1676
1677
1678
1679
1680
1681
1682
1683
1684
1685
1686
1687
1688
1689
1690
1691
1692
1693
1694
1695
1696
1697
1698
1699
1700
1701
1702
1703
1704
1705
1706
1707
1708
1709
1710
1711
1712
1713
1714
1715
1716
1717
1718
1719
1720
1721
1722
1723
1724
1725
1726
1727
1728
1729
1730
1731
1732
1733
1734
1735
1736
1737
1738
1739
1740
1741
1742
1743
1744
1745
1746
1747
1748
1749
1750
1751
1752
1753
1754
1755
1756
1757
1758
1759
1760
1761
1762
1763
1764
1765
1766
1767
1768
1769
1770
1771
1772
1773
1774
1775
1776
1777
1778
1779
1780
1781
1782
1783
1784
1785
1786
1787
1788
1789
1790
1791
1792
1793
1794
1795
1796
1797
1798
1799
1800
1801
1802
1803
1804
1805
1806
1807
1808
1809
1810
1811
1812
1813
1814
1815
1816
1817
1818
1819
1820
1821
1822
1823
1824
1825
1826
1827
1828
1829
1830
1831
1832
1833
1834
1835
1836
1837
1838
1839
1840
1841
1842
1843
1844
1845
1846
1847
1848
1849
1850
1851
1852
1853
1854
1855
1856
1857
1858
1859
1860
1861
1862
1863
1864
1865
1866
1867
1868
1869
1870
1871
1872
1873
1874
1875
1876
1877
1878
1879
1880
1881
1882
1883
1884
1885
1886
1887
1888
1889
1890
1891
1892
1893
1894
1895
1896
1897
1898
1899
1900
1901
1902
1903
1904
1905
1906
1907
1908
1909
1910
1911
1912
1913
1914
1915
1916
1917
1918
1919
1920
1921
1922
1923
1924
1925
1926
1927
1928
1929
1930
1931
1932
1933
1934
1935
1936
1937
1938
1939
1940
1941
1942
1943
1944
1945
1946
1947
1948
1949
1950
1951
1952
1953
1954
1955
1956
1957
1958
1959
1960
1961
1962
1963
1964
1965
1966
1967
1968
1969
1970
1971
1972
1973
1974
1975
1976
1977
1978
1979
1980
1981
1982
1983
1984
0.5522673676218125 0.0688400555830882 -0.12
-0.5507015224302135 -0.07174241972943714 -0.12
-0.0680264504944194 0.5566491539645659 -0.12
0.06928238833475525 -0.548334975635943 -0.12
-0.3233932357959646 -0.4529404084799944 -0.12
0.3568743705799875 0.4269627075389659 -0.12
0.4567100567647598 -0.3187889071608824 -0.12
-0.4262570442619912 0.3551416888371424 -0.12
0.2792928695184835 -0.4851259424890156 -0.12
-0.4788921649388863 -0.282794035186013 -0.12
-0.5339551886532177 0.1624542277900003 -0.12
0.1531507900051017 0.5287767145071193 -0.12
-0.1591670241507002 -0.5316971380732434 -0.12
0.4999788590922741 0.2457695877169219 -0.12
-0.2444310326159836 0.4999916688174837 -0.12
0.5446963278331824 -0.1142108096357548 -0.12
-0.4000018977203206 -0.3932302583841847 -0.12
0.1588013880503841 -0.533404459810639 -0.12
-0.2425384483209567 -0.5067945680843404 -0.12
0.5146146326685455 -0.2035974305473881 -0.12
0.3598424259968327 -0.4179907434445552 -0.12
0.2444310326159813 0.4999916688174847 -0.12
0.4279847174211918 0.3625454393961848 -0.12
-0.5002859713731184 0.2476692352306258 -0.12
-0.1588013880503807 0.53340445981064 -0.12
-0.06382433182831244 -0.5507354153041538 -0.12
-0.5497279802441601 0.01880284247504502 -0.12
0.0241065641608726 0.557289365205722 -0.12
-0.5200887042070135 -0.2013762423573678 -0.12
0.5592221970390804 -0.02346354636763307 -0.12
0.5352236817296316 0.1601492266329144 -0.12
-0.327473196402987 0.450953467450791 -0.12
-0.362337072121779 -0.4226358624278284 -0.12
-0.3184890983573743 -0.4026603823698827 -0.12
-0.2796340047901694 -0.4308263764380048 -0.12
-0.2746881219831555 -0.3823709309306085 -0.12
-0.2341607670195638 -0.4109106579714503 -0.12
-0.2299612285095996 -0.3614169652983499 -0.12
-0.2707893666747732 -0.3333422019607609 -0.12
-0.2260210117298778 -0.3120372074984228 -0.12
-0.1851479742342565 -0.3401293562580064 -0.12
-0.1812530195569948 -0.2907019735919979 -0.12
-0.2221232697624641 -0.2626208292622296 -0.12
-0.177364478787758 -0.2412696247045937 -0.12
-0.1364922164302476 -0.2693531761552703 -0.12
-0.1326068651824223 -0.2199165595364713 -0.12
-0.1734786307272576 -0.1918337348856545 -0.12
-0.1287219069953207 -0.1704794197014988 -0.12
-0.08784998913597702 -0.1985624529378064 -0.12
-0.08396529261060134 -0.1491249515031394 -0.12
-0.1248371669422538 -0.1210419788295577 -0.12
-0.08008062821069185 -0.09968740568960352 -0.12
-0.03920874118457995 -0.1277703959341523 -0.12
-0.03532409876350703 -0.07833281967095646 -0.12
-0.07619598211189368 -0.05024983452518333 -0.12
-0.03143945903994308 -0.02889523967090638 -0.12
0.009432425376154522 -0.05697822629608518 -0.12
0.01331706324957945 -0.00754064373222477 -0.12
-0.02755482085674845 0.02054234246365925 -0.12
0.01720170089593502 0.04189693914629369 -0.12
0.05807358509215443 0.01381395282584104 -0.12
-0.02367018322558939 0.06997992536323483 -0.12
0.06195822258273198 0.06325153592023393 -0.12
0.1028301067679703 0.03516854961499884 -0.12
0.1067147442307547 0.08460613274790708 -0.12
0.1475866284095306 0.05652314645162748 -0.12
0.1437019909546143 0.007085563307815739 -0.12
0.1514712658666058 0.1059607295924475 -0.12
0.1105993816908863 0.1340437158844916 -0.12
0.1884585125887712 0.02844016015470404 -0.12
0.1845738751329299 -0.020997422987826 -0.12
0.1553559033230593 0.155398312734129 -0.12
0.1144840191473184 0.1834812990262029 -0.12
0.2293303967646963 0.0003571738623750012 -0.12
0.225445759309305 -0.04908040928077837 -0.12
0.1592405407787927 0.2048358958768086 -0.12
0.1183686566029025 0.2329188821690893 -0.12
0.2001124249548106 0.1767529095843511 -0.12
0.2702022809407615 -0.02772581243014801 -0.12
0.26631764348538 -0.07716339557331471 -0.12
0.2215611218539986 -0.09851799242404941 -0.12
0.2624330060300128 -0.1266009787165017 -0.12
0.2176764843986341 -0.1479555755672398 -0.12
0.1631251782342647 0.2542734790198504 -0.12
0.122253294058278 0.2823564653122648 -0.12
0.07749677242689973 0.2610018684615261 -0.12
0.2585483685746386 -0.1760385618596788 -0.12
0.2137918469432588 -0.1973931587104152 -0.12
0.08138140988227827 0.3104394516046973 -0.12
0.03662488825089792 0.2890848547539616 -0.12
0.2740869183961391 0.02171177071302452 -0.12
0.3110741651167742 -0.05580879872259821 -0.12
0.04050952570627649 0.3385224378971327 -0.12
-0.004246995925104273 0.3171678410463974 -0.12
0.2546637311192616 -0.2254761450028518 -0.12
0.2099072094878811 -0.2468307418535873 -0.12
0.1690353253118788 -0.2187477555611514 -0.12
0.1651506878565004 -0.2681853387043228 -0.12
0.299420252750642 -0.2041215481521165 -0.12
0.1242788036804982 -0.2401023524118869 -0.12
0.1203941662251197 -0.289539935555058 -0.12
-0.0684267048705389 0.04862532853130294 -0.12
-0.06454206737799968 0.09806291162297695 -0.12
-0.1092985890155739 0.07670831478082446 -0.12
-0.1054139515550343 0.1261458979168432 -0.12
-0.1501704731865871 0.1047913010663462 -0.12
-0.1462858357300045 0.1542288842078486 -0.12
-0.191042357361586 0.1328742873573912 -0.12
-0.1871577199060404 0.1823118705003307 -0.12
-0.1949269948169978 0.08343670421426641 -0.12
-0.2357988789928385 0.1115196905064781 -0.12
-0.2396835164481954 0.06208210736327727 -0.12
-0.2805554006241673 0.09016509365567078 -0.12
-0.2844400380795312 0.04072751051247944 -0.12
-0.325311922255532 0.06881049680491297 -0.12
-0.329196559710906 0.01937291366173557 -0.12
-0.3214272848001533 0.1182480799480839 -0.12
-0.2883246755349045 -0.008710072630698843 -0.12
-0.3330811971662845 -0.03006466948143549 -0.12
0.1670098156896583 0.3037110621630006 -0.12
0.2078816998656605 0.2756280758705649 -0.12
0.1612660504011219 -0.3176229218474939 -0.12
0.1165095287697411 -0.338977518698229 -0.12
0.07563764459373894 -0.3108945324057931 -0.12
0.07175300713836025 -0.3603321155489642 -0.12
-0.0003623584697256902 0.3666054241895685 -0.12
-0.04511888010110651 0.3452508273388334 -0.12
0.0852660473376575 0.3598770347478678 -0.12
-0.3700684438869095 0.0474558999541725 -0.12
0.2507790936638835 -0.2749137281460233 -0.12
0.2117663373210416 0.3250656590137327 -0.12
0.2526382214970442 0.2969826727212961 -0.12
0.0308811229625209 -0.3322491292568692 -0.12
0.02699648550700658 -0.3816867123997561 -0.12
-0.292209312990282 -0.05814765577387121 -0.12
-0.3369658346216627 -0.07950225262460701 -0.12
0.1281634411358767 -0.1906647692687158 -0.12
-0.3778377187976654 -0.05141926633217116 -0.12
0.1573814129457433 -0.367060504990665 -0.12
-0.3817223562530435 -0.1008568494753425 -0.12
-0.3408504720770409 -0.1289398357677783 -0.12
-0.1424011982746318 0.2036664673510275 -0.12
-0.1832730824506351 0.2317494536434646 -0.12
-0.06065742992279325 0.1475004947663867 -0.12
-0.04123424264572793 0.3946884104820046 -0.12
-0.08599076427710871 0.3733338136312693 -0.12
-0.01387539866882826 -0.3536037261076706 -0.12
-0.01776003612436444 -0.4030413092505116 -0.12
0.03476576041744008 -0.2828115461144955 -0.12
-0.2474527913589012 -0.03679305892313578 -0.12
-0.228029604082016 0.2103948567927293 -0.12
-0.224144966626631 0.2598324399358913 -0.12
-0.2689014882580129 0.2384778430851575 -0.12
-0.2650168508026335 0.2879154262283274 -0.12
-0.3097733724340143 0.2665608293775922 -0.12
-0.2202603291712523 0.3092700230790625 -0.12
0.1398173535014723 -0.04235201983845453 -0.12
-0.3856069937084217 -0.1502944326185138 -0.12
-0.344735109532419 -0.1783774189109496 -0.12
0.07304245337137467 -0.4131734312870488 -0.12
0.003522278985652887 0.4160430073327399 -0.12
-0.3058887349786357 0.3159984125207632 -0.12
-0.4264788778844244 -0.1222114463260781 -0.12
-0.08210612682173027 0.4227713967744405 -0.12
-0.126862648453111 0.4014167999237052 -0.12
0.2565228589524232 0.3464202558644667 -0.12
0.215650974776421 0.3745032421569024 -0.12
0.2973947431284256 0.3183372695720306 -0.12
0.2935101056730471 0.2688996864288594 -0.12
-0.05863192050872235 -0.3749583229811424 -0.12
-0.06251655779049597 -0.4243959061050396 -0.12
-0.02184233664770383 -0.4520646157315655 -0.12
-0.2513374288142795 -0.08623064206630716 -0.12
-0.08987540173248768 0.323896230488098 -0.12
-0.008131633380482966 0.2677302579032261 -0.12
0.06972749751589892 0.1621267021755212 -0.12
0.3382666273044281 0.2902542832795945 -0.12
0.3343819898490497 0.2408167001364233 -0.12
-0.3894916311637998 -0.1997320157616852 -0.12
-0.3486197478730327 -0.227815085834042 -0.12
0.3791385114804304 0.2621712969871585 -0.12
0.3752538740250519 0.2127337138439874 -0.12
0.3304973523936712 0.1913791169932521 -0.12
0.3713692365696734 0.1632961307008162 -0.12
0.3266127149382926 0.141941533850081 -0.12
0.3674845991142949 0.1138585475576451 -0.12
0.4122411207456756 0.1352131444083802 -0.12
0.4083564832902971 0.08577556126520913 -0.12
0.2604074964078019 0.3958578390076375 -0.12
-0.3506452566100168 0.2946438156700278 -0.12
-0.3545298940653951 0.2452062325268566 -0.12
-0.3954017782413977 0.2732892188192924 -0.12
-0.3992864156967758 0.2238516356761211 -0.12
-0.1033884493850013 -0.3963129192620667 -0.12
-0.3038632745229921 -0.2064605736686812 -0.12
-0.05474728317059988 -0.3255207399146842 -0.12
-0.2065809071828986 -0.06487604521557185 -0.12
0.3635999616589163 0.06442096441447398 -0.12
0.4044718458349184 0.03633797812203801 -0.12
0.2021379345771241 -0.3457059081399299 -0.12
0.1982532971217455 -0.3951434912831009 -0.12
0.2430098187531263 -0.3737888944323657 -0.12
0.1550313288107685 -0.4142647043718558 -0.12
0.1946244185531008 -0.4442088437992753 -0.12
-0.1131832264719845 0.02727073163908367 -0.12
-0.2026962697275203 -0.01543846207240061 -0.12
0.1768046002226323 -0.1198725892748045 -0.12
0.08340691950455666 -0.2120193661195778 -0.12
0.08729155695988478 -0.162581782976301 -0.12
0.04253503532841861 -0.1839363798278116 -0.12
0.4492283674662993 0.05769257497277305 -0.12
0.4453437300109206 0.008254991829601896 -0.12
0.4005872083795396 -0.01309960502113311 -0.12
0.4414590925555417 -0.04118259131356936 -0.12
0.3967025709241608 -0.06253718816430424 -0.12
0.4375744551001629 -0.09062017445674055 -0.12
0.3928179334687819 -0.1119747713074753 -0.12
0.4336898176447839 -0.1400577575999117 -0.12
0.3889332960134029 -0.1614123544506463 -0.12
0.4298051801894047 -0.1894953407430827 -0.12
0.3850486585580239 -0.2108499375938174 -0.12
-0.1072730806351518 -0.4457505028614381 -0.12
-0.3927092967610724 -0.2492220212641801 -0.12
-0.3523931786451554 -0.2772615886769464 -0.12
-0.3961665196308344 -0.2983837694717775 -0.12
-0.3458132071866816 0.3420957437088641 -0.12
-0.301695096546673 0.364788368879441 -0.12
-0.1229780109977326 0.4508543830668764 -0.12
-0.1677345326291134 0.4294997862161408 -0.12
0.4258072120236318 -0.2386953971173481 -0.12
0.3810318019405197 -0.2600104061732658 -0.12
0.3414258879250933 0.3388014876884022 -0.12
0.2187307672288045 0.4227694565788305 -0.12
0.1746449497665863 0.4023910003291311 -0.12
-0.4305462794390345 -0.2217842060376435 -0.12
-0.355352917105229 -0.325419584229489 -0.12
-0.1489174665342709 -0.4189279371948081 -0.12
-0.2104655448268513 -0.11431362863481 -0.12
-0.171619170084492 0.3800622030729696 -0.12
-0.2124910542604942 0.4081451893654055 -0.12
-0.1385165608192498 0.2531040504941937 -0.12
-0.09764467664324668 0.2250210642017569 -0.12
0.2857408307622905 0.1700245201425169 -0.12
0.2818561933069118 0.1205869369993458 -0.12
-0.3584145315207732 0.1957686493836853 -0.12
-0.403171053152154 0.1744140525329498 -0.12
0.04641967278387257 -0.1344987966838438 -0.12
-0.2552220663833792 -0.1356682255402177 -0.12
-0.2727861257133913 0.1890402599419865 -0.12
-0.1618243855515178 -0.04352144836483644 -0.12
0.09117619441525496 -0.1131441998331124 -0.12
0.3480614118374012 -0.1333293681582103 -0.12
0.1781419952223487 0.4512644833744385 -0.12
0.1337978941465364 0.4305101220187278 -0.12
-0.07920860783971403 0.4707723309981869 -0.12
0.4189526342465718 0.2334283677666062 -0.12
0.480059891017947 -0.06731679202011731 -0.12
0.4259693003642567 0.2841979087309089 -0.12
0.4872227055211674 0.02806989689062009 -0.12
-0.4428610424678082 0.2000199373725723 -0.12
-0.4476658141469439 0.1526415153921818 -0.12
-0.4070120638347672 0.1249068126747731 -0.12
-0.4508973687889074 0.1034727204632154 -0.12
0.1468854262604902 -0.4673957235285342 -0.12
-0.1529536325850764 -0.4724149111091277 -0.12
-0.1126778747700297 -0.497491863144876 -0.12
-0.3444026293930661 0.3938538288007266 -0.12
0.5019431635587177 0.07785052683373427 -0.12
0.2620559959277827 0.4507273668077812 -0.12
0.1377918438797954 0.4801067978849454 -0.12
0.09301710353543444 0.4587256855803692 -0.12
0.09526234465604769 0.5121705894473699 -0.12
0.04987998414487636 0.4851085008874032 -0.12
0.4745621409450665 -0.1688106953631573 -0.12
-0.2067892839110575 0.4604087850488288 -0.12
-0.250836068967347 0.4416161769634211 -0.12
0.3048885504545878 0.4146384387478693 -0.12
-0.1953352781515117 -0.4948410091238985 -0.12
-0.1200156360221249 0.4992396601157203 -0.12
-0.1935070081844514 -0.4401439659257277 -0.12
0.1904840222109883 -0.4940186575694429 -0.12
0.1089828816727717 -0.5076787371390227 -0.12
0.09499705948545079 -0.4589622040485803 -0.12
0.06350783354425264 -0.4918368284098958 -0.12
0.02164632638674294 -0.5229633623453942 -0.12
0.2341147167383347 -0.4664386077343787 -0.12
-0.4866332335905056 0.1779067494919477 -0.12
-0.3145653486550483 -0.3532556728784262 -0.12
-0.2668842295655508 -0.2839631878601603 -0.12
-0.1892389940213895 -0.3898542361338046 -0.12
-0.1403794254657101 -0.3187879211395224 -0.12
-0.2182353283865792 -0.2131881371587472 -0.12
-0.2629934456844294 -0.2345395048820193 -0.12
-0.09173481526527745 -0.247999778798157 -0.12
-0.0469780717232536 -0.2266454858835993 -0.12
-0.09562003190881921 -0.2974366849139622 -0.12
-0.1444293525611964 -0.3684812844653585 -0.12
-0.2143501832216989 -0.1637512131517751 -0.12
-0.04309340496761552 -0.1772079427458161 -0.12
-0.002221502683004696 -0.205290954131226 -0.12
-0.006106137120422796 -0.254728541456434 -0.12
-0.1695937023811716 -0.1423965567295724 -0.12
0.001663141314160265 -0.1558533799523763 -0.12
-0.2566238318356622 0.3872639706677468 -0.12
-0.09376003918786724 0.2744586473449272 -0.12
-0.1346319233638693 0.3025416336373627 -0.12
-0.05288815501186469 0.2463756610524905 -0.12
-0.2162717343731712 0.35878650258108 -0.12
-0.06751918759943205 -0.4724052921742881 -0.12
-0.02965918066117119 -0.5057900992560991 -0.12
0.4825852605389385 -0.01954197829982025 -0.12
0.05030431012473555 -0.08506121338198153 -0.12
-0.4476170964811754 0.2498234642228029 -0.12
-0.4341802324017923 0.3030551205419313 -0.12
-0.3915171407860199 0.3227268019624638 -0.12
0.4542907523023368 0.1067143992115891 -0.12
0.4558789704357105 0.1554454949806405 -0.12
0.4868830070139388 -0.1174493446245508 -0.12
-0.165709023006896 -0.09295903150800758 -0.12
-0.03751412493590987 0.4438865521386051 -0.12
-0.03697635350956609 0.4889578905142734 -0.12
0.1152775508028991 -0.386376776218242 -0.12
0.1708720963394008 0.3531161072861336 -0.12
-0.362291897847358 0.146319456788014 -0.12
0.02294756356212718 -0.4297150844873278 -0.12
-0.4292666591431847 -0.1718030021696011 -0.12
-0.4679346205479767 -0.1441130601996056 -0.12
-0.4663102254484832 -0.09425816403771944 -0.12
-0.5116165754398857 -0.1171767443058744 -0.12
-0.4224208176603891 -0.07279548051691954 -0.12
-0.4627733912576433 -0.04475463161376453 -0.12
-0.4185652436209913 -0.02335050871595307 -0.12
-0.4594419716996581 0.004733709019448295 -0.12
-0.5095993387365118 -0.01697054169130166 -0.12
-0.5003291990771807 0.03547428115561117 -0.12
-0.5466509418580968 0.06655608942838837 -0.12
-0.4147776530511751 0.0260967654518578 -0.12
-0.4546933750364404 0.05453447714375018 -0.12
0.06584286005573622 0.1126891190389797 -0.12
0.02497097588388343 0.1407721053256655 -0.12
0.02885561333995363 0.1902096884678783 -0.12
-0.01590090829144655 0.1688550916171696 -0.12
0.02108633840767976 0.09133452221135338 -0.12
0.2060225720325027 -0.2962683249967586 -0.12
0.08912942962789257 0.4092836831948911 -0.12
0.2468944562085049 -0.3243513112891946 -0.12
0.2877663403845071 -0.3524342975816308 -0.12
0.2838817029291282 -0.4018718807248018 -0.12
0.3286382245605091 -0.3805172838740671 -0.12
0.3325228620158878 -0.3310797007308959 -0.12
0.3757206596528901 -0.3601973457817851 -0.12
0.3767310236966902 -0.3075593812399118 -0.12
0.2916509778398855 -0.3029967144384595 -0.12
-0.04900351755648555 0.2958132441956621 -0.12
0.2955356152952638 -0.2535591312952881 -0.12
-0.1988116322721895 0.03399912107083654 -0.12
-0.0120162708358615 0.218292674760055 -0.12
0.2039970624102472 0.226190492727442 -0.12
0.2409843091308934 0.1486699232918039 -0.12
0.237099671675528 0.09923234014861412 -0.12
0.4157630193091862 0.1843536960171195 -0.12
-0.163849895173735 0.4789373693593124 -0.12
0.27797155585153 0.07114935385617872 -0.12
0.2487535840416594 0.2475450895781338 -0.12
-0.1015293140988256 0.1755834810588637 -0.12
-0.2319142415374401 0.1609572736496215 -0.12
-0.3739211360389886 -0.001984810910298973 -0.12
-0.0567727924673397 0.1969380779094537 -0.12
-0.07231134258966698 -0.0008122542463545592 -0.12
0.1962277874991745 0.1273153264415368 -0.12
0.3809155677905465 0.3089904445825665 -0.12
0.3227280774829135 0.09250395070691055 -0.12
0.3188434400275322 0.04306636756374307 -0.12
0.1806892376778286 -0.07043500613138111 -0.12
0.1729199627672569 -0.1693101724179799 -0.12
-0.2766707631687935 0.1396026767988483 -0.12
-0.2435681539035273 0.01264452422004157 -0.12
0.07361213497144577 0.2115642853184592 -0.12
0.032740250795497 0.2396472716108213 -0.12
0.3149588025721535 -0.006371215579428091 -0.12
-0.0197855457466187 0.1194175084737127 -0.12
-0.1793884449952515 0.2811870367866287 -0.12
-0.1579397480973517 0.005916134780014755 -0.12
0.09894546931357864 -0.01426903352953978 -0.12
0.1923431500432936 0.07787774329906151 -0.12
0.2332150342199931 0.04979475700565965 -0.12
0.2896254682176677 0.2194621032856897 -0.12
-0.2960939504646138 -0.107585238972166 -0.12
-0.1540551106434474 0.05535371792522867 -0.12
0.07952228204913873 -0.2614569492629598 -0.12
-0.299978596121038 -0.1570228505293347 -0.12
0.2448689465862615 0.1981075064349896 -0.12
0.1261342053793852 0.3317886254520945 -0.12
-0.3661753234479384 0.09687993873609396 -0.12
-0.2609594296180047 0.3373371173260701 -0.12
0.04789164598275712 0.4371002480852697 -0.12
0.0059936457584281 0.4638183085681868 -0.12
0.05418894750447241 -0.03562363013398807 -0.12
0.3558306867481579 -0.03445420187186709 -0.12
0.04432609486175181 0.3879053059079116 -0.12
0.3597153242035376 0.01498338127130307 -0.12
0.2388556764669154 -0.4224545054411079 -0.12
-0.1170678643663216 -0.02216685089575806 -0.12
0.1299879509670417 0.3811812486744635 -0.12
-0.1209525049415427 -0.07160442971418675 -0.12
-0.3175414354899769 0.1676837281825064 -0.12
0.4665407047735938 0.2067259406568395 -0.12
-0.3136578079135939 0.2171229237496307 -0.12
0.3005176941389234 0.3663316717765814 -0.12
0.4694881638548177 -0.2187981316484952 -0.12
0.4617984025981269 -0.2669364716679499 -0.12
-0.1307472859084901 0.3519792167805337 -0.12
0.1320480785912566 -0.1412271861255479 -0.12
-0.4106040380076897 0.07555776907064382 -0.12
0.005547784941805987 -0.1064158053198992 -0.12
0.3519460492927793 -0.08389178501503816 -0.12
0.3033048902060194 -0.1546839650089437 -0.12
0.1359327160465127 -0.09178960298220641 -0.12
0.0950608318706319 -0.06370661668993818 -0.12
-0.1754864813160877 0.3306377693229395 -0.12
0.3071895276613945 -0.1052463818657678 -0.12
0.3441767743820225 -0.1827669513013812 -0.12
0.3362940696191484 -0.2812349780537289 -0.12
0.3402628929963768 -0.2321230756233957 -0.12
0.03865039787347887 -0.2333739629709475 -0.12
-0.05086285006684008 -0.2760828956554959 -0.12
-0.009990797607788338 -0.3041660964176082 -0.12
-0.09953274383334154 -0.3469163121127894 -0.12
-0.2591071490533528 -0.1851050841551292 -0.12
-0.3115428379157212 -0.3052116887714705 -0.12
-0.3077161190344802 -0.2558752716155532 -0.12
-0.4932054331935301 0.1322050441041966 -0.12
0.4980097688572138 0.1301555902894533 -0.12
0.4213559210162841 -0.2869453464159907 -0.12
-0.2946459040156791 0.4199771942652973 -0.12
-0.3971863605513995 -0.3457995992617511 -0.12
-0.4451215552491535 -0.3231185500997868 -0.12
0.5231236603319759 -0.1558902679100164 -0.12
0.01930129820455682 -0.4754363682959188 -0.12
-0.01704583113757087 -0.5556092868685133 -0.12
-0.4736816775801388 -0.1998635600922873 -0.12
-0.505104837234001 -0.06431233055185409 -0.12
-0.1998691071266774 0.5115816128829204 -0.12
-0.5398403724748143 0.1148589847168776 -0.12
0.003508815549725172 0.5155564252635008 -0.12
-0.5391420039834 -0.1574362037120403 -0.12
-0.283325991850149 -0.479120741611701 -0.12
-0.5023587159080304 -0.24277553045866 -0.12
0.3215864643853336 -0.4561628554940607 -0.12
0.5220349263459787 0.2036986603601144 -0.12
-0.5573029359187087 -0.02571506999712994 -0.12
0.4784013962545947 0.2868009351405715 -0.12
0.3928459390684407 0.3961694158729668 -0.12
-0.1094988736533342 -0.5443656246322566 -0.12
-0.1121918472951655 0.5459628141733985 -0.12
0.5434834872287677 0.1138405742986857 -0.12
0.4263358100480975 -0.3627803813379385 -0.12
0.2036986603601113 0.5220349263459804 -0.12
-0.02189997732027319 0.5593688646192773 -0.12
-0.3941867957934068 0.3979435475479184 -0.12
0.5550583079511312 -0.06992425809893389 -0.12
0.5598904810045828 0.02315724158907361 -0.12
-0.2885205887829497 0.4737537741964005 -0.12
0.4560557315609799 0.3256175337231345 -0.12
-0.4791614032913348 0.2907983498587677 -0.12
0.07151216167372064 0.5556518853388991 -0.12
-0.4341309582166902 -0.2708386461316126 -0.12
-0.4976027817381616 0.0845169328353399 -0.12
0.3168892476200283 0.4597415917212969 -0.12
0.1131946685575573 0.5540112261797242 -0.12
0.40194043701543 -0.3977543519887192 -0.12
0.116622940902168 -0.5525750228381668 -0.12
0.5025218528959097 -0.2515224593669217 -0.12
0.344481874856426 0.3835151481204543 -0.12
-0.2380835830528003 -0.4604395531925204 -0.12
-0.3575463750615887 -0.3728537868697386 -0.12
-0.5192753644953876 0.2065974275380178 -0.12
-0.3681918384357412 0.43153389916823 -0.12
0.5193691352862854 -0.04497710289136371 -0.12
0.3844000729443054 0.3521282178876113 -0.12
0.216193395790627 0.4698400530408837 -0.12
0.5222134172761624 0.00221483275732228 -0.12
0.4579685789462582 0.2513845480023696 -0.12
-0.554983408691746 -0.1184806828400547 -0.12
0.02468609817346722 -0.5649716641307703 -0.12
0.4955376104284256 0.1712349825839924 -0.12
-0.07882022264597918 0.5137670351891933 -0.12
0.05603019632199265 -0.4528029079456046 -0.12
0.1777953370515968 0.4904045950306735 -0.12
0.2344485507136505 -0.5097999772097138 -0.12
-0.0752759647180524 -0.5128123896660333 -0.12
-0.4320871210263449 -0.3673827906650226 -0.12
-0.4629009818105117 0.3305049484615474 -0.12
0.4123388757120955 -0.326385912401591 -0.12
0.2794605405342194 -0.4416694246248747 -0.12
-0.463921959216556 -0.2436111955812432 -0.12
0.5172133338204969 -0.08277566145414411 -0.12
-0.381948031522901 0.3602504544796254 -0.12
0.04685852353268769 0.5250869538971354 -0.12
0.3190318131671214 -0.417962755865884 -0.12
0.5251767950229259 0.04031545178579116 -0.12
-0.2074722850323262 -0.5317058975459683 -0.12
-0.5001633673603924 -0.1678225266870608 -0.12
0.2855362427715152 0.4887312077576565 -0.12
0.4168681992837885 0.3247619314604954 -0.12
0.2039141794579247 -0.5308354871206414 -0.12
0.117304138041971 -0.4270110863256629 -0.12
0.4915926092845917 -0.292430901479668 -0.12
-0.4778234523420693 0.2157174164009422 -0.12
-0.04044283768410253 0.5268598739101622 -0.12
-0.5306771585798586 -0.0446850904924307 -0.12
2 6 0 840
1985
1986
1987
1988
1989
1990
1991
1992
1993
1994
1995
1996
1997
1998
1999
2000
2001
2002
2003
2004
2005
2006
2007
2008
2009
2010
2011
2012
2013
2014
2015
2016
2017
2018
2019
2020
2021
2022
2023
2024
2025
2026
2027
2028
2029
2030
2031
2032
2033
2034
2035
2036
2037
2038
2039
2040
2041
2042
2043
2044
2045
2046
2047
2048
2049
2050
2051
2052
2053
2054
2055
2056
2057
2058
2059
2060
2061
2062
2063
2064
2065
2066
2067
2068
2069
2070
2071
2072
2073
2074
2075
2076
2077
2078
2079
2080
2081
2082
2083
2084
2085
2086
2087
2088
2089
2090
2091
2092
2093
2094
2095
2096
2097
2098
2099
2100
2101
2102
2103
2104
2105
2106
2107
2108
2109
2110
2111
2112
2113
2114
2115
2116
2117
2118
2119
2120
2121
2122
2123
2124
2125
2126
2127
2128
2129
2130
2131
2132
2133
2134
2135
2136
2137
2138
2139
2140
2141
2142
2143
2144
2145
2146
2147
2148
2149
2150
2151
2152
2153
2154
2155
2156
2157
2158
2159
2160
2161
2162
2163
2164
2165
2166
2167
2168
2169
2170
2171
2172
2173
2174
2175
2176
2177
2178
2179
2180
2181
2182
2183
2184
2185
2186
2187
2188
2189
2190
2191
2192
2193
2194
2195
2196
2197
2198
2199
2200
2201
2202
2203
2204
2205
2206
2207
2208
2209
2210
2211
2212
2213
2214
2215
2216
2217
2218
2219
2220
2221
2222
2223
2224
2225
2226
2227
2228
2229
2230
2231
2232
2233
2234
2235
2236
2237
2238
2239
2240
2241
2242
2243
2244
2245
2246
2247
2248
2249
2250
2251
2252
2253
2254
2255
2256
2257
2258
2259
2260
2261
2262
2263
2264
2265
2266
2267
2268
2269
2270
2271
2272
2273
2274
2275
2276
2277
2278
2279
2280
2281
2282
2283
2284
2285
2286
2287
2288
2289
2290
2291
2292
2293
2294
2295
2296
2297
2298
2299
2300
2301
2302
2303
2304
2305
2306
2307
2308
2309
2310
2311
2312
2313
2314
2315
2316
2317
2318
2319
2320
2321
2322
2323
2324
2325
2326
2327
2328
2329
2330
2331
2332
2333
2334
2335
2336
2337
2338
2339
2340
2341
2342
2343
2344
2345
2346
2347
2348
2349
2350
2351
2352
2353
2354
2355
2356
2357
2358
2359
2360
2361
2362
2363
2364
2365
2366
2367
2368
2369
2370
2371
2372
2373
2374
2375
2376
2377
2378
2379
2380
2381
2382
2383
2384
2385
2386
2387
2388
2389
2390
2391
2392
2393
2394
2395
2396
2397
2398
2399
2400
2401
2402
2403
2404
2405
2406
2407
2408
2409
2410
2411
2412
2413
2414
2415
2416
2417
2418
2419
2420
2421
2422
2423
2424
2425
2426
2427
2428
2429
2430
2431
2432
2433
2434
2435
2436
2437
2438
2439
2440
2441
2442
2443
2444
2445
2446
2447
2448
2449
2450
2451
2452
2453
2454
2455
2456
2457
2458
2459
2460
2461
2462
2463
2464
2465
2466
2467
2468
2469
2470
2471
2472
2473
2474
2475
2476
2477
2478
2479
2480
2481
2482
2483
2484
2485
2486
2487
2488
2489
2490
2491
2492
2493
2494
2495
2496
2497
2498
2499
2500
2501
2502
2503
2504
2505
2506
2507
2508
2509
2510
2511
2512
2513
2514
2515
2516
2517
2518
2519
2520
2521
2522
2523
2524
2525
2526
2527
2528
2529
2530
2531
2532
2533
2534
2535
2536
2537
2538
2539
2540
2541
2542
2543
2544
2545
2546
2547
2548
2549
2550
2551
2552
2553
2554
2555
2556
2557
2558
2559
2560
2561
2562
2563
2564
2565
2566
2567
2568
2569
2570
2571
2572
2573
2574
2575
2576
2577
2578
2579
2580
2581
2582
2583
2584
2585
2586
2587
2588
2589
2590
2591
2592
2593
2594
2595
2596
2597
2598
2599
2600
2601
2602
2603
2604
2605
2606
2607
2608
2609
2610
2611
2612
2613
2614
2615
2616
2617
2618
2619
2620
2621
2622
2623
2624
2625
2626
2627
2628
2629
2630
2631
2632
2633
2634
2635
2636
2637
2638
2639
2640
2641
2642
2643
2644
2645
2646
2647
2648
2649
2650
2651
2652
2653
2654
2655
2656
2657
2658
2659
2660
2661
2662
2663
2664
2665
2666
2667
2668
2669
2670
2671
2672
2673
2674
2675
2676
2677
2678
2679
2680
2681
2682
2683
2684
2685
2686
2687
2688
2689
2690
2691
2692
2693
2694
2695
2696
2697
2698
2699
2700
2701
2702
2703
2704
2705
2706
2707
2708
2709
2710
2711
2712
2713
2714
2715
2716
2717
2718
2719
2720
2721
2722
2723
2724
2725
2726
2727
2728
2729
2730
2731
2732
2733
2734
2735
2736
2737
2738
2739
2740
2741
2742
2743
2744
2745
2746
2747
2748
2749
2750
2751
2752
2753
2754
2755
2756
2757
2758
2759
2760
2761
2762
2763
2764
2765
2766
2767
2768
2769
2770
2771
2772
2773
2774
2775
2776
2777
2778
2779
2780
2781
2782
2783
2784
2785
2786
2787
2788
2789
2790
2791
2792
2793
2794
2795
2796
2797
2798
2799
2800
2801
2802
2803
2804
2805
2806
2807
2808
2809
2810
2811
2812
2813
2814
2815
2816
2817
2818
2819
2820
2821
2822
2823
2824
-0.9501363601515 0.124525300498015 0
-0.9004794603141472 0.3508089021416407 0
-0.7820641922202218 0.5514426007437966 0
-0.6168593399203264 0.7254926829301919 0
-0.4251109164463751 0.8606644434155533 0
-0.2017283173830852 0.9354162925899208 0
0.03761450900790798 0.9524722025420845 0
0.5597626612754789 0.7779245292104005 0
0.2649258353889705 0.9148820472905802 0
0.670145831454267 0.684452115196986 0
0.4373680741012578 0.8546955501782415 0
-0.6407559485080078 -0.08747888097644103 0
0.601536809048909 -0.2323666423517983 0
-0.6014314505688033 -0.2290732282922774 0
0.5228437841153636 -0.3733032866912859 0
-0.522371649129211 -0.3766358909292404 0
0.4156096895227261 -0.4868182875614731 0
-0.4140444542403961 -0.4915301755781484 0
0.282928344249458 -0.5761404311590642 0
-0.2812655499592298 -0.5773086260807488 0
-0.1315759892716179 -0.6281906353206458 0
0.1318372368171659 -0.6287606137720489 0
0.000607248694927017 -0.9560196767137802 0
0.7194701238857888 0.4241180267371404 0
0.9359171506564588 -0.2208587067991467 0
0.2291930870232959 0.5985567762758199 0
0.08134246449830844 0.6378117978904482 0
-0.08508740556300934 0.6363438730931266 0
-0.2328981988048137 0.5983860795680098 0
-0.3733032866912888 0.5228437841153615 0
-0.4838590446957829 0.4167270566207899 0
-0.575499339203648 0.2822961298658596 0
-0.6253765744512269 0.1323336860616254 0
0.3271449886282722 -0.8988234691439076 0
-0.3340319564378196 -0.9036288403761629 0
0.5402280182933963 -0.7916078292955552 0
-0.5417534627794571 -0.7891326187841301 0
-0.9534206368733704 -0.0179199786454372 0
0.7171716868295954 -0.6329077688561535 0
-0.7126335519456714 -0.6359380235467433 0
0.8500664918039611 -0.4379420543749952 0
-0.8529731543577023 -0.4359242554649662 0
-0.935501337917659 -0.2135032454831635 0
0.4157720409649551 0.4885486074999679 0
0.1430400336577946 -0.9456973664539666 0
-0.1443415001739219 -0.9439365063740814 0
0.3288521692284359 0.5518851485919343 0
0.02682793691759777 -0.6430331855957528 0
0.6262300396675149 -0.1293771875833059 0
-0.642799903577578 0.02910472320003511 0
0.4864570572063243 0.4156343284286262 0
0.8153844596663915 -0.003078401548515827 0
0.5469784299820009 0.3266838713162438 0
0.7662625451721949 0.5810399597886752 0
-0.9333777586493808 0.210959508284271 0
-0.8533675429332372 0.4354326172366892 0
-0.7258409789556107 0.6316263374295099 0
-0.546283090148367 0.7856670668259134 0
-0.337628414325593 0.8953798123237248 0
-0.1093236411719072 0.9509257024288085 0
0.1303841714677822 0.9471699144761484 0
0.3633362999136747 0.8901444831041224 0
-0.9075232330716246 -0.3031403605730263 0
-0.9495803558159246 -0.1184336723060113 0
0.8030262634479792 -0.5193020058866451 0
0.8889436210318227 -0.3515519591236167 0
-0.8068159132955914 -0.5159365862036325 0
0.6467828520413988 -0.696935044633627 0
-0.6483412390308909 -0.6951037099282487 0
0.4585752966688948 -0.8418370733026911 0
-0.4573001572564822 -0.8399480441630585 0
-0.2300363256686278 -0.9343217480509434 0
0.2360254143992552 -0.9269301354612123 0
0.9486475862957906 -0.125134400972315 0
0.6412601605230255 -0.02751877099063344 0
0.6760705832404913 0.3295143993436956 0
0.7308511068117343 0.06799606775117673 0
0.5948599034423727 0.2337842424332999 0
0.6285134078571114 0.1340084046649829 0
0.782532612688681 0.5006807764470509 0
0.9223095513605039 -0.03585890051699782 0
0.6662150432501939 0.2367553531134969 0
0.7665798541234117 0.02408133375386037 0
0.7714086780715785 -0.0284251070448325 0
0.8124267185397889 -0.05147084187156403 0
0.7702789839824329 -0.07626058308867331 0
0.8108913036035716 -0.1010181640713401 0
0.7690960906760267 -0.1254511500735662 0
0.8116564403643516 -0.1505505570304874 0
0.7686858005369217 -0.1750787614809703 0
0.8115186581118656 -0.2001855598505797 0
0.7683755352485624 -0.2247355398615338 0
0.7255334074396841 -0.1996044471010337 0
0.7251820707757151 -0.2492838434450009 0
0.7680511835318932 -0.2744188499494159 0
0.7248320988958419 -0.2989818223843225 0
0.7677189841261383 -0.3241316977060539 0
0.7244883240114268 -0.3486895678394256 0
0.6816106772501918 -0.3235361772299042 0
0.6812600974865655 -0.373239665752675 0
0.7241410653919359 -0.3984081623027569 0
0.6808980490860002 -0.4229617322204117 0
0.6384026952375135 -0.3480744078859669 0
0.7237887327501744 -0.4481459934032794 0
0.680528850865994 -0.4726996199018274 0
0.6376484398847626 -0.4475150724522965 0
0.6372746062637269 -0.4972433595354577 0
0.5957579257032894 -0.4744625243212637 0
0.594255486233211 -0.5221813889292415 0
0.5515672019999176 -0.4971060686970841 0
0.5502483415113747 -0.5453398459806655 0
0.5936254329776391 -0.5714344157697013 0
0.5503132084542133 -0.595866612439939 0
0.5067898349185438 -0.5695322467007374 0
0.5070152067824816 -0.6203238209122397 0
0.4641454571317817 -0.5951221107995552 0
0.4639052161413086 -0.6450987267354996 0
0.4210246434308683 -0.619868793754059 0
0.4206591467154597 -0.6696178518923779 0
0.3678611521066246 -0.6409955627589837 0
0.375763490010821 -0.6935749888657519 0
0.337268720838143 -0.6768102260859309 0
0.3343548433868663 -0.719887321743309 0
0.2941377446232921 -0.6843639157675123 0
0.291436187559114 -0.7418832303178964 0
0.2489737972709665 -0.7162769021089499 0
0.2479252093408762 -0.7672224264006291 0
0.2054640972769863 -0.7418350000058167 0
0.2045870873420169 -0.7920622528832608 0
0.1620586926930231 -0.7663039057514079 0
0.3338045393471047 -0.7683962541157944 0
0.1612918400816809 -0.816633117609842 0
0.1184103442150585 -0.791443505321543 0
0.4198225426581371 -0.7192367100588133 0
0.5074820083652583 -0.6722154648961164 0
0.119155065368484 -0.741112844652499 0
0.0755341350917253 -0.7662470193151076 0
0.07508369463005397 -0.8160746948856035 0
0.03219889183763563 -0.7908836017266614 0
0.03179035832929375 -0.8406399504386528 0
-0.01108475988188632 -0.8154273777752566 0
-0.01145623020203966 -0.7669939002646067 0
-0.05409158989721153 -0.7904275089794526 0
-0.05438651762112962 -0.8399901314824094 0
-0.09726158401587189 -0.814767253536242 0
-0.09685432900321458 -0.7650360682324792 0
-0.1401030386254098 -0.7895085449438453 0
-0.1408013514550399 -0.741682779743528 0
-0.1831282120185401 -0.7645902607883605 0
-0.1825228333472536 -0.7145567316940167 0
-0.2263885782191362 -0.7400736796645713 0
-0.226338355034559 -0.7889952871723375 0
-0.269178951796362 -0.7637456009941577 0
-0.2693224656038741 -0.7149971037961796 0
-0.3120381129781862 -0.7385325413393693 0
-0.3123882149429485 -0.690141733232039 0
-0.3549177128566247 -0.7133644246165978 0
-0.3569248099375702 -0.6649685822580975 0
-0.3980444530071431 -0.6881525970697916 0
-0.3993144217325564 -0.6384288512992431 0
-0.4408544836783588 -0.6627065869449026 0
-0.441390799514825 -0.6146098599038416 0
-0.4835610427055717 -0.6376757324903151 0
-0.4846573386907787 -0.5906255476191749 0
-0.5264514425584541 -0.6126852095382868 0
-0.5266055712767389 -0.5639865831782863 0
-0.5691570329405681 -0.587257849448252 0
-0.5687034582224991 -0.5374975970350391 0
-0.6118610539477415 -0.5617803480157001 0
-0.6114059818440282 -0.5120042487484503 0
-0.6546712064850067 -0.5364585322091959 0
-0.6542248127321653 -0.4867053120505173 0
-0.5265289616439585 -0.6618660189342496 0
-0.3551929149677613 -0.7628119843304793 0
-0.5262733206818853 -0.5144024730453015 0
-0.4410100490855858 -0.7123942214875429 0
-0.6119339052687855 -0.4639098463724795 0
-0.6539966473280465 -0.4373340109523944 0
-0.6971095850263228 -0.4615007945221145 0
-0.696659990505257 -0.4117734276033602 0
-0.6548694228146684 -0.3899280294373063 0
-0.6970919268369028 -0.3635597863052068 0
-0.739624381071721 -0.3867183228368579 0
-0.7391807814749154 -0.3370156524674791 0
-0.6889853778704939 -0.3110098357602269 0
-0.7374439245202764 -0.2868178433181268 0
-0.7816907600567395 -0.3114609008099594 0
-0.7811565197129577 -0.2616732654652437 0
-0.7378482565541115 -0.2372055830820747 0
-0.7808589508595618 -0.2119621064359627 0
-0.7375546574890832 -0.18751452763374 0
-0.780372873728669 -0.1622633075083718 0
-0.7371127329234023 -0.137848863558796 0
-0.7798921947781596 -0.1125989384051487 0
-0.8231386656281372 -0.1370054961475062 0
-0.8226365070343713 -0.08735397751558996 0
-0.7794154337364932 -0.0629710561656406 0
-0.8221342118202816 -0.03773833202944087 0
-0.7800249519759204 -0.01521496548408089 0
-0.8218071401641659 0.01153729905740846 0
-0.7774898208425266 0.03579687380814325 0
-0.8210202305438362 0.0613170541788179 0
-0.7805078680162953 0.08600751643306226 0
-0.8210119859018568 0.1109557674000056 0
-0.7779748857927375 0.1352993470862532 0
-0.8202520424865717 0.1604387944906764 0
-0.7771011867307395 0.1847553932455848 0
-0.8196540826576141 0.2099092034050955 0
-0.7765251321042335 0.2342315340710562 0
-0.7339073680227527 0.2090634929490877 0
-0.7334003469747716 0.25855703157071 0
-0.7760211075088601 0.2837176572317737 0
-0.7329182546623494 0.3080423691844978 0
-0.6907737653842102 0.2333852444403779 0
-0.7755257789689136 0.3332066511998367 0
-0.7324345750687855 0.3575332796890476 0
-0.6902067859966758 0.3323734407792664 0
-0.6894061684200616 0.3818550903333789 0
-0.7319619017247718 0.4070211650799371 0
-0.6888694090490346 0.4313341890894408 0
-0.6474361825731962 0.4082684595964359 0
-0.6459804683498009 0.4560181709362002 0
-0.6884278507340725 0.4808764307787692 0
-0.6453598611864689 0.5052186703940089 0
-0.6027347304519454 0.4800783933679283 0
-0.6022514425830429 0.5295174529867692 0
-0.5596118219544488 0.504368881221517 0
-0.5591538393130218 0.55385073310665 0
-0.6017793440158959 0.5789822370091988 0
-0.5586939769209076 0.6033312336149312 0
-0.5160680045205246 0.5781958866232288 0
-0.5156140362675625 0.6276824643621112 0
-0.4737307596167824 0.6038678195541306 0
-0.4726562586396108 0.6522648052457862 0
-0.4303587352102848 0.6277120384612308 0
-0.429544379088566 0.6765744443721334 0
-0.3877681628802548 0.6529481164941314 0
-0.3865355090924434 0.7010633478400973 0
-0.3445773865409779 0.6771217455081702 0
-0.3434435901497289 0.7254116682121731 0
-0.3014726227315564 0.7014473593400097 0
-0.3003662635639482 0.749764444484936 0
-0.2577237605879123 0.7246261803201839 0
-0.257172641999368 0.7739213180684728 0
-0.2145137171018306 0.7487528002117931 0
-0.2140378948097248 0.7981976385029967 0
-0.1714035491970255 0.7730519285975083 0
-0.4290269123647505 0.7259739493446433 0
-0.1709463732535286 0.8225243127261257 0
-0.1283270427040578 0.7973953820306586 0
-0.1724918194704043 0.7241323013916356 0
-0.8642921408532721 0.03700757629487281 0
-0.4673687317776323 0.5521990731228339 0
-0.3428227748806219 0.7745952447088195 0
0.6801640979682398 -0.5224354650780413 0
0.2473733172308297 -0.8173449149538456 0
-0.3538114430451114 0.6279592431701649 0
-0.5151671687597082 0.6771633279962239 0
-0.694331977796639 -0.1630810309256927 0
0.2484620549382843 -0.6683078958192277 0
-0.1407788658295019 -0.8396862229948965 0
-0.8241462094280541 -0.2364072486244695 0
-0.2566646300065687 0.823324711632337 0
-0.4062232702032095 -0.5911728515473044 0
-0.7368405691711024 -0.0399152212509564 0
-0.09758100470883595 -0.7121927517852146 0
-0.7339426718362039 0.1115677249265882 0
-0.1278785599660062 0.8468622009359286 0
-0.08525114966797798 0.82174398551794 0
-0.08570232175791256 0.7722654558644534 0
-0.0426191828190026 0.7966221376271394 0
-0.04306915702177505 0.7471311008204188 0
1.243850132636356e-05 0.7714957179695301 0
0.0004587033126829433 0.8209806291814472 0
0.04308900100077637 0.7958607628703401 0
0.04352435930362449 0.8453364519861636 0
0.08616017197505234 0.8202264305320933 0
0.085718865850911 0.7707479544383118 0
0.128796914546438 0.7951148107218162 0
0.1283563672439676 0.7456250457885683 0
0.1714292565627447 0.7699979042690704 0
0.1718791419240038 0.8194981563297087 0
0.214510747631142 0.7943865032515968 0
0.2140727832503068 0.7448900355536077 0
0.2571486165125309 0.7692678652250008 0
0.2567175700978304 0.7197782100709578 0
0.2997961489097982 0.7441574479952766 0
0.2993655778281934 0.6946656369130737 0
0.3424416518308944 0.7190429656939076 0
0.3434042538311075 0.6719062561838149 0
0.3853254149575936 0.6943221666585161 0
0.3857263145251548 0.6462302353707393 0
0.4279605865933336 0.6691815695511034 0
0.4287806681746054 0.6217951834781761 0
0.4706513022268031 0.6441484235221013 0
0.4707534043641098 0.5955836779744789 0
0.5131156399856546 0.6188667057547368 0
0.5132166971689116 0.5704087315238937 0
0.5555163219133258 0.5938000710407617 0
0.555212098311567 0.5448835646877662 0
0.5975324905741505 0.5687235852941559 0
0.5972468830518536 0.5201591361250109 0
0.428182796424386 0.7183414549549854 0
0.5558992024483648 0.6428664397355315 0
0.6390472183883233 0.5439697373798221 0
0.3428733519760472 0.7685249986098863 0
-0.0004190406678387942 0.722806908189368 0
0.6365057187769693 0.4960046745309014 0
0.5968991429978489 0.4724926353537181 0
0.6746035868941119 0.5205646868332745 0
0.5103024907233566 0.5221564352903537 0
0.2142146147516695 0.6947137697275925 0
0.0008509345832960064 0.8703622585552485 0
0.07466551897093385 -0.8658642007855881 0
0.2576127222251776 0.8187580984978007 0
0.3805096405342166 -0.5984037167305311 0
-0.6879384471698442 0.5302951406708899 0
0.7261396142629983 -0.09745327205838403 0
-0.6013098678545554 0.6284533963068955 0
-0.2694854564149934 -0.813274981865154 0
-0.8653571946817109 -0.06210335088774589 0
0.6780104079802732 0.5661935567747732 0
0.6350481324366898 0.4486066252023751 0
0.5966971602686655 0.4251171786927286 0
0.8106860666492861 -0.2991064890476151 0
0.5932740270986625 -0.6212043358646073 0
-0.6122780669909514 -0.611479847782245 0
-0.2674396061857477 -0.6652937686891519 0
0.8600629106170719 -0.1209162938047087 0
-0.2268641431353187 -0.8381490416546759 0
0.809556474783332 -0.3467375609766969 0
-0.0843077554435053 0.8703521728121877 0
0.7188399201859328 0.02503462424449523 0
-0.09109676719607473 0.7188831914221845 0
0.6357319373729603 -0.5963483890188667 0
0.5895733115667209 -0.4251554455984784 0
0.07777914597696539 -0.7144653111059919 0
-0.8627860595463122 0.1361110253506779 0
0.08658446888539531 0.8696945468222179 0
0.08598753346622293 0.7224505027669803 0
0.1276944592213181 0.6988362391940287 0
-0.8171025424624615 0.3088662287925432 0
0.6392486707907592 0.4022148329080867 0
0.7664583091529458 -0.4225716963788663 0
0.6839501759591207 -0.2258455188526667 0
0.681281746901571 0.05385413480934208 0
-0.5602587602654923 0.4567787912471739 0
-0.6919476129117761 0.185089412195661 0
-0.8186256428000648 0.3591190031708135 0
0.3015640131089803 0.6516938487354238 0
-0.6432952237846079 0.6033536976001488 0
-0.6459374098905157 0.6496058479934081 0
0.4278106678033212 0.579606624836307 0
-0.6488088518196762 0.2096676465835936 0
-0.5204394056864576 0.4812346983748992 0
-0.2618745353944699 0.6770824259958244 0
-0.6491759721578523 0.2583966438076402 0
0.5564139338920595 0.4486811468428083 0
0.5600649481081581 0.4021475373097642 0
0.6425718548563769 -0.2980972129446989 0
0.6034996086793265 -0.316990251163436 0
0.4641423858441611 -0.5462206528781041 0
-0.7334880475462519 0.5040130561233582 0
0.03004311188292637 -0.8878092273227896 0
0.06507104340274035 -0.9144109307075846 0
-0.1704510814382278 0.8693884268094797 0
0.6981234408093768 0.1046065682650638 0
0.6844251928643772 -0.1763985122706944 0
0.6676172611459101 0.2859173802688739 0
0.6353221510767928 0.3144440544466121 0
-0.2699161606716249 -0.8630421675585468 0
-0.3113742735261523 -0.8349344422554021 0
-0.6938661958155119 -0.1134284727670712 0
-0.6506449851204212 -0.1437314206716514 0
-0.6503230637817736 -0.1946327296159589 0
0.7442685508336205 0.4684780450551982 0
0.7418682152527242 0.5095396275735297 0
0.6634849734764012 0.1846275379616337 0
0.1170273090200311 -0.8998087986958125 0
0.1240532671491765 -0.6856456717514058 0
0.6887641964469954 0.3810247660545527 0
0.7028130480871591 0.4581514061269501 0
0.8633557783710591 -0.03109820889892486 0
0.5715913018289569 0.2806720125113031 0
0.8930480880013767 -0.07481576948826259 0
0.4525763339256557 0.4538721128052865 0
0.5071092803909298 0.4669373890722153 0
0.7734146251567481 -0.4757997085807354 0
0.6362221557374639 -0.07843276304590199 0
0.6821176408824261 -0.06255957256545785 0
0.2827140293228477 0.5811944261693397 0
0.3765062104041279 0.5216384536496077 0
0.1823831418592297 0.6150621628617943 0
0.1335899519272995 0.6253089977482389 0
0.02601532243852991 0.6381817062976782 0
-0.03322147364706179 0.6465416536819603 0
-0.1318372368171629 0.6287606137720496 0
-0.1821106769287471 0.6155657307850393 0
-0.1679052437644368 0.6727220464178888 0
-0.279952265285015 0.5754976187608116 0
-0.3266683424433784 0.5495963048645242 0
-0.3745692306293185 0.5743094377321595 0
-0.4096301520623514 0.4936110198307294 0
-0.4492084679657031 0.4621008378021034 0
-0.5246054107865379 0.3775170823802324 0
-0.5529961250192263 0.327439428376071 0
-0.6041592107961775 0.3208579845455457 0
-0.5825785767800022 0.3638901017860837 0
-0.6369684178367377 0.08133647540102242 0
-0.6817922531783279 0.05748212645699358 0
-0.6909119025888129 0.0122537492210864 0
-0.6783282266822097 0.1100144005548577 0
-0.6516401990540422 -0.0260998256831227 0
-0.1804582893955159 -0.6181203622619048 0
-0.2331080291056847 -0.6036249105192728 0
0.180861291776801 -0.615020530128257 0
0.168122467560491 -0.6639006104260483 0
0.08330553115710235 -0.6519821082187236 0
-0.07946430586875018 -0.6375001102238236 0
-0.3253527252492134 -0.5517453403952062 0
-0.3219330548279963 -0.5965722175462808 0
-0.3705897105715609 -0.5210703477238356 0
0.3277062783564884 -0.5482296354446251 0
0.3792387049881115 -0.5241730353380437 0
-0.4605446923507004 -0.4609929474198824 0
-0.4559017754862311 -0.5057725005523331 0
-0.491575852314643 -0.4183282237794272 0
-0.5350907138687097 -0.4178024442761942 0
-0.5723486304720319 -0.3824230957964045 0
-0.5527367699317975 -0.3358035321150892 0
-0.6040188659018402 -0.3407079902899715 0
-0.5868819688092762 -0.2997905396597566 0
-0.6365147838604946 -0.3065560454171857 0
0.4537452538969642 -0.4520379176316522 0
0.4896373310383902 -0.4156841929270703 0
0.5086210291112458 -0.467168704283052 0
0.6138542985374854 -0.179457425090718 0
-0.0241120507699804 -0.6420402763206696 0
0.003550781061504887 -0.6858499137433078 0
0.2335297443524662 -0.5984854425508285 0
-0.6874223349609161 -0.06036858432825324 0
-0.4167693017027316 0.5458450326064036 0
-0.1178699383047592 0.6759233952303052 0
-0.04603910944684303 -0.6879077525571311 0
0.6373392741049245 -0.6448978898407163 0
0.5940578389804451 -0.6715316418510491 0
0.6017654520447778 -0.7243311069685842 0
0.5539070794100885 -0.7070616441933687 0
-0.424024009663923 -0.5390713357496237 0
0.611370744411997 0.1857891412792534 0
-0.6023012421539632 0.6774538707655026 0
0.3291220905708391 -0.600167320555304 0
-0.602665266774627 0.2359715308449044 0
-0.2164658498395284 -0.6529766303062895 0
0.5391778950509356 -0.4246215420903609 0
0.3810662355235051 0.5652423656794832 0
0.3365128373034647 0.5965513070885398 0
0.2816683789445985 -0.6273025423433751 0
0.6757382382531798 -0.1222356707386968 0
0.4630632440726885 0.5042348144020476 0
0.1663237332790696 0.6664126242615674 0
-0.1649238604373915 -0.6657337438693653 0
-0.2692024843741366 0.6259992087578722 0
0.506925074197383 -0.5208763415911986 0
-0.7284397262525928 0.03637984041746417 0
0.1643574022173205 -0.715272957602326 0
-0.7324077495899536 0.5539366205782348 0
-0.7864121662638555 0.4983678386101245 0
0.6442622765170842 0.08637053033832832 0
0.5980937981172542 0.6178247968428561 0
0.5973432410366534 0.6652269855233245 0
0.5553772931222085 0.6906470186949344 0
0.5971476704693711 0.7096929088225047 0
0.646804340157716 0.6441423484179137 0
0.5963560133238703 -0.3691021154015924 0
-0.6848106766250981 0.5766930987236538 0
0.4146100105206532 -0.5674248234872226 0
0.6824980153221586 -0.2739269605420427 0
-0.05358244636066206 -0.7404814734326983 0
-0.8652998503630094 -0.1117468475773643 0
-0.8648346763673668 -0.1606171727205629 0
-0.9083645941879757 -0.08949034663632978 0
-0.9092754268156411 -0.04015044841124324 0
-0.5679123505741435 -0.4899065293461947 0
-0.8607171704660108 0.1855746594076534 0
-0.8599339403949764 0.2350597139903867 0
-0.9075863876842725 0.1636228789724424 0
-0.8184907303124511 0.2593963317017431 0
-0.86050166972576 0.2837849521449043 0
-0.9099447541532477 0.2562128348962228 0
-0.3859146030073367 0.7502745595067892 0
-0.4291005770655679 0.7740417447257012 0
-0.4705158591221308 0.7501734462549933 0
-0.469166699988078 0.794842702544194 0
-0.3866496442270584 0.7966106636485382 0
-0.3445337459300551 0.8198266479028262 0
-0.3001355331109165 0.7983139080184127 0
-0.3056259769034414 0.8547433424519417 0
-0.2556014928548188 0.8735875360850878 0
-0.4719276571094198 0.7014776676489032 0
-0.5105829875542159 0.7256637248699616 0
-0.5600851119203136 0.7080705943684823 0
-0.8650537091436181 -0.0131111869444636 0
-0.9081628459833728 0.01102877213444267 0
-0.9081726895871027 0.06041067112386664 0
-0.9546871550950335 0.03014976596354485 0
0.3855539947956244 0.7434836363041885 0
0.4278687424392323 0.766595896885863 0
0.4709701395270908 0.7424896520881095 0
0.4711928866263384 0.788628499049612 0
0.3851133822300294 0.7914954291268247 0
0.341989192101003 0.8157526751220239 0
0.3846061836040151 0.8424209774335059 0
0.3000200136863657 0.7932607294413786 0
0.2999374653654396 0.8418152998383516 0
0.2575108985064413 0.8650515982225728 0
0.2148564679174481 0.8433408597140599 0
0.17226571805635 0.8688825814070916 0
0.2173011166933047 0.891288701896481 0
0.1746225447610231 0.9156810733403443 0
0.1292268703458076 0.8445880653615466 0
0.04276818448502616 0.8960643231279557 0
0.08464717016775859 0.9201473646714051 0
-0.1286414770361341 0.9015015925749332 0
-0.04209606412698023 0.8459379012194093 0
-0.04118559609697399 0.8944026956084696 0
-0.8634159963858343 0.08626378428527588 0
-0.7306104464672631 0.4539034543830115 0
-0.7726818756483937 0.428235081655373 0
-0.7749143090020471 0.3824488209048622 0
-0.2131935879618439 0.8465118090387441 0
0.470819400821394 0.6931958648895558 0
0.5127462304922946 0.7158627256734553 0
0.03013747457166817 -0.7327753539779513 0
0.638042065399929 -0.3977714604615366 0
-0.5588619006461684 0.653692481235691 0
-0.6442391658941596 0.5540100495641116 0
-0.694552208938256 -0.2138181265240216 0
-0.6539800035434372 -0.2405988992029402 0
-0.69523961727495 -0.2625218332876912 0
-0.7357582435642641 -0.08785518941264434 0
0.1296068564562597 0.8940533004121127 0
-0.8236561956536207 -0.2861635640476886 0
-0.8240017134223461 -0.3359209104724432 0
-0.8724155665037425 -0.2625329044617873 0
-0.6391428438597005 0.3582865437412425 0
-0.6975303688924265 -0.5112009195262283 0
-0.6970010978984309 -0.5593158129075572 0
-0.7377111936361713 -0.4859579322827122 0
-0.09770245816162537 -0.8645654181134629 0
-0.05507162470944257 -0.8892177770202984 0
-0.1418516873590601 -0.890835840443521 0
0.7249363906721978 -0.1493703022872242 0
-0.6908013602409825 0.2829650926562124 0
-0.1287729345959148 0.747918345573891 0
-0.7355965064672342 0.1620746774449098 0
-0.2152471501139643 0.6999807378350933 0
-0.5160888536253244 0.5289045737478768 0
0.1707607041398886 0.7203511440685502 0
-0.7368802690684901 -0.5354551836983605 0
-0.740338142754555 -0.5912068078726582 0
-0.6039005921043192 0.4336624525473852 0
0.2580259490313762 0.673175675747781 0
0.6368732970123387 -0.5469611114342972 0
0.04276634006357349 0.7467135903702962 0
-0.09833811060552392 -0.9144091478163097 0
-0.05171294468048582 -0.946681025582556 0
-0.1868171134933509 -0.9118965100660735 0
-0.1848608329888467 -0.8646408752898784 0
-0.7821451582254448 -0.3612825658647623 0
-0.7805039750634505 -0.4109992563453345 0
-0.183678907938696 -0.8142617054739989 0
0.1178824720623241 -0.8427228322543916 0
0.5510082281818581 -0.64803392002622 0
0.5050118747607147 -0.7225450647278286 0
-0.3121438710158524 -0.7876312849251781 0
-0.01177801438677026 -0.8646531675023099 0
-0.04136968787091218 0.6985062227832236 0
0.7234264386004635 -0.4978896454234627 0
0.7261556776730671 -0.5521949895474525 0
-0.3980475320326924 -0.7375785269099367 0
-0.4405335255359463 -0.7607157351465933 0
-0.483186199231293 -0.7351461923441918 0
-0.483655247449829 -0.7864602796084434 0
0.4631601914958826 -0.6955412356307973 0
-0.7391326964178511 -0.4362643911988641 0
0.3767185004491956 -0.7439538503309475 0
0.3760129180308579 -0.793615621906703 0
0.3341800404507514 -0.8166791500765687 0
0.3760568055405829 -0.8410527757405197 0
-0.4836874319179623 -0.6868922393540799 0
0.811211629726299 -0.2497846855137604 0
0.8538644496526084 -0.2744350044175098 0
0.7671001779939061 -0.3732561860060628 0
0.2908138488501549 -0.7923649992961709 0
-0.5694515655823483 -0.6367490248582451 0
-0.5686035855166154 -0.6842959590162332 0
0.2040313701160855 -0.8417636915610176 0
0.2469480269591922 -0.8672220221168635 0
-0.6539928914934959 -0.5843132188048075 0
-0.6599716192308088 -0.6370336543528281 0
-0.8233925077303523 -0.186563054356828 0
-0.8647184155977083 -0.2096007046016324 0
0.8532050134233824 -0.2251623889720929 0
0.8941058645329429 -0.2473283588691797 0
0.9026318462545071 -0.2992582505159435 0
-0.4803968216962866 0.4995709186322437 0
-0.8278687956626033 -0.3916818189177669 0
-0.8686294422734802 -0.3617752782536118 0
0.0452632175595357 0.7019491024446778 0
0.8543989439828199 -0.1751683202861029 0
0.9002923271754526 -0.1504589612808501 0
0.1608161254561859 -0.8665126762279606 0
-0.6126729344079607 -0.6611336074727289 0
0.6774467164357643 -0.5720926724375047 0
-0.355476506199064 -0.8117434592718089 0
-0.3975067964226805 -0.7855888322611518 0
-0.4000957742058708 -0.8381967568673653 0
-0.7821179439862794 -0.4678135055888902 0
0.817537941411326 -0.397139784268164 0
0.2947848613303473 -0.8507782084118685 0
-0.5257602489058242 -0.7094785387984666 0
-0.5676867655557544 -0.7348861386701981 0
0.4187013733659307 -0.7687480039058339 0
0.5133758377479335 0.6679143200765207 0
0.6403069921446447 0.5927411204766984 0
0.6874402919476804 0.608854055226853 0
0.5538639715612691 0.4958850512286453 0
-0.5213909089707957 -0.4631702293879137 0
0.5986199287572311 0.3792692548697385 0
-0.001194922959747488 0.9202795464147195 0
-0.04048171824769366 0.9425689869810825 0
-0.6141458540823318 -0.4164295878733267 0
0.6429242666024096 0.02319638552475941 0
0.5129960997615486 0.7614912169952217 0
-0.5775860762311495 0.7503610818644426 0
0.1999669915986724 -0.8918076104115278 0
0.4613248256595079 -0.7445413232895058 0
0.2788178247941927 -0.9039051873279536 0
-0.3469805282251102 -0.8590728402303787 0
0.7351845908190505 0.6178684036189753 0
0.2072908232557625 -0.6928397130267788 0
0.5744772371257896 -0.2802418858439178 0
-0.5642800178712281 0.4097731179666023 0
-0.9524047850462058 -0.06923469637592272 0
0.6845276047981381 -0.6651111222529453 0
0.4598261413640757 -0.7932576603747923 0
-0.9440020520931266 -0.166044410590218 0
0.9407346663406378 -0.1740404549911329 0
0.9499531184298694 -0.07496648481025994 0
0.189760719373005 -0.9393209357132443 0
-0.2791646603299192 -0.9095411865982708 0
-0.9230526062597061 -0.259706734784733 0
-0.830994856305552 -0.4758166619969317 0
0.8304247566827114 -0.479445956812491 0
0.8713385712990542 -0.3952255174055873 0
-0.8341951390531902 0.4816609228589715 0
-0.866620122880104 0.3856110903194995 0
-0.6919666022160049 0.664994873143703 0
-0.2929321695286334 0.9077366948452169 0
-0.246533709225852 0.9233418709369634 0
-0.3823596508155708 0.8797630967988384 0
0.3178139941235313 0.9048105040765209 0
-0.1556748880439811 0.9465449478463149 0
0.04761060848631132 -0.958555603738976 0
0.749691886356029 -0.5978593292299826 0
0.7785607880457319 -0.5597470869356918 0
-0.6492441999786944 0.306934929661376 0
0.5551967394198191 -0.3351462794513188 0
0.6408342431357764 0.3577147243388584 0
0.5227147422363206 0.3757814839551922 0
0.7960745999386557 0.5438394315637487 0
-0.6572775052667321 0.6976236746702913 0
-0.9070708195052866 0.1091916943889484 0
-0.1167831647067792 -0.6699988889341439 0
0.6751471258697892 0.4291908290246123 0
0.5002261327292025 -0.8175090686856017 0
0.852280808563044 -0.3219407392269831 0
-0.6153556929930328 -0.7387505745018332 0
-0.8160465609570626 0.4049359798100763 0
0.5785722963826295 -0.765217095795882 0
-0.2215397148967614 0.6482893715599546 0
0.7302241713291249 -0.0509038081427079 0
0.6439745062727742 -0.2502805188214792 0
-0.9060540773697944 -0.1378841670245728 0
-0.6904470200246534 -0.6728229949716922 0
-0.01142638977792141 -0.9119621297776397 0
0.4177301324550655 -0.817253893594765 0
0.622841945252196 0.2708238683970417 0
0.2185034298462767 0.6462077638261092 0
-0.7552192274790217 0.5944733372033959 0
-0.779434866410287 -0.555336134292568 0
0.4156649315696748 -0.8648436111407036 0
0.4626658969288078 -0.5004434296450276 0
0.09541498527543874 -0.952744354298829 0
-0.9106168464981763 0.3051725403481723 0
-0.6121293226778043 0.1814874119037163 0
0.7054107495592782 0.6527990269725996 0
0.04824438544115237 -0.6812312588202971 0
0.00587336243135102 0.6782117805736956 0
0.4698752001436373 0.5500958889872058 0
-0.8651669724866318 -0.3139747653316951 0
-0.2098245230067513 0.8931952837249765 0
-0.08047958655190279 0.9179927753958348 0
-0.2790129318804537 -0.6210691166154932 0
0.5010700929789562 -0.769547424788332 0
-0.2277901037784262 -0.8845663592541879 0
0.7128835949241444 0.5368922392807223 0
0.6901448225587521 -0.007451553343288155 0
0.2155801020494472 0.9371875978842789 0
0.6772315637053922 -0.6176812464660026 0
0.3722851392724301 -0.8843678621581291 0
-0.09662851208244894 -0.9585249468395268 0
-0.2287946129062824 -0.6951831616555137 0
-0.9521368617701905 0.1686111198345516 0
-0.4814574608916152 -0.541132730813871 0
0.8065102513672354 -0.4426903434958422 0
-0.5126827880952786 0.8132781206757338 0
0.8964423276852822 -0.1988361985330842 0
-0.6103686919243674 -0.1754004047712439 0
0.5192392912088306 0.8063561058517139 0
0.7605988151615801 -0.5207739353024372 0
0.6388471763882205 0.7195046066455746 0
0.2141809943601489 -0.6451175668678986 0
-0.6519516533864005 -0.3471070435364407 0
0.08406883130691824 0.9624268561584778 0
-0.4657892157647983 0.8410908914941504 0
-0.3082310689075332 0.6507588056115738 0
0.4263391222302023 0.8108630536793561 0
0.08587386203407205 0.6810283543600566 0
-0.9023981929185045 -0.186360165924891 0
0.8479569598265737 -0.07586385562696005 0
0.5357578723651572 -0.7511958117601932 0
-0.6592159836753149 0.160877541927623 0
0.593855919006943 0.3253494821552061 0
-0.01488878720526672 -0.723756472869687 0
0.5533264591058883 0.7342434279319093 0
-0.8573127303660821 0.333071891297987 0
-0.425872425793513 0.5858081842023224 0
-0.3165739880815699 -0.6433252654101853 0
0.1621222358211378 -0.9086294775005023 0
-0.5050510262703044 -0.8243184538981692 0
-0.4273301399828007 0.8178583723284538 0
-0.6852969623204845 0.6199102963194179 0
-0.4358183001741618 -0.8021819296093224 0
-0.5083771092758183 0.7700250012221842 0
-0.8743832944133223 -0.4023399776057199 0
-0.6203276295248104 -0.2686561818027093 0
-0.361609044708192 -0.6161047966131836 0
0.2649205428912818 0.6267684474420685 0
0.6696863307292665 0.1388933999645263 0
-0.9523285501076431 0.07871417626223159 0
0.5599373917896906 -0.3889841105894794 0
-0.5204083847844315 -0.751020753641086 0
0.3408903670444768 -0.8583402931061989 0
0.4271672265435991 -0.5263082252513204 0
-0.07541045830882043 0.6761431823852793 0
0.4223489331520392 0.5348944591757698 0
0.4034908720926186 0.8805267265400523 0
-0.3944759995116965 0.6137474040120018 0
0.4784383358815669 0.8338749439018529 0
-0.5238355823636562 0.4328028849801578 0
-0.3185237425238615 0.5964380401203259 0
-0.3876222394729065 0.839715332460363 0
0.8479314834177156 -0.3625191122002096 0
-0.4203407896157373 -0.8746844013086037 0
-0.5732981511719369 -0.4473180964942916 0
-0.6926085177057159 -0.600918903136466 0
-0.4475505757928703 -0.5753224651267631 0
-0.6171568800643272 0.2836824737450057 0
0.5986375715748542 0.7530487311580534 0
0.7227999487996392 0.5754452029059065 0
-0.006041044574786172 0.9635052704984329 0
-0.893606011620668 0.2106385378158257 0
0.909642476060584 -0.1129599504085774 0
0.6458622775286378 -0.207422164090473 0
-0.7166551631635214 0.07500680338810341 0
0.6681166911699837 0.4728268112086881 0
-0.5852069705973287 -0.7725804776171246 0
-0.1727425978945056 0.9096997253321359 0
-0.8173678961014544 0.5216672962178697 0
-0.7422871149627907 -6.460456598084488e-05 0
0.5266503649566587 0.4227051891934737 0
-0.3646877540173666 -0.568550944037181 0
-0.8048452960884173 0.4527717263910199 0
-0.14052244293106 -0.7008329792052538 0
0.5644467936181308 0.361846325921229 0
-0.3778559096302664 -0.8911398974872198 0
0.7105771712583902 -0.5946631513014877 0
-0.8142225811083286 -0.4361869119657793 0
0.9314609906918255 -0.2617915776570932 0
0.8178662366198408 0.5143623485252949 0
0.3342766665069635 0.8601732345232811 0
-0.6596864968905268 -0.2763003893293673 0
0.7354394892537601 -0.007532902106494592 0
-0.6994916612273044 0.1461384493688869 0
0.366250023137441 -0.5619386633928557 0
-0.6106859519810938 0.3935297574273637 0
-0.6146198094933919 -0.1288722219583475 0
0.02588126667899514 -0.9263090827587668 0
-0.9017801317769025 -0.342227490891356 0
-0.6040952270850717 -0.7006232733995524 0
0.3849691225999124 0.6072697932253026 0
-0.8993667452067331 -0.2294256682867465 0
0.1766078876854673 0.9555247701172058 0
-0.1360517250700593 0.7095831247434228 0
-0.08496689618280208 -0.6768998758750782 0
0.7570182619544918 0.54182300274544 0
-0.3512574841677673 0.8586108545820487 0
0.6317545219666322 0.2223560286369451 0
-0.4432546725281475 0.5128180589861877 0
-0.1920194995207254 -0.9513028066792811 0
-0.07354667714140703 0.9624951697091515 0
0.6332039569514576 0.6801944802184458 0
-0.7656075664028363 0.4674582314325775 0
0.9646210881968165 -0.03497320318719058 0
-0.4915478644815773 0.4584872792820388 0
-0.7676874016168271 -0.5105539735559126 0
-0.7016874155734427 -0.02566694786419974 0
0.3470141746094986 0.6328735201283042 0
0.5577233738812322 -0.4587238994277341 0
0.2451343763283642 -0.6340456039984526 0
-0.6188068360583953 -0.3768097474580774 0
0.7074256145269572 0.4944088026797271 0
0.3206431836147152 -0.6434687957737263 0
0.6491712935144287 -0.1614533532190482 0
-0.5779041432007173 -0.2629998136372518 0
0.05339226836212171 0.6645538107145255 0
-0.4908072460069043 -0.496050380561073 0
-0.5410312307468397 0.7505249461623098 0
0.6147392826191783 -0.2725931800608427 0
-0.2481947397749833 -0.6354859061087983 0
0.2922782369303366 0.877545293079826 0
0.119252941760389 0.661794901940239 0
0.3031055910722104 0.6138812326809977 0
-0.7585930389050707 0.5269400290138785 0
-0.7199308824510701 0.5931879230260844 0
-0.3062368074353806 -0.8730594559678335 0
-0.1966511859949107 -0.6820841012684473 0
-0.748604116821154 0.06715813112596133 0
2 7 0 48
2825
2826
2827
2828
2829
2830
2831
2832
2833
2834
2835
2836
2837
2838
2839
2840
2841
2842
2843
2844
2845
2846
2847
2848
2849
2850
2851
2852
2853
2854
2855
2856
2857
2858
2859
2860
2861
2862
2863
2864
2865
2866
2867
2868
2869
2870
2871
2872
0.7455949908694619 0.2772142422302198 0
0.7669872146686532 0.1577247594686447 0
0.9270400358175999 0.2477389619834056 0
0.9483013415282187 0.1594784564011108 0
0.8982527878565461 0.3352441119904075 0
0.7825594035611086 0.3830253663967726 0
0.8586974216330315 0.067501691501994 0
0.8607367549925404 0.420970096077263 0
0.9603486399964969 0.06839580480343438 0
0.8808349969205241 0.3784041458910442 0
0.8523981381490477 0.3423137467401836 0
0.8677881996264862 0.2996118471985562 0
0.8227885143040912 0.3072550721193802 0
0.8378956129658094 0.2642085312342889 0
0.7925490154216737 0.2719916063572033 0
0.8101282766434594 0.229080704405662 0
0.8536256255698649 0.2208743763379706 0
0.7781325916267231 0.312419146354847 0
0.8248496718169038 0.184301127032644 0
0.8687552686122213 0.1777052440567169 0
0.8395903567765411 0.1384777168974343 0
0.8854983767107563 0.1368896705487754 0
0.76937380441907 0.2345196920217525 0
0.9131690284805762 0.291527726080859 0
0.9394139800328724 0.204180950067985 0
0.9549995886853819 0.1142997409526904 0
0.908435463788506 0.08877144321099147 0
0.8069860108426197 0.3479597268788434 0
0.8347983377008992 0.3831738258632522 0
0.8822448738293613 0.2569444406502507 0
0.809228248019351 0.4161074440385746 0
0.8914652792590725 0.04381490103578876 0
0.8972505082844394 0.2158565058556733 0
0.7599369363396999 0.3494672592762552 0
0.8223511143994284 0.0934736503127169 0
0.7906581126939205 0.121945696201676 0
0.747913874700792 0.1995789916591474 0
0.93168519371557 0.03640444122420887 0
0.8293330595531938 0.447747976442447 0
0.9103173655397827 0.1709052185088019 0
0.7413551805068244 0.3167476426153011 0
0.7877429870094899 0.1939901142864533 0
0.8584387197614883 0.1076001631064896 0
0.9223790405348751 0.1320359208681573 0
0.9682196511946843 0.02996532223819474 0
0.8045073446241605 0.1560175293053623 0
0.7330361263107202 0.2362317836221634 0
0.8560073304650688 0.4647757597533649 0
2 8 0 511
2873
2874
2875
2876
2877
2878
2879
2880
2881
2882
2883
2884
2885
2886
2887
2888
2889
2890
2891
2892
2893
2894
2895
2896
2897
2898
2899
2900
2901
2902
2903
2904
2905
2906
2907
2908
2909
2910
2911
2912
2913
2914
2915
2916
2917
2918
2919
2920
2921
2922
2923
2924
2925
2926
2927
2928
2929
2930
2931
2932
2933
2934
2935
2936
2937
2938
2939
2940
2941
2942
2943
2944
2945
2946
2947
2948
2949
2950
2951
2952
2953
2954
2955
2956
2957
2958
2959
2960
2961
2962
2963
2964
2965
2966
2967
2968
2969
2970
2971
2972
2973
2974
2975
2976
2977
2978
2979
2980
2981
2982
2983
2984
2985
2986
2987
2988
2989
2990
2991
2992
2993
2994
2995
2996
2997
2998
2999
3000
3001
3002
3003
3004
3005
3006
3007
3008
3009
3010
3011
3012
3013
3014
3015
3016
3017
3018
3019
3020
3021
3022
3023
3024
3025
3026
3027
3028
3029
3030
3031
3032
3033
3034
3035
3036
3037
3038
3039
3040
3041
3042
3043
3044
3045
3046
3047
3048
3049
3050
3051
3052
3053
3054
3055
3056
3057
3058
3059
3060
3061
3062
3063
3064
3065
3066
3067
3068
3069
3070
3071
3072
3073
3074
3075
3076
3077
3078
3079
3080
3081
3082
3083
3084
3085
3086
3087
3088
3089
3090
3091
3092
3093
3094
3095
3096
3097
3098
3099
3100
3101
3102
3103
3104
3105
3106
3107
3108
3109
3110
3111
3112
3113
3114
3115
3116
3117
3118
3119
3120
3121
3122
3123
3124
3125
3126
3127
3128
3129
3130
3131
3132
3133
3134
3135
3136
3137
3138
3139
3140
3141
3142
3143
3144
3145
3146
3147
3148
3149
3150
3151
3152
3153
3154
3155
3156
3157
3158
3159
3160
3161
3162
3163
3164
3165
3166
3167
3168
3169
3170
3171
3172
3173
3174
3175
3176
3177
3178
3179
3180
3181
3182
3183
3184
3185
3186
3187
3188
3189
3190
3191
3192
3193
3194
3195
3196
3197
3198
3199
3200
3201
3202
3203
3204
3205
3206
3207
3208
3209
3210
3211
3212
3213
3214
3215
3216
3217
3218
3219
3220
3221
3222
3223
3224
3225
3226
3227
3228
3229
3230
3231
3232
3233
3234
3235
3236
3237
3238
3239
3240
3241
3242
3243
3244
3245
3246
3247
3248
3249
3250
3251
3252
3253
3254
3255
3256
3257
3258
3259
3260
3261
3262
3263
3264
3265
3266
3267
3268
3269
3270
3271
3272
3273
3274
3275
3276
3277
3278
3279
3280
3281
3282
3283
3284
3285
3286
3287
3288
3289
3290
3291
3292
3293
3294
3295
3296
3297
3298
3299
3300
3301
3302
3303
3304
3305
3306
3307
3308
3309
3310
3311
3312
3313
3314
3315
3316
3317
3318
3319
3320
3321
3322
3323
3324
3325
3326
3327
3328
3329
3330
3331
3332
3333
3334
3335
3336
3337
3338
3339
3340
3341
3342
3343
3344
3345
3346
3347
3348
3349
3350
3351
3352
3353
3354
3355
3356
3357
3358
3359
3360
3361
3362
3363
3364
3365
3366
3367
3368
3369
3370
3371
3372
3373
3374
3375
3376
3377
3378
3379
3380
3381
3382
3383
0.533404459810641 -0.1588013880503777 0
-0.5373570083965273 0.1633214938668281 0
0.1588013880503789 0.5334044598106407 0
-0.1560803714272887 -0.5373888294707837 0
0.4999916688174837 0.2444310326159844 0
0.2838385116996722 -0.4791998740903907 0
-0.2411254485905162 0.5013791152580731 0
-0.4802354141842959 -0.2916154661827236 0
0.3520484710667499 0.4211618105180987 0
-0.5551434548517604 -0.06856881490170907 0
-0.4246877856050559 0.35969220640776 0
0.07266142202662476 -0.5467566874578047 0
-0.3560249711794496 -0.4269294925715011 0
0.5565880189471122 0.06942543581137671 0
0.4233990922969306 -0.3646656761946184 0
-0.02750141413692971 0.556633987813133 0
-0.4240600674118963 -0.3580629098899868 0
0.2784742798638391 0.4758900779449749 0
-0.3276652791088579 0.4550610017336287 0
-0.4780989890894771 0.2848851614672628 0
0.5334699789005701 0.1609230010304744 0
0.359767576473575 -0.4222652394340391 0
0.2013333360061666 -0.5203602479876118 0
-0.5184688984625847 -0.2023071919621288 0
-0.1622493765805697 0.5300766690092573 0
0.4174261575693948 0.3589085973628716 0
0.5529887639962753 -0.06771245586766239 0
0.06884005558308479 0.5522673676218125 0
-0.2839428266875264 -0.4792751039859354 0
-0.06740041453165597 -0.5538444737339082 0
0.4855063640494777 -0.286179976114654 0
-0.5537591247114224 0.07235309149474184 0
-0.5362595053275461 -0.1571877160521923 0
-0.4885373007684621 -0.1638103454886216 0
-0.4700189996302149 -0.2078803625989622 0
-0.4394223709298714 -0.1700456071161693 0
-0.4208046068630227 -0.2159411412360344 0
-0.3902150000802606 -0.1768596215359956 0
-0.4090747557743818 -0.1309964998867851 0
-0.3598858491232637 -0.1376369708756421 0
-0.3410366830759712 -0.1834955486339679 0
-0.3107385843112181 -0.1442380511950192 0
-0.3295943313448671 -0.09837406911076564 0
-0.2804457262926239 -0.1049761231316047 0
-0.2615890777380548 -0.1508410443266817 0
-0.2312969431620734 -0.1115784607569774 0
-0.250153622043762 -0.06571349205882068 0
-0.2010050676382478 -0.07231566311152432 0
-0.1821484274506095 -0.1181806042599084 0
-0.1518565443663753 -0.0789178120331743 0
-0.1707131783245009 -0.03305287521673807 0
-0.1215646596946945 -0.03965502093860215 0
-0.1027080261214372 -0.08551995734909099 0
-0.0724161426153152 -0.04625716542415817 0
-0.09127277628258565 -0.0003922289513711506 0
-0.04212425926225822 -0.006994373390406536 0
-0.02326762555191418 -0.0528593098945025 0
0.007024257762366273 -0.01359651783237736 0
-0.01183237594869369 0.03226841867220821 0
0.03731614106194286 0.02566627424054194 0
0.05617277477067151 -0.02019866226232619 0
0.01845950735351504 0.07153121074318847 0
0.08646465807068678 0.01906412981026991 0
0.1053212917790999 -0.02680080669236582 0
0.1356131750791358 0.01246198538021512 0
0.1544698087874998 -0.03340295112238442 0
0.1241779254874738 -0.07266574319497265 0
0.1847616920875308 0.00585984095020004 0
0.1659050583791788 0.05172477745279076 0
0.1733264424958577 -0.07926788762497958 0
0.1430345591958308 -0.118530679697567 0
0.2150535753875626 0.04512263302278394 0
0.1961969416792098 0.09098756952537523 0
0.1921830762042119 -0.125132824127572 0
0.1618911929041843 -0.1643956162001589 0
0.2453454586875908 0.08438542509537053 0
0.2264888249792382 0.1302503615979616 0
0.2642020923959434 0.0385204885927793 0
0.2110397099125648 -0.1709977606301634 0
0.180747826612537 -0.2102605527027503 0
0.1315993096041566 -0.2036584082727458 0
0.1504559433125091 -0.2495233447753371 0
0.1013074263041287 -0.2429212003453325 0
0.120164060012481 -0.2887861368479236 0
0.07101554300410062 -0.2821839924179191 0
0.2756373419876194 0.1236482171679571 0
0.2567807082792665 0.1695131536705483 0
0.2076321912708857 0.1761152981005526 0
0.2379240745709135 0.2153780901731394 0
0.1887755575625331 0.2219802346031436 0
0.2413315932125928 -0.1317349685575767 0
0.2601882269209453 -0.1775999050601679 0
0.2904801102209732 -0.1383371129875812 0
0.2190674408625608 0.2612430266757305 0
0.1699189238541804 0.2678451711057347 0
0.08987217671245287 -0.3280489289205101 0
0.04072365970407248 -0.3214467844905055 0
0.0218670259957203 -0.2755818479879143 0
-0.00842485730430793 -0.3148446400605009 0
0.1693125770208615 -0.295388281277928 0
0.2870725915792947 0.2087759457431349 0
-0.03068900965487794 0.07813335517320197 0
-0.0003971263544887109 0.1173961472455226 0
-0.04954564336281099 0.1239982916754841 0
-0.01925376006271321 0.1632610837480194 0
-0.06840227707107228 0.169863228178008 0
-0.03811039377102923 0.2091260202505836 0
-0.08725891077940356 0.2157281646805835 0
-0.05696702747937208 0.2549909567531675 0
-0.1175507940794304 0.1764653726079958 0
-0.1364074277877779 0.2223303091105832 0
-0.1666993110584496 0.1830675172565357 0
-0.1855559447912652 0.2289324535770103 0
-0.215847828061121 0.1896696617290331 0
-0.2347044617978785 0.2355345980201673 0
-0.2649963450976119 0.1962718059497726 0
-0.2044125785035279 0.274797390050491 0
-0.2461397115720921 0.1504068698298311 0
-0.295288228404594 0.1570090138254177 0
-0.02728149101266004 -0.2689797035579095 0
-0.0575733743126884 -0.308242495630496 0
0.01043177640404398 -0.360709576563092 0
0.3093367439293256 -0.1842020494901723 0
0.3396286272293536 -0.1449392574175856 0
0.2001746374826605 0.3068387043433933 0
0.1510562618672365 0.3136652311358378 0
-0.253561095511617 0.2813995344826639 0
-0.3141448621117874 0.2028739503366368 0
-0.3444367454127812 0.16361115825686 0
-0.3255801117045897 0.1177462217530705 0
-0.2232692122127258 0.3206623265467893 0
-0.07643000802104047 -0.2623775591279047 0
-0.1067218913210689 -0.3016403512004912 0
-0.08786525761271682 -0.3475052877030826 0
-0.1370137746210973 -0.3409031432730777 0
-0.1558704083294493 -0.2950382067704863 0
-0.1861622916294778 -0.3343009988430727 0
0.08245079259577641 -0.1970562638427414 0
-0.3747286287129646 0.1243483661831148 0
-0.3558719950046382 0.07848342968033059 0
0.1815560417608341 0.3526360599498359 0
0.1322382964435398 0.3595114247436562 0
0.2493069799113784 0.3001161510656097 0
0.1584836742625053 0.1827174425305568 0
0.1019182084253597 0.320294169398372 0
0.08306331864475772 0.366163571539718 0
-0.2050189253378298 -0.2884360623404812 0
-0.2353108086378582 -0.3276988544130678 0
-0.3067234784336945 0.07188128501640732 0
-0.04613812472101209 -0.2231147670553181 0
0.2790448606292977 -0.2234648415627591 0
0.328193377637678 -0.2300669859927635 0
0.2979014943376501 -0.2693297780653502 0
0.3207719935210013 -0.09907432091499445 0
0.3699205105293818 -0.1056764653449991 0
0.3510638768210295 -0.05981152884240782 0
-0.1741206952042959 0.3140601821171538 0
-0.1478426777204847 0.1372025810490167 0
0.01103812323735373 0.2025238758205775 0
0.3887771442377344 -0.1515414018475905 0
-0.1929773289128076 0.3599251186185609 0
-0.143828811904419 0.3533229741886175 0
0.4002123938294099 -0.06641367327241257 0
0.3813557601210576 -0.02054873676982118 0
-0.1673056579211258 -0.3801659353456642 0
-0.4050205120130221 0.08508557411030945 0
-0.3861638783046746 0.03922063760768185 0
0.4305042771294378 -0.02715088119982588 0
0.4116476434210857 0.01871405530276538 0
-0.2724177292210082 0.3272644709775236 0
-0.3935852624213162 0.1702133026857127 0
0.1133490227291227 0.4054399806135082 0
0.06420153559001944 0.4120398555433118 0
0.03390982393487124 0.3727766852206914 0
0.01505236060960083 0.4186434499317773 0
-0.1626854456128036 0.3991879106909716 0
-0.2541674424591612 -0.2818339178257769 0
-0.2844593256650638 -0.3210967099689464 0
-0.0952866417293925 -0.2165126226253132 0
-0.1135369286044205 0.3925857662609878 0
0.04875139065395195 0.110794002815474 0
-0.4353123953130565 0.0458227820376759 0
-0.416455808169068 -4.222411848687467e-05 0
-0.4656042863738131 0.006559978356150962 0
0.3470500113460304 -0.2759319224953547 0
0.3167581280460025 -0.3151947145679413 0
0.4493609108377902 -0.07301581770241726 0
-0.2656026919410242 -0.3669616464833017 0
0.4607961604294659 0.01211191087276072 0
0.4419395267211137 0.05797684737535197 0
0.3927910097127335 0.0645789918053566 0
0.4230828930127615 0.1038417838779431 0
0.09449256066564961 0.4513045388660657 0
0.1436409346366305 0.4447027096444227 0
-0.2118339626211826 0.4057900551209859 0
-0.4467477552299566 -0.03930519547821573 0
-0.3033159652066726 -0.2752317689581671 0
-0.3673073778987166 -0.006644413036859817 0
-0.2238755592008904 -0.2425711257262695 0
0.3739343760043812 0.1104439283079477 0
0.4042262593044094 0.1497067203805343 0
-0.0649947584293641 -0.1772498305527267 0
-0.0152396323524333 0.3793808995189341 0
0.3019153598126489 -0.05320938441240333 0
0.2676096110376221 -0.3085925701379367 0
0.2864662447459744 -0.3544575066405279 0
0.3773418946460584 -0.2366691304227681 0
-0.07983752660096916 0.0847354996283228 0
0.003616983078918456 0.3335160032929669 0
0.1470484246708294 0.09758971395537955 0
0.09388604218745085 -0.1119285352675628 0
-0.3027096125210196 0.2880016789050586 0
-0.3215662462295426 0.3338666154063814 0
-0.3508934998928296 0.2938595958642312 0
-0.01584624142098375 -0.1838519749827315 0
0.2373177277375941 -0.3478553622105233 0
-0.09468029489606719 0.3467208297583998 0
-0.0340964226072735 0.425246180999565 0
-0.4541690290214092 0.09168771854026544 0
-0.3336078436331038 -0.314494564796988 0
-0.1323935623127785 0.4384507027635391 0
-0.003851280272359107 0.4641612698060209 0
-0.05300763180967409 0.4707055614646343 0
0.2560660511866509 -0.3928892880338254 0
0.2070077927276834 -0.3869796525032283 0
-0.2914420530232571 0.3718810677142428 0
-0.3422112015861981 0.380261729469497 0
0.4711371578422199 0.09689098774226257 0
0.2264030615484238 -0.4293611687819023 0
0.1768527545766999 -0.4254933735864899 0
0.3948346837969681 -0.280314530434293 0
-0.3538005746274514 -0.2692622917963321 0
-0.1141432754377461 -0.1706476861227209 0
0.3550777422960292 0.156308864810539 0
0.3853696255960573 0.1955716568831255 0
0.4336128171291265 0.1885973023907823 0
0.4146052958415559 0.2344002038829837 0
0.3663369563786167 0.2413642192069285 0
0.3436424927043528 0.07118113623536128 0
-0.1444351587377731 -0.2099104781953082 0
0.157894117717399 -0.3803449974282572 0
0.1276080414170533 -0.4196023710600155 0
0.1469540874110332 -0.4630477383515689 0
0.09738266197269892 -0.4585795221745461 0
0.0784555435260211 -0.4130702403807857 0
0.04816299674555051 -0.4523447014118354 0
-0.03470287512933601 -0.1379870384801405 0
0.01444564187904432 -0.1445891829101454 0
0.3948961679815495 0.2799146510753945 0
0.3473089010601408 0.2871586784613583 0
0.4250650697793299 -0.2408725023706398 0
0.3437456730695463 -0.3630101402574669 0
-0.5046597692985654 -0.1201353216256712 0
0.1181745159450058 -0.5074652897566451 0
-0.3864341194236925 -0.3118322197921537 0
-0.366432397823562 -0.3548545549671403 0
-0.491612318637639 -0.03679121962280842 0
-0.5160761122547722 0.004275421220894374 0
0.4467564517350726 0.2736304249405231 0
0.3779482414793813 0.3265643219608945 0
0.3290135417996411 0.3333152917086125 0
0.1247842723207979 0.4905677091886861 0
0.07870270901907228 0.498541756053397 0
0.1744846355961615 0.4840473279077004 0
0.1933202667438701 0.4377756537872356 0
0.2234943850471837 0.476428138522949 0
0.244725702221898 0.4319828814185636 0
0.2953110181390941 0.4256410515081951 0
0.262968174548347 0.3855465450586523 0
-0.4341805253940453 -0.307426034306859 0
0.362736036493352 0.3704038986499637 0
-0.4741323296307047 -0.08114271669756423 0
-0.4027378844720261 -0.2626378576807011 0
0.2130504265833445 0.3914314435998075 0
-0.45792489766162 -0.1247572281379175 0
-0.3787494611036569 -0.0917658928840361 0
-0.3716614214774673 -0.2228813619169727 0
-0.2918822070192655 -0.1901027707941493 0
-0.2993022840649927 -0.05911135806543645 0
-0.2690102510428819 -0.01984857905365888 0
-0.3484519317290077 -0.05250828115723738 0
-0.2198617099111112 -0.02645072401406572 0
-0.1895698142830524 0.01281206200060279 0
-0.238718338132662 0.01941420734936883 0
-0.2084264474573146 0.05867699806170126 0
-0.1592779284363851 0.05207485333537511 0
-0.1781345628803268 0.09793978975845781 0
-0.2124403515725241 -0.1574433623433433 0
-0.2427324913348594 -0.1967059363092393 0
-0.3224534880231827 -0.229490453833213 0
-0.1632917996818186 -0.1640455357177848 0
0.2984666975296018 0.2937641929776974 0
0.1996044603208895 -0.2561254892053415 0
-0.1811953811041259 0.4447853638747022 0
-0.2283877415974208 0.4530514212604415 0
-0.1512501960211326 0.4843156392661211 0
-0.04553177788769337 0.3401186853283424 0
-0.1024036661749399 0.4754653542242744 0
-0.1181571409127453 -0.3867680797756692 0
-0.1484490242127739 -0.4260308718482558 0
-0.09930050720439335 -0.4326330162782609 0
-0.1975975412211543 -0.4194287274182509 0
-0.1784050565089037 -0.4627934794804092 0
-0.2346109076442809 -0.4603009216178819 0
-0.2040051529835291 -0.5091545150028205 0
0.4073962209669018 -0.1970065429364928 0
0.4563853330714263 -0.2022883113491797 0
0.437676734539829 -0.1579624552770345 0
0.3247858589960009 0.1170460727379523 0
0.3059292252876482 0.1629110092405436 0
0.2944939756959718 0.07778328066536601 0
0.3133506094043245 0.03191834416277475 0
0.3322072431126772 -0.0139465923398165 0
0.2830587261042962 -0.007344447909812035 0
0.2527668428042684 -0.04660723998239896 0
-0.0690086239043648 -0.3933702242056742 0
-0.05015199019601286 -0.4392351607082658 0
-0.08019151368571681 -0.4766193040233973 0
-0.03100093670894887 -0.4829083403271597 0
-0.01986010689598442 -0.3999723686356791 0
-0.0009514110703801268 -0.4454562209649142 0
0.01820874563805967 -0.4890627137694255 0
-0.01455977085581448 -0.527412919839326 0
-0.3149161900952823 -0.358628201131215 0
-0.3016641221294982 -0.4068196297231821 0
0.1628591648162236 0.3985828787230776 0
0.4784063171744837 -0.03372696707195995 0
0.5120487417565163 0.00493783813090235 0
0.5039286768134897 -0.0820555633339093 0
-0.1552640614951197 0.2681952456206947 0
-0.1249721781958954 0.3074580376872986 0
-0.03871674060433639 -0.3541074321330875 0
-0.007818510470992779 0.2483888123231641 0
0.04133000653738952 0.2417866678931584 0
0.06018664024574239 0.1959217313905671 0
0.0904785235457724 0.2351845234631524 0
-0.4825950503291672 0.04933410171398468 0
-0.5039957047844608 0.09683115541102913 0
-0.4707294143581687 0.135580488252947 0
0.06760802436228112 0.06492906631290013 0
0.097899907662434 0.1041918583853949 0
-0.1061155444875483 0.2615931011846806 0
-0.3632933791210951 0.2094760947597385 0
-0.4124418961296623 0.2160782391883527 0
0.4878914989444501 0.05033537410476331 0
0.02588089146833128 -0.05946145433321546 0
-0.337015384072557 0.03261847350644329 0
-0.06098089295202198 0.03887056311036293 0
-0.1101294101323796 0.04547270778909433 0
-0.2764315951437208 0.1111440776226768 0
0.0298947569456572 0.1566589393180225 0
0.1093351572541246 0.1893195869605614 0
-0.08385139218361312 -0.1313848940170589 0
0.2036183257958855 -0.04000509555239268 0
0.3053228784543267 -0.4003224431431191 0
0.1167565413707576 0.05832692188282505 0
0.268200376555512 0.2545526907418387 0
0.358445668107842 -0.1907375613512288 0
0.4520699610864661 0.1425849941690273 0
0.4841431438510098 0.1832690608443314 0
0.3361917693361616 0.2021617389499987 0
0.3172628820732213 0.2479629110134927 0
0.06661378130815444 -0.4978176183297062 0
-0.1291585043648193 -0.4686658183774327 0
-0.1099557868481395 -0.5155331407477263 0
0.04584752065267002 0.4580771447082111 0
0.03162577977050006 0.5068709328496497 0
0.2298963436209174 -0.2168626971327546 0
0.07904327395406463 0.1500567948879983 0
0.3681715906802288 -0.3167364536920059 0
0.0030103922873682 -0.2297169114853229 0
-0.09869416035578457 0.1306004362207062 0
0.07502940847868328 -0.066063598764667 0
0.4190275397533814 -0.1122484279415771 0
-0.3810246115867298 0.2544727658800821 0
-0.4274115708422296 0.2643704576576775 0
-0.4609457855764992 0.2241901243090852 0
-0.4336385349322457 0.3114707074386104 0
0.1396270405541528 0.2285823790331479 0
-0.1255785250294209 -0.2557754146978997 0
-0.423494437659436 0.1306218161479633 0
-0.2838529788102022 0.2421367424208165 0
0.2487529773292698 -0.2627276336353457 0
0.1127426758958043 -0.1577934717701548 0
0.2224749595042396 -0.08587003205498497 0
0.3624991264127053 0.02531619973277013 0
0.1773403079708577 0.1368525060279659 0
0.2339102090959145 -0.0007423034798067357 0
-0.2421537942700915 0.3663192064215089 0
0.1281917909624693 0.1434546504579761 0
-0.3329108204566882 0.2486689293121599 0
0.07162262905207138 0.2810464461924173 0
0.1207702645497955 0.274436320054777 0
-0.1935837337609445 -0.2033082847599733 0
-0.174727051732718 -0.2491732620817363 0
-0.4420701410189998 0.1767286982696062 0
0.2716234765126207 -0.09247217648498991 0
0.05215890929574842 -0.2363190559153278 0
-0.3707147632380041 0.3404687598357821 0
-0.2164541749300292 -0.3735637909152672 0
0.05276738932750297 0.3269080800066521 0
0.2184610940292419 -0.3019904257079323 0
0.02247389222425817 0.2876499597556851 0
-0.07582366118765281 0.3008558932562734 0
0.4673955964311471 -0.1194140893100319 0
0.03330227558739635 -0.1904541194127364 0
-0.2603042237706666 0.4121991609809884 0
-0.2485542121049103 -0.4111566187890122 0
-0.06438835027538119 0.385983486699959 0
-0.08330442696407792 0.4314061754021599 0
-0.07290144635485374 0.5181158676796112 0
0.1881691560028124 -0.3412397895993475 0
-0.02667501695375573 0.2942533851182665 0
0.1390234829811354 -0.3346203332495111 0
0.0635941588874241 -0.15119132734015 0
0.1087389426277477 -0.3738330986720292 0
0.04473752517860438 -0.1053263908372159 0
0.05958508484778889 -0.3672805236821008 0
0.02930398059283999 -0.4064722719397345 0
-0.004410991832159917 -0.09872424640546154 0
-0.1329999108736 -0.1247827482499564 0
-0.05355950890562927 -0.09212210192840209 0
-0.2730711922073386 -0.2359893289078025 0
-0.1404212945255997 0.006209916336393475 0
-0.1289860438379238 0.09133764441232436 0
-0.3181590124870819 -0.0132463018463711 0
-0.257574964040503 0.06527914144232835 0
-0.1969911945143908 0.1438047260238683 0
-0.227283079268058 0.1045419337898106 0
-0.2878669047015633 0.0260163710690863 0
-0.4273714344471419 -0.08564584032890366 0
-0.3975139614295913 -0.04598530783395659 0
0.2795903296561856 0.3393154165691573 0
-0.491224049968917 0.1836882190335765 0
0.3815982693357605 -0.3804562813282713 0
0.4853470708459389 -0.1642881592055501 0
0.511710397998671 -0.207730654842228 0
0.2020147463434709 -0.4721274163763883 0
0.2305852688409513 0.3452018195359465 0
0.3136112619505616 0.3792306690021132 0
-0.01707979186904113 0.5127296834362719 0
-0.1950936615321734 0.4904079565960074 0
-0.2813872440731101 0.4657342949222526 0
0.206926007307927 0.520007752451453 0
-0.5042824871570919 0.2411925532503425 0
0.3186401654610626 -0.4476823917012554 0
0.1124849061064753 0.5375970133805095 0
-0.499291745202575 -0.2461645722206341 0
0.1574911608007127 -0.5375752536865925 0
-0.3896368386775421 -0.3959645898034381 0
0.4570558377985264 0.3223810089875239 0
0.2437001485858743 -0.5022454783005463 0
-0.1122858307133608 0.5486860248148223 0
0.5484427479150721 -0.1149963513200372 0
0.5457582923632474 0.116572710962414 0
-0.3189540462078667 -0.4547789025753609 0
0.01757203943850189 0.5544087779208114 0
-0.3586918382899873 0.4263310883156836 0
-0.5461575927867918 0.1186772776716766 0
-0.5598406862290509 -0.02205305719809247 0
-0.3906848130164282 0.3924261789013409 0
0.5598904810045825 0.02315724158907268 0
0.5573668553212613 -0.02156063369061562 0
0.4560557315609831 -0.325617533723131 0
-0.5581195919969013 0.02558198499326785 0
0.02043511469406881 -0.5608528647670941 0
0.3970921063183834 0.3970921063183855 0
0.5269118265164955 0.2048920061610771 0
0.118875029045054 -0.5530508345012545 0
0.3266329663924147 0.4574779335030761 0
0.2743811335985271 -0.4345991711399715 0
0.4558218754748497 0.224865604934921 0
0.4979546387190077 0.1331667792170876 0
-0.45121152929103 -0.2552775723709857 0
-0.395218868717433 0.2967406029469611 0
-0.3111371372002325 0.4115043053938722 0
-0.5475185677518404 -0.1121499878567101 0
-0.07219861053139712 0.5626406716306402 0
0.5144026964373856 0.08459199474417042 0
0.4714974077376954 -0.2454641846670976 0
0.4867576192064984 0.2908359594479468 0
0.5209478710124053 -0.04002355636664898 0
-0.2498289155858712 -0.5051757574647138 0
-0.5299635773071903 0.2048078404930677 0
0.4151024062757025 -0.3193927925437196 0
0.5077037103632577 -0.1279111102439812 0
0.2489386988392487 0.5092122474540122 0
0.4413436105333595 -0.2829735866422558 0
0.4173817116220931 0.3148543644490546 0
-0.2063538252992754 0.5288395309074494 0
-0.06062168452605513 -0.5112636357343036 0
-0.3435003062710255 -0.3881372920126725 0
-0.11673353936649 -0.5567277776130195 0
-0.2753958347634751 -0.4398649965761897 0
0.1672836276557061 -0.4989660792894701 0
-0.02351744040214874 -0.5685992853731016 0
0.2460675203551936 -0.4635066217378399 0
-0.1227157658889316 0.5104953766091229 0
0.03847887011234465 -0.5243976001283306 0
-0.5167171924006499 -0.07794388053036941 0
-0.4645044035231934 -0.3316497695600908 0
0.5121520095032264 -0.2514881167421094 0
0.5266160185479358 0.04387950524392386 0
-0.1578691677810588 -0.4961574937808341 0
-0.5215642211519814 0.0494485805531141 0
-0.465017679060536 0.3321130105371378 0
0.4057186174875471 -0.4057186174875428 0
0.3889186235800369 -0.3477366866236459 0
-0.5094596178201547 0.137874055977877 0
-0.4060649881231847 0.3270930691572784 0
-0.5278779528747745 -0.040216310206417 0
3 1 0 446
3384
3385
3386
3387
3388
3389
3390
3391
3392
3393
3394
3395
3396
3397
3398
3399
3400
3401
3402
3403
3404
3405
3406
3407
3408
3409
3410
3411
3412
3413
3414
3415
3416
3417
3418
3419
3420
3421
3422
3423
3424
3425
3426
3427
3428
3429
3430
3431
3432
3433
3434
3435
3436
3437
3438
3439
3440
3441
3442
3443
3444
3445
3446
3447
3448
3449
3450
3451
3452
3453
3454
3455
3456
3457
3458
3459
3460
3461
3462
3463
3464
3465
3466
3467
3468
3469
3470
3471
3472
3473
3474
3475
3476
3477
3478
3479
3480
3481
3482
3483
3484
3485
3486
3487
3488
3489
3490
3491
3492
3493
3494
3495
3496
3497
3498
3499
3500
3501
3502
3503
3504
3505
3506
3507
3508
3509
3510
3511
3512
3513
3514
3515
3516
3517
3518
3519
3520
3521
3522
3523
3524
3525
3526
3527
3528
3529
3530
3531
3532
3533
3534
3535
3536
3537
3538
3539
3540
3541
3542
3543
3544
3545
3546
3547
3548
3549
3550
3551
3552
3553
3554
3555
3556
3557
3558
3559
3560
3561
3562
3563
3564
3565
3566
3567
3568
3569
3570
3571
3572
3573
3574
3575
3576
3577
3578
3579
3580
3581
3582
3583
3584
3585
3586
3587
3588
3589
3590
3591
3592
3593
3594
3595
3596
3597
3598
3599
3600
3601
3602
3603
3604
3605
3606
3607
3608
3609
3610
3611
3612
3613
3614
3615
3616
3617
3618
3619
3620
3621
3622
3623
3624
3625
3626
3627
3628
3629
3630
3631
3632
3633
3634
3635
3636
3637
3638
3639
3640
3641
3642
3643
3644
3645
3646
3647
3648
3649
3650
3651
3652
3653
3654
3655
3656
3657
3658
3659
3660
3661
3662
3663
3664
3665
3666
3667
3668
3669
3670
3671
3672
3673
3674
3675
3676
3677
3678
3679
3680
3681
3682
3683
3684
3685
3686
3687
3688
3689
3690
3691
3692
3693
3694
3695
3696
3697
3698
3699
3700
3701
3702
3703
3704
3705
3706
3707
3708
3709
3710
3711
3712
3713
3714
3715
3716
3717
3718
3719
3720
3721
3722
3723
3724
3725
3726
3727
3728
3729
3730
3731
3732
3733
3734
3735
3736
3737
3738
3739
3740
3741
3742
3743
3744
3745
3746
3747
3748
3749
3750
3751
3752
3753
3754
3755
3756
3757
3758
3759
3760
3761
3762
3763
3764
3765
3766
3767
3768
3769
3770
3771
3772
3773
3774
3775
3776
3777
3778
3779
3780
3781
3782
3783
3784
3785
3786
3787
3788
3789
3790
3791
3792
3793
3794
3795
3796
3797
3798
3799
3800
3801
3802
3803
3804
3805
3806
3807
3808
3809
3810
3811
3812
3813
3814
3815
3816
3817
3818
3819
3820
3821
3822
3823
3824
3825
3826
3827
3828
3829
-0.5332630917357478 -0.06232397063194058 -0.0591669532200854
0.5489992447927202 0.0448172590222649 -0.06035786325897809
0.5060482253799259 -0.2743787461541043 -0.05989003355455342
0.5327540014935654 -0.02210213460653121 -0.06100773642740281
-0.3536349859795311 0.4519883505429464 -0.05977674864243423
0.2687805214229043 0.5082215904424296 -0.06110812454314725
0.1845514848352479 -0.5420560592585703 -0.05895198511135664
-0.541542911986342 -0.1845782561759214 -0.05985124707082849
0.2046810067767262 0.4944747986995578 -0.06034347516580595
0.5622155063866854 0.1673788082487138 -0.06000000000000002
-0.5719345661789142 -0.112951129815775 -0.05883806203822355
-0.2842624187870058 -0.13338634914194 -0.05994556520631984
-0.4027034322517051 0.3455614399298487 -0.0612257209624441
0.4551964770160608 -0.0173906159660235 -0.06020752629199678
0.2223637199647886 -0.2729380050582325 -0.06004455148056963
0.05347209290890734 0.1384686407727082 -0.06012270418657047
0.158047016539378 -0.1930129191767901 -0.0598759045549425
0.1857689022950382 -0.3689777860243296 -0.06014319939410158
0.5393578919824102 -0.08583835524023835 -0.05993921937287759
0.0560707826631599 -0.2080203933032899 -0.0597797462588515
0.02418280193516027 0.3151618867495643 -0.06021854483208303
0.01790747251300963 -0.3050580558706393 -0.05995808434869006
-0.1447203616076471 -0.02179002020236881 -0.05984301742125972
-0.2851833810017947 0.2147809992412474 -0.06027571226441841
0.1928002971232908 0.2519417089170398 -0.06005006389944578
-0.4563532175193167 0.3111127233040373 -0.05959519440041924
0.2192265468735646 0.07321985418553389 -0.05973977261681779
0.07455635491401502 -0.4413823917696759 -0.05857027147417491
-0.256554401855791 -0.3096240476666021 -0.05994665072828376
-0.3118945978339669 0.04455413101833652 -0.05997867522633155
0.2953266510105132 -0.07944282490645908 -0.06031227879313252
0.2901334760939583 0.04532229906662687 -0.06040103240362452
0.1936985978456656 -0.09770097204165888 -0.06009243521546269
0.2496580580773428 -0.4387036873298857 -0.05896937435055181
-0.2497493456482985 0.3097754440050527 -0.05954681421913784
0.3619878387946699 -0.1625173895344787 -0.05965980706967311
-0.08522909159461395 0.02626170653537454 -0.06014788911192882
-0.1155703477708531 -0.1980431736928089 -0.06006724441305693
-0.1487324277262444 0.3257894570266092 -0.0598214395840512
-0.109590175592145 0.422795181148161 -0.05995951541471098
0.02625100949148812 -0.03250051659286838 -0.06026355444757557
-0.1152020470209526 0.2042397919726011 -0.05984661477606897
0.359472227971654 0.1891023696326621 -0.06039572458393086
0.1316768963072026 -0.01684095796242351 -0.05968027018587225
-0.008635483276228279 -0.1301727389287305 -0.06010410331806867
0.2642518991605948 0.2263173906814782 -0.05949162636973386
0.3852368612156545 0.008343445941623616 -0.05954316098924606
-0.1741321542185737 0.1574853403644429 -0.06031802928368882
-0.005907398568984271 0.0903306753665214 -0.05986152781892647
-0.3815954871074606 0.07322923206323076 -0.06044930306186982
0.3228154087982478 -0.257234532079441 -0.05996123998033319
0.01185052273313671 0.3905171898278006 -0.0596649530416219
-0.08169224595783962 -0.3209511300921791 -0.0600153458092488
-0.2545863809533551 0.09331661777139784 -0.05953870991309634
0.1235848081202987 0.1091587672072566 -0.06043124031436331
-0.03636980537916798 0.2704164117737952 -0.0605934148316881
-0.05024626463933091 0.5734786766586414 -0.05999999999999996
-0.214912483658164 0.01039285893087798 -0.06070162330427038
-0.3557553329388385 -0.1068484255332789 -0.05980821900951219
-0.2240420524178925 -0.08585899311724249 -0.06012938016741835
-0.1291113088345476 -0.09583473151267112 -0.05937560709223354
-0.5437491191668665 0.185862633214516 -0.06039546865096878
0.03953916742190466 0.2142416234394553 -0.05970723186502518
0.0979483308299878 0.2907669980515726 -0.0594747358164216
0.2116837497097194 0.1509722617833733 -0.06062479148579727
-0.4845605594406773 -0.1044247403321596 -0.05910680567869103
0.1834943918722088 0.326740774713323 -0.06053244130597567
-0.3938779364889418 -0.01760991003013048 -0.05926680720337252
-0.1554661783472428 0.08045076328628387 -0.05916993570119614
-0.1940668144905245 -0.2655690589194156 -0.06063753401277984
-0.3857530040417446 0.1954873244358498 -0.06019729490314754
0.3469370099911252 0.09934439387441539 -0.05928683812882678
-0.2724304754563044 -0.2089276395977347 -0.06005116511660793
0.2074300756597763 -0.01162918602733211 -0.05912686703280032
-0.03008911850149184 -0.3772011194279898 -0.06088319760959052
0.1329055642557871 0.2024513708239485 -0.0598800379772343
-0.04994987458490421 -0.2514906765803774 -0.05910787118695832
-0.04837771122222229 -0.053547109666476 -0.06064057811563327
-0.3001525847059705 -0.03265208806430812 -0.06005126482587299
-0.1219688907766375 -0.4151439893007286 -0.05950050134462406
-0.04292104385051104 0.1733139716415318 -0.06036986858254247
0.1015971559279291 0.3831870162758865 -0.06073649813124733
-0.1892428298611509 -0.1709934190396586 -0.05983791537029551
0.06760626376768145 -0.1213239097073611 -0.05934812279042546
-0.1634939080572336 -0.3517900258206048 -0.05910478382603232
-0.181744194928612 0.2573083630923927 -0.05898341223876548
0.06723205667346085 0.03796572357448814 -0.0597500934527862
-0.06856173020142374 0.3549160766366405 -0.05955684488212962
0.409198953693312 -0.2614935062244663 -0.06097927009027004
0.2855486584229014 -0.1750484490001711 -0.06033472733905525
0.3777545380611085 -0.0804038085251756 -0.05990902042665993
0.1620705797127111 0.4278525881282284 -0.06076178676150883
0.2706881576192757 -0.3772898275686656 -0.06133832421617979
-0.3278464976247185 0.1436232031463717 -0.06004311874769636
0.42388303712776 -0.3892078388704761 -0.05979986931150992
0.09457856854975374 -0.2930130126790472 -0.06002509789735213
0.3180512211572813 0.2750439162866094 -0.05960839826933897
0.5051028359101425 0.2717453830665698 -0.05999999999999996
-0.4431816148664104 -0.1982945279979359 -0.0595803467908863
-0.3627412292846163 -0.1982181694703686 -0.06012513683698303
-0.5871648771534841 -0.02428531895820727 -0.06001217788811024
0.5976288694279716 -0.02471811288006558 -0.05999999999999982
-0.3735250208190724 0.2880868747233484 -0.06008736265014526
0.4197024395708603 0.3890629348534655 -0.06081699553131602
0.2886513870548409 0.1449244061261164 -0.06006852281655597
-0.08753824901679427 0.1083782407049705 -0.0600706252195469
0.4368385972624649 0.3079395767258692 -0.06106426552568791
-0.1853730627757863 0.4165337565442942 -0.05859845554285417
-0.3297388242187432 -0.3769087548949623 -0.06197601756451641
-0.2156484607621594 0.5526596401349798 -0.05999999999999994
-0.3013716713957313 -0.4350647922377992 -0.05913626778129391
0.06922460067100328 0.4394812328009071 -0.05867709864727249
-0.3238946244549207 -0.2794370215852161 -0.06156556138816382
0.3913187214471112 -0.3236877764417205 -0.05943756780113263
-0.2756623870054204 -0.5037850341296615 -0.05999064919853475
-0.2462015323685901 -0.3849639876489785 -0.06052758626264081
-0.02456345974945326 -0.5938897014725433 -0.06000000000000021
0.2479521687739686 0.3222222992198486 -0.06070200223531111
0.4177687035780814 0.06428122403482164 -0.05969426069684663
0.3095422839524937 0.3416456452724664 -0.06100966022173396
-0.3781737319054708 -0.4465088815265251 -0.06000000000000041
0.4384406624496815 0.2435830525256448 -0.05912397268263692
-0.5740712746625332 0.1203700882814088 -0.05999999999999998
0.2574951611070809 -0.5267147707738973 -0.0600000000000002
0.08604870112459345 -0.3564039073751568 -0.05727231623407014
-0.4678786838556406 0.1641495244950568 -0.05881949116321487
-0.1003020954013222 0.5248937038088853 -0.05948162150321096
0.4302933705434649 0.1605576997533705 -0.05951466465743913
-0.1219367240431261 -0.5815429032166332 -0.06000000000000021
-0.1321192517840009 -0.2820458741228142 -0.05769712190257689
-0.4834751215715294 -0.258591889486426 -0.06084226479354136
-0.3944583551790576 -0.3697604330076678 -0.05946524463483035
-0.06889717917058595 -0.4930888314007726 -0.06012875138137459
-0.06847396776286392 -0.1518714820419858 -0.0582973296034167
-0.1189289365487785 0.2696301685331778 -0.06178337555966882
0.09286812405304221 0.567908226014986 -0.05999999999999996
-0.2577418916456022 0.1575094568933537 -0.06205790677100573
0.1401302708717438 0.04608872010946975 -0.05778487378079413
0.3309196265225081 -0.02692578067217044 -0.06211300317115
0.537857222354341 -0.2168890812374343 -0.05999999999999985
-0.001880289199496983 0.02431107600737993 -0.06212925664747391
-0.04627992149732079 0.4198096586990491 -0.06199392736303325
0.5176546553737325 0.112765306633893 -0.05951680330045193
0.1394892766519464 -0.4403417467449627 -0.06041083928270944
-0.4186725900915714 -0.0979778942904439 -0.06175189052223273
0.1266150086657438 -0.09847254514536216 -0.05774812910610536
-0.008170158624157039 -0.4704453989915474 -0.05936755129360859
0.2223525156263826 -0.1731944146107116 -0.06219191417698462
0.1577685284205937 -0.2924766860599313 -0.06209509745620485
0.4232492766183052 -0.1780373079185057 -0.05817964640495215
0.4707103851078941 -0.3446598122881258 -0.05999999999999981
-0.4420283931993457 0.02569864691129323 -0.06121948289500794
-0.481460432669965 -0.02476785971069145 -0.06208772748155975
0.3578387050207769 -0.3879306241045748 -0.06119684573378428
0.1280408749951612 -0.5712398502218924 -0.06026621656395623
-0.4082784089658456 0.4174479269606218 -0.05999999999999994
-0.3396797657336197 0.3535973049903106 -0.05771877214869605
-0.02273770139167526 -0.1948759601381435 -0.06150152516706339
-0.4765995468279152 0.09978372035188296 -0.0604397387640357
0.3070841985066209 -0.4841695757819302 -0.06086755297573195
-0.3989914814896803 0.1338327245245409 -0.05805540354101833
-0.3097590993378568 0.2914311202296793 -0.06232114682753707
0.2374818447739293 0.3863278021843519 -0.05997277397579194
0.2695185991676509 -0.3141893505941183 -0.06241728792770358
-0.2167367452383039 -0.5547675723127043 -0.05999999999999978
-0.03909750970653692 0.5078734039073407 -0.05939138583708567
0.4737150903665067 -0.09025363169669492 -0.05865036174098863
-0.216399820203898 0.3624424673223727 -0.0577434680891326
-0.1708880367412136 0.5037978658941558 -0.05959324075895606
-0.2231503124352128 0.210909676043256 -0.05799836683222093
0.2683415239251594 -0.02357778507331376 -0.05808563030074434
0.3787054037191682 0.261096630347687 -0.05774581646531221
0.5908768552458837 -0.1238938479741856 -0.05891282242667959
-0.5703651208235589 0.05031245116185323 -0.05999999999999997
0.3422702963671204 0.4793793768305685 -0.05999999999999987
0.3719255265724916 0.3483780217135243 -0.05857319869491298
0.02879509483939681 0.5796787765811476 -0.05899474273681895
0.1119678293203499 -0.2338739458125936 -0.0599785672142247
0.2257013469808631 0.5528173140423613 -0.05999999999999992
0.08345048089781344 -0.05486181094384842 -0.06034446611994124
-0.4922917514373306 0.2223019756507261 -0.05896690180864816
-0.5411342962055593 0.2645444375468812 -0.05956055713464492
0.5005264176584162 -0.1485585895354142 -0.06036065396906346
0.4877375091463222 0.3482141983486627 -0.05999999999999983
0.2109054490937005 -0.4864751985985504 -0.06236761679022358
0.01896488471249637 -0.4146415932295407 -0.06028932148149524
-0.4582888884140355 0.3731476717007659 -0.06000000000000001
0.04453513876123567 -0.5500882528849841 -0.05966171797314829
0.3346508584446758 0.4009899915378488 -0.05871849929262848
-0.2785383592308568 0.3649609385911118 -0.06050429223910125
0.475619220774361 0.0413828897295495 -0.06033800353594274
0.01825477922066731 0.4787359121911119 -0.05863238426944598
0.4626464331211303 -0.2300968873398873 -0.05941657325333366
-0.062429135098764 -0.4290627556249545 -0.05903158756261011
-0.1331479553951792 -0.4932371625928339 -0.05923941667296794
0.3807446931279908 -0.4495444097059312 -0.0600000000000002
-0.3877717207897178 -0.2742716845464603 -0.06121888876716838
0.3076980354907352 -0.424325739531776 -0.06157720427441109
-0.4849038291872828 -0.3462146795358381 -0.05999999999999957
0.2868687514504548 0.4462624608166866 -0.06057955763927816
0.5476641669932982 0.2272260696273747 -0.06000000000000001
-0.1846865854044281 -0.4109560329147037 -0.06094804549727604
0.2500824864531007 -0.1195554458177597 -0.05860091005399771
0.2675337482378937 -0.2327525575754228 -0.05863798009340478
-0.122826775384605 0.5857877527088173 -0.06000000000000005
0.1025770284906571 -0.1700786005889635 -0.06238614792637611
0.3304886486833993 -0.3178647568688204 -0.06036533478090342
0.009602164058584267 -0.2457629054132464 -0.06284999719501791
-0.5460170494733577 -0.2583487245658392 -0.05999999999999969
-0.01988687886521146 -0.5316861190577097 -0.06241027863573961
0.08837092346509229 -0.5036898808288491 -0.05972044622550953
-0.2160236978712667 -0.476788168622062 -0.06056917533234421
-0.5039058257983418 0.03334008290054256 -0.05769185182419214
0.1207678519725795 0.474635837205043 -0.06020746472458838
0.5794030500120744 0.1078667788968345 -0.05999999999999995
-0.619350457461152 -0.2029577414968241 -0.05156604418006189
-0.3415329407164311 0.2367533785386991 -0.05868780514747592
-0.4320307344300678 0.2364723369686396 -0.05519743118294989
0.5023474032441408 0.1845150476528755 -0.05954077443019694
-0.4029639652471213 -0.154826825196223 -0.05414110888697762
-0.3365249395778629 -0.5146328640451708 -0.06
-0.2561012903957113 -0.6122396211986674 -0.04958546644682205
0.259630110799258 -0.5864121432516981 -0.05489843903271919
0.2983154320171138 0.5603171252534906 -0.05433969023211011
-0.2308531566279147 0.4782440956526894 -0.06006902725249602
-0.3039046016399485 0.4941938361774016 -0.06000000000000002
0.4222609308850898 -0.1190715762693978 -0.05848948765796285
0.3678752938989535 -0.2203947126570349 -0.06498394821796259
0.4582726610909645 0.1079603809232742 -0.05715639375642829
-0.6328203876638331 0.0561316177637257 -0.05511593459171462
-0.6007249826665991 0.2073477875154223 -0.05428102189641013
0.6095070802447455 0.05449367451784792 -0.06002560579275128
0.160637986645438 0.5593338430209424 -0.06000000000000007
-0.4882804161098525 -0.1621272908398128 -0.05781176469540739
-0.432916125280234 -0.4180204830865524 -0.05999999999999973
-0.1988291219036416 -0.6147223566312988 -0.05441059849906852
0.07085882204107033 0.5105151685713184 -0.05977902706281947
-0.3028096649882883 0.5616440005015522 -0.05420636531458967
-0.5094901360203147 0.3405074109988718 -0.05902513094470759
-0.2472972768482935 0.4184881507275124 -0.06027014544513023
0.5289748581533136 -0.3299401075771411 -0.05413939369417333
-0.4416285212201095 -0.3030978162881607 -0.0604800838577513
-0.3569833707653702 -0.3263606483196902 -0.06260463801156831
0.5570697422193049 0.3024930179218068 -0.05465787024928628
-0.4687398923023547 0.4410987061574964 -0.05281010423783607
0.3929899103737143 0.4445086101886044 -0.05999999999999993
0.3173161106707535 -0.1299971815658764 -0.04937416045171524
0.1463107612574472 -0.4980849537150824 -0.05454023381618134
-0.202012237942654 0.1097972715073451 -0.07006447008771051
0.08975680434951412 0.2365006089415614 -0.07105655731767394
-0.2452822779974682 -0.03521833391276183 -0.04912814355507079
0.156826840092491 0.1528869688180636 -0.04957052609840414
-0.1443004694699271 0.3803849674243662 -0.07118398045243481
-0.3036060212025678 -0.5650389972021453 -0.05478994165537428
0.3541608157165225 0.5379777847880243 -0.05340722883126023
-0.3514487018138001 -0.0521786128504767 -0.07071229770012322
-0.1792633135330749 -0.1172729785539207 -0.07112987378070879
0.0248870058275852 -0.08706122980872251 -0.04880867678066748
-0.01490089179127674 0.2202211881187658 -0.04942990037659878
0.4641668954385739 0.4300130114056061 -0.05466486511558591
0.1944439080301665 -0.4252703727073571 -0.06596896858901569
0.3448172437326923 0.04492414970429161 -0.0708009928044768
-0.3062202425805586 0.4170060860637002 -0.0622485188876391
0.02988071019990533 -0.3597610249058841 -0.05296687188805305
0.1294075411238231 0.3359385125178621 -0.05047266190445449
0.5978512519223869 -0.2036202386221597 -0.05446172257866874
0.05712665959359715 0.6404794303066839 -0.05447120965247784
-0.5962698677335653 0.2847393829960707 -0.05311603837232059
-0.6423897955049168 -0.06073686529492141 -0.05309736382989749
0.6048920892082708 0.2094478932681705 -0.05491157597316715
-0.2185321663808579 -0.2170046813916886 -0.04907659845573274
0.4542855203317955 -0.2923877206109288 -0.05288357336342858
0.4702200083045267 -0.4286373994161209 -0.05629620607329595
-0.01433932589258249 0.6218457706741299 -0.0545485839188793
-0.5200973242142755 0.1350872545466135 -0.07001415524864472
0.2014727401422284 -0.5988099909013926 -0.0533914234526151
0.2174369758139382 0.4393243084527246 -0.05188309349753471
-0.1394329779278103 -0.149274354482339 -0.04923376814433496
-0.08476644048383454 -0.3754050809162024 -0.07090719848945262
-0.4063015781669426 0.4747784487941436 -0.05437459548071805
-0.08209584047994532 0.4717846945943616 -0.06377618922917326
-0.1652976532677503 -0.2195371341253657 -0.07070457751751469
-0.2690821828605473 0.01157972353631308 -0.07109509494954744
0.04918868386237186 0.2673963756347618 -0.04851914819596294
0.2687549594413028 0.09477809271376711 -0.04880039888889229
-0.3428367589251628 0.0003417594481781548 -0.04886715814993504
-0.195230805041417 -0.04034063303556853 -0.07147328578156412
0.1391338716190075 0.255941523401023 -0.04848299877361339
-0.06536010915683543 0.2247875713964626 -0.07093156863878913
-0.1208076046166782 0.1506729925911692 -0.04851225012478685
-0.6188261681415624 -0.1456974561964916 -0.05466087416378172
0.3991549196854622 0.1156363634319282 -0.04928606853208955
0.17737950252651 0.1068669904024772 -0.07152240442252389
0.2028776126135967 -0.2228016512842624 -0.04872801766004815
0.4038057843894428 -0.5117091850517961 -0.05081234582089304
0.1864731398494971 0.1985711557897121 -0.07145634748200183
-0.653651093153755 0.001735929391270376 -0.05127103928168752
0.3200758398009005 -0.5657715454458462 -0.05391463918931384
-0.5131396097728512 -0.4020364329322568 -0.05129193677361573
-0.2510129853576251 0.2562282894627633 -0.07129780790486551
0.1601900206362237 -0.1395171767029491 -0.07160559448469631
0.08304440377274652 0.1830090012415359 -0.04810070475140334
-0.2482409374357176 -0.2568507183248556 -0.07216656469639481
-0.3949124185356664 -0.5035357227055342 -0.05518396910770734
0.07273254709756852 0.3378899465855676 -0.07143189346260045
0.2569606625940609 0.6025232064175685 -0.05330524285615839
-0.6120783708624759 -0.2933259799429551 -0.04898652635879993
-0.5358028862555837 -0.008994832265063962 -0.07225219713745981
0.2381206605832147 -0.06749086856246718 -0.07012910125190105
0.138043086182261 -0.3432866075983477 -0.06955991342495765
-0.3597468312691445 0.5096170551080513 -0.05497922040247663
-0.2551755593471081 0.5936236706656555 -0.0526790165714815
0.2179547870667137 -0.3262613767859733 -0.0489539289268132
0.01032239187135141 0.1697685731613214 -0.07208219557032473
0.3174383859988549 0.2216850978938429 -0.04789715973963498
-0.2770608982777696 -0.08064269087848984 -0.07214867592148888
-0.2313400642184797 -0.1384790162216629 -0.04757095939803534
-0.08183593778601488 0.656629398051443 -0.05280422403130253
-0.1646331601953993 0.02772993535505572 -0.04853180029790828
0.4229362080780302 0.5111715337506136 -0.05202862310009202
-0.3327759607600008 -0.1544457158396902 -0.07264422863063028
-0.07589743503608079 -0.09888941503321584 -0.04902459939575537
0.1896881744133514 0.6431079197325305 -0.04945762128651448
0.05311068317090786 -0.63601365889189 -0.05480486959288747
-0.07417070607410096 -0.5500608928723507 -0.06362327493841821
-0.2041234700458618 -0.3174612375638355 -0.0483583613846436
0.07453551763372576 0.09020549341864662 -0.04741013365279712
0.4281604376719912 -0.0633139959836688 -0.07193048123857355
0.1233936644354471 0.6423621931934527 -0.05415228443173983
-0.1011577509266632 -0.05135304578308043 -0.07207348457996046
0.1608836140300046 0.3747512167079856 -0.07136177824784101
-0.07781382241109924 0.3031515769759597 -0.07166766791441324
-0.05363531773139812 0.06822931078265951 -0.04782039613609936
-0.02771529498543279 0.3219408928992259 -0.04747525322466047
-0.3049646813411312 -0.3307739663277693 -0.04896317124815994
0.03368589301153412 -0.1608626920265316 -0.07233573183490499
-0.306379691210215 0.09625226969533136 -0.07333555623744142
0.1719455033286626 -0.05023145736696895 -0.04783509082222616
-0.622451632062212 0.1529591656357545 -0.05473951041071931
-0.1975408138738004 0.307263506468388 -0.04772015950847193
-0.1854545481798031 -0.6648527156131384 -0.04806195977695592
0.5210339071286041 -0.4021379767758259 -0.04990406918296908
-0.02995581599872043 -0.3250950907954714 -0.07267796915317079
-0.4350068489201484 -0.0485125427007016 -0.07400364000399848
0.1573244298360858 -0.6417496538186381 -0.05276824732305259
0.6463043767152286 -0.05741960010316856 -0.05412906732976863
0.618506395835188 0.1513980974751754 -0.05517921371742701
0.2417649972910111 0.02674562972631983 -0.07274855073553639
0.5130359784413508 0.4002201674865963 -0.05097534373577048
-0.2415240738145322 -0.6609091598099173 -0.04385456478656176
-0.32042949319614 -0.2276482805086028 -0.0739201020965255
0.5630590407996393 -0.2683687775328666 -0.05511620729426049
-0.1664521127244269 0.2084504277366456 -0.07294200269753304
-0.5358901421682039 -0.3164911296993166 -0.05355263143498982
0.2402059720337943 0.2713992977551694 -0.07347946920720179
-0.0770896253315831 -0.6179968573686617 -0.05461780880479255
0.3640143162323438 0.591511884359732 -0.04800761892446316
0.6448860545706702 -0.1402761957529547 -0.05252897459870134
-0.6749589656771194 0.08811520185785318 -0.04849277138011517
-0.1376737492240811 0.6561387064638163 -0.04850713458475706
-0.5414955303889508 0.3986264792299346 -0.0483930938607673
-0.04456348958271773 -0.003280564845163986 -0.0754512265295503
-0.1502474059101442 0.4556680027197016 -0.0476453243115325
0.2342414850417467 -0.6523963053320061 -0.04687846620533669
-0.01230360612474558 -0.648821562475296 -0.0548532346439542
-0.2133339951240136 0.06198695561950624 -0.05200923240682028
-0.203041049710617 0.6186492120818284 -0.05383334401997165
-0.3093661399184667 -0.6188154006582988 -0.0472559536437983
-0.03379930438705158 0.6796342450415315 -0.04934799303012862
0.05761855539280503 -0.2585764017756347 -0.04689486679420703
-0.1395904100091527 -0.6340558279111164 -0.05475523720228344
-0.3739277230810281 0.6152661714026666 -0.04620374161740814
-0.16188769897243 -0.5417813811064329 -0.05603366229361181
0.1315993445426724 -0.3900512520798793 -0.04515106870132497
0.1887418282032623 0.03432838724446974 -0.0435378366527867
-0.4777974382842374 -0.5168629486980375 -0.04565581288753034
-0.09906287838531966 -0.2444962515566791 -0.04362706696205471
-0.4314483978106475 0.07415838165902139 -0.04402414348077532
0.6179506780637165 -0.2970274525731712 -0.05008912645058294
-0.4566873726292673 0.4936939066401366 -0.04879989249515631
-0.5285736652448122 0.08480454327184182 -0.04822928864647708
-0.4986688526090274 -0.2105498888068894 -0.07355167776411642
0.1625198568524177 -0.24245688242476 -0.07446879833442804
-0.3598136804519519 0.4011830443672225 -0.04649744726193657
0.3149414496308457 0.6100585770104696 -0.05105603428367907
-0.6627820930074617 0.2339282548500871 -0.04566212055623622
-0.1044310038856576 -0.6898438208852378 -0.04860684901438878
0.406758733653573 0.2047180717141813 -0.04624794643867427
0.08771357468820576 0.7017345359593757 -0.04623261977285364
0.3488228554848382 -0.5186279753759877 -0.04880402565397578
-0.5296259583970592 -0.1370508595195241 -0.07417509054792115
0.5531853744061855 -0.164107359597201 -0.05167853723616345
-0.2493693723981441 -0.4372967793938374 -0.04669170679213205
-0.5829275560050773 0.3371377056629464 -0.04734071574437988
-0.6752749555116889 0.1423621853493527 -0.04839561448419725
0.3220041052413459 -0.2079950824988965 -0.04582173328636373
0.587316583320451 -0.07320893576376086 -0.0448730027911064
0.2526699960856439 0.1785887742623556 -0.07346439701888265
-0.04118082962460201 0.1242586373669586 -0.07401643508352725
0.04206408219768203 -0.4815015347399176 -0.04669196053855004
0.1823408853304665 0.6968601011560792 -0.04499696354271946
0.6878854113919178 0.02357712133875825 -0.04699696902434115
-0.4425088291403912 -0.473180616534537 -0.05217357207632373
0.3646774714830143 -0.2825001551441462 -0.07650989651873977
0.08454795863443949 -0.006944988260856103 -0.04357096286756317
0.5402180266075143 0.3534914861169232 -0.04771014983477635
-0.4907500960139566 0.2732664239794774 -0.07180381858354591
0.008488292803454624 0.5308169483276571 -0.04781049125400436
0.6587028580194539 -0.229458502395301 -0.04716860267896093
0.5880529383079707 0.2596237489835452 -0.04639039669060838
-0.4149224638912149 0.5283156604164047 -0.05137012591986014
-0.06860739216756567 -0.2042222310351676 -0.04254575301103553
0.121972831585573 0.525839294671533 -0.07544862405095262
0.2426588811332296 0.6532518617048854 -0.04677102032739936
-0.4327500576656138 -0.2486299255054261 -0.07201999965533075
-0.5164204310978932 0.4566178949442788 -0.04431961468090282
0.6401046784475036 0.2483444370218579 -0.04573740746021247
0.4441220010737398 0.5581220504408306 -0.0445189557015706
0.438243754215361 -0.5500259367899771 -0.04478067621070975
0.4928328174120371 -0.0440378148143659 -0.07889373077126202
-0.3271810596915249 0.1915395484730632 -0.07639179406176007
0.3368083035760128 0.1466865068698583 -0.04581483462267932
0.5785504386286789 0.3893737007428457 -0.04745616279069612
0.3569463683452035 0.3031507641600688 -0.07500433146703078
0.5327568828461507 -0.4605314302395973 -0.04497088616556674
0.5846025220223756 -0.3400470980757553 -0.0457483714551418
-0.664353729995235 0.285121424335414 -0.04383825194576352
-0.3232045438977996 0.6087246161848503 -0.05126112009926682
-0.1006713109675025 -0.4578144440676133 -0.04351795993733603
-0.3175209930913186 -0.07637206906247954 -0.04318052506127569
0.4918969420260451 -0.49527761307239 -0.04467415779463176
0.1787423710383874 -0.6905030841569486 -0.04258373657289575
-0.2356106060893673 -0.1789440172186959 -0.076429262167687
0.1155310180382742 0.1585276170247345 -0.07688104825432437
-0.6662099922281964 -0.1703240341927786 -0.04570178579307137
0.2283329212520823 -0.3964647258895852 -0.04384946227339185
0.6240756106383646 0.2998347365775196 -0.05094490289992731
0.4132795502091632 0.6010461551041937 -0.04310185922109624
-0.3761975803363218 0.02604644764691148 -0.07545218310036129
0.1330763420010742 0.7216144268107479 -0.04372059571910081
0.01132165151856428 0.2522586087759974 -0.07694809222880021
-0.1664991653493599 0.5592608379715293 -0.04324543858211766
-0.1098907069657392 0.06664468968262834 -0.04495951103653168
0.3302210817201786 -0.6228633845663948 -0.04668976398624782
-0.585044188939141 -0.3412042119155048 -0.05167305816870581
-0.1765439496385985 -0.07645901524695288 -0.04299965330334077
$EndNodes
$Elements
9 19490 1 19490
2 1 2 2053
1 1 1310 10 
2 10 1313 1 
3 1 1313 79 
4 90 1310 1 
5 2 1286 17 
6 17 1288 2 
7 2 1288 142 
8 216 1286 2 
9 18 435 3 
10 3 977 89 
11 435 977 3 
12 80 1251 4 
13 4 492 141 
14 4 1251 492 
15 11 1211 10 
16 10 1212 11 
17 1211 1313 10 
18 10 1310 1212 
19 12 490 11 
20 11 512 12 
21 490 1211 11 
22 11 1212 512 
23 13 1194 12 
24 12 1264 13 
25 12 1194 490 
26 512 1264 12 
27 13 430 14 
28 14 448 13 
29 13 1264 430 
30 448 1194 13 
31 14 1148 15 
32 15 1185 14 
33 430 1148 14 
34 14 1185 448 
35 16 510 15 
36 15 511 16 
37 510 1185 15 
38 15 1148 511 
39 17 924 16 
40 16 1126 17 
41 16 924 510 
42 511 1126 16 
43 17 1286 924 
44 1126 1288 17 
45 19 1248 18 
46 18 1248 435 
47 20 932 19 
48 932 1248 19 
49 21 457 20 
50 457 932 20 
51 22 1221 21 
52 21 1221 457 
53 23 1175 22 
54 1175 1221 22 
55 24 482 23 
56 482 1175 23 
57 25 1240 24 
58 24 1240 482 
59 26 1296 25 
60 1099 1240 25 
61 25 1296 1099 
62 27 474 26 
63 474 1296 26 
64 28 1163 27 
65 27 1163 474 
66 29 507 28 
67 507 1163 28 
68 30 1176 29 
69 29 1176 507 
70 31 1177 30 
71 30 1177 1176 
72 32 472 31 
73 472 1177 31 
74 33 1287 32 
75 32 1287 472 
76 34 1325 33 
77 1124 1287 33 
78 33 1325 1124 
79 35 503 34 
80 503 1325 34 
81 36 1161 35 
82 35 1161 503 
83 37 470 36 
84 470 1161 36 
85 38 1138 37 
86 37 1138 470 
87 39 1276 38 
88 38 1276 1138 
89 40 502 39 
90 502 1276 39 
91 41 1162 40 
92 40 1162 502 
93 42 468 41 
94 468 1162 41 
95 43 1157 42 
96 42 1157 468 
97 44 509 43 
98 509 1157 43 
99 45 1294 44 
100 44 1294 509 
101 46 478 45 
102 478 1294 45 
103 47 1344 46 
104 46 1344 478 
105 48 1290 47 
106 47 1290 1244 
107 1244 1344 47 
108 49 458 48 
109 458 1290 48 
110 50 1254 49 
111 49 1254 458 
112 51 1179 50 
113 1179 1254 50 
114 52 479 51 
115 479 1179 51 
116 53 1165 52 
117 52 1165 479 
118 54 504 53 
119 504 1165 53 
120 55 1280 54 
121 54 1280 504 
122 56 469 55 
123 469 1280 55 
124 57 1142 56 
125 56 1142 469 
126 58 505 57 
127 505 1142 57 
128 59 1230 58 
129 58 1230 505 
130 60 1297 59 
131 59 1297 1230 
132 61 471 60 
133 471 1297 60 
134 62 1164 61 
135 61 1164 471 
136 63 506 62 
137 506 1164 62 
138 64 1299 63 
139 63 1299 506 
140 65 1249 64 
141 64 1249 1092 
142 1092 1299 64 
143 66 473 65 
144 473 1249 65 
145 67 1184 66 
146 66 1184 473 
147 68 1178 67 
148 1178 1184 67 
149 69 508 68 
150 508 1178 68 
151 70 1154 69 
152 69 1154 508 
153 71 475 70 
154 475 1154 70 
155 72 1156 71 
156 71 1156 475 
157 73 494 72 
158 494 1156 72 
159 74 1220 73 
160 73 1220 494 
161 75 480 74 
162 480 1220 74 
163 76 1144 75 
164 75 1144 480 
165 77 493 76 
166 493 1144 76 
167 78 1242 77 
168 77 1242 493 
169 79 514 78 
170 514 1242 78 
171 79 1313 514 
172 81 432 80 
173 432 1251 80 
174 82 1316 81 
175 81 1316 432 
176 83 1272 82 
177 82 1272 927 
178 927 1316 82 
179 84 433 83 
180 433 1272 83 
181 85 1263 84 
182 84 1263 433 
183 86 491 85 
184 491 1263 85 
185 87 1275 86 
186 86 1275 491 
187 88 434 87 
188 434 1275 87 
189 89 1270 88 
190 88 1270 434 
191 977 1270 89 
192 91 513 90 
193 513 1310 90 
194 92 1143 91 
195 91 1143 513 
196 93 489 92 
197 489 1143 92 
198 94 1284 93 
199 93 1284 489 
200 95 1259 94 
201 1259 1284 94 
202 96 431 95 
203 431 1259 95 
204 97 1228 96 
205 96 1228 431 
206 98 1246 97 
207 97 1246 1228 
208 99 444 98 
209 444 1246 98 
210 100 1169 99 
211 99 1169 444 
212 101 1180 100 
213 100 1180 1169 
214 102 436 101 
215 436 1180 101 
216 103 1168 102 
217 102 1168 436 
218 104 500 103 
219 500 1168 103 
220 105 1171 104 
221 104 1171 500 
222 106 1174 105 
223 105 1174 1171 
224 107 437 106 
225 437 1174 106 
226 108 1328 107 
227 107 1328 437 
228 109 1215 108 
229 1215 1328 108 
230 110 496 109 
231 496 1215 109 
232 111 1285 110 
233 110 1285 496 
234 112 438 111 
235 438 1285 111 
236 113 1172 112 
237 112 1172 438 
238 114 501 113 
239 501 1172 113 
240 115 1209 114 
241 114 1209 501 
242 116 1132 115 
243 1132 1209 115 
244 117 439 116 
245 439 1132 116 
246 118 1139 117 
247 117 1139 439 
248 119 498 118 
249 498 1139 118 
250 120 1189 119 
251 119 1189 498 
252 121 1088 120 
253 1088 1189 120 
254 122 441 121 
255 441 1088 121 
256 123 1159 122 
257 122 1159 441 
258 124 499 123 
259 499 1159 123 
260 125 1167 124 
261 124 1167 499 
262 126 1182 125 
263 125 1182 1167 
264 127 443 126 
265 443 1182 126 
266 128 1173 127 
267 127 1173 443 
268 129 497 128 
269 497 1173 128 
270 130 1166 129 
271 129 1166 497 
272 131 445 130 
273 445 1166 130 
274 132 1207 131 
275 131 1207 445 
276 133 1170 132 
277 1170 1207 132 
278 134 442 133 
279 442 1170 133 
280 135 1151 134 
281 134 1151 442 
282 136 495 135 
283 495 1151 135 
284 137 1190 136 
285 136 1190 495 
286 138 1305 137 
287 137 1305 1190 
288 139 440 138 
289 440 1305 138 
290 140 1301 139 
291 139 1301 440 
292 141 1332 140 
293 1252 1301 140 
294 140 1332 1252 
295 492 1332 141 
296 142 860 143 
297 142 1288 860 
298 143 488 144 
299 143 860 488 
300 144 515 145 
301 488 515 144 
302 145 476 146 
303 145 515 476 
304 146 969 147 
305 476 969 146 
306 147 485 148 
307 147 969 485 
308 148 875 149 
309 485 875 148 
310 149 467 150 
311 149 875 467 
312 150 840 151 
313 467 840 150 
314 151 1231 152 
315 840 1231 151 
316 152 466 153 
317 152 1231 466 
318 153 885 154 
319 466 885 153 
320 154 886 155 
321 885 886 154 
322 155 465 156 
323 155 886 465 
324 156 882 157 
325 465 882 156 
326 157 919 158 
327 882 919 157 
328 158 464 159 
329 158 919 464 
330 159 877 160 
331 464 877 159 
332 160 879 161 
333 877 879 160 
334 161 462 162 
335 161 879 462 
336 162 1198 163 
337 462 1198 162 
338 163 1277 164 
339 163 1198 859 
340 859 1277 163 
341 164 461 165 
342 164 1277 461 
343 165 1237 166 
344 461 1237 165 
345 166 846 167 
346 166 1237 846 
347 167 484 168 
348 167 846 484 
349 168 855 169 
350 484 855 168 
351 169 463 170 
352 169 855 463 
353 170 873 171 
354 463 873 170 
355 171 872 172 
356 171 873 872 
357 172 460 173 
358 172 872 460 
359 173 866 174 
360 460 866 173 
361 174 483 175 
362 174 866 483 
363 175 867 176 
364 483 867 175 
365 176 459 177 
366 176 867 459 
367 177 868 178 
368 459 868 177 
369 178 486 179 
370 178 868 486 
371 179 929 180 
372 486 929 179 
373 180 477 181 
374 180 929 477 
375 181 901 182 
376 477 901 181 
377 182 902 183 
378 901 902 182 
379 183 446 184 
380 183 902 446 
381 184 896 185 
382 446 896 184 
383 185 898 186 
384 896 898 185 
385 186 449 187 
386 186 898 449 
387 187 1279 188 
388 449 1279 187 
389 188 1210 189 
390 188 1279 1210 
391 189 452 190 
392 189 1210 452 
393 190 1219 191 
394 452 1219 190 
395 191 895 192 
396 191 1219 895 
397 192 453 193 
398 192 895 453 
399 193 909 194 
400 453 909 193 
401 194 912 195 
402 909 912 194 
403 195 456 196 
404 195 912 456 
405 196 905 197 
406 456 905 196 
407 197 481 198 
408 197 905 481 
409 198 907 199 
410 481 907 198 
411 199 908 200 
412 907 908 199 
413 200 455 201 
414 200 908 455 
415 201 862 202 
416 455 862 201 
417 202 1203 203 
418 862 1203 202 
419 203 454 204 
420 203 1203 454 
421 204 900 205 
422 454 900 204 
423 205 893 206 
424 205 900 893 
425 206 451 207 
426 206 893 451 
427 207 1232 208 
428 451 1232 207 
429 208 926 209 
430 208 1232 926 
431 209 450 210 
432 209 926 450 
433 210 913 211 
434 450 913 210 
435 211 887 212 
436 211 913 887 
437 212 447 213 
438 212 887 447 
439 213 892 214 
440 447 892 213 
441 214 487 215 
442 214 892 487 
443 215 863 216 
444 487 863 215 
445 863 1286 216 
446 944 1222 430 
447 430 1264 944 
448 430 1222 1148 
449 431 1239 1217 
450 1217 1259 431 
451 1228 1239 431 
452 1146 1251 432 
453 432 1281 1146 
454 432 1316 1281 
455 433 1255 847 
456 847 1272 433 
457 1030 1255 433 
458 433 1263 1030 
459 974 975 434 
460 434 1270 974 
461 975 976 434 
462 976 1275 434 
463 435 1248 850 
464 850 1314 435 
465 435 1314 977 
466 1168 1191 436 
467 436 1181 1180 
468 436 1191 1181 
469 1012 1183 437 
470 437 1328 1012 
471 437 1289 1174 
472 1183 1289 437 
473 438 1135 1010 
474 1010 1285 438 
475 438 1331 1135 
476 1172 1331 438 
477 997 1000 439 
478 439 1139 997 
479 1000 1132 439 
480 965 1273 440 
481 440 1301 965 
482 440 1273 1035 
483 1035 1305 440 
484 1086 1087 441 
485 441 1159 1086 
486 1087 1088 441 
487 442 1151 1150 
488 1150 1291 442 
489 442 1291 1170 
490 1173 1319 443 
491 443 1206 1182 
492 443 1319 1206 
493 1169 1318 444 
494 444 1267 1246 
495 444 1318 1267 
496 925 1166 445 
497 445 1321 925 
498 1207 1321 445 
499 446 897 896 
500 446 904 897 
501 902 904 446 
502 887 888 447 
503 888 889 447 
504 889 892 447 
505 448 1185 838 
506 838 1187 448 
507 448 1187 849 
508 849 1194 448 
509 449 939 842 
510 842 1279 449 
511 898 899 449 
512 899 939 449 
513 450 914 913 
514 450 915 914 
515 450 1308 915 
516 926 1308 450 
517 893 894 451 
518 894 955 451 
519 955 1232 451 
520 841 853 452 
521 452 1210 841 
522 853 854 452 
523 854 1219 452 
524 895 1200 453 
525 453 910 909 
526 453 1200 910 
527 454 1233 900 
528 1203 1317 454 
529 454 1317 1233 
530 455 948 862 
531 908 930 455 
532 930 948 455 
533 456 906 905 
534 456 1300 906 
535 912 931 456 
536 931 1300 456 
537 457 1278 932 
538 457 1221 947 
539 947 1278 457 
540 458 1243 1072 
541 1072 1290 458 
542 1076 1243 458 
543 458 1254 1076 
544 867 1118 459 
545 459 871 868 
546 459 1118 871 
547 460 922 866 
548 872 1133 460 
549 460 1133 922 
550 461 844 843 
551 843 1237 461 
552 461 1141 844 
553 461 1277 1141 
554 879 880 462 
555 880 1247 462 
556 462 1247 1198 
557 855 1225 463 
558 463 874 873 
559 463 1225 874 
560 464 878 877 
561 464 881 878 
562 464 919 881 
563 465 883 882 
564 465 1253 883 
565 886 1253 465 
566 839 1053 466 
567 466 1231 839 
568 466 1193 885 
569 1053 1193 466 
570 467 928 840 
571 875 876 467 
572 876 928 467 
573 468 1157 845 
574 845 1256 468 
575 468 1256 1162 
576 1109 1112 469 
577 469 1142 1109 
578 1112 1113 469 
579 1113 1280 469 
580 1120 1161 470 
581 470 1258 1120 
582 1138 1258 470 
583 1116 1297 471 
584 471 1304 1116 
585 1164 1304 471 
586 472 1208 1177 
587 472 1226 1208 
588 472 1287 1226 
589 1184 1201 473 
590 1201 1204 473 
591 1204 1249 473 
592 1163 1303 474 
593 474 1307 1296 
594 1303 1307 474 
595 1038 1152 475 
596 475 1156 1038 
597 1152 1154 475 
598 515 516 476 
599 516 517 476 
600 517 969 476 
601 477 916 901 
602 477 937 916 
603 929 937 477 
604 478 1271 923 
605 923 1294 478 
606 1077 1271 478 
607 478 1344 1077 
608 1165 1322 479 
609 479 1265 1179 
610 479 1322 1265 
611 982 1220 480 
612 480 1268 982 
613 1144 1268 480 
614 905 1224 481 
615 481 934 907 
616 481 1224 934 
617 482 1341 1175 
618 1240 1292 482 
619 1292 1341 482 
620 866 921 483 
621 483 1218 867 
622 921 1218 483 
623 846 1048 484 
624 484 1250 855 
625 1048 1250 484 
626 485 969 858 
627 858 1339 485 
628 485 920 875 
629 485 1339 920 
630 868 869 486 
631 869 870 486 
632 870 929 486 
633 487 864 863 
634 487 865 864 
635 487 892 865 
636 488 852 515 
637 488 857 852 
638 488 860 857 
639 942 1143 489 
640 489 1336 942 
641 1284 1336 489 
642 490 1194 849 
643 849 1199 490 
644 1199 1211 490 
645 976 1029 491 
646 491 1275 976 
647 1029 1030 491 
648 1030 1263 491 
649 492 1238 966 
650 966 1332 492 
651 1146 1238 492 
652 492 1251 1146 
653 493 951 949 
654 949 1333 493 
655 493 1242 951 
656 493 1333 1144 
657 982 1192 494 
658 494 1220 982 
659 494 1192 1156 
660 1033 1150 495 
661 495 1329 1033 
662 1150 1151 495 
663 1190 1329 495 
664 1008 1009 496 
665 496 1010 1008 
666 1009 1215 496 
667 496 1285 1010 
668 1136 1173 497 
669 497 1274 1136 
670 1166 1274 497 
671 994 996 498 
672 498 1189 994 
673 996 1139 498 
674 499 1236 1159 
675 1167 1306 499 
676 499 1306 1236 
677 500 1171 1021 
678 1021 1266 500 
679 500 1266 1168 
680 501 1209 1001 
681 1001 1262 501 
682 501 1262 1172 
683 502 1160 1137 
684 1137 1276 502 
685 502 1343 1160 
686 1162 1343 502 
687 503 1260 1123 
688 1123 1325 503 
689 1161 1260 503 
690 1113 1188 504 
691 504 1280 1113 
692 504 1188 1165 
693 505 1230 1108 
694 1108 1320 505 
695 505 1320 1142 
696 1090 1202 506 
697 506 1299 1090 
698 506 1202 1164 
699 507 1345 1163 
700 1176 1345 507 
701 508 1059 1057 
702 1057 1178 508 
703 508 1154 1059 
704 509 856 845 
705 845 1157 509 
706 509 923 856 
707 509 1294 923 
708 510 1147 838 
709 838 1185 510 
710 924 1295 510 
711 510 1295 1147 
712 511 1148 861 
713 861 1155 511 
714 511 1337 1126 
715 1155 1337 511 
716 944 1264 512 
717 512 1327 944 
718 1212 1327 512 
719 513 1143 943 
720 943 1212 513 
721 1212 1310 513 
722 514 1199 951 
723 951 1242 514 
724 514 1211 1199 
725 514 1313 1211 
726 515 852 516 
727 516 518 517 
728 516 520 518 
729 516 852 520 
730 518 519 517 
731 519 858 517 
732 858 969 517 
733 518 521 519 
734 520 953 518 
735 518 953 521 
736 521 522 519 
737 522 1106 519 
738 519 1106 858 
739 852 936 520 
740 520 936 935 
741 935 953 520 
742 521 523 522 
743 521 524 523 
744 521 953 524 
745 523 525 522 
746 525 526 522 
747 526 1106 522 
748 524 531 523 
749 523 1117 525 
750 531 1117 523 
751 524 532 531 
752 524 756 532 
753 524 953 756 
754 525 527 526 
755 525 672 527 
756 525 1117 672 
757 527 528 526 
758 528 752 526 
759 752 1106 526 
760 527 529 528 
761 527 1024 529 
762 672 1024 527 
763 529 530 528 
764 530 1065 528 
765 528 1065 752 
766 529 533 530 
767 529 815 533 
768 529 1024 815 
769 533 534 530 
770 534 535 530 
771 535 1065 530 
772 532 805 531 
773 805 820 531 
774 820 1117 531 
775 756 757 532 
776 757 1039 532 
777 532 1039 805 
778 533 1020 534 
779 815 827 533 
780 827 1020 533 
781 534 536 535 
782 534 537 536 
783 534 1020 537 
784 536 1050 535 
785 1050 1214 535 
786 535 1214 1065 
787 537 538 536 
788 538 539 536 
789 539 1050 536 
790 537 1018 538 
791 537 1019 1018 
792 537 1020 1019 
793 538 540 539 
794 538 541 540 
795 538 1018 541 
796 540 770 539 
797 770 787 539 
798 787 1050 539 
799 541 542 540 
800 542 1052 540 
801 540 1052 770 
802 541 543 542 
803 541 786 543 
804 541 1018 786 
805 543 544 542 
806 544 545 542 
807 545 1052 542 
808 543 779 544 
809 543 1011 779 
810 786 1011 543 
811 544 546 545 
812 544 1007 546 
813 779 1007 544 
814 546 547 545 
815 547 796 545 
816 796 1052 545 
817 546 548 547 
818 546 549 548 
819 546 1007 549 
820 548 1046 547 
821 547 797 796 
822 547 1046 797 
823 549 550 548 
824 550 551 548 
825 551 1046 548 
826 549 1005 550 
827 549 1006 1005 
828 549 1007 1006 
829 550 552 551 
830 550 670 552 
831 550 1005 670 
832 552 553 551 
833 553 806 551 
834 806 1046 551 
835 552 554 553 
836 552 1003 554 
837 670 1003 552 
838 554 555 553 
839 555 1269 553 
840 553 1269 806 
841 554 556 555 
842 554 557 556 
843 554 1003 557 
844 556 1043 555 
845 555 1043 884 
846 884 1269 555 
847 557 558 556 
848 558 559 556 
849 559 1043 556 
850 557 998 558 
851 557 999 998 
852 557 1003 999 
853 558 560 559 
854 558 766 560 
855 558 998 766 
856 560 561 559 
857 561 764 559 
858 764 1043 559 
859 560 562 561 
860 560 995 562 
861 766 995 560 
862 562 563 561 
863 563 1064 561 
864 561 1064 764 
865 562 564 563 
866 562 676 564 
867 562 995 676 
868 564 565 563 
869 565 570 563 
870 570 1064 563 
871 564 566 565 
872 564 992 566 
873 676 992 564 
874 566 567 565 
875 567 1062 565 
876 565 1062 570 
877 566 568 567 
878 566 810 568 
879 566 992 810 
880 568 569 567 
881 569 1063 567 
882 567 1063 1062 
883 568 571 569 
884 568 1027 571 
885 810 1027 568 
886 571 572 569 
887 572 573 569 
888 573 1063 569 
889 570 1257 918 
890 918 1311 570 
891 1062 1257 570 
892 570 1311 1064 
893 571 1015 572 
894 571 1028 1015 
895 1027 1028 571 
896 572 574 573 
897 572 575 574 
898 572 1015 575 
899 574 577 573 
900 577 807 573 
901 807 1063 573 
902 575 576 574 
903 576 1061 574 
904 574 1061 577 
905 575 578 576 
906 575 784 578 
907 575 1015 784 
908 578 579 576 
909 579 580 576 
910 580 1061 576 
911 577 818 807 
912 577 819 818 
913 577 1061 819 
914 578 1017 579 
915 784 832 578 
916 832 1017 578 
917 579 581 580 
918 579 582 581 
919 579 1017 582 
920 581 1049 580 
921 1049 1115 580 
922 580 1115 1061 
923 582 583 581 
924 583 584 581 
925 584 1049 581 
926 582 776 583 
927 582 833 776 
928 582 1017 833 
929 583 585 584 
930 583 1023 585 
931 776 1023 583 
932 585 586 584 
933 586 775 584 
934 775 1049 584 
935 585 587 586 
936 585 588 587 
937 585 1023 588 
938 587 1047 586 
939 586 790 775 
940 586 1047 790 
941 588 589 587 
942 589 590 587 
943 590 1047 587 
944 588 675 589 
945 588 753 675 
946 588 1023 753 
947 589 591 590 
948 589 1036 591 
949 675 1036 589 
950 591 592 590 
951 592 829 590 
952 829 1047 590 
953 591 593 592 
954 591 594 593 
955 591 1036 594 
956 593 1040 592 
957 592 830 829 
958 592 1040 830 
959 594 595 593 
960 595 596 593 
961 596 1040 593 
962 594 1031 595 
963 594 1149 1031 
964 1036 1149 594 
965 595 597 596 
966 595 626 597 
967 595 1031 626 
968 597 598 596 
969 598 1114 596 
970 596 1114 1040 
971 597 599 598 
972 597 962 599 
973 626 962 597 
974 599 600 598 
975 600 671 598 
976 671 1114 598 
977 599 601 600 
978 599 625 601 
979 599 962 625 
980 601 602 600 
981 602 1121 600 
982 600 1121 671 
983 601 603 602 
984 601 1145 603 
985 625 1145 601 
986 603 604 602 
987 604 814 602 
988 814 1121 602 
989 603 605 604 
990 603 958 605 
991 603 1145 958 
992 605 606 604 
993 606 1197 604 
994 604 1197 814 
995 605 607 606 
996 605 669 607 
997 605 958 669 
998 607 608 606 
999 608 768 606 
1000 768 1197 606 
1001 607 609 608 
1002 607 968 609 
1003 669 968 607 
1004 609 610 608 
1005 610 1122 608 
1006 608 1122 768 
1007 609 611 610 
1008 609 667 611 
1009 609 968 667 
1010 611 612 610 
1011 612 613 610 
1012 613 1122 610 
1013 611 957 612 
1014 667 809 611 
1015 809 957 611 
1016 612 614 613 
1017 612 615 614 
1018 612 957 615 
1019 614 793 613 
1020 793 812 613 
1021 812 1122 613 
1022 615 616 614 
1023 616 1125 614 
1024 614 1125 793 
1025 615 617 616 
1026 615 774 617 
1027 615 957 774 
1028 617 618 616 
1029 618 619 616 
1030 619 1125 616 
1031 617 970 618 
1032 774 808 617 
1033 808 970 617 
1034 618 620 619 
1035 618 621 620 
1036 618 970 621 
1037 620 1119 619 
1038 1119 1153 619 
1039 619 1153 1125 
1040 621 622 620 
1041 622 623 620 
1042 623 1119 620 
1043 621 972 622 
1044 970 971 621 
1045 971 972 621 
1046 622 624 623 
1047 622 627 624 
1048 622 972 627 
1049 624 938 623 
1050 938 1227 623 
1051 623 1227 1119 
1052 627 628 624 
1053 628 629 624 
1054 629 938 624 
1055 962 963 625 
1056 963 964 625 
1057 964 1145 625 
1058 626 1034 962 
1059 1031 1032 626 
1060 1032 1034 626 
1061 627 668 628 
1062 627 831 668 
1063 627 972 831 
1064 628 630 629 
1065 628 1101 630 
1066 668 1101 628 
1067 630 631 629 
1068 631 788 629 
1069 788 938 629 
1070 630 632 631 
1071 630 1066 632 
1072 630 1101 1066 
1073 632 633 631 
1074 633 1241 631 
1075 631 1241 788 
1076 632 634 633 
1077 632 635 634 
1078 632 1066 635 
1079 634 1340 633 
1080 633 933 903 
1081 903 1241 633 
1082 633 1340 933 
1083 635 636 634 
1084 636 637 634 
1085 637 1340 634 
1086 635 771 636 
1087 635 780 771 
1088 635 1066 780 
1089 636 638 637 
1090 636 1100 638 
1091 771 1100 636 
1092 638 639 637 
1093 639 785 637 
1094 785 1340 637 
1095 638 640 639 
1096 638 664 640 
1097 638 1100 664 
1098 640 641 639 
1099 641 979 639 
1100 639 979 785 
1101 640 642 641 
1102 640 1096 642 
1103 664 1096 640 
1104 642 643 641 
1105 643 665 641 
1106 665 979 641 
1107 642 644 643 
1108 642 673 644 
1109 642 1096 673 
1110 644 645 643 
1111 645 978 643 
1112 643 978 665 
1113 644 646 645 
1114 644 1093 646 
1115 673 1093 644 
1116 646 647 645 
1117 647 773 645 
1118 773 978 645 
1119 646 648 647 
1120 646 674 648 
1121 646 1093 674 
1122 648 649 647 
1123 649 986 647 
1124 647 986 773 
1125 648 650 649 
1126 648 1103 650 
1127 674 1103 648 
1128 650 651 649 
1129 651 652 649 
1130 652 986 649 
1131 650 1083 651 
1132 650 1105 1083 
1133 1103 1105 650 
1134 651 653 652 
1135 651 654 653 
1136 651 1083 654 
1137 653 777 652 
1138 777 778 652 
1139 778 986 652 
1140 654 655 653 
1141 655 988 653 
1142 653 988 777 
1143 654 656 655 
1144 654 754 656 
1145 654 1083 754 
1146 656 657 655 
1147 657 658 655 
1148 658 988 655 
1149 656 1085 657 
1150 754 821 656 
1151 821 1085 656 
1152 657 659 658 
1153 657 660 659 
1154 657 1085 660 
1155 659 990 658 
1156 658 1196 988 
1157 990 1196 658 
1158 660 661 659 
1159 661 662 659 
1160 662 990 659 
1161 660 666 661 
1162 660 823 666 
1163 660 1085 823 
1164 661 663 662 
1165 661 1045 663 
1166 666 1045 661 
1167 663 677 662 
1168 677 748 662 
1169 748 990 662 
1170 663 678 677 
1171 663 679 678 
1172 663 1045 679 
1173 664 1097 1096 
1174 664 1098 1097 
1175 664 1100 1098 
1176 978 1330 665 
1177 665 1158 979 
1178 665 1330 1158 
1179 823 824 666 
1180 824 825 666 
1181 825 1045 666 
1182 667 847 809 
1183 667 848 847 
1184 667 968 848 
1185 831 850 668 
1186 850 851 668 
1187 851 1101 668 
1188 958 959 669 
1189 959 961 669 
1190 961 968 669 
1191 1002 1003 670 
1192 670 1004 1002 
1193 670 1005 1004 
1194 874 1114 671 
1195 671 1134 874 
1196 1121 1134 671 
1197 672 1025 1024 
1198 672 1026 1025 
1199 672 1117 1026 
1200 673 1094 1093 
1201 673 1095 1094 
1202 673 1096 1095 
1203 1093 1131 674 
1204 674 1104 1103 
1205 674 1131 1104 
1206 753 835 675 
1207 835 836 675 
1208 836 1036 675 
1209 676 993 992 
1210 676 994 993 
1211 676 995 994 
1212 678 1044 677 
1213 677 1338 748 
1214 1044 1338 677 
1215 679 680 678 
1216 680 681 678 
1217 681 1044 678 
1218 679 1067 680 
1219 1045 1130 679 
1220 679 1130 1067 
1221 680 682 681 
1222 680 683 682 
1223 680 1067 683 
1224 682 1014 681 
1225 1014 1324 681 
1226 681 1324 1044 
1227 683 684 682 
1228 684 685 682 
1229 685 1014 682 
1230 683 781 684 
1231 683 817 781 
1232 683 1067 817 
1233 684 686 685 
1234 684 1051 686 
1235 781 1051 684 
1236 686 687 685 
1237 687 794 685 
1238 794 1014 685 
1239 686 688 687 
1240 686 747 688 
1241 686 1051 747 
1242 688 689 687 
1243 689 1013 687 
1244 687 1013 794 
1245 688 690 689 
1246 688 1069 690 
1247 747 1069 688 
1248 690 691 689 
1249 691 811 689 
1250 811 1013 689 
1251 690 692 691 
1252 690 709 692 
1253 690 1069 709 
1254 692 693 691 
1255 693 1234 691 
1256 691 1234 811 
1257 692 694 693 
1258 692 1073 694 
1259 709 1073 692 
1260 694 695 693 
1261 695 749 693 
1262 749 1234 693 
1263 694 696 695 
1264 694 708 696 
1265 694 1073 708 
1266 696 697 695 
1267 697 954 695 
1268 695 954 749 
1269 696 698 697 
1270 696 1129 698 
1271 708 1129 696 
1272 698 699 697 
1273 699 791 697 
1274 791 954 697 
1275 698 700 699 
1276 698 763 700 
1277 698 1129 763 
1278 700 701 699 
1279 701 987 699 
1280 699 987 791 
1281 700 702 701 
1282 700 1080 702 
1283 763 1080 700 
1284 702 703 701 
1285 703 704 701 
1286 704 987 701 
1287 702 1078 703 
1288 702 1079 1078 
1289 702 1080 1079 
1290 703 705 704 
1291 703 706 705 
1292 703 1078 706 
1293 705 750 704 
1294 750 789 704 
1295 789 987 704 
1296 706 707 705 
1297 707 985 705 
1298 705 985 750 
1299 706 710 707 
1300 706 782 710 
1301 706 1078 782 
1302 710 711 707 
1303 711 712 707 
1304 712 985 707 
1305 1073 1074 708 
1306 1074 1075 708 
1307 1075 1129 708 
1308 1069 1070 709 
1309 1070 1071 709 
1310 1071 1073 709 
1311 710 745 711 
1312 710 1107 745 
1313 782 1107 710 
1314 711 713 712 
1315 711 1042 713 
1316 745 1042 711 
1317 713 714 712 
1318 714 816 712 
1319 816 985 712 
1320 713 715 714 
1321 713 716 715 
1322 713 1042 716 
1323 715 751 714 
1324 751 991 714 
1325 714 991 816 
1326 716 717 715 
1327 717 1229 715 
1328 715 1229 751 
1329 716 718 717 
1330 716 767 718 
1331 716 1042 767 
1332 718 719 717 
1333 719 720 717 
1334 720 1229 717 
1335 718 1089 719 
1336 767 822 718 
1337 822 1089 718 
1338 719 721 720 
1339 719 746 721 
1340 719 1089 746 
1341 721 722 720 
1342 722 1315 720 
1343 956 1229 720 
1344 720 1315 956 
1345 721 723 722 
1346 721 1060 723 
1347 746 1060 721 
1348 723 724 722 
1349 724 772 722 
1350 772 1315 722 
1351 723 725 724 
1352 723 726 725 
1353 723 1060 726 
1354 725 989 724 
1355 724 783 772 
1356 724 989 783 
1357 726 727 725 
1358 727 728 725 
1359 728 989 725 
1360 726 1054 727 
1361 726 1056 1054 
1362 726 1060 1056 
1363 727 729 728 
1364 727 755 729 
1365 727 1054 755 
1366 729 730 728 
1367 730 769 728 
1368 769 989 728 
1369 729 731 730 
1370 729 1058 731 
1371 755 1058 729 
1372 731 732 730 
1373 732 967 730 
1374 730 967 769 
1375 731 733 732 
1376 731 765 733 
1377 731 1058 765 
1378 733 734 732 
1379 734 744 732 
1380 744 967 732 
1381 733 735 734 
1382 733 1037 735 
1383 765 1037 733 
1384 735 736 734 
1385 736 1282 734 
1386 734 1282 744 
1387 735 737 736 
1388 735 792 737 
1389 735 1037 792 
1390 737 738 736 
1391 738 1213 736 
1392 736 1213 890 
1393 890 1282 736 
1394 737 739 738 
1395 737 980 739 
1396 792 980 737 
1397 739 740 738 
1398 740 741 738 
1399 741 1213 738 
1400 739 1127 740 
1401 980 981 739 
1402 981 1127 739 
1403 740 742 741 
1404 740 743 742 
1405 740 1127 743 
1406 742 952 741 
1407 952 1186 741 
1408 1186 1213 741 
1409 743 798 742 
1410 798 801 742 
1411 801 952 742 
1412 743 799 798 
1413 743 800 799 
1414 743 1127 800 
1415 891 967 744 
1416 744 1323 891 
1417 1282 1323 744 
1418 745 1110 1042 
1419 1107 1108 745 
1420 1108 1110 745 
1421 746 1091 1060 
1422 1089 1090 746 
1423 1090 1091 746 
1424 1051 1195 747 
1425 747 1128 1069 
1426 747 1195 1128 
1427 748 1205 990 
1428 1200 1326 748 
1429 748 1338 1200 
1430 748 1326 1205 
1431 749 1223 934 
1432 934 1234 749 
1433 954 1223 749 
1434 750 813 789 
1435 750 984 813 
1436 750 985 984 
1437 751 956 894 
1438 894 1235 751 
1439 751 1229 956 
1440 751 1235 991 
1441 752 1245 920 
1442 920 1339 752 
1443 1065 1245 752 
1444 752 1339 1106 
1445 753 837 835 
1446 753 983 837 
1447 753 1023 983 
1448 754 1123 821 
1449 1083 1084 754 
1450 1084 1123 754 
1451 1054 1055 755 
1452 1055 1057 755 
1453 1057 1058 755 
1454 756 758 757 
1455 756 935 758 
1456 756 953 935 
1457 758 759 757 
1458 759 795 757 
1459 795 1039 757 
1460 758 760 759 
1461 758 762 760 
1462 758 935 762 
1463 760 761 759 
1464 761 945 759 
1465 759 945 795 
1466 760 940 761 
1467 762 803 760 
1468 803 940 760 
1469 940 941 761 
1470 941 942 761 
1471 942 945 761 
1472 762 804 803 
1473 762 936 804 
1474 935 936 762 
1475 763 1081 1080 
1476 763 1082 1081 
1477 763 1129 1082 
1478 881 1261 764 
1479 764 1309 881 
1480 764 1261 1043 
1481 1064 1309 764 
1482 765 1152 1037 
1483 1058 1059 765 
1484 1059 1152 765 
1485 766 996 995 
1486 766 997 996 
1487 766 998 997 
1488 767 1116 822 
1489 1042 1110 767 
1490 1110 1116 767 
1491 921 922 768 
1492 768 1293 921 
1493 922 1197 768 
1494 1122 1293 768 
1495 914 915 769 
1496 769 967 914 
1497 915 989 769 
1498 770 839 787 
1499 770 1053 839 
1500 1052 1053 770 
1501 780 828 771 
1502 828 917 771 
1503 917 1100 771 
1504 783 826 772 
1505 826 955 772 
1506 955 1315 772 
1507 773 939 899 
1508 899 978 773 
1509 773 1312 939 
1510 986 1312 773 
1511 774 1029 808 
1512 957 1216 774 
1513 774 1216 1029 
1514 790 843 775 
1515 843 844 775 
1516 844 1049 775 
1517 833 925 776 
1518 925 983 776 
1519 983 1023 776 
1520 777 841 778 
1521 777 853 841 
1522 777 988 853 
1523 841 842 778 
1524 842 1312 778 
1525 778 1312 986 
1526 779 1008 1007 
1527 779 1009 1008 
1528 779 1011 1009 
1529 780 947 828 
1530 780 1102 947 
1531 1066 1102 780 
1532 817 845 781 
1533 845 856 781 
1534 856 1051 781 
1535 1078 1112 782 
1536 782 1109 1107 
1537 782 1112 1109 
1538 783 1308 826 
1539 783 989 915 
1540 915 1308 783 
1541 784 1206 832 
1542 1015 1016 784 
1543 1016 1206 784 
1544 897 904 785 
1545 785 979 897 
1546 904 933 785 
1547 933 1340 785 
1548 786 1183 1011 
1549 1018 1041 786 
1550 1041 1183 786 
1551 839 1342 787 
1552 928 1050 787 
1553 787 1342 928 
1554 916 937 788 
1555 788 1241 916 
1556 937 938 788 
1557 813 1335 789 
1558 948 987 789 
1559 789 1335 948 
1560 790 1346 843 
1561 1047 1048 790 
1562 1048 1346 790 
1563 791 948 930 
1564 930 954 791 
1565 791 987 948 
1566 792 1192 980 
1567 1037 1038 792 
1568 1038 1192 792 
1569 793 1118 812 
1570 793 1302 1118 
1571 1125 1302 793 
1572 931 1014 794 
1573 794 1300 931 
1574 1013 1300 794 
1575 945 946 795 
1576 946 1217 795 
1577 795 1217 1039 
1578 797 1193 796 
1579 796 1053 1052 
1580 796 1193 1053 
1581 1046 1140 797 
1582 1140 1298 797 
1583 797 1298 1193 
1584 799 1187 798 
1585 798 838 801 
1586 798 1187 838 
1587 800 802 799 
1588 802 849 799 
1589 849 1187 799 
1590 800 949 802 
1591 800 950 949 
1592 800 1127 950 
1593 838 1147 801 
1594 864 952 801 
1595 801 1147 864 
1596 802 1199 849 
1597 949 951 802 
1598 951 1199 802 
1599 804 861 803 
1600 861 1222 803 
1601 803 1222 940 
1602 804 936 857 
1603 857 1155 804 
1604 804 1155 861 
1605 805 834 820 
1606 805 1239 834 
1607 1039 1239 805 
1608 883 1253 806 
1609 806 1269 883 
1610 806 1140 1046 
1611 806 1253 1140 
1612 818 1247 807 
1613 807 1283 1063 
1614 1247 1283 807 
1615 808 975 970 
1616 808 976 975 
1617 808 1029 976 
1618 847 1255 809 
1619 809 1216 957 
1620 809 1255 1216 
1621 992 1087 810 
1622 810 1086 1027 
1623 810 1087 1086 
1624 906 1013 811 
1625 811 1224 906 
1626 811 1234 1224 
1627 1118 1218 812 
1628 812 1293 1122 
1629 1218 1293 812 
1630 813 1203 862 
1631 862 1335 813 
1632 984 1317 813 
1633 813 1317 1203 
1634 922 1133 814 
1635 814 1197 922 
1636 814 1133 1121 
1637 815 1191 827 
1638 1024 1181 815 
1639 1181 1191 815 
1640 984 985 816 
1641 816 1233 984 
1642 991 1233 816 
1643 817 1256 845 
1644 1067 1068 817 
1645 1068 1256 817 
1646 819 859 818 
1647 859 1198 818 
1648 1198 1247 818 
1649 819 1141 859 
1650 1061 1115 819 
1651 1115 1141 819 
1652 834 1267 820 
1653 1026 1117 820 
1654 820 1267 1026 
1655 821 1120 1085 
1656 821 1260 1120 
1657 1123 1260 821 
1658 822 1202 1089 
1659 1116 1304 822 
1660 822 1304 1202 
1661 823 1258 824 
1662 1085 1120 823 
1663 1120 1258 823 
1664 824 1137 825 
1665 824 1138 1137 
1666 824 1258 1138 
1667 825 1130 1045 
1668 825 1160 1130 
1669 1137 1160 825 
1670 926 1232 826 
1671 826 1308 926 
1672 826 1232 955 
1673 827 1021 1020 
1674 827 1266 1021 
1675 1191 1266 827 
1676 828 1341 917 
1677 947 1221 828 
1678 828 1221 1175 
1679 1175 1341 828 
1680 830 1250 829 
1681 829 1048 1047 
1682 829 1250 1048 
1683 830 1225 855 
1684 855 1250 830 
1685 1040 1225 830 
1686 831 1314 850 
1687 972 973 831 
1688 973 1314 831 
1689 832 1136 1017 
1690 832 1319 1136 
1691 1206 1319 832 
1692 833 1274 925 
1693 1017 1136 833 
1694 1136 1274 833 
1695 834 1239 1228 
1696 1228 1246 834 
1697 1246 1267 834 
1698 835 1291 836 
1699 837 1170 835 
1700 1170 1291 835 
1701 836 1149 1036 
1702 836 1150 1149 
1703 836 1291 1150 
1704 983 1321 837 
1705 837 1207 1170 
1706 837 1321 1207 
1707 1231 1342 839 
1708 928 1342 840 
1709 840 1342 1231 
1710 841 1210 842 
1711 939 1312 842 
1712 1210 1279 842 
1713 843 1346 1237 
1714 844 1115 1049 
1715 844 1141 1115 
1716 846 1346 1048 
1717 1237 1346 846 
1718 848 927 847 
1719 927 1272 847 
1720 848 1281 927 
1721 848 968 961 
1722 961 1281 848 
1723 850 932 851 
1724 850 1248 932 
1725 932 1278 851 
1726 851 1102 1101 
1727 851 1278 1102 
1728 857 936 852 
1729 853 1196 854 
1730 988 1196 853 
1731 1196 1205 854 
1732 1205 1219 854 
1733 923 1195 856 
1734 856 1195 1051 
1735 860 1337 857 
1736 857 1337 1155 
1737 1106 1339 858 
1738 1141 1277 859 
1739 860 1288 1126 
1740 1126 1337 860 
1741 1148 1222 861 
1742 948 1335 862 
1743 864 1295 863 
1744 924 1286 863 
1745 863 1295 924 
1746 865 952 864 
1747 1147 1295 864 
1748 892 1334 865 
1749 865 1186 952 
1750 865 1334 1186 
1751 866 922 921 
1752 867 1218 1118 
1753 868 871 869 
1754 869 1227 870 
1755 871 1153 869 
1756 869 1153 1119 
1757 1119 1227 869 
1758 870 937 929 
1759 870 938 937 
1760 870 1227 938 
1761 1118 1302 871 
1762 871 1302 1153 
1763 873 1134 872 
1764 872 1134 1133 
1765 874 1134 873 
1766 874 1225 1114 
1767 875 920 876 
1768 920 1245 876 
1769 876 1214 928 
1770 876 1245 1214 
1771 878 918 877 
1772 877 918 879 
1773 881 1309 878 
1774 878 1311 918 
1775 1309 1311 878 
1776 879 1257 880 
1777 918 1257 879 
1778 880 1283 1247 
1779 1257 1283 880 
1780 919 1261 881 
1781 883 884 882 
1782 884 919 882 
1783 883 1269 884 
1784 884 1261 919 
1785 1043 1261 884 
1786 885 1298 886 
1787 1193 1298 885 
1788 1140 1253 886 
1789 886 1298 1140 
1790 887 891 888 
1791 887 913 891 
1792 888 890 889 
1793 888 1323 890 
1794 891 1323 888 
1795 890 1186 889 
1796 889 1334 892 
1797 1186 1334 889 
1798 890 1213 1186 
1799 890 1323 1282 
1800 913 914 891 
1801 914 967 891 
1802 893 1235 894 
1803 900 1235 893 
1804 894 956 955 
1805 895 1326 1200 
1806 1219 1326 895 
1807 897 1158 896 
1808 896 1158 898 
1809 979 1158 897 
1810 898 1330 899 
1811 1158 1330 898 
1812 899 1330 978 
1813 900 1233 991 
1814 991 1235 900 
1815 901 903 902 
1816 901 916 903 
1817 903 904 902 
1818 903 933 904 
1819 916 1241 903 
1820 906 1224 905 
1821 906 1300 1013 
1822 907 1223 908 
1823 934 1223 907 
1824 908 1223 930 
1825 910 911 909 
1826 911 912 909 
1827 910 1044 911 
1828 910 1338 1044 
1829 1200 1338 910 
1830 911 931 912 
1831 911 1324 931 
1832 1044 1324 911 
1833 1098 1100 917 
1834 917 1292 1098 
1835 917 1341 1292 
1836 921 1293 1218 
1837 923 1271 1195 
1838 925 1321 983 
1839 925 1274 1166 
1840 1281 1316 927 
1841 928 1214 1050 
1842 930 1223 954 
1843 931 1324 1014 
1844 1224 1234 934 
1845 940 944 941 
1846 940 1222 944 
1847 941 943 942 
1848 941 1327 943 
1849 944 1327 941 
1850 943 1143 942 
1851 942 1336 945 
1852 943 1327 1212 
1853 945 1336 946 
1854 946 1259 1217 
1855 946 1284 1259 
1856 946 1336 1284 
1857 1102 1278 947 
1858 950 1333 949 
1859 950 1127 981 
1860 981 1268 950 
1861 1268 1333 950 
1862 956 1315 955 
1863 958 960 959 
1864 958 1145 960 
1865 960 1238 959 
1866 959 1146 961 
1867 959 1238 1146 
1868 964 966 960 
1869 960 1145 964 
1870 966 1238 960 
1871 1146 1281 961 
1872 962 1034 963 
1873 963 965 964 
1874 963 1273 965 
1875 1034 1273 963 
1876 965 966 964 
1877 965 1252 966 
1878 965 1301 1252 
1879 1252 1332 966 
1880 970 975 971 
1881 971 973 972 
1882 971 974 973 
1883 971 975 974 
1884 974 977 973 
1885 977 1314 973 
1886 974 1270 977 
1887 980 982 981 
1888 980 1192 982 
1889 982 1268 981 
1890 1233 1317 984 
1891 990 1205 1196 
1892 993 1087 992 
1893 994 1189 993 
1894 993 1088 1087 
1895 993 1189 1088 
1896 995 996 994 
1897 997 1139 996 
1898 998 1000 997 
1899 999 1000 998 
1900 999 1001 1000 
1901 999 1002 1001 
1902 999 1003 1002 
1903 1001 1132 1000 
1904 1002 1262 1001 
1905 1001 1209 1132 
1906 1004 1262 1002 
1907 1005 1135 1004 
1908 1135 1331 1004 
1909 1004 1331 1262 
1910 1006 1135 1005 
1911 1007 1008 1006 
1912 1008 1010 1006 
1913 1010 1135 1006 
1914 1011 1012 1009 
1915 1012 1215 1009 
1916 1011 1183 1012 
1917 1012 1328 1215 
1918 1015 1028 1016 
1919 1028 1306 1016 
1920 1167 1182 1016 
1921 1016 1306 1167 
1922 1182 1206 1016 
1923 1019 1041 1018 
1924 1020 1021 1019 
1925 1021 1022 1019 
1926 1022 1041 1019 
1927 1021 1171 1022 
1928 1022 1289 1041 
1929 1171 1174 1022 
1930 1174 1289 1022 
1931 1025 1181 1024 
1932 1026 1318 1025 
1933 1169 1180 1025 
1934 1025 1318 1169 
1935 1180 1181 1025 
1936 1267 1318 1026 
1937 1027 1236 1028 
1938 1086 1236 1027 
1939 1236 1306 1028 
1940 1029 1216 1030 
1941 1216 1255 1030 
1942 1031 1033 1032 
1943 1031 1149 1033 
1944 1033 1329 1032 
1945 1032 1035 1034 
1946 1032 1329 1035 
1947 1149 1150 1033 
1948 1035 1273 1034 
1949 1190 1305 1035 
1950 1035 1329 1190 
1951 1037 1152 1038 
1952 1156 1192 1038 
1953 1217 1239 1039 
1954 1114 1225 1040 
1955 1041 1289 1183 
1956 1054 1201 1055 
1957 1056 1201 1054 
1958 1055 1178 1057 
1959 1055 1184 1178 
1960 1055 1201 1184 
1961 1060 1091 1056 
1962 1091 1204 1056 
1963 1056 1204 1201 
1964 1057 1059 1058 
1965 1059 1154 1152 
1966 1063 1283 1062 
1967 1062 1283 1257 
1968 1064 1311 1309 
1969 1214 1245 1065 
1970 1101 1102 1066 
1971 1067 1130 1068 
1972 1130 1160 1068 
1973 1160 1343 1068 
1974 1068 1343 1256 
1975 1069 1128 1070 
1976 1070 1072 1071 
1977 1070 1077 1072 
1978 1070 1128 1077 
1979 1072 1243 1071 
1980 1071 1074 1073 
1981 1071 1243 1074 
1982 1077 1244 1072 
1983 1244 1290 1072 
1984 1074 1076 1075 
1985 1074 1243 1076 
1986 1076 1265 1075 
1987 1082 1129 1075 
1988 1075 1265 1082 
1989 1076 1254 1179 
1990 1179 1265 1076 
1991 1128 1271 1077 
1992 1077 1344 1244 
1993 1079 1112 1078 
1994 1080 1188 1079 
1995 1079 1113 1112 
1996 1079 1188 1113 
1997 1081 1188 1080 
1998 1082 1322 1081 
1999 1165 1188 1081 
2000 1081 1322 1165 
2001 1265 1322 1082 
2002 1083 1105 1084 
2003 1105 1226 1084 
2004 1084 1124 1123 
2005 1084 1226 1124 
2006 1159 1236 1086 
2007 1089 1202 1090 
2008 1090 1092 1091 
2009 1090 1299 1092 
2010 1092 1204 1091 
2011 1092 1249 1204 
2012 1094 1131 1093 
2013 1095 1303 1094 
2014 1094 1345 1131 
2015 1303 1345 1094 
2016 1096 1097 1095 
2017 1097 1307 1095 
2018 1095 1307 1303 
2019 1098 1099 1097 
2020 1099 1307 1097 
2021 1098 1292 1099 
2022 1099 1292 1240 
2023 1296 1307 1099 
2024 1104 1208 1103 
2025 1103 1208 1105 
2026 1131 1176 1104 
2027 1176 1177 1104 
2028 1177 1208 1104 
2029 1208 1226 1105 
2030 1107 1320 1108 
2031 1109 1320 1107 
2032 1108 1111 1110 
2033 1108 1230 1111 
2034 1142 1320 1109 
2035 1111 1116 1110 
2036 1111 1297 1116 
2037 1230 1297 1111 
2038 1120 1260 1161 
2039 1133 1134 1121 
2040 1124 1325 1123 
2041 1226 1287 1124 
2042 1153 1302 1125 
2043 1195 1271 1128 
2044 1131 1345 1176 
2045 1136 1319 1173 
2046 1138 1276 1137 
2047 1144 1333 1268 
2048 1256 1343 1162 
2049 1163 1345 1303 
2050 1202 1304 1164 
2051 1168 1266 1191 
2052 1262 1331 1172 
2053 1205 1326 1219 
2 2 2 252
2054 1 1366 5 
2055 79 1366 1 
2056 6 1392 3 
2057 3 1392 18 
2058 5 1366 278 
2059 217 1392 6 
2060 18 1373 19 
2061 217 1373 18 
2062 18 1392 217 
2063 19 1397 20 
2064 19 1373 218 
2065 218 1397 19 
2066 20 1352 21 
2067 219 1352 20 
2068 20 1397 219 
2069 21 1394 22 
2070 21 1352 220 
2071 220 1394 21 
2072 22 1357 23 
2073 221 1357 22 
2074 22 1394 221 
2075 23 1398 24 
2076 23 1357 222 
2077 222 1398 23 
2078 24 1350 25 
2079 223 1350 24 
2080 24 1398 223 
2081 25 1400 26 
2082 25 1350 224 
2083 224 1400 25 
2084 26 1367 27 
2085 225 1367 26 
2086 26 1400 225 
2087 27 1395 28 
2088 27 1367 226 
2089 226 1395 27 
2090 28 1396 29 
2091 28 1395 227 
2092 227 1396 28 
2093 29 1379 30 
2094 228 1379 29 
2095 29 1396 228 
2096 30 1401 31 
2097 30 1379 229 
2098 229 1401 30 
2099 31 1349 32 
2100 230 1349 31 
2101 31 1401 230 
2102 32 1354 33 
2103 32 1349 231 
2104 231 1354 32 
2105 33 1347 34 
2106 232 1347 33 
2107 33 1354 232 
2108 34 1380 35 
2109 34 1347 233 
2110 233 1380 34 
2111 35 1348 36 
2112 234 1348 35 
2113 35 1380 234 
2114 36 1381 37 
2115 36 1348 235 
2116 235 1381 36 
2117 37 1405 38 
2118 37 1381 236 
2119 236 1405 37 
2120 38 1356 39 
2121 237 1356 38 
2122 38 1405 237 
2123 39 1403 40 
2124 39 1356 238 
2125 238 1403 39 
2126 40 1388 41 
2127 239 1388 40 
2128 40 1403 239 
2129 41 1358 42 
2130 240 1358 41 
2131 41 1388 240 
2132 42 1404 43 
2133 42 1358 241 
2134 241 1404 42 
2135 43 1359 44 
2136 242 1359 43 
2137 43 1404 242 
2138 44 1386 45 
2139 44 1359 243 
2140 243 1386 44 
2141 45 1406 46 
2142 45 1386 244 
2143 244 1406 45 
2144 46 1368 47 
2145 245 1368 46 
2146 46 1406 245 
2147 47 1362 48 
2148 246 1362 47 
2149 47 1368 246 
2150 48 1408 49 
2151 48 1362 247 
2152 247 1408 48 
2153 49 1363 50 
2154 248 1363 49 
2155 49 1408 248 
2156 50 1382 51 
2157 50 1363 249 
2158 249 1382 50 
2159 51 1374 52 
2160 250 1374 51 
2161 51 1382 250 
2162 52 1387 53 
2163 52 1374 251 
2164 251 1387 52 
2165 53 1407 54 
2166 53 1387 252 
2167 252 1407 53 
2168 54 1389 55 
2169 253 1389 54 
2170 54 1407 253 
2171 55 1351 56 
2172 254 1351 55 
2173 55 1389 254 
2174 56 1390 57 
2175 56 1351 255 
2176 255 1390 56 
2177 57 1383 58 
2178 256 1383 57 
2179 57 1390 256 
2180 58 1369 59 
2181 257 1369 58 
2182 58 1383 257 
2183 59 1384 60 
2184 59 1369 258 
2185 258 1384 59 
2186 60 1375 61 
2187 259 1375 60 
2188 60 1384 259 
2189 61 1355 62 
2190 260 1355 61 
2191 61 1375 260 
2192 62 1393 63 
2193 62 1355 261 
2194 261 1393 62 
2195 63 1376 64 
2196 262 1376 63 
2197 63 1393 262 
2198 64 1399 65 
2199 64 1376 263 
2200 263 1399 64 
2201 65 1370 66 
2202 264 1370 65 
2203 65 1399 264 
2204 66 1402 67 
2205 66 1370 265 
2206 265 1402 66 
2207 67 1353 68 
2208 266 1353 67 
2209 67 1402 266 
2210 68 1385 69 
2211 68 1353 267 
2212 267 1385 68 
2213 69 1364 70 
2214 268 1364 69 
2215 69 1385 268 
2216 70 1371 71 
2217 70 1364 269 
2218 269 1371 70 
2219 71 1391 72 
2220 71 1371 270 
2221 270 1391 71 
2222 72 1377 73 
2223 271 1377 72 
2224 72 1391 271 
2225 73 1361 74 
2226 272 1361 73 
2227 73 1377 272 
2228 74 1360 75 
2229 273 1360 74 
2230 74 1361 273 
2231 75 1378 76 
2232 75 1360 274 
2233 274 1378 75 
2234 76 1409 77 
2235 76 1378 275 
2236 275 1409 76 
2237 77 1365 78 
2238 276 1365 77 
2239 77 1409 276 
2240 78 1372 79 
2241 78 1365 277 
2242 277 1372 78 
2243 278 1366 79 
2244 79 1372 278 
2245 218 1373 217 
2246 219 1397 218 
2247 220 1352 219 
2248 221 1394 220 
2249 222 1357 221 
2250 223 1398 222 
2251 224 1350 223 
2252 225 1400 224 
2253 226 1367 225 
2254 227 1395 226 
2255 228 1396 227 
2256 229 1379 228 
2257 230 1401 229 
2258 231 1349 230 
2259 232 1354 231 
2260 233 1347 232 
2261 234 1380 233 
2262 235 1348 234 
2263 236 1381 235 
2264 237 1405 236 
2265 238 1356 237 
2266 239 1403 238 
2267 240 1388 239 
2268 241 1358 240 
2269 242 1404 241 
2270 243 1359 242 
2271 244 1386 243 
2272 245 1406 244 
2273 246 1368 245 
2274 247 1362 246 
2275 248 1408 247 
2276 249 1363 248 
2277 250 1382 249 
2278 251 1374 250 
2279 252 1387 251 
2280 253 1407 252 
2281 254 1389 253 
2282 255 1351 254 
2283 256 1390 255 
2284 257 1383 256 
2285 258 1369 257 
2286 259 1384 258 
2287 260 1375 259 
2288 261 1355 260 
2289 262 1393 261 
2290 263 1376 262 
2291 264 1399 263 
2292 265 1370 264 
2293 266 1402 265 
2294 267 1353 266 
2295 268 1385 267 
2296 269 1364 268 
2297 270 1371 269 
2298 271 1391 270 
2299 272 1377 271 
2300 273 1361 272 
2301 274 1360 273 
2302 275 1378 274 
2303 276 1409 275 
2304 277 1365 276 
2305 278 1372 277 
2 3 2 44
2306 3 1418 6 
2307 89 1418 3 
2308 7 1415 4 
2309 4 1415 80 
2310 6 1418 288 
2311 279 1415 7 
2312 80 1413 81 
2313 279 1413 80 
2314 80 1415 279 
2315 81 1417 82 
2316 81 1413 280 
2317 280 1417 81 
2318 82 1419 83 
2319 82 1417 281 
2320 281 1419 82 
2321 83 1412 84 
2322 282 1412 83 
2323 83 1419 282 
2324 84 1414 85 
2325 84 1412 283 
2326 283 1414 84 
2327 85 1416 86 
2328 85 1414 284 
2329 284 1416 85 
2330 86 1411 87 
2331 285 1411 86 
2332 86 1416 285 
2333 87 1420 88 
2334 87 1411 286 
2335 286 1420 87 
2336 88 1410 89 
2337 287 1410 88 
2338 88 1420 287 
2339 89 1410 288 
2340 288 1418 89 
2341 280 1413 279 
2342 281 1417 280 
2343 282 1419 281 
2344 283 1412 282 
2345 284 1414 283 
2346 285 1416 284 
2347 286 1411 285 
2348 287 1420 286 
2349 288 1410 287 
2 4 2 212
2350 5 1447 1 
2351 1 1447 90 
2352 4 1441 7 
2353 141 1441 4 
2354 289 1447 5 
2355 7 1441 340 
2356 90 1460 91 
2357 90 1447 289 
2358 289 1460 90 
2359 91 1425 92 
2360 290 1425 91 
2361 91 1460 290 
2362 92 1428 93 
2363 92 1425 291 
2364 291 1428 92 
2365 93 1433 94 
2366 93 1428 292 
2367 292 1433 93 
2368 94 1434 95 
2369 94 1433 293 
2370 293 1434 94 
2371 95 1461 96 
2372 95 1434 294 
2373 294 1461 95 
2374 96 1422 97 
2375 295 1422 96 
2376 96 1461 295 
2377 97 1442 98 
2378 97 1422 296 
2379 296 1442 97 
2380 98 1429 99 
2381 297 1429 98 
2382 98 1442 297 
2383 99 1446 100 
2384 99 1429 298 
2385 298 1446 99 
2386 100 1457 101 
2387 100 1446 299 
2388 299 1457 100 
2389 101 1443 102 
2390 300 1443 101 
2391 101 1457 300 
2392 102 1467 103 
2393 102 1443 301 
2394 301 1467 102 
2395 103 1458 104 
2396 302 1458 103 
2397 103 1467 302 
2398 104 1430 105 
2399 303 1430 104 
2400 104 1458 303 
2401 105 1435 106 
2402 105 1430 304 
2403 304 1435 105 
2404 106 1465 107 
2405 106 1435 305 
2406 305 1465 106 
2407 107 1448 108 
2408 306 1448 107 
2409 107 1465 306 
2410 108 1451 109 
2411 108 1448 307 
2412 307 1451 108 
2413 109 1454 110 
2414 109 1451 308 
2415 308 1454 109 
2416 110 1431 111 
2417 309 1431 110 
2418 110 1454 309 
2419 111 1436 112 
2420 111 1431 310 
2421 310 1436 111 
2422 112 1455 113 
2423 112 1436 311 
2424 311 1455 112 
2425 113 1462 114 
2426 113 1455 312 
2427 312 1462 113 
2428 114 1459 115 
2429 313 1459 114 
2430 114 1462 313 
2431 115 1452 116 
2432 314 1452 115 
2433 115 1459 314 
2434 116 1464 117 
2435 116 1452 315 
2436 315 1464 116 
2437 117 1437 118 
2438 316 1437 117 
2439 117 1464 316 
2440 118 1468 119 
2441 118 1437 317 
2442 317 1468 118 
2443 119 1450 120 
2444 318 1450 119 
2445 119 1468 318 
2446 120 1453 121 
2447 120 1450 319 
2448 319 1453 120 
2449 121 1449 122 
2450 320 1449 121 
2451 121 1453 320 
2452 122 1426 123 
2453 321 1426 122 
2454 122 1449 321 
2455 123 1471 124 
2456 123 1426 322 
2457 322 1471 123 
2458 124 1439 125 
2459 323 1439 124 
2460 124 1471 323 
2461 125 1472 126 
2462 125 1439 324 
2463 324 1472 125 
2464 126 1421 127 
2465 325 1421 126 
2466 126 1472 325 
2467 127 1423 128 
2468 127 1421 326 
2469 326 1423 127 
2470 128 1463 129 
2471 128 1423 327 
2472 327 1463 128 
2473 129 1440 130 
2474 328 1440 129 
2475 129 1463 328 
2476 130 1444 131 
2477 130 1440 329 
2478 329 1444 130 
2479 131 1445 132 
2480 131 1444 330 
2481 330 1445 131 
2482 132 1473 133 
2483 132 1445 331 
2484 331 1473 132 
2485 133 1438 134 
2486 332 1438 133 
2487 133 1473 332 
2488 134 1456 135 
2489 134 1438 333 
2490 333 1456 134 
2491 135 1470 136 
2492 135 1456 334 
2493 334 1470 135 
2494 136 1466 137 
2495 335 1466 136 
2496 136 1470 335 
2497 137 1432 138 
2498 336 1432 137 
2499 137 1466 336 
2500 138 1424 139 
2501 337 1424 138 
2502 138 1432 337 
2503 139 1469 140 
2504 139 1424 338 
2505 338 1469 139 
2506 140 1427 141 
2507 339 1427 140 
2508 140 1469 339 
2509 141 1427 340 
2510 340 1441 141 
2511 290 1460 289 
2512 291 1425 290 
2513 292 1428 291 
2514 293 1433 292 
2515 294 1434 293 
2516 295 1461 294 
2517 296 1422 295 
2518 297 1442 296 
2519 298 1429 297 
2520 299 1446 298 
2521 300 1457 299 
2522 301 1443 300 
2523 302 1467 301 
2524 303 1458 302 
2525 304 1430 303 
2526 305 1435 304 
2527 306 1465 305 
2528 307 1448 306 
2529 308 1451 307 
2530 309 1454 308 
2531 310 1431 309 
2532 311 1436 310 
2533 312 1455 311 
2534 313 1462 312 
2535 314 1459 313 
2536 315 1452 314 
2537 316 1464 315 
2538 317 1437 316 
2539 318 1468 317 
2540 319 1450 318 
2541 320 1453 319 
2542 321 1449 320 
2543 322 1426 321 
2544 323 1471 322 
2545 324 1439 323 
2546 325 1472 324 
2547 326 1421 325 
2548 327 1423 326 
2549 328 1463 327 
2550 329 1440 328 
2551 330 1444 329 
2552 331 1445 330 
2553 332 1473 331 
2554 333 1438 332 
2555 334 1456 333 
2556 335 1470 334 
2557 336 1466 335 
2558 337 1432 336 
2559 338 1424 337 
2560 339 1469 338 
2561 340 1427 339 
2 5 2 1096
2562 142 1500 2 
2563 2 1924 216 
2564 1500 1924 2 
2565 143 1809 142 
2566 142 1809 1500 
2567 144 1917 143 
2568 143 1917 1809 
2569 145 1484 144 
2570 1484 1917 144 
2571 146 1950 145 
2572 145 1950 1484 
2573 147 1497 146 
2574 1497 1950 146 
2575 148 1938 147 
2576 147 1938 1497 
2577 149 1966 148 
2578 148 1966 1938 
2579 150 1481 149 
2580 1481 1966 149 
2581 151 1933 150 
2582 150 1933 1481 
2583 152 1951 151 
2584 151 1951 1933 
2585 153 1505 152 
2586 1505 1951 152 
2587 154 1936 153 
2588 153 1936 1505 
2589 155 1488 154 
2590 1488 1936 154 
2591 156 1916 155 
2592 155 1916 1488 
2593 157 1498 156 
2594 1498 1916 156 
2595 158 1928 157 
2596 157 1928 1498 
2597 159 1476 158 
2598 1476 1928 158 
2599 160 1932 159 
2600 159 1932 1476 
2601 161 1501 160 
2602 1501 1932 160 
2603 162 1939 161 
2604 161 1939 1501 
2605 163 1943 162 
2606 162 1943 1939 
2607 164 1485 163 
2608 1485 1943 163 
2609 165 1931 164 
2610 164 1931 1485 
2611 166 1495 165 
2612 1495 1931 165 
2613 167 1977 166 
2614 166 1977 1495 
2615 168 1942 167 
2616 1942 1977 167 
2617 169 1479 168 
2618 1479 1942 168 
2619 170 1926 169 
2620 169 1926 1479 
2621 171 1496 170 
2622 1496 1926 170 
2623 172 1937 171 
2624 171 1937 1496 
2625 173 1925 172 
2626 1925 1937 172 
2627 174 1487 173 
2628 1487 1925 173 
2629 175 1923 174 
2630 174 1923 1487 
2631 176 1504 175 
2632 1504 1923 175 
2633 177 1929 176 
2634 176 1929 1504 
2635 178 1474 177 
2636 1474 1929 177 
2637 179 1935 178 
2638 178 1935 1474 
2639 180 1503 179 
2640 1503 1935 179 
2641 181 1934 180 
2642 180 1934 1503 
2643 182 1489 181 
2644 1489 1934 181 
2645 183 1911 182 
2646 182 1911 1489 
2647 184 1493 183 
2648 1493 1911 183 
2649 185 1946 184 
2650 184 1946 1493 
2651 186 1981 185 
2652 185 1981 1946 
2653 187 1480 186 
2654 1480 1981 186 
2655 188 1930 187 
2656 187 1930 1480 
2657 189 1944 188 
2658 188 1944 1930 
2659 190 1494 189 
2660 1494 1944 189 
2661 191 1922 190 
2662 190 1922 1494 
2663 192 1482 191 
2664 1482 1922 191 
2665 193 1963 192 
2666 192 1963 1482 
2667 194 1979 193 
2668 193 1979 1963 
2669 195 1491 194 
2670 1491 1979 194 
2671 196 1945 195 
2672 195 1945 1491 
2673 197 1477 196 
2674 1477 1945 196 
2675 198 1958 197 
2676 197 1958 1477 
2677 199 1913 198 
2678 1913 1958 198 
2679 200 1499 199 
2680 1499 1913 199 
2681 201 1927 200 
2682 200 1927 1499 
2683 202 1486 201 
2684 1486 1927 201 
2685 203 1975 202 
2686 202 1975 1486 
2687 204 1492 203 
2688 1492 1975 203 
2689 205 1920 204 
2690 204 1920 1492 
2691 206 1478 205 
2692 1478 1920 205 
2693 207 1506 206 
2694 206 1506 1478 
2695 208 1490 207 
2696 1490 1506 207 
2697 209 1965 208 
2698 208 1965 1490 
2699 210 1910 209 
2700 1910 1965 209 
2701 211 1483 210 
2702 1483 1910 210 
2703 212 1921 211 
2704 211 1921 1483 
2705 213 1502 212 
2706 1502 1921 212 
2707 214 1919 213 
2708 213 1919 1502 
2709 215 1957 214 
2710 214 1957 1919 
2711 216 1475 215 
2712 1475 1957 215 
2713 216 1924 1475 
2714 1741 1929 1474 
2715 1474 1974 1741 
2716 1935 1974 1474 
2717 1475 1915 1802 
2718 1802 1957 1475 
2719 1475 1984 1915 
2720 1924 1984 1475 
2721 1476 1960 1928 
2722 1932 1983 1476 
2723 1476 1983 1960 
2724 1477 1757 1755 
2725 1755 1945 1477 
2726 1477 1758 1757 
2727 1477 1958 1758 
2728 1506 1507 1478 
2729 1507 1508 1478 
2730 1508 1920 1478 
2731 1750 1942 1479 
2732 1479 1947 1750 
2733 1926 1947 1479 
2734 1480 1907 1884 
2735 1884 1981 1480 
2736 1480 1967 1907 
2737 1930 1967 1480 
2738 1481 1788 1787 
2739 1787 1966 1481 
2740 1481 1971 1788 
2741 1933 1971 1481 
2742 1482 1963 1759 
2743 1759 1968 1482 
2744 1482 1968 1922 
2745 1483 1940 1910 
2746 1921 1969 1483 
2747 1483 1969 1940 
2748 1760 1905 1484 
2749 1484 1950 1760 
2750 1905 1917 1484 
2751 1743 1745 1485 
2752 1485 1962 1743 
2753 1745 1943 1485 
2754 1931 1962 1485 
2755 1738 1739 1486 
2756 1486 1751 1738 
2757 1739 1927 1486 
2758 1486 1975 1751 
2759 1487 1923 1880 
2760 1880 1956 1487 
2761 1487 1956 1925 
2762 1748 1749 1488 
2763 1488 1916 1748 
2764 1749 1936 1488 
2765 1489 1911 1791 
2766 1791 1970 1489 
2767 1489 1970 1934 
2768 1490 1949 1506 
2769 1909 1949 1490 
2770 1490 1965 1909 
2771 1737 1754 1491 
2772 1491 1755 1737 
2773 1754 1979 1491 
2774 1491 1945 1755 
2775 1492 1948 1751 
2776 1751 1975 1492 
2777 1920 1948 1492 
2778 1493 1883 1747 
2779 1747 1911 1493 
2780 1493 1946 1883 
2781 1822 1824 1494 
2782 1494 1973 1822 
2783 1824 1944 1494 
2784 1922 1973 1494 
2785 1742 1954 1495 
2786 1495 1977 1742 
2787 1495 1954 1931 
2788 1496 1953 1926 
2789 1937 1978 1496 
2790 1496 1978 1953 
2791 1497 1938 1786 
2792 1786 1982 1497 
2793 1497 1982 1950 
2794 1752 1835 1498 
2795 1498 1928 1752 
2796 1835 1916 1498 
2797 1783 1913 1499 
2798 1499 1964 1783 
2799 1927 1964 1499 
2800 1500 1808 1807 
2801 1807 1924 1500 
2802 1500 1809 1808 
2803 1918 1932 1501 
2804 1501 1972 1918 
2805 1939 1972 1501 
2806 1914 1921 1502 
2807 1502 1976 1914 
2808 1919 1976 1502 
2809 1934 1952 1503 
2810 1503 1955 1935 
2811 1952 1955 1503 
2812 1504 1929 1906 
2813 1906 1959 1504 
2814 1504 1959 1923 
2815 1505 1908 1740 
2816 1740 1951 1505 
2817 1505 1936 1908 
2818 1506 1949 1507 
2819 1507 1509 1508 
2820 1507 1761 1509 
2821 1507 1949 1761 
2822 1509 1510 1508 
2823 1510 1948 1508 
2824 1508 1948 1920 
2825 1509 1511 1510 
2826 1509 1512 1511 
2827 1509 1761 1512 
2828 1511 1763 1510 
2829 1510 1763 1753 
2830 1753 1948 1510 
2831 1512 1513 1511 
2832 1513 1514 1511 
2833 1514 1763 1511 
2834 1512 1762 1513 
2835 1761 1903 1512 
2836 1512 1903 1762 
2837 1513 1515 1514 
2838 1513 1516 1515 
2839 1513 1762 1516 
2840 1515 1764 1514 
2841 1514 1770 1763 
2842 1764 1770 1514 
2843 1516 1517 1515 
2844 1517 1518 1515 
2845 1518 1764 1515 
2846 1516 1765 1517 
2847 1762 1766 1516 
2848 1516 1766 1765 
2849 1517 1519 1518 
2850 1517 1520 1519 
2851 1517 1765 1520 
2852 1519 1767 1518 
2853 1518 1769 1764 
2854 1767 1769 1518 
2855 1520 1521 1519 
2856 1521 1522 1519 
2857 1522 1767 1519 
2858 1520 1775 1521 
2859 1765 1771 1520 
2860 1771 1775 1520 
2861 1521 1523 1522 
2862 1521 1524 1523 
2863 1521 1775 1524 
2864 1523 1772 1522 
2865 1522 1768 1767 
2866 1522 1772 1768 
2867 1524 1525 1523 
2868 1525 1526 1523 
2869 1526 1772 1523 
2870 1524 1878 1525 
2871 1775 1792 1524 
2872 1792 1878 1524 
2873 1525 1527 1526 
2874 1525 1528 1527 
2875 1525 1878 1528 
2876 1527 1888 1526 
2877 1526 1776 1772 
2878 1526 1888 1776 
2879 1528 1529 1527 
2880 1529 1530 1527 
2881 1530 1888 1527 
2882 1528 1842 1529 
2883 1528 1876 1842 
2884 1528 1878 1876 
2885 1529 1531 1530 
2886 1529 1532 1531 
2887 1529 1842 1532 
2888 1531 1871 1530 
2889 1530 1871 1785 
2890 1785 1888 1530 
2891 1532 1533 1531 
2892 1533 1534 1531 
2893 1534 1871 1531 
2894 1532 1535 1533 
2895 1532 1575 1535 
2896 1532 1842 1575 
2897 1533 1536 1534 
2898 1535 1816 1533 
2899 1533 1816 1536 
2900 1536 1537 1534 
2901 1537 1857 1534 
2902 1857 1871 1534 
2903 1575 1576 1535 
2904 1576 1854 1535 
2905 1535 1854 1816 
2906 1536 1538 1537 
2907 1536 1812 1538 
2908 1536 1816 1812 
2909 1538 1539 1537 
2910 1539 1540 1537 
2911 1540 1857 1537 
2912 1538 1541 1539 
2913 1538 1542 1541 
2914 1538 1812 1542 
2915 1539 1543 1540 
2916 1541 1858 1539 
2917 1539 1858 1543 
2918 1543 1544 1540 
2919 1544 1630 1540 
2920 1630 1857 1540 
2921 1542 1545 1541 
2922 1545 1843 1541 
2923 1843 1858 1541 
2924 1542 1546 1545 
2925 1542 1649 1546 
2926 1542 1812 1649 
2927 1543 1547 1544 
2928 1543 1859 1547 
2929 1858 1859 1543 
2930 1547 1548 1544 
2931 1548 1847 1544 
2932 1544 1847 1630 
2933 1546 1549 1545 
2934 1549 1551 1545 
2935 1551 1843 1545 
2936 1546 1550 1549 
2937 1546 1851 1550 
2938 1649 1851 1546 
2939 1547 1552 1548 
2940 1547 1564 1552 
2941 1547 1859 1564 
2942 1552 1553 1548 
2943 1553 1554 1548 
2944 1554 1847 1548 
2945 1550 1557 1549 
2946 1549 1831 1551 
2947 1557 1831 1549 
2948 1550 1558 1557 
2949 1550 1559 1558 
2950 1550 1851 1559 
2951 1831 1865 1551 
2952 1832 1843 1551 
2953 1551 1865 1832 
2954 1552 1565 1553 
2955 1564 1853 1552 
2956 1552 1853 1565 
2957 1553 1555 1554 
2958 1553 1894 1555 
2959 1565 1894 1553 
2960 1555 1556 1554 
2961 1556 1680 1554 
2962 1680 1847 1554 
2963 1555 1560 1556 
2964 1555 1890 1560 
2965 1555 1894 1890 
2966 1560 1561 1556 
2967 1561 1848 1556 
2968 1556 1848 1680 
2969 1558 1593 1557 
2970 1593 1594 1557 
2971 1594 1831 1557 
2972 1559 1562 1558 
2973 1562 1866 1558 
2974 1558 1866 1593 
2975 1559 1563 1562 
2976 1559 1852 1563 
2977 1851 1852 1559 
2978 1560 1568 1561 
2979 1560 1572 1568 
2980 1560 1890 1572 
2981 1568 1569 1561 
2982 1569 1570 1561 
2983 1570 1848 1561 
2984 1563 1566 1562 
2985 1566 1601 1562 
2986 1601 1866 1562 
2987 1563 1567 1566 
2988 1563 1648 1567 
2989 1563 1852 1648 
2990 1836 1846 1564 
2991 1564 1859 1836 
2992 1846 1853 1564 
2993 1853 1872 1565 
2994 1872 1889 1565 
2995 1889 1894 1565 
2996 1567 1599 1566 
2997 1599 1873 1566 
2998 1566 1873 1601 
2999 1567 1600 1599 
3000 1567 1827 1600 
3001 1648 1827 1567 
3002 1568 1603 1569 
3003 1572 1828 1568 
3004 1568 1828 1603 
3005 1569 1571 1570 
3006 1569 1817 1571 
3007 1603 1817 1569 
3008 1571 1573 1570 
3009 1573 1610 1570 
3010 1610 1848 1570 
3011 1571 1574 1573 
3012 1571 1595 1574 
3013 1571 1817 1595 
3014 1572 1897 1828 
3015 1890 1895 1572 
3016 1895 1897 1572 
3017 1574 1863 1573 
3018 1573 1681 1610 
3019 1573 1863 1681 
3020 1595 1596 1574 
3021 1596 1597 1574 
3022 1597 1863 1574 
3023 1575 1577 1576 
3024 1575 1678 1577 
3025 1575 1842 1678 
3026 1577 1578 1576 
3027 1578 1617 1576 
3028 1617 1854 1576 
3029 1577 1579 1578 
3030 1577 1862 1579 
3031 1678 1862 1577 
3032 1579 1580 1578 
3033 1580 1838 1578 
3034 1578 1838 1617 
3035 1579 1581 1580 
3036 1579 1583 1581 
3037 1579 1862 1583 
3038 1581 1582 1580 
3039 1582 1615 1580 
3040 1615 1838 1580 
3041 1581 1839 1582 
3042 1583 1584 1581 
3043 1584 1839 1581 
3044 1582 1616 1615 
3045 1582 1624 1616 
3046 1582 1839 1624 
3047 1583 1585 1584 
3048 1583 1829 1585 
3049 1583 1862 1829 
3050 1585 1586 1584 
3051 1586 1849 1584 
3052 1584 1849 1839 
3053 1585 1587 1586 
3054 1585 1850 1587 
3055 1829 1850 1585 
3056 1587 1588 1586 
3057 1588 1590 1586 
3058 1590 1849 1586 
3059 1587 1589 1588 
3060 1587 1591 1589 
3061 1587 1850 1591 
3062 1589 1602 1588 
3063 1588 1867 1590 
3064 1602 1867 1588 
3065 1591 1592 1589 
3066 1592 1840 1589 
3067 1589 1840 1602 
3068 1590 1867 1797 
3069 1797 1879 1590 
3070 1590 1879 1849 
3071 1591 1608 1592 
3072 1591 1623 1608 
3073 1591 1850 1623 
3074 1608 1609 1592 
3075 1609 1611 1592 
3076 1611 1840 1592 
3077 1593 1604 1594 
3078 1593 1796 1604 
3079 1593 1866 1796 
3080 1604 1605 1594 
3081 1605 1837 1594 
3082 1594 1837 1831 
3083 1595 1612 1596 
3084 1595 1673 1612 
3085 1595 1817 1673 
3086 1596 1598 1597 
3087 1596 1795 1598 
3088 1612 1795 1596 
3089 1598 1606 1597 
3090 1606 1622 1597 
3091 1622 1863 1597 
3092 1598 1607 1606 
3093 1598 1633 1607 
3094 1598 1795 1633 
3095 1600 1618 1599 
3096 1618 1634 1599 
3097 1634 1873 1599 
3098 1600 1619 1618 
3099 1600 1647 1619 
3100 1600 1827 1647 
3101 1601 1873 1818 
3102 1818 1877 1601 
3103 1601 1877 1866 
3104 1602 1840 1810 
3105 1810 1887 1602 
3106 1602 1887 1867 
3107 1603 1819 1817 
3108 1603 1826 1819 
3109 1603 1828 1826 
3110 1604 1639 1605 
3111 1604 1640 1639 
3112 1604 1796 1640 
3113 1639 1641 1605 
3114 1641 1642 1605 
3115 1642 1837 1605 
3116 1607 1620 1606 
3117 1620 1900 1606 
3118 1606 1900 1622 
3119 1607 1621 1620 
3120 1607 1798 1621 
3121 1633 1798 1607 
3122 1608 1861 1609 
3123 1623 1646 1608 
3124 1646 1861 1608 
3125 1609 1613 1611 
3126 1609 1614 1613 
3127 1609 1861 1614 
3128 1681 1682 1610 
3129 1682 1886 1610 
3130 1610 1886 1848 
3131 1613 1803 1611 
3132 1803 1805 1611 
3133 1805 1840 1611 
3134 1673 1674 1612 
3135 1674 1676 1612 
3136 1676 1795 1612 
3137 1614 1631 1613 
3138 1631 1636 1613 
3139 1636 1803 1613 
3140 1614 1632 1631 
3141 1614 1864 1632 
3142 1861 1864 1614 
3143 1616 1714 1615 
3144 1714 1715 1615 
3145 1715 1838 1615 
3146 1624 1625 1616 
3147 1625 1855 1616 
3148 1616 1855 1714 
3149 1617 1841 1815 
3150 1815 1854 1617 
3151 1838 1841 1617 
3152 1619 1637 1618 
3153 1618 1793 1634 
3154 1637 1793 1618 
3155 1619 1638 1637 
3156 1619 1885 1638 
3157 1647 1885 1619 
3158 1621 1643 1620 
3159 1643 1669 1620 
3160 1669 1900 1620 
3161 1621 1644 1643 
3162 1621 1645 1644 
3163 1621 1798 1645 
3164 1774 1898 1622 
3165 1622 1900 1774 
3166 1622 1898 1863 
3167 1623 1670 1646 
3168 1623 1679 1670 
3169 1623 1850 1679 
3170 1624 1626 1625 
3171 1624 1722 1626 
3172 1624 1839 1722 
3173 1626 1627 1625 
3174 1627 1629 1625 
3175 1629 1855 1625 
3176 1626 1628 1627 
3177 1626 1881 1628 
3178 1722 1881 1626 
3179 1628 1635 1627 
3180 1627 1868 1629 
3181 1635 1868 1627 
3182 1628 1663 1635 
3183 1628 1664 1663 
3184 1628 1881 1664 
3185 1629 1868 1781 
3186 1781 1893 1629 
3187 1629 1893 1855 
3188 1847 1891 1630 
3189 1630 1892 1857 
3190 1891 1892 1630 
3191 1632 1652 1631 
3192 1631 1799 1636 
3193 1652 1799 1631 
3194 1632 1653 1652 
3195 1632 1668 1653 
3196 1632 1864 1668 
3197 1756 1961 1633 
3198 1633 1980 1756 
3199 1795 1980 1633 
3200 1633 1961 1798 
3201 1793 1870 1634 
3202 1634 1870 1869 
3203 1869 1873 1634 
3204 1663 1699 1635 
3205 1699 1700 1635 
3206 1700 1868 1635 
3207 1799 1800 1636 
3208 1800 1801 1636 
3209 1801 1803 1636 
3210 1638 1701 1637 
3211 1701 1728 1637 
3212 1728 1793 1637 
3213 1638 1702 1701 
3214 1638 1712 1702 
3215 1638 1885 1712 
3216 1640 1662 1639 
3217 1639 1882 1641 
3218 1662 1882 1639 
3219 1640 1706 1662 
3220 1640 1707 1706 
3221 1640 1796 1707 
3222 1641 1650 1642 
3223 1641 1705 1650 
3224 1641 1882 1705 
3225 1650 1651 1642 
3226 1651 1860 1642 
3227 1642 1860 1837 
3228 1644 1667 1643 
3229 1667 1901 1643 
3230 1643 1901 1669 
3231 1645 1782 1644 
3232 1644 1695 1667 
3233 1644 1782 1695 
3234 1645 1783 1782 
3235 1645 1912 1783 
3236 1798 1912 1645 
3237 1670 1711 1646 
3238 1711 1721 1646 
3239 1721 1861 1646 
3240 1778 1779 1647 
3241 1647 1827 1778 
3242 1779 1885 1647 
3243 1780 1827 1648 
3244 1648 1830 1780 
3245 1648 1852 1830 
3246 1812 1813 1649 
3247 1813 1814 1649 
3248 1814 1851 1649 
3249 1650 1654 1651 
3250 1650 1844 1654 
3251 1705 1844 1650 
3252 1654 1655 1651 
3253 1655 1656 1651 
3254 1656 1860 1651 
3255 1653 1696 1652 
3256 1696 1708 1652 
3257 1708 1799 1652 
3258 1668 1904 1653 
3259 1653 1697 1696 
3260 1653 1904 1697 
3261 1654 1729 1655 
3262 1654 1731 1729 
3263 1654 1844 1731 
3264 1655 1657 1656 
3265 1655 1834 1657 
3266 1729 1834 1655 
3267 1657 1658 1656 
3268 1658 1716 1656 
3269 1716 1860 1656 
3270 1657 1659 1658 
3271 1657 1660 1659 
3272 1657 1834 1660 
3273 1659 1845 1658 
3274 1658 1717 1716 
3275 1658 1845 1717 
3276 1660 1661 1659 
3277 1661 1671 1659 
3278 1671 1845 1659 
3279 1660 1789 1661 
3280 1660 1790 1789 
3281 1660 1834 1790 
3282 1661 1672 1671 
3283 1661 1684 1672 
3284 1661 1789 1684 
3285 1706 1742 1662 
3286 1742 1750 1662 
3287 1750 1882 1662 
3288 1664 1665 1663 
3289 1665 1788 1663 
3290 1663 1788 1699 
3291 1664 1666 1665 
3292 1664 1718 1666 
3293 1664 1881 1718 
3294 1666 1786 1665 
3295 1786 1787 1665 
3296 1787 1788 1665 
3297 1718 1719 1666 
3298 1719 1733 1666 
3299 1733 1786 1666 
3300 1695 1710 1667 
3301 1710 1770 1667 
3302 1770 1901 1667 
3303 1668 1902 1766 
3304 1766 1904 1668 
3305 1864 1902 1668 
3306 1769 1899 1669 
3307 1669 1901 1769 
3308 1899 1900 1669 
3309 1679 1723 1670 
3310 1670 1792 1711 
3311 1723 1792 1670 
3312 1672 1874 1671 
3313 1671 1846 1845 
3314 1671 1874 1846 
3315 1684 1685 1672 
3316 1685 1686 1672 
3317 1686 1874 1672 
3318 1673 1675 1674 
3319 1673 1819 1675 
3320 1817 1819 1673 
3321 1675 1875 1674 
3322 1674 1677 1676 
3323 1674 1875 1677 
3324 1819 1820 1675 
3325 1820 1821 1675 
3326 1821 1875 1675 
3327 1677 1737 1676 
3328 1737 1980 1676 
3329 1676 1980 1795 
3330 1677 1754 1737 
3331 1677 1759 1754 
3332 1677 1875 1759 
3333 1842 1876 1678 
3334 1856 1862 1678 
3335 1678 1876 1856 
3336 1679 1856 1723 
3337 1679 1850 1829 
3338 1829 1856 1679 
3339 1680 1891 1847 
3340 1848 1886 1680 
3341 1886 1891 1680 
3342 1681 1683 1682 
3343 1681 1898 1683 
3344 1863 1898 1681 
3345 1683 1720 1682 
3346 1720 1724 1682 
3347 1724 1886 1682 
3348 1683 1776 1720 
3349 1773 1776 1683 
3350 1683 1898 1773 
3351 1684 1732 1685 
3352 1684 1741 1732 
3353 1684 1789 1741 
3354 1685 1687 1686 
3355 1685 1784 1687 
3356 1732 1784 1685 
3357 1687 1688 1686 
3358 1688 1872 1686 
3359 1872 1874 1686 
3360 1687 1689 1688 
3361 1687 1730 1689 
3362 1687 1784 1730 
3363 1689 1690 1688 
3364 1690 1889 1688 
3365 1688 1889 1872 
3366 1689 1691 1690 
3367 1689 1791 1691 
3368 1730 1791 1689 
3369 1691 1692 1690 
3370 1692 1725 1690 
3371 1725 1889 1690 
3372 1691 1693 1692 
3373 1691 1747 1693 
3374 1691 1791 1747 
3375 1693 1694 1692 
3376 1694 1895 1692 
3377 1692 1895 1725 
3378 1693 1703 1694 
3379 1693 1883 1703 
3380 1747 1883 1693 
3381 1703 1704 1694 
3382 1704 1897 1694 
3383 1694 1897 1895 
3384 1695 1738 1710 
3385 1695 1739 1738 
3386 1695 1782 1739 
3387 1697 1698 1696 
3388 1698 1940 1696 
3389 1696 1940 1708 
3390 1697 1709 1698 
3391 1697 1903 1709 
3392 1697 1904 1903 
3393 1709 1909 1698 
3394 1909 1910 1698 
3395 1910 1940 1698 
3396 1699 1740 1700 
3397 1699 1971 1740 
3398 1788 1971 1699 
3399 1740 1908 1700 
3400 1777 1868 1700 
3401 1700 1908 1777 
3402 1702 1835 1701 
3403 1701 1752 1728 
3404 1701 1835 1752 
3405 1712 1713 1702 
3406 1713 1748 1702 
3407 1748 1835 1702 
3408 1703 1907 1704 
3409 1883 1884 1703 
3410 1884 1907 1703 
3411 1825 1896 1704 
3412 1704 1907 1825 
3413 1896 1897 1704 
3414 1705 1953 1844 
3415 1882 1947 1705 
3416 1947 1953 1705 
3417 1707 1726 1706 
3418 1726 1954 1706 
3419 1706 1954 1742 
3420 1707 1727 1726 
3421 1707 1877 1727 
3422 1796 1877 1707 
3423 1708 1914 1799 
3424 1708 1969 1914 
3425 1940 1969 1708 
3426 1709 1903 1761 
3427 1761 1949 1709 
3428 1709 1949 1909 
3429 1738 1753 1710 
3430 1753 1763 1710 
3431 1763 1770 1710 
3432 1711 1771 1721 
3433 1711 1775 1771 
3434 1711 1792 1775 
3435 1712 1781 1713 
3436 1712 1893 1781 
3437 1885 1893 1712 
3438 1713 1749 1748 
3439 1713 1777 1749 
3440 1713 1781 1777 
3441 1714 1778 1715 
3442 1714 1779 1778 
3443 1714 1855 1779 
3444 1778 1780 1715 
3445 1780 1841 1715 
3446 1715 1841 1838 
3447 1717 1832 1716 
3448 1832 1865 1716 
3449 1716 1865 1860 
3450 1717 1833 1832 
3451 1717 1836 1833 
3452 1717 1845 1836 
3453 1718 1797 1719 
3454 1718 1879 1797 
3455 1718 1881 1879 
3456 1719 1734 1733 
3457 1719 1735 1734 
3458 1719 1797 1735 
3459 1720 1785 1724 
3460 1776 1888 1720 
3461 1720 1888 1785 
3462 1771 1902 1721 
3463 1721 1864 1861 
3464 1721 1902 1864 
3465 1839 1849 1722 
3466 1849 1879 1722 
3467 1879 1881 1722 
3468 1723 1878 1792 
3469 1856 1876 1723 
3470 1876 1878 1723 
3471 1785 1892 1724 
3472 1724 1891 1886 
3473 1724 1892 1891 
3474 1725 1894 1889 
3475 1890 1894 1725 
3476 1725 1895 1890 
3477 1727 1743 1726 
3478 1743 1962 1726 
3479 1726 1962 1954 
3480 1727 1744 1743 
3481 1727 1818 1744 
3482 1727 1877 1818 
3483 1752 1960 1728 
3484 1728 1794 1793 
3485 1728 1960 1794 
3486 1731 1956 1729 
3487 1729 1880 1834 
3488 1729 1956 1880 
3489 1784 1952 1730 
3490 1730 1970 1791 
3491 1952 1970 1730 
3492 1844 1978 1731 
3493 1731 1937 1925 
3494 1925 1956 1731 
3495 1731 1978 1937 
3496 1741 1974 1732 
3497 1732 1955 1784 
3498 1732 1974 1955 
3499 1734 1760 1733 
3500 1760 1982 1733 
3501 1733 1982 1786 
3502 1735 1736 1734 
3503 1736 1905 1734 
3504 1734 1905 1760 
3505 1735 1887 1736 
3506 1797 1867 1735 
3507 1867 1887 1735 
3508 1736 1887 1811 
3509 1811 1941 1736 
3510 1736 1941 1905 
3511 1755 1756 1737 
3512 1756 1980 1737 
3513 1751 1753 1738 
3514 1782 1964 1739 
3515 1739 1964 1927 
3516 1933 1951 1740 
3517 1740 1971 1933 
3518 1789 1906 1741 
3519 1906 1929 1741 
3520 1742 1942 1750 
3521 1742 1977 1942 
3522 1744 1745 1743 
3523 1744 1746 1745 
3524 1744 1869 1746 
3525 1818 1869 1744 
3526 1746 1972 1745 
3527 1939 1943 1745 
3528 1745 1972 1939 
3529 1869 1870 1746 
3530 1870 1918 1746 
3531 1918 1972 1746 
3532 1791 1911 1747 
3533 1748 1916 1835 
3534 1777 1908 1749 
3535 1908 1936 1749 
3536 1750 1947 1882 
3537 1751 1948 1753 
3538 1928 1960 1752 
3539 1759 1963 1754 
3540 1963 1979 1754 
3541 1755 1757 1756 
3542 1757 1961 1756 
3543 1758 1912 1757 
3544 1912 1961 1757 
3545 1783 1912 1758 
3546 1758 1913 1783 
3547 1758 1958 1913 
3548 1875 1968 1759 
3549 1950 1982 1760 
3550 1762 1904 1766 
3551 1903 1904 1762 
3552 1769 1901 1764 
3553 1764 1901 1770 
3554 1766 1902 1765 
3555 1765 1902 1771 
3556 1768 1899 1767 
3557 1767 1899 1769 
3558 1772 1773 1768 
3559 1773 1774 1768 
3560 1774 1899 1768 
3561 1772 1776 1773 
3562 1773 1898 1774 
3563 1774 1900 1899 
3564 1781 1868 1777 
3565 1778 1827 1780 
3566 1855 1893 1779 
3567 1779 1893 1885 
3568 1830 1841 1780 
3569 1783 1964 1782 
3570 1784 1955 1952 
3571 1871 1892 1785 
3572 1786 1938 1787 
3573 1938 1966 1787 
3574 1790 1906 1789 
3575 1834 1880 1790 
3576 1880 1959 1790 
3577 1790 1959 1906 
3578 1794 1870 1793 
3579 1794 1918 1870 
3580 1794 1983 1918 
3581 1960 1983 1794 
3582 1866 1877 1796 
3583 1798 1961 1912 
3584 1799 1914 1800 
3585 1800 1802 1801 
3586 1800 1976 1802 
3587 1914 1976 1800 
3588 1802 1915 1801 
3589 1801 1804 1803 
3590 1801 1915 1804 
3591 1919 1957 1802 
3592 1802 1976 1919 
3593 1804 1805 1803 
3594 1804 1806 1805 
3595 1804 1807 1806 
3596 1804 1915 1807 
3597 1806 1810 1805 
3598 1810 1840 1805 
3599 1807 1808 1806 
3600 1808 1811 1806 
3601 1806 1811 1810 
3602 1915 1984 1807 
3603 1807 1984 1924 
3604 1809 1941 1808 
3605 1808 1941 1811 
3606 1917 1941 1809 
3607 1811 1887 1810 
3608 1812 1816 1813 
3609 1813 1815 1814 
3610 1813 1854 1815 
3611 1816 1854 1813 
3612 1815 1830 1814 
3613 1830 1852 1814 
3614 1814 1852 1851 
3615 1815 1841 1830 
3616 1818 1873 1869 
3617 1819 1826 1820 
3618 1820 1822 1821 
3619 1820 1823 1822 
3620 1820 1826 1823 
3621 1822 1973 1821 
3622 1821 1968 1875 
3623 1821 1973 1968 
3624 1823 1824 1822 
3625 1823 1825 1824 
3626 1823 1896 1825 
3627 1826 1896 1823 
3628 1825 1967 1824 
3629 1930 1944 1824 
3630 1824 1967 1930 
3631 1907 1967 1825 
3632 1828 1896 1826 
3633 1828 1897 1896 
3634 1829 1862 1856 
3635 1837 1865 1831 
3636 1833 1843 1832 
3637 1836 1859 1833 
3638 1833 1858 1843 
3639 1833 1859 1858 
3640 1845 1846 1836 
3641 1860 1865 1837 
3642 1953 1978 1844 
3643 1846 1874 1853 
3644 1853 1874 1872 
3645 1857 1892 1871 
3646 1923 1959 1880 
3647 1883 1946 1884 
3648 1946 1981 1884 
3649 1905 1941 1917 
3650 1909 1965 1910 
3651 1914 1969 1921 
3652 1918 1983 1932 
3653 1968 1973 1922 
3654 1926 1953 1947 
3655 1954 1962 1931 
3656 1934 1970 1952 
3657 1955 1974 1935 
2 6 2 1888
3658 5 278 2022 
3659 289 5 2490 
3660 5 2022 2490 
3661 217 6 2800 
3662 6 341 2800 
3663 7 340 2776 
3664 354 7 2776 
3665 348 8 2066 
3666 8 349 2353 
3667 2066 8 2353 
3668 9 355 2034 
3669 429 9 2397 
3670 9 2034 2397 
3671 218 217 2634 
3672 2634 217 2800 
3673 219 218 2058 
3674 2058 218 2634 
3675 220 219 2633 
3676 219 2058 2633 
3677 221 220 2009 
3678 2009 220 2633 
3679 222 221 2775 
3680 221 2009 2775 
3681 223 222 2590 
3682 2590 222 2775 
3683 224 223 2050 
3684 2050 223 2590 
3685 225 224 2640 
3686 224 2050 2640 
3687 226 225 2025 
3688 2025 225 2640 
3689 227 226 2639 
3690 226 2025 2639 
3691 228 227 2049 
3692 2049 227 2639 
3693 229 228 2651 
3694 228 2049 2651 
3695 230 229 2650 
3696 2650 229 2651 
3697 231 230 2023 
3698 2023 230 2650 
3699 232 231 2630 
3700 231 2023 2630 
3701 233 232 2052 
3702 2052 232 2630 
3703 234 233 2431 
3704 233 2052 2431 
3705 235 234 2665 
3706 234 2431 2665 
3707 236 235 2020 
3708 2020 235 2665 
3709 237 236 2661 
3710 236 2020 2661 
3711 238 237 2054 
3712 2054 237 2661 
3713 239 238 2677 
3714 238 2054 2677 
3715 240 239 2696 
3716 239 2677 2696 
3717 241 240 2018 
3718 2018 240 2696 
3719 242 241 2623 
3720 241 2018 2623 
3721 243 242 2057 
3722 2057 242 2623 
3723 244 243 2635 
3724 243 2057 2635 
3725 245 244 2029 
3726 2029 244 2635 
3727 246 245 2679 
3728 245 2029 2679 
3729 247 246 2649 
3730 2649 246 2679 
3731 248 247 2007 
3732 2007 247 2649 
3733 249 248 2551 
3734 248 2007 2551 
3735 250 249 2697 
3736 249 2551 2697 
3737 251 250 2030 
3738 2030 250 2697 
3739 252 251 2796 
3740 251 2030 2796 
3741 253 252 2056 
3742 2056 252 2796 
3743 254 253 2636 
3744 253 2056 2636 
3745 255 254 2019 
3746 2019 254 2636 
3747 256 255 2772 
3748 255 2019 2772 
3749 257 256 2750 
3750 2750 256 2772 
3751 258 257 2055 
3752 2055 257 2750 
3753 259 258 2726 
3754 258 2055 2726 
3755 260 259 2021 
3756 2021 259 2726 
3757 261 260 2763 
3758 260 2021 2763 
3759 262 261 2663 
3760 2663 261 2763 
3761 263 262 2053 
3762 2053 262 2663 
3763 264 263 2670 
3764 263 2053 2670 
3765 265 264 2024 
3766 2024 264 2670 
3767 266 265 2545 
3768 265 2024 2545 
3769 267 266 2676 
3770 266 2545 2676 
3771 268 267 2051 
3772 2051 267 2676 
3773 269 268 2638 
3774 268 2051 2638 
3775 270 269 2026 
3776 2026 269 2638 
3777 271 270 2731 
3778 270 2026 2731 
3779 272 271 2785 
3780 2593 271 2731 
3781 271 2593 2785 
3782 273 272 2047 
3783 2047 272 2785 
3784 274 273 2637 
3785 273 2047 2637 
3786 275 274 2027 
3787 2027 274 2637 
3788 276 275 2632 
3789 275 2027 2632 
3790 277 276 2048 
3791 2048 276 2632 
3792 278 277 2629 
3793 277 2048 2629 
3794 2022 278 2629 
3795 290 289 2736 
3796 289 2490 2736 
3797 291 290 1985 
3798 1985 290 2736 
3799 292 291 2699 
3800 291 1985 2699 
3801 293 292 2039 
3802 2039 292 2699 
3803 294 293 2474 
3804 293 2039 2474 
3805 295 294 2680 
3806 294 2474 2680 
3807 296 295 1986 
3808 1986 295 2680 
3809 297 296 2642 
3810 296 1986 2642 
3811 298 297 2040 
3812 2040 297 2642 
3813 299 298 2641 
3814 298 2040 2641 
3815 300 299 2765 
3816 299 2641 2765 
3817 301 300 1987 
3818 1987 300 2765 
3819 302 301 2675 
3820 301 1987 2675 
3821 303 302 2041 
3822 2041 302 2675 
3823 304 303 2643 
3824 303 2041 2643 
3825 305 304 2657 
3826 304 2643 2657 
3827 306 305 1988 
3828 1988 305 2657 
3829 307 306 2620 
3830 306 1988 2620 
3831 308 307 2042 
3832 2042 307 2620 
3833 309 308 2702 
3834 308 2042 2702 
3835 310 309 2711 
3836 309 2702 2711 
3837 311 310 1989 
3838 1989 310 2711 
3839 312 311 2646 
3840 311 1989 2646 
3841 313 312 2043 
3842 2043 312 2646 
3843 314 313 2644 
3844 313 2043 2644 
3845 315 314 2645 
3846 314 2644 2645 
3847 316 315 1990 
3848 1990 315 2645 
3849 317 316 2648 
3850 316 1990 2648 
3851 318 317 2044 
3852 2044 317 2648 
3853 319 318 2797 
3854 318 2044 2797 
3855 320 319 2757 
3856 319 2616 2757 
3857 2616 319 2797 
3858 321 320 1991 
3859 1991 320 2757 
3860 322 321 2710 
3861 321 1991 2710 
3862 323 322 2045 
3863 2045 322 2710 
3864 324 323 2789 
3865 323 2045 2789 
3866 325 324 2694 
3867 2694 324 2789 
3868 326 325 1993 
3869 1993 325 2694 
3870 327 326 2647 
3871 326 1993 2647 
3872 328 327 2046 
3873 2046 327 2647 
3874 329 328 2743 
3875 328 2046 2743 
3876 330 329 1995 
3877 1995 329 2743 
3878 331 330 2745 
3879 330 1995 2745 
3880 332 331 2705 
3881 2705 331 2745 
3882 333 332 1992 
3883 1992 332 2705 
3884 334 333 2755 
3885 333 1992 2755 
3886 335 334 2707 
3887 2707 334 2755 
3888 336 335 1994 
3889 1994 335 2707 
3890 337 336 2682 
3891 336 1994 2682 
3892 338 337 2625 
3893 2625 337 2682 
3894 339 338 2038 
3895 2038 338 2625 
3896 340 339 2656 
3897 339 2038 2656 
3898 340 2656 2776 
3899 341 342 2065 
3900 341 2065 2800 
3901 342 343 2367 
3902 2065 342 2367 
3903 343 344 2036 
3904 343 2036 2367 
3905 344 345 2067 
3906 2036 344 2067 
3907 345 346 2061 
3908 345 2061 2067 
3909 346 347 2351 
3910 2061 346 2351 
3911 347 348 2362 
3912 2351 347 2735 
3913 347 2362 2735 
3914 348 2066 2362 
3915 349 350 2060 
3916 349 2060 2353 
3917 350 351 2365 
3918 2060 350 2365 
3919 351 352 2008 
3920 351 2008 2365 
3921 352 353 2360 
3922 2008 352 2360 
3923 353 354 2064 
3924 353 2064 2360 
3925 2064 354 2776 
3926 355 356 2393 
3927 2034 355 2393 
3928 356 357 2017 
3929 356 2017 2393 
3930 357 358 2681 
3931 2017 357 2681 
3932 358 359 2437 
3933 358 2437 2681 
3934 359 360 2016 
3935 359 2016 2437 
3936 360 361 2390 
3937 2016 360 2390 
3938 361 362 2389 
3939 361 2389 2390 
3940 362 363 2015 
3941 362 2015 2389 
3942 363 364 2388 
3943 2015 363 2388 
3944 364 365 2387 
3945 364 2387 2388 
3946 365 366 2014 
3947 365 2014 2387 
3948 366 367 2385 
3949 2014 366 2385 
3950 367 368 2384 
3951 367 2384 2385 
3952 368 369 2013 
3953 368 2013 2384 
3954 369 370 2382 
3955 2013 369 2382 
3956 370 371 2381 
3957 370 2381 2382 
3958 371 372 2012 
3959 371 2012 2381 
3960 372 373 2380 
3961 2012 372 2380 
3962 373 374 2379 
3963 373 2379 2380 
3964 374 375 2011 
3965 374 2011 2379 
3966 375 376 2378 
3967 2011 375 2378 
3968 376 377 2377 
3969 376 2377 2378 
3970 377 378 2010 
3971 377 2010 2377 
3972 378 379 2375 
3973 2010 378 2375 
3974 379 380 2031 
3975 379 2031 2375 
3976 380 381 2376 
3977 2031 380 2376 
3978 381 382 2028 
3979 381 2028 2376 
3980 382 383 2370 
3981 2028 382 2370 
3982 383 384 2035 
3983 383 2035 2370 
3984 384 385 2655 
3985 2035 384 2655 
3986 385 386 2037 
3987 385 2037 2655 
3988 386 387 2368 
3989 2037 386 2368 
3990 387 388 2062 
3991 387 2062 2368 
3992 388 389 2434 
3993 2062 388 2434 
3994 389 390 2063 
3995 389 2063 2434 
3996 390 391 2453 
3997 2063 390 2453 
3998 391 392 2618 
3999 2453 391 2618 
4000 392 393 2059 
4001 392 2059 2618 
4002 393 394 2373 
4003 2059 393 2373 
4004 394 395 2033 
4005 394 2033 2373 
4006 395 396 2421 
4007 2033 395 2421 
4008 396 397 1997 
4009 396 1997 2421 
4010 397 398 2627 
4011 1997 397 2627 
4012 398 399 2653 
4013 2627 398 2653 
4014 399 400 1999 
4015 399 1999 2653 
4016 400 401 2419 
4017 1999 400 2419 
4018 401 402 2418 
4019 401 2418 2419 
4020 402 403 2001 
4021 402 2001 2418 
4022 403 404 2408 
4023 2001 403 2408 
4024 404 405 2407 
4025 404 2407 2408 
4026 405 406 2003 
4027 405 2003 2407 
4028 406 407 2424 
4029 2003 406 2424 
4030 407 408 2400 
4031 407 2400 2424 
4032 408 409 2006 
4033 408 2006 2400 
4034 409 410 2402 
4035 2006 409 2402 
4036 410 411 2032 
4037 410 2032 2402 
4038 411 412 2422 
4039 2032 411 2422 
4040 412 413 2403 
4041 412 2403 2422 
4042 413 414 2005 
4043 413 2005 2403 
4044 414 415 2398 
4045 2005 414 2398 
4046 415 416 2399 
4047 2398 415 2399 
4048 416 417 2004 
4049 416 2004 2399 
4050 417 418 2404 
4051 2004 417 2404 
4052 418 419 2406 
4053 2404 418 2406 
4054 419 420 2002 
4055 419 2002 2406 
4056 420 421 2409 
4057 2002 420 2409 
4058 421 422 2411 
4059 2409 421 2411 
4060 422 423 2000 
4061 422 2000 2411 
4062 423 424 2414 
4063 2000 423 2414 
4064 424 425 2811 
4065 2414 424 2416 
4066 2416 424 2811 
4067 425 426 1998 
4068 425 1998 2811 
4069 426 427 2704 
4070 1998 426 2704 
4071 427 428 2783 
4072 2704 427 2783 
4073 428 429 1996 
4074 428 1996 2783 
4075 1996 429 2397 
4076 2471 1985 2658 
4077 1985 2471 2699 
4078 2658 1985 2736 
4079 2642 1986 2722 
4080 1986 2680 2722 
4081 1987 2451 2675 
4082 2451 1987 2820 
4083 2452 1987 2765 
4084 1987 2452 2820 
4085 1988 2435 2486 
4086 2435 1988 2657 
4087 1988 2486 2620 
4088 2646 1989 2748 
4089 1989 2711 2727 
4090 1989 2727 2748 
4091 1990 2645 2687 
4092 2648 1990 2764 
4093 1990 2687 2764 
4094 1991 2506 2507 
4095 2506 1991 2615 
4096 1991 2507 2710 
4097 2615 1991 2757 
4098 2619 1992 2705 
4099 1992 2619 2721 
4100 1992 2721 2755 
4101 2500 1993 2503 
4102 1993 2500 2817 
4103 2503 1993 2694 
4104 2647 1993 2817 
4105 1994 2458 2682 
4106 2458 1994 2798 
4107 1994 2707 2798 
4108 1995 2497 2713 
4109 2497 1995 2743 
4110 1995 2713 2745 
4111 1996 2357 2358 
4112 2357 1996 2425 
4113 1996 2358 2783 
4114 1996 2397 2425 
4115 2421 1997 2760 
4116 1997 2627 2815 
4117 1997 2668 2760 
4118 2668 1997 2815 
4119 1998 2359 2523 
4120 2359 1998 2704 
4121 1998 2523 2732 
4122 1998 2732 2811 
4123 1999 2419 2439 
4124 1999 2439 2737 
4125 2653 1999 2737 
4126 2411 2000 2412 
4127 2412 2000 2413 
4128 2413 2000 2414 
4129 2001 2408 2740 
4130 2418 2001 2678 
4131 2678 2001 2740 
4132 2406 2002 2433 
4133 2002 2409 2410 
4134 2002 2410 2433 
4135 2407 2003 2436 
4136 2003 2424 2442 
4137 2436 2003 2442 
4138 2399 2004 2689 
4139 2004 2404 2405 
4140 2004 2405 2689 
4141 2005 2398 2446 
4142 2403 2005 2659 
4143 2005 2446 2659 
4144 2006 2364 2401 
4145 2364 2006 2402 
4146 2400 2006 2401 
4147 2551 2007 2671 
4148 2007 2649 2784 
4149 2671 2007 2784 
4150 2008 2360 2366 
4151 2365 2008 2660 
4152 2008 2366 2660 
4153 2589 2009 2703 
4154 2009 2589 2775 
4155 2009 2633 2703 
4156 2010 2375 2734 
4157 2377 2010 2674 
4158 2674 2010 2734 
4159 2011 2378 2818 
4160 2379 2011 2812 
4161 2011 2714 2812 
4162 2714 2011 2818 
4163 2012 2380 2741 
4164 2381 2012 2427 
4165 2427 2012 2741 
4166 2013 2382 2666 
4167 2384 2013 2447 
4168 2447 2013 2666 
4169 2014 2385 2386 
4170 2014 2386 2426 
4171 2387 2014 2426 
4172 2015 2388 2801 
4173 2389 2015 2746 
4174 2746 2015 2801 
4175 2016 2390 2391 
4176 2016 2391 2754 
4177 2437 2016 2754 
4178 2393 2017 2396 
4179 2396 2017 2718 
4180 2017 2681 2718 
4181 2018 2605 2623 
4182 2605 2018 2739 
4183 2018 2696 2739 
4184 2019 2624 2772 
4185 2624 2019 2822 
4186 2019 2636 2822 
4187 2661 2020 2690 
4188 2020 2665 2717 
4189 2690 2020 2717 
4190 2568 2021 2726 
4191 2021 2568 2738 
4192 2607 2021 2738 
4193 2021 2607 2763 
4194 2022 2467 2488 
4195 2467 2022 2629 
4196 2022 2488 2490 
4197 2630 2023 2695 
4198 2023 2650 2773 
4199 2695 2023 2773 
4200 2545 2024 2752 
4201 2585 2024 2670 
4202 2024 2585 2752 
4203 2604 2025 2640 
4204 2025 2604 2701 
4205 2639 2025 2701 
4206 2026 2592 2731 
4207 2592 2026 2774 
4208 2026 2638 2774 
4209 2632 2027 2715 
4210 2027 2637 2788 
4211 2715 2027 2788 
4212 2028 2370 2444 
4213 2376 2028 2742 
4214 2028 2444 2742 
4215 2029 2363 2679 
4216 2363 2029 2725 
4217 2029 2635 2725 
4218 2536 2030 2550 
4219 2030 2536 2552 
4220 2550 2030 2697 
4221 2030 2552 2796 
4222 2375 2031 2441 
4223 2031 2376 2440 
4224 2031 2440 2441 
4225 2402 2032 2683 
4226 2032 2422 2423 
4227 2032 2423 2683 
4228 2373 2033 2443 
4229 2033 2421 2810 
4230 2443 2033 2810 
4231 2034 2393 2394 
4232 2034 2394 2395 
4233 2034 2395 2397 
4234 2370 2035 2371 
4235 2371 2035 2767 
4236 2035 2655 2767 
4237 2036 2067 2068 
4238 2036 2068 2069 
4239 2036 2069 2367 
4240 2037 2368 2719 
4241 2655 2037 2771 
4242 2037 2719 2771 
4243 2038 2625 2756 
4244 2656 2038 2792 
4245 2038 2756 2792 
4246 2471 2039 2699 
4247 2039 2471 2758 
4248 2474 2039 2758 
4249 2641 2040 2769 
4250 2040 2642 2664 
4251 2040 2664 2769 
4252 2643 2041 2728 
4253 2041 2675 2821 
4254 2728 2041 2821 
4255 2042 2620 2814 
4256 2702 2042 2730 
4257 2730 2042 2814 
4258 2043 2482 2644 
4259 2482 2043 2793 
4260 2043 2646 2793 
4261 2508 2044 2648 
4262 2044 2508 2688 
4263 2044 2688 2797 
4264 2504 2045 2526 
4265 2045 2504 2789 
4266 2045 2507 2526 
4267 2507 2045 2710 
4268 2046 2497 2743 
4269 2497 2046 2777 
4270 2046 2647 2777 
4271 2047 2529 2637 
4272 2529 2047 2686 
4273 2686 2047 2785 
4274 2048 2466 2629 
4275 2466 2048 2669 
4276 2048 2632 2669 
4277 2372 2049 2639 
4278 2049 2372 2706 
4279 2651 2049 2706 
4280 2050 2590 2662 
4281 2640 2050 2749 
4282 2050 2662 2749 
4283 2051 2603 2638 
4284 2603 2051 2802 
4285 2051 2676 2802 
4286 2052 2429 2430 
4287 2429 2052 2630 
4288 2052 2430 2431 
4289 2585 2053 2598 
4290 2053 2585 2670 
4291 2598 2053 2786 
4292 2053 2663 2786 
4293 2631 2054 2661 
4294 2054 2631 2672 
4295 2054 2672 2677 
4296 2055 2568 2726 
4297 2568 2055 2729 
4298 2055 2602 2729 
4299 2602 2055 2750 
4300 2056 2552 2691 
4301 2552 2056 2796 
4302 2636 2056 2691 
4303 2057 2583 2621 
4304 2583 2057 2623 
4305 2057 2621 2635 
4306 2058 2596 2633 
4307 2596 2058 2759 
4308 2058 2634 2759 
4309 2059 2373 2374 
4310 2059 2374 2693 
4311 2618 2059 2693 
4312 2353 2060 2354 
4313 2354 2060 2654 
4314 2060 2365 2654 
4315 2067 2061 2317 
4316 2317 2061 2330 
4317 2330 2061 2351 
4318 2368 2062 2673 
4319 2062 2434 2794 
4320 2673 2062 2794 
4321 2063 2362 2434 
4322 2362 2063 2735 
4323 2063 2453 2735 
4324 2360 2064 2361 
4325 2361 2064 2792 
4326 2656 2064 2776 
4327 2064 2656 2792 
4328 2065 2367 2369 
4329 2065 2369 2634 
4330 2065 2634 2800 
4331 2066 2353 2673 
4332 2362 2066 2794 
4333 2066 2673 2794 
4334 2068 2067 2779 
4335 2067 2317 2779 
4336 2069 2068 2070 
4337 2070 2068 2667 
4338 2667 2068 2779 
4339 2069 2070 2071 
4340 2069 2071 2716 
4341 2367 2069 2716 
4342 2071 2070 2072 
4343 2072 2070 2302 
4344 2302 2070 2667 
4345 2071 2072 2073 
4346 2071 2073 2313 
4347 2071 2313 2716 
4348 2073 2072 2074 
4349 2074 2072 2537 
4350 2072 2302 2537 
4351 2073 2074 2075 
4352 2073 2075 2595 
4353 2313 2073 2595 
4354 2075 2074 2076 
4355 2076 2074 2077 
4356 2077 2074 2537 
4357 2075 2076 2576 
4358 2075 2576 2588 
4359 2075 2588 2595 
4360 2076 2077 2078 
4361 2076 2078 2079 
4362 2076 2079 2576 
4363 2078 2077 2329 
4364 2329 2077 2352 
4365 2352 2077 2537 
4366 2079 2078 2080 
4367 2080 2078 2462 
4368 2078 2329 2462 
4369 2079 2080 2081 
4370 2079 2081 2309 
4371 2079 2309 2576 
4372 2081 2080 2082 
4373 2082 2080 2083 
4374 2083 2080 2462 
4375 2081 2082 2578 
4376 2309 2081 2315 
4377 2315 2081 2578 
4378 2082 2083 2084 
4379 2082 2084 2085 
4380 2082 2085 2578 
4381 2084 2083 2087 
4382 2087 2083 2344 
4383 2344 2083 2462 
4384 2085 2084 2086 
4385 2086 2084 2519 
4386 2084 2087 2519 
4387 2085 2086 2088 
4388 2085 2088 2328 
4389 2085 2328 2578 
4390 2088 2086 2089 
4391 2089 2086 2090 
4392 2090 2086 2519 
4393 2087 2344 2345 
4394 2087 2345 2459 
4395 2087 2459 2519 
4396 2088 2089 2563 
4397 2328 2088 2372 
4398 2372 2088 2563 
4399 2089 2090 2091 
4400 2089 2091 2239 
4401 2089 2239 2563 
4402 2091 2090 2092 
4403 2092 2090 2320 
4404 2320 2090 2519 
4405 2091 2092 2093 
4406 2091 2093 2548 
4407 2239 2091 2548 
4408 2093 2092 2094 
4409 2094 2092 2805 
4410 2092 2320 2805 
4411 2093 2094 2095 
4412 2093 2095 2096 
4413 2093 2096 2548 
4414 2095 2094 2448 
4415 2094 2420 2448 
4416 2420 2094 2805 
4417 2096 2095 2097 
4418 2097 2095 2098 
4419 2098 2095 2448 
4420 2096 2097 2310 
4421 2096 2310 2319 
4422 2096 2319 2548 
4423 2097 2098 2099 
4424 2097 2099 2558 
4425 2310 2097 2558 
4426 2099 2098 2100 
4427 2100 2098 2346 
4428 2346 2098 2448 
4429 2099 2100 2101 
4430 2099 2101 2119 
4431 2099 2119 2558 
4432 2101 2100 2102 
4433 2102 2100 2461 
4434 2100 2346 2461 
4435 2101 2102 2103 
4436 2101 2103 2569 
4437 2119 2101 2569 
4438 2103 2102 2104 
4439 2104 2102 2300 
4440 2300 2102 2461 
4441 2103 2104 2105 
4442 2103 2105 2118 
4443 2103 2118 2569 
4444 2105 2104 2106 
4445 2106 2104 2809 
4446 2104 2300 2436 
4447 2104 2436 2809 
4448 2105 2106 2107 
4449 2105 2107 2571 
4450 2118 2105 2571 
4451 2107 2106 2108 
4452 2108 2106 2809 
4453 2107 2108 2109 
4454 2107 2109 2115 
4455 2107 2115 2571 
4456 2109 2108 2110 
4457 2110 2108 2244 
4458 2244 2108 2442 
4459 2442 2108 2809 
4460 2109 2110 2111 
4461 2109 2111 2579 
4462 2115 2109 2579 
4463 2111 2110 2112 
4464 2112 2110 2626 
4465 2110 2244 2626 
4466 2111 2112 2113 
4467 2111 2113 2240 
4468 2111 2240 2579 
4469 2113 2112 2114 
4470 2114 2112 2450 
4471 2450 2112 2626 
4472 2113 2114 2116 
4473 2113 2116 2582 
4474 2240 2113 2582 
4475 2116 2114 2117 
4476 2117 2114 2120 
4477 2120 2114 2450 
4478 2571 2115 2572 
4479 2572 2115 2573 
4480 2573 2115 2579 
4481 2116 2117 2557 
4482 2116 2557 2597 
4483 2582 2116 2597 
4484 2117 2120 2121 
4485 2117 2121 2122 
4486 2117 2122 2557 
4487 2569 2118 2622 
4488 2118 2571 2608 
4489 2118 2608 2622 
4490 2119 2432 2558 
4491 2432 2119 2559 
4492 2559 2119 2569 
4493 2121 2120 2321 
4494 2321 2120 2364 
4495 2364 2120 2450 
4496 2122 2121 2123 
4497 2123 2121 2518 
4498 2121 2321 2518 
4499 2122 2123 2124 
4500 2122 2124 2298 
4501 2122 2298 2557 
4502 2124 2123 2125 
4503 2125 2123 2126 
4504 2126 2123 2518 
4505 2124 2125 2561 
4506 2298 2124 2348 
4507 2348 2124 2561 
4508 2125 2126 2127 
4509 2125 2127 2128 
4510 2125 2128 2561 
4511 2127 2126 2463 
4512 2463 2126 2720 
4513 2126 2518 2720 
4514 2128 2127 2129 
4515 2129 2127 2130 
4516 2130 2127 2463 
4517 2128 2129 2534 
4518 2128 2534 2535 
4519 2128 2535 2561 
4520 2129 2130 2131 
4521 2129 2131 2245 
4522 2129 2245 2534 
4523 2131 2130 2132 
4524 2132 2130 2250 
4525 2250 2130 2463 
4526 2131 2132 2133 
4527 2131 2133 2556 
4528 2245 2131 2556 
4529 2133 2132 2134 
4530 2134 2132 2770 
4531 2132 2250 2770 
4532 2133 2134 2135 
4533 2133 2135 2136 
4534 2133 2136 2556 
4535 2135 2134 2698 
4536 2446 2134 2770 
4537 2134 2446 2823 
4538 2698 2134 2823 
4539 2136 2135 2137 
4540 2137 2135 2138 
4541 2138 2135 2698 
4542 2136 2137 2304 
4543 2136 2304 2314 
4544 2136 2314 2556 
4545 2137 2138 2139 
4546 2137 2139 2560 
4547 2304 2137 2560 
4548 2139 2138 2140 
4549 2140 2138 2312 
4550 2312 2138 2698 
4551 2139 2140 2141 
4552 2139 2141 2158 
4553 2139 2158 2560 
4554 2141 2140 2142 
4555 2142 2140 2724 
4556 2140 2312 2724 
4557 2141 2142 2143 
4558 2141 2143 2565 
4559 2158 2141 2565 
4560 2143 2142 2144 
4561 2144 2142 2733 
4562 2142 2724 2733 
4563 2143 2144 2145 
4564 2143 2145 2160 
4565 2143 2160 2565 
4566 2145 2144 2146 
4567 2146 2144 2248 
4568 2248 2144 2733 
4569 2145 2146 2147 
4570 2145 2147 2575 
4571 2160 2145 2575 
4572 2147 2146 2148 
4573 2148 2146 2753 
4574 2146 2248 2753 
4575 2147 2148 2149 
4576 2147 2149 2157 
4577 2147 2157 2575 
4578 2149 2148 2150 
4579 2150 2148 2700 
4580 2700 2148 2753 
4581 2149 2150 2151 
4582 2149 2151 2580 
4583 2157 2149 2580 
4584 2151 2150 2152 
4585 2152 2150 2159 
4586 2159 2150 2700 
4587 2151 2152 2153 
4588 2151 2153 2311 
4589 2151 2311 2580 
4590 2153 2152 2154 
4591 2154 2152 2468 
4592 2152 2159 2468 
4593 2153 2154 2155 
4594 2153 2155 2584 
4595 2311 2153 2584 
4596 2155 2154 2156 
4597 2156 2154 2161 
4598 2161 2154 2468 
4599 2155 2156 2531 
4600 2155 2531 2532 
4601 2155 2532 2584 
4602 2156 2161 2162 
4603 2156 2162 2163 
4604 2156 2163 2531 
4605 2575 2157 2606 
4606 2157 2580 2581 
4607 2157 2581 2606 
4608 2560 2158 2600 
4609 2158 2565 2601 
4610 2600 2158 2601 
4611 2468 2159 2613 
4612 2613 2159 2813 
4613 2159 2700 2813 
4614 2565 2160 2566 
4615 2566 2160 2567 
4616 2567 2160 2575 
4617 2162 2161 2617 
4618 2161 2468 2751 
4619 2617 2161 2751 
4620 2163 2162 2164 
4621 2164 2162 2165 
4622 2165 2162 2617 
4623 2163 2164 2570 
4624 2531 2163 2533 
4625 2533 2163 2570 
4626 2164 2165 2166 
4627 2164 2166 2167 
4628 2164 2167 2570 
4629 2166 2165 2709 
4630 2165 2617 2807 
4631 2709 2165 2807 
4632 2167 2166 2168 
4633 2168 2166 2169 
4634 2169 2166 2709 
4635 2167 2168 2554 
4636 2167 2554 2555 
4637 2167 2555 2570 
4638 2168 2169 2170 
4639 2168 2170 2171 
4640 2168 2171 2554 
4641 2170 2169 2524 
4642 2417 2169 2709 
4643 2169 2417 2778 
4644 2524 2169 2778 
4645 2171 2170 2172 
4646 2172 2170 2173 
4647 2173 2170 2524 
4648 2171 2172 2527 
4649 2171 2527 2528 
4650 2171 2528 2554 
4651 2172 2173 2174 
4652 2172 2174 2246 
4653 2172 2246 2527 
4654 2174 2173 2175 
4655 2175 2173 2522 
4656 2522 2173 2524 
4657 2174 2175 2176 
4658 2174 2176 2586 
4659 2246 2174 2586 
4660 2176 2175 2177 
4661 2177 2175 2243 
4662 2243 2175 2522 
4663 2176 2177 2178 
4664 2176 2178 2179 
4665 2176 2179 2586 
4666 2178 2177 2525 
4667 2177 2243 2357 
4668 2177 2357 2525 
4669 2179 2178 2180 
4670 2180 2178 2181 
4671 2181 2178 2525 
4672 2179 2180 2464 
4673 2179 2464 2465 
4674 2179 2465 2586 
4675 2180 2181 2182 
4676 2180 2182 2305 
4677 2180 2305 2464 
4678 2182 2181 2183 
4679 2183 2181 2249 
4680 2249 2181 2525 
4681 2182 2183 2184 
4682 2182 2184 2487 
4683 2305 2182 2487 
4684 2184 2183 2185 
4685 2185 2183 2766 
4686 2183 2249 2766 
4687 2184 2185 2186 
4688 2184 2186 2236 
4689 2184 2236 2487 
4690 2186 2185 2187 
4691 2187 2185 2824 
4692 2449 2185 2766 
4693 2185 2449 2824 
4694 2186 2187 2188 
4695 2186 2188 2511 
4696 2236 2186 2511 
4697 2188 2187 2189 
4698 2189 2187 2251 
4699 2251 2187 2824 
4700 2188 2189 2190 
4701 2188 2190 2322 
4702 2188 2322 2511 
4703 2190 2189 2191 
4704 2191 2189 2540 
4705 2189 2251 2540 
4706 2190 2191 2192 
4707 2190 2192 2469 
4708 2322 2190 2469 
4709 2192 2191 2193 
4710 2193 2191 2194 
4711 2194 2191 2540 
4712 2192 2193 2472 
4713 2469 2192 2470 
4714 2470 2192 2472 
4715 2193 2194 2195 
4716 2193 2195 2196 
4717 2193 2196 2472 
4718 2195 2194 2198 
4719 2198 2194 2332 
4720 2332 2194 2540 
4721 2196 2195 2197 
4722 2197 2195 2538 
4723 2195 2198 2538 
4724 2196 2197 2199 
4725 2196 2199 2326 
4726 2196 2326 2472 
4727 2199 2197 2200 
4728 2200 2197 2201 
4729 2201 2197 2538 
4730 2198 2332 2338 
4731 2198 2338 2341 
4732 2198 2341 2538 
4733 2199 2200 2514 
4734 2326 2199 2333 
4735 2333 2199 2514 
4736 2200 2201 2202 
4737 2200 2202 2203 
4738 2200 2203 2514 
4739 2202 2201 2530 
4740 2530 2201 2652 
4741 2201 2538 2652 
4742 2203 2202 2204 
4743 2204 2202 2205 
4744 2205 2202 2530 
4745 2203 2204 2512 
4746 2203 2512 2513 
4747 2203 2513 2514 
4748 2204 2205 2206 
4749 2204 2206 2207 
4750 2204 2207 2512 
4751 2206 2205 2546 
4752 2205 2530 2782 
4753 2546 2205 2782 
4754 2207 2206 2208 
4755 2208 2206 2209 
4756 2209 2206 2546 
4757 2207 2208 2301 
4758 2207 2301 2347 
4759 2207 2347 2512 
4760 2208 2209 2210 
4761 2208 2210 2521 
4762 2301 2208 2521 
4763 2210 2209 2211 
4764 2211 2209 2331 
4765 2331 2209 2546 
4766 2210 2211 2212 
4767 2210 2212 2213 
4768 2210 2213 2521 
4769 2212 2211 2542 
4770 2211 2331 2339 
4771 2211 2339 2542 
4772 2213 2212 2214 
4773 2214 2212 2215 
4774 2215 2212 2542 
4775 2213 2214 2303 
4776 2213 2303 2335 
4777 2213 2335 2521 
4778 2214 2215 2216 
4779 2214 2216 2520 
4780 2303 2214 2520 
4781 2216 2215 2217 
4782 2217 2215 2237 
4783 2237 2215 2542 
4784 2216 2217 2218 
4785 2216 2218 2242 
4786 2216 2242 2520 
4787 2218 2217 2219 
4788 2219 2217 2723 
4789 2217 2237 2723 
4790 2218 2219 2220 
4791 2218 2220 2484 
4792 2242 2218 2484 
4793 2220 2219 2221 
4794 2221 2219 2744 
4795 2219 2723 2744 
4796 2220 2221 2222 
4797 2220 2222 2232 
4798 2220 2232 2484 
4799 2222 2221 2223 
4800 2223 2221 2241 
4801 2241 2221 2744 
4802 2222 2223 2224 
4803 2222 2224 2475 
4804 2232 2222 2475 
4805 2224 2223 2225 
4806 2225 2223 2712 
4807 2223 2241 2712 
4808 2224 2225 2226 
4809 2224 2226 2238 
4810 2224 2238 2475 
4811 2226 2225 2227 
4812 2227 2225 2340 
4813 2340 2225 2712 
4814 2226 2227 2228 
4815 2226 2228 2481 
4816 2238 2226 2481 
4817 2228 2227 2229 
4818 2229 2227 2541 
4819 2227 2340 2541 
4820 2228 2229 2230 
4821 2228 2230 2247 
4822 2228 2247 2481 
4823 2230 2229 2231 
4824 2231 2229 2235 
4825 2235 2229 2541 
4826 2230 2231 2233 
4827 2230 2233 2515 
4828 2247 2230 2515 
4829 2233 2231 2234 
4830 2234 2231 2539 
4831 2231 2235 2539 
4832 2232 2475 2476 
4833 2232 2476 2477 
4834 2232 2477 2484 
4835 2233 2234 2252 
4836 2233 2252 2350 
4837 2233 2350 2515 
4838 2252 2234 2253 
4839 2253 2234 2254 
4840 2254 2234 2539 
4841 2383 2235 2541 
4842 2235 2383 2790 
4843 2539 2235 2790 
4844 2487 2236 2488 
4845 2488 2236 2489 
4846 2489 2236 2511 
4847 2237 2426 2723 
4848 2426 2237 2795 
4849 2237 2542 2591 
4850 2237 2591 2795 
4851 2475 2238 2479 
4852 2479 2238 2480 
4853 2480 2238 2481 
4854 2239 2548 2599 
4855 2563 2239 2564 
4856 2564 2239 2599 
4857 2579 2240 2605 
4858 2240 2582 2583 
4859 2240 2583 2605 
4860 2386 2241 2744 
4861 2241 2386 2747 
4862 2712 2241 2747 
4863 2242 2484 2485 
4864 2242 2485 2486 
4865 2242 2486 2520 
4866 2357 2243 2358 
4867 2358 2243 2359 
4868 2359 2243 2522 
4869 2244 2442 2806 
4870 2626 2244 2708 
4871 2708 2244 2806 
4872 2534 2245 2536 
4873 2536 2245 2553 
4874 2553 2245 2556 
4875 2527 2246 2529 
4876 2529 2246 2587 
4877 2246 2586 2587 
4878 2481 2247 2482 
4879 2482 2247 2483 
4880 2483 2247 2515 
4881 2248 2433 2753 
4882 2433 2248 2768 
4883 2248 2733 2768 
4884 2425 2249 2525 
4885 2249 2425 2803 
4886 2766 2249 2803 
4887 2428 2250 2463 
4888 2250 2428 2791 
4889 2250 2659 2770 
4890 2659 2250 2791 
4891 2396 2251 2761 
4892 2251 2396 2780 
4893 2540 2251 2780 
4894 2761 2251 2824 
4895 2252 2253 2316 
4896 2252 2316 2508 
4897 2350 2252 2508 
4898 2253 2254 2255 
4899 2253 2255 2509 
4900 2316 2253 2509 
4901 2255 2254 2256 
4902 2256 2254 2318 
4903 2318 2254 2539 
4904 2255 2256 2257 
4905 2255 2257 2258 
4906 2255 2258 2509 
4907 2257 2256 2291 
4908 2291 2256 2562 
4909 2256 2318 2562 
4910 2258 2257 2259 
4911 2259 2257 2549 
4912 2257 2291 2549 
4913 2258 2259 2260 
4914 2258 2260 2297 
4915 2258 2297 2509 
4916 2260 2259 2261 
4917 2261 2259 2262 
4918 2262 2259 2549 
4919 2260 2261 2323 
4920 2297 2260 2506 
4921 2260 2323 2506 
4922 2261 2262 2263 
4923 2261 2263 2505 
4924 2323 2261 2505 
4925 2263 2262 2264 
4926 2264 2262 2324 
4927 2324 2262 2549 
4928 2263 2264 2265 
4929 2263 2265 2266 
4930 2263 2266 2505 
4931 2265 2264 2543 
4932 2264 2324 2325 
4933 2264 2325 2543 
4934 2266 2265 2267 
4935 2267 2265 2268 
4936 2268 2265 2543 
4937 2266 2267 2501 
4938 2266 2501 2502 
4939 2266 2502 2505 
4940 2267 2268 2269 
4941 2267 2269 2299 
4942 2267 2299 2501 
4943 2269 2268 2270 
4944 2270 2268 2296 
4945 2296 2268 2543 
4946 2269 2270 2271 
4947 2269 2271 2498 
4948 2299 2269 2498 
4949 2271 2270 2272 
4950 2272 2270 2547 
4951 2270 2296 2547 
4952 2271 2272 2273 
4953 2271 2273 2290 
4954 2271 2290 2498 
4955 2273 2272 2274 
4956 2274 2272 2334 
4957 2334 2272 2547 
4958 2273 2274 2275 
4959 2273 2275 2491 
4960 2290 2273 2491 
4961 2275 2274 2276 
4962 2276 2274 2804 
4963 2274 2334 2804 
4964 2275 2276 2277 
4965 2275 2277 2287 
4966 2275 2287 2491 
4967 2277 2276 2278 
4968 2278 2276 2787 
4969 2787 2276 2804 
4970 2277 2278 2279 
4971 2277 2279 2516 
4972 2287 2277 2516 
4973 2279 2278 2280 
4974 2280 2278 2337 
4975 2337 2278 2787 
4976 2279 2280 2281 
4977 2279 2281 2609 
4978 2516 2279 2609 
4979 2281 2280 2282 
4980 2282 2280 2685 
4981 2280 2337 2685 
4982 2281 2282 2283 
4983 2281 2283 2288 
4984 2281 2288 2609 
4985 2283 2282 2284 
4986 2284 2282 2295 
4987 2295 2282 2685 
4988 2283 2284 2285 
4989 2283 2285 2454 
4990 2288 2283 2454 
4991 2285 2284 2286 
4992 2286 2284 2612 
4993 2284 2295 2612 
4994 2285 2286 2289 
4995 2285 2289 2610 
4996 2454 2285 2610 
4997 2289 2286 2292 
4998 2292 2286 2293 
4999 2293 2286 2612 
5000 2491 2287 2492 
5001 2492 2287 2493 
5002 2493 2287 2516 
5003 2288 2454 2455 
5004 2288 2455 2456 
5005 2288 2456 2609 
5006 2289 2292 2294 
5007 2289 2294 2306 
5008 2289 2306 2610 
5009 2290 2491 2495 
5010 2290 2495 2496 
5011 2290 2496 2498 
5012 2549 2291 2594 
5013 2291 2562 2684 
5014 2594 2291 2684 
5015 2292 2293 2307 
5016 2294 2292 2762 
5017 2292 2307 2762 
5018 2307 2293 2308 
5019 2308 2293 2342 
5020 2342 2293 2612 
5021 2306 2294 2692 
5022 2692 2294 2808 
5023 2294 2762 2808 
5024 2371 2295 2444 
5025 2295 2371 2612 
5026 2444 2295 2685 
5027 2445 2296 2543 
5028 2296 2445 2674 
5029 2547 2296 2674 
5030 2297 2506 2615 
5031 2509 2297 2510 
5032 2510 2297 2615 
5033 2298 2348 2349 
5034 2298 2349 2363 
5035 2298 2363 2557 
5036 2299 2498 2499 
5037 2299 2499 2500 
5038 2299 2500 2501 
5039 2436 2300 2781 
5040 2300 2461 2781 
5041 2347 2301 2451 
5042 2451 2301 2460 
5043 2460 2301 2521 
5044 2302 2374 2443 
5045 2374 2302 2667 
5046 2302 2443 2537 
5047 2335 2303 2336 
5048 2336 2303 2435 
5049 2435 2303 2520 
5050 2314 2304 2355 
5051 2355 2304 2356 
5052 2356 2304 2560 
5053 2464 2305 2466 
5054 2466 2305 2467 
5055 2467 2305 2487 
5056 2610 2306 2611 
5057 2611 2306 2756 
5058 2306 2692 2756 
5059 2307 2308 2327 
5060 2307 2327 2660 
5061 2307 2660 2762 
5062 2327 2308 2614 
5063 2308 2342 2343 
5064 2308 2343 2614 
5065 2309 2315 2662 
5066 2576 2309 2577 
5067 2577 2309 2662 
5068 2319 2310 2429 
5069 2429 2310 2430 
5070 2430 2310 2558 
5071 2580 2311 2598 
5072 2311 2584 2585 
5073 2311 2585 2598 
5074 2438 2312 2698 
5075 2312 2438 2816 
5076 2312 2689 2724 
5077 2689 2312 2816 
5078 2313 2369 2716 
5079 2369 2313 2759 
5080 2313 2595 2596 
5081 2313 2596 2759 
5082 2314 2355 2691 
5083 2314 2553 2556 
5084 2553 2314 2691 
5085 2315 2578 2604 
5086 2315 2604 2749 
5087 2662 2315 2749 
5088 2508 2316 2688 
5089 2316 2509 2510 
5090 2316 2510 2688 
5091 2317 2330 2693 
5092 2317 2693 2779 
5093 2318 2427 2741 
5094 2427 2318 2790 
5095 2318 2539 2790 
5096 2562 2318 2741 
5097 2319 2429 2695 
5098 2548 2319 2599 
5099 2599 2319 2695 
5100 2439 2320 2737 
5101 2320 2439 2805 
5102 2459 2320 2519 
5103 2320 2459 2737 
5104 2321 2364 2402 
5105 2321 2402 2683 
5106 2518 2321 2683 
5107 2322 2469 2471 
5108 2322 2471 2658 
5109 2511 2322 2658 
5110 2323 2505 2526 
5111 2506 2323 2507 
5112 2507 2323 2526 
5113 2325 2324 2714 
5114 2324 2549 2594 
5115 2324 2594 2714 
5116 2325 2445 2543 
5117 2445 2325 2818 
5118 2325 2714 2818 
5119 2326 2333 2722 
5120 2472 2326 2473 
5121 2473 2326 2722 
5122 2365 2327 2654 
5123 2327 2365 2660 
5124 2327 2614 2654 
5125 2328 2372 2701 
5126 2578 2328 2604 
5127 2604 2328 2701 
5128 2329 2352 2760 
5129 2462 2329 2668 
5130 2668 2329 2760 
5131 2330 2351 2453 
5132 2330 2453 2618 
5133 2330 2618 2693 
5134 2339 2331 2746 
5135 2331 2546 2628 
5136 2331 2628 2746 
5137 2338 2332 2718 
5138 2332 2540 2780 
5139 2718 2332 2780 
5140 2333 2514 2664 
5141 2642 2333 2664 
5142 2333 2642 2722 
5143 2334 2547 2734 
5144 2334 2734 2819 
5145 2804 2334 2819 
5146 2335 2336 2728 
5147 2335 2460 2521 
5148 2460 2335 2728 
5149 2336 2435 2657 
5150 2643 2336 2657 
5151 2336 2643 2728 
5152 2337 2440 2742 
5153 2440 2337 2787 
5154 2685 2337 2742 
5155 2341 2338 2437 
5156 2437 2338 2681 
5157 2681 2338 2718 
5158 2542 2339 2591 
5159 2591 2339 2801 
5160 2339 2746 2801 
5161 2340 2447 2666 
5162 2447 2340 2712 
5163 2541 2340 2666 
5164 2341 2437 2754 
5165 2538 2341 2652 
5166 2652 2341 2754 
5167 2343 2342 2767 
5168 2371 2342 2612 
5169 2342 2371 2767 
5170 2614 2343 2771 
5171 2655 2343 2767 
5172 2343 2655 2771 
5173 2345 2344 2815 
5174 2344 2462 2668 
5175 2344 2668 2815 
5176 2459 2345 2653 
5177 2345 2627 2653 
5178 2627 2345 2815 
5179 2346 2448 2678 
5180 2461 2346 2740 
5181 2346 2678 2740 
5182 2347 2451 2820 
5183 2347 2452 2799 
5184 2452 2347 2820 
5185 2512 2347 2799 
5186 2349 2348 2784 
5187 2348 2561 2671 
5188 2348 2671 2784 
5189 2363 2349 2679 
5190 2349 2649 2679 
5191 2649 2349 2784 
5192 2350 2508 2764 
5193 2515 2350 2687 
5194 2687 2350 2764 
5195 2453 2351 2735 
5196 2443 2352 2537 
5197 2352 2443 2810 
5198 2760 2352 2810 
5199 2353 2354 2673 
5200 2354 2654 2719 
5201 2673 2354 2719 
5202 2355 2356 2822 
5203 2355 2636 2691 
5204 2636 2355 2822 
5205 2356 2560 2600 
5206 2356 2600 2624 
5207 2356 2624 2822 
5208 2357 2425 2525 
5209 2358 2359 2704 
5210 2358 2704 2783 
5211 2359 2522 2523 
5212 2360 2361 2808 
5213 2366 2360 2808 
5214 2692 2361 2792 
5215 2361 2692 2808 
5216 2434 2362 2794 
5217 2557 2363 2597 
5218 2597 2363 2725 
5219 2401 2364 2450 
5220 2660 2366 2762 
5221 2762 2366 2808 
5222 2369 2367 2716 
5223 2368 2673 2719 
5224 2634 2369 2759 
5225 2370 2371 2444 
5226 2372 2563 2706 
5227 2372 2639 2701 
5228 2374 2373 2443 
5229 2374 2667 2693 
5230 2375 2441 2819 
5231 2734 2375 2819 
5232 2440 2376 2742 
5233 2378 2377 2445 
5234 2445 2377 2674 
5235 2378 2445 2818 
5236 2380 2379 2684 
5237 2684 2379 2812 
5238 2562 2380 2684 
5239 2380 2562 2741 
5240 2382 2381 2383 
5241 2383 2381 2427 
5242 2382 2383 2666 
5243 2383 2427 2790 
5244 2383 2541 2666 
5245 2385 2384 2747 
5246 2384 2447 2747 
5247 2386 2385 2747 
5248 2426 2386 2723 
5249 2723 2386 2744 
5250 2388 2387 2795 
5251 2387 2426 2795 
5252 2591 2388 2795 
5253 2388 2591 2801 
5254 2390 2389 2392 
5255 2392 2389 2628 
5256 2628 2389 2746 
5257 2391 2390 2392 
5258 2391 2392 2530 
5259 2391 2530 2652 
5260 2391 2652 2754 
5261 2530 2392 2782 
5262 2392 2628 2782 
5263 2394 2393 2396 
5264 2395 2394 2449 
5265 2394 2396 2761 
5266 2449 2394 2761 
5267 2397 2395 2803 
5268 2395 2449 2766 
5269 2395 2766 2803 
5270 2396 2718 2780 
5271 2425 2397 2803 
5272 2398 2399 2438 
5273 2398 2438 2446 
5274 2438 2399 2816 
5275 2399 2689 2816 
5276 2400 2401 2708 
5277 2424 2400 2708 
5278 2401 2450 2626 
5279 2401 2626 2708 
5280 2422 2403 2428 
5281 2428 2403 2791 
5282 2403 2659 2791 
5283 2405 2404 2768 
5284 2404 2406 2768 
5285 2689 2405 2724 
5286 2724 2405 2733 
5287 2733 2405 2768 
5288 2406 2433 2768 
5289 2408 2407 2781 
5290 2407 2436 2781 
5291 2408 2461 2740 
5292 2461 2408 2781 
5293 2410 2409 2813 
5294 2409 2411 2613 
5295 2409 2613 2813 
5296 2433 2410 2700 
5297 2700 2410 2813 
5298 2411 2412 2613 
5299 2412 2413 2751 
5300 2613 2412 2751 
5301 2413 2414 2415 
5302 2413 2415 2807 
5303 2413 2617 2751 
5304 2617 2413 2807 
5305 2415 2414 2416 
5306 2415 2416 2417 
5307 2415 2417 2709 
5308 2415 2709 2807 
5309 2417 2416 2732 
5310 2732 2416 2811 
5311 2417 2732 2778 
5312 2419 2418 2420 
5313 2420 2418 2678 
5314 2419 2420 2439 
5315 2439 2420 2805 
5316 2448 2420 2678 
5317 2421 2760 2810 
5318 2423 2422 2428 
5319 2423 2428 2720 
5320 2423 2518 2683 
5321 2518 2423 2720 
5322 2442 2424 2806 
5323 2424 2708 2806 
5324 2428 2463 2720 
5325 2429 2630 2695 
5326 2431 2430 2432 
5327 2432 2430 2558 
5328 2431 2432 2665 
5329 2432 2559 2717 
5330 2665 2432 2717 
5331 2433 2700 2753 
5332 2486 2435 2520 
5333 2436 2442 2809 
5334 2446 2438 2823 
5335 2438 2698 2823 
5336 2441 2440 2787 
5337 2441 2787 2804 
5338 2441 2804 2819 
5339 2444 2685 2742 
5340 2659 2446 2770 
5341 2447 2712 2747 
5342 2449 2761 2824 
5343 2451 2460 2821 
5344 2675 2451 2821 
5345 2641 2452 2765 
5346 2452 2641 2769 
5347 2452 2769 2799 
5348 2455 2454 2458 
5349 2458 2454 2610 
5350 2456 2455 2457 
5351 2457 2455 2798 
5352 2455 2458 2798 
5353 2456 2457 2721 
5354 2456 2517 2609 
5355 2517 2456 2721 
5356 2457 2707 2755 
5357 2707 2457 2798 
5358 2721 2457 2755 
5359 2458 2610 2611 
5360 2458 2611 2682 
5361 2459 2653 2737 
5362 2460 2728 2821 
5363 2465 2464 2669 
5364 2464 2466 2669 
5365 2586 2465 2587 
5366 2587 2465 2715 
5367 2465 2669 2715 
5368 2466 2467 2629 
5369 2467 2487 2488 
5370 2468 2613 2751 
5371 2469 2470 2758 
5372 2471 2469 2758 
5373 2470 2472 2473 
5374 2470 2473 2474 
5375 2470 2474 2758 
5376 2474 2473 2680 
5377 2680 2473 2722 
5378 2476 2475 2479 
5379 2477 2476 2478 
5380 2478 2476 2727 
5381 2476 2479 2727 
5382 2477 2478 2730 
5383 2484 2477 2485 
5384 2485 2477 2730 
5385 2702 2478 2711 
5386 2478 2702 2730 
5387 2711 2478 2727 
5388 2479 2480 2748 
5389 2727 2479 2748 
5390 2480 2481 2482 
5391 2480 2482 2793 
5392 2748 2480 2793 
5393 2482 2483 2644 
5394 2483 2515 2687 
5395 2644 2483 2645 
5396 2645 2483 2687 
5397 2486 2485 2814 
5398 2485 2730 2814 
5399 2620 2486 2814 
5400 2488 2489 2490 
5401 2490 2489 2736 
5402 2489 2511 2658 
5403 2489 2658 2736 
5404 2491 2492 2495 
5405 2492 2493 2494 
5406 2492 2494 2713 
5407 2495 2492 2713 
5408 2494 2493 2619 
5409 2493 2516 2517 
5410 2493 2517 2619 
5411 2494 2619 2705 
5412 2494 2705 2745 
5413 2713 2494 2745 
5414 2496 2495 2497 
5415 2497 2495 2713 
5416 2496 2497 2777 
5417 2498 2496 2499 
5418 2499 2496 2777 
5419 2500 2499 2817 
5420 2499 2777 2817 
5421 2501 2500 2503 
5422 2502 2501 2503 
5423 2502 2503 2504 
5424 2502 2504 2526 
5425 2505 2502 2526 
5426 2504 2503 2694 
5427 2504 2694 2789 
5428 2508 2648 2764 
5429 2510 2615 2616 
5430 2510 2616 2688 
5431 2513 2512 2799 
5432 2514 2513 2664 
5433 2664 2513 2769 
5434 2769 2513 2799 
5435 2517 2516 2609 
5436 2619 2517 2721 
5437 2523 2522 2524 
5438 2523 2524 2778 
5439 2732 2523 2778 
5440 2528 2527 2686 
5441 2527 2529 2686 
5442 2554 2528 2592 
5443 2592 2528 2593 
5444 2593 2528 2686 
5445 2529 2587 2788 
5446 2637 2529 2788 
5447 2532 2531 2544 
5448 2531 2533 2544 
5449 2532 2544 2545 
5450 2532 2545 2752 
5451 2584 2532 2752 
5452 2544 2533 2802 
5453 2533 2570 2603 
5454 2533 2603 2802 
5455 2535 2534 2550 
5456 2534 2536 2550 
5457 2535 2550 2551 
5458 2535 2551 2671 
5459 2561 2535 2671 
5460 2552 2536 2553 
5461 2545 2544 2676 
5462 2676 2544 2802 
5463 2628 2546 2782 
5464 2547 2674 2734 
5465 2551 2550 2697 
5466 2552 2553 2691 
5467 2555 2554 2592 
5468 2570 2555 2603 
5469 2555 2592 2774 
5470 2603 2555 2774 
5471 2559 2569 2622 
5472 2559 2622 2690 
5473 2559 2690 2717 
5474 2563 2564 2706 
5475 2564 2599 2773 
5476 2564 2650 2651 
5477 2650 2564 2773 
5478 2564 2651 2706 
5479 2565 2566 2601 
5480 2566 2567 2568 
5481 2566 2568 2729 
5482 2601 2566 2729 
5483 2568 2567 2738 
5484 2567 2575 2606 
5485 2567 2606 2738 
5486 2571 2572 2608 
5487 2572 2573 2574 
5488 2572 2574 2672 
5489 2608 2572 2672 
5490 2574 2573 2739 
5491 2573 2579 2605 
5492 2573 2605 2739 
5493 2672 2574 2677 
5494 2677 2574 2696 
5495 2696 2574 2739 
5496 2576 2577 2588 
5497 2588 2577 2589 
5498 2589 2577 2590 
5499 2590 2577 2662 
5500 2581 2580 2598 
5501 2581 2598 2786 
5502 2606 2581 2607 
5503 2607 2581 2786 
5504 2583 2582 2621 
5505 2582 2597 2621 
5506 2605 2583 2623 
5507 2585 2584 2752 
5508 2587 2715 2788 
5509 2588 2589 2703 
5510 2595 2588 2703 
5511 2589 2590 2775 
5512 2592 2593 2731 
5513 2593 2686 2785 
5514 2594 2684 2812 
5515 2714 2594 2812 
5516 2596 2595 2703 
5517 2633 2596 2703 
5518 2621 2597 2725 
5519 2599 2695 2773 
5520 2600 2601 2602 
5521 2600 2602 2624 
5522 2602 2601 2729 
5523 2624 2602 2772 
5524 2602 2750 2772 
5525 2638 2603 2774 
5526 2604 2640 2749 
5527 2606 2607 2738 
5528 2607 2663 2763 
5529 2663 2607 2786 
5530 2622 2608 2631 
5531 2631 2608 2672 
5532 2611 2625 2682 
5533 2625 2611 2756 
5534 2654 2614 2719 
5535 2719 2614 2771 
5536 2616 2615 2757 
5537 2688 2616 2797 
5538 2635 2621 2725 
5539 2622 2631 2690 
5540 2631 2661 2690 
5541 2669 2632 2715 
5542 2646 2748 2793 
5543 2777 2647 2817 
5544 2693 2667 2779 
5545 2756 2692 2792 
2 7 2 121
5546 6 288 2869 
5547 341 6 2869 
5548 279 7 2872 
5549 7 354 2872 
5550 8 348 2871 
5551 349 8 2825 
5552 2825 8 2871 
5553 280 279 2832 
5554 2832 279 2872 
5555 281 280 2834 
5556 280 2832 2834 
5557 282 281 2829 
5558 2829 281 2834 
5559 283 282 2848 
5560 282 2829 2848 
5561 284 283 2827 
5562 2827 283 2848 
5563 285 284 2849 
5564 284 2827 2849 
5565 286 285 2828 
5566 2828 285 2849 
5567 287 286 2850 
5568 286 2828 2850 
5569 288 287 2833 
5570 2833 287 2850 
5571 288 2833 2869 
5572 342 341 2862 
5573 2862 341 2869 
5574 343 342 2856 
5575 2856 342 2862 
5576 344 343 2831 
5577 2831 343 2856 
5578 345 344 2859 
5579 344 2831 2859 
5580 346 345 2860 
5581 345 2859 2860 
5582 347 346 2826 
5583 2826 346 2860 
5584 348 347 2861 
5585 347 2826 2861 
5586 348 2861 2871 
5587 350 349 2865 
5588 349 2825 2865 
5589 351 350 2858 
5590 2858 350 2865 
5591 352 351 2830 
5592 2830 351 2858 
5593 353 352 2855 
5594 352 2830 2855 
5595 354 353 2863 
5596 353 2855 2863 
5597 354 2863 2872 
5598 2825 2839 2842 
5599 2839 2825 2847 
5600 2825 2842 2865 
5601 2847 2825 2871 
5602 2826 2860 2870 
5603 2861 2826 2866 
5604 2866 2826 2870 
5605 2827 2848 2854 
5606 2849 2827 2857 
5607 2827 2854 2857 
5608 2828 2849 2864 
5609 2850 2828 2868 
5610 2828 2864 2868 
5611 2829 2834 2835 
5612 2829 2835 2836 
5613 2829 2836 2848 
5614 2830 2852 2853 
5615 2852 2830 2858 
5616 2830 2853 2855 
5617 2851 2831 2856 
5618 2831 2851 2867 
5619 2859 2831 2867 
5620 2834 2832 2853 
5621 2853 2832 2855 
5622 2855 2832 2863 
5623 2863 2832 2872 
5624 2833 2850 2851 
5625 2833 2851 2862 
5626 2833 2862 2869 
5627 2835 2834 2853 
5628 2836 2835 2837 
5629 2837 2835 2852 
5630 2852 2835 2853 
5631 2836 2837 2838 
5632 2836 2838 2854 
5633 2848 2836 2854 
5634 2838 2837 2839 
5635 2839 2837 2842 
5636 2842 2837 2852 
5637 2838 2839 2840 
5638 2838 2840 2841 
5639 2838 2841 2854 
5640 2840 2839 2847 
5641 2841 2840 2843 
5642 2843 2840 2866 
5643 2840 2847 2866 
5644 2841 2843 2844 
5645 2841 2844 2857 
5646 2854 2841 2857 
5647 2842 2852 2858 
5648 2842 2858 2865 
5649 2844 2843 2845 
5650 2845 2843 2870 
5651 2843 2866 2870 
5652 2844 2845 2846 
5653 2844 2846 2864 
5654 2857 2844 2864 
5655 2846 2845 2867 
5656 2859 2845 2860 
5657 2845 2859 2867 
5658 2860 2845 2870 
5659 2851 2846 2867 
5660 2846 2851 2868 
5661 2864 2846 2868 
5662 2847 2861 2866 
5663 2861 2847 2871 
5664 2849 2857 2864 
5665 2851 2850 2868 
5666 2851 2856 2862 
2 8 2 1096
5667 355 9 3337 
5668 9 429 3332 
5669 9 3332 3337 
5670 356 355 2904 
5671 2904 355 3337 
5672 357 356 3331 
5673 356 2904 3331 
5674 358 357 2874 
5675 2874 357 3331 
5676 359 358 3356 
5677 358 2874 3356 
5678 360 359 3317 
5679 3317 359 3356 
5680 361 360 2892 
5681 2892 360 3317 
5682 362 361 3378 
5683 361 2892 3378 
5684 363 362 2883 
5685 2883 362 3378 
5686 364 363 3333 
5687 363 2883 3333 
5688 365 364 3330 
5689 3330 364 3333 
5690 366 365 2891 
5691 2891 365 3330 
5692 367 366 3315 
5693 366 2891 3315 
5694 368 367 2879 
5695 2879 367 3315 
5696 369 368 3362 
5697 368 2879 3362 
5698 370 369 2897 
5699 2897 369 3362 
5700 371 370 3325 
5701 370 2897 3325 
5702 372 371 3350 
5703 371 3325 3350 
5704 373 372 2888 
5705 2888 372 3350 
5706 374 373 3329 
5707 373 2888 3329 
5708 375 374 2900 
5709 2900 374 3329 
5710 376 375 3319 
5711 375 2900 3319 
5712 377 376 2875 
5713 2875 376 3319 
5714 378 377 3316 
5715 377 2875 3316 
5716 379 378 3359 
5717 378 3316 3359 
5718 380 379 2890 
5719 2890 379 3359 
5720 381 380 3342 
5721 380 2890 3342 
5722 382 381 2881 
5723 2881 381 3342 
5724 383 382 3339 
5725 382 2881 3339 
5726 384 383 2898 
5727 2898 383 3339 
5728 385 384 3323 
5729 384 2898 3323 
5730 386 385 3353 
5731 385 3323 3353 
5732 387 386 2877 
5733 2877 386 3353 
5734 388 387 3340 
5735 387 2877 3340 
5736 389 388 2893 
5737 2893 388 3340 
5738 390 389 3327 
5739 389 2893 3327 
5740 391 390 2886 
5741 2886 390 3327 
5742 392 391 3334 
5743 391 2886 3334 
5744 393 392 3335 
5745 392 3334 3335 
5746 394 393 2899 
5747 2899 393 3335 
5748 395 394 3326 
5749 394 2899 3326 
5750 396 395 2873 
5751 2873 395 3326 
5752 397 396 3309 
5753 396 2873 3309 
5754 398 397 3374 
5755 397 3309 3374 
5756 399 398 2903 
5757 2903 398 3374 
5758 400 399 3336 
5759 399 2903 3336 
5760 401 400 2887 
5761 2887 400 3336 
5762 402 401 3379 
5763 401 2887 3379 
5764 403 402 2894 
5765 2894 402 3379 
5766 404 403 3318 
5767 403 2894 3318 
5768 405 404 2878 
5769 2878 404 3318 
5770 406 405 3324 
5771 405 2878 3324 
5772 407 406 2895 
5773 2895 406 3324 
5774 408 407 3321 
5775 407 2895 3321 
5776 409 408 3341 
5777 408 3321 3341 
5778 410 409 2884 
5779 2884 409 3341 
5780 411 410 3338 
5781 410 2884 3338 
5782 412 411 3368 
5783 411 3338 3368 
5784 413 412 2902 
5785 2902 412 3368 
5786 414 413 3365 
5787 413 2902 3365 
5788 415 414 2876 
5789 2876 414 3365 
5790 416 415 3177 
5791 415 2876 3177 
5792 417 416 3355 
5793 416 3177 3355 
5794 418 417 2901 
5795 2901 417 3355 
5796 419 418 3328 
5797 418 2901 3328 
5798 420 419 2885 
5799 2885 419 3328 
5800 421 420 3322 
5801 420 2885 3322 
5802 422 421 2889 
5803 2889 421 3322 
5804 423 422 3373 
5805 422 2889 3373 
5806 424 423 2880 
5807 2880 423 3373 
5808 425 424 3320 
5809 424 2880 3320 
5810 426 425 2896 
5811 2896 425 3320 
5812 427 426 2905 
5813 426 2896 2905 
5814 428 427 3349 
5815 427 2905 3349 
5816 429 428 2882 
5817 2882 428 3349 
5818 429 2882 3332 
5819 2873 3308 3309 
5820 3308 2873 3358 
5821 2873 3326 3358 
5822 2874 3306 3356 
5823 3306 2874 3381 
5824 2874 3331 3381 
5825 2875 3134 3136 
5826 3134 2875 3319 
5827 2875 3136 3316 
5828 3177 2876 3376 
5829 3237 2876 3365 
5830 2876 3237 3376 
5831 2877 3131 3344 
5832 3131 2877 3353 
5833 2877 3232 3340 
5834 3232 2877 3344 
5835 2878 3318 3343 
5836 3324 2878 3369 
5837 2878 3343 3369 
5838 2879 3167 3314 
5839 3167 2879 3315 
5840 2879 3314 3362 
5841 2880 3142 3346 
5842 3142 2880 3373 
5843 3320 2880 3346 
5844 2881 3140 3312 
5845 3140 2881 3342 
5846 3143 2881 3312 
5847 2881 3143 3339 
5848 3332 2882 3383 
5849 2882 3349 3372 
5850 2882 3372 3383 
5851 3250 2883 3378 
5852 2883 3250 3382 
5853 2883 3271 3333 
5854 3271 2883 3382 
5855 2884 3126 3235 
5856 3126 2884 3341 
5857 2884 3235 3371 
5858 3338 2884 3371 
5859 3197 2885 3328 
5860 2885 3197 3364 
5861 3322 2885 3364 
5862 2886 3327 3351 
5863 3334 2886 3375 
5864 2886 3351 3375 
5865 2887 3307 3379 
5866 3307 2887 3380 
5867 2887 3336 3357 
5868 2887 3357 3380 
5869 2888 3283 3313 
5870 3283 2888 3350 
5871 2888 3313 3329 
5872 3127 2889 3128 
5873 2889 3127 3142 
5874 3128 2889 3322 
5875 2889 3142 3373 
5876 2890 3138 3139 
5877 3138 2890 3359 
5878 2890 3139 3140 
5879 2890 3140 3342 
5880 3315 2891 3348 
5881 2891 3330 3348 
5882 3248 2892 3249 
5883 2892 3248 3250 
5884 3249 2892 3317 
5885 2892 3250 3378 
5886 3232 2893 3340 
5887 2893 3232 3345 
5888 3327 2893 3345 
5889 2894 3124 3227 
5890 3124 2894 3307 
5891 2894 3227 3318 
5892 3307 2894 3379 
5893 3310 2895 3324 
5894 2895 3310 3367 
5895 3321 2895 3367 
5896 2905 2896 2906 
5897 2906 2896 2907 
5898 2907 2896 3320 
5899 3168 2897 3314 
5900 2897 3168 3370 
5901 3314 2897 3362 
5902 3325 2897 3370 
5903 3132 2898 3143 
5904 2898 3132 3361 
5905 3143 2898 3339 
5906 3323 2898 3361 
5907 2899 3201 3326 
5908 3201 2899 3354 
5909 2899 3335 3354 
5910 3135 2900 3239 
5911 2900 3135 3319 
5912 3239 2900 3329 
5913 3176 2901 3355 
5914 2901 3176 3366 
5915 3328 2901 3366 
5916 2902 3195 3363 
5917 3195 2902 3368 
5918 3237 2902 3363 
5919 2902 3237 3365 
5920 3336 2903 3360 
5921 2903 3352 3360 
5922 3352 2903 3374 
5923 2904 3210 3331 
5924 3210 2904 3377 
5925 2904 3337 3377 
5926 2905 2906 3125 
5927 2905 3125 3349 
5928 2906 2907 2908 
5929 2906 2908 3147 
5930 3125 2906 3147 
5931 2908 2907 2909 
5932 2909 2907 3346 
5933 2907 3320 3346 
5934 2908 2909 2910 
5935 2908 2910 2911 
5936 2908 2911 3147 
5937 2910 2909 3149 
5938 2909 3145 3149 
5939 3145 2909 3346 
5940 2911 2910 2912 
5941 2912 2910 2913 
5942 2913 2910 3149 
5943 2911 2912 3148 
5944 3147 2911 3303 
5945 2911 3148 3303 
5946 2912 2913 2914 
5947 2912 2914 2915 
5948 2912 2915 3148 
5949 2914 2913 3150 
5950 2913 3149 3162 
5951 3150 2913 3162 
5952 2915 2914 2916 
5953 2916 2914 2917 
5954 2917 2914 3150 
5955 2915 2916 3151 
5956 3148 2915 3153 
5957 2915 3151 3153 
5958 2916 2917 2918 
5959 2916 2918 2919 
5960 2916 2919 3151 
5961 2918 2917 3160 
5962 2917 3150 3161 
5963 3160 2917 3161 
5964 2919 2918 2920 
5965 2920 2918 2921 
5966 2921 2918 3160 
5967 2919 2920 3154 
5968 3151 2919 3152 
5969 3152 2919 3154 
5970 2920 2921 2922 
5971 2920 2922 2923 
5972 2920 2923 3154 
5973 2922 2921 3293 
5974 2921 3160 3163 
5975 2921 3163 3293 
5976 2923 2922 2924 
5977 2924 2922 2925 
5978 2925 2922 3293 
5979 2923 2924 3296 
5980 3154 2923 3155 
5981 3155 2923 3296 
5982 2924 2925 2926 
5983 2924 2926 2927 
5984 2924 2927 3296 
5985 2926 2925 3294 
5986 3225 2925 3293 
5987 2925 3225 3294 
5988 2927 2926 2928 
5989 2928 2926 2929 
5990 2929 2926 3294 
5991 2927 2928 3220 
5992 2927 3220 3221 
5993 2927 3221 3296 
5994 2928 2929 2930 
5995 2928 2930 2931 
5996 2928 2931 3220 
5997 2930 2929 3218 
5998 3218 2929 3292 
5999 3292 2929 3294 
6000 2931 2930 2932 
6001 2932 2930 2933 
6002 2933 2930 3218 
6003 2931 2932 2934 
6004 2931 2934 2974 
6005 2931 2974 3220 
6006 2932 2933 2935 
6007 2934 2932 3212 
6008 2932 2935 3212 
6009 2935 2933 2936 
6010 2936 2933 3245 
6011 2933 3218 3245 
6012 2974 2934 2975 
6013 2975 2934 3053 
6014 3053 2934 3212 
6015 2935 2936 2937 
6016 2935 2937 3228 
6017 3212 2935 3228 
6018 2937 2936 2938 
6019 2938 2936 2939 
6020 2939 2936 3245 
6021 2937 2938 2940 
6022 2937 2940 2941 
6023 2937 2941 3228 
6024 2938 2939 2942 
6025 2940 2938 3226 
6026 2938 2942 3226 
6027 2942 2939 2943 
6028 2943 2939 3083 
6029 3083 2939 3245 
6030 2941 2940 2944 
6031 2944 2940 3260 
6032 2940 3226 3260 
6033 2941 2944 2945 
6034 2941 2945 3082 
6035 2941 3082 3228 
6036 2942 2943 2946 
6037 2942 2946 3257 
6038 3226 2942 3257 
6039 2946 2943 2947 
6040 2947 2943 3256 
6041 2943 3083 3256 
6042 2945 2944 2948 
6043 2948 2944 2950 
6044 2950 2944 3260 
6045 2945 2948 2949 
6046 2945 2949 3259 
6047 3082 2945 3259 
6048 2946 2947 2951 
6049 2946 2951 2963 
6050 2946 2963 3257 
6051 2951 2947 2952 
6052 2952 2947 2953 
6053 2953 2947 3256 
6054 2949 2948 2958 
6055 2948 2950 3183 
6056 2958 2948 3183 
6057 2949 2958 2959 
6058 2949 2959 2960 
6059 2949 2960 3259 
6060 3183 2950 3184 
6061 3184 2950 3186 
6062 3186 2950 3260 
6063 2951 2952 3240 
6064 2963 2951 2964 
6065 2964 2951 3240 
6066 2952 2953 2954 
6067 2952 2954 3165 
6068 2952 3165 3240 
6069 2954 2953 2955 
6070 2955 2953 3010 
6071 3010 2953 3256 
6072 2954 2955 2956 
6073 2954 2956 2972 
6074 2954 2972 3165 
6075 2956 2955 2957 
6076 2957 2955 3270 
6077 2955 3010 3270 
6078 2956 2957 2968 
6079 2956 2968 3286 
6080 2972 2956 3286 
6081 2968 2957 2969 
6082 2969 2957 2970 
6083 2970 2957 3270 
6084 2959 2958 3182 
6085 2958 3181 3182 
6086 3181 2958 3183 
6087 2960 2959 2961 
6088 2961 2959 2973 
6089 2973 2959 3182 
6090 2960 2961 2962 
6091 2960 2962 3016 
6092 2960 3016 3259 
6093 2962 2961 2966 
6094 2966 2961 3229 
6095 2961 2973 3229 
6096 2962 2966 2967 
6097 2962 2967 3251 
6098 3016 2962 3251 
6099 2963 2964 2965 
6100 2963 2965 3269 
6101 3257 2963 3269 
6102 2965 2964 2995 
6103 2995 2964 3023 
6104 3023 2964 3240 
6105 2965 2995 2996 
6106 2965 2996 3026 
6107 2965 3026 3269 
6108 2967 2966 2997 
6109 2997 2966 3015 
6110 3015 2966 3229 
6111 2967 2997 2998 
6112 2967 2998 3265 
6113 3251 2967 3265 
6114 2968 2969 3290 
6115 3286 2968 3288 
6116 3288 2968 3290 
6117 2969 2970 2971 
6118 2969 2971 2994 
6119 2969 2994 3290 
6120 2971 2970 2992 
6121 2992 2970 3243 
6122 3243 2970 3270 
6123 2971 2992 2993 
6124 2971 2993 3204 
6125 2994 2971 3204 
6126 3165 2972 3274 
6127 3274 2972 3284 
6128 3284 2972 3286 
6129 2973 3182 3233 
6130 3229 2973 3234 
6131 2973 3233 3234 
6132 2974 2975 2976 
6133 2974 2976 3080 
6134 2974 3080 3220 
6135 2976 2975 2977 
6136 2977 2975 3223 
6137 2975 3053 3223 
6138 2976 2977 2978 
6139 2976 2978 3244 
6140 3080 2976 3244 
6141 2978 2977 2979 
6142 2979 2977 3031 
6143 3031 2977 3223 
6144 2978 2979 2980 
6145 2978 2980 2982 
6146 2978 2982 3244 
6147 2980 2979 2981 
6148 2981 2979 3205 
6149 2979 3031 3205 
6150 2980 2981 3214 
6151 2982 2980 2983 
6152 2983 2980 3214 
6153 2981 3205 3285 
6154 3214 2981 3276 
6155 3276 2981 3285 
6156 2982 2983 2984 
6157 2982 2984 3030 
6158 2982 3030 3244 
6159 2984 2983 2985 
6160 2985 2983 3202 
6161 3202 2983 3214 
6162 2984 2985 2986 
6163 2984 2986 3300 
6164 3030 2984 3300 
6165 2986 2985 2987 
6166 2987 2985 2989 
6167 2989 2985 3202 
6168 2986 2987 2988 
6169 2986 2988 2990 
6170 2986 2990 3300 
6171 2988 2987 3254 
6172 2987 2989 2999 
6173 2987 2999 3254 
6174 2990 2988 2991 
6175 2991 2988 3000 
6176 3000 2988 3254 
6177 2999 2989 3003 
6178 3003 2989 3029 
6179 3029 2989 3202 
6180 2990 2991 3222 
6181 2990 3222 3301 
6182 3300 2990 3301 
6183 2991 3000 3001 
6184 2991 3001 3002 
6185 2991 3002 3222 
6186 2993 2992 3004 
6187 3004 2992 3022 
6188 3022 2992 3243 
6189 2993 3004 3005 
6190 2993 3005 3006 
6191 2993 3006 3204 
6192 3192 2994 3204 
6193 2994 3192 3291 
6194 3290 2994 3291 
6195 2996 2995 3230 
6196 2995 3023 3024 
6197 2995 3024 3230 
6198 3026 2996 3027 
6199 3027 2996 3032 
6200 3032 2996 3230 
6201 2998 2997 3013 
6202 3013 2997 3311 
6203 2997 3015 3311 
6204 2998 3013 3014 
6205 2998 3014 3017 
6206 2998 3017 3265 
6207 2999 3003 3042 
6208 2999 3042 3084 
6209 2999 3084 3254 
6210 3001 3000 3215 
6211 3215 3000 3263 
6212 3000 3254 3263 
6213 3002 3001 3011 
6214 3011 3001 3043 
6215 3043 3001 3215 
6216 3002 3011 3012 
6217 3002 3012 3021 
6218 3002 3021 3222 
6219 3003 3029 3033 
6220 3003 3033 3261 
6221 3042 3003 3261 
6222 3005 3004 3252 
6223 3004 3022 3051 
6224 3004 3051 3252 
6225 3006 3005 3007 
6226 3007 3005 3008 
6227 3008 3005 3252 
6228 3006 3007 3171 
6229 3006 3171 3188 
6230 3006 3188 3204 
6231 3007 3008 3009 
6232 3007 3009 3037 
6233 3007 3037 3171 
6234 3009 3008 3019 
6235 3019 3008 3267 
6236 3008 3252 3267 
6237 3009 3019 3020 
6238 3009 3020 3272 
6239 3037 3009 3272 
6240 3010 3256 3287 
6241 3270 3010 3278 
6242 3278 3010 3287 
6243 3012 3011 3038 
6244 3038 3011 3253 
6245 3011 3043 3253 
6246 3021 3012 3219 
6247 3012 3038 3039 
6248 3012 3039 3219 
6249 3014 3013 3198 
6250 3013 3146 3198 
6251 3146 3013 3311 
6252 3017 3014 3018 
6253 3018 3014 3044 
6254 3044 3014 3198 
6255 3164 3015 3229 
6256 3015 3164 3305 
6257 3015 3305 3311 
6258 3224 3016 3251 
6259 3016 3224 3262 
6260 3259 3016 3262 
6261 3017 3018 3273 
6262 3017 3264 3265 
6263 3264 3017 3273 
6264 3018 3044 3045 
6265 3018 3045 3046 
6266 3018 3046 3273 
6267 3020 3019 3049 
6268 3049 3019 3071 
6269 3071 3019 3267 
6270 3020 3049 3050 
6271 3020 3050 3060 
6272 3020 3060 3272 
6273 3021 3219 3302 
6274 3222 3021 3299 
6275 3299 3021 3302 
6276 3051 3022 3074 
6277 3074 3022 3087 
6278 3087 3022 3243 
6279 3024 3023 3025 
6280 3025 3023 3255 
6281 3023 3240 3255 
6282 3024 3025 3057 
6283 3024 3057 3079 
6284 3024 3079 3230 
6285 3057 3025 3058 
6286 3058 3025 3077 
6287 3077 3025 3255 
6288 3026 3027 3028 
6289 3026 3028 3076 
6290 3026 3076 3269 
6291 3028 3027 3035 
6292 3027 3032 3246 
6293 3035 3027 3246 
6294 3028 3035 3036 
6295 3028 3036 3185 
6296 3076 3028 3185 
6297 3033 3029 3034 
6298 3034 3029 3203 
6299 3029 3202 3203 
6300 3030 3159 3297 
6301 3159 3030 3300 
6302 3244 3030 3297 
6303 3205 3031 3206 
6304 3206 3031 3207 
6305 3207 3031 3223 
6306 3032 3178 3180 
6307 3178 3032 3230 
6308 3032 3180 3246 
6309 3033 3034 3048 
6310 3033 3048 3067 
6311 3033 3067 3261 
6312 3048 3034 3052 
6313 3052 3034 3089 
6314 3089 3034 3203 
6315 3036 3035 3040 
6316 3040 3035 3059 
6317 3059 3035 3246 
6318 3036 3040 3041 
6319 3036 3041 3258 
6320 3185 3036 3258 
6321 3171 3037 3172 
6322 3172 3037 3174 
6323 3174 3037 3272 
6324 3039 3038 3054 
6325 3054 3038 3091 
6326 3091 3038 3253 
6327 3039 3054 3055 
6328 3039 3055 3070 
6329 3039 3070 3219 
6330 3041 3040 3061 
6331 3040 3059 3199 
6332 3061 3040 3199 
6333 3041 3061 3062 
6334 3041 3062 3063 
6335 3041 3063 3258 
6336 3084 3042 3085 
6337 3085 3042 3098 
6338 3098 3042 3261 
6339 3043 3215 3216 
6340 3043 3216 3268 
6341 3253 3043 3268 
6342 3045 3044 3065 
6343 3065 3044 3066 
6344 3066 3044 3198 
6345 3046 3045 3047 
6346 3047 3045 3238 
6347 3045 3065 3238 
6348 3046 3047 3075 
6349 3046 3075 3081 
6350 3046 3081 3273 
6351 3075 3047 3090 
6352 3090 3047 3094 
6353 3094 3047 3238 
6354 3048 3052 3093 
6355 3067 3048 3166 
6356 3048 3093 3166 
6357 3050 3049 3069 
6358 3069 3049 3295 
6359 3049 3071 3295 
6360 3060 3050 3196 
6361 3050 3069 3092 
6362 3050 3092 3196 
6363 3051 3074 3105 
6364 3051 3105 3112 
6365 3051 3112 3252 
6366 3052 3089 3281 
6367 3093 3052 3282 
6368 3052 3281 3282 
6369 3053 3212 3213 
6370 3053 3213 3241 
6371 3223 3053 3241 
6372 3055 3054 3056 
6373 3056 3054 3209 
6374 3054 3091 3209 
6375 3055 3056 3068 
6376 3055 3068 3304 
6377 3070 3055 3304 
6378 3068 3056 3129 
6379 3129 3056 3130 
6380 3130 3056 3209 
6381 3057 3058 3242 
6382 3079 3057 3103 
6383 3103 3057 3242 
6384 3058 3077 3078 
6385 3058 3078 3124 
6386 3058 3124 3242 
6387 3199 3059 3201 
6388 3201 3059 3277 
6389 3059 3246 3277 
6390 3060 3196 3197 
6391 3060 3197 3280 
6392 3272 3060 3280 
6393 3062 3061 3217 
6394 3061 3199 3200 
6395 3061 3200 3217 
6396 3063 3062 3064 
6397 3064 3062 3100 
6398 3100 3062 3217 
6399 3063 3064 3072 
6400 3063 3072 3111 
6401 3063 3111 3258 
6402 3072 3064 3073 
6403 3073 3064 3231 
6404 3064 3100 3231 
6405 3065 3066 3134 
6406 3065 3134 3135 
6407 3065 3135 3238 
6408 3134 3066 3136 
6409 3136 3066 3137 
6410 3137 3066 3198 
6411 3067 3166 3167 
6412 3067 3167 3279 
6413 3261 3067 3279 
6414 3068 3129 3144 
6415 3068 3144 3303 
6416 3068 3303 3304 
6417 3092 3069 3104 
6418 3104 3069 3162 
6419 3162 3069 3295 
6420 3070 3153 3298 
6421 3153 3070 3304 
6422 3219 3070 3298 
6423 3161 3071 3266 
6424 3071 3161 3295 
6425 3266 3071 3267 
6426 3072 3073 3106 
6427 3072 3106 3181 
6428 3111 3072 3181 
6429 3106 3073 3107 
6430 3107 3073 3108 
6431 3108 3073 3231 
6432 3074 3087 3119 
6433 3105 3074 3225 
6434 3074 3119 3225 
6435 3081 3075 3169 
6436 3075 3090 3281 
6437 3169 3075 3281 
6438 3076 3185 3186 
6439 3076 3186 3187 
6440 3076 3187 3269 
6441 3078 3077 3088 
6442 3088 3077 3274 
6443 3077 3255 3274 
6444 3078 3088 3096 
6445 3078 3096 3227 
6446 3124 3078 3227 
6447 3079 3103 3123 
6448 3079 3123 3178 
6449 3079 3178 3230 
6450 3220 3080 3221 
6451 3221 3080 3297 
6452 3080 3244 3297 
6453 3081 3169 3285 
6454 3273 3081 3275 
6455 3275 3081 3285 
6456 3082 3213 3228 
6457 3213 3082 3262 
6458 3082 3259 3262 
6459 3083 3245 3289 
6460 3256 3083 3287 
6461 3287 3083 3289 
6462 3084 3085 3086 
6463 3084 3086 3263 
6464 3254 3084 3263 
6465 3086 3085 3271 
6466 3085 3098 3099 
6467 3085 3099 3271 
6468 3086 3247 3263 
6469 3247 3086 3347 
6470 3086 3271 3347 
6471 3119 3087 3120 
6472 3120 3087 3278 
6473 3087 3243 3278 
6474 3096 3088 3097 
6475 3097 3088 3284 
6476 3088 3274 3284 
6477 3169 3089 3276 
6478 3089 3169 3281 
6479 3089 3203 3276 
6480 3090 3094 3095 
6481 3090 3095 3282 
6482 3281 3090 3282 
6483 3209 3091 3210 
6484 3210 3091 3211 
6485 3211 3091 3253 
6486 3092 3104 3127 
6487 3092 3127 3128 
6488 3092 3128 3196 
6489 3166 3093 3168 
6490 3168 3093 3170 
6491 3170 3093 3282 
6492 3095 3094 3313 
6493 3094 3238 3239 
6494 3094 3239 3313 
6495 3095 3170 3282 
6496 3170 3095 3283 
6497 3283 3095 3313 
6498 3096 3097 3101 
6499 3096 3101 3343 
6500 3227 3096 3343 
6501 3101 3097 3102 
6502 3102 3097 3113 
6503 3113 3097 3284 
6504 3099 3098 3348 
6505 3098 3261 3279 
6506 3098 3279 3348 
6507 3271 3099 3333 
6508 3099 3330 3333 
6509 3330 3099 3348 
6510 3100 3217 3351 
6511 3231 3100 3345 
6512 3345 3100 3351 
6513 3101 3102 3310 
6514 3101 3310 3369 
6515 3343 3101 3369 
6516 3102 3113 3114 
6517 3102 3114 3115 
6518 3102 3115 3310 
6519 3123 3103 3360 
6520 3103 3242 3357 
6521 3103 3357 3360 
6522 3127 3104 3145 
6523 3145 3104 3149 
6524 3149 3104 3162 
6525 3112 3105 3163 
6526 3163 3105 3293 
6527 3105 3225 3293 
6528 3106 3107 3233 
6529 3181 3106 3182 
6530 3182 3106 3233 
6531 3107 3108 3109 
6532 3107 3109 3110 
6533 3107 3110 3233 
6534 3109 3108 3344 
6535 3108 3231 3232 
6536 3108 3232 3344 
6537 3110 3109 3121 
6538 3121 3109 3131 
6539 3131 3109 3344 
6540 3110 3121 3122 
6541 3110 3122 3234 
6542 3233 3110 3234 
6543 3111 3181 3183 
6544 3111 3183 3184 
6545 3111 3184 3258 
6546 3112 3163 3266 
6547 3252 3112 3267 
6548 3112 3266 3267 
6549 3114 3113 3288 
6550 3113 3284 3286 
6551 3113 3286 3288 
6552 3115 3114 3116 
6553 3116 3114 3117 
6554 3117 3114 3288 
6555 3115 3116 3126 
6556 3115 3126 3367 
6557 3310 3115 3367 
6558 3116 3117 3118 
6559 3116 3118 3235 
6560 3126 3116 3235 
6561 3118 3117 3291 
6562 3117 3288 3290 
6563 3117 3290 3291 
6564 3118 3193 3194 
6565 3193 3118 3291 
6566 3118 3194 3235 
6567 3119 3120 3292 
6568 3225 3119 3294 
6569 3119 3292 3294 
6570 3120 3278 3287 
6571 3120 3287 3289 
6572 3120 3289 3292 
6573 3122 3121 3132 
6574 3121 3131 3361 
6575 3132 3121 3361 
6576 3122 3132 3133 
6577 3122 3133 3164 
6578 3122 3164 3234 
6579 3178 3123 3179 
6580 3179 3123 3352 
6581 3352 3123 3360 
6582 3242 3124 3380 
6583 3124 3307 3380 
6584 3144 3125 3147 
6585 3125 3144 3372 
6586 3349 3125 3372 
6587 3321 3126 3341 
6588 3126 3321 3367 
6589 3142 3127 3145 
6590 3196 3128 3364 
6591 3128 3322 3364 
6592 3129 3130 3383 
6593 3144 3129 3372 
6594 3372 3129 3383 
6595 3130 3209 3377 
6596 3332 3130 3337 
6597 3130 3332 3383 
6598 3337 3130 3377 
6599 3323 3131 3353 
6600 3131 3323 3361 
6601 3133 3132 3143 
6602 3133 3143 3312 
6603 3164 3133 3305 
6604 3305 3133 3312 
6605 3135 3134 3319 
6606 3238 3135 3239 
6607 3136 3137 3138 
6608 3136 3138 3316 
6609 3138 3137 3139 
6610 3139 3137 3146 
6611 3146 3137 3198 
6612 3316 3138 3359 
6613 3140 3139 3141 
6614 3141 3139 3146 
6615 3140 3141 3312 
6616 3141 3146 3311 
6617 3305 3141 3311 
6618 3141 3305 3312 
6619 3142 3145 3346 
6620 3144 3147 3303 
6621 3148 3153 3304 
6622 3303 3148 3304 
6623 3161 3150 3295 
6624 3150 3162 3295 
6625 3151 3152 3298 
6626 3153 3151 3298 
6627 3152 3154 3156 
6628 3152 3156 3302 
6629 3298 3152 3302 
6630 3154 3155 3156 
6631 3156 3155 3157 
6632 3157 3155 3158 
6633 3158 3155 3296 
6634 3156 3157 3299 
6635 3156 3299 3302 
6636 3157 3158 3159 
6637 3157 3159 3301 
6638 3299 3157 3301 
6639 3159 3158 3297 
6640 3221 3158 3296 
6641 3158 3221 3297 
6642 3159 3300 3301 
6643 3160 3161 3266 
6644 3163 3160 3266 
6645 3164 3229 3234 
6646 3240 3165 3255 
6647 3255 3165 3274 
6648 3167 3166 3314 
6649 3166 3168 3314 
6650 3279 3167 3315 
6651 3168 3170 3370 
6652 3169 3276 3285 
6653 3170 3283 3370 
6654 3171 3172 3173 
6655 3171 3173 3188 
6656 3173 3172 3236 
6657 3172 3174 3175 
6658 3172 3175 3236 
6659 3188 3173 3189 
6660 3189 3173 3190 
6661 3190 3173 3236 
6662 3175 3174 3176 
6663 3176 3174 3280 
6664 3174 3272 3280 
6665 3175 3176 3177 
6666 3175 3177 3376 
6667 3236 3175 3376 
6668 3177 3176 3355 
6669 3176 3280 3366 
6670 3178 3179 3180 
6671 3180 3179 3308 
6672 3308 3179 3309 
6673 3309 3179 3352 
6674 3246 3180 3277 
6675 3277 3180 3308 
6676 3185 3184 3186 
6677 3184 3185 3258 
6678 3187 3186 3260 
6679 3187 3226 3257 
6680 3226 3187 3260 
6681 3187 3257 3269 
6682 3188 3189 3192 
6683 3188 3192 3204 
6684 3189 3190 3191 
6685 3189 3191 3193 
6686 3192 3189 3193 
6687 3191 3190 3363 
6688 3190 3236 3237 
6689 3190 3237 3363 
6690 3193 3191 3194 
6691 3194 3191 3195 
6692 3195 3191 3363 
6693 3192 3193 3291 
6694 3194 3195 3371 
6695 3235 3194 3371 
6696 3338 3195 3368 
6697 3195 3338 3371 
6698 3197 3196 3364 
6699 3280 3197 3366 
6700 3197 3328 3366 
6701 3200 3199 3354 
6702 3199 3201 3354 
6703 3217 3200 3375 
6704 3334 3200 3335 
6705 3200 3334 3375 
6706 3335 3200 3354 
6707 3201 3277 3358 
6708 3326 3201 3358 
6709 3203 3202 3214 
6710 3203 3214 3276 
6711 3205 3206 3275 
6712 3205 3275 3285 
6713 3206 3207 3208 
6714 3206 3208 3264 
6715 3206 3264 3275 
6716 3208 3207 3224 
6717 3207 3223 3241 
6718 3224 3207 3241 
6719 3208 3224 3251 
6720 3208 3251 3265 
6721 3264 3208 3265 
6722 3209 3210 3377 
6723 3210 3211 3381 
6724 3331 3210 3381 
6725 3211 3253 3268 
6726 3211 3268 3306 
6727 3211 3306 3381 
6728 3213 3212 3228 
6729 3241 3213 3262 
6730 3216 3215 3247 
6731 3247 3215 3263 
6732 3216 3247 3248 
6733 3216 3248 3249 
6734 3216 3249 3268 
6735 3351 3217 3375 
6736 3245 3218 3289 
6737 3289 3218 3292 
6738 3219 3298 3302 
6739 3222 3299 3301 
6740 3224 3241 3262 
6741 3318 3227 3343 
6742 3232 3231 3345 
6743 3237 3236 3376 
6744 3313 3239 3329 
6745 3357 3242 3380 
6746 3243 3270 3278 
6747 3248 3247 3347 
6748 3250 3248 3347 
6749 3268 3249 3306 
6750 3306 3249 3317 
6751 3250 3347 3382 
6752 3264 3273 3275 
6753 3347 3271 3382 
6754 3277 3308 3358 
6755 3279 3315 3348 
6756 3325 3283 3350 
6757 3283 3325 3370 
6758 3306 3317 3356 
6759 3309 3352 3374 
6760 3310 3324 3369 
6761 3327 3345 3351 
6762 3357 3336 3360 
3 1 4 12728
6763 2522 1213 2523 2524 
6764 1816 3432 3470 3710 
6765 3344 3505 3511 3771 
6766 1882 3546 3503 3572 
6767 811 906 2321 1013 
6768 1062 2594 2291 1257 
6769 796 3755 2723 3794 
6770 2613 826 3682 3786 
6771 773 2737 978 3809 
6772 1106 519 3777 3810 
6773 772 826 783 3759 
6774 3450 3648 1593 3671 
6775 3384 3394 2882 3484 
6776 3036 3474 3430 3711 
6777 2418 2001 3579 3678 
6778 2291 2594 2684 1257 
6779 3433 3477 3012 3720 
6780 2459 978 2737 3809 
6781 1193 3755 3621 3811 
6782 154 3609 3493 3621 
6783 1121 2342 2308 600 
6784 1487 3481 3505 3602 
6785 3002 3012 3477 3720 
6786 905 3538 3707 3728 
6787 3435 3465 3046 3688 
6788 1533 1816 3432 3470 
6789 1816 3470 1536 3710 
6790 1235 894 751 3687 
6791 752 1245 2546 2782 
6792 3435 3525 3047 3575 
6793 2006 3707 3538 3728 
6794 2913 3704 3150 3734 
6795 2683 1234 2423 3748 
6796 906 1300 2364 1013 
6797 1686 3430 1872 3474 
6798 3369 3417 2878 3507 
6799 3435 3471 1599 3717 
6800 3036 3430 3040 3711 
6801 2546 2782 1245 3744 
6802 3503 3546 3141 3572 
6803 3117 3508 3411 3569 
6804 197 198 3500 3571 
6805 2371 2342 2767 3732 
6806 3456 3150 3704 3734 
6807 906 2364 2321 1013 
6808 2927 3420 3461 3713 
6809 1800 3603 3528 3617 
6810 3344 3511 3505 3602 
6811 2291 2549 2594 1062 
6812 3012 3433 3011 3477 
6813 3344 3511 3108 3771 
6814 3045 3046 3435 3465 
6815 3463 3578 3172 3585 
6816 3007 3468 3436 3662 
6817 2613 2813 3759 3786 
6818 3430 3474 1686 3711 
6819 1795 3508 3411 3757 
6820 1688 1686 1872 3474 
6821 910 3747 1044 3827 
6822 1634 3525 3435 3575 
6823 2913 3483 3704 3734 
6824 826 2613 3759 3786 
6825 2927 3461 3420 3745 
6826 2386 3621 1193 3755 
6827 906 811 2402 3707 
6828 2357 3674 2358 3818 
6829 1205 3678 2781 3802 
6830 641 2087 2083 665 
6831 3164 3501 3480 3738 
6832 3002 3012 3011 3477 
6833 2684 1257 2594 3650 
6834 1688 1686 3474 3711 
6835 1013 1300 2364 3815 
6836 2332 935 2540 2194 
6837 2594 1257 1062 3772 
6838 2909 3483 3149 3580 
6839 1049 2272 2334 584 
6840 3036 3035 3474 3711 
6841 2683 3707 1234 3748 
6842 2666 3695 806 3750 
6843 3295 3496 3456 3686 
6844 1527 3461 3428 3641 
6845 773 978 899 3809 
6846 770 2237 539 3763 
6847 2541 1269 884 3750 
6848 1662 3546 1882 3572 
6849 2248 714 991 2733 
6850 1618 1599 3435 3471 
6851 3461 3713 3420 3745 
6852 613 8 2871 610 
6853 3387 3574 1955 3803 
6854 356 3506 3613 3722 
6855 1716 3488 1656 3698 
6856 1533 1536 1816 3470 
6857 2417 1282 2778 3690 
6858 2450 687 1013 3815 
6859 3164 3480 3229 3738 
6860 2449 15 511 2395 
6861 1600 1599 3471 3717 
6862 2684 2291 1257 3752 
6863 2169 2778 1282 2524 
6864 3164 3015 3501 3738 
6865 1685 3430 3397 3502 
6866 197 3500 198 3707 
6867 3136 2875 3392 3597 
6868 3392 3597 2875 3796 
6869 2334 775 1049 584 
6870 356 3613 2393 3722 
6871 2371 671 2342 3732 
6872 2087 643 978 665 
6873 1978 3487 1496 3559 
6874 2418 3579 3656 3678 
6875 3508 3569 3117 3647 
6876 2308 2342 1121 3806 
6877 2541 2666 1269 3750 
6878 3476 3537 1822 3590 
6879 1822 1820 3476 3590 
6880 1511 3499 3468 3709 
6881 806 3695 883 3750 
6882 2334 2274 775 584 
6883 3417 3507 3369 3568 
6884 2549 2594 1062 3772 
6885 3424 3461 2930 3745 
6886 3007 3171 3468 3662 
6887 3449 1800 3528 3617 
6888 671 2371 874 3732 
6889 905 456 3538 3728 
6890 988 2448 2098 653 
6891 1106 2530 522 3810 
6892 910 2442 3747 3827 
6893 3089 3471 3422 3636 
6894 1955 3387 3385 3574 
6895 1533 3470 3432 3524 
6896 3164 3229 3015 3738 
6897 2909 3483 3580 3798 
6898 2134 2698 2823 3724 
6899 3304 3148 3528 3639 
6900 2443 788 916 3729 
6901 1793 3549 3525 3575 
6902 1257 3650 2684 3752 
6903 1636 3528 1800 3603 
6904 2418 3678 3656 3814 
6905 2666 2447 806 3695 
6906 1540 3427 3457 3758 
6907 883 1269 806 3750 
6908 1121 671 2342 600 
6909 3436 3460 1769 3760 
6910 3045 3465 3435 3495 
6911 1114 2444 2295 1040 
6912 1617 3464 1838 3673 
6913 2353 349 8 608 
6914 1716 3488 3698 3781 
6915 2425 510 1147 2525 
6916 3397 3430 3041 3502 
6917 348 8 2871 613 
6918 3036 3040 3035 3711 
6919 2594 3650 1257 3772 
6920 3426 1656 3488 3698 
6921 1225 874 2371 3643 
6922 598 2293 671 600 
6923 3562 3616 377 3706 
6924 3018 3046 3465 3688 
6925 1955 3385 1974 3574 
6926 3344 3108 3511 3602 
6927 519 1106 522 3810 
6928 3465 1727 3495 3597 
6929 3394 3484 216 3652 
6930 3304 3528 3451 3639 
6931 2927 3461 2926 3713 
6932 426 3391 3592 3599 
6933 3389 3392 1954 3660 
6934 1617 3489 3464 3673 
6935 3651 3777 519 3810 
6936 3007 3436 3006 3662 
6937 1496 3487 1978 3490 
6938 773 899 2737 3809 
6939 2781 3678 1205 3773 
6940 1052 2237 770 3794 
6941 3465 3475 1727 3597 
6942 2928 2930 3461 3745 
6943 1530 3461 1527 3641 
6944 3250 3382 3347 3396 
6945 3041 3397 3502 3574 
6946 2666 1269 806 2340 
6947 1935 3385 3387 3485 
6948 864 3652 2357 3674 
6949 1049 775 2334 3797 
6950 775 586 2274 3768 
6951 871 1153 2351 869 
6952 1872 3474 3430 3522 
6953 510 15 2803 3680 
6954 3069 3496 3295 3686 
6955 910 2442 3606 3747 
6956 1540 3457 1543 3758 
6957 2522 1213 1186 2523 
6958 2237 2542 539 3763 
6959 1732 1784 1955 3803 
6960 1833 1832 3448 3668 
6961 671 2342 2293 598 
6962 861 2449 2761 2824 
6963 1873 3435 3465 3495 
6964 1869 1634 3435 3575 
6965 2083 665 2087 3762 
6966 614 348 2861 613 
6967 586 775 2274 584 
6968 988 653 777 3814 
6969 2428 2720 749 3748 
6970 3456 3496 3295 3734 
6971 1511 1763 3468 3499 
6972 3436 1769 3513 3760 
6973 2975 2977 3697 3782 
6974 1996 2357 3652 3674 
6975 3040 3430 3397 3711 
6976 1515 3468 3513 3709 
6977 1241 916 2443 788 
6978 2357 864 3674 3818 
6979 1283 1062 1257 3772 
6980 1935 179 3385 3485 
6981 2334 775 2274 3768 
6982 1269 2666 806 3750 
6983 377 2010 3562 3706 
6984 1832 3488 3448 3668 
6985 1235 3604 2768 3637 
6986 1764 1901 3436 3468 
6987 2683 2321 811 3707 
6988 3621 3755 2386 3811 
6989 3432 3470 2934 3524 
6990 2444 1225 2371 3643 
6991 2274 586 2804 3768 
6992 3052 3471 3089 3636 
6993 1795 3411 1980 3757 
6994 2300 2781 2461 1205 
6995 641 665 2083 3762 
6996 2463 693 749 2720 
6997 1767 1769 3460 3760 
6998 1962 3475 3392 3597 
6999 1869 3435 3495 3575 
7000 906 2321 2402 811 
7001 1205 2461 2300 990 
7002 2909 3482 3483 3798 
7003 2308 2342 2293 600 
7004 3411 3508 1633 3569 
7005 2461 1205 2781 3802 
7006 2371 2444 2295 1114 
7007 3433 3011 3477 3544 
7008 671 2293 2342 600 
7009 1245 2782 752 3744 
7010 1978 3490 3487 3559 
7011 348 8 613 1122 
7012 197 3571 3500 3707 
7013 2394 2449 511 2395 
7014 2961 2960 3679 3781 
7015 2449 511 861 2761 
7016 2770 2134 987 2132 
7017 1618 1600 1599 3471 
7018 1795 1633 3411 3508 
7019 1509 3492 3499 3718 
7020 1641 1605 3480 3501 
7021 826 2613 783 3759 
7022 1888 1527 3428 3641 
7023 2975 3697 3432 3782 
7024 3480 3501 1605 3738 
7025 3494 3504 1478 3604 
7026 2450 2120 1013 687 
7027 1593 3408 3450 3671 
7028 1210 3656 3579 3678 
7029 1205 2461 990 3802 
7030 796 2723 1053 3794 
7031 1487 3505 1880 3602 
7032 2778 1282 2417 2169 
7033 3036 3430 3474 3522 
7034 511 2394 3680 3742 
7035 15 511 2395 3680 
7036 197 1958 198 3571 
7037 368 2879 367 3493 
7038 2087 665 978 3809 
7039 3485 3729 929 3785 
7040 2374 788 2443 3729 
7041 1719 3454 3509 3544 
7042 392 3334 3385 3485 
7043 2291 570 2257 1062 
7044 2986 3431 3300 3520 
7045 3294 3292 3428 3461 
7046 793 2735 1118 1302 
7047 806 2666 2340 2447 
7048 2364 1300 906 3728 
7049 2318 764 1309 3701 
7050 3349 3384 3449 3774 
7051 2177 2175 742 2243 
7052 511 2761 2449 3742 
7053 752 1245 1065 2546 
7054 3175 3172 3578 3585 
7055 1657 1659 3675 3805 
7056 991 751 714 2248 
7057 1540 3521 3427 3758 
7058 3500 3571 411 3707 
7059 1618 3471 3435 3525 
7060 1764 3468 3436 3513 
7061 1901 3436 3468 3662 
7062 2961 3679 3429 3781 
7063 2395 2803 15 3680 
7064 1597 3405 1606 3508 
7065 367 3493 3609 3621 
7066 2934 3470 3432 3710 
7067 1962 1726 3392 3475 
7068 2257 2549 2291 1062 
7069 3094 3047 3525 3575 
7070 1064 2318 1309 3752 
7071 2418 2001 3678 3814 
7072 1860 1716 3698 3781 
7073 1889 3474 3414 3630 
7074 1641 1605 1642 3480 
7075 1733 1719 3454 3509 
7076 511 2449 2394 3742 
7077 1678 1862 3702 3826 
7078 884 2383 2541 3750 
7079 3413 3437 3299 3666 
7080 1605 1642 3480 3738 
7081 1053 796 1052 2723 
7082 2449 861 1148 2824 
7083 1657 3675 3426 3805 
7084 540 770 1052 2237 
7085 3141 3572 3546 3583 
7086 1958 3500 198 3571 
7087 1597 3479 3405 3508 
7088 2077 933 1340 3792 
7089 1475 3394 3384 3484 
7090 623 2779 2317 1227 
7091 2377 377 3616 3706 
7092 3007 3006 3171 3662 
7093 2723 2237 1052 3794 
7094 3538 3571 196 3707 
7095 643 2087 641 665 
7096 2961 3408 3429 3679 
7097 3436 3468 3007 3513 
7098 1013 2364 2450 3815 
7099 2448 653 988 3814 
7100 3490 3555 3121 3807 
7101 2778 890 1282 2524 
7102 2340 2225 551 2712 
7103 2453 871 869 3615 
7104 1511 3468 1514 3709 
7105 1900 3591 3460 3726 
7106 3433 3477 1867 3544 
7107 2084 2087 641 643 
7108 3294 3461 3428 3705 
7109 775 3768 2334 3797 
7110 3349 3394 3384 3774 
7111 1920 3498 1478 3604 
7112 1920 3494 1478 3498 
7113 3186 3415 3184 3522 
7114 3312 3503 3141 3572 
7115 2006 409 3538 3707 
7116 2318 3701 1309 3752 
7117 1873 3465 3435 3688 
7118 1040 1114 2444 1225 
7119 3144 3449 3384 3536 
7120 2274 2334 2272 584 
7121 2059 3729 3485 3785 
7122 614 793 348 613 
7123 2449 2761 2394 3742 
7124 1114 2371 2444 1225 
7125 1478 3498 3494 3604 
7126 377 2377 2010 3706 
7127 2150 1315 722 3759 
7128 3089 3422 3471 3715 
7129 2165 730 2807 2617 
7130 3509 3542 1734 3544 
7131 3089 3422 3034 3636 
7132 2522 741 2175 3818 
7133 1685 3502 3397 3574 
7134 2077 1340 933 633 
7135 3324 3369 2878 3507 
7136 3482 3603 1799 3617 
7137 2448 2098 2346 988 
7138 486 3485 929 3785 
7139 1482 3507 3417 3568 
7140 3395 3456 3150 3704 
7141 2342 2371 2612 671 
7142 764 2427 2790 3743 
7143 2312 985 705 2140 
7144 1515 3468 1764 3513 
7145 3290 3508 3117 3647 
7146 2307 2308 600 602 
7147 2781 1205 3681 3773 
7148 2427 2318 764 2790 
7149 2878 3507 3417 3543 
7150 643 2519 2087 978 
7151 3089 3203 3422 3715 
7152 3428 3461 3292 3641 
7153 3470 3521 1538 3710 
7154 1235 2768 991 3637 
7155 520 2332 2198 2194 
7156 2540 762 803 2189 
7157 2975 3399 3432 3697 
7158 2386 3755 1193 3794 
7159 1725 3419 3474 3630 
7160 1736 1734 3542 3544 
7161 2537 1241 2352 3741 
7162 3428 3461 1527 3705 
7163 1732 1955 3574 3803 
7164 511 2394 2395 3680 
7165 2986 3431 3520 3553 
7166 693 749 2720 1234 
7167 1224 1234 3707 3748 
7168 1509 3499 1512 3718 
7169 1062 2291 570 1257 
7170 1885 3422 1647 3471 
7171 3437 3299 3666 3749 
7172 3124 3537 3476 3590 
7173 2223 2221 547 3755 
7174 1579 3452 3489 3673 
7175 3372 3349 3384 3449 
7176 2652 3777 3651 3810 
7177 3045 3018 3046 3465 
7178 539 770 540 2237 
7179 3515 3582 1965 3618 
7180 3440 3588 371 3701 
7181 1816 3399 3432 3710 
7182 3389 846 3607 3638 
7183 2393 3722 3613 3742 
7184 3324 3369 3507 3568 
7185 1860 1716 1656 3698 
7186 2930 3424 2929 3461 
7187 2927 2928 3461 3745 
7188 3656 3678 841 3814 
7189 2134 704 701 2135 
7190 910 3606 2442 3827 
7191 985 2312 705 3733 
7192 2737 899 773 3725 
7193 3351 3385 3375 3574 
7194 2148 1229 956 2753 
7195 860 3613 3506 3722 
7196 2443 2302 1241 788 
7197 2066 8 348 1122 
7198 3300 3520 3431 3632 
7199 1338 910 1044 3827 
7200 2134 704 2698 3724 
7201 2342 3732 671 3806 
7202 705 2138 2312 2140 
7203 1725 3474 1889 3630 
7204 3328 3504 3494 3604 
7205 511 861 1148 2449 
7206 2383 2666 2541 3750 
7207 2928 2930 2929 3461 
7208 2926 2927 2928 3461 
7209 1867 3477 3433 3720 
7210 764 3701 2427 3743 
7211 2012 3440 371 3701 
7212 3424 2930 3524 3745 
7213 1065 535 2209 2331 
7214 3442 3528 3148 3639 
7215 1845 3455 3488 3668 
7216 3452 3702 1862 3826 
7217 427 3391 426 3674 
7218 2993 3460 2992 3726 
7219 2453 3615 869 3785 
7220 1900 1774 3460 3591 
7221 3129 3144 3384 3536 
7222 1965 3582 3515 3625 
7223 486 3615 3485 3785 
7224 2318 2427 764 3701 
7225 1579 3431 3452 3673 
7226 3069 3412 3496 3686 
7227 510 16 15 3680 
7228 1193 3621 2386 3694 
7229 1509 1761 3492 3718 
7230 1838 3464 3425 3673 
7231 2217 540 1052 2237 
7232 1524 3517 3444 3661 
7233 510 2425 2249 2525 
7234 1225 1114 2371 874 
7235 2538 524 521 2195 
7236 3186 3415 3522 3554 
7237 1793 1794 3549 3575 
7238 3075 3435 3471 3525 
7239 2357 1996 2358 3674 
7240 3472 3533 1703 3611 
7241 1229 751 956 2753 
7242 155 154 3493 3621 
7243 1657 3511 3426 3675 
7244 3525 3549 3094 3575 
7245 2997 3408 3450 3738 
7246 953 521 524 2195 
7247 1962 1726 3475 3597 
7248 1818 3465 1727 3495 
7249 3334 3387 3385 3485 
7250 1503 3387 1934 3485 
7251 3184 3522 3415 3645 
7252 2418 2001 402 3579 
7253 1526 3428 1527 3705 
7254 521 953 2538 2195 
7255 1662 3546 3572 3583 
7256 1633 3569 3508 3647 
7257 783 2613 826 3682 
7258 2342 671 1121 3806 
7259 1678 3702 3420 3826 
7260 2342 2612 2293 598 
7261 3387 1934 3485 3780 
7262 2332 520 935 2194 
7263 1300 3728 2364 3815 
7264 570 2257 1062 565 
7265 3477 3520 3222 3720 
7266 1234 2683 2518 811 
7267 1147 2425 2357 3652 
7268 1900 3405 3591 3726 
7269 1962 3597 3392 3796 
7270 2083 2084 2087 641 
7271 1647 3471 3422 3715 
7272 1888 1530 1527 3641 
7273 3592 3599 447 3690 
7274 3618 3682 826 3786 
7275 1672 3430 1685 3502 
7276 3404 3435 3046 3688 
7277 3405 3479 2969 3508 
7278 2223 547 1046 3755 
7279 1040 3703 2444 3801 
7280 3052 3423 3471 3636 
7281 2803 3652 510 3680 
7282 3444 3517 1524 3705 
7283 2908 3147 3603 3617 
7284 1606 3508 3405 3647 
7285 3200 3387 3397 3574 
7286 1935 3387 1503 3485 
7287 1288 3484 3557 3613 
7288 3184 3185 3522 3645 
7289 3044 3495 3065 3597 
7290 2678 3678 2001 3814 
7291 1845 3415 3455 3668 
7292 1885 3422 3471 3636 
7293 555 1269 884 2541 
7294 1040 2282 593 3801 
7295 2523 1213 890 2524 
7296 3570 3628 467 3744 
7297 2981 3518 3439 3672 
7298 1530 3424 3461 3641 
7299 662 663 2106 677 
7300 1828 3547 3434 3587 
7301 1061 580 2296 1115 
7302 1235 2768 3604 3687 
7303 3413 3433 3012 3720 
7304 15 16 511 3680 
7305 3041 3061 3397 3574 
7306 3464 3697 2977 3782 
7307 905 3707 906 3728 
7308 2144 714 715 2248 
7309 2724 712 985 2140 
7310 1767 3513 1769 3760 
7311 1717 3488 1832 3668 
7312 3401 3476 1675 3696 
7313 3404 3435 1599 3717 
7314 570 1257 2291 3752 
7315 3200 3385 3387 3574 
7316 1742 3389 1954 3660 
7317 2453 871 3615 3730 
7318 3455 3675 1659 3805 
7319 1833 1717 1832 3668 
7320 1763 3468 3499 3585 
7321 1241 633 2352 3741 
7322 1062 1063 2549 3772 
7323 1662 1882 1750 3572 
7324 1617 1578 3489 3673 
7325 2927 3406 3420 3713 
7326 2724 2142 712 2140 
7327 3075 3471 3435 3717 
7328 1617 1838 1578 3673 
7329 695 697 2130 2463 
7330 3300 2990 3520 3632 
7331 1665 3486 3409 3601 
7332 3387 3402 1934 3780 
7333 1579 3489 1578 3673 
7334 3439 3518 2981 3715 
7335 2334 2272 1049 3797 
7336 1537 3470 3427 3521 
7337 860 3613 3722 3742 
7338 3290 3117 3291 3647 
7339 1225 3643 2444 3703 
7340 3505 3511 1880 3602 
7341 2803 2395 15 2766 
7342 985 712 2724 3751 
7343 1678 3406 3420 3702 
7344 2194 2198 953 2195 
7345 1523 1524 3517 3705 
7346 1241 2537 2352 633 
7347 2402 811 2321 3707 
7348 193 3507 3390 3606 
7349 3178 3533 3472 3611 
7350 154 1488 155 3493 
7351 1224 934 1234 3748 
7352 2997 3450 3501 3738 
7353 2135 2134 704 2698 
7354 2973 3698 3488 3781 
7355 1540 1543 3521 3758 
7356 2947 2946 3531 3684 
7357 3171 3463 3468 3662 
7358 3069 3049 3412 3686 
7359 2402 2364 2321 906 
7360 1065 1214 2331 3744 
7361 2951 2947 2946 3531 
7362 871 2330 2453 869 
7363 1833 3448 3410 3668 
7364 697 695 954 2463 
7365 2443 2374 2302 788 
7366 2411 3682 3618 3786 
7367 1759 1482 3417 3568 
7368 3496 3580 3104 3734 
7369 1515 3513 3453 3709 
7370 1147 2357 864 3652 
7371 3268 3509 3454 3544 
7372 3258 3522 3185 3645 
7373 1523 1525 1524 3705 
7374 2138 705 2312 3733 
7375 1725 3419 1690 3474 
7376 3448 3679 2960 3781 
7377 2077 2352 933 3792 
7378 1666 3454 3600 3601 
7379 695 693 749 2463 
7380 2428 2423 2720 3748 
7381 1954 3389 1495 3392 
7382 2546 2205 528 2782 
7383 2861 2871 612 613 
7384 1065 2546 1245 3744 
7385 3427 3470 1537 3788 
7386 1828 1603 3547 3587 
7387 371 2012 372 3440 
7388 524 2538 2197 2195 
7389 447 3592 3391 3599 
7390 2334 2547 2272 3797 
7391 871 2351 2330 869 
7392 2391 3651 2652 3777 
7393 3172 3578 3463 3812 
7394 15 511 1148 2449 
7395 1887 1735 1736 3544 
7396 1694 1703 3533 3611 
7397 2654 3806 814 3820 
7398 3475 3546 3146 3714 
7399 2015 3628 3570 3744 
7400 3347 3409 3396 3486 
7401 3272 3468 3499 3709 
7402 1845 3488 1717 3668 
7403 3123 3472 3178 3533 
7404 3417 3507 1482 3543 
7405 3052 3089 3034 3636 
7406 2981 3518 3214 3715 
7407 2538 521 524 2197 
7408 3392 2875 3616 3796 
7409 585 2276 2274 586 
7410 2971 2992 3405 3726 
7411 2523 3599 2732 3690 
7412 3047 3495 3435 3575 
7413 2308 1121 600 602 
7414 3117 3569 3291 3647 
7415 838 1147 510 2525 
7416 3184 3258 3185 3645 
7417 1595 3532 3401 3696 
7418 614 616 2826 1125 
7419 3066 3475 3044 3597 
7420 3525 3549 1793 3664 
7421 15 2803 2766 2249 
7422 1040 2685 2282 3801 
7423 2417 1282 744 2169 
7424 3450 3013 3546 3714 
7425 367 368 3493 3621 
7426 3276 2981 3214 3715 
7427 356 2393 2017 3722 
7428 1509 1512 1761 3718 
7429 1733 3509 3454 3601 
7430 3129 3144 3372 3384 
7431 1887 3544 1736 3761 
7432 1523 3517 1524 3661 
7433 3025 3547 3255 3587 
7434 3068 3535 3451 3727 
7435 193 3606 3390 3659 
7436 1675 3476 3401 3819 
7437 3510 1752 3664 3746 
7438 409 3571 3538 3707 
7439 547 548 2221 2223 
7440 511 861 2761 3742 
7441 3144 3449 3536 3727 
7442 2235 1043 2383 2541 
7443 751 991 1235 2768 
7444 2402 906 3707 3728 
7445 2395 2449 15 2766 
7446 894 2433 751 3687 
7447 2591 2542 3763 3799 
7448 3397 3574 3387 3803 
7449 1719 3509 1734 3544 
7450 3090 3094 3047 3525 
7451 3295 3496 3069 3734 
7452 1537 1538 3470 3521 
7453 520 2198 2332 3769 
7454 2973 3429 3698 3781 
7455 392 3485 3385 3615 
7456 933 2352 2077 633 
7457 2270 2296 580 3797 
7458 3193 3192 3569 3577 
7459 2450 2120 2364 1013 
7460 1889 3414 1894 3630 
7461 2340 551 806 2712 
7462 3055 3451 3068 3535 
7463 3456 3686 3496 3734 
7464 3250 3396 3347 3409 
7465 988 2346 2448 3814 
7466 2296 1115 580 3797 
7467 2108 2809 2106 3827 
7468 2425 510 2803 3652 
7469 749 954 695 2463 
7470 1277 3616 3562 3706 
7471 3437 3222 3520 3720 
7472 2751 783 915 3682 
7473 653 2448 2095 652 
7474 2293 2292 2307 601 
7475 1282 2417 744 3690 
7476 1595 3401 1673 3696 
7477 3156 3666 3299 3749 
7478 1839 3520 3431 3553 
7479 3301 3520 2990 3632 
7480 985 2312 3733 3751 
7481 749 2463 2720 2428 
7482 749 1234 934 3748 
7483 3364 3492 2885 3515 
7484 538 536 539 2212 
7485 1666 3600 3486 3601 
7486 1747 3566 3533 3576 
7487 2539 1043 2790 2235 
7488 3438 1538 3521 3710 
7489 2150 720 1315 3759 
7490 3426 3488 1656 3805 
7491 3172 3236 3578 3812 
7492 1787 3409 1665 3486 
7493 2766 1185 15 2249 
7494 429 2882 3394 3484 
7495 2215 539 540 2237 
7496 889 3599 890 3690 
7497 3025 3434 3547 3587 
7498 3180 3566 3533 3610 
7499 2282 1040 593 596 
7500 2331 2209 1065 2546 
7501 1323 1282 744 3690 
7502 2205 526 752 2782 
7503 3248 3409 3347 3486 
7504 428 3652 3394 3674 
7505 2364 906 2402 3728 
7506 3094 3525 3095 3549 
7507 2459 2087 978 3809 
7508 1210 3579 452 3678 
7509 1617 3464 3489 3782 
7510 3414 3474 1889 3522 
7511 890 3599 2523 3690 
7512 2770 987 791 2132 
7513 3476 3696 3401 3819 
7514 3351 3526 3385 3574 
7515 3028 3026 3414 3474 
7516 3427 3521 3470 3788 
7517 3162 3104 3149 3734 
7518 803 2251 2540 2189 
7519 2981 3214 3518 3672 
7520 1738 3578 3463 3585 
7521 3484 3613 1288 3680 
7522 1540 3427 1544 3457 
7523 3419 3474 3027 3610 
7524 2205 2530 526 2782 
7525 751 1229 715 2146 
7526 1114 671 2371 874 
7527 1506 3494 3492 3504 
7528 751 956 2753 2433 
7529 3372 3384 3144 3449 
7530 1707 3546 3475 3714 
7531 3455 3502 3063 3645 
7532 2248 2144 714 2733 
7533 1511 3412 3499 3709 
7534 2991 3477 3407 3520 
7535 1882 1639 3503 3546 
7536 3300 3301 2990 3632 
7537 1690 3474 3419 3610 
7538 2733 991 2248 2768 
7539 206 1478 3504 3604 
7540 1040 2444 2685 3801 
7541 3562 3689 1277 3706 
7542 2612 2342 671 598 
7543 3068 3536 3535 3727 
7544 1514 1511 1763 3468 
7545 2225 551 553 2340 
7546 1593 1557 3408 3671 
7547 3253 3542 3509 3544 
7548 1935 3385 179 3615 
7549 2522 741 1213 2173 
7550 1122 2353 8 608 
7551 3229 3480 3429 3738 
7552 985 2724 2312 3751 
7553 697 2130 2463 2250 
7554 3512 3365 3708 3756 
7555 2928 3524 2930 3745 
7556 2990 2986 3300 3520 
7557 2877 3505 3481 3602 
7558 2211 2331 535 3799 
7559 662 990 748 3827 
7560 1858 3676 3521 3758 
7561 3445 3565 146 3614 
7562 1800 1799 3603 3617 
7563 197 196 3571 3707 
7564 2652 2530 2391 3777 
7565 3394 3652 863 3674 
7566 1665 3409 1787 3601 
7567 3412 1512 3499 3718 
7568 372 3440 2012 3701 
7569 2142 2724 712 3751 
7570 1522 3760 1767 3795 
7571 1662 3572 1750 3583 
7572 3424 3470 1534 3524 
7573 476 3445 146 3614 
7574 3436 3460 2993 3726 
7575 1853 3522 3415 3554 
7576 2134 2770 987 3724 
7577 17 3484 1288 3680 
7578 3492 3494 1509 3499 
7579 1860 3698 3429 3781 
7580 3028 3474 3414 3522 
7581 2133 699 701 2134 
7582 2425 1147 2357 2525 
7583 2453 869 2330 3785 
7584 3146 3546 3013 3714 
7585 2737 899 3725 3809 
7586 1651 3426 3555 3698 
7587 2861 2866 2826 614 
7588 2418 2678 2001 3814 
7589 3375 3385 3200 3574 
7590 662 2104 990 3827 
7591 2433 2768 2248 3687 
7592 3328 3494 3498 3604 
7593 1540 1544 1543 3457 
7594 1747 1493 3566 3576 
7595 3464 3489 2978 3673 
7596 2257 2259 2549 567 
7597 691 2126 693 692 
7598 1193 3694 2386 3794 
7599 1834 3511 3505 3771 
7600 1522 1767 3460 3795 
7601 2518 693 2720 1234 
7602 2293 2292 601 599 
7603 3299 3302 3413 3666 
7604 3175 3585 3578 3595 
7605 548 547 1046 2223 
7606 1793 1870 1794 3575 
7607 167 3389 1977 3558 
7608 346 619 1153 1125 
7609 2542 538 539 2212 
7610 2061 346 619 1153 
7611 3523 3566 1493 3576 
7612 3150 2914 3395 3704 
7613 1641 3501 3480 3503 
7614 3430 3522 3258 3645 
7615 198 3500 481 3707 
7616 806 3695 2447 3811 
7617 3144 3528 3449 3727 
7618 1858 3521 1543 3758 
7619 858 1106 519 3777 
7620 2330 2453 2351 871 
7621 3069 3295 3049 3686 
7622 1052 2723 2217 2237 
7623 2317 623 1227 1119 
7624 392 3385 3334 3615 
7625 3162 3295 3069 3734 
7626 2523 2778 890 3690 
7627 2542 536 1050 2211 
7628 2538 953 2198 2195 
7629 3033 3422 3551 3636 
7630 600 2293 2307 601 
7631 3480 3501 3164 3503 
7632 553 1269 2541 2340 
7633 2971 2993 2992 3726 
7634 2812 2684 2594 3650 
7635 1063 2324 2549 3772 
7636 380 3389 3607 3638 
7637 890 2778 1282 3690 
7638 1522 3421 3760 3795 
7639 3416 3531 2946 3684 
7640 2720 2423 2518 1234 
7641 1115 2296 1061 3784 
7642 671 2371 2612 1114 
7643 2999 3254 3545 3683 
7644 1580 3431 1579 3673 
7645 1519 3665 3513 3760 
7646 1767 3760 3460 3795 
7647 2275 2276 2274 585 
7648 2312 2724 985 2140 
7649 3409 3486 3248 3601 
7650 2383 555 884 2541 
7651 2962 3408 2961 3679 
7652 1630 3529 3427 3563 
7653 770 539 787 3763 
7654 1340 637 2078 3792 
7655 3198 3475 3146 3714 
7656 2219 542 1052 2217 
7657 2991 3222 3477 3520 
7658 2941 3521 3082 3676 
7659 1707 3475 3546 3660 
7660 3389 1742 3583 3660 
7661 2928 3220 3524 3745 
7662 3454 3509 3268 3601 
7663 3060 3499 3492 3718 
7664 1186 2522 2523 3818 
7665 1633 1980 1795 3411 
7666 2546 528 752 2782 
7667 1906 3602 1790 3612 
7668 3223 3399 2975 3697 
7669 2077 2329 2352 3792 
7670 720 1315 722 2150 
7671 3220 3716 3524 3745 
7672 510 2425 2803 2249 
7673 1633 3508 1598 3647 
7674 1900 1774 1899 3460 
7675 2966 3408 2997 3738 
7676 2308 2293 2307 600 
7677 3026 3414 3474 3630 
7678 1816 1812 3399 3710 
7679 2423 2683 2518 1234 
7680 812 3653 2362 3800 
7681 1866 1558 1593 3648 
7682 2459 2087 2519 978 
7683 1210 841 3656 3678 
7684 1519 3513 1518 3760 
7685 2524 2173 1213 2170 
7686 3066 3044 3065 3597 
7687 1040 1225 2444 3703 
7688 2320 2092 986 773 
7689 2102 658 990 3802 
7690 1961 3411 3569 3783 
7691 3578 3585 1738 3595 
7692 2618 3485 3615 3785 
7693 645 2320 2519 978 
7694 1052 545 542 2219 
7695 616 346 2826 1125 
7696 1523 1521 3517 3661 
7697 1900 3460 1899 3726 
7698 752 2782 2530 3777 
7699 3027 3474 3419 3630 
7700 3437 3520 3301 3632 
7701 783 989 724 2468 
7702 205 1920 1478 3604 
7703 1040 593 592 3801 
7704 1640 3450 1604 3501 
7705 510 2425 1147 3652 
7706 427 3394 3391 3674 
7707 1506 3504 3492 3515 
7708 3162 3149 3483 3734 
7709 1522 3421 1767 3760 
7710 2932 3470 3424 3524 
7711 3410 3676 1858 3758 
7712 2353 1122 8 3800 
7713 814 1197 2654 3820 
7714 2540 936 935 2332 
7715 8 613 1122 610 
7716 772 724 722 2159 
7717 2991 3407 3477 3804 
7718 1521 3421 3517 3661 
7719 1675 3476 1819 3696 
7720 3391 3599 426 3674 
7721 2010 3689 3562 3706 
7722 2377 3706 376 3712 
7723 2300 990 2104 3827 
7724 2768 2733 991 3751 
7725 1742 1495 1954 3389 
7726 2209 2206 530 2546 
7727 806 553 551 2340 
7728 613 812 348 1122 
7729 3036 3474 3028 3522 
7730 2735 871 2453 3730 
7731 2219 2744 2723 3755 
7732 1767 1519 1518 3760 
7733 2159 724 722 2152 
7734 3521 3676 2941 3758 
7735 591 2280 2279 590 
7736 1817 3532 1595 3696 
7737 2779 2317 1227 3785 
7738 714 991 2733 3751 
7739 380 3558 3389 3638 
7740 2978 3464 2976 3489 
7741 1487 3481 1956 3505 
7742 2737 773 2320 3725 
7743 2693 938 2374 3729 
7744 3078 3124 3476 3590 
7745 2320 3725 773 3808 
7746 2059 3485 2618 3785 
7747 3510 3552 1752 3746 
7748 1118 1302 2735 3730 
7749 1288 3484 2 3557 
7750 2 1288 17 3484 
7751 2371 3643 874 3732 
7752 2227 553 2541 2340 
7753 1630 3427 3529 3721 
7754 3136 3392 3475 3597 
7755 2459 2519 2320 978 
7756 2276 586 587 3821 
7757 2142 714 713 2144 
7758 751 2753 2248 2433 
7759 1797 1867 3477 3544 
7760 1703 3533 3472 3576 
7761 419 3504 3328 3604 
7762 1736 3544 3542 3761 
7763 2198 953 2538 3810 
7764 1121 602 2308 3806 
7765 3448 3488 2949 3668 
7766 427 426 2704 3674 
7767 956 2148 2753 2700 
7768 1106 752 2530 3777 
7769 3387 3402 3354 3803 
7770 2913 3150 3162 3734 
7771 1836 3415 1845 3668 
7772 991 751 2248 2768 
7773 3423 3471 1619 3525 
7774 179 3385 3485 3615 
7775 3021 3413 3012 3720 
7776 2807 967 730 2165 
7777 1053 2723 1052 3794 
7778 1891 1630 3529 3721 
7779 3272 3499 3468 3585 
7780 1790 3602 3511 3612 
7781 991 3637 2768 3751 
7782 772 2159 722 3759 
7783 871 2735 1302 3730 
7784 2865 349 350 608 
7785 1568 3587 3531 3677 
7786 3041 3502 3062 3574 
7787 1568 3531 1561 3677 
7788 3405 3508 2969 3647 
7789 2248 715 2144 2146 
7790 592 591 2280 593 
7791 1061 2268 580 576 
7792 1936 3623 3609 3646 
7793 1817 1595 1673 3696 
7794 2887 3497 3357 3534 
7795 3185 3186 3184 3522 
7796 1769 3436 1899 3460 
7797 3140 3572 3141 3583 
7798 2947 3531 3400 3684 
7799 1487 1956 1880 3505 
7800 2980 3518 3214 3672 
7801 1651 3426 1655 3555 
7802 3303 3528 3144 3727 
7803 1955 1974 1732 3574 
7804 2463 2126 693 2720 
7805 570 1064 1311 3752 
7806 2418 3579 402 3656 
7807 2723 3755 2386 3794 
7808 2542 539 536 2212 
7809 3406 1723 3444 3829 
7810 858 519 3651 3777 
7811 634 2078 2077 1340 
7812 3308 3566 3309 3576 
7813 3275 3439 3404 3824 
7814 2683 2402 2321 3707 
7815 3146 3546 3475 3660 
7816 601 600 2293 599 
7817 2932 2934 3470 3524 
7818 3411 3527 1980 3757 
7819 376 3706 3616 3712 
7820 2945 2941 3676 3758 
7821 3015 2997 3501 3738 
7822 1673 3401 1675 3696 
7823 2443 3729 916 3741 
7824 3454 3247 3600 3601 
7825 3256 3589 3529 3684 
7826 3144 3536 3068 3727 
7827 3425 3518 2980 3672 
7828 2654 2719 3806 3820 
7829 2281 2282 2280 593 
7830 2061 1153 1119 3785 
7831 1652 3483 3482 3798 
7832 2443 1241 2537 3741 
7833 1475 216 3394 3484 
7834 1666 1664 3486 3600 
7835 3344 3505 2877 3602 
7836 1599 1567 3404 3717 
7837 3598 3615 868 3730 
7838 3273 3404 3046 3688 
7839 1871 1534 3424 3788 
7840 3472 3533 3123 3576 
7841 3511 3602 3231 3612 
7842 1725 1889 1894 3630 
7843 2249 838 510 2525 
7844 2262 2264 573 569 
7845 2735 2362 793 1118 
7846 640 2083 2080 639 
7847 1629 3683 1625 3723 
7848 1857 3427 1537 3788 
7849 2276 3740 586 3821 
7850 2324 2549 2262 1063 
7851 793 812 348 613 
7852 429 3484 3394 3652 
7853 2959 2973 3488 3781 
7854 573 2262 1063 3823 
7855 1858 1539 1543 3521 
7856 1582 1839 3431 3553 
7857 2946 3531 3416 3586 
7858 3032 3419 3027 3610 
7859 3407 3545 3254 3683 
7860 3241 3438 3399 3817 
7861 1696 3483 1652 3798 
7862 1525 3444 1524 3705 
7863 520 953 2198 3769 
7864 1787 3396 3409 3486 
7865 705 2138 704 3733 
7866 2945 2941 3082 3676 
7867 3430 3063 3502 3645 
7868 167 846 166 3389 
7869 591 2281 2280 593 
7870 426 3391 425 3592 
7871 2284 2286 598 597 
7872 3345 3231 3602 3612 
7873 2530 752 526 2782 
7874 2991 3000 3407 3804 
7875 3117 3411 3508 3757 
7876 2450 2114 687 685 
7877 714 751 715 2248 
7878 3015 2966 2997 3738 
7879 1575 3716 3489 3826 
7880 1040 2282 2295 596 
7881 3408 2967 3450 3671 
7882 612 2866 2861 614 
7883 1213 890 1186 2523 
7884 1282 736 2169 2524 
7885 426 3592 1998 3599 
7886 3424 3470 2932 3788 
7887 905 906 456 3728 
7888 3182 3488 2973 3698 
7889 2307 2660 602 603 
7890 1555 3586 3473 3630 
7891 3193 3569 3530 3577 
7892 1213 2522 2173 2524 
7893 1595 3401 3532 3693 
7894 535 1065 1214 2331 
7895 1707 3546 1706 3660 
7896 3431 3520 1839 3632 
7897 2924 3406 2927 3713 
7898 2719 3627 3806 3820 
7899 1625 3683 3469 3723 
7900 3391 3394 214 3674 
7901 1891 1847 1630 3721 
7902 1828 1826 3434 3547 
7903 1577 1575 3489 3826 
7904 3033 3551 3491 3636 
7905 3638 3801 829 3821 
7906 2211 2209 535 2331 
7907 3351 3375 3217 3574 
7908 871 868 3615 3730 
7909 3278 3541 3087 3719 
7910 2076 2078 2077 634 
7911 1953 1978 1496 3559 
7912 539 536 1050 2542 
7913 1309 1064 764 2318 
7914 573 2264 2263 569 
7915 2943 3256 3529 3684 
7916 988 3802 2346 3814 
7917 1890 1555 3473 3630 
7918 2205 752 528 2782 
7919 3487 3490 1496 3567 
7920 3451 3528 3304 3727 
7921 2159 2613 2813 3759 
7922 1532 3524 1535 3716 
7923 1587 3437 3413 3666 
7924 2320 645 773 978 
7925 860 3506 488 3722 
7926 2324 3772 1063 3823 
7927 653 2448 652 3814 
7928 2949 3448 2959 3488 
7929 3284 3532 3401 3693 
7930 1678 1856 3406 3702 
7931 1962 1743 1726 3597 
7932 2256 2291 570 2257 
7933 2712 806 2447 3811 
7934 744 1282 734 2169 
7935 1747 1883 1493 3576 
7936 2449 1148 15 2766 
7937 428 429 3394 3652 
7938 678 2108 2106 677 
7939 1483 3582 3514 3737 
7940 1767 1518 3513 3760 
7941 3079 3057 3611 3787 
7942 573 2264 2262 3823 
7943 573 2264 2265 572 
7944 3180 3277 3566 3610 
7945 2998 3450 2967 3671 
7946 3454 3477 3001 3544 
7947 1043 555 2383 2541 
7948 2108 2106 677 3827 
7949 3005 3436 3007 3513 
7950 1891 3529 1847 3721 
7951 2804 2274 2276 586 
7952 1671 1661 3455 3502 
7953 2211 535 1050 3799 
7954 3175 3172 3236 3578 
7955 3162 3069 3496 3734 
7956 1831 3429 3408 3679 
7957 2732 2778 2523 3690 
7958 3486 3600 3247 3601 
7959 476 146 3565 3614 
7960 3057 3434 3611 3787 
7961 713 712 714 2142 
7962 2931 2928 3220 3524 
7963 3034 3422 3033 3636 
7964 1906 3526 3602 3612 
7965 2080 2462 2078 639 
7966 3492 3504 2885 3515 
7967 406 3390 3507 3606 
7968 1770 1901 3468 3662 
7969 1657 1660 3511 3675 
7970 678 680 2108 681 
7971 3398 3255 3547 3587 
7972 1998 3599 3592 3690 
7973 3524 3716 1532 3745 
7974 1534 3470 3424 3788 
7975 2591 2339 2542 3799 
7976 2980 2978 3425 3464 
7977 2324 1063 2262 3823 
7978 1043 2383 2790 2235 
7979 3120 3278 3087 3719 
7980 1063 2549 2262 567 
7981 1575 1532 3716 3745 
7982 3650 3657 2684 3752 
7983 2093 2095 652 651 
7984 3284 3401 3532 3696 
7985 3193 3189 3192 3577 
7986 2138 703 704 2135 
7987 2264 2262 2263 569 
7988 3268 3454 3043 3544 
7989 3501 3503 1639 3546 
7990 1887 3433 3544 3761 
7991 3305 3503 3501 3546 
7992 1507 3492 1506 3494 
7993 3476 3547 1819 3696 
7994 1064 2562 2318 3752 
7995 3048 3033 3491 3636 
7996 2444 2685 2295 1040 
7997 1587 1585 3437 3666 
7998 3241 3399 3685 3817 
7999 640 2083 639 641 
8000 3219 3433 3413 3822 
8001 2439 3725 2320 3808 
8002 2539 559 1043 2235 
8003 2276 2804 586 3740 
8004 1511 1513 3412 3709 
8005 2949 3410 2945 3448 
8006 1224 811 906 3707 
8007 3322 3364 2885 3515 
8008 14 15 1148 2766 
8009 2994 3458 3204 3726 
8010 892 3391 214 3674 
8011 3254 3545 3407 3600 
8012 3450 3501 1640 3546 
8013 197 198 481 3707 
8014 1658 1656 3488 3805 
8015 3356 3564 3445 3565 
8016 3372 3125 3349 3449 
8017 615 2826 2866 614 
8018 2317 2067 2779 623 
8019 2778 2523 890 2524 
8020 2971 2994 3204 3726 
8021 2321 811 1013 689 
8022 1522 3460 1768 3795 
8023 1564 1853 3415 3554 
8024 2999 3254 3084 3545 
8025 1522 1767 1768 3460 
8026 1565 3414 1889 3522 
8027 1855 3422 3469 3518 
8028 2141 707 712 2140 
8029 1733 1734 1719 3509 
8030 3425 3464 2978 3673 
8031 3159 3431 3030 3452 
8032 2229 554 555 2227 
8033 429 2882 428 3394 
8034 1013 2120 2321 689 
8035 2909 3149 3145 3580 
8036 2871 2861 348 613 
8037 2443 916 1241 3741 
8038 3267 3252 3513 3665 
8039 3281 3052 3423 3471 
8040 3490 3559 1978 3807 
8041 546 547 548 2221 
8042 1793 3549 1794 3664 
8043 1629 1625 3469 3723 
8044 2173 738 1213 2170 
8045 3410 2945 3448 3676 
8046 3425 2980 3464 3672 
8047 603 602 2307 601 
8048 794 1013 687 3815 
8049 1593 1558 1557 3671 
8050 3415 3522 1853 3645 
8051 987 704 701 2134 
8052 3219 3413 3669 3822 
8053 1619 3471 3423 3636 
8054 987 2770 791 3724 
8055 3079 3178 3472 3611 
8056 3150 2913 2914 3704 
8057 3220 3420 3716 3745 
8058 3063 3111 3455 3645 
8059 2083 2080 2082 640 
8060 3041 3062 3061 3574 
8061 2910 2909 3482 3483 
8062 1575 1532 1535 3716 
8063 487 3394 863 3674 
8064 986 2092 2094 649 
8065 3276 3439 2981 3715 
8066 3002 3021 3012 3720 
8067 3237 3708 3365 3756 
8068 2206 528 530 2546 
8069 619 620 2061 1119 
8070 2209 530 1065 2546 
8071 2134 699 987 2132 
8072 1531 3424 1534 3524 
8073 704 2138 2698 3733 
8074 3328 2901 418 3604 
8075 1585 3437 3666 3749 
8076 3497 3534 1967 3655 
8077 3079 3178 3123 3472 
8078 193 909 3606 3659 
8079 989 783 915 2751 
8080 826 3618 926 3682 
8081 3281 3471 3423 3525 
8082 2613 2409 2813 3786 
8083 447 212 3391 3592 
8084 2343 2767 2342 3806 
8085 1792 3444 1723 3829 
8086 742 952 2177 2243 
8087 1965 3515 1909 3625 
8088 1487 3584 3481 3602 
8089 892 3599 3391 3674 
8090 2546 2628 2782 3744 
8091 1873 3465 1818 3495 
8092 1607 3569 1633 3647 
8093 922 3806 3627 3820 
8094 3275 3205 3439 3824 
8095 1629 1625 1855 3469 
8096 3426 3675 3073 3805 
8097 2968 2969 3479 3508 
8098 2276 585 587 586 
8099 687 2450 685 3815 
8100 570 2256 2257 565 
8101 3426 3698 3488 3805 
8102 3309 3566 3523 3576 
8103 3138 3389 2890 3660 
8104 1865 3429 1831 3679 
8105 3075 3471 3281 3525 
8106 623 2317 2067 1119 
8107 2518 691 1234 811 
8108 1894 3586 1555 3630 
8109 2284 2282 595 593 
8110 1645 3569 1621 3577 
8111 986 2092 647 773 
8112 2262 573 1063 569 
8113 1185 15 14 2766 
8114 1629 3469 1855 3723 
8115 2221 545 547 3755 
8116 2929 3292 3461 3641 
8117 3063 3430 3258 3645 
8118 900 3604 1235 3637 
8119 939 773 899 3725 
8120 1816 1536 1812 3710 
8121 2282 2295 2685 1040 
8122 1767 1769 1899 3460 
8123 2626 2110 1014 3747 
8124 3253 3542 3544 3761 
8125 3278 3403 3541 3719 
8126 1630 1892 3529 3563 
8127 801 2357 2177 2243 
8128 1257 3650 880 3772 
8129 1893 3551 3422 3636 
8130 1043 555 884 2383 
8131 793 347 2735 1302 
8132 2093 2094 2092 649 
8133 1678 1577 1862 3826 
8134 868 869 871 3615 
8135 3328 3498 2901 3604 
8136 580 2270 2269 576 
8137 1981 3534 3386 3655 
8138 1691 3533 3566 3610 
8139 2221 548 546 2222 
8140 3406 3441 2923 3702 
8141 829 3638 1250 3801 
8142 1855 1779 3422 3518 
8143 720 1229 956 2148 
8144 1323 890 1282 3690 
8145 2923 3441 3406 3670 
8146 3305 3141 3503 3546 
8147 2175 740 741 2173 
8148 649 2093 652 651 
8149 1869 1870 1634 3575 
8150 545 2221 2219 3755 
8151 1694 1703 1693 3533 
8152 2753 2148 1229 2146 
8153 956 2700 2753 3759 
8154 2998 3648 3450 3671 
8155 3467 3641 1720 3719 
8156 1483 3514 211 3737 
8157 3250 3347 3248 3409 
8158 764 2790 1043 3743 
8159 1629 3418 3683 3723 
8160 2887 3478 3497 3534 
8161 402 3579 3478 3656 
8162 2910 3483 3482 3603 
8163 2248 751 715 2146 
8164 172 3567 3481 3627 
8165 3042 3545 3085 3573 
8166 2542 539 2215 2237 
8167 741 952 2175 3818 
8168 2971 3647 2994 3726 
8169 3111 3415 3183 3455 
8170 2444 3643 2370 3703 
8171 2898 3490 3487 3567 
8172 1106 752 526 2530 
8173 2994 3647 3458 3726 
8174 1186 2523 3599 3818 
8175 2929 3461 3424 3641 
8176 1701 3664 1752 3746 
8177 3389 3583 2890 3660 
8178 1637 3423 1619 3525 
8179 704 2134 987 3724 
8180 3410 3448 2949 3668 
8181 681 2244 2108 3747 
8182 1829 3702 3452 3749 
8183 3106 3426 3073 3805 
8184 570 2256 1064 3752 
8185 2094 2093 652 649 
8186 3416 1847 3529 3721 
8187 1185 838 510 2249 
8188 2871 612 613 610 
8189 804 2540 2780 3778 
8190 2318 561 764 2539 
8191 1847 1548 3457 3721 
8192 1847 1548 1544 3457 
8193 1847 3457 1544 3721 
8194 3351 3574 3100 3612 
8195 2453 3615 3598 3730 
8196 2142 2141 712 2140 
8197 2522 2175 741 2173 
8198 3049 3453 3412 3686 
8199 2198 3769 953 3810 
8200 3049 3412 3453 3709 
8201 3349 3449 3125 3774 
8202 2540 2251 804 2780 
8203 464 3588 3440 3701 
8204 806 2340 2712 2447 
8205 2683 2321 2518 811 
8206 2889 3582 3515 3618 
8207 586 2274 585 584 
8208 3244 2978 3489 3673 
8209 1523 1524 1521 3661 
8210 590 591 2280 592 
8211 2183 1185 14 2766 
8212 2374 2667 788 938 
8213 2377 3616 376 3706 
8214 2256 2562 1064 3752 
8215 2268 2270 580 576 
8216 1563 3667 3447 3688 
8217 13 14 2185 2183 
8218 3049 3453 3019 3709 
8219 623 2068 2779 938 
8220 952 742 2175 2243 
8221 3307 3380 3478 3537 
8222 658 1196 990 3802 
8223 1813 3432 3399 3697 
8224 2989 3469 2987 3683 
8225 1611 3528 3639 3727 
8226 3397 3430 1686 3711 
8227 812 2066 348 1122 
8228 1040 830 3703 3801 
8229 3039 3451 3535 3822 
8230 3079 3472 3057 3787 
8231 1865 3429 3679 3781 
8232 3299 3156 3302 3666 
8233 3089 3276 3203 3715 
8234 573 2265 2264 3823 
8235 967 2807 2709 2165 
8236 3095 3549 3525 3664 
8237 597 598 2284 596 
8238 1125 1153 2351 1302 
8239 546 545 2221 2220 
8240 3073 3426 3511 3675 
8241 2809 2108 2442 3827 
8242 2709 744 3690 3828 
8243 1563 3404 3667 3688 
8244 2969 3479 3405 3753 
8245 2078 634 637 1340 
8246 725 723 724 2152 
8247 1580 1579 1578 3673 
8248 705 703 704 2138 
8249 3025 3547 3434 3590 
8250 3357 3534 3497 3655 
8251 2969 2957 3479 3753 
8252 723 722 724 2152 
8253 3223 2975 2977 3697 
8254 1820 3547 3476 3590 
8255 3241 3262 3438 3817 
8256 3455 3502 1661 3675 
8257 2709 734 732 2166 
8258 1636 1800 1799 3603 
8259 681 2108 1044 3747 
8260 1622 3405 1597 3479 
8261 2807 730 967 2617 
8262 604 2654 1197 606 
8263 3079 3103 3057 3472 
8264 2905 3391 427 3394 
8265 2735 2351 871 1302 
8266 2000 3737 3682 3828 
8267 1909 3625 3515 3626 
8268 2274 2273 585 584 
8269 914 2413 3682 3828 
8270 1566 3435 3404 3688 
8271 2110 681 1014 3747 
8272 1906 1959 1790 3602 
8273 1521 3661 3466 3665 
8274 967 2709 2807 3828 
8275 1788 3396 3486 3540 
8276 1214 1065 1245 3744 
8277 744 2709 2417 2169 
8278 3420 3716 1575 3826 
8279 3405 3479 1622 3753 
8280 1548 3692 3457 3721 
8281 2142 714 2144 2733 
8282 3303 3144 3068 3727 
8283 2094 2093 2095 652 
8284 956 751 894 2433 
8285 2223 1046 2241 3755 
8286 1847 3692 1548 3721 
8287 3458 3569 3192 3577 
8288 14 1148 2185 2766 
8289 2991 3477 3000 3804 
8290 3335 3387 3334 3485 
8291 2981 2980 3214 3672 
8292 3284 3286 3532 3693 
8293 3311 3450 3013 3546 
8294 861 2251 2761 3742 
8295 3638 3703 1250 3801 
8296 2562 2256 1064 2318 
8297 3275 3404 3667 3824 
8298 653 652 777 3814 
8299 1984 3384 3536 3691 
8300 3155 2923 3441 3702 
8301 634 2077 2074 633 
8302 2962 2961 2960 3679 
8303 811 2321 691 689 
8304 1736 1735 1734 3544 
8305 580 2270 2271 579 
8306 2334 2274 2804 3768 
8307 1052 2723 2219 2217 
8308 2947 3589 3256 3684 
8309 2525 2178 798 2177 
8310 3513 3665 3252 3760 
8311 3458 1621 3569 3577 
8312 2094 2095 2448 652 
8313 1822 1823 1820 3590 
8314 572 2265 573 574 
8315 2825 8 349 608 
8316 3431 3452 3159 3632 
8317 536 534 535 2211 
8318 1864 3456 3395 3704 
8319 2159 2150 722 3759 
8320 534 536 2210 2211 
8321 3030 3452 3431 3673 
8322 3198 3465 3475 3714 
8323 744 734 732 2709 
8324 347 348 2861 614 
8325 2143 2142 713 2144 
8326 171 3487 3567 3643 
8327 146 3445 1950 3565 
8328 1965 3582 209 3618 
8329 3421 3661 1521 3665 
8330 2790 2318 764 2539 
8331 3083 3529 3256 3589 
8332 589 2278 2277 587 
8333 2440 3801 3638 3821 
8334 914 2413 915 3682 
8335 1895 3419 1890 3473 
8336 1599 1600 1567 3717 
8337 426 425 1998 3592 
8338 3385 3526 1741 3574 
8339 2824 2251 861 2187 
8340 1519 1518 3513 3665 
8341 2083 2462 2080 639 
8342 2468 725 724 2152 
8343 1829 1862 3452 3702 
8344 575 2267 2265 576 
8345 3039 3451 3055 3535 
8346 1712 3551 1893 3636 
8347 2383 1043 2790 3743 
8348 2183 2181 1185 2249 
8349 574 575 2265 576 
8350 1253 883 806 3695 
8351 3079 3611 3472 3787 
8352 348 2362 812 793 
8353 1927 3512 3708 3756 
8354 3104 3162 3496 3734 
8355 416 3498 3548 3637 
8356 1723 3406 3444 3713 
8357 3491 1748 3608 3746 
8358 3739 3748 2428 3770 
8359 2264 2263 2265 572 
8360 1885 3471 1619 3636 
8361 1106 526 522 2530 
8362 2861 612 614 613 
8363 1507 1509 3492 3494 
8364 640 2082 2083 641 
8365 677 678 2108 1044 
8366 1738 3463 1710 3585 
8367 662 2106 2104 677 
8368 1519 3421 3665 3760 
8369 2176 742 798 2177 
8370 551 1046 806 2712 
8371 758 762 935 2191 
8372 2666 2541 1269 2340 
8373 687 2120 1013 689 
8374 1506 3492 1949 3515 
8375 410 411 3571 3707 
8376 3302 3666 3462 3669 
8377 3425 3464 1838 3672 
8378 2963 3531 2946 3586 
8379 546 545 547 2221 
8380 2461 2102 2300 990 
8381 2308 2307 2327 602 
8382 2402 3707 2006 3728 
8383 3328 3494 2901 3498 
8384 1926 3559 3487 3572 
8385 581 2270 2271 580 
8386 2976 2977 2975 3782 
8387 1832 3448 3488 3781 
8388 1515 1514 3468 3709 
8389 3390 3606 406 3659 
8390 3408 3459 1557 3679 
8391 3351 3526 3574 3612 
8392 884 1043 2383 3743 
8393 1880 3505 1834 3511 
8394 3408 1557 3459 3671 
8395 2947 3400 3589 3684 
8396 871 2351 1153 1302 
8397 3374 3523 3386 3576 
8398 1607 1633 1598 3647 
8399 573 574 2265 3823 
8400 3083 3467 3529 3589 
8401 1696 3580 3483 3798 
8402 2927 3420 2928 3745 
8403 2135 704 2138 2698 
8404 1890 1894 1555 3630 
8405 2102 659 662 990 
8406 2377 376 2378 3712 
8407 521 2538 953 3810 
8408 3198 3465 3044 3475 
8409 3356 3445 359 3565 
8410 3413 3666 3302 3669 
8411 2549 1063 1062 567 
8412 2220 545 2221 2219 
8413 3462 3666 1589 3669 
8414 3296 3420 3406 3702 
8415 1140 1253 806 3695 
8416 2958 2949 3488 3668 
8417 1205 990 1196 3802 
8418 2148 717 1229 2146 
8419 2225 553 552 2227 
8420 2222 2221 548 2223 
8421 2896 3320 3592 3765 
8422 3487 3559 3339 3572 
8423 2083 2344 2462 979 
8424 1945 3594 3538 3631 
8425 3053 3432 3399 3710 
8426 1671 3502 3455 3645 
8427 3466 3661 3112 3665 
8428 2215 538 539 2542 
8429 652 986 2094 649 
8430 1861 1609 3442 3813 
8431 2224 548 551 2223 
8432 2284 2282 2283 595 
8433 749 1223 2428 3748 
8434 2270 2268 2269 576 
8435 2362 812 1118 3653 
8436 3201 3354 3402 3803 
8437 1836 1845 1717 3668 
8438 879 1257 918 3752 
8439 1828 1603 1826 3547 
8440 171 170 3487 3643 
8441 985 712 707 2140 
8442 3413 1589 3666 3669 
8443 1214 2331 3744 3799 
8444 1724 1886 3529 3589 
8445 3103 3057 3472 3787 
8446 1530 3424 1529 3461 
8447 1894 3414 3586 3630 
8448 3204 3436 3458 3662 
8449 2976 3489 3464 3782 
8450 3548 3605 416 3637 
8451 3136 3134 2875 3597 
8452 1723 3444 1878 3713 
8453 2254 561 1064 2318 
8454 2263 2264 573 572 
8455 1569 3587 1568 3677 
8456 2896 3592 3391 3765 
8457 612 615 2866 614 
8458 1857 1537 3470 3788 
8459 639 2083 2462 979 
8460 2357 2243 801 3818 
8461 3308 3533 3180 3566 
8462 2275 2276 585 587 
8463 990 2461 2102 3802 
8464 593 2284 2282 596 
8465 604 2365 2654 606 
8466 2344 2083 2087 3762 
8467 875 3570 467 3744 
8468 3197 3494 3492 3499 
8469 1871 1857 1534 3788 
8470 3111 3415 3455 3645 
8471 2108 677 1044 3827 
8472 2076 2078 634 637 
8473 520 3769 2332 3778 
8474 2393 2017 3722 3742 
8475 3183 3455 3415 3668 
8476 2278 587 589 3821 
8477 2280 590 592 3801 
8478 2770 791 3724 3770 
8479 580 2271 581 579 
8480 1583 1829 3452 3749 
8481 146 476 145 3445 
8482 935 758 2194 2193 
8483 3399 3446 1649 3697 
8484 1649 3446 3399 3685 
8485 3421 3112 3661 3665 
8486 3422 3203 3518 3715 
8487 3445 3564 1950 3565 
8488 581 2273 2272 584 
8489 3493 3621 368 3695 
8490 3404 3439 3275 3717 
8491 3481 3490 3353 3567 
8492 3384 3449 1915 3536 
8493 2386 3621 2385 3694 
8494 2712 2225 551 2223 
8495 860 3722 488 3742 
8496 727 725 728 2154 
8497 2218 545 544 2219 
8498 3204 3006 3436 3662 
8499 3244 2978 2976 3489 
8500 742 741 952 2175 
8501 695 694 2126 2127 
8502 602 600 2307 601 
8503 2989 3469 3683 3723 
8504 3148 3304 3153 3639 
8505 3197 3492 3060 3499 
8506 1977 3558 3389 3583 
8507 1295 1147 864 3652 
8508 1658 1845 3455 3488 
8509 758 935 756 2193 
8510 2268 2265 2267 576 
8511 2542 2215 538 2212 
8512 3039 3535 3433 3822 
8513 1223 749 2428 3770 
8514 608 350 2865 607 
8515 3138 3392 3389 3660 
8516 1822 3537 3476 3581 
8517 570 2291 2256 3752 
8518 1210 452 841 3678 
8519 2265 2268 574 576 
8520 1125 2351 347 1302 
8521 1797 3477 3454 3544 
8522 593 595 2284 596 
8523 2815 3762 1997 3792 
8524 1126 3680 3613 3742 
8525 3408 3459 2962 3671 
8526 203 3498 454 3548 
8527 3408 2962 3459 3679 
8528 752 3744 2782 3777 
8529 2060 1197 606 3820 
8530 1577 1579 3452 3489 
8531 3043 3454 3001 3544 
8532 1813 1816 3399 3432 
8533 1895 3419 3473 3779 
8534 2251 803 861 2187 
8535 639 2462 2078 785 
8536 2956 2954 3532 3561 
8537 2256 2254 1064 2318 
8538 422 3582 2889 3618 
8539 3219 3039 3433 3822 
8540 879 3650 1257 3752 
8541 2133 699 2134 2132 
8542 3254 3263 3545 3600 
8543 2698 3724 704 3733 
8544 2712 551 1046 2223 
8545 1562 1563 3447 3688 
8546 411 3500 3338 3571 
8547 1961 3569 1912 3783 
8548 1673 1675 1819 3696 
8549 1599 3404 1566 3435 
8550 905 3538 196 3707 
8551 2362 3653 1118 3730 
8552 2927 3406 3296 3420 
8553 699 698 697 2131 
8554 691 2123 2126 692 
8555 2939 3427 3529 3563 
8556 2194 758 935 2191 
8557 3068 3056 3535 3536 
8558 1678 3406 1876 3420 
8559 750 985 705 3733 
8560 2276 2275 2277 587 
8561 3241 3399 3438 3710 
8562 1979 3390 193 3507 
8563 1956 3481 1925 3505 
8564 1831 3408 3429 3738 
8565 752 1065 528 2546 
8566 3112 3252 3665 3760 
8567 3053 2975 3399 3432 
8568 1475 216 215 3394 
8569 693 695 2126 2463 
8570 1854 3432 1813 3697 
8571 1876 3420 3406 3713 
8572 3519 3616 1198 3712 
8573 1658 1659 1657 3805 
8574 1936 3608 3609 3623 
8575 1902 3395 1864 3456 
8576 711 2141 2142 2143 
8577 2443 2537 2352 3741 
8578 722 723 2150 2152 
8579 1153 2351 346 1125 
8580 598 2286 2293 599 
8581 2999 3545 3418 3683 
8582 1770 3468 3463 3662 
8583 2926 2924 2927 3713 
8584 2709 744 734 2169 
8585 2811 1998 3592 3690 
8586 3286 3479 3532 3693 
8587 2220 544 545 2219 
8588 144 3506 3445 3722 
8589 736 1282 890 2524 
8590 1860 3480 3429 3698 
8591 2522 2175 2243 3818 
8592 2284 2286 2612 598 
8593 3492 3494 2885 3504 
8594 620 2061 345 619 
8595 2357 1147 801 2525 
8596 2908 3603 3482 3617 
8597 144 3445 515 3722 
8598 426 3599 2704 3674 
8599 3219 3012 3413 3433 
8600 2997 3408 2967 3450 
8601 2274 2273 2275 585 
8602 1724 3529 3467 3589 
8603 988 2098 2100 655 
8604 3001 3454 3215 3804 
8605 3345 3602 3526 3612 
8606 3406 3670 1723 3829 
8607 2917 3150 3395 3456 
8608 870 929 3729 3785 
8609 2956 3286 3479 3532 
8610 2161 2156 727 2154 
8611 3267 3112 3252 3665 
8612 544 2220 2218 2219 
8613 3046 3404 3081 3435 
8614 2735 2351 2453 871 
8615 3514 3582 2880 3737 
8616 2137 705 706 2138 
8617 3165 3398 3532 3766 
8618 1866 3447 1558 3648 
8619 2307 2660 2327 602 
8620 655 653 2098 654 
8621 864 1147 801 2357 
8622 1628 3545 3407 3683 
8623 2915 3395 2914 3442 
8624 1653 3483 3580 3734 
8625 2271 2272 2270 581 
8626 894 956 2433 3759 
8627 3253 3211 3509 3542 
8628 2194 756 935 2193 
8629 212 213 447 3391 
8630 1653 3483 1696 3580 
8631 376 3616 3519 3712 
8632 1971 1933 3396 3767 
8633 1909 1698 3625 3626 
8634 2218 542 545 2219 
8635 2964 3240 3531 3587 
8636 9 3557 3484 3613 
8637 2259 2257 565 567 
8638 1049 581 2272 584 
8639 155 3621 3493 3695 
8640 1498 3510 1928 3588 
8641 1521 3466 1520 3665 
8642 1864 1668 3456 3704 
8643 3410 3448 1833 3676 
8644 1579 3452 3431 3632 
8645 2462 2344 2668 3762 
8646 380 3389 379 3607 
8647 2518 2126 693 691 
8648 536 535 1050 2211 
8649 2284 2295 2282 596 
8650 1556 3531 3416 3684 
8651 1890 3473 3419 3630 
8652 2142 712 711 2143 
8653 1657 1659 1660 3675 
8654 2916 3443 3395 3699 
8655 1642 3429 1860 3480 
8656 3395 3443 2916 3700 
8657 1613 1611 3528 3639 
8658 2443 2302 2537 1241 
8659 1702 1748 3491 3746 
8660 1873 3435 1566 3688 
8661 3285 3275 3439 3717 
8662 1569 3398 3587 3677 
8663 1773 3541 3403 3719 
8664 1583 1829 1862 3452 
8665 359 3565 3445 3614 
8666 1873 1869 3435 3495 
8667 555 2541 2229 2227 
8668 2161 727 728 2154 
8669 2141 712 711 2142 
8670 2993 3436 3004 3460 
8671 3355 3548 3498 3595 
8672 3413 3437 1587 3720 
8673 1686 3397 1685 3430 
8674 2162 728 730 2617 
8675 2092 2320 647 773 
8676 1930 3497 3478 3534 
8677 1568 1560 3531 3587 
8678 486 929 870 3785 
8679 894 2433 3687 3759 
8680 3060 3492 3196 3718 
8681 3258 3430 3185 3522 
8682 2338 3769 3722 3778 
8683 1902 3395 3456 3816 
8684 3161 3456 2917 3816 
8685 2909 3580 3145 3798 
8686 3090 3047 3435 3525 
8687 1788 3396 1787 3486 
8688 1961 1798 1912 3569 
8689 1269 553 806 2340 
8690 1707 1640 3546 3714 
8691 2959 2960 2961 3781 
8692 349 2865 2825 608 
8693 1603 3398 3547 3587 
8694 1064 563 561 2254 
8695 3081 3435 3404 3717 
8696 3403 3541 1773 3591 
8697 888 889 890 3690 
8698 2114 2117 687 688 
8699 2156 727 728 2161 
8700 2939 3529 3427 3721 
8701 1526 1527 1525 3705 
8702 2614 2654 2719 3806 
8703 1526 3517 3428 3705 
8704 699 791 987 2132 
8705 3301 3437 2990 3520 
8706 3395 3442 1861 3704 
8707 553 555 554 2227 
8708 3200 3387 3199 3397 
8709 798 801 2525 2177 
8710 764 1064 561 2318 
8711 3286 2968 3479 3693 
8712 2720 2126 693 2518 
8713 900 1235 991 3637 
8714 3449 1804 3536 3727 
8715 2949 2959 2958 3488 
8716 3182 2959 2973 3488 
8717 1515 1514 1764 3468 
8718 956 2753 2433 3759 
8719 3048 3034 3033 3636 
8720 2440 3638 3740 3821 
8721 3476 3537 3227 3581 
8722 1975 3595 3548 3756 
8723 1065 530 528 2546 
8724 2321 2121 691 689 
8725 2015 3570 2389 3744 
8726 2667 2374 2693 938 
8727 3255 3025 3077 3547 
8728 2961 3408 2966 3429 
8729 3582 3618 422 3682 
8730 1542 3399 1812 3438 
8731 1126 511 3680 3742 
8732 3494 3498 1920 3776 
8733 1690 3419 1692 3610 
8734 1115 2296 3784 3797 
8735 3018 3273 3046 3688 
8736 3287 3589 3403 3719 
8737 705 707 2139 2140 
8738 454 3548 3498 3637 
8739 2127 2126 695 2463 
8740 1984 3384 1915 3536 
8741 3000 3001 3215 3804 
8742 1764 1770 1901 3468 
8743 3383 3536 3384 3691 
8744 2524 1213 736 2170 
8745 2984 3431 3553 3736 
8746 1119 1227 2317 3785 
8747 875 3622 3570 3744 
8748 3039 3433 3535 3761 
8749 619 2061 1153 1119 
8750 589 587 590 3821 
8751 3481 3490 1925 3505 
8752 2159 722 2150 2152 
8753 3227 3476 3124 3537 
8754 1577 3452 1862 3826 
8755 697 699 2131 2132 
8756 1227 623 2779 938 
8757 806 2712 1046 3811 
8758 1693 1747 3533 3576 
8759 804 2251 861 3742 
8760 2951 3400 2947 3531 
8761 1635 3545 3418 3573 
8762 3004 3460 3436 3760 
8763 3073 3511 3426 3771 
8764 2150 2700 720 3759 
8765 167 166 1977 3389 
8766 2307 2660 603 601 
8767 555 553 2541 2227 
8768 706 2137 2138 2139 
8769 3506 3557 356 3613 
8770 3469 3553 2987 3683 
8771 467 3744 3628 3799 
8772 2685 2280 2282 3801 
8773 3223 3399 3446 3685 
8774 1983 1476 1960 3549 
8775 3380 3497 3478 3537 
8776 1721 3443 3395 3700 
8777 1721 3395 3443 3699 
8778 3223 3446 3399 3697 
8779 1223 3748 3739 3770 
8780 1064 563 2254 2256 
8781 1539 3521 1858 3676 
8782 1140 3695 806 3811 
8783 1927 3708 3578 3756 
8784 2161 728 725 2154 
8785 585 2277 2275 587 
8786 3170 3370 3510 3746 
8787 1556 3416 3531 3586 
8788 2227 2225 553 2340 
8789 2540 2332 2780 3778 
8790 1974 3385 1741 3574 
8791 3165 3677 3398 3766 
8792 3616 3706 859 3712 
8793 3395 3442 2915 3813 
8794 1529 3461 3424 3745 
8795 3008 3513 3468 3709 
8796 2825 8 608 610 
8797 1480 1967 3534 3655 
8798 3202 3469 3422 3518 
8799 3412 3020 3499 3709 
8800 2912 3483 3603 3704 
8801 3055 3068 3056 3535 
8802 463 3629 3643 3703 
8803 598 2612 2284 596 
8804 2308 602 2327 3806 
8805 801 864 2357 3818 
8806 3165 3532 2954 3766 
8807 3156 3441 3666 3749 
8808 2244 681 2110 3747 
8809 2934 3432 3053 3710 
8810 1753 1738 3585 3595 
8811 348 347 793 614 
8812 1577 3420 1575 3826 
8813 989 783 2751 2468 
8814 1645 3530 3569 3577 
8815 3399 3438 1542 3817 
8816 1891 3416 1847 3529 
8817 2177 952 801 2243 
8818 2364 2120 2321 1013 
8819 3042 3418 3545 3573 
8820 2956 3532 3479 3561 
8821 1858 1543 3410 3758 
8822 1854 3432 3697 3782 
8823 2709 732 967 2165 
8824 3198 3146 3013 3714 
8825 3220 2931 3524 3716 
8826 1861 3699 1609 3813 
8827 1691 3533 1747 3566 
8828 1965 1909 1910 3625 
8829 2066 8 1122 3800 
8830 2237 3763 770 3794 
8831 2279 589 591 590 
8832 2887 3357 3336 3534 
8833 3085 3545 3540 3573 
8834 3198 3014 3465 3714 
8835 347 793 1125 1302 
8836 1629 1893 3551 3723 
8837 192 3543 3507 3681 
8838 3473 3531 1560 3587 
8839 2362 1118 2735 3730 
8840 3170 3510 3664 3746 
8841 143 3557 3506 3613 
8842 2261 2262 567 569 
8843 2362 812 793 1118 
8844 3445 3614 515 3722 
8845 1971 3396 3540 3767 
8846 1785 1888 1720 3641 
8847 3161 2917 3700 3816 
8848 868 459 3598 3730 
8849 2226 550 552 2225 
8850 3133 3480 3503 3807 
8851 2612 671 1114 598 
8852 2139 2138 705 2140 
8853 1678 1862 1856 3702 
8854 3021 3299 3413 3437 
8855 2138 705 706 2139 
8856 2950 3415 3554 3731 
8857 2317 2061 2067 1119 
8858 600 598 2293 599 
8859 1930 1967 3497 3534 
8860 1628 3407 3545 3600 
8861 1214 535 2331 3799 
8862 595 2282 2283 593 
8863 1651 3555 3480 3698 
8864 1845 3455 3415 3645 
8865 1569 1568 1561 3677 
8866 3450 3546 1640 3714 
8867 1785 1720 3467 3641 
8868 1652 3482 3483 3603 
8869 662 2104 2102 990 
8870 143 3506 860 3613 
8871 814 2327 604 602 
8872 3445 3506 357 3722 
8873 2905 3391 3394 3774 
8874 1593 3408 1594 3450 
8875 1613 1631 3442 3603 
8876 2913 3162 3483 3734 
8877 2225 2224 551 2223 
8878 2268 574 1061 3784 
8879 1613 3442 3528 3603 
8880 2880 3582 3514 3625 
8881 620 2067 2061 1119 
8882 3221 3420 3296 3702 
8883 2148 956 720 2700 
8884 699 987 701 2134 
8885 915 914 769 2413 
8886 703 705 2137 2138 
8887 3041 3397 3040 3430 
8888 1760 3445 3509 3564 
8889 2928 3420 3220 3745 
8890 3294 2929 3292 3461 
8891 3237 3578 3708 3756 
8892 3133 3122 3480 3807 
8893 1818 1727 1744 3495 
8894 2261 2262 2259 567 
8895 2268 1061 574 576 
8896 2268 1061 2296 3784 
8897 1772 3517 1522 3795 
8898 2095 2098 2448 653 
8899 658 2100 657 655 
8900 3406 3441 1856 3670 
8901 3404 3439 1567 3824 
8902 695 694 693 2126 
8903 2964 3531 3473 3587 
8904 586 3740 2804 3768 
8905 536 2542 2212 2211 
8906 511 1155 861 3742 
8907 3298 3302 3462 3669 
8908 2924 3406 3444 3829 
8909 3407 3520 3477 3804 
8910 2914 3442 3395 3704 
8911 2983 3469 3202 3518 
8912 3322 2885 3504 3515 
8913 3049 3071 3453 3686 
8914 3191 3516 3189 3577 
8915 1648 1567 3439 3824 
8916 1962 3392 1485 3796 
8917 2084 2083 2082 641 
8918 3410 1836 3668 3731 
8919 1498 3510 3588 3825 
8920 979 641 2083 3762 
8921 1503 1934 180 3485 
8922 372 3657 3440 3701 
8923 1856 3441 3406 3702 
8924 741 1213 1186 2522 
8925 696 695 2130 2127 
8926 2176 740 742 2175 
8927 2719 3627 3789 3806 
8928 1979 3390 3507 3568 
8929 2984 3553 2985 3736 
8930 419 3328 418 3604 
8931 2462 2329 2078 3792 
8932 1926 3572 3487 3629 
8933 2004 416 3605 3637 
8934 3445 357 3614 3722 
8935 3241 3685 3262 3817 
8936 2087 2084 2519 643 
8937 1483 3514 3582 3625 
8938 2943 2947 3256 3684 
8939 2984 3431 2986 3553 
8940 713 712 2142 2143 
8941 3413 3433 1588 3822 
8942 2440 3703 3638 3801 
8943 3344 3232 3108 3602 
8944 1065 535 530 2209 
8945 3357 3336 3534 3655 
8946 1580 3425 3431 3673 
8947 706 703 705 2137 
8948 588 2277 585 587 
8949 1511 1514 1513 3709 
8950 588 2277 2275 585 
8951 1588 3433 3413 3720 
8952 2945 3676 3410 3758 
8953 1476 3510 3440 3588 
8954 2134 701 2133 2135 
8955 1860 1651 3480 3698 
8956 1549 1557 3459 3679 
8957 544 542 545 2218 
8958 1594 3450 3408 3738 
8959 3008 3007 3468 3513 
8960 1939 3560 1972 3620 
8961 2693 2779 2667 938 
8962 407 3390 406 3659 
8963 2112 2626 1014 3815 
8964 2274 2272 2273 584 
8965 1659 3455 1661 3675 
8966 2175 2174 740 2173 
8967 3082 3521 3438 3676 
8968 2413 769 915 2751 
8969 1958 3500 3571 3593 
8970 1751 3595 1975 3756 
8971 956 720 2700 3759 
8972 1580 3431 3425 3736 
8973 3487 3572 3339 3629 
8974 717 2149 2147 2148 
8975 655 2098 2097 654 
8976 3241 3438 3213 3710 
8977 863 487 215 3394 
8978 2959 3488 3448 3781 
8979 1760 3509 3445 3658 
8980 2110 2112 2626 1014 
8981 214 3394 3391 3774 
8982 3415 3668 1836 3731 
8983 2767 3732 2342 3806 
8984 3682 3737 450 3828 
8985 1693 1883 1747 3576 
8986 405 3507 3543 3681 
8987 1014 2626 3747 3815 
8988 9 3613 3484 3680 
8989 3163 3112 3466 3661 
8990 2889 3515 3582 3625 
8991 416 417 3498 3637 
8992 1743 3597 1962 3796 
8993 2933 3424 2932 3788 
8994 3259 3448 2945 3676 
8995 3181 3488 3455 3668 
8996 989 769 728 2161 
8997 3002 3477 3222 3720 
8998 3552 3608 1748 3746 
8999 1591 1589 3462 3666 
9000 192 895 3543 3681 
9001 647 2320 2090 645 
9002 1744 3495 1727 3597 
9003 1312 773 939 3808 
9004 642 2084 2082 641 
9005 3063 3258 3111 3645 
9006 576 2269 580 579 
9007 1814 1649 3446 3697 
9008 1575 3716 3420 3745 
9009 1841 1838 3464 3672 
9010 1536 3470 1538 3710 
9011 3451 3639 3528 3727 
9012 3026 3474 3027 3630 
9013 2256 570 563 565 
9014 614 2826 347 1125 
9015 3385 3526 2886 3598 
9016 3267 3513 3453 3665 
9017 1261 764 1043 3743 
9018 884 3743 2383 3750 
9019 2100 658 2102 3802 
9020 2539 2231 559 2235 
9021 2185 2184 13 2183 
9022 1899 3460 3436 3726 
9023 1046 2241 3755 3811 
9024 1511 3412 1512 3499 
9025 3140 3312 3141 3572 
9026 744 2709 967 3828 
9027 2950 3554 3260 3731 
9028 1842 3420 1876 3713 
9029 2654 2060 1197 606 
9030 2971 3405 3647 3726 
9031 3238 3495 3047 3575 
9032 1928 3510 1476 3588 
9033 3162 3456 3295 3734 
9034 180 3485 1934 3780 
9035 2405 2768 3637 3751 
9036 2461 2781 3678 3802 
9037 619 346 616 1125 
9038 1956 1925 3490 3505 
9039 1635 3540 3545 3573 
9040 3127 3515 3625 3626 
9041 1791 3566 3550 3610 
9042 1269 555 553 2541 
9043 3182 3488 3698 3805 
9044 1945 1755 3594 3631 
9045 3154 3441 2923 3670 
9046 2148 2147 717 2146 
9047 2094 652 2448 3814 
9048 3134 2875 3597 3796 
9049 1871 3424 3563 3788 
9050 590 3801 2280 3821 
9051 1937 1496 3490 3567 
9052 2185 1148 2449 2766 
9053 13 14 430 2185 
9054 414 3512 3619 3756 
9055 637 2080 2078 639 
9056 2614 2327 2654 3806 
9057 3063 3502 3455 3675 
9058 653 2097 2098 654 
9059 3275 3667 3205 3824 
9060 1812 3438 3399 3710 
9061 213 214 892 3391 
9062 2940 3457 3427 3758 
9063 602 2660 2327 603 
9064 838 1185 2181 2249 
9065 762 936 935 2540 
9066 616 2860 346 619 
9067 616 618 2860 619 
9068 1576 3489 1575 3716 
9069 3037 3171 3463 3468 
9070 2847 2861 2871 612 
9071 1671 1661 1659 3455 
9072 2768 2405 2733 3751 
9073 3179 3308 3309 3576 
9074 2950 3415 3186 3554 
9075 1663 3540 3486 3545 
9076 2530 526 522 2202 
9077 2104 2300 2102 990 
9078 2924 3444 2922 3829 
9079 862 3619 3512 3756 
9080 952 2243 2175 3818 
9081 2078 637 639 785 
9082 2226 2224 550 2225 
9083 2098 988 653 655 
9084 1871 3563 1857 3788 
9085 1586 1587 3437 3720 
9086 2812 3650 2594 3772 
9087 2617 2162 728 2161 
9088 3424 1785 3563 3641 
9089 1965 1910 3582 3625 
9090 862 3512 201 3756 
9091 1925 3490 3481 3567 
9092 2617 728 769 2161 
9093 2079 2080 2078 638 
9094 3412 3453 1513 3686 
9095 1585 3666 3441 3749 
9096 2370 3643 3629 3703 
9097 3048 3491 3423 3636 
9098 1613 3528 1631 3603 
9099 3613 3680 2394 3742 
9100 2709 744 2417 3690 
9101 1122 2353 768 3800 
9102 3422 3469 3202 3723 
9103 680 2109 2108 681 
9104 2237 2591 2542 3763 
9105 691 2518 2321 811 
9106 1295 510 1147 3652 
9107 1477 3538 1945 3594 
9108 3303 3304 3528 3727 
9109 3297 3489 3452 3673 
9110 3628 3744 2015 3799 
9111 1702 3423 3491 3636 
9112 612 2871 2847 610 
9113 2878 3417 3343 3543 
9114 3047 3045 3435 3495 
9115 580 2269 2270 579 
9116 3001 3477 3454 3804 
9117 2824 1222 1148 2185 
9118 3479 3532 1574 3561 
9119 3426 1655 3555 3771 
9120 2161 725 989 2468 
9121 2295 2284 2612 596 
9122 936 520 935 2332 
9123 1613 3528 3442 3639 
9124 2327 604 602 603 
9125 988 2100 658 655 
9126 587 586 1047 3821 
9127 2302 2537 1241 631 
9128 3136 3475 3392 3660 
9129 2278 2276 2277 587 
9130 550 548 551 2224 
9131 3351 3217 3100 3574 
9132 3422 3551 1893 3723 
9133 1574 3561 3532 3766 
9134 3075 3435 3081 3717 
9135 1863 1622 3479 3753 
9136 3221 3420 3702 3826 
9137 1508 3494 1920 3776 
9138 484 3558 855 3703 
9139 1513 3453 3412 3709 
9140 1665 1666 1664 3486 
9141 3272 3499 3020 3709 
9142 3454 3477 1797 3804 
9143 2940 3427 3457 3721 
9144 740 738 741 2173 
9145 2060 2654 2365 606 
9146 671 3732 1134 3806 
9147 2144 715 713 2145 
9148 2898 3487 3490 3559 
9149 2807 2709 2415 3828 
9150 2989 2987 2999 3683 
9151 866 3481 173 3584 
9152 1668 3456 3704 3734 
9153 1867 1590 3477 3720 
9154 1602 1588 3433 3822 
9155 3078 3476 3547 3590 
9156 2549 2259 2262 567 
9157 801 2243 952 3818 
9158 689 687 2120 688 
9159 764 881 1309 3701 
9160 1635 3418 1868 3573 
9161 2077 2537 2074 633 
9162 2159 2468 724 2152 
9163 548 1046 551 2223 
9164 3412 1762 3496 3686 
9165 3044 3198 3014 3465 
9166 1308 783 826 3682 
9167 812 2066 1122 3800 
9168 638 2080 2078 637 
9169 1891 1630 1892 3529 
9170 541 540 542 2217 
9171 1014 2110 2112 682 
9172 870 3729 937 3785 
9173 2338 3722 2718 3778 
9174 604 2327 2365 603 
9175 3341 3538 3594 3631 
9176 3049 3071 3019 3453 
9177 1577 1578 1579 3489 
9178 1576 1577 1575 3489 
9179 586 3740 1047 3821 
9180 2895 406 3390 3507 
9181 3219 3669 3039 3822 
9182 3199 3397 3387 3803 
9183 1642 1860 1651 3480 
9184 738 736 1213 2170 
9185 2104 677 2106 3827 
9186 1758 3530 3593 3783 
9187 1948 1920 3498 3776 
9188 2130 697 2131 2132 
9189 2114 2450 2112 685 
9190 1478 3494 1506 3504 
9191 2766 2183 1185 2249 
9192 1122 768 2353 608 
9193 985 3733 984 3751 
9194 707 705 985 2140 
9195 985 816 712 3751 
9196 1707 1640 1706 3546 
9197 1788 3486 1699 3540 
9198 3251 2962 3459 3671 
9199 1490 3504 1506 3515 
9200 2106 663 678 677 
9201 2966 3429 3408 3738 
9202 687 2114 688 686 
9203 2810 3741 2352 3792 
9204 2979 3464 2980 3672 
9205 1703 1693 3533 3576 
9206 3323 3490 2898 3567 
9207 2327 2654 814 604 
9208 3216 3454 3268 3601 
9209 1804 1915 3449 3536 
9210 722 723 721 2150 
9211 1498 3552 3510 3825 
9212 1767 3421 1519 3760 
9213 1563 1559 3447 3667 
9214 3204 3188 3006 3662 
9215 3193 3530 3189 3577 
9216 402 3478 401 3656 
9217 1483 210 3582 3737 
9218 2092 2320 2090 647 
9219 1955 1935 3385 3387 
9220 1885 1647 1619 3471 
9221 8 2825 2871 610 
9222 3311 3501 3450 3546 
9223 798 2178 2176 2177 
9224 1935 1503 179 3485 
9225 3376 3595 3578 3756 
9226 1223 2428 3748 3770 
9227 1655 1729 3555 3771 
9228 3419 3533 3178 3611 
9229 691 693 2518 1234 
9230 1997 3762 3649 3792 
9231 2912 2913 3483 3704 
9232 2390 3622 3565 3777 
9233 3001 3477 3011 3544 
9234 3396 3539 1481 3570 
9235 1792 1723 3670 3829 
9236 1114 2295 2612 596 
9237 2100 2099 657 655 
9238 2113 2114 2112 685 
9239 1598 1597 1606 3508 
9240 814 3806 922 3820 
9241 3187 3226 3457 3692 
9242 1967 1907 3497 3655 
9243 1604 3450 1594 3738 
9244 2103 2102 659 662 
9245 2113 2114 685 686 
9246 1658 1717 1845 3488 
9247 1716 1658 1656 3488 
9248 663 2107 2106 678 
9249 3154 3155 2923 3441 
9250 2968 3508 3479 3693 
9251 1933 3539 3396 3767 
9252 888 3592 447 3690 
9253 173 460 172 3481 
9254 769 2413 914 3828 
9255 3343 3543 3417 3581 
9256 376 3519 375 3712 
9257 2924 3444 3406 3713 
9258 2150 723 721 2152 
9259 2169 734 2709 2166 
9260 2741 3701 2318 3752 
9261 1882 1662 1639 3546 
9262 1614 1861 3442 3704 
9263 615 2870 2826 616 
9264 1692 3419 1694 3533 
9265 2263 573 569 572 
9266 2918 2916 3443 3700 
9267 2890 3389 380 3558 
9268 3121 3555 3122 3807 
9269 3201 3199 3354 3803 
9270 1537 3427 1540 3521 
9271 145 515 144 3445 
9272 2779 1227 938 3785 
9273 803 1222 861 2187 
9274 3419 1694 3533 3611 
9275 2086 2084 644 643 
9276 2152 2468 725 2154 
9277 517 3614 3651 3769 
9278 3259 2949 2945 3448 
9279 659 2102 2101 658 
9280 1753 3585 1510 3776 
9281 861 2761 2251 2824 
9282 1665 1666 3486 3601 
9283 756 2194 2195 2193 
9284 680 2108 2109 678 
9285 2276 587 2278 3821 
9286 1658 3455 1659 3805 
9287 1658 3426 1656 3805 
9288 846 166 3389 3607 
9289 208 1965 209 3618 
9290 1895 3473 1572 3779 
9291 1724 3467 3529 3563 
9292 3204 3458 3188 3662 
9293 1661 3612 1660 3675 
9294 730 732 2164 2165 
9295 2668 2462 3762 3792 
9296 1702 3491 3423 3746 
9297 3565 3614 2437 3651 
9298 609 2825 2865 608 
9299 2258 2255 564 2257 
9300 3440 3510 3350 3588 
9301 542 540 1052 2217 
9302 3150 3456 3162 3734 
9303 979 665 641 3762 
9304 2028 2370 3629 3703 
9305 2935 3470 3228 3521 
9306 3434 1572 3587 3779 
9307 712 713 711 2143 
9308 3389 3558 2890 3583 
9309 1476 3510 1960 3549 
9310 2370 2444 2371 3643 
9311 3481 3567 385 3627 
9312 3548 3619 202 3756 
9313 2094 2092 986 3808 
9314 3183 3181 3455 3668 
9315 2127 695 2130 2463 
9316 3470 3521 2935 3788 
9317 922 3789 3627 3806 
9318 1742 1706 3546 3660 
9319 2932 3424 2930 3524 
9320 1567 3439 3404 3717 
9321 1653 3580 1697 3734 
9322 1588 1867 3433 3720 
9323 1277 3689 1141 3706 
9324 3305 3164 3501 3503 
9325 804 936 762 2540 
9326 1674 1675 3401 3819 
9327 3403 1863 3561 3753 
9328 585 2273 583 584 
9329 3257 3226 3692 3721 
9330 3535 3542 1811 3596 
9331 2132 2130 697 2250 
9332 888 887 447 3592 
9333 2613 2751 783 2468 
9334 2147 2145 717 2146 
9335 1534 1857 3470 3788 
9336 3434 3547 1826 3590 
9337 3370 3552 3510 3746 
9338 3284 3286 2972 3532 
9339 1663 1699 3540 3545 
9340 2779 938 2693 3785 
9341 3021 3437 3413 3720 
9342 3297 3452 3030 3673 
9343 2318 2254 561 2539 
9344 1046 2712 2223 3811 
9345 1903 3412 1762 3496 
9346 715 717 2145 2146 
9347 536 2212 2210 2211 
9348 2152 721 2150 2151 
9349 2216 541 542 2217 
9350 3005 3004 3436 3760 
9351 447 3391 213 3599 
9352 562 560 2234 2253 
9353 3440 3657 464 3701 
9354 2281 2283 2282 593 
9355 651 2097 653 654 
9356 2178 799 743 2179 
9357 569 567 2261 568 
9358 653 2095 2097 651 
9359 1925 3481 172 3567 
9360 2895 3507 3390 3568 
9361 360 3565 2390 3622 
9362 1046 2223 2241 3811 
9363 3028 3414 3076 3522 
9364 551 553 552 2225 
9365 561 559 764 2539 
9366 814 2327 602 3806 
9367 3228 3521 3470 3710 
9368 1723 1792 1878 3444 
9369 3558 3629 855 3703 
9370 3364 2885 3492 3494 
9371 1770 3463 3468 3585 
9372 1831 3429 1837 3738 
9373 1492 3498 203 3548 
9374 1223 954 749 3770 
9375 411 3500 3707 3748 
9376 830 1225 1040 3703 
9377 3166 3491 3608 3746 
9378 2824 861 1222 2187 
9379 2066 812 2362 3800 
9380 714 816 991 3751 
9381 1758 3593 3571 3783 
9382 1958 1913 3500 3593 
9383 3609 3623 3315 3646 
9384 798 799 743 2178 
9385 3486 3540 3086 3545 
9386 3440 1932 3560 3791 
9387 3287 3467 3589 3719 
9388 3084 3254 3263 3545 
9389 3490 3505 3121 3555 
9390 3048 3423 3491 3746 
9391 685 2113 686 684 
9392 3147 3528 2911 3603 
9393 2984 2986 2985 3553 
9394 1781 1629 1893 3551 
9395 3419 3533 1692 3610 
9396 1756 3527 3594 3631 
9397 3578 3595 1751 3756 
9398 3119 3517 3428 3541 
9399 741 2522 1186 3818 
9400 454 3605 3548 3637 
9401 2193 758 2194 2191 
9402 3200 3397 3061 3574 
9403 2815 1997 2668 3792 
9404 1733 3564 3509 3601 
9405 1702 1835 1748 3746 
9406 551 552 550 2225 
9407 3306 3445 3509 3658 
9408 3204 3458 3436 3726 
9409 1611 1803 3528 3727 
9410 742 952 801 2177 
9411 2120 2450 2114 687 
9412 405 3681 3543 3773 
9413 2117 2120 687 688 
9414 773 3725 939 3808 
9415 3425 3431 2984 3736 
9416 3306 2874 3445 3658 
9417 879 3657 3650 3752 
9418 1843 1833 3448 3676 
9419 1851 3446 1649 3685 
9420 3102 3115 3527 3644 
9421 3191 3530 3516 3577 
9422 2976 3464 2977 3782 
9423 3230 3419 3178 3611 
9424 2886 3385 3351 3526 
9425 1785 3467 1724 3563 
9426 2131 698 697 2130 
9427 2984 3431 3425 3673 
9428 2667 2779 2068 938 
9429 1904 3496 1762 3686 
9430 2959 3429 2973 3781 
9431 1879 3477 3520 3804 
9432 3452 3489 3297 3826 
9433 1855 3469 3422 3723 
9434 2175 742 2176 2177 
9435 1581 3431 1839 3632 
9436 1887 3535 3433 3761 
9437 2362 2066 348 812 
9438 2208 530 534 2209 
9439 3146 3311 3013 3546 
9440 680 2107 679 678 
9441 2295 2612 2371 1114 
9442 689 2120 2121 688 
9443 2114 2117 2120 687 
9444 3498 3548 1492 3595 
9445 888 887 3592 3690 
9446 1535 3524 3432 3716 
9447 3429 3480 1642 3738 
9448 3191 3189 3530 3577 
9449 1879 3477 1849 3520 
9450 3058 3547 3025 3590 
9451 2277 2279 2278 589 
9452 3060 3412 3499 3718 
9453 3565 3622 360 3790 
9454 643 644 2086 645 
9455 559 561 2234 2539 
9456 3000 3477 3001 3804 
9457 2110 2111 682 680 
9458 2068 2067 622 623 
9459 720 2150 2148 2700 
9460 2268 2543 2265 574 
9461 2108 678 681 1044 
9462 2070 2072 2302 631 
9463 3253 3509 3268 3544 
9464 2734 2334 3768 3797 
9465 3386 3523 1946 3576 
9466 1887 3433 1735 3544 
9467 2934 3212 3470 3710 
9468 171 3487 1496 3567 
9469 2258 2259 2257 565 
9470 3428 3517 1772 3541 
9471 1042 2160 2143 2145 
9472 537 536 2212 2210 
9473 1721 3443 1646 3699 
9474 3257 3692 3416 3721 
9475 1674 1875 1675 3819 
9476 741 742 740 2175 
9477 2991 3407 2988 3520 
9478 1787 3409 1786 3601 
9479 3132 3121 3122 3807 
9480 3086 3540 3085 3545 
9481 1889 3474 1872 3522 
9482 3580 3625 1698 3626 
9483 2283 2281 594 593 
9484 3133 3132 3122 3807 
9485 534 530 535 2209 
9486 3199 3387 3354 3803 
9487 1775 3466 1521 3661 
9488 608 8 1122 610 
9489 1936 1749 3623 3646 
9490 3285 3275 3205 3439 
9491 145 3445 476 3614 
9492 2152 723 721 2151 
9493 1772 3541 3517 3795 
9494 2074 632 634 633 
9495 791 2770 2132 3770 
9496 645 647 2320 773 
9497 1725 1890 3419 3630 
9498 202 3619 862 3756 
9499 1562 1563 1559 3447 
9500 3455 3488 3181 3805 
9501 1148 2449 2824 2185 
9502 3440 3510 1476 3549 
9503 1964 3516 1739 3708 
9504 3389 3392 3359 3562 
9505 1222 1148 861 2824 
9506 2970 3405 2992 3591 
9507 3000 3215 3600 3804 
9508 346 2061 2351 1153 
9509 2654 2060 2354 3820 
9510 2963 2951 2946 3531 
9511 2654 1197 2060 3820 
9512 1474 3526 3385 3598 
9513 657 2101 2100 658 
9514 1197 814 2654 604 
9515 525 523 522 2201 
9516 1544 3457 3427 3721 
9517 1782 3516 3530 3577 
9518 1804 3449 1801 3727 
9519 2742 3703 2440 3801 
9520 1550 3459 1557 3671 
9521 1817 3398 3532 3696 
9522 171 873 170 3643 
9523 1764 3436 1769 3513 
9524 2543 574 2268 3784 
9525 206 205 1478 3604 
9526 1708 1652 3482 3798 
9527 2258 2259 565 566 
9528 1539 3438 3521 3676 
9529 1533 1534 3470 3524 
9530 3318 3579 3543 3581 
9531 3457 3554 3187 3692 
9532 2110 2244 2108 681 
9533 2143 713 1042 2145 
9534 730 732 731 2164 
9535 2980 2979 2978 3464 
9536 3357 3497 3472 3655 
9537 3223 3446 3207 3685 
9538 2462 2078 785 3792 
9539 2919 3443 2916 3699 
9540 361 360 3622 3790 
9541 2972 3532 3398 3696 
9542 3484 3557 3337 3691 
9543 3232 3511 3108 3602 
9544 1760 1950 3445 3564 
9545 2959 3448 2960 3781 
9546 738 1213 741 2173 
9547 2286 2293 2612 598 
9548 3560 1972 3620 3791 
9549 2896 425 3391 3592 
9550 1926 1947 3559 3572 
9551 3060 3412 3020 3499 
9552 2898 3487 384 3567 
9553 3303 3068 3304 3727 
9554 540 538 539 2215 
9555 1939 3519 3560 3620 
9556 1483 211 210 3737 
9557 1997 3735 3649 3762 
9558 2362 347 2735 793 
9559 178 1935 179 3615 
9560 3033 3551 3422 3723 
9561 2251 804 2780 3778 
9562 523 525 2200 2201 
9563 2228 552 554 2227 
9564 3194 3371 3593 3783 
9565 598 1114 2612 596 
9566 3136 3475 3066 3597 
9567 1604 3501 3450 3738 
9568 193 1979 194 3390 
9569 876 3744 467 3799 
9570 3282 3281 3423 3525 
9571 937 938 870 3785 
9572 399 2903 3386 3655 
9573 172 3481 460 3627 
9574 3184 3415 3111 3645 
9575 3264 3273 3447 3667 
9576 2084 2086 2519 643 
9577 1681 3403 1863 3561 
9578 1981 186 3386 3534 
9579 2660 2365 2327 603 
9580 641 2083 639 979 
9581 3570 3622 2389 3744 
9582 3300 3431 3159 3632 
9583 685 2112 2113 684 
9584 155 886 3621 3695 
9585 699 697 791 2132 
9586 3306 3381 2874 3658 
9587 484 3638 3558 3703 
9588 3152 3462 3302 3666 
9589 2020 235 236 1381 
9590 2259 2261 567 568 
9591 359 2437 3565 3614 
9592 2632 275 276 1409 
9593 2413 2617 769 2751 
9594 2950 3186 3260 3554 
9595 3417 3476 3343 3581 
9596 3473 3531 2964 3586 
9597 243 244 2635 1386 
9598 1835 3552 1748 3746 
9599 381 3629 3558 3703 
9600 1983 3440 1476 3549 
9601 346 347 2826 1125 
9602 3083 3529 3467 3563 
9603 2269 2271 2270 579 
9604 3243 3460 3541 3591 
9605 2661 236 237 1405 
9606 3687 3759 2410 3786 
9607 638 2080 637 639 
9608 2468 2161 725 2154 
9609 2181 1187 838 2178 
9610 1842 3420 3713 3745 
9611 2709 3690 2415 3828 
9612 725 723 2152 2154 
9613 1997 2815 3735 3762 
9614 892 213 3391 3599 
9615 1846 3415 1853 3645 
9616 3103 3357 3472 3655 
9617 2810 2352 2760 3792 
9618 347 346 2351 1125 
9619 428 2783 1996 3674 
9620 1477 3571 3538 3594 
9621 2189 762 760 2191 
9622 1847 3416 3692 3721 
9623 662 677 2104 3827 
9624 3022 3243 3460 3541 
9625 2112 685 2450 3815 
9626 384 3567 3487 3643 
9627 608 606 350 607 
9628 967 744 732 2709 
9629 428 1996 3652 3674 
9630 3496 3686 1904 3734 
9631 240 239 1388 2696 
9632 2362 348 347 793 
9633 616 2826 615 614 
9634 3514 3592 3320 3765 
9635 3453 3513 1518 3665 
9636 3094 3090 3095 3525 
9637 1509 3494 1508 3499 
9638 357 358 3445 3614 
9639 534 2210 2208 2209 
9640 1618 1619 3471 3525 
9641 1785 1871 3424 3563 
9642 1838 3425 1580 3673 
9643 2327 814 2654 3806 
9644 1828 3434 1572 3587 
9645 2179 743 2178 2176 
9646 1628 3545 1663 3600 
9647 3722 3769 852 3778 
9648 521 523 2197 2201 
9649 1537 1538 1536 3470 
9650 1534 1857 1537 3470 
9651 798 743 742 2176 
9652 988 658 2100 3802 
9653 476 3614 3565 3651 
9654 1573 3561 1574 3766 
9655 3120 3289 3467 3641 
9656 387 3481 386 3627 
9657 1742 3546 3583 3660 
9658 2374 2667 2302 788 
9659 2023 230 231 1349 
9660 2912 3603 3442 3704 
9661 1626 1628 3407 3683 
9662 1048 1250 829 3638 
9663 3133 3559 3132 3807 
9664 804 861 1155 3742 
9665 1042 713 716 2145 
9666 2983 2985 3469 3736 
9667 563 1064 570 2256 
9668 3010 3403 3287 3589 
9669 2257 2255 564 565 
9670 1724 3529 1892 3563 
9671 2126 2518 2123 691 
9672 3110 3555 3426 3698 
9673 2067 620 623 1119 
9674 3069 3496 3412 3718 
9675 2085 2084 642 644 
9676 2912 3483 2910 3603 
9677 2094 986 652 3808 
9678 2079 2078 2076 637 
9679 3102 3310 3115 3644 
9680 2101 657 659 658 
9681 3565 3651 2016 3777 
9682 3200 3385 3334 3387 
9683 1721 1711 3443 3700 
9684 1589 1592 3462 3669 
9685 400 3478 3534 3656 
9686 3278 3287 3403 3719 
9687 238 237 1356 2054 
9688 2145 2144 715 2146 
9689 2087 3762 665 3809 
9690 1836 1833 3410 3668 
9691 2093 2092 2091 649 
9692 3075 3169 3471 3717 
9693 3308 3180 3277 3566 
9694 2060 768 606 608 
9695 3119 3087 3517 3541 
9696 2094 3808 652 3814 
9697 1936 1749 3608 3623 
9698 1697 3580 3496 3734 
9699 636 2079 2076 637 
9700 1982 3509 1733 3564 
9701 3103 3472 3357 3497 
9702 2094 2805 2092 3808 
9703 2411 3618 2409 3786 
9704 1772 3428 1526 3517 
9705 528 526 752 2205 
9706 174 866 173 3584 
9707 868 871 459 3730 
9708 1481 3396 1933 3539 
9709 171 3567 873 3643 
9710 2149 717 720 2148 
9711 202 862 201 3756 
9712 359 3565 2437 3651 
9713 1948 1508 1920 3776 
9714 2325 3784 3712 3823 
9715 1672 3502 1671 3645 
9716 3119 3428 3087 3541 
9717 2160 1042 716 2145 
9718 2376 381 3558 3703 
9719 2217 2215 540 2237 
9720 3355 416 3498 3548 
9721 1210 3478 189 3579 
9722 2231 2230 556 2229 
9723 3016 3459 2962 3679 
9724 743 798 2178 2176 
9725 2871 2825 2847 610 
9726 2084 2085 2086 644 
9727 2912 3442 2914 3704 
9728 3166 3608 3314 3746 
9729 936 2332 2540 3778 
9730 2120 2117 2121 688 
9731 3165 3398 2972 3532 
9732 1628 1663 1664 3600 
9733 956 1315 720 3759 
9734 3467 3563 1785 3641 
9735 3401 1676 3644 3757 
9736 1615 1580 3425 3736 
9737 2618 3485 392 3615 
9738 3027 3419 2996 3630 
9739 3203 3202 3422 3518 
9740 2219 2218 542 2217 
9741 2132 2250 697 3770 
9742 2537 2077 2352 633 
9743 3052 3048 3423 3636 
9744 3388 3609 2891 3646 
9745 1835 1701 1752 3746 
9746 1539 1541 3438 3676 
9747 2954 3532 3561 3766 
9748 3037 3468 3463 3585 
9749 552 2226 2225 2227 
9750 1922 3543 3579 3581 
9751 556 558 2230 2231 
9752 1560 3531 3473 3586 
9753 3358 3550 3402 3566 
9754 1283 1257 880 3772 
9755 1679 1856 3441 3670 
9756 9 355 3557 3613 
9757 2351 2735 347 1302 
9758 1529 3424 1531 3745 
9759 2257 564 2258 565 
9760 2197 2538 521 2201 
9761 1944 3478 3537 3579 
9762 3240 3531 3587 3677 
9763 914 3682 450 3828 
9764 915 769 989 2751 
9765 1849 3520 3477 3720 
9766 2027 274 275 1378 
9767 2646 311 312 1455 
9768 387 3584 3481 3627 
9769 725 989 728 2161 
9770 3225 3517 3661 3705 
9771 1903 3412 3496 3718 
9772 1836 3410 1859 3731 
9773 1672 3430 3502 3645 
9774 385 3481 3353 3567 
9775 1791 1691 3566 3610 
9776 769 730 728 2617 
9777 2954 3561 3400 3766 
9778 335 336 1994 1466 
9779 3266 3466 3112 3665 
9780 3083 3467 3245 3563 
9781 2187 1222 2824 2185 
9782 3332 3484 3337 3691 
9783 3338 3500 3368 3593 
9784 2968 2969 2957 3479 
9785 3272 3468 3037 3585 
9786 1879 3520 1722 3804 
9787 2099 2101 2100 657 
9788 644 2084 642 643 
9789 3286 2968 2956 3479 
9790 1640 1604 1639 3501 
9791 1702 3423 1701 3746 
9792 1948 1753 1510 3776 
9793 2940 3427 2937 3758 
9794 2183 14 2185 2766 
9795 2095 653 652 651 
9796 2290 2273 2271 583 
9797 3432 3524 2931 3716 
9798 3136 3137 3475 3660 
9799 2078 2079 638 637 
9800 1504 3526 3393 3602 
9801 1990 315 316 1464 
9802 1785 1724 1892 3563 
9803 1731 3505 3490 3555 
9804 2165 2164 730 2162 
9805 2462 979 3762 3792 
9806 1834 3426 1657 3511 
9807 1972 3560 1501 3791 
9808 1647 3422 1779 3715 
9809 246 247 2649 1362 
9810 2095 2097 2098 653 
9811 3031 3446 3223 3697 
9812 2732 3599 1998 3690 
9813 1886 3529 3589 3684 
9814 2991 3001 3000 3477 
9815 3002 2991 3222 3477 
9816 714 715 713 2144 
9817 2997 2967 2998 3450 
9818 1823 1822 3537 3590 
9819 1585 1586 1587 3437 
9820 740 2176 2174 2175 
9821 1897 1572 3434 3779 
9822 1898 1863 3403 3753 
9823 2376 3558 3638 3703 
9824 2911 3148 3442 3528 
9825 3392 3475 1726 3660 
9826 1326 3681 1205 3773 
9827 725 724 989 2468 
9828 3241 3262 3213 3438 
9829 2911 3528 3442 3603 
9830 1676 3401 1612 3757 
9831 798 742 801 2177 
9832 552 2228 2226 2227 
9833 3197 3196 3060 3492 
9834 3143 3339 3559 3572 
9835 409 410 3571 3707 
9836 3294 3428 3119 3705 
9837 3265 3648 2998 3671 
9838 606 2365 350 605 
9839 345 2067 2061 620 
9840 414 3619 3512 3754 
9841 680 682 2110 681 
9842 1989 310 311 1436 
9843 3112 3665 3421 3760 
9844 2972 3398 3274 3696 
9845 1725 1690 1889 3474 
9846 2462 979 2344 3762 
9847 1875 3476 1675 3819 
9848 1855 3469 1714 3518 
9849 2936 3427 2939 3563 
9850 2320 2519 2090 645 
9851 560 562 2234 2254 
9852 1683 1773 3403 3719 
9853 238 239 2677 1403 
9854 1185 448 2181 2183 
9855 1939 1501 1972 3560 
9856 1785 3424 1530 3641 
9857 1663 1699 3486 3540 
9858 2296 2270 2547 3797 
9859 1812 1538 3438 3710 
9860 1490 1506 1949 3515 
9861 2253 2234 562 2254 
9862 1678 3420 1577 3826 
9863 2439 2737 2320 3725 
9864 2548 650 2093 648 
9865 3227 3078 3124 3476 
9866 1850 3441 1585 3666 
9867 2972 3284 3532 3696 
9868 696 695 697 2130 
9869 804 936 2540 3778 
9870 1941 1811 3542 3596 
9871 3107 3073 3426 3771 
9872 3265 3447 3648 3671 
9873 2965 3473 2964 3586 
9874 606 604 2365 605 
9875 637 785 2078 3792 
9876 3306 3509 3381 3658 
9877 2264 2324 2262 3823 
9878 2224 551 550 2225 
9879 1517 3453 1518 3665 
9880 2000 2414 3737 3828 
9881 3148 3153 3442 3639 
9882 3247 3454 3216 3601 
9883 582 2290 2271 583 
9884 3089 3471 3276 3715 
9885 680 2110 2109 681 
9886 3219 3039 3012 3433 
9887 658 659 2102 990 
9888 1831 1865 1837 3429 
9889 1863 1622 1597 3479 
9890 717 715 1229 2146 
9891 1521 1775 1520 3466 
9892 2067 2068 2779 623 
9893 2138 2137 703 2135 
9894 1598 3508 1606 3647 
9895 3284 3401 3286 3693 
9896 2896 3320 425 3592 
9897 2302 1241 788 631 
9898 3215 3454 3247 3600 
9899 3269 3187 3414 3692 
9900 3481 3584 866 3627 
9901 1651 1656 3426 3698 
9902 649 2093 650 648 
9903 3478 3579 1210 3656 
9904 481 3707 3500 3748 
9905 861 804 803 2251 
9906 688 2114 2117 686 
9907 1062 1283 1063 3772 
9908 1516 1513 3453 3686 
9909 2937 2935 3521 3788 
9910 3417 3476 1875 3819 
9911 357 3445 2874 3506 
9912 1756 3527 3411 3594 
9913 1658 3488 3455 3805 
9914 2189 2540 762 2191 
9915 3454 3600 3215 3804 
9916 3550 3566 3277 3610 
9917 3429 3480 3229 3698 
9918 2111 2112 682 684 
9919 386 3481 385 3627 
9920 2132 697 791 3770 
9921 1953 1496 3487 3559 
9922 1606 1620 3647 3726 
9923 671 1134 1121 3806 
9924 2406 3604 2768 3687 
9925 1897 1895 1572 3779 
9926 838 801 1147 2525 
9927 2112 685 682 684 
9928 1611 3639 3451 3727 
9929 536 537 534 2210 
9930 583 2273 2271 581 
9931 3287 3120 3467 3719 
9932 3253 3091 3542 3761 
9933 3103 3360 3357 3655 
9934 1819 3398 1817 3696 
9935 3099 3098 3540 3646 
9936 1198 3616 859 3712 
9937 2291 2562 2256 3752 
9938 3201 3402 3550 3803 
9939 2221 2744 2219 3755 
9940 1855 3422 1893 3723 
9941 742 743 740 2176 
9942 3222 3437 3021 3720 
9943 3505 3555 1729 3771 
9944 685 1014 2112 682 
9945 3117 3114 3411 3757 
9946 1629 3551 3418 3723 
9947 2963 2964 3531 3586 
9948 663 2105 661 662 
9949 1492 3548 1975 3595 
9950 212 3391 3592 3765 
9951 1803 1613 1611 3528 
9952 2966 3229 3429 3738 
9953 3332 3383 3384 3691 
9954 3472 3497 1907 3655 
9955 2954 3400 2952 3766 
9956 3043 3001 3011 3544 
9957 2993 3204 3436 3726 
9958 1702 1638 3423 3636 
9959 172 460 3567 3627 
9960 2953 3400 2954 3561 
9961 3286 3508 2968 3693 
9962 558 557 556 2230 
9963 1628 1881 3407 3600 
9964 463 855 3629 3703 
9965 1241 903 633 3741 
9966 2931 3432 2934 3524 
9967 3138 3359 3389 3392 
9968 3165 2954 3677 3766 
9969 1672 1686 1685 3430 
9970 1814 1649 1851 3446 
9971 270 269 1371 2026 
9972 2976 2975 3432 3782 
9973 421 422 3618 3682 
9974 3127 3625 3580 3626 
9975 2944 3410 2950 3731 
9976 1014 2110 682 681 
9977 3005 3436 3513 3760 
9978 3614 3722 2338 3769 
9979 3493 3552 3362 3608 
9980 614 347 793 1125 
9981 3070 3451 3039 3822 
9982 1040 2295 1114 596 
9983 1741 3574 3526 3612 
9984 1613 1636 1631 3528 
9985 1797 1867 1590 3477 
9986 1630 1544 3427 3721 
9987 1661 3502 3612 3675 
9988 3029 3422 3202 3723 
9989 3309 3523 3374 3576 
9990 2154 726 723 2153 
9991 1631 3442 3603 3704 
9992 1898 3403 1773 3591 
9993 632 2074 2537 633 
9994 2978 2982 3425 3673 
9995 1636 1631 3528 3603 
9996 3349 2882 3384 3394 
9997 1560 3473 1555 3586 
9998 1556 1554 3416 3586 
9999 3565 3622 485 3777 
10000 3008 3453 3513 3709 
10001 2912 2913 2910 3483 
10002 641 642 2084 643 
10003 1561 3400 1570 3677 
10004 3321 3538 3341 3631 
10005 580 1115 1049 3797 
10006 583 2271 582 581 
10007 2874 3506 3445 3658 
10008 2222 548 549 2224 
10009 583 2491 2275 585 
10010 723 2152 2154 2153 
10011 1866 1593 3450 3648 
10012 2272 2271 2273 581 
10013 463 3487 170 3643 
10014 3133 3503 3559 3807 
10015 269 268 1364 2638 
10016 3087 3074 3517 3541 
10017 2015 362 2389 3570 
10018 3480 3555 3110 3698 
10019 3074 3119 3087 3517 
10020 195 3390 3538 3659 
10021 1742 1706 1662 3546 
10022 2251 3742 804 3778 
10023 2144 713 2143 2145 
10024 3070 3039 3669 3822 
10025 510 3652 924 3680 
10026 170 3487 463 3629 
10027 1731 1956 3490 3505 
10028 1340 785 637 3792 
10029 1561 3531 3400 3677 
10030 2983 3425 2984 3736 
10031 1819 3547 3398 3696 
10032 2254 2234 561 2539 
10033 3364 3492 3197 3494 
10034 3341 3538 2884 3594 
10035 557 556 2230 2229 
10036 701 703 2136 2135 
10037 3228 3438 3521 3710 
10038 3070 3669 3451 3822 
10039 3017 3447 3273 3688 
10040 2999 3084 3418 3545 
10041 2940 2938 3427 3721 
10042 1606 3647 3405 3726 
10043 581 583 2273 584 
10044 3165 2972 2954 3532 
10045 560 559 561 2234 
10046 3323 3353 3490 3567 
10047 1577 3489 3452 3826 
10048 400 3656 3534 3725 
10049 1827 3439 1567 3717 
10050 2121 2518 2321 691 
10051 2522 2359 2523 3818 
10052 643 2086 2519 645 
10053 1855 1714 1779 3518 
10054 1946 3523 1493 3576 
10055 3263 3086 3545 3600 
10056 3440 3549 1932 3791 
10057 1834 3505 1729 3771 
10058 1317 1203 454 3605 
10059 3101 3417 3310 3644 
10060 227 228 2049 1396 
10061 1801 1804 1915 3449 
10062 3198 3137 3146 3475 
10063 621 620 344 618 
10064 1891 3416 3529 3684 
10065 1474 1741 3385 3526 
10066 212 1502 3391 3765 
10067 2437 3651 3614 3769 
10068 3421 1522 3517 3795 
10069 1478 1507 1506 3494 
10070 1560 1555 3531 3586 
10071 3417 3568 3310 3644 
10072 866 173 3481 3627 
10073 3131 3490 3481 3505 
10074 3243 3087 3278 3541 
10075 2943 3416 2946 3684 
10076 2117 2122 690 688 
10077 2000 3682 2413 3828 
10078 3164 3133 3480 3503 
10079 3457 3692 3226 3721 
10080 1983 1918 1932 3549 
10081 1722 3520 1624 3553 
10082 244 245 2029 1406 
10083 1548 1547 3457 3554 
10084 852 3722 3614 3769 
10085 700 699 2133 2131 
10086 1722 3407 3520 3553 
10087 1658 1657 3426 3805 
10088 1550 1549 1557 3459 
10089 3153 3304 3451 3639 
10090 304 303 1430 2643 
10091 1714 3425 3518 3736 
10092 225 226 2025 1367 
10093 345 2860 618 619 
10094 3400 3677 2952 3766 
10095 2206 2205 528 2546 
10096 2954 2952 3677 3766 
10097 1873 1601 3465 3688 
10098 3068 3451 3304 3727 
10099 3426 3555 3110 3771 
10100 2091 2548 2093 648 
10101 3379 3537 3478 3579 
10102 2373 3741 3556 3780 
10103 3103 3242 3057 3787 
10104 1340 2077 634 633 
10105 190 3579 3543 3773 
10106 2963 2965 2964 3586 
10107 2974 3432 2931 3716 
10108 647 2091 2092 649 
10109 463 3643 1225 3703 
10110 1684 3502 1685 3574 
10111 3338 3571 3500 3593 
10112 1776 3428 1772 3541 
10113 1652 1799 3482 3603 
10114 3035 3610 3474 3711 
10115 3411 3527 3116 3594 
10116 1616 3469 1625 3553 
10117 1014 681 1324 3747 
10118 2887 3478 3380 3497 
10119 3245 3563 3467 3641 
10120 687 685 794 3815 
10121 520 2332 936 3778 
10122 1674 3644 1875 3819 
10123 3379 401 402 3478 
10124 3152 3298 3302 3462 
10125 2924 2925 3444 3713 
10126 611 2847 2825 610 
10127 1768 3541 3460 3591 
10128 775 844 3768 3797 
10129 1360 274 273 2637 
10130 2234 558 559 2231 
10131 2877 3481 3584 3602 
10132 1786 3601 3409 3790 
10133 2987 3407 3254 3683 
10134 3030 3159 3300 3431 
10135 2083 2344 979 3762 
10136 1638 1619 3423 3636 
10137 3146 3475 3137 3660 
10138 2048 276 277 1365 
10139 2382 3743 3588 3750 
10140 3106 3107 3073 3426 
10141 2905 3394 3349 3774 
10142 2110 2108 2109 681 
10143 3188 3577 3463 3662 
10144 2519 643 645 978 
10145 2317 2061 1119 3785 
10146 2910 3149 2909 3483 
10147 3083 3245 3529 3563 
10148 738 740 2174 2173 
10149 196 3538 1477 3571 
10150 3571 3593 3371 3783 
10151 623 622 2068 624 
10152 3036 3035 3028 3474 
10153 3028 3027 3026 3474 
10154 1695 3463 3578 3812 
10155 1829 3441 1856 3702 
10156 1781 3418 1629 3551 
10157 2036 2068 2067 622 
10158 1944 189 3478 3579 
10159 464 3440 159 3657 
10160 3048 3093 3423 3746 
10161 403 3543 3318 3579 
10162 3305 3501 3311 3546 
10163 2959 2961 3429 3781 
10164 2184 13 430 2185 
10165 1906 1504 1959 3602 
10166 801 2357 2525 2177 
10167 2898 3490 3361 3559 
10168 2262 1063 567 569 
10169 1538 1539 3438 3521 
10170 583 2275 2273 585 
10171 3376 3177 3595 3756 
10172 3192 3458 2994 3647 
10173 798 838 1187 2178 
10174 1663 1635 1699 3545 
10175 1614 1861 1609 3442 
10176 1663 3545 3486 3600 
10177 895 3543 3681 3773 
10178 1640 3501 1639 3546 
10179 661 2105 2103 662 
10180 728 729 2156 2162 
10181 2948 2950 3410 3668 
10182 2948 3410 2949 3668 
10183 1835 1752 3552 3746 
10184 2353 2060 768 3820 
10185 730 2165 2162 2617 
10186 523 521 522 2201 
10187 2112 1014 685 3815 
10188 2224 2222 548 2223 
10189 3234 3480 3110 3698 
10190 1571 1817 3398 3532 
10191 515 3445 145 3614 
10192 3255 3077 3398 3547 
10193 2951 3400 3531 3677 
10194 1712 1781 1893 3551 
10195 3368 3593 3500 3708 
10196 3184 3183 3111 3415 
10197 723 725 726 2154 
10198 1568 1560 1561 3531 
10199 1560 1555 1556 3531 
10200 729 2164 2163 2162 
10201 1218 3653 812 3800 
10202 2943 3529 3416 3684 
10203 187 3478 1279 3534 
10204 1897 3611 1895 3779 
10205 521 523 524 2197 
10206 1556 3531 1555 3586 
10207 1537 1857 1540 3427 
10208 338 337 1424 2625 
10209 1552 1565 3522 3554 
10210 526 527 2202 2204 
10211 1484 3445 144 3658 
10212 2966 3015 3229 3738 
10213 2866 2870 2826 615 
10214 1680 1556 3416 3684 
10215 736 890 1213 2524 
10216 3224 3635 3262 3685 
10217 583 1023 2491 585 
10218 3389 3562 378 3607 
10219 2543 2265 574 3823 
10220 1887 1736 1811 3761 
10221 1630 3427 1857 3563 
10222 3272 3009 3468 3709 
10223 649 2091 2093 648 
10224 1527 3461 1525 3705 
10225 2072 2074 2537 632 
10226 3222 3021 3002 3720 
10227 1892 1630 1857 3563 
10228 1279 3534 3478 3656 
10229 2136 700 701 2133 
10230 1891 1680 3416 3684 
10231 3325 3350 3510 3588 
10232 1771 3640 1711 3700 
10233 3206 3642 3205 3667 
10234 2918 2916 2919 3443 
10235 1756 3594 1755 3631 
10236 408 3538 3390 3659 
10237 1765 3654 3453 3665 
10238 3068 3144 3129 3536 
10239 1898 1622 1863 3753 
10240 730 769 967 2617 
10241 1515 3453 1513 3709 
10242 1923 3584 1487 3602 
10243 178 3385 1935 3615 
10244 3557 3596 3337 3691 
10245 1760 3445 1484 3658 
10246 3315 3609 3608 3623 
10247 3308 3179 3180 3533 
10248 3075 3090 3435 3525 
10249 371 3440 3350 3588 
10250 229 230 2650 1401 
10251 703 701 704 2135 
10252 1868 3418 1781 3551 
10253 3534 3656 1279 3725 
10254 3383 3129 3384 3536 
10255 3201 3550 3199 3803 
10256 1618 1637 1619 3525 
10257 1773 3541 1768 3591 
10258 1023 2275 2491 585 
10259 1599 1566 1873 3435 
10260 401 3478 400 3656 
10261 1053 1052 770 3794 
10262 690 689 2121 688 
10263 2365 604 603 605 
10264 3414 3522 1565 3554 
10265 3316 3562 3392 3616 
10266 195 194 3390 3659 
10267 1849 3437 3520 3720 
10268 2976 3432 3716 3782 
10269 2060 2365 350 606 
10270 1581 1579 3431 3632 
10271 1608 3639 1609 3699 
10272 1592 1591 1589 3462 
10273 1903 1512 3412 3718 
10274 163 1198 3519 3616 
10275 2174 743 740 1127 
10276 1394 221 220 2009 
10277 2929 3424 3218 3641 
10278 2195 524 756 2196 
10279 2921 3640 3444 3661 
10280 1501 3560 1932 3791 
10281 3151 3634 2919 3699 
10282 3383 3130 3536 3691 
10283 2097 2099 2098 655 
10284 2060 606 768 3820 
10285 3185 3430 3036 3522 
10286 2174 2586 743 1127 
10287 3179 3123 3178 3533 
10288 2070 2071 630 628 
10289 2378 376 375 3712 
10290 711 707 712 2141 
10291 1571 3532 3398 3766 
10292 3059 3610 3035 3711 
10293 1690 1725 1692 3419 
10294 1725 1890 1895 3419 
10295 3519 3650 375 3712 
10296 522 2201 2530 2202 
10297 460 3481 173 3627 
10298 3480 3555 1651 3807 
10299 1780 1778 3672 3715 
10300 1830 3642 3439 3672 
10301 3171 3188 3463 3662 
10302 355 356 3557 3613 
10303 2882 3332 3384 3484 
10304 3516 3578 1739 3708 
10305 350 606 605 607 
10306 329 328 1440 2743 
10307 3199 3550 3397 3803 
10308 2202 2205 526 2204 
10309 2932 2933 2930 3424 
10310 1782 3530 1645 3577 
10311 1753 3595 3585 3776 
10312 3410 1543 3731 3758 
10313 2860 345 346 619 
10314 1880 3511 1790 3602 
10315 3518 3672 1778 3715 
10316 3327 2886 3526 3598 
10317 1981 1480 3534 3655 
10318 1967 1480 1907 3655 
10319 1797 3454 1719 3544 
10320 1765 3453 3654 3686 
10321 552 553 554 2227 
10322 2977 3642 3031 3697 
10323 1811 3542 3535 3761 
10324 2879 3493 3362 3608 
10325 3076 3028 3026 3414 
10326 1906 3526 1504 3602 
10327 1912 3569 3530 3783 
10328 3187 3554 3414 3692 
10329 3218 3424 3563 3641 
10330 3069 3412 3050 3718 
10331 2223 2241 2221 3755 
10332 756 953 524 2195 
10333 1623 3634 3441 3666 
10334 768 606 1197 3820 
10335 385 3627 3567 3789 
10336 3359 2890 3138 3389 
10337 733 731 732 2164 
10338 3141 3546 3139 3583 
10339 556 554 555 2229 
10340 3098 3573 3540 3646 
10341 3527 3568 1737 3644 
10342 2921 3444 3640 3829 
10343 3286 3401 3113 3693 
10344 3088 3547 3476 3696 
10345 3482 3514 2907 3765 
10346 2273 2491 2275 583 
10347 1822 3476 1821 3581 
10348 567 565 2259 566 
10349 1898 3591 1622 3753 
10350 1705 1947 3503 3559 
10351 860 488 857 3742 
10352 3262 3685 3635 3817 
10353 3161 3160 3654 3700 
10354 1701 3423 3664 3746 
10355 1830 3439 3642 3824 
10356 410 411 3338 3571 
10357 1635 3540 1699 3545 
10358 3192 3569 3458 3647 
10359 1926 1479 3572 3629 
10360 3153 3639 3451 3669 
10361 1458 303 302 2041 
10362 1848 3400 1561 3531 
10363 1629 1781 1868 3418 
10364 2990 3437 3222 3520 
10365 197 905 196 3707 
10366 1482 1968 3417 3543 
10367 1813 1854 1816 3432 
10368 1780 3672 3439 3715 
10369 3398 3547 3077 3696 
10370 1765 3453 1517 3665 
10371 3274 3398 3077 3696 
10372 1624 3520 1839 3553 
10373 3316 3392 2875 3616 
10374 762 760 803 2189 
10375 1925 1937 3490 3567 
10376 698 696 2130 2129 
10377 3059 3246 3035 3610 
10378 559 2234 2231 2539 
10379 3032 3533 3419 3610 
10380 2114 687 685 686 
10381 1830 3439 1780 3672 
10382 1982 3564 1733 3601 
10383 3353 3481 3131 3490 
10384 339 338 1469 2038 
10385 1361 273 272 2047 
10386 632 2537 2072 631 
10387 358 359 3445 3614 
10388 3266 3163 3112 3466 
10389 859 3616 1277 3706 
10390 2983 2984 2985 3736 
10391 1863 3479 1574 3561 
10392 1770 1710 3463 3585 
10393 729 731 2164 2162 
10394 1576 3716 1535 3782 
10395 1518 3453 1515 3513 
10396 882 3588 3750 3825 
10397 211 3514 3592 3737 
10398 2889 3582 3373 3625 
10399 3543 3579 403 3773 
10400 2987 3553 3407 3683 
10401 3538 3571 2884 3594 
10402 1866 3450 1796 3648 
10403 2178 798 838 2525 
10404 1927 1964 1739 3708 
10405 1045 2107 2571 663 
10406 3205 3667 3642 3824 
10407 2709 2417 2415 3690 
10408 1609 3699 3639 3813 
10409 841 3678 853 3814 
10410 3441 3634 1623 3670 
10411 2228 554 557 2229 
10412 3445 3506 144 3658 
10413 1875 3417 1821 3476 
10414 2286 2292 2293 599 
10415 2437 2341 3651 3769 
10416 2164 731 730 2162 
10417 1533 1531 1534 3524 
10418 2905 3349 3125 3774 
10419 2911 3442 2912 3603 
10420 3326 3358 3402 3566 
10421 408 3390 407 3659 
10422 3355 3177 3548 3595 
10423 2176 743 740 2174 
10424 392 3335 3334 3485 
10425 2939 3529 3245 3563 
10426 2176 2586 743 2174 
10427 1661 1789 1660 3612 
10428 1742 3546 1662 3583 
10429 3083 2943 3256 3529 
10430 3083 3245 2939 3529 
10431 2883 3539 3396 3570 
10432 1552 3522 1853 3554 
10433 1548 3554 3457 3692 
10434 1545 3448 3635 3676 
10435 2953 3561 3010 3589 
10436 1640 1796 3450 3714 
10437 3016 3251 2962 3459 
10438 3187 3257 3226 3692 
10439 1765 1516 3453 3686 
10440 1970 1791 3402 3550 
10441 2161 769 2617 2751 
10442 1834 3426 3511 3771 
10443 1992 332 333 1438 
10444 3293 2921 3444 3661 
10445 3424 3524 1531 3745 
10446 1229 720 717 2148 
10447 1452 315 314 2645 
10448 1647 1885 1779 3422 
10449 634 2074 2076 635 
10450 421 2411 422 3682 
10451 3192 2994 3569 3647 
10452 2988 2986 3520 3553 
10453 2907 3482 3346 3514 
10454 715 717 716 2145 
10455 609 2865 2858 607 
10456 3103 3497 3242 3787 
10457 2162 2156 728 2161 
10458 1615 1580 1838 3425 
10459 1845 3415 1846 3645 
10460 1237 3562 3389 3607 
10461 3303 3304 3148 3528 
10462 1859 1836 1833 3410 
10463 2905 3125 3617 3774 
10464 2107 1045 679 663 
10465 912 3659 3538 3728 
10466 2984 3425 2982 3673 
10467 3151 3462 3634 3699 
10468 1565 1889 1872 3522 
10469 1853 1552 1565 3522 
10470 3381 3509 3542 3658 
10471 1695 3463 1738 3578 
10472 3446 3642 3206 3667 
10473 3212 2932 2934 3470 
10474 2302 2667 2070 629 
10475 2164 731 729 2163 
10476 2074 2076 2077 634 
10477 521 2201 2538 3810 
10478 1722 1624 3407 3553 
10479 3201 3402 3358 3550 
10480 2951 2952 3400 3677 
10481 1722 1839 1624 3520 
10482 1545 3635 3448 3679 
10483 1879 1849 1722 3520 
10484 3292 3119 3294 3428 
10485 2993 2971 3204 3726 
10486 2712 2241 2223 3811 
10487 629 2070 2302 631 
10488 732 2709 2166 2165 
10489 1877 3465 1866 3648 
10490 1896 3434 1826 3590 
10491 2944 2950 3260 3731 
10492 1796 3648 3450 3714 
10493 3486 3545 3086 3600 
10494 1866 3648 1796 3714 
10495 559 560 558 2234 
10496 2815 2668 3762 3792 
10497 3341 3594 3126 3631 
10498 1677 1737 3568 3644 
10499 1883 1946 1493 3576 
10500 732 730 967 2165 
10501 3234 3229 3480 3698 
10502 1869 1634 1873 3435 
10503 1839 3520 1584 3632 
10504 3466 3640 1771 3700 
10505 1866 3648 3465 3688 
10506 3678 3802 853 3814 
10507 838 2181 2178 2525 
10508 1788 1663 1699 3486 
10509 3323 2898 384 3567 
10510 3516 3577 1782 3812 
10511 2121 691 689 690 
10512 3459 3635 3224 3685 
10513 2385 3621 2386 3811 
10514 2988 2991 3000 3407 
10515 2917 3161 3150 3456 
10516 1827 1567 1600 3717 
10517 3116 3594 3527 3631 
10518 3504 3515 1490 3618 
10519 1468 318 317 2044 
10520 3427 3521 2937 3758 
10521 422 2889 421 3618 
10522 3330 3388 2891 3767 
10523 629 2667 2068 938 
10524 1479 3558 1942 3572 
10525 3384 1802 3449 3774 
10526 2173 2174 738 2172 
10527 1812 1536 1538 3710 
10528 1489 3402 3566 3775 
10529 3245 3218 3563 3641 
10530 1653 1652 1696 3483 
10531 3122 3110 3480 3555 
10532 1553 3414 1552 3554 
10533 3161 3700 3654 3816 
10534 3221 2927 3296 3420 
10535 3208 3633 3447 3671 
10536 1153 869 1119 3785 
10537 2942 3416 2943 3529 
10538 3316 3359 3392 3562 
10539 1712 3491 3551 3636 
10540 550 549 548 2224 
10541 2166 733 732 2164 
10542 1895 1890 1572 3473 
10543 1979 3507 1963 3568 
10544 3401 3644 3102 3757 
10545 3200 3375 3334 3385 
10546 2172 2174 738 739 
10547 1851 1546 3633 3685 
10548 3005 3006 3007 3436 
10549 3004 2993 3005 3436 
10550 1623 3441 1850 3666 
10551 3018 3648 3017 3688 
10552 1684 1672 1685 3502 
10553 3370 3510 3552 3825 
10554 1773 1768 1774 3591 
10555 3379 3478 402 3579 
10556 1983 1932 3440 3549 
10557 3253 3091 3211 3542 
10558 1952 1934 3387 3402 
10559 2063 2735 2453 3730 
10560 1552 3414 1565 3554 
10561 1013 794 1300 3815 
10562 2848 282 283 1412 
10563 1951 1505 3388 3646 
10564 1880 1729 1834 3505 
10565 621 344 2859 618 
10566 702 700 701 2136 
10567 863 3652 864 3674 
10568 488 3722 857 3742 
10569 1625 3553 3469 3683 
10570 3153 3451 3070 3669 
10571 2896 3617 2907 3765 
10572 1545 1843 3448 3676 
10573 196 905 456 3538 
10574 1687 3397 1686 3711 
10575 3065 3495 3135 3597 
10576 1792 1670 3640 3670 
10577 2571 2105 1045 663 
10578 1036 2281 2279 591 
10579 2189 803 2251 2187 
10580 1596 3479 1597 3508 
10581 1573 1863 1574 3561 
10582 3242 3590 3057 3787 
10583 3208 3447 3633 3667 
10584 2068 2070 2667 629 
10585 3179 3123 3533 3576 
10586 1630 1847 1544 3721 
10587 3042 3418 3084 3545 
10588 3127 3515 2889 3625 
10589 1049 844 775 3797 
10590 228 229 2651 1379 
10591 1721 1771 1711 3700 
10592 1873 1818 1869 3495 
10593 1826 3547 1820 3590 
10594 636 2076 634 637 
10595 1902 1864 1668 3456 
10596 3538 3659 408 3728 
10597 1721 1711 1646 3443 
10598 705 707 706 2139 
10599 2912 2914 2913 3704 
10600 2373 3729 3741 3780 
10601 3041 3430 3063 3502 
10602 3046 3273 3081 3404 
10603 1631 3603 3483 3704 
10604 3100 3574 3062 3612 
10605 2043 312 313 1462 
10606 1695 1782 3577 3812 
10607 1736 3542 1811 3761 
10608 1679 3441 1623 3670 
10609 251 250 1374 2030 
10610 3173 3463 3188 3577 
10611 2359 3599 2523 3818 
10612 1545 3438 3676 3817 
10613 1984 3536 1807 3691 
10614 2860 2826 2870 616 
10615 3428 3517 3119 3705 
10616 3103 3472 3360 3655 
10617 1608 3462 3639 3699 
10618 1629 1855 1893 3723 
10619 986 647 2092 649 
10620 3216 3247 3215 3454 
10621 764 881 3701 3743 
10622 283 284 2827 1414 
10623 1830 3464 3642 3672 
10624 3407 3553 1624 3683 
10625 3113 3401 3102 3757 
10626 1898 1863 1681 3403 
10627 1898 1683 1773 3403 
10628 484 168 855 3558 
10629 2892 3601 3564 3790 
10630 1735 3433 1867 3544 
10631 1853 3522 1874 3645 
10632 1829 3441 3702 3749 
10633 2428 3739 2403 3748 
10634 1887 1811 3535 3761 
10635 165 3389 1237 3562 
10636 759 760 758 2191 
10637 3269 3586 3257 3692 
10638 3422 3518 1779 3715 
10639 108 107 1328 1448 
10640 2866 2847 2840 612 
10641 2684 3650 2379 3657 
10642 2390 3565 2016 3777 
10643 1729 3505 1731 3555 
10644 2829 281 282 1419 
10645 703 702 701 2136 
10646 904 3741 3649 3792 
10647 522 2201 521 3810 
10648 3376 3175 3578 3595 
10649 3460 3541 1768 3795 
10650 698 696 697 2130 
10651 151 1951 3388 3539 
10652 150 1481 3539 3570 
10653 3388 3646 2891 3767 
10654 3444 3661 3517 3705 
10655 2924 2926 2925 3713 
10656 3261 3551 3418 3573 
10657 3076 3186 3522 3554 
10658 1984 1924 3384 3691 
10659 2102 2103 2104 662 
10660 1626 3407 1624 3683 
10661 1545 3676 3635 3817 
10662 3466 3654 3160 3700 
10663 545 546 544 2220 
10664 1485 3392 3616 3796 
10665 3153 3442 3639 3813 
10666 2782 3744 2392 3777 
10667 379 3389 378 3607 
10668 1876 1678 1856 3406 
10669 155 886 154 3621 
10670 2149 720 2150 2148 
10671 597 2284 2285 595 
10672 3166 3491 3167 3608 
10673 798 801 838 2525 
10674 1752 3510 1498 3552 
10675 3390 3568 1754 3631 
10676 3439 3672 3518 3715 
10677 3320 2907 3514 3765 
10678 680 2109 2107 678 
10679 3278 3120 3287 3719 
10680 3039 3535 3054 3761 
10681 1702 1638 1701 3423 
10682 3446 3633 3208 3685 
10683 1734 3509 1905 3542 
10684 1601 1866 3465 3688 
10685 3059 3397 3550 3711 
10686 1510 3585 3499 3776 
10687 1495 3392 3389 3562 
10688 1737 3568 3527 3631 
10689 1582 3553 3431 3736 
10690 740 738 2174 739 
10691 1764 1901 1769 3436 
10692 2895 3390 3367 3568 
10693 882 3750 3493 3825 
10694 2770 3724 2446 3770 
10695 1718 3454 1797 3804 
10696 3310 3417 3369 3568 
10697 2169 736 734 2168 
10698 1585 3441 1829 3749 
10699 989 769 2161 2751 
10700 2977 3464 3642 3697 
10701 2977 3031 3223 3697 
10702 3245 3467 3289 3641 
10703 3320 2896 2907 3765 
10704 556 557 554 2229 
10705 1934 3402 181 3780 
10706 224 225 2640 1400 
10707 1489 3556 3402 3775 
10708 3411 3114 3527 3757 
10709 1665 1787 1786 3601 
10710 3375 3351 2886 3385 
10711 882 3493 156 3825 
10712 1827 1600 3715 3717 
10713 3635 3676 3438 3817 
10714 2630 231 232 1354 
10715 957 2866 2840 612 
10716 1576 1575 1535 3716 
10717 919 3588 3743 3750 
10718 695 696 694 2127 
10719 180 1934 181 3780 
10720 3305 3141 3312 3503 
10721 3122 3110 3234 3480 
10722 2874 3331 3506 3658 
10723 3141 3305 3311 3546 
10724 562 560 561 2254 
10725 3208 3633 3446 3667 
10726 1663 3486 1664 3600 
10727 3530 3194 3593 3783 
10728 2082 640 642 641 
10729 1617 1841 1838 3464 
10730 2912 2915 2914 3442 
10731 1714 3518 3469 3736 
10732 901 477 3556 3741 
10733 2911 3148 2912 3442 
10734 3253 3268 3043 3544 
10735 1525 3705 3461 3713 
10736 694 2126 2125 692 
10737 3151 2919 2916 3699 
10738 1651 1860 1656 3698 
10739 2102 2100 2101 658 
10740 699 2133 2131 2132 
10741 563 564 2255 565 
10742 3459 3633 1546 3685 
10743 1824 3537 3497 3590 
10744 1830 3642 3464 3697 
10745 3063 3455 3072 3675 
10746 1282 736 734 2169 
10747 1277 3562 461 3689 
10748 760 759 2190 2191 
10749 3281 3052 3282 3423 
10750 3281 3089 3052 3471 
10751 3075 3169 3281 3471 
10752 1792 3670 3640 3829 
10753 285 284 1416 2849 
10754 1533 3432 1535 3524 
10755 1511 1513 1512 3412 
10756 1553 3414 3554 3692 
10757 3053 2934 2975 3432 
10758 2974 2934 2931 3432 
10759 1623 3443 3634 3699 
10760 3042 3261 3418 3573 
10761 1545 3448 1551 3679 
10762 3009 3008 3468 3709 
10763 690 2121 2117 688 
10764 1507 1508 1509 3494 
10765 191 190 3543 3773 
10766 3375 3200 3217 3574 
10767 1526 1888 1527 3428 
10768 421 3618 2411 3682 
10769 1772 1776 1526 3428 
10770 1768 3460 1774 3591 
10771 3016 2960 3635 3679 
10772 1722 3520 3407 3804 
10773 1427 340 339 2656 
10774 522 525 2201 2202 
10775 2181 838 2249 2525 
10776 3191 3190 3189 3516 
10777 3122 3164 3133 3480 
10778 3260 2944 3731 3758 
10779 3269 3257 3187 3692 
10780 300 301 1987 1443 
10781 2068 623 624 938 
10782 1715 1714 3425 3518 
10783 2937 2935 3228 3521 
10784 3582 3682 2000 3737 
10785 3286 3284 3113 3401 
10786 462 3650 3519 3712 
10787 3101 3369 3310 3417 
10788 1564 3554 3415 3731 
10789 477 181 3556 3780 
10790 1582 1624 1839 3553 
10791 3295 3071 3049 3686 
10792 1496 1978 1937 3490 
10793 2908 3147 2911 3603 
10794 1045 2571 2107 679 
10795 1955 1503 1935 3387 
10796 2961 2962 2966 3408 
10797 855 3558 168 3629 
10798 683 682 2111 680 
10799 2006 2402 409 3707 
10800 3299 3302 3021 3413 
10801 1932 160 3440 3560 
10802 2705 331 332 1473 
10803 2974 2976 3432 3716 
10804 2926 3705 2925 3713 
10805 3223 3031 3207 3446 
10806 1757 1758 3571 3783 
10807 2847 2866 2861 612 
10808 1545 3438 1541 3676 
10809 2111 2110 2109 680 
10810 3039 3055 3054 3535 
10811 1660 3612 3511 3675 
10812 3052 3048 3093 3423 
10813 384 3487 383 3643 
10814 1597 1622 1606 3405 
10815 2618 2059 392 3485 
10816 2139 707 710 2141 
10817 1712 3491 1713 3551 
10818 1603 3398 1819 3547 
10819 2892 3409 3601 3790 
10820 633 1241 2537 631 
10821 2061 346 345 619 
10822 1929 3393 1504 3526 
10823 1780 3439 1830 3824 
10824 3178 3419 3032 3533 
10825 3200 3354 3199 3387 
10826 2947 2943 2946 3684 
10827 1535 3716 3432 3782 
10828 1222 430 1148 2185 
10829 1514 1515 1513 3709 
10830 1650 3480 1651 3807 
10831 2737 3725 3624 3809 
10832 1830 1841 3464 3672 
10833 2381 3588 2382 3743 
10834 3314 3362 3552 3608 
10835 2445 3712 2325 3784 
10836 3381 3509 3211 3542 
10837 1851 1649 1546 3685 
10838 286 285 1411 2828 
10839 3473 3587 1572 3779 
10840 1572 1828 1897 3434 
10841 2281 591 594 593 
10842 1927 1739 3578 3708 
10843 1847 1891 1680 3416 
10844 2164 732 2166 2165 
10845 3223 3053 2975 3399 
10846 3314 3608 3552 3746 
10847 423 2880 3582 3737 
10848 1955 1935 1974 3385 
10849 1623 3634 3443 3670 
10850 316 317 2648 1437 
10851 2302 2667 629 788 
10852 1829 1856 1862 3702 
10853 3044 3465 3045 3495 
10854 3459 3633 3208 3671 
10855 2937 3521 3427 3788 
10856 1474 3598 3385 3615 
10857 1937 171 1496 3567 
10858 679 2109 2107 680 
10859 3370 3168 3552 3746 
10860 361 2892 360 3790 
10861 3387 3485 3335 3780 
10862 3403 3589 1682 3719 
10863 2980 2978 2982 3425 
10864 2421 395 3556 3649 
10865 2254 563 562 2255 
10866 3307 3380 2887 3478 
10867 812 1218 1118 3653 
10868 3350 3440 3283 3510 
10869 3247 3248 3486 3601 
10870 3208 3447 3265 3671 
10871 540 541 538 2215 
10872 3124 3497 3537 3590 
10873 3237 3578 3516 3708 
10874 1635 1627 3418 3545 
10875 1948 3595 1753 3776 
10876 1925 172 1937 3567 
10877 731 729 730 2162 
10878 852 3614 516 3769 
10879 2921 3640 3466 3700 
10880 1653 1696 1697 3580 
10881 3260 3187 3457 3554 
10882 1203 3548 454 3605 
10883 3443 3640 2921 3700 
10884 3208 3633 3459 3685 
10885 1819 3476 1820 3547 
10886 528 529 2204 2206 
10887 2325 3712 2818 3772 
10888 1948 3498 3595 3776 
10889 2124 1073 2125 692 
10890 1644 3458 1643 3577 
10891 1558 3633 1550 3671 
10892 3268 3216 3043 3454 
10893 1731 1956 1925 3490 
10894 351 350 605 607 
10895 463 3629 3487 3643 
10896 721 720 2150 2149 
10897 2112 2111 2113 684 
10898 3243 2992 3460 3591 
10899 910 1200 3606 3827 
10900 1678 1876 1842 3420 
10901 1652 3483 1631 3603 
10902 603 2008 2365 605 
10903 2861 2826 347 614 
10904 615 617 2870 616 
10905 3466 3640 2921 3661 
10906 3295 3654 3071 3686 
10907 1593 1557 1594 3408 
10908 3089 3203 3034 3422 
10909 3029 3203 3202 3422 
10910 3208 3264 3447 3667 
10911 2971 2992 2970 3405 
10912 3405 1622 3591 3753 
10913 1895 3611 3419 3779 
10914 2987 3254 2999 3683 
10915 3018 3017 3273 3688 
10916 2283 594 595 593 
10917 2955 3403 3010 3561 
10918 1571 3398 1569 3766 
10919 2382 3750 3588 3825 
10920 3324 3507 2895 3568 
10921 2208 529 530 2206 
10922 3478 3497 1824 3537 
10923 190 3678 3579 3773 
10924 2865 609 608 607 
10925 1877 3465 3648 3714 
10926 2108 2106 2107 678 
10927 2699 291 292 1428 
10928 2956 2955 2954 3561 
10929 3037 3463 3172 3585 
10930 3346 3514 3482 3798 
10931 2987 3469 2985 3553 
10932 1618 3435 1634 3525 
10933 2197 531 524 2196 
10934 2126 694 693 692 
10935 2280 2279 2281 591 
10936 414 3619 415 3756 
10937 1584 3520 3437 3632 
10938 546 549 2232 2222 
10939 2899 3387 3335 3780 
10940 2939 3427 2938 3721 
10941 620 344 2067 622 
10942 3276 3715 3471 3717 
10943 1903 3626 1761 3718 
10944 3117 3508 3288 3757 
10945 1508 3499 3494 3776 
10946 143 860 142 3613 
10947 261 260 1355 2763 
10948 2794 2362 3653 3800 
10949 3649 3762 897 3792 
10950 1721 3395 1902 3816 
10951 1635 1700 3540 3573 
10952 597 2286 598 599 
10953 2660 2307 2762 601 
10954 3462 3634 1623 3666 
10955 2426 2723 2386 3794 
10956 1649 1546 3685 3817 
10957 2678 3802 3678 3814 
10958 3527 3644 1676 3757 
10959 2972 3165 3274 3398 
10960 3274 3255 3077 3398 
10961 1471 323 322 2045 
10962 716 713 715 2145 
10963 525 2200 2201 2202 
10964 3016 2962 2960 3679 
10965 3354 3387 2899 3402 
10966 3003 3418 3261 3551 
10967 852 3769 520 3778 
10968 3449 3528 1801 3727 
10969 1623 3634 3462 3699 
10970 1558 1550 1557 3671 
10971 1877 3648 1866 3714 
10972 2105 2571 2107 663 
10973 2117 747 688 686 
10974 1355 61 62 1164 
10975 3443 3640 1670 3670 
10976 1220 74 73 1361 
10977 1385 268 267 2051 
10978 1676 1612 1795 3757 
10979 3259 2945 3082 3676 
10980 2865 2858 2842 609 
10981 3228 3438 3082 3521 
10982 2883 3382 3250 3396 
10983 1839 1581 1582 3431 
10984 1580 1581 1579 3431 
10985 3384 3484 3332 3691 
10986 1864 1902 1721 3395 
10987 2389 3570 362 3622 
10988 1952 1934 1503 3387 
10989 206 3604 3504 3687 
10990 3349 2905 427 3394 
10991 2916 3151 3699 3813 
10992 2921 3293 3444 3829 
10993 2325 2445 2818 3712 
10994 3403 3561 2955 3753 
10995 2244 2442 2108 3747 
10996 1530 1531 1529 3424 
10997 1785 1871 1530 3424 
10998 750 705 704 3733 
10999 2426 2237 2723 3794 
11000 2734 3768 3689 3797 
11001 3058 3077 3025 3547 
11002 3635 3685 3459 3817 
11003 1767 1518 1769 3513 
11004 919 882 3588 3750 
11005 386 3353 385 3481 
11006 1651 3555 1654 3807 
11007 2232 2220 546 2222 
11008 2689 3605 3733 3751 
11009 1548 1552 1547 3554 
11010 3417 3543 1968 3581 
11011 3182 3698 3233 3805 
11012 3042 3084 3085 3545 
11013 3388 3539 1951 3767 
11014 2130 2131 698 2129 
11015 3269 3414 3586 3692 
11016 2956 3479 2955 3561 
11017 1561 1570 1569 3677 
11018 2028 3629 381 3703 
11019 3451 3535 1805 3727 
11020 3458 3647 1620 3726 
11021 220 219 1352 2633 
11022 2654 2327 2365 604 
11023 611 612 2847 610 
11024 1874 3522 3430 3645 
11025 3363 3516 3191 3593 
11026 3385 3598 2886 3615 
11027 2147 718 716 2575 
11028 3327 3526 3393 3598 
11029 1621 3458 1644 3577 
11030 1682 1886 1724 3589 
11031 3033 3422 3029 3723 
11032 1838 1580 1578 3673 
11033 916 788 937 3729 
11034 1683 3403 1682 3719 
11035 1510 3499 1508 3776 
11036 2220 2221 546 2222 
11037 3462 3639 3153 3669 
11038 2117 2122 2121 690 
11039 1872 3430 1874 3522 
11040 1760 1950 1484 3445 
11041 1942 3572 3558 3583 
11042 409 2884 3538 3571 
11043 1023 2287 2275 588 
11044 3010 3561 3403 3589 
11045 873 3643 3567 3732 
11046 595 597 2284 596 
11047 1538 1542 1812 3438 
11048 1541 1538 1539 3438 
11049 1545 3459 3635 3679 
11050 3296 2927 2924 3406 
11051 2938 2937 2940 3427 
11052 1840 3639 1592 3669 
11053 3269 3586 3414 3630 
11054 2543 574 3784 3823 
11055 3642 3667 3446 3824 
11056 2204 2205 528 2206 
11057 345 344 620 618 
11058 3446 3642 1830 3697 
11059 3401 3693 1612 3757 
11060 3099 3646 3540 3767 
11061 2373 3556 394 3780 
11062 624 629 2068 938 
11063 482 24 23 1398 
11064 1651 1655 1654 3555 
11065 1966 3409 1481 3570 
11066 2234 561 560 2254 
11067 368 3362 2879 3493 
11068 3287 3120 3289 3467 
11069 646 2090 2086 645 
11070 2089 2086 1093 644 
11071 3306 3509 3445 3564 
11072 2205 526 2530 2202 
11073 1817 1569 1571 3398 
11074 1977 1495 1742 3389 
11075 3133 3503 3143 3559 
11076 2442 2806 3606 3747 
11077 2341 3651 3769 3810 
11078 1844 1654 1731 3555 
11079 528 529 527 2204 
11080 2214 537 538 2212 
11081 603 958 2008 605 
11082 3367 3568 3390 3631 
11083 525 522 526 2202 
11084 2214 538 541 2215 
11085 3575 3620 1972 3791 
11086 1175 23 22 1357 
11087 2988 3520 3407 3553 
11088 1785 1530 1888 3641 
11089 3495 3135 3597 3620 
11090 1525 3461 1528 3713 
11091 1770 3463 1667 3662 
11092 1564 1552 1853 3554 
11093 1795 1980 1676 3757 
11094 3017 3264 3273 3447 
11095 1563 1559 3667 3824 
11096 1974 1474 1741 3385 
11097 2916 3395 2915 3813 
11098 1675 1673 1674 3401 
11099 3321 3390 3538 3631 
11100 3305 3164 3015 3501 
11101 3565 485 3651 3777 
11102 3062 3574 3502 3612 
11103 2216 542 543 2218 
11104 2086 644 646 645 
11105 1961 1757 3411 3783 
11106 1481 3409 3396 3570 
11107 2826 2860 346 616 
11108 3069 3049 3050 3412 
11109 1527 1530 1529 3461 
11110 3018 3465 3648 3688 
11111 1753 1738 1710 3585 
11112 2899 3402 3387 3780 
11113 3259 3082 3635 3676 
11114 2382 3588 370 3825 
11115 2099 2100 2098 655 
11116 2947 2951 2952 3400 
11117 143 142 3557 3613 
11118 546 549 1007 2232 
11119 699 700 698 2131 
11120 3301 3222 2990 3437 
11121 2537 632 633 631 
11122 644 2089 2086 646 
11123 1765 3466 3654 3665 
11124 1721 1771 3700 3816 
11125 3208 3446 3206 3667 
11126 1589 1840 1592 3669 
11127 877 464 159 3657 
11128 1553 3554 1552 3692 
11129 2990 2988 2986 3520 
11130 2834 280 281 1417 
11131 2229 2228 554 2227 
11132 1479 3558 3572 3629 
11133 2949 2948 2945 3410 
11134 2914 2915 2916 3395 
11135 3396 3409 2883 3570 
11136 313 314 2644 1459 
11137 1649 3399 1542 3817 
11138 2825 2839 2847 611 
11139 3479 3561 1863 3753 
11140 3225 3517 3105 3661 
11141 762 758 760 2191 
11142 204 454 203 3498 
11143 3052 3034 3048 3636 
11144 3639 3699 3462 3813 
11145 588 2275 1023 585 
11146 747 2117 2116 686 
11147 1205 854 3678 3802 
11148 3156 3634 3152 3666 
11149 1565 1552 1553 3414 
11150 1649 1812 1542 3399 
11151 1708 1696 1652 3798 
11152 1193 3621 1298 3811 
11153 3156 3152 3302 3666 
11154 1641 3503 3480 3807 
11155 3046 3081 3075 3435 
11156 2230 2228 557 2229 
11157 2953 3400 3561 3589 
11158 2988 3407 2987 3553 
11159 1964 3593 3516 3708 
11160 3040 3397 3059 3711 
11161 1836 1717 1833 3668 
11162 3207 3446 3208 3685 
11163 3295 3456 3654 3686 
11164 701 2136 2133 2135 
11165 3556 3649 395 3775 
11166 328 327 1463 2046 
11167 209 926 208 3618 
11168 3495 3575 3238 3620 
11169 552 554 1003 2228 
11170 3199 3059 3397 3550 
11171 503 35 34 1380 
11172 1912 3530 1758 3783 
11173 3255 3587 3398 3677 
11174 190 1922 3543 3579 
11175 1849 3437 1584 3520 
11176 3393 3526 2893 3602 
11177 3076 3522 3414 3554 
11178 3010 3278 3287 3403 
11179 3050 3412 3060 3718 
11180 2325 3712 3772 3823 
11181 3271 3486 3396 3540 
11182 3654 3700 3466 3816 
11183 1339 752 1106 3777 
11184 3503 3559 1947 3572 
11185 3123 3576 3360 3655 
11186 1639 3501 1641 3503 
11187 2300 2436 2781 3827 
11188 3311 2997 3450 3501 
11189 2127 2129 696 2128 
11190 3171 3006 3188 3662 
11191 3014 3648 3465 3714 
11192 3008 3453 3267 3513 
11193 3448 3635 2960 3679 
11194 1682 1724 3467 3589 
11195 3153 3639 3462 3813 
11196 3269 2965 3586 3630 
11197 1656 1658 1657 3426 
11198 1656 1655 1651 3426 
11199 1812 1813 1816 3399 
11200 1735 1887 1867 3433 
11201 2537 2302 2072 631 
11202 768 3800 2353 3820 
11203 3041 3040 3036 3430 
11204 3036 3185 3258 3430 
11205 1563 3404 1567 3824 
11206 650 2096 2093 651 
11207 1515 1518 1517 3453 
11208 1277 461 1141 3689 
11209 1977 1942 3558 3583 
11210 1624 1626 1722 3407 
11211 1628 1881 1626 3407 
11212 649 650 2093 651 
11213 1517 1765 1516 3453 
11214 3032 2996 3027 3419 
11215 2882 3372 3349 3384 
11216 2127 696 708 2128 
11217 1734 1905 1736 3542 
11218 1760 1733 1982 3509 
11219 1643 3577 3458 3662 
11220 3479 3508 1596 3693 
11221 644 1093 2089 646 
11222 2917 3150 2914 3395 
11223 1673 1819 1817 3696 
11224 1843 1833 1832 3448 
11225 530 2208 2206 2209 
11226 3418 3551 1868 3573 
11227 166 1237 165 3389 
11228 1765 3456 3686 3816 
11229 1655 3426 1834 3771 
11230 3318 2878 3343 3543 
11231 3624 3725 899 3809 
11232 3270 3403 2955 3753 
11233 608 609 2825 610 
11234 2746 2015 3744 3799 
11235 1193 885 3621 3694 
11236 1421 326 325 1993 
11237 143 488 860 3506 
11238 14 1148 430 2185 
11239 3558 3572 3342 3583 
11240 2979 2980 2981 3672 
11241 2724 2142 2733 3751 
11242 659 661 2103 662 
11243 1884 1981 3386 3655 
11244 1563 1852 1559 3824 
11245 1648 1563 1567 3824 
11246 617 2860 2870 616 
11247 3402 3550 1791 3566 
11248 2881 3339 3572 3629 
11249 1766 1904 3686 3734 
11250 3343 2878 3369 3417 
11251 691 2121 2123 690 
11252 1446 299 298 2641 
11253 3267 3654 3266 3665 
11254 170 463 169 3629 
11255 3402 3326 3566 3775 
11256 1836 1846 1845 3415 
11257 1564 1853 1846 3415 
11258 3103 3472 3497 3787 
11259 2921 3640 3443 3829 
11260 1821 3476 3417 3581 
11261 1817 1819 1603 3398 
11262 1796 1866 1593 3450 
11263 735 734 736 2168 
11264 2129 708 696 2128 
11265 3270 3010 2955 3403 
11266 3075 3090 3047 3435 
11267 3457 3731 1543 3758 
11268 1915 3384 1802 3449 
11269 1640 1796 1604 3450 
11270 462 3519 1198 3712 
11271 2953 2952 2954 3400 
11272 406 407 2895 3390 
11273 3258 3184 3111 3645 
11274 1815 1830 3464 3697 
11275 2289 2286 962 599 
11276 2266 2263 2505 572 
11277 1681 3561 1610 3589 
11278 3008 3005 3007 3513 
11279 1748 1713 3491 3623 
11280 1558 3447 3633 3671 
11281 1945 3538 1491 3631 
11282 3187 3076 3414 3554 
11283 1810 1805 3451 3535 
11284 3154 3670 2923 3829 
11285 1650 1651 1654 3807 
11286 158 3440 464 3588 
11287 277 278 2629 1372 
11288 2136 703 702 2137 
11289 3267 3266 3112 3665 
11290 301 302 2675 1467 
11291 3209 3596 3542 3761 
11292 1623 3443 1670 3670 
11293 2149 719 717 2147 
11294 177 1474 178 3615 
11295 3063 3111 3072 3455 
11296 207 3504 1490 3618 
11297 3649 3735 897 3762 
11298 1765 3456 1766 3686 
11299 611 2825 2839 609 
11300 3130 3337 3596 3691 
11301 818 3712 3784 3823 
11302 142 1288 2 3557 
11303 3288 3508 3286 3693 
11304 1567 1566 1599 3404 
11305 2373 2033 394 3556 
11306 3446 3633 1852 3824 
11307 1607 1620 3458 3647 
11308 1775 1521 1524 3661 
11309 2961 2973 2959 3429 
11310 1308 915 783 3682 
11311 3042 2999 3084 3418 
11312 531 2197 2199 2196 
11313 1546 3459 3685 3817 
11314 450 3682 3582 3737 
11315 3316 377 3562 3616 
11316 1798 3530 1912 3569 
11317 476 517 3614 3651 
11318 245 246 2679 1368 
11319 299 300 2765 1457 
11320 3032 3027 3246 3610 
11321 717 720 719 2149 
11322 624 2069 2070 628 
11323 3240 3587 3255 3677 
11324 3282 3095 3525 3664 
11325 3134 3597 3620 3796 
11326 1623 1646 3443 3699 
11327 1541 3438 1545 3817 
11328 137 138 1432 1305 
11329 150 1481 1933 3539 
11330 180 181 477 3780 
11331 1624 1616 1625 3553 
11332 1545 3635 3459 3817 
11333 3143 3559 3503 3572 
11334 717 716 2145 2147 
11335 1970 1791 1489 3402 
11336 3446 3667 3633 3824 
11337 2423 2032 2683 3748 
11338 710 2158 2139 2141 
11339 3512 3619 862 3754 
11340 2390 360 2016 3565 
11341 1719 1734 1735 3544 
11342 2255 564 562 2509 
11343 1684 3574 1741 3612 
11344 690 2122 1069 688 
11345 967 769 914 3828 
11346 517 3769 3651 3810 
11347 863 864 487 3674 
11348 1819 1675 1820 3476 
11349 462 162 1198 3519 
11350 3421 3105 3517 3661 
11351 2279 2516 1036 589 
11352 99 98 444 1429 
11353 448 1185 14 2183 
11354 1824 1823 3537 3590 
11355 1903 1761 1512 3718 
11356 3447 3648 1866 3688 
11357 1859 3410 1543 3731 
11358 2137 2136 703 2135 
11359 3151 3462 3699 3813 
11360 1623 1679 1850 3441 
11361 1585 1850 1829 3441 
11362 1848 3400 3531 3684 
11363 2961 2966 3229 3429 
11364 1627 1868 1635 3418 
11365 3195 3194 3371 3593 
11366 1824 3478 1930 3497 
11367 3124 3497 3380 3537 
11368 7 340 1441 2776 
11369 2070 2071 2072 630 
11370 1748 3491 3608 3623 
11371 2950 2944 2948 3410 
11372 3163 3466 2921 3661 
11373 1959 1880 1790 3602 
11374 2373 2033 3556 3741 
11375 3307 3478 3379 3537 
11376 2979 2981 3642 3672 
11377 655 2097 2099 654 
11378 671 874 1134 3732 
11379 1375 60 61 471 
11380 1612 3693 1795 3757 
11381 1977 3389 1742 3583 
11382 3123 3472 3576 3655 
11383 3571 3594 1757 3783 
11384 3230 3032 3178 3419 
11385 3282 3525 3423 3664 
11386 2228 1003 552 2226 
11387 657 660 2101 659 
11388 3260 3731 3457 3758 
11389 2189 2190 760 2188 
11390 2188 940 1222 2186 
11391 895 191 3543 3773 
11392 1999 400 3534 3725 
11393 3070 3055 3039 3451 
11394 1894 1889 1565 3414 
11395 1918 1932 3549 3791 
11396 3251 3459 3208 3671 
11397 1899 3436 1669 3726 
11398 2976 3716 3489 3782 
11399 188 1944 189 3478 
11400 359 3356 358 3445 
11401 3188 3458 3192 3577 
11402 729 728 730 2162 
11403 2008 2366 958 603 
11404 3393 3526 1929 3598 
11405 2036 2068 622 624 
11406 3192 2994 3291 3569 
11407 1485 1962 1931 3392 
11408 2003 3507 405 3681 
11409 198 1958 1913 3500 
11410 1818 1873 1601 3465 
11411 3261 3003 3042 3418 
11412 1775 1524 3640 3661 
11413 3123 3360 3472 3655 
11414 1765 3654 3466 3816 
11415 9 3337 3484 3557 
11416 3185 3076 3186 3522 
11417 151 3539 3388 3663 
11418 3013 3014 3198 3714 
11419 3067 3491 3033 3551 
11420 3153 3304 3070 3451 
11421 979 2462 639 785 
11422 1679 1856 1829 3441 
11423 2923 3406 2924 3829 
11424 151 1951 152 3388 
11425 3135 3495 3238 3620 
11426 3297 3159 3030 3452 
11427 3438 3635 3082 3676 
11428 572 575 2265 574 
11429 1471 123 124 499 
11430 2969 3405 2970 3753 
11431 2365 2660 2008 603 
11432 3246 3474 3035 3610 
11433 1469 139 140 1301 
11434 2265 2266 575 572 
11435 3011 3433 3038 3544 
11436 3495 3597 1744 3620 
11437 1540 1543 1539 3521 
11438 1848 3531 1556 3684 
11439 1947 1953 1926 3559 
11440 1751 3578 1738 3595 
11441 698 700 763 2131 
11442 3187 3226 3260 3457 
11443 184 1946 3386 3523 
11444 636 2076 2576 635 
11445 609 611 2825 610 
11446 3013 3648 3014 3714 
11447 2556 763 700 2131 
11448 1621 1643 1644 3458 
11449 3315 2891 3609 3646 
11450 2885 3494 3328 3504 
11451 597 962 2286 599 
11452 902 3649 904 3741 
11453 910 1338 1200 3827 
11454 3022 3243 2992 3460 
11455 2992 2993 3004 3460 
11456 663 679 2107 678 
11457 1725 1894 1890 3630 
11458 1122 768 1293 3800 
11459 264 263 1399 2670 
11460 1667 1695 1644 3577 
11461 571 2505 2263 572 
11462 630 629 2070 628 
11463 2105 2104 2103 662 
11464 1444 330 329 1995 
11465 2440 2742 2376 3703 
11466 2436 3681 2781 3827 
11467 1667 3463 1695 3577 
11468 2931 2934 2932 3524 
11469 3318 3543 3343 3581 
11470 3063 3041 3258 3430 
11471 2964 3473 3023 3587 
11472 1254 50 49 1363 
11473 2111 2112 2110 682 
11474 2770 2446 2659 3770 
11475 524 523 531 2197 
11476 1971 3540 1740 3767 
11477 2081 2080 638 640 
11478 1248 19 18 1373 
11479 195 3538 912 3659 
11480 1591 3462 1623 3666 
11481 3208 3459 3224 3685 
11482 2216 542 2218 2217 
11483 710 2158 2141 2565 
11484 2958 3488 3181 3668 
11485 1809 3596 1941 3764 
11486 2184 12 13 1194 
11487 2888 3440 3560 3791 
11488 3240 2964 3023 3587 
11489 147 3622 3565 3790 
11490 884 1261 1043 3743 
11491 1830 3642 3446 3824 
11492 1570 1569 3677 3766 
11493 902 3649 3556 3775 
11494 3169 3276 3471 3717 
11495 2983 2985 3202 3469 
11496 2985 2987 2989 3469 
11497 3037 3007 3171 3468 
11498 3037 3272 3009 3468 
11499 3009 3008 3007 3468 
11500 1933 1951 3539 3767 
11501 265 264 1370 2024 
11502 222 223 2590 1398 
11503 3188 3173 3171 3463 
11504 3037 3171 3172 3463 
11505 344 345 2859 618 
11506 3276 3439 3715 3717 
11507 1999 3624 2737 3725 
11508 387 3584 3627 3793 
11509 2562 2741 2318 3752 
11510 1877 1727 1818 3465 
11511 1475 3384 1924 3484 
11512 1168 103 102 1467 
11513 3191 3516 3530 3593 
11514 1792 3640 3444 3829 
11515 1931 3392 3562 3616 
11516 1456 334 333 2755 
11517 3451 3639 1840 3669 
11518 2286 2289 2292 599 
11519 1715 1778 3518 3672 
11520 2707 334 335 1470 
11521 1984 1915 1807 3536 
11522 167 1977 1942 3558 
11523 2208 2210 534 2521 
11524 3400 3561 1610 3766 
11525 649 647 2091 648 
11526 562 2253 2255 2509 
11527 3023 3434 3025 3587 
11528 3113 3693 3401 3757 
11529 308 307 1451 2042 
11530 1827 1648 1567 3439 
11531 3466 3700 1771 3816 
11532 1714 1615 3425 3736 
11533 388 3393 3340 3584 
11534 716 2145 2147 2575 
11535 1570 1561 1848 3400 
11536 17 1286 3484 3680 
11537 1777 1868 1781 3551 
11538 1682 3403 1681 3589 
11539 588 2516 2277 589 
11540 3374 3386 3352 3576 
11541 507 29 28 1396 
11542 94 93 1284 1433 
11543 3188 3458 3577 3662 
11544 1601 1866 1877 3465 
11545 3300 3159 3301 3632 
11546 2886 3351 3327 3526 
11547 723 2152 2153 2151 
11548 2924 2925 2922 3444 
11549 1760 3509 1982 3564 
11550 177 3598 1474 3615 
11551 3104 3580 3496 3626 
11552 2197 523 531 2199 
11553 3156 3441 3634 3666 
11554 2893 3393 3327 3526 
11555 127 126 443 1421 
11556 2939 2936 2938 3427 
11557 1765 3686 3654 3816 
11558 257 258 2055 1369 
11559 1770 3468 1763 3585 
11560 2196 756 2195 2193 
11561 1602 1588 1867 3433 
11562 1604 1593 1594 3450 
11563 3340 3584 3393 3602 
11564 3260 3554 3457 3731 
11565 3086 3486 3271 3540 
11566 1538 1537 1539 3521 
11567 3504 3604 419 3687 
11568 1766 3456 1765 3816 
11569 1715 3518 3425 3672 
11570 3160 2921 3466 3700 
11571 1644 3577 1643 3662 
11572 1393 62 63 506 
11573 2141 2139 707 2140 
11574 2985 3553 3469 3736 
11575 3181 3111 3183 3455 
11576 3492 3626 3196 3718 
11577 1941 1808 1811 3596 
11578 1884 3576 3472 3655 
11579 3444 3705 1525 3713 
11580 3232 3231 3511 3602 
11581 1871 1534 1531 3424 
11582 618 620 345 619 
11583 3242 3497 3590 3787 
11584 253 254 2636 1389 
11585 527 525 2202 2203 
11586 2918 3443 2921 3700 
11587 374 3519 3560 3650 
11588 3298 3462 3153 3669 
11589 3567 3643 384 3732 
11590 2110 2626 2244 3747 
11591 1610 3589 3400 3684 
11592 2220 546 1007 2232 
11593 3047 3045 3046 3435 
11594 3021 3222 3299 3437 
11595 2931 2930 2928 3524 
11596 405 3507 2878 3543 
11597 1823 3497 1825 3590 
11598 392 3334 391 3615 
11599 157 3588 882 3825 
11600 3233 3110 3426 3698 
11601 2067 620 622 623 
11602 390 3598 2453 3615 
11603 1426 122 123 1159 
11604 3560 3620 2900 3791 
11605 3333 3396 2883 3539 
11606 1607 3458 3569 3647 
11607 2141 711 710 2565 
11608 654 2099 655 656 
11609 3437 1585 3632 3749 
11610 2292 2762 2307 601 
11611 1793 1637 3525 3664 
11612 536 538 537 2212 
11613 1545 1843 1551 3448 
11614 2908 2910 3482 3603 
11615 3041 3061 3040 3397 
11616 3383 3130 3129 3536 
11617 1666 1733 3454 3601 
11618 2996 3419 3230 3779 
11619 3304 3068 3055 3451 
11620 2075 2576 2076 635 
11621 3228 3470 3212 3710 
11622 252 251 1387 2796 
11623 2108 2107 2109 678 
11624 1739 3578 3516 3812 
11625 1545 1549 3459 3679 
11626 3383 3129 3372 3384 
11627 3471 3715 1600 3717 
11628 1161 36 35 1348 
11629 1577 1678 1575 3420 
11630 692 691 2123 690 
11631 3136 2875 3316 3392 
11632 2366 1145 958 603 
11633 1610 3561 3400 3589 
11634 541 2216 2214 2215 
11635 1930 1480 1967 3534 
11636 3493 3552 1498 3825 
11637 1310 90 1 1447 
11638 3370 3552 2897 3825 
11639 1623 3462 1608 3699 
11640 2125 2127 694 2128 
11641 3061 3200 3199 3397 
11642 2421 3649 3556 3741 
11643 3367 3310 3568 3631 
11644 3403 3561 1681 3589 
11645 3121 3505 3109 3555 
11646 373 3560 3440 3657 
11647 1980 3527 1676 3757 
11648 1515 1516 1513 3453 
11649 3033 3034 3029 3422 
11650 93 92 489 1428 
11651 646 2091 2090 647 
11652 2877 3584 3340 3602 
11653 1746 3495 1744 3620 
11654 2437 2341 2754 3651 
11655 3542 3596 3535 3761 
11656 2366 2008 2660 603 
11657 3417 1875 3644 3819 
11658 2204 527 2202 2203 
11659 3288 3693 3286 3757 
11660 3139 2890 3583 3660 
11661 1309 1311 1064 3752 
11662 1370 65 66 473 
11663 2639 226 227 1395 
11664 818 3772 3712 3823 
11665 2909 2908 2910 3482 
11666 2714 3712 3650 3772 
11667 3177 3548 3595 3756 
11668 2433 2410 3687 3759 
11669 3386 3523 3374 3735 
11670 3028 3185 3036 3522 
11671 1474 1929 3526 3598 
11672 1368 46 47 1344 
11673 3096 3227 3343 3476 
11674 196 1477 197 3571 
11675 1759 3568 3417 3644 
11676 1474 3385 178 3615 
11677 16 510 924 3680 
11678 720 722 721 2150 
11679 3434 3587 3023 3779 
11680 1439 324 323 2789 
11681 2923 2924 2922 3829 
11682 3154 2923 2920 3829 
11683 2905 2896 3391 3617 
11684 1574 3532 3479 3693 
11685 1554 1680 1556 3416 
11686 476 3565 969 3651 
11687 2969 2970 2957 3753 
11688 1765 1520 3466 3665 
11689 2192 759 758 2191 
11690 523 2197 2200 2199 
11691 2883 3396 3250 3409 
11692 3153 3148 3442 3813 
11693 1822 1820 1821 3476 
11694 163 1198 162 3519 
11695 2066 2353 8 3800 
11696 1614 3442 1631 3704 
11697 416 417 3355 3498 
11698 3078 3476 3088 3547 
11699 3021 3219 3012 3413 
11700 102 101 436 1443 
11701 2095 2096 2097 651 
11702 1674 3401 3644 3819 
11703 3075 3281 3090 3525 
11704 3088 3696 3476 3819 
11705 2984 2983 2982 3425 
11706 3267 3453 3654 3665 
11707 1373 218 217 2634 
11708 912 3538 456 3728 
11709 1169 100 99 1446 
11710 3208 3264 3265 3447 
11711 2032 3707 2683 3748 
11712 1954 3392 1726 3660 
11713 1486 3578 1751 3756 
11714 3193 3569 3118 3783 
11715 2153 723 2151 1060 
11716 1737 1754 3568 3631 
11717 1884 3386 3576 3655 
11718 3060 3050 3020 3412 
11719 578 2269 2267 576 
11720 3140 3141 3139 3583 
11721 1510 1763 3499 3585 
11722 3461 3705 2926 3713 
11723 2775 221 222 1357 
11724 541 542 543 2216 
11725 207 1506 1490 3504 
11726 532 757 756 2193 
11727 940 760 2190 2188 
11728 449 3534 1279 3725 
11729 1756 1737 3527 3631 
11730 3249 3268 3509 3601 
11731 2967 2997 2966 3408 
11732 709 1073 2124 692 
11733 2208 534 533 2521 
11734 3134 3620 3319 3796 
11735 3473 3586 2965 3630 
11736 1654 1729 1731 3555 
11737 699 701 700 2133 
11738 2440 2376 3638 3703 
11739 736 2169 2170 2168 
11740 412 3708 3500 3739 
11741 3248 2892 3409 3601 
11742 2212 2213 537 2210 
11743 2996 3230 2995 3779 
11744 2942 3416 3529 3721 
11745 3327 3393 389 3598 
11746 3244 3489 3297 3673 
11747 3121 3490 3131 3505 
11748 1632 1631 3483 3704 
11749 1511 1512 1509 3499 
11750 1814 3446 1830 3697 
11751 1695 1710 1738 3463 
11752 1682 1683 1681 3403 
11753 2667 629 788 938 
11754 3427 1857 3563 3788 
11755 571 2263 2261 569 
11756 3434 3057 3590 3787 
11757 320 321 1991 1449 
11758 3127 2889 3142 3625 
11759 871 1302 1118 3730 
11760 3364 3197 2885 3494 
11761 279 280 2832 1413 
11762 2286 2289 962 597 
11763 1685 1784 1732 3397 
11764 309 308 1454 2702 
11765 3205 3642 3439 3824 
11766 3242 3497 3124 3590 
11767 1936 1908 1749 3646 
11768 179 3485 486 3615 
11769 3494 3499 3197 3776 
11770 517 516 3614 3769 
11771 375 3519 374 3650 
11772 3232 3345 3231 3602 
11773 2353 2354 2060 3820 
11774 1573 1610 3561 3766 
11775 2101 2569 660 657 
11776 1570 3677 3400 3766 
11777 2462 785 979 3792 
11778 3286 3693 3113 3757 
11779 3097 3102 3113 3401 
11780 3066 3136 3137 3475 
11781 2881 3342 3558 3572 
11782 3107 3426 3110 3771 
11783 1795 1598 1633 3508 
11784 3409 3570 1966 3622 
11785 2050 223 224 1350 
11786 1512 1762 1903 3412 
11787 2887 400 3478 3534 
11788 3114 3116 3411 3527 
11789 1767 1522 1519 3421 
11790 3325 3510 3370 3825 
11791 3322 3515 3504 3618 
11792 448 838 1185 2181 
11793 2881 3572 3558 3629 
11794 1527 1528 1525 3461 
11795 3272 3174 3499 3585 
11796 1752 1928 1498 3510 
11797 3272 3060 3020 3499 
11798 3444 3640 1524 3661 
11799 426 427 2905 3391 
11800 1476 3440 158 3588 
11801 704 3724 789 3733 
11802 3439 3642 2981 3672 
11803 1627 3545 1628 3683 
11804 152 151 3388 3663 
11805 1777 1868 3551 3573 
11806 759 2192 2190 2191 
11807 163 859 1198 3616 
11808 1078 702 703 2137 
11809 3130 3332 3337 3691 
11810 3391 3617 2896 3765 
11811 77 78 1365 1242 
11812 3325 371 3350 3588 
11813 1166 130 129 1440 
11814 128 129 1463 497 
11815 378 3389 3359 3562 
11816 2609 2281 2279 1036 
11817 3592 3690 887 3737 
11818 2711 309 310 1431 
11819 448 1187 2181 2180 
11820 615 2866 957 612 
11821 3227 3343 3476 3581 
11822 3482 2907 3617 3765 
11823 3247 3248 3347 3486 
11824 2195 2197 524 2196 
11825 1941 3596 3542 3764 
11826 2900 3560 3519 3620 
11827 1787 3409 1938 3790 
11828 2122 2117 1069 688 
11829 702 1078 2136 2137 
11830 2095 2093 2096 651 
11831 1903 1762 1904 3496 
11832 3100 3217 3062 3574 
11833 2277 588 589 587 
11834 2121 2321 2120 689 
11835 757 532 2472 2193 
11836 27 28 1395 1163 
11837 2268 2267 2269 576 
11838 788 629 2302 631 
11839 3023 3024 3025 3434 
11840 2381 370 2382 3588 
11841 2890 3558 3342 3583 
11842 1423 327 326 2647 
11843 1972 1918 3575 3791 
11844 2427 2318 2741 3701 
11845 3139 3138 2890 3660 
11846 3449 3617 3125 3774 
11847 2121 2123 2518 691 
11848 550 670 2238 2226 
11849 2133 2136 700 2556 
11850 1610 1886 3589 3684 
11851 3283 3510 3440 3549 
11852 3024 3434 3023 3779 
11853 3048 3033 3067 3491 
11854 1362 47 48 1290 
11855 170 1496 171 3487 
11856 2181 2182 448 2180 
11857 1574 3479 1596 3693 
11858 414 2398 3619 3754 
11859 3326 3358 3566 3775 
11860 192 895 191 3543 
11861 2080 638 640 639 
11862 2888 3440 373 3560 
11863 26 27 1367 474 
11864 1641 3480 1650 3807 
11865 879 918 3657 3752 
11866 181 3402 3556 3780 
11867 2902 3368 3500 3708 
11868 3245 3083 3289 3467 
11869 984 985 750 3733 
11870 2880 424 3514 3737 
11871 3035 3040 3059 3711 
11872 1645 1621 1644 3577 
11873 1826 1896 1828 3434 
11874 481 3500 198 3748 
11875 165 1495 3389 3562 
11876 3105 3421 3517 3795 
11877 3288 3508 3693 3757 
11878 2976 2975 2974 3432 
11879 2089 2090 2086 646 
11880 1287 33 32 1354 
11881 150 3570 3539 3628 
11882 3301 3632 3159 3749 
11883 3209 3535 3596 3761 
11884 1766 3686 3456 3734 
11885 1427 140 141 1332 
11886 1922 3579 1494 3581 
11887 1823 1826 1820 3590 
11888 3254 2987 2988 3407 
11889 217 6 1392 2800 
11890 1659 1661 1660 3675 
11891 2114 2116 2117 686 
11892 3367 3115 3310 3631 
11893 3540 3573 1700 3646 
11894 1712 1713 1781 3551 
11895 1824 3497 1823 3590 
11896 1969 3482 3765 3798 
11897 2943 2942 2946 3416 
11898 2262 2261 2263 569 
11899 1984 1924 1475 3384 
11900 1687 1685 1686 3397 
11901 1928 1476 158 3588 
11902 1677 1737 1754 3568 
11903 2768 3604 2404 3637 
11904 2196 532 756 2193 
11905 1637 1638 1619 3423 
11906 278 5 2022 1366 
11907 3333 3396 3539 3767 
11908 161 3560 3519 3650 
11909 3271 3540 3396 3767 
11910 1693 1692 1694 3533 
11911 2825 2842 2839 609 
11912 207 3504 3618 3786 
11913 189 1210 188 3478 
11914 3473 3630 2995 3779 
11915 188 1279 187 3478 
11916 3092 3104 3496 3626 
11917 2771 2719 3789 3806 
11918 1805 3535 1806 3727 
11919 2397 3652 2803 3680 
11920 3013 3450 3648 3714 
11921 1810 1887 1811 3535 
11922 3523 3566 3309 3775 
11923 2125 694 708 2128 
11924 1518 1515 1764 3513 
11925 513 91 90 1460 
11926 1384 259 258 2726 
11927 3208 3207 3206 3446 
11928 2231 2234 558 2233 
11929 3213 3438 3228 3710 
11930 2127 708 694 2128 
11931 558 556 559 2231 
11932 716 717 718 2147 
11933 1931 1485 3392 3616 
11934 3321 3390 408 3538 
11935 1562 3447 1866 3688 
11936 426 2896 425 3391 
11937 2277 2275 2287 588 
11938 3067 3551 3261 3623 
11939 1475 1802 3384 3774 
11940 651 2096 2097 654 
11941 2990 3222 2991 3520 
11942 736 2169 2524 2170 
11943 2905 2906 2896 3617 
11944 3306 3445 3356 3564 
11945 1858 1543 1859 3410 
11946 589 1036 2279 591 
11947 1397 219 218 2058 
11948 3640 3670 3443 3829 
11949 3170 3664 3423 3746 
11950 176 3393 1929 3598 
11951 1953 3487 1926 3559 
11952 2927 3220 2928 3420 
11953 435 18 3 1392 
11954 1950 146 145 3445 
11955 2107 2106 2105 663 
11956 1460 290 289 2736 
11957 3047 3238 3045 3495 
11958 3373 3582 2880 3625 
11959 186 3386 3534 3624 
11960 3332 3383 2882 3384 
11961 505 58 57 1383 
11962 3355 2901 3176 3498 
11963 456 912 195 3538 
11964 2308 2343 2342 3806 
11965 3114 3116 3117 3411 
11966 1837 3429 1642 3738 
11967 260 259 1375 2021 
11968 1481 1787 3396 3409 
11969 3032 3180 3533 3610 
11970 2289 2286 2285 597 
11971 3027 3474 3246 3610 
11972 1924 3484 3384 3691 
11973 1583 3632 1585 3749 
11974 526 527 525 2202 
11975 1682 3589 3467 3719 
11976 2693 3729 2059 3785 
11977 104 103 500 1458 
11978 1907 1884 3472 3655 
11979 3074 3517 3541 3795 
11980 2320 2805 2439 3808 
11981 2594 2549 2324 3772 
11982 2170 2173 738 2172 
11983 1840 3669 1589 3822 
11984 1511 1510 1763 3499 
11985 3345 2893 3526 3602 
11986 3516 3593 3363 3708 
11987 550 2238 2224 2226 
11988 636 638 2079 637 
11989 3124 3242 3380 3497 
11990 1685 3397 1732 3574 
11991 1979 1754 3390 3568 
11992 3346 3482 2909 3798 
11993 128 127 1173 1423 
11994 1069 2117 747 688 
11995 2905 3617 3391 3774 
11996 654 2097 2099 656 
11997 1200 3681 3606 3827 
11998 2089 2091 2090 646 
11999 2213 1020 537 2210 
12000 3551 3573 3261 3623 
12001 706 2158 2560 2139 
12002 1971 1740 1933 3767 
12003 2234 560 558 2233 
12004 1918 1501 1932 3791 
12005 3139 3583 3546 3660 
12006 1899 1769 1669 3436 
12007 387 386 2368 3627 
12008 2011 375 3650 3712 
12009 3463 3577 1667 3662 
12010 3378 2883 3409 3570 
12011 3158 3159 3452 3749 
12012 1607 3458 1621 3569 
12013 3262 3635 3438 3817 
12014 1714 1615 1715 3425 
12015 160 3440 3560 3657 
12016 3331 357 2874 3506 
12017 3214 2983 3202 3518 
12018 1855 1779 1893 3422 
12019 3291 3569 2994 3647 
12020 1793 1728 1637 3664 
12021 2284 2283 2285 595 
12022 2286 2284 2285 597 
12023 2609 2279 2516 1036 
12024 986 773 1312 3808 
12025 1913 3500 3593 3708 
12026 3087 3119 3120 3428 
12027 646 2089 2091 648 
12028 3204 3006 2993 3436 
12029 3502 3574 1684 3612 
12030 2014 2386 3694 3794 
12031 2901 3498 3494 3776 
12032 2895 3324 406 3507 
12033 1735 1867 1797 3544 
12034 1376 263 262 2053 
12035 3167 3608 3491 3623 
12036 1809 3506 3557 3764 
12037 2689 3733 2312 3751 
12038 1849 1586 3437 3720 
12039 2007 247 248 1408 
12040 485 3565 147 3622 
12041 257 256 1383 2750 
12042 3606 3681 2003 3827 
12043 565 564 2258 566 
12044 1623 1646 1670 3443 
12045 1761 3626 3492 3718 
12046 1895 1694 3419 3611 
12047 3084 3263 3086 3545 
12048 51 50 1179 1382 
12049 1772 1523 1522 3517 
12050 3259 3635 3448 3676 
12051 1669 3662 1643 3726 
12052 196 1945 1477 3538 
12053 3654 3686 3456 3816 
12054 298 297 1429 2040 
12055 3722 3742 2017 3778 
12056 2418 402 401 3656 
12057 1366 79 1 1313 
12058 1096 2085 2082 642 
12059 2896 2906 2907 3617 
12060 3269 3187 3076 3414 
12061 3237 3516 3363 3708 
12062 1835 1702 1701 3746 
12063 1834 1657 1660 3511 
12064 1133 3789 922 3806 
12065 1815 1830 1841 3464 
12066 2255 2254 563 2256 
12067 408 3321 407 3390 
12068 13 2184 2182 2183 
12069 2384 368 3621 3695 
12070 1280 55 54 1389 
12071 3371 3571 3338 3593 
12072 1739 1695 3578 3812 
12073 172 1925 173 3481 
12074 2380 3657 372 3701 
12075 1703 3472 1884 3576 
12076 3368 3338 411 3500 
12077 3290 2969 3508 3647 
12078 1083 2096 651 654 
12079 3508 1795 3693 3757 
12080 1952 3402 3387 3803 
12081 207 451 3504 3786 
12082 1402 266 265 2545 
12083 1584 3437 1585 3632 
12084 464 3657 877 3701 
12085 95 94 1259 1434 
12086 2070 629 624 628 
12087 2475 550 1005 2224 
12088 3078 3547 3058 3590 
12089 3342 2890 380 3558 
12090 97 96 1228 1422 
12091 2006 2364 2402 3728 
12092 3368 412 2902 3500 
12093 566 2259 567 568 
12094 984 3733 3605 3751 
12095 3089 3169 3276 3471 
12096 1692 3533 1691 3610 
12097 3249 3509 3564 3601 
12098 472 32 31 1349 
12099 460 3567 3627 3789 
12100 3265 3447 3017 3648 
12101 1895 1694 1692 3419 
12102 3071 3654 3453 3686 
12103 3079 3230 3178 3611 
12104 2178 1187 799 2180 
12105 98 97 1246 1442 
12106 2068 2069 2070 624 
12107 1788 1787 1665 3486 
12108 431 96 95 1461 
12109 2787 3740 2276 3821 
12110 1791 1691 1747 3566 
12111 1425 291 290 1985 
12112 1654 1655 1729 3555 
12113 1490 3515 1965 3618 
12114 213 212 1502 3391 
12115 549 546 548 2222 
12116 2400 408 3659 3728 
12117 562 2253 2254 2255 
12118 2979 3642 3464 3672 
12119 2196 2472 532 2193 
12120 3134 3319 2875 3796 
12121 904 903 3741 3792 
12122 1690 3474 3610 3711 
12123 2870 2843 617 615 
12124 1903 1709 1761 3626 
12125 706 710 2158 2139 
12126 2929 2930 3218 3424 
12127 1489 3402 1791 3566 
12128 351 350 2365 605 
12129 3233 3698 3426 3805 
12130 2074 2073 2075 635 
12131 1672 1661 1671 3502 
12132 417 3604 3498 3637 
12133 1849 3477 1590 3720 
12134 1535 1533 1816 3432 
12135 533 530 534 2208 
12136 3534 3624 1999 3725 
12137 661 2118 2105 1045 
12138 1214 1050 535 3799 
12139 2158 710 706 2560 
12140 2074 2075 2076 635 
12141 321 322 2710 1426 
12142 3312 3143 3133 3503 
12143 563 562 561 2254 
12144 734 733 2166 2168 
12145 1005 2238 2475 2224 
12146 156 3493 1498 3825 
12147 124 125 1439 1167 
12148 1444 130 131 445 
12149 1142 57 56 1390 
12150 1929 176 1504 3393 
12151 3416 3257 3586 3692 
12152 2425 2803 2397 3652 
12153 2188 1222 2187 2186 
12154 2902 3593 3368 3708 
12155 1975 1492 203 3548 
12156 3423 3525 1637 3664 
12157 969 3565 485 3651 
12158 1898 3403 3591 3753 
12159 2238 1005 550 2224 
12160 297 296 1442 2642 
12161 907 198 3500 3748 
12162 405 3543 404 3773 
12163 1510 1509 1508 3499 
12164 1884 3386 1946 3576 
12165 3323 385 3353 3567 
12166 2003 3606 3507 3681 
12167 1923 3393 175 3584 
12168 2250 2428 2463 3770 
12169 727 726 725 2154 
12170 1353 267 266 2676 
12171 1783 1782 3516 3530 
12172 2341 2754 3651 3810 
12173 3000 3600 3407 3804 
12174 2869 288 6 1418 
12175 2816 3605 3619 3733 
12176 1695 3577 3463 3812 
12177 876 875 467 3744 
12178 1386 44 45 1294 
12179 2092 2090 2091 647 
12180 2950 3184 3186 3415 
12181 1583 3452 3632 3749 
12182 378 3607 3562 3689 
12183 1903 3496 3626 3718 
12184 3276 3285 3439 3717 
12185 549 550 2475 2224 
12186 1402 66 67 1184 
12187 902 3556 182 3775 
12188 3357 2887 3380 3497 
12189 3135 3065 3238 3495 
12190 2167 731 733 2164 
12191 1675 1875 1821 3476 
12192 1903 1697 1709 3496 
12193 1797 1718 1719 3454 
12194 1660 1789 3511 3612 
12195 2105 661 1045 663 
12196 3346 3145 3625 3798 
12197 1729 1655 1834 3771 
12198 1599 1634 1618 3435 
12199 1711 3640 3443 3700 
12200 3535 3536 1806 3727 
12201 1652 1631 1799 3603 
12202 2370 382 2028 3629 
12203 1776 3428 3541 3719 
12204 3065 3044 3045 3495 
12205 2519 2086 2090 645 
12206 634 632 2074 635 
12207 1878 3444 1525 3713 
12208 1926 1479 1947 3572 
12209 2890 379 380 3389 
12210 3170 3168 3370 3746 
12211 3167 3491 3067 3623 
12212 726 727 2155 2154 
12213 1746 3575 3495 3620 
12214 3434 3024 3611 3779 
12215 2294 2292 2289 625 
12216 249 248 1363 2551 
12217 3031 3642 3446 3697 
12218 3451 3669 1840 3822 
12219 887 3737 3690 3828 
12220 1827 3715 3439 3717 
12221 379 3359 378 3389 
12222 359 2016 3565 3651 
12223 647 646 2091 648 
12224 727 728 729 2156 
12225 3056 3535 3536 3596 
12226 1020 534 537 2210 
12227 3355 3498 3176 3595 
12228 1759 3417 1875 3644 
12229 3293 3444 2925 3705 
12230 1630 1544 1540 3427 
12231 660 2103 2101 659 
12232 1609 3639 3442 3813 
12233 1968 1759 1482 3417 
12234 2818 3712 2714 3772 
12235 2380 372 2012 3701 
12236 2969 2971 3405 3647 
12237 1713 3551 3491 3623 
12238 2751 2161 989 2468 
12239 3251 3224 3208 3459 
12240 1806 3536 3535 3596 
12241 2516 2279 2277 589 
12242 3499 3585 3174 3776 
12243 1897 3434 3611 3779 
12244 1907 3497 3472 3787 
12245 1669 3436 3662 3726 
12246 3099 3348 3098 3646 
12247 1787 1786 3409 3790 
12248 383 3487 382 3643 
12249 1970 3550 3402 3803 
12250 3019 3453 3008 3709 
12251 3286 3288 2968 3508 
12252 3309 3374 3352 3576 
12253 758 757 2192 2193 
12254 1741 3526 1906 3612 
12255 2149 2151 721 2580 
12256 395 3556 2033 3741 
12257 1979 193 1963 3507 
12258 3174 3280 3272 3499 
12259 3282 3423 3170 3664 
12260 1944 3478 1824 3537 
12261 1483 3582 1910 3625 
12262 2968 3290 2969 3508 
12263 2925 3705 3444 3713 
12264 1237 3389 166 3607 
12265 1917 3506 1809 3764 
12266 1459 114 115 1209 
12267 3017 3648 3447 3688 
12268 2906 2908 2907 3617 
12269 359 2437 2016 3651 
12270 411 3707 2032 3748 
12271 125 126 1472 1182 
12272 1927 201 3512 3756 
12273 1560 1890 1555 3473 
12274 1945 1491 1755 3631 
12275 1492 1948 1920 3498 
12276 157 882 156 3825 
12277 1632 1668 3704 3734 
12278 1036 2281 591 594 
12279 3097 3401 3696 3819 
12280 3228 2935 3212 3470 
12281 2955 3561 3479 3753 
12282 2922 3444 3293 3829 
12283 2908 3482 2907 3617 
12284 3117 3290 3288 3508 
12285 710 706 707 2139 
12286 2906 3147 2908 3617 
12287 2159 2700 2150 3759 
12288 184 3523 3386 3735 
12289 404 3543 403 3773 
12290 3500 3708 199 3739 
12291 3233 3110 3107 3426 
12292 3316 2875 377 3616 
12293 1445 331 330 2745 
12294 3265 3017 2998 3648 
12295 1507 1509 1761 3492 
12296 955 3759 3687 3786 
12297 2178 2181 1187 2180 
12298 2339 2331 2211 3799 
12299 675 1036 2516 589 
12300 670 550 552 2226 
12301 12 2184 2487 1194 
12302 2762 2292 625 601 
12303 271 270 1391 2731 
12304 2984 3300 2986 3431 
12305 3365 413 3512 3708 
12306 3234 3229 3164 3480 
12307 216 3484 1286 3652 
12308 2422 2428 2403 3748 
12309 807 3772 818 3823 
12310 3337 3557 3377 3596 
12311 1724 1891 1892 3529 
12312 3271 3396 3333 3767 
12313 3160 2921 3163 3466 
12314 978 665 1330 3809 
12315 3158 3157 3159 3749 
12316 253 252 1407 2056 
12317 1948 1510 1508 3776 
12318 707 711 710 2141 
12319 2918 2921 3443 3829 
12320 3724 3754 2446 3770 
12321 3588 3701 919 3743 
12322 1666 1733 1719 3454 
12323 2944 3410 3731 3758 
12324 2220 1007 544 2484 
12325 2919 3634 3443 3699 
12326 1821 3417 1968 3581 
12327 3066 3198 3044 3475 
12328 3295 3162 3150 3456 
12329 208 1490 1965 3618 
12330 670 552 1003 2226 
12331 3350 2888 3283 3440 
12332 3123 3352 3360 3576 
12333 1918 3549 1794 3575 
12334 3159 3632 3452 3749 
12335 1661 3502 1789 3612 
12336 814 922 1197 3820 
12337 1931 3392 1495 3562 
12338 2182 2184 13 1194 
12339 566 2260 2259 568 
12340 798 1187 799 2178 
12341 1614 1613 1631 3442 
12342 3498 3604 204 3637 
12343 214 3391 1919 3774 
12344 242 241 1404 2623 
12345 38 39 1356 1276 
12346 200 199 3708 3739 
12347 2918 3443 2920 3829 
12348 2921 2922 3293 3829 
12349 2918 2920 2921 3829 
12350 1232 3618 826 3786 
12351 694 696 708 2127 
12352 733 732 734 2166 
12353 1947 1882 3503 3572 
12354 1505 3609 3388 3646 
12355 1528 1842 3713 3745 
12356 1067 2109 679 680 
12357 894 3687 955 3759 
12358 1806 1808 3536 3596 
12359 2859 2860 617 618 
12360 3064 3062 3502 3612 
12361 416 2004 417 3637 
12362 3154 3634 3441 3670 
12363 636 634 2076 635 
12364 902 3556 3649 3741 
12365 2214 2213 537 2212 
12366 1756 1961 1757 3411 
12367 2002 3687 2410 3786 
12368 3689 3768 844 3797 
12369 2886 3598 390 3615 
12370 622 344 972 621 
12371 1643 3662 3458 3726 
12372 683 2111 2109 680 
12373 3332 3130 3383 3691 
12374 1674 3401 1676 3644 
12375 1406 45 46 478 
12376 2811 2732 1998 3690 
12377 2376 2028 381 3703 
12378 1409 76 77 493 
12379 1874 3430 1672 3645 
12380 1583 1585 1829 3749 
12381 2877 3131 3481 3505 
12382 3728 3747 2708 3815 
12383 1623 1591 1608 3462 
12384 3059 3550 3610 3711 
12385 1654 3555 1844 3807 
12386 2184 430 1264 2186 
12387 3580 3625 3145 3798 
12388 3097 3696 3088 3819 
12389 711 1042 2565 2143 
12390 2109 2115 1067 679 
12391 3411 3118 3569 3783 
12392 1756 1755 1737 3631 
12393 1547 3457 3554 3731 
12394 3293 2925 3225 3705 
12395 1776 3541 1773 3719 
12396 2424 3606 2806 3747 
12397 3318 2894 3579 3581 
12398 39 40 1403 502 
12399 204 203 1492 3498 
12400 3352 3360 3576 3655 
12401 143 1809 3506 3557 
12402 605 669 351 607 
12403 674 2089 646 648 
12404 3312 3143 3503 3572 
12405 1851 3633 3446 3685 
12406 3539 3628 364 3663 
12407 1632 1631 1652 3483 
12408 3016 3635 3459 3679 
12409 1810 3535 3451 3822 
12410 1007 544 546 2220 
12411 3093 3170 3423 3746 
12412 2123 2124 2125 692 
12413 1506 1507 1949 3492 
12414 1431 110 111 1285 
12415 1746 1869 3495 3575 
12416 1472 325 324 2694 
12417 1783 3516 1964 3593 
12418 1998 2732 2523 3599 
12419 2889 422 3373 3582 
12420 3122 3555 3480 3807 
12421 1758 3530 1783 3593 
12422 1498 1928 157 3588 
12423 1808 1807 3536 3596 
12424 865 1334 3674 3818 
12425 3469 3553 1616 3736 
12426 1559 3633 3447 3667 
12427 400 399 1999 3534 
12428 1576 3489 3716 3782 
12429 3125 3449 3147 3617 
12430 2556 2245 763 2131 
12431 1036 2609 2281 594 
12432 1521 1519 3421 3665 
12433 1550 3633 3459 3671 
12434 1874 1872 1686 3430 
12435 1715 3425 1838 3672 
12436 962 2289 2285 597 
12437 2873 3309 3566 3775 
12438 2969 2994 2971 3647 
12439 3402 3556 3326 3775 
12440 2073 2074 632 635 
12441 3193 3530 3569 3783 
12442 3418 3545 1627 3683 
12443 211 3514 1921 3592 
12444 2193 2192 758 2191 
12445 3393 3584 1923 3602 
12446 3116 3527 3115 3631 
12447 2269 2299 1017 578 
12448 1770 1763 1710 3585 
12449 1574 3532 1571 3766 
12450 2419 3656 400 3725 
12451 532 756 524 2196 
12452 350 2858 2865 607 
12453 1703 1883 1693 3576 
12454 1949 3492 1761 3626 
12455 733 2166 2167 2164 
12456 149 1966 3570 3622 
12457 1353 67 68 1178 
12458 2079 1100 2081 638 
12459 2129 696 2130 2127 
12460 3585 3595 3174 3776 
12461 919 3588 464 3701 
12462 916 3729 477 3741 
12463 408 2006 3538 3728 
12464 3112 3105 3421 3661 
12465 2939 2942 3529 3721 
12466 365 3330 364 3388 
12467 2609 2288 2281 594 
12468 1447 289 5 2490 
12469 2266 2265 2263 572 
12470 1449 121 122 441 
12471 1015 2266 2505 572 
12472 2035 2371 2767 3732 
12473 306 307 2620 1448 
12474 1903 3496 1709 3626 
12475 416 3548 2399 3605 
12476 2304 2136 1078 2137 
12477 1740 3540 1700 3646 
12478 1837 1860 1642 3429 
12479 1973 1822 1821 3581 
12480 2164 2167 731 765 
12481 1944 3537 1494 3579 
12482 2874 3381 3331 3658 
12483 1592 3639 3462 3669 
12484 2084 2082 2085 642 
12485 2080 2081 2082 640 
12486 1880 1923 1487 3602 
12487 1709 3496 1697 3626 
12488 372 3350 371 3440 
12489 2373 3729 2443 3741 
12490 1660 1789 1790 3511 
12491 1481 1966 1787 3409 
12492 3314 3166 3167 3608 
12493 609 2858 968 607 
12494 1017 2269 578 579 
12495 3152 3634 3462 3666 
12496 2825 2865 2842 609 
12497 3487 3629 382 3643 
12498 2422 2403 3739 3748 
12499 700 2133 2556 2131 
12500 453 3507 3606 3681 
12501 601 2292 625 599 
12502 3097 3401 3284 3696 
12503 529 2204 2206 2207 
12504 632 1066 2073 635 
12505 562 564 676 2509 
12506 1809 1808 1941 3596 
12507 1728 1793 1794 3664 
12508 1552 3554 1548 3692 
12509 157 1498 3588 3825 
12510 582 2271 2498 579 
12511 395 2421 3556 3741 
12512 366 2891 365 3388 
12513 1916 3552 3493 3608 
12514 2887 400 401 3478 
12515 1667 3577 1644 3662 
12516 3012 3038 3011 3433 
12517 3298 3153 3462 3813 
12518 1621 1607 1620 3458 
12519 2170 735 736 2168 
12520 1493 3523 183 3775 
12521 2902 3500 412 3708 
12522 356 3506 2904 3557 
12523 1042 711 713 2143 
12524 2386 2385 2014 3694 
12525 286 287 2850 1420 
12526 2200 2197 523 2201 
12527 250 249 1382 2697 
12528 1933 1740 1951 3767 
12529 569 571 2263 572 
12530 1775 3640 3466 3661 
12531 206 893 3604 3687 
12532 2446 3754 2659 3770 
12533 2166 2169 734 2168 
12534 760 2190 2189 2191 
12535 195 912 194 3659 
12536 2956 2972 3286 3532 
12537 1948 3498 1492 3595 
12538 2899 3354 3335 3387 
12539 1545 3459 1549 3817 
12540 3090 3282 3095 3525 
12541 2079 2081 1100 2309 
12542 3491 3551 3067 3623 
12543 1655 1657 1834 3426 
12544 3266 3654 3466 3665 
12545 1780 1648 3439 3824 
12546 3364 3128 3492 3515 
12547 1790 3511 1789 3612 
12548 629 2068 2070 624 
12549 2234 766 560 2233 
12550 1701 3423 1637 3664 
12551 3280 3197 3499 3776 
12552 571 1015 2505 572 
12553 1830 3446 1814 3824 
12554 2951 2963 2964 3531 
12555 3388 3539 364 3663 
12556 425 2811 1998 3592 
12557 3433 3038 3544 3761 
12558 2000 2413 2414 3828 
12559 2475 2222 549 2224 
12560 3027 3035 3246 3474 
12561 3398 3677 1569 3766 
12562 1705 1947 1882 3503 
12563 801 952 864 3818 
12564 1629 3418 1627 3683 
12565 1450 319 318 2797 
12566 543 786 541 2216 
12567 3102 3644 3527 3757 
12568 2288 2609 1036 594 
12569 1780 3439 1827 3715 
12570 438 112 111 1436 
12571 2708 3728 3659 3747 
12572 3280 3499 3174 3776 
12573 2754 2652 2391 3651 
12574 1584 1849 1586 3437 
12575 3355 3177 416 3548 
12576 1360 74 75 480 
12577 395 2033 2421 3741 
12578 3105 3517 3074 3795 
12579 1964 1499 3593 3708 
12580 364 365 3388 3663 
12581 907 481 198 3748 
12582 3228 3213 3082 3438 
12583 694 2126 2127 2125 
12584 3257 3416 2942 3721 
12585 2136 702 700 2556 
12586 2245 1129 698 2129 
12587 190 1219 3678 3773 
12588 3314 2879 3362 3608 
12589 175 3584 3393 3653 
12590 1713 1777 3551 3623 
12591 3161 3654 3456 3816 
12592 1498 3493 1916 3552 
12593 134 135 1456 1151 
12594 3249 3564 2892 3601 
12595 2689 3605 2816 3733 
12596 3215 3001 3043 3454 
12597 2843 2866 957 615 
12598 660 2569 2119 657 
12599 1973 1922 1494 3581 
12600 3279 3573 3098 3646 
12601 2907 2909 3346 3482 
12602 3200 3334 3335 3387 
12603 1975 1486 1751 3756 
12604 1913 1499 3500 3708 
12605 2682 336 337 1432 
12606 2906 2905 3125 3617 
12607 2299 2498 2269 1017 
12608 1587 3413 1589 3666 
12609 3174 3585 3175 3595 
12610 2218 544 543 2484 
12611 1972 1501 1918 3791 
12612 3317 3565 360 3790 
12613 2067 345 344 620 
12614 1553 3586 3414 3692 
12615 3378 2883 3250 3409 
12616 2131 2245 698 2129 
12617 1958 3571 1758 3593 
12618 529 530 533 2208 
12619 2200 525 1117 2203 
12620 3098 3042 3085 3573 
12621 1789 1684 1741 3612 
12622 3302 3219 3413 3669 
12623 2933 3563 3424 3788 
12624 897 3649 446 3735 
12625 42 43 1404 1157 
12626 2781 2408 3678 3773 
12627 1951 1740 1505 3646 
12628 2096 1083 2097 654 
12629 2681 3614 357 3722 
12630 3318 403 404 3543 
12631 2819 2734 2334 3768 
12632 1720 1682 3467 3719 
12633 1504 3393 1923 3602 
12634 358 2874 357 3445 
12635 1814 3446 1852 3824 
12636 1780 1830 1648 3824 
12637 1830 1814 1852 3824 
12638 1786 3564 1982 3601 
12639 3189 3188 3192 3577 
12640 463 1225 855 3703 
12641 1612 1676 1674 3401 
12642 161 3519 462 3650 
12643 2898 3361 3132 3559 
12644 1141 3706 3689 3797 
12645 413 3512 3708 3739 
12646 150 467 3570 3628 
12647 350 351 2858 607 
12648 826 1232 926 3618 
12649 1930 3478 187 3534 
12650 1721 3700 3395 3816 
12651 3340 3393 2893 3602 
12652 1707 3475 1727 3714 
12653 2795 3763 2237 3794 
12654 2215 2214 538 2212 
12655 3321 3341 3126 3631 
12656 3196 3626 3092 3718 
12657 413 3708 2902 3739 
12658 3537 3579 2894 3581 
12659 1308 826 926 3682 
12660 1980 3411 1756 3527 
12661 9 2034 3613 3680 
12662 3386 3624 185 3735 
12663 2167 733 731 765 
12664 1286 3652 3484 3680 
12665 1018 537 538 2214 
12666 3196 3492 3128 3626 
12667 3085 3086 3271 3540 
12668 1882 1639 1641 3503 
12669 1582 1624 3553 3736 
12670 3253 3544 3038 3761 
12671 3094 3238 3047 3575 
12672 437 107 106 1465 
12673 1809 3557 3596 3764 
12674 529 528 530 2206 
12675 1494 3579 3537 3581 
12676 618 2860 617 616 
12677 1589 3669 3413 3822 
12678 2768 2433 2406 3687 
12679 2442 3606 2003 3827 
12680 1688 3474 1690 3711 
12681 1858 3410 1833 3676 
12682 2823 3724 2698 3733 
12683 3255 3398 3165 3677 
12684 1377 272 271 2785 
12685 1849 1879 1590 3477 
12686 3206 3446 3031 3642 
12687 1100 664 2081 638 
12688 3282 3093 3170 3423 
12689 1641 1705 3503 3807 
12690 2964 3240 2951 3531 
12691 2663 261 262 1393 
12692 709 2123 2122 690 
12693 413 2902 412 3739 
12694 3020 3412 3049 3709 
12695 2080 2079 2081 638 
12696 2957 2955 3479 3753 
12697 1552 3554 1564 3731 
12698 1018 538 541 2214 
12699 3381 3542 3210 3658 
12700 9 2034 355 3613 
12701 3023 3587 3473 3779 
12702 3296 3406 2923 3702 
12703 1488 1916 3493 3608 
12704 1765 3466 1520 3816 
12705 721 2150 2151 2149 
12706 632 2072 2073 630 
12707 581 2271 582 579 
12708 3195 3530 3194 3593 
12709 1740 3540 3646 3767 
12710 563 564 562 2255 
12711 1708 1652 1799 3482 
12712 1969 3765 3514 3798 
12713 357 2681 358 3614 
12714 1017 2498 2269 579 
12715 1486 1927 3578 3756 
12716 34 33 1325 1347 
12717 3324 2878 405 3507 
12718 1936 3609 1505 3646 
12719 1484 145 144 3445 
12720 903 902 904 3741 
12721 1889 1688 1872 3474 
12722 1422 296 295 1986 
12723 1378 75 76 1144 
12724 818 3712 3706 3784 
12725 1918 1794 1870 3575 
12726 3016 3224 3459 3635 
12727 2245 698 763 2131 
12728 636 2576 771 635 
12729 1807 1806 1808 3536 
12730 448 14 13 2183 
12731 2099 657 655 656 
12732 622 620 344 621 
12733 576 578 2269 579 
12734 1787 1938 1786 3790 
12735 3097 3284 3088 3696 
12736 944 1222 940 2186 
12737 1831 3408 1557 3679 
12738 1914 1969 3482 3765 
12739 2859 617 970 618 
12740 1504 175 1923 3393 
12741 1566 3404 1563 3688 
12742 1596 1574 1597 3479 
12743 363 3539 2883 3570 
12744 549 550 1005 2475 
12745 2916 3699 3395 3813 
12746 3334 3385 391 3615 
12747 2123 2125 2126 692 
12748 1219 1205 3678 3773 
12749 3003 2999 3418 3723 
12750 355 2393 356 3613 
12751 1491 3538 3390 3631 
12752 3419 3630 3473 3779 
12753 3167 3166 3067 3491 
12754 2962 2967 3408 3671 
12755 3158 3452 3702 3749 
12756 1610 3400 1848 3684 
12757 2901 3176 3498 3776 
12758 2569 2101 2119 657 
12759 397 3374 3523 3735 
12760 2186 2184 430 2185 
12761 3373 423 2880 3582 
12762 1607 1606 1620 3647 
12763 2723 2744 2386 3755 
12764 3098 3085 3540 3573 
12765 80 81 1413 432 
12766 806 1046 1140 3811 
12767 2208 529 2206 2207 
12768 857 3742 3722 3778 
12769 159 464 158 3440 
12770 3371 3338 3195 3593 
12771 1968 1821 1875 3417 
12772 708 1073 694 2125 
12773 1230 59 58 1369 
12774 2003 406 405 3507 
12775 1709 1949 1761 3626 
12776 3084 3086 3085 3545 
12777 3001 3002 3011 3477 
12778 405 2407 3681 3773 
12779 3285 2981 3276 3439 
12780 56 55 469 1351 
12781 3008 3267 3252 3513 
12782 3315 3623 3279 3646 
12783 1235 3604 893 3687 
12784 1707 1727 1877 3714 
12785 1171 105 104 1430 
12786 968 2842 2858 609 
12787 1780 1827 1778 3715 
12788 3275 3404 3273 3667 
12789 1547 3554 1552 3731 
12790 2484 2220 1007 2232 
12791 380 3607 2031 3638 
12792 2911 3147 3303 3528 
12793 588 675 2516 589 
12794 1891 1724 1886 3529 
12795 1384 59 60 1297 
12796 1800 3617 3449 3774 
12797 2898 3339 3487 3559 
12798 452 853 841 3678 
12799 2894 3537 3379 3579 
12800 1143 92 91 1425 
12801 1624 3553 1625 3683 
12802 305 304 1435 2657 
12803 2253 562 676 2509 
12804 2902 3708 412 3739 
12805 1583 1584 1585 3632 
12806 1573 1574 1571 3766 
12807 254 255 2019 1351 
12808 2416 3690 3592 3737 
12809 2210 2213 1020 2521 
12810 2678 2740 3678 3802 
12811 2955 2956 2957 3479 
12812 3346 2909 3145 3798 
12813 1558 1866 1562 3447 
12814 1723 1876 3406 3713 
12815 1808 3535 1811 3596 
12816 1533 1534 1536 3470 
12817 1616 3553 1624 3736 
12818 683 2579 1067 680 
12819 3269 3414 3026 3630 
12820 2039 292 293 1433 
12821 1604 1605 3501 3738 
12822 2586 2179 743 800 
12823 40 41 1388 1162 
12824 2972 2956 2954 3532 
12825 1781 1713 1777 3551 
12826 684 682 2111 683 
12827 423 3582 2000 3737 
12828 3130 3596 3536 3691 
12829 2816 3605 2399 3619 
12830 1219 1205 854 3678 
12831 2239 2091 2089 648 
12832 3308 2873 3309 3566 
12833 3326 2873 3358 3775 
12834 1606 3405 1900 3726 
12835 1786 1982 1733 3601 
12836 918 1257 570 3752 
12837 1543 3457 1547 3731 
12838 2081 664 1096 640 
12839 1434 294 293 2474 
12840 1807 3536 3596 3691 
12841 449 187 1279 3534 
12842 2251 2396 3742 3778 
12843 2338 3614 2681 3722 
12844 2170 738 737 2172 
12845 640 1096 2082 642 
12846 2156 2163 729 755 
12847 1723 3406 1856 3670 
12848 161 162 462 3519 
12849 1608 3462 1592 3639 
12850 183 3649 902 3775 
12851 3160 3466 3266 3654 
12852 1528 3713 3461 3745 
12853 455 3512 862 3754 
12854 1521 1520 1519 3665 
12855 407 406 2424 3659 
12856 1649 3685 3399 3817 
12857 1824 1825 1823 3497 
12858 2188 944 940 2186 
12859 2491 2287 2275 1023 
12860 241 240 1358 2018 
12861 1180 101 100 1457 
12862 1949 3515 3492 3626 
12863 914 915 450 3682 
12864 2872 7 279 1415 
12865 2977 2976 2978 3464 
12866 799 2178 2180 2179 
12867 862 455 201 3512 
12868 3211 3268 3253 3509 
12869 2874 3356 3306 3445 
12870 2881 3558 381 3629 
12871 1186 889 1334 3599 
12872 22 21 1221 1394 
12873 3358 3277 3550 3566 
12874 1888 3428 1776 3719 
12875 3352 3576 3386 3655 
12876 757 758 756 2193 
12877 2123 709 692 690 
12878 531 532 524 2196 
12879 2652 3651 2754 3810 
12880 412 3500 2422 3739 
12881 1542 3438 1541 3817 
12882 1757 3594 3411 3783 
12883 2089 1093 2086 2088 
12884 719 2157 718 2147 
12885 106 105 1174 1435 
12886 3080 3489 2976 3716 
12887 206 1478 1506 3504 
12888 1524 1525 1878 3444 
12889 2288 2609 1149 1036 
12890 2182 448 13 2183 
12891 892 447 213 3599 
12892 958 351 2008 605 
12893 1708 3482 1969 3798 
12894 2866 2843 2870 615 
12895 504 54 53 1407 
12896 2953 3010 3256 3589 
12897 191 190 1922 3543 
12898 178 1474 1935 3385 
12899 185 1981 186 3386 
12900 1475 1957 1802 3774 
12901 78 79 1372 514 
12902 2891 3388 366 3609 
12903 869 3615 486 3785 
12904 17 1286 2 3484 
12905 1298 1193 885 3621 
12906 1554 3586 1553 3692 
12907 669 2858 351 607 
12908 1078 702 2136 2304 
12909 2408 2461 2781 3678 
12910 1884 1480 1981 3655 
12911 1912 1758 1757 3783 
12912 378 2375 3607 3689 
12913 1677 3568 1759 3644 
12914 1625 1629 1627 3683 
12915 3243 2970 2992 3591 
12916 3056 3536 3130 3596 
12917 3352 3386 2903 3655 
12918 3496 3580 1697 3626 
12919 2970 3591 3243 3753 
12920 216 1286 863 3652 
12921 840 3539 151 3663 
12922 1645 1798 1621 3569 
12923 2970 3243 3270 3753 
12924 2011 3650 2714 3712 
12925 38 37 1138 1405 
12926 1610 1570 3400 3766 
12927 2082 2081 2578 640 
12928 3573 3623 1777 3646 
12929 1824 1823 1822 3537 
12930 1777 3573 3551 3623 
12931 1595 3532 1574 3693 
12932 1941 3658 1917 3764 
12933 743 2179 2586 2176 
12934 2100 2102 2461 3802 
12935 2906 3125 3147 3617 
12936 2182 2487 2184 1194 
12937 3246 3059 3277 3610 
12938 2357 2425 1996 3652 
12939 972 343 344 622 
12940 1483 210 1910 3582 
12941 2659 3754 2403 3770 
12942 1750 3572 1942 3583 
12943 255 256 2772 1390 
12944 3127 3580 3104 3626 
12945 3155 3156 3157 3441 
12946 1636 1799 1631 3603 
12947 3152 3151 3462 3634 
12948 1841 1715 1838 3672 
12949 1803 1801 3528 3727 
12950 1794 3549 1960 3664 
12951 1933 1481 1971 3396 
12952 1809 3557 1500 3596 
12953 3226 3257 2942 3721 
12954 1051 2116 2113 686 
12955 3301 3437 3632 3749 
12956 2073 1066 2075 635 
12957 1555 1553 1554 3586 
12958 708 1073 2125 2128 
12959 2520 1018 541 2214 
12960 2959 2949 2960 3448 
12961 212 3592 1921 3765 
12962 387 3627 2368 3793 
12963 2089 674 2239 648 
12964 2265 2266 2267 575 
12965 1036 1149 2288 594 
12966 1670 3443 1711 3640 
12967 3134 3135 3319 3620 
12968 1632 3704 3483 3734 
12969 1563 3667 3404 3824 
12970 454 3498 204 3637 
12971 3112 3163 3105 3661 
12972 2093 2096 650 2548 
12973 3081 3404 3275 3717 
12974 9 355 3337 3557 
12975 2840 2847 2839 611 
12976 1762 3412 1513 3686 
12977 1751 1492 1975 3595 
12978 2902 3363 3593 3708 
12979 1728 1701 1637 3664 
12980 2125 1073 694 692 
12981 2394 3613 2034 3680 
12982 351 958 669 605 
12983 2 3484 1924 3691 
12984 2116 2114 2113 686 
12985 1549 3459 1546 3817 
12986 2565 2141 711 2143 
12987 1096 2578 2081 640 
12988 3316 378 3359 3562 
12989 2880 3514 3346 3625 
12990 1690 1692 1691 3610 
12991 1126 1337 511 3742 
12992 3223 3241 3399 3685 
12993 3019 3020 3049 3709 
12994 1695 1782 1644 3577 
12995 1847 3416 1554 3692 
12996 1750 1479 1942 3572 
12997 1925 1956 1487 3481 
12998 448 1187 838 2181 
12999 2271 2269 2498 579 
13000 1960 3549 3510 3664 
13001 1930 1824 1944 3478 
13002 1805 1840 1810 3451 
13003 3378 3570 3409 3622 
13004 1714 3469 1616 3736 
13005 1172 113 112 1455 
13006 1813 3399 1649 3697 
13007 2035 3643 2371 3732 
13008 2654 2354 2719 3820 
13009 2283 2454 2285 595 
13010 1295 924 510 3652 
13011 1545 1549 1546 3817 
13012 1542 1541 1545 3817 
13013 1893 3422 1885 3636 
13014 199 3500 1499 3708 
13015 1828 1568 1603 3587 
13016 3209 3542 3596 3764 
13017 920 3622 3744 3777 
13018 399 3336 2903 3655 
13019 3311 3015 2997 3501 
13020 1783 1645 1782 3530 
13021 1884 1703 1907 3472 
13022 2818 2011 2714 3712 
13023 415 3619 3548 3756 
13024 3064 3231 3612 3675 
13025 2071 2070 2069 628 
13026 1411 86 87 1275 
13027 664 1100 2081 2309 
13028 2516 2287 675 588 
13029 216 1475 1924 3484 
13030 3010 3287 3256 3589 
13031 2816 3619 2438 3733 
13032 727 2156 2155 2154 
13033 2388 364 3628 3663 
13034 3023 3473 2995 3779 
13035 2866 2840 2843 957 
13036 406 3606 2424 3659 
13037 2287 753 675 588 
13038 380 379 2031 3607 
13039 3157 3441 3156 3749 
13040 3023 2964 2995 3473 
13041 3003 2989 2999 3723 
13042 2923 3670 3406 3829 
13043 3511 3612 3231 3675 
13044 3176 3595 3498 3776 
13045 2136 2314 702 2556 
13046 1975 3548 202 3756 
13047 2516 2287 753 675 
13048 1127 740 2174 739 
13049 2873 3566 3358 3775 
13050 1941 3542 3658 3764 
13051 1999 3534 399 3624 
13052 3019 3267 3008 3453 
13053 3102 3101 3310 3644 
13054 3157 3155 3441 3749 
13055 2276 2787 2804 3740 
13056 766 558 560 2233 
13057 2569 2103 2101 660 
13058 554 557 1003 2228 
13059 3689 3706 2010 3797 
13060 2578 1096 2082 640 
13061 1546 3459 1550 3633 
13062 2385 3621 3609 3694 
13063 1741 1906 1789 3612 
13064 3292 3120 3428 3641 
13065 1377 72 73 494 
13066 2314 1080 702 2556 
13067 3077 3078 3088 3547 
13068 9 3337 3332 3484 
13069 1489 3566 1911 3775 
13070 1520 3466 1771 3816 
13071 49 48 458 1408 
13072 3296 2923 3155 3702 
13073 1700 1635 1868 3573 
13074 2571 2105 2118 1045 
13075 1415 4 80 1251 
13076 484 1250 3638 3703 
13077 3162 3149 2913 3483 
13078 2124 2123 709 692 
13079 660 666 2118 661 
13080 2231 558 2230 2233 
13081 3311 2997 3013 3450 
13082 747 2557 2117 1069 
13083 399 3534 3336 3655 
13084 660 2118 2103 661 
13085 542 544 543 2218 
13086 13 430 1264 2184 
13087 3279 3623 3573 3646 
13088 2953 2955 3010 3561 
13089 1810 3451 1840 3822 
13090 1972 3575 1746 3620 
13091 840 3628 3539 3663 
13092 1908 3623 1749 3646 
13093 1973 3537 1822 3581 
13094 3240 3255 3165 3677 
13095 1795 1596 3508 3693 
13096 630 632 2072 631 
13097 3241 3053 3399 3710 
13098 2216 2520 541 2214 
13099 1861 3395 1721 3699 
13100 1786 1982 3564 3790 
13101 3193 3291 3118 3569 
13102 1596 1597 1598 3508 
13103 3504 3687 2002 3786 
13104 3562 3607 1237 3689 
13105 2163 2156 2531 755 
13106 1618 1619 1600 3471 
13107 188 187 1930 3478 
13108 1765 1520 1771 3816 
13109 1905 3542 3509 3658 
13110 162 1943 163 3519 
13111 2653 2737 3624 3809 
13112 537 1018 2213 2214 
13113 875 149 467 3570 
13114 3022 3087 3243 3541 
13115 1865 3679 1551 3781 
13116 3088 3077 3547 3696 
13117 1500 3596 3557 3691 
13118 2365 2008 351 605 
13119 2919 2920 3443 3634 
13120 381 2881 3342 3558 
13121 1910 1909 1698 3625 
13122 586 790 3740 3768 
13123 1970 3402 1952 3803 
13124 2901 3494 3366 3776 
13125 3109 3555 3505 3771 
13126 3040 3199 3059 3397 
13127 2833 287 288 1410 
13128 2252 2234 560 2253 
13129 3302 3298 3219 3669 
13130 626 2285 2454 595 
13131 696 1129 708 2129 
13132 1031 2283 2288 594 
13133 1587 1589 1591 3666 
13134 2915 3442 3148 3813 
13135 2290 2491 2273 583 
13136 892 865 1334 3674 
13137 3340 388 2893 3393 
13138 3225 3119 3517 3705 
13139 2859 2860 2845 617 
13140 1497 3564 1982 3790 
13141 424 3592 3514 3737 
13142 2916 2917 3395 3700 
13143 3140 3342 3572 3583 
13144 1732 1974 1741 3574 
13145 1952 1970 1934 3402 
13146 1093 2086 2088 644 
13147 3327 2893 389 3393 
13148 1743 1962 1485 3796 
13149 3059 3550 3277 3610 
13150 1424 138 139 440 
13151 2297 2260 2258 566 
13152 2287 2516 2277 588 
13153 2653 3624 3735 3809 
13154 3064 3100 3062 3612 
13155 3523 3649 397 3735 
13156 305 306 1988 1465 
13157 3362 3552 3493 3825 
13158 3205 3206 3031 3642 
13159 413 2005 3512 3754 
13160 1539 1537 1540 3521 
13161 1771 3466 1775 3640 
13162 1735 1797 1719 3544 
13163 3325 3370 2897 3825 
13164 866 3627 3584 3793 
13165 1718 3600 3454 3804 
13166 972 344 343 621 
13167 1983 1932 1476 3440 
13168 1613 3442 1609 3639 
13169 200 3708 3512 3739 
13170 1874 1672 1671 3645 
13171 3228 3082 2941 3521 
13172 1901 1669 3436 3662 
13173 165 1931 1495 3562 
13174 1723 1878 1876 3713 
13175 1981 1480 186 3534 
13176 1399 64 65 1249 
13177 2932 2930 2931 3524 
13178 969 476 146 3565 
13179 1453 320 319 2757 
13180 1782 1645 1644 3577 
13181 3599 3674 1334 3818 
13182 409 2884 3341 3538 
13183 1726 1954 1962 3392 
13184 786 543 2242 2216 
13185 3229 2973 3429 3698 
13186 87 88 1420 434 
13187 1610 1573 1570 3766 
13188 1317 3605 454 3637 
13189 1642 1650 1641 3480 
13190 1911 1493 183 3775 
13191 1645 3530 1798 3569 
13192 465 3493 882 3750 
13193 3136 3392 3138 3660 
13194 2151 723 721 1060 
13195 413 3512 3739 3754 
13196 677 1338 1044 3827 
13197 1635 1700 1699 3540 
13198 2037 386 385 3627 
13199 1864 3395 1861 3704 
13200 2885 3328 419 3504 
13201 810 2297 992 566 
13202 2653 2737 1999 3624 
13203 716 2160 2145 2575 
13204 3514 3346 3625 3798 
13205 1789 3502 1684 3612 
13206 2167 2164 2570 765 
13207 2684 2812 2379 3650 
13208 575 578 2267 576 
13209 948 3754 3724 3770 
13210 3022 3541 3460 3795 
13211 501 114 113 1462 
13212 1728 1794 1960 3664 
13213 810 2260 2297 566 
13214 2888 3283 3440 3549 
13215 1658 1845 1659 3455 
13216 1790 1880 1834 3511 
13217 1562 1566 1563 3688 
13218 532 531 2326 2196 
13219 1639 1605 1641 3501 
13220 1720 1888 1776 3719 
13221 1027 571 2261 568 
13222 1961 1912 1757 3783 
13223 3032 3246 3180 3610 
13224 764 1261 881 3743 
13225 3191 3189 3193 3530 
13226 1691 1693 1747 3533 
13227 3659 3728 931 3747 
13228 3298 3462 3151 3813 
13229 477 181 901 3556 
13230 470 37 36 1381 
13231 1805 1611 3451 3727 
13232 3185 3028 3076 3522 
13233 3315 2879 3608 3609 
13234 1582 1616 1624 3736 
13235 3295 3456 3161 3654 
13236 752 1339 920 3777 
13237 1126 511 16 3680 
13238 1806 3535 1808 3596 
13239 733 734 735 2168 
13240 729 2163 2156 2162 
13241 3706 3712 2445 3784 
13242 3279 3261 3573 3623 
13243 184 1946 185 3386 
13244 2156 729 727 755 
13245 453 3507 193 3606 
13246 2377 377 376 3616 
13247 1965 1910 209 3582 
13248 1573 1610 1681 3561 
13249 1315 772 722 3759 
13250 3381 3658 3210 3764 
13251 2892 3564 3317 3790 
13252 1518 1764 1769 3513 
13253 3484 3652 2397 3680 
13254 2003 406 3507 3606 
13255 1852 3446 1851 3633 
13256 2434 389 388 3393 
13257 1547 1552 1564 3731 
13258 2075 771 2576 635 
13259 2422 3739 3500 3748 
13260 3280 3197 3060 3499 
13261 3319 3519 376 3616 
13262 185 184 3386 3735 
13263 1854 3697 1815 3782 
13264 2979 2977 3464 3642 
13265 752 920 3744 3777 
13266 417 2404 3604 3637 
13267 1759 1875 1677 3644 
13268 1742 1954 1706 3660 
13269 2073 2074 2072 632 
13270 1477 1945 1755 3594 
13271 3016 3262 3224 3635 
13272 1556 1555 1554 3586 
13273 1954 1726 1706 3660 
13274 3262 3082 3438 3635 
13275 1997 397 3649 3735 
13276 2928 2929 2926 3461 
13277 2251 2780 2396 3778 
13278 3320 2907 3346 3514 
13279 3143 2881 3339 3572 
13280 344 2036 2067 622 
13281 3325 3588 3510 3825 
13282 3238 3575 3239 3620 
13283 182 3556 1489 3775 
13284 3087 3074 3541 3795 
13285 2073 1101 1066 630 
13286 1488 1936 3608 3609 
13287 465 156 882 3493 
13288 2129 1129 708 2128 
13289 3519 3319 3620 3796 
13290 3298 3151 3153 3813 
13291 3153 2915 3148 3813 
13292 2102 2101 2103 659 
13293 2399 3605 3548 3619 
13294 1907 1825 3497 3787 
13295 2013 369 3493 3750 
13296 533 529 2208 2207 
13297 181 3402 1489 3556 
13298 1778 1779 3518 3715 
13299 1825 3590 3497 3787 
13300 1757 1756 3411 3594 
13301 1926 1953 1496 3487 
13302 673 2085 642 644 
13303 242 243 2057 1359 
13304 2903 398 399 3386 
13305 3044 3018 3045 3465 
13306 2990 2991 2988 3520 
13307 1031 2283 594 595 
13308 766 2234 2252 2233 
13309 2285 626 962 597 
13310 3411 3594 3116 3783 
13311 3183 2958 3181 3668 
13312 3136 3066 3134 3597 
13313 202 3548 1203 3619 
13314 1581 1839 1584 3632 
13315 1913 1499 199 3500 
13316 1620 1606 1900 3726 
13317 1549 1831 1557 3679 
13318 948 3724 791 3770 
13319 142 1288 3557 3613 
13320 1698 1709 1697 3626 
13321 3092 3127 3104 3626 
13322 150 3539 840 3628 
13323 1792 1723 1670 3670 
13324 2424 2806 2708 3747 
13325 3319 3519 3616 3796 
13326 1577 1579 1862 3452 
13327 1380 234 233 2431 
13328 617 2845 2859 970 
13329 2258 992 2297 566 
13330 88 89 1410 1270 
13331 3329 2888 3560 3791 
13332 1981 1946 1884 3386 
13333 2085 2088 2086 644 
13334 1418 89 3 977 
13335 3126 3594 3116 3631 
13336 1414 84 85 1263 
13337 2877 3344 3131 3505 
13338 564 992 2509 2258 
13339 560 766 2234 2252 
13340 133 134 1438 442 
13341 2310 2097 1083 654 
13342 417 2404 418 3604 
13343 3259 2960 3448 3635 
13344 1587 1588 3413 3720 
13345 1849 1584 1839 3520 
13346 1568 1828 1572 3587 
13347 3282 3090 3281 3525 
13348 1716 1832 1717 3488 
13349 1958 1758 1913 3593 
13350 1790 1789 1906 3612 
13351 2210 1020 534 2521 
13352 1475 1802 1915 3384 
13353 1921 3592 3514 3765 
13354 1786 3564 3601 3790 
13355 782 706 710 2560 
13356 673 2088 2085 644 
13357 720 721 719 2149 
13358 2167 2168 733 1037 
13359 1939 3519 3620 3796 
13360 165 1495 166 3389 
13361 617 2843 774 615 
13362 3164 3305 3133 3503 
13363 647 2090 646 645 
13364 1886 1610 1848 3684 
13365 2261 2259 2260 568 
13366 1559 1558 3447 3633 
13367 3331 3658 3381 3764 
13368 809 2840 2839 611 
13369 143 1809 1917 3506 
13370 192 1482 3507 3543 
13371 183 902 182 3775 
13372 3104 3162 3069 3496 
13373 1853 1872 1874 3522 
13374 1117 523 525 2200 
13375 3161 3160 3266 3654 
13376 3018 3465 3014 3648 
13377 2464 799 2180 2179 
13378 401 400 2419 3656 
13379 135 136 1470 495 
13380 3134 3597 3135 3620 
13381 1858 1833 1843 3676 
13382 2998 3013 3450 3648 
13383 1996 2783 2358 3674 
13384 3322 3504 420 3618 
13385 3109 3110 3555 3771 
13386 2578 1096 2085 2082 
13387 3405 3591 2970 3753 
13388 3275 3206 3205 3667 
13389 1753 1751 1738 3595 
13390 2904 3557 3506 3764 
13391 661 2103 660 659 
13392 156 1498 157 3825 
13393 2962 3251 2967 3671 
13394 2531 727 2156 2155 
13395 1617 1578 1576 3489 
13396 3307 3124 3380 3537 
13397 3183 3415 2950 3668 
13398 168 3558 1479 3629 
13399 2569 2118 2103 660 
13400 2936 2939 3245 3563 
13401 1334 1186 3599 3818 
13402 1698 1697 3580 3626 
13403 781 2582 2113 1051 
13404 53 52 1165 1387 
13405 2653 3735 2627 3809 
13406 569 2261 571 568 
13407 2889 3373 3142 3625 
13408 515 3614 852 3722 
13409 2287 2493 2516 753 
13410 1130 2115 2571 679 
13411 1115 819 3706 3784 
13412 3542 3210 3658 3764 
13413 3191 3530 3195 3593 
13414 2560 1078 706 2137 
13415 3418 3551 3003 3723 
13416 1364 69 70 1154 
13417 2794 2066 2362 3800 
13418 626 2289 2285 962 
13419 1416 85 86 491 
13420 1491 3390 1754 3631 
13421 3081 3275 3285 3717 
13422 3315 3608 3167 3623 
13423 2303 2213 1018 2214 
13424 761 940 760 2190 
13425 167 3558 484 3638 
13426 3191 3194 3195 3530 
13427 907 3500 199 3739 
13428 1914 1969 1708 3482 
13429 2481 670 1003 2226 
13430 3155 3702 3441 3749 
13431 2389 2746 2015 3744 
13432 1219 1326 1205 3773 
13433 1080 700 702 2556 
13434 3607 3638 1346 3740 
13435 214 213 1919 3391 
13436 449 3624 3534 3725 
13437 686 2113 1051 684 
13438 413 3739 2005 3754 
13439 1608 1592 1609 3639 
13440 1532 1533 1535 3524 
13441 132 133 1473 1170 
13442 1810 1806 1805 3535 
13443 1498 156 1916 3493 
13444 731 2164 2570 2163 
13445 929 3485 180 3729 
13446 1358 41 42 468 
13447 1760 1982 1950 3564 
13448 2218 2220 544 2484 
13449 3363 3191 3195 3593 
13450 1752 1960 3510 3664 
13451 1129 696 698 2129 
13452 2155 2531 727 1054 
13453 2326 531 2199 2196 
13454 164 3562 1277 3616 
13455 3539 3570 363 3628 
13456 2530 2782 2392 3777 
13457 2951 3531 3240 3677 
13458 1912 1783 1758 3530 
13459 363 364 3539 3628 
13460 1626 1627 1628 3683 
13461 1682 1724 1720 3467 
13462 3156 3441 3154 3634 
13463 2898 3323 3361 3490 
13464 2137 706 2560 2139 
13465 901 916 477 3741 
13466 2995 3473 2965 3630 
13467 1611 1840 3451 3639 
13468 910 3606 911 3747 
13469 1846 1853 1874 3645 
13470 1832 3488 1716 3781 
13471 657 2099 2119 656 
13472 2096 2097 1083 2310 
13473 3078 3058 3124 3590 
13474 232 233 2052 1347 
13475 2981 3439 3205 3642 
13476 3023 3025 3255 3587 
13477 1770 1710 1667 3463 
13478 1757 3571 1477 3594 
13479 704 987 789 3724 
13480 2939 2942 2943 3529 
13481 2113 781 1051 684 
13482 1628 1664 1881 3600 
13483 3560 3650 879 3657 
13484 2261 2323 571 1027 
13485 2689 2816 2312 3733 
13486 1927 1486 201 3756 
13487 420 3504 2002 3786 
13488 721 2149 2580 746 
13489 3307 3379 2894 3537 
13490 3349 428 2882 3394 
13491 2501 2267 2266 575 
13492 1783 3530 3516 3593 
13493 152 3663 3388 3694 
13494 660 2119 1085 657 
13495 179 929 486 3485 
13496 2984 3030 3431 3673 
13497 2230 558 998 2233 
13498 1441 141 4 492 
13499 2570 2164 731 765 
13500 3244 3297 3030 3673 
13501 718 717 719 2147 
13502 388 3393 3584 3653 
13503 3393 3598 176 3730 
13504 1101 2073 2071 630 
13505 1607 1598 1606 3647 
13506 1941 1917 1809 3764 
13507 1193 466 3694 3794 
13508 3142 3145 3580 3625 
13509 1583 3452 1579 3632 
13510 1617 3489 1576 3782 
13511 1788 1481 1787 3396 
13512 2401 3728 2708 3815 
13513 3230 3419 3611 3779 
13514 2370 382 3629 3643 
13515 3241 3224 3262 3685 
13516 1806 1811 1808 3535 
13517 1902 3456 1766 3816 
13518 1618 1634 1793 3525 
13519 1897 3611 3434 3787 
13520 911 3659 931 3747 
13521 1641 1650 1705 3807 
13522 560 562 995 2253 
13523 2965 3269 3026 3630 
13524 900 204 3604 3637 
13525 3376 3177 3175 3595 
13526 632 2073 1066 630 
13527 391 3385 2886 3615 
13528 3105 3225 3074 3517 
13529 1891 3529 1886 3684 
13530 1928 1960 1476 3510 
13531 3264 3275 3273 3667 
13532 1908 3573 1777 3646 
13533 3232 3344 2877 3602 
13534 388 387 2062 3584 
13535 627 2716 2069 628 
13536 652 3808 778 3814 
13537 873 171 872 3567 
13538 1783 1964 1499 3593 
13539 877 3701 3657 3752 
13540 2182 448 2180 849 
13541 3548 3605 1203 3619 
13542 1524 3444 1792 3640 
13543 1715 1778 1714 3518 
13544 3209 3542 3091 3761 
13545 1073 2125 2128 2561 
13546 1042 2160 2565 2143 
13547 3500 3739 907 3748 
13548 1967 1824 1930 3497 
13549 3203 3214 3202 3518 
13550 708 1073 2128 2561 
13551 2870 2843 2845 617 
13552 2079 2076 2576 636 
13553 2940 3457 3226 3721 
13554 1474 1929 1741 3526 
13555 3136 3138 3137 3660 
13556 1918 3549 3575 3791 
13557 667 2839 2842 609 
13558 360 2390 361 3622 
13559 424 3320 3514 3592 
13560 1932 1501 160 3560 
13561 1207 132 131 1445 
13562 3200 3061 3217 3574 
13563 383 384 2898 3487 
13564 2180 448 1187 849 
13565 1931 3562 164 3616 
13566 1543 1544 1547 3457 
13567 3319 3616 2875 3796 
13568 9 3484 2397 3680 
13569 1785 1892 1871 3563 
13570 476 517 516 3614 
13571 1115 3784 3706 3797 
13572 3142 3346 3145 3625 
13573 3131 3353 2877 3481 
13574 719 2149 2157 2147 
13575 120 119 1189 1450 
13576 136 137 1466 1190 
13577 2576 1100 2079 636 
13578 2028 2444 2370 3703 
13579 3071 3267 3453 3654 
13580 1702 3491 1712 3636 
13581 3073 3511 3231 3675 
13582 3128 3492 3515 3626 
13583 1500 2 1924 3691 
13584 1690 3610 1689 3711 
13585 2989 3202 3469 3723 
13586 1679 1723 1856 3670 
13587 2003 3681 2436 3827 
13588 163 1277 859 3616 
13589 2252 560 995 2253 
13590 1909 3515 1949 3626 
13591 1554 3416 3586 3692 
13592 398 3386 3374 3735 
13593 840 151 1231 3663 
13594 63 64 1376 1299 
13595 3152 2919 3151 3634 
13596 2111 2240 684 683 
13597 1861 1608 1609 3699 
13598 3182 2973 3233 3698 
13599 2285 626 597 595 
13600 1813 1649 1814 3697 
13601 1661 1684 1789 3502 
13602 2134 2446 2770 3724 
13603 1768 1899 1774 3460 
13604 362 3570 3378 3622 
13605 3121 3131 3109 3505 
13606 1350 24 25 1240 
13607 2839 2838 2840 809 
13608 3182 3181 2958 3488 
13609 2716 627 668 628 
13610 479 52 51 1374 
13611 1848 1561 1556 3531 
13612 703 706 1078 2137 
13613 3365 2902 413 3708 
13614 414 2398 415 3619 
13615 3088 3476 3096 3819 
13616 1582 3431 1580 3736 
13617 153 152 3388 3694 
13618 3158 3221 3702 3826 
13619 880 1257 879 3650 
13620 2877 3481 387 3584 
13621 1391 71 72 1156 
13622 1905 3509 1760 3658 
13623 761 940 2190 2188 
13624 1772 1526 1523 3517 
13625 2153 726 723 1060 
13626 1233 3637 991 3751 
13627 2109 2579 683 680 
13628 3204 2994 3192 3458 
13629 2570 731 2163 1058 
13630 1855 1616 1714 3469 
13631 1845 1671 3455 3645 
13632 2887 3336 400 3534 
13633 365 366 3388 3694 
13634 160 159 1932 3440 
13635 181 1934 1489 3402 
13636 2390 3744 3622 3777 
13637 2118 2569 666 660 
13638 1705 3559 3503 3807 
13639 2808 2762 625 1145 
13640 3427 3563 2936 3788 
13641 160 159 3440 3657 
13642 1792 1670 1711 3640 
13643 753 2493 2516 675 
13644 1604 1594 1605 3738 
13645 3335 3485 393 3780 
13646 1902 1766 1765 3816 
13647 1970 1730 3550 3803 
13648 2261 2505 2263 571 
13649 763 1129 698 2245 
13650 1907 1480 1884 3655 
13651 2115 2109 2107 679 
13652 1620 1643 3458 3726 
13653 2509 2255 564 2258 
13654 2170 737 735 2171 
13655 3170 3510 3283 3664 
13656 2204 672 527 2203 
13657 366 2385 3609 3694 
13658 2839 667 611 609 
13659 1836 1564 3415 3731 
13660 2911 3303 3148 3528 
13661 525 2200 2202 2203 
13662 1758 1477 1757 3571 
13663 625 2289 2294 962 
13664 1088 121 120 1453 
13665 155 3493 465 3695 
13666 2283 2281 2288 594 
13667 2259 2258 2260 566 
13668 3292 2929 3218 3641 
13669 2403 3754 3739 3770 
13670 2771 2614 2719 3806 
13671 2037 3627 385 3789 
13672 209 3582 450 3682 
13673 3241 3213 3053 3710 
13674 2416 2811 3592 3690 
13675 1681 1863 1573 3561 
13676 913 3737 887 3828 
13677 1944 1494 189 3579 
13678 2610 2289 2285 626 
13679 3145 3149 3104 3580 
13680 2558 2099 2097 656 
13681 1831 1594 3408 3738 
13682 1763 1770 1514 3468 
13683 737 736 738 2170 
13684 3579 3678 403 3773 
13685 3101 3417 3644 3819 
13686 654 2558 2097 656 
13687 116 115 1132 1452 
13688 2232 549 1006 2475 
13689 3135 3238 3239 3620 
13690 2770 2250 2132 3770 
13691 529 533 815 2207 
13692 1770 1667 1901 3662 
13693 454 1203 203 3548 
13694 1036 2516 2609 675 
13695 483 866 174 3584 
13696 391 2886 390 3615 
13697 868 459 177 3598 
13698 1968 3543 1922 3581 
13699 664 2081 638 640 
13700 1917 144 3506 3658 
13701 1335 3724 3619 3733 
13702 1939 3519 161 3560 
13703 3165 2954 2952 3677 
13704 3092 3196 3128 3626 
13705 2204 527 672 2512 
13706 3011 3038 3253 3544 
13707 43 44 1359 509 
13708 1497 3565 3564 3790 
13709 2160 716 767 2575 
13710 2816 2399 2438 3619 
13711 549 2232 2222 2475 
13712 789 3724 1335 3733 
13713 920 485 3622 3777 
13714 2337 3801 2440 3821 
13715 1786 1497 1982 3790 
13716 3223 3207 3241 3685 
13717 3078 3077 3058 3547 
13718 2203 2204 672 2512 
13719 1917 3658 3506 3764 
13720 2882 429 3332 3484 
13721 3371 3235 3594 3783 
13722 1917 1484 144 3658 
13723 3297 3244 3080 3489 
13724 3225 3105 3293 3661 
13725 3056 3209 3535 3596 
13726 3041 3063 3062 3502 
13727 3201 3354 2899 3402 
13728 892 1334 3599 3674 
13729 1908 1700 3573 3646 
13730 2491 2290 776 583 
13731 2244 2806 2442 3747 
13732 1871 1892 1857 3563 
13733 1908 1777 3623 3646 
13734 1748 3552 1916 3608 
13735 3176 3174 3595 3776 
13736 1762 1513 1516 3686 
13737 1419 82 83 1272 
13738 1766 1904 1762 3686 
13739 3514 3625 1483 3798 
13740 1616 1855 1625 3469 
13741 1020 533 534 2521 
13742 1887 1602 3433 3822 
13743 25 26 1400 1296 
13744 1548 1847 1554 3692 
13745 3326 3358 3201 3402 
13746 2531 2156 727 755 
13747 3265 2998 2967 3671 
13748 446 3523 184 3735 
13749 666 2608 2118 1045 
13750 3329 3560 2900 3791 
13751 153 3388 3609 3694 
13752 3510 3549 3283 3664 
13753 496 110 109 1454 
13754 3301 3299 3437 3749 
13755 877 878 3701 3752 
13756 2179 799 743 800 
13757 2115 2107 2571 679 
13758 149 3570 875 3622 
13759 1486 1738 1751 3578 
13760 3374 2903 3352 3386 
13761 2247 1003 557 2228 
13762 926 209 450 3682 
13763 3371 3594 3571 3783 
13764 818 3706 819 3784 
13765 2002 3504 419 3687 
13766 1638 1885 1619 3636 
13767 388 3584 2062 3653 
13768 2261 2323 1027 568 
13769 1176 30 29 1379 
13770 3094 3549 3313 3575 
13771 160 3560 879 3657 
13772 2338 2681 2718 3722 
13773 1551 3679 3448 3781 
13774 3377 3596 3557 3764 
13775 1893 1885 1712 3636 
13776 1223 907 3739 3748 
13777 2158 782 710 2560 
13778 3157 3702 3155 3749 
13779 3458 3662 3436 3726 
13780 1918 1746 1972 3575 
13781 3502 3064 3612 3675 
13782 3321 3367 3390 3631 
13783 2004 416 2399 3605 
13784 2374 2443 2373 3729 
13785 1913 3593 1499 3708 
13786 1279 3478 188 3656 
13787 908 930 1223 3739 
13788 81 82 1417 1316 
13789 2128 2129 1129 2534 
13790 1976 3617 3391 3765 
13791 2953 2954 2955 3561 
13792 2035 384 3643 3732 
13793 1177 31 30 1401 
13794 118 117 1139 1437 
13795 2174 2246 1127 739 
13796 3182 3181 3488 3805 
13797 1728 1752 1701 3664 
13798 1571 1595 1817 3532 
13799 1587 1850 1585 3666 
13800 3229 3234 2973 3698 
13801 557 998 999 2230 
13802 516 852 515 3614 
13803 3607 3740 1346 3768 
13804 872 873 3567 3732 
13805 207 3618 1232 3786 
13806 2119 1085 2569 660 
13807 1973 1494 3537 3581 
13808 2434 3393 388 3653 
13809 3073 3231 3064 3675 
13810 929 180 477 3729 
13811 1702 1748 1713 3491 
13812 389 3393 2434 3730 
13813 3054 3535 3209 3761 
13814 1851 1546 1550 3633 
13815 1697 3496 1904 3734 
13816 3033 3003 3551 3723 
13817 2926 3461 3294 3705 
13818 2916 2918 2917 3700 
13819 3188 3204 3192 3458 
13820 2397 3484 429 3652 
13821 1210 188 3478 3656 
13822 1861 1721 1646 3699 
13823 1003 2228 2481 2226 
13824 953 3769 518 3810 
13825 527 529 1024 2204 
13826 2888 373 3329 3560 
13827 3180 3246 3277 3610 
13828 887 3690 891 3828 
13829 3279 3067 3261 3623 
13830 3158 3702 3157 3749 
13831 2860 2870 2845 617 
13832 3343 3417 3101 3819 
13833 2441 3740 3607 3768 
13834 2213 1018 1019 2303 
13835 1531 3524 1532 3745 
13836 2888 3549 3440 3791 
13837 2447 3695 2384 3811 
13838 1768 1767 1899 3460 
13839 3130 3337 3377 3596 
13840 3175 3236 3376 3578 
13841 2614 2308 2327 3806 
13842 2124 2123 2122 709 
13843 375 374 2011 3650 
13844 3292 3289 3120 3641 
13845 3174 3272 3037 3585 
13846 557 558 998 2230 
13847 1744 3597 1745 3620 
13848 3127 3142 3580 3625 
13849 211 1483 1921 3514 
13850 383 3339 382 3487 
13851 2301 533 2208 2207 
13852 3348 3646 3099 3767 
13853 175 483 3584 3653 
13854 214 3394 487 3674 
13855 2724 2689 2312 3751 
13856 2579 2109 1067 680 
13857 1864 1632 1668 3704 
13858 1614 1864 1861 3704 
13859 1223 3739 930 3770 
13860 1748 1749 1713 3623 
13861 1766 3456 1668 3734 
13862 3161 2917 3160 3700 
13863 3026 3027 2996 3630 
13864 2454 2283 1031 595 
13865 3232 3231 3108 3511 
13866 2840 809 957 611 
13867 446 3649 3523 3735 
13868 3564 3565 3317 3790 
13869 2155 726 2154 2153 
13870 2258 564 992 566 
13871 1247 3712 818 3772 
13872 3606 3659 911 3747 
13873 2904 356 3331 3506 
13874 2894 3227 3537 3581 
13875 2883 3271 3382 3396 
13876 2121 2122 2123 690 
13877 745 710 711 2565 
13878 3048 3491 3166 3746 
13879 2900 374 3519 3560 
13880 2128 1129 708 2534 
13881 3219 3070 3039 3669 
13882 899 3624 449 3725 
13883 1478 1920 1508 3494 
13884 543 2242 2216 2218 
13885 898 3735 3624 3809 
13886 1544 1548 1547 3457 
13887 2366 2360 958 960 
13888 2659 2005 2403 3754 
13889 2813 2410 3759 3786 
13890 1539 1858 1541 3676 
13891 1897 1704 3611 3787 
13892 2515 999 998 2230 
13893 3173 3463 3577 3812 
13894 3193 3192 3291 3569 
13895 1711 1771 1775 3640 
13896 577 3784 574 3823 
13897 2085 1096 673 642 
13898 2099 2119 2101 657 
13899 1588 1590 1867 3720 
13900 1865 1831 1551 3679 
13901 1909 1949 1709 3626 
13902 3072 3675 3455 3805 
13903 958 352 351 669 
13904 367 2384 368 3621 
13905 1967 1907 1825 3497 
13906 211 3592 887 3737 
13907 3506 3658 3331 3764 
13908 3237 3190 3516 3812 
13909 20 19 932 1397 
13910 3080 3297 3489 3826 
13911 757 759 758 2192 
13912 2301 815 533 2207 
13913 3326 3556 3402 3780 
13914 2168 2170 735 2171 
13915 2963 3269 2965 3586 
13916 3391 3617 1976 3774 
13917 1901 1643 1669 3662 
13918 1916 155 1488 3493 
13919 1083 650 2096 2319 
13920 1809 1500 1808 3596 
13921 2362 2434 3653 3730 
13922 1587 1586 1588 3720 
13923 1647 1600 3471 3715 
13924 1595 1574 1596 3693 
13925 369 3493 3750 3825 
13926 525 527 672 2203 
13927 2204 529 1024 2207 
13928 702 2314 2136 2304 
13929 3038 3433 3039 3761 
13930 2013 3493 3695 3750 
13931 2400 3659 2708 3728 
13932 919 3743 884 3750 
13933 544 779 543 2484 
13934 1126 3613 1337 3742 
13935 2876 3237 3365 3756 
13936 3339 382 3487 3629 
13937 3407 3600 1881 3804 
13938 152 1231 151 3663 
13939 1596 1598 1795 3508 
13940 908 907 199 3739 
13941 409 410 2884 3571 
13942 1054 2531 727 755 
13943 3237 3516 3578 3812 
13944 2934 3053 3212 3710 
13945 2517 2609 2516 675 
13946 733 2166 2168 2167 
13947 2666 2013 3695 3750 
13948 2299 2267 2501 578 
13949 13 448 2182 1194 
13950 3239 2900 3620 3791 
13951 1519 1517 1518 3665 
13952 3619 3724 1335 3754 
13953 3364 3322 3128 3515 
13954 3195 3338 3368 3593 
13955 2609 2517 836 675 
13956 1215 109 108 1451 
13957 390 3598 389 3730 
13958 1045 1130 2571 679 
13959 797 3755 1193 3811 
13960 3301 3159 3157 3749 
13961 1205 1196 854 3802 
13962 2111 2240 2113 684 
13963 363 3333 2883 3539 
13964 1854 1813 1815 3697 
13965 2410 2002 2433 3687 
13966 2919 3154 2920 3634 
13967 2580 2151 721 746 
13968 2147 2157 718 2575 
13969 190 452 3579 3678 
13970 737 735 736 2170 
13971 1705 1953 1947 3559 
13972 1887 1810 1602 3822 
13973 537 1018 1019 2213 
13974 3056 3129 3130 3536 
13975 2036 344 343 622 
13976 3209 3210 3542 3764 
13977 2610 2289 626 962 
13978 3064 3502 3063 3675 
13979 2294 2808 2762 625 
13980 83 84 1412 433 
13981 3138 3316 3359 3392 
13982 191 1219 190 3773 
13983 931 3747 3728 3815 
13984 1773 1776 1772 3541 
13985 2812 2714 3650 3772 
13986 1969 3514 1483 3798 
13987 12 13 1264 2184 
13988 483 866 3584 3793 
13989 814 1133 922 3806 
13990 3434 3590 1896 3787 
13991 2379 3650 3560 3657 
13992 2972 3274 3284 3696 
13993 2411 421 2409 3618 
13994 2608 2571 2118 1045 
13995 1066 780 2075 635 
13996 1069 709 2122 690 
13997 2228 557 2247 2230 
13998 626 2454 1031 595 
13999 1664 3600 1718 3804 
14000 621 2859 970 618 
14001 1746 1870 1869 3575 
14002 846 167 484 3638 
14003 356 2904 355 3557 
14004 2895 3321 3367 3390 
14005 448 2182 2181 2183 
14006 3075 3081 3169 3717 
14007 2289 2306 2294 963 
14008 1461 295 294 2680 
14009 2609 836 1036 675 
14010 1680 1848 1556 3684 
14011 2366 2360 2008 958 
14012 3245 3563 2933 3788 
14013 3071 3295 3161 3654 
14014 1869 1744 1746 3495 
14015 3068 3129 3056 3536 
14016 878 1311 1309 3752 
14017 895 3681 1326 3773 
14018 786 1018 541 2520 
14019 2163 731 729 1058 
14020 3269 2963 3257 3586 
14021 2310 754 2097 654 
14022 2659 2403 2791 3770 
14023 1733 1760 1734 3509 
14024 368 2013 369 3493 
14025 1815 3697 3464 3782 
14026 2514 820 1117 2199 
14027 1613 1609 1611 3639 
14028 1956 1729 1880 3505 
14029 17 924 1286 3680 
14030 2073 2072 2071 630 
14031 749 934 1223 3748 
14032 2979 3031 2977 3642 
14033 735 733 2168 1037 
14034 1682 1681 1610 3589 
14035 1636 1803 1801 3528 
14036 3069 3092 3496 3718 
14037 200 3512 455 3739 
14038 774 2843 957 615 
14039 3128 3515 3127 3626 
14040 531 1117 820 2199 
14041 1720 1724 1785 3467 
14042 1583 1862 1579 3452 
14043 3174 3172 3175 3585 
14044 904 933 903 3792 
14045 1797 3477 1879 3804 
14046 2860 2859 345 618 
14047 1528 1842 1876 3713 
14048 2892 3317 360 3790 
14049 1223 907 908 3739 
14050 1929 1504 1906 3526 
14051 543 2242 2218 2484 
14052 968 2858 669 607 
14053 366 3609 3388 3694 
14054 2747 2385 2386 3811 
14055 3237 3363 2902 3708 
14056 424 3320 2880 3514 
14057 2001 2678 2740 3678 
14058 175 3393 867 3653 
14059 577 818 3784 3823 
14060 386 387 2877 3481 
14061 3116 3118 3411 3783 
14062 1633 1607 1798 3569 
14063 3197 3366 3494 3776 
14064 517 3651 519 3810 
14065 1715 1780 1778 3672 
14066 405 404 2407 3773 
14067 2299 2269 2267 578 
14068 2013 3493 368 3695 
14069 450 3582 913 3737 
14070 2383 3743 2382 3750 
14071 185 3624 898 3735 
14072 3051 3112 3421 3760 
14073 2434 2794 2362 3653 
14074 372 373 3440 3657 
14075 885 3609 3621 3694 
14076 486 869 868 3615 
14077 2898 3143 3339 3559 
14078 862 202 1203 3619 
14079 2895 3367 3310 3568 
14080 413 2005 414 3512 
14081 1247 818 807 3772 
14082 1535 3432 1854 3782 
14083 399 3386 398 3624 
14084 2674 2010 3706 3797 
14085 2109 2579 2111 683 
14086 1842 1575 3420 3745 
14087 2261 2323 2505 571 
14088 3235 3116 3594 3783 
14089 419 2002 420 3504 
14090 1938 3409 148 3790 
14091 919 884 882 3750 
14092 3324 3310 3369 3568 
14093 3157 3156 3299 3749 
14094 214 215 487 3394 
14095 2314 702 1079 2304 
14096 2319 650 2096 2548 
14097 2013 2447 2666 3695 
14098 2520 541 786 2216 
14099 389 3598 3393 3730 
14100 3365 3512 414 3756 
14101 1006 1007 549 2232 
14102 404 405 2878 3543 
14103 638 2079 1100 636 
14104 3244 2976 3080 3489 
14105 2035 384 383 3643 
14106 2935 2932 3470 3788 
14107 3263 3000 3215 3600 
14108 1073 708 1074 2561 
14109 9 429 2397 3484 
14110 883 884 1269 3750 
14111 1873 1566 1601 3688 
14112 1106 858 1339 3777 
14113 924 3652 1286 3680 
14114 3099 3098 3085 3540 
14115 2580 2149 719 746 
14116 3249 3509 3306 3564 
14117 1335 862 3619 3754 
14118 418 2406 419 3604 
14119 3096 3343 3101 3819 
14120 448 2182 1194 849 
14121 3086 3347 3271 3486 
14122 2071 2716 1101 628 
14123 1975 202 1486 3756 
14124 2902 3195 3368 3593 
14125 2236 12 1264 2184 
14126 1845 1671 1659 3455 
14127 2941 2937 3521 3758 
14128 1210 189 452 3579 
14129 2406 419 3604 3687 
14130 3294 2926 2929 3461 
14131 3279 3261 3098 3573 
14132 3079 3123 3103 3472 
14133 823 2622 2569 666 
14134 1802 1800 3449 3774 
14135 3176 3174 3175 3595 
14136 207 1232 451 3786 
14137 3225 3294 3119 3705 
14138 3307 2887 3379 3478 
14139 3095 3283 3549 3664 
14140 2122 2117 2557 1069 
14141 3102 3101 3644 3819 
14142 1941 1811 1736 3542 
14143 1500 142 2 3557 
14144 3158 3221 3296 3702 
14145 1335 3619 813 3733 
14146 1852 1851 1559 3633 
14147 3272 3020 3009 3709 
14148 212 211 1921 3592 
14149 358 2437 359 3614 
14150 397 3523 396 3649 
14151 1007 779 2484 2477 
14152 3277 3201 3358 3550 
14153 210 913 3582 3737 
14154 3341 2884 3126 3594 
14155 2414 423 2000 3737 
14156 2122 2298 709 1069 
14157 2514 1117 2200 2199 
14158 1748 3608 1749 3623 
14159 2762 625 1145 601 
14160 2959 3182 2958 3488 
14161 2179 2464 799 802 
14162 1487 1923 174 3584 
14163 1632 3483 1653 3734 
14164 661 666 2118 1045 
14165 2446 2134 2823 3724 
14166 2742 2440 2337 3801 
14167 1770 1764 1514 3468 
14168 1502 1976 3391 3765 
14169 1529 1528 3461 3745 
14170 864 865 3674 3818 
14171 578 2267 784 575 
14172 810 1027 2260 568 
14173 1940 1483 3625 3798 
14174 2945 3410 2944 3758 
14175 3360 3103 3123 3472 
14176 1938 1966 148 3409 
14177 3317 2892 3249 3564 
14178 1865 1860 3429 3781 
14179 3187 3186 3076 3554 
14180 1488 154 1936 3609 
14181 2498 2290 2271 582 
14182 3005 3513 3252 3760 
14183 403 3318 2894 3579 
14184 3409 3622 148 3790 
14185 186 185 3386 3624 
14186 414 3512 2005 3754 
14187 3240 3023 3255 3587 
14188 2753 2700 2433 3759 
14189 453 3606 1200 3681 
14190 2424 3659 3606 3747 
14191 878 1309 3701 3752 
14192 1748 1835 1916 3552 
14193 2306 2289 1034 962 
14194 3044 3014 3018 3465 
14195 2128 1074 708 2561 
14196 2940 3226 2938 3721 
14197 1943 3519 1939 3796 
14198 1777 1908 1700 3573 
14199 3263 3215 3247 3600 
14200 3341 3321 408 3538 
14201 1486 1927 1739 3578 
14202 3267 3019 3071 3453 
14203 2569 823 666 660 
14204 1805 1611 1840 3451 
14205 627 2036 972 622 
14206 3315 3348 2891 3646 
14207 891 3690 744 3828 
14208 3199 3201 3059 3550 
14209 161 879 3560 3650 
14210 3155 3154 3156 3441 
14211 2801 2591 3763 3799 
14212 1896 1826 1823 3590 
14213 2379 374 3560 3650 
14214 1883 1884 1946 3576 
14215 2442 2003 2436 3827 
14216 3262 3259 3082 3635 
14217 3319 375 376 3519 
14218 3126 3116 3115 3631 
14219 2936 3563 3245 3788 
14220 1914 3482 3617 3765 
14221 2989 3029 3202 3723 
14222 2578 1096 673 2085 
14223 3017 3018 3014 3648 
14224 2547 2334 2734 3797 
14225 1117 2200 2203 2514 
14226 2477 2484 1007 2232 
14227 3158 3702 3452 3826 
14228 3259 2960 2949 3448 
14229 3196 3364 3128 3492 
14230 148 3409 1966 3622 
14231 3220 3716 3420 3826 
14232 710 745 2158 2565 
14233 1051 1195 2116 747 
14234 212 1921 1502 3765 
14235 1505 153 3388 3609 
14236 150 840 467 3628 
14237 1054 726 2155 1056 
14238 2393 2396 2017 3742 
14239 958 2360 352 959 
14240 3365 3237 2902 3708 
14241 2031 3638 3607 3740 
14242 1919 3391 1976 3774 
14243 2075 780 1066 2595 
14244 885 3609 154 3621 
14245 3102 3527 3114 3757 
14246 363 2388 364 3628 
14247 2904 3506 3331 3764 
14248 179 486 178 3615 
14249 1600 1619 1647 3471 
14250 2096 650 1083 651 
14251 774 2845 2843 617 
14252 2419 3656 3725 3808 
14253 1650 1642 1651 3480 
14254 2416 3592 424 3737 
14255 2416 2811 424 3592 
14256 3260 3457 2940 3758 
14257 1808 1807 3596 3691 
14258 2031 3607 2441 3740 
14259 403 3579 2001 3678 
14260 2902 3363 3195 3593 
14261 1792 1524 1878 3444 
14262 1976 3617 1800 3774 
14263 2986 2988 2987 3553 
14264 1919 1502 1976 3391 
14265 2791 2428 2250 3770 
14266 1794 1983 1960 3549 
14267 3210 3381 3211 3542 
14268 800 2465 2179 802 
14269 1653 1697 1904 3734 
14270 3022 3460 3004 3760 
14271 1665 1786 1666 3601 
14272 200 199 1499 3708 
14273 147 148 3622 3790 
14274 2578 664 1096 2081 
14275 430 944 1264 2186 
14276 1952 3387 1955 3803 
14277 1664 1881 3600 3804 
14278 3131 3121 3361 3490 
14279 958 1145 2366 960 
14280 1908 1936 1505 3646 
14281 2586 743 1127 800 
14282 2543 2264 2265 3823 
14283 3306 3249 3268 3509 
14284 1778 1647 1779 3715 
14285 784 2501 2267 578 
14286 2708 3747 2626 3815 
14287 3472 3611 1704 3787 
14288 2897 3552 3362 3825 
14289 2396 2017 3742 3778 
14290 485 969 147 3565 
14291 2294 2762 2292 625 
14292 1752 1728 1960 3664 
14293 3326 394 3556 3780 
14294 1615 1582 1580 3736 
14295 3259 3016 2960 3635 
14296 1911 1747 1493 3566 
14297 3197 3280 3366 3776 
14298 451 3687 3504 3786 
14299 2886 391 3334 3385 
14300 681 1044 1324 3747 
14301 872 172 460 3567 
14302 3106 3233 3426 3805 
14303 168 1942 1479 3558 
14304 2344 2815 2668 3762 
14305 3550 3711 3397 3803 
14306 3145 3127 3142 3580 
14307 1027 2323 2260 568 
14308 1927 3512 200 3708 
14309 3022 3460 3760 3795 
14310 1385 68 69 508 
14311 3285 3205 2981 3439 
14312 1687 1686 1688 3711 
14313 3095 3282 3170 3664 
14314 3323 3353 3131 3490 
14315 789 1335 813 3733 
14316 852 520 936 3778 
14317 2665 234 235 1348 
14318 2405 2768 2404 3637 
14319 972 2036 343 622 
14320 784 2501 2266 575 
14321 886 155 465 3695 
14322 2948 3183 2950 3668 
14323 670 1005 550 2238 
14324 920 3622 875 3744 
14325 2149 721 719 746 
14326 2965 2995 2964 3473 
14327 1731 1729 1956 3505 
14328 1558 1562 1559 3447 
14329 820 805 531 2199 
14330 3092 3626 3496 3718 
14331 361 3378 3409 3622 
14332 1898 1774 1622 3591 
14333 1712 1702 1713 3491 
14334 1698 1909 1709 3626 
14335 2006 409 408 3538 
14336 152 466 1231 3663 
14337 430 1222 944 2186 
14338 3063 3064 3062 3502 
14339 928 3763 787 3799 
14340 2015 363 3570 3628 
14341 1577 1576 1578 3489 
14342 2242 2520 786 2216 
14343 800 2179 799 802 
14344 3094 3095 3313 3549 
14345 1620 1669 1643 3726 
14346 3189 3173 3188 3577 
14347 1635 1628 1627 3545 
14348 2762 2808 2366 1145 
14349 373 2379 3560 3657 
14350 2239 2548 2091 648 
14351 3650 3712 1247 3772 
14352 1730 3711 3550 3803 
14353 2306 2289 2610 1034 
14354 3249 3216 3268 3601 
14355 1692 1693 1691 3533 
14356 825 2572 2571 1130 
14357 3514 3765 3482 3798 
14358 3178 3032 3180 3533 
14359 1716 1717 1658 3488 
14360 3220 3420 3221 3826 
14361 3279 3098 3348 3646 
14362 897 904 3649 3792 
14363 1559 1550 1558 3633 
14364 2979 2977 2978 3464 
14365 2103 2118 2105 661 
14366 1689 1688 1690 3711 
14367 1683 1776 1773 3719 
14368 1941 3542 1905 3658 
14369 2434 3393 3653 3730 
14370 1551 3448 1832 3781 
14371 2289 2306 963 962 
14372 1952 1503 1955 3387 
14373 393 3485 2059 3729 
14374 963 2294 2289 962 
14375 3706 3784 2296 3797 
14376 3345 2893 3327 3526 
14377 867 3393 176 3730 
14378 484 855 1250 3703 
14379 119 118 498 1468 
14380 455 3739 3512 3754 
14381 206 893 205 3604 
14382 842 778 3808 3814 
14383 3048 3166 3093 3746 
14384 2118 2569 2622 666 
14385 2880 423 424 3737 
14386 562 676 995 2253 
14387 1687 3397 3711 3803 
14388 1831 1837 1594 3738 
14389 890 1323 888 3690 
14390 1836 1859 1564 3731 
14391 3327 390 2886 3598 
14392 343 627 2036 972 
14393 517 518 3769 3810 
14394 1698 3580 1940 3625 
14395 1586 1585 1584 3437 
14396 214 1957 3394 3774 
14397 182 1489 1911 3775 
14398 1940 3625 3580 3798 
14399 2400 408 407 3659 
14400 2998 3014 3013 3648 
14401 1865 1860 1837 3429 
14402 2160 2566 1042 2565 
14403 1534 1537 1536 3470 
14404 177 868 3598 3615 
14405 2884 3371 3235 3594 
14406 1664 1718 1881 3804 
14407 3262 3082 3213 3438 
14408 909 453 193 3606 
14409 2323 2261 2260 568 
14410 902 901 3556 3741 
14411 184 1493 1946 3523 
14412 3056 3209 3054 3535 
14413 1475 215 1957 3394 
14414 1687 3711 1730 3803 
14415 3039 3038 3012 3433 
14416 398 3624 3386 3735 
14417 952 741 1186 3818 
14418 1966 1481 149 3570 
14419 2000 3582 422 3682 
14420 2036 627 2069 624 
14421 3248 2892 3250 3409 
14422 797 1193 1298 3811 
14423 1897 3434 1896 3787 
14424 1874 1686 1672 3430 
14425 2900 3519 3319 3620 
14426 913 450 210 3582 
14427 2496 2290 2498 582 
14428 2172 738 737 739 
14429 396 395 3649 3775 
14430 2881 3140 3342 3572 
14431 1145 2808 2366 960 
14432 1947 1750 1882 3572 
14433 1760 1905 1734 3509 
14434 1510 1753 1763 3585 
14435 2984 2982 3030 3673 
14436 1007 779 544 2484 
14437 2997 2998 3013 3450 
14438 3739 3754 930 3770 
14439 3056 3054 3055 3535 
14440 1476 159 158 3440 
14441 1971 1699 1740 3540 
14442 379 378 2375 3607 
14443 921 3793 483 3800 
14444 373 2888 372 3440 
14445 3058 3057 3242 3590 
14446 1814 1851 1852 3446 
14447 2936 3245 2933 3788 
14448 367 3609 2385 3621 
14449 1704 1907 3472 3787 
14450 411 2422 412 3500 
14451 2557 2117 2116 747 
14452 2768 2406 2404 3604 
14453 2338 2437 3614 3769 
14454 3105 3051 3421 3795 
14455 2087 2345 3762 3809 
14456 207 1490 208 3618 
14457 3340 2877 387 3584 
14458 1520 1775 1771 3466 
14459 183 3523 3649 3775 
14460 1603 1819 1826 3547 
14461 459 176 3598 3730 
14462 3042 3098 3261 3573 
14463 2008 352 351 958 
14464 3232 2877 3340 3602 
14465 2957 2956 2968 3479 
14466 1690 1688 1889 3474 
14467 3106 3233 3107 3426 
14468 2398 414 2005 3754 
14469 2389 3622 2390 3744 
14470 380 2376 3558 3638 
14471 3184 2950 3183 3415 
14472 3001 2991 3002 3477 
14473 190 1494 1922 3579 
14474 1939 3620 1745 3796 
14475 2936 2937 3427 3788 
14476 2901 3328 3366 3494 
14477 202 201 1486 3756 
14478 882 157 919 3588 
14479 3078 3096 3088 3476 
14480 3030 3300 2984 3431 
14481 1130 2571 825 1045 
14482 988 1196 658 3802 
14483 3087 3541 3022 3795 
14484 3099 3540 3271 3767 
14485 842 3808 3656 3814 
14486 161 1939 162 3519 
14487 1857 1630 1540 3427 
14488 2394 2034 2395 3680 
14489 1969 1483 1940 3798 
14490 630 2071 1101 628 
14491 944 940 941 2188 
14492 2059 393 392 3485 
14493 666 825 2608 1045 
14494 3177 415 3548 3756 
14495 3261 3067 3033 3551 
14496 1633 1756 1980 3411 
14497 1725 1895 1692 3419 
14498 1574 1863 1597 3479 
14499 2884 3571 3371 3594 
14500 2880 3346 3142 3625 
14501 2267 2501 784 575 
14502 1491 1979 1754 3390 
14503 2379 374 373 3560 
14504 1815 3464 1617 3782 
14505 930 3739 455 3754 
14506 152 466 3663 3694 
14507 3269 3076 3026 3414 
14508 1546 1549 1550 3459 
14509 1682 1610 1886 3589 
14510 1614 1609 1613 3442 
14511 21 20 457 1352 
14512 2930 2933 3218 3424 
14513 2978 3244 2982 3673 
14514 896 185 898 3735 
14515 2491 776 983 1023 
14516 2986 2987 2985 3553 
14517 1873 1634 1599 3435 
14518 983 2492 2491 1023 
14519 1689 3610 3550 3711 
14520 420 3618 3504 3786 
14521 1590 1879 1797 3477 
14522 3072 3455 3181 3805 
14523 3108 3511 3073 3771 
14524 3260 3186 3187 3554 
14525 206 3504 451 3687 
14526 488 3506 144 3722 
14527 3621 3695 1140 3811 
14528 899 978 1330 3809 
14529 2337 2280 3801 3821 
14530 3335 3354 3200 3387 
14531 767 1042 716 2160 
14532 3151 3298 3152 3462 
14533 1324 3747 931 3815 
14534 1835 1752 1498 3552 
14535 3103 3357 3242 3497 
14536 2918 2919 2920 3443 
14537 1482 1922 1968 3543 
14538 2360 958 960 959 
14539 192 193 453 3507 
14540 395 3326 3556 3775 
14541 1858 1859 1833 3410 
14542 3254 2988 3000 3407 
14543 1200 453 910 3606 
14544 2384 3695 3621 3811 
14545 2297 2509 992 2258 
14546 1102 1101 1066 2313 
14547 3248 3249 2892 3601 
14548 1611 1592 1840 3639 
14549 894 955 956 3759 
14550 2287 2492 753 1023 
14551 1772 1768 1773 3541 
14552 1535 1816 1854 3432 
14553 3313 3575 3549 3791 
14554 726 2155 2584 2153 
14555 3328 2885 3197 3494 
14556 1779 1885 1893 3422 
14557 1075 708 1129 2534 
14558 2184 1264 2236 2186 
14559 1904 1766 1668 3734 
14560 1615 1838 1715 3425 
14561 3275 3081 3273 3404 
14562 2419 2420 3656 3808 
14563 1681 1683 1898 3403 
14564 3028 3035 3027 3474 
14565 149 148 1966 3622 
14566 3220 2927 3221 3420 
14567 1063 3772 807 3823 
14568 929 937 870 3729 
14569 1746 1744 1745 3620 
14570 913 887 891 3828 
14571 3333 364 3330 3767 
14572 2996 2995 2965 3630 
14573 3156 3154 3152 3634 
14574 3237 3190 3363 3516 
14575 819 1141 1115 3706 
14576 161 879 160 3560 
14577 3119 3292 3120 3428 
14578 519 522 521 3810 
14579 3172 3463 3173 3812 
14580 2548 2239 1103 648 
14581 2584 2155 726 1056 
14582 1723 1876 1856 3406 
14583 1592 1608 1591 3462 
14584 1970 1730 1791 3550 
14585 1997 397 396 3649 
14586 2059 2693 2374 3729 
14587 3033 3003 3261 3551 
14588 2495 2492 2491 983 
14589 1826 1819 1820 3547 
14590 2684 3657 2380 3752 
14591 1774 1898 1773 3591 
14592 3257 2946 2942 3416 
14593 1722 3407 1881 3804 
14594 3279 3315 3167 3623 
14595 3091 3209 3210 3542 
14596 1997 2815 2627 3735 
14597 3372 3144 3125 3449 
14598 2399 3548 415 3619 
14599 3051 3112 3105 3421 
14600 1868 1627 1629 3418 
14601 1610 1570 1848 3400 
14602 1869 1818 1744 3495 
14603 3223 3241 3053 3399 
14604 1823 3590 1825 3787 
14605 1505 153 152 3388 
14606 2554 2171 735 792 
14607 2958 2948 2949 3668 
14608 2979 2981 3205 3642 
14609 3097 3113 3284 3401 
14610 2157 2149 719 2580 
14611 2993 3006 3005 3436 
14612 2068 2036 2069 624 
14613 2122 2298 2124 709 
14614 1638 1637 1701 3423 
14615 1474 177 1929 3598 
14616 911 912 931 3659 
14617 1639 1604 1605 3501 
14618 3095 3170 3283 3664 
14619 1513 1762 1512 3412 
14620 2831 2859 970 621 
14621 2962 2967 2966 3408 
14622 2422 3500 411 3748 
14623 1606 1622 1900 3405 
14624 1589 1587 1588 3413 
14625 3065 3135 3134 3597 
14626 3251 3016 3224 3459 
14627 1877 1866 1796 3714 
14628 393 3485 3729 3780 
14629 1804 1806 3536 3727 
14630 1864 1721 1861 3395 
14631 2464 2180 799 849 
14632 3160 3163 3266 3466 
14633 411 410 2032 3707 
14634 3274 3165 3255 3398 
14635 2582 2113 2240 781 
14636 3370 3168 2897 3552 
14637 1155 804 3742 3778 
14638 2819 3689 2734 3768 
14639 2974 3080 2976 3716 
14640 3302 3219 3021 3413 
14641 2801 3763 3628 3799 
14642 2761 2251 2396 3742 
14643 622 627 2036 624 
14644 2421 396 395 3649 
14645 1668 1766 1902 3456 
14646 1093 674 2089 646 
14647 520 852 516 3769 
14648 1003 557 999 2247 
14649 1576 1535 1854 3782 
14650 3271 2883 3333 3396 
14651 1711 1670 1646 3443 
14652 3348 3315 3279 3646 
14653 1522 1521 1519 3421 
14654 3050 3049 3020 3412 
14655 3388 3663 365 3694 
14656 2970 2969 2971 3405 
14657 1557 1831 1594 3408 
14658 1769 1901 1669 3436 
14659 3146 3139 3546 3660 
14660 1603 1569 1817 3398 
14661 776 2495 2491 983 
14662 476 969 517 3651 
14663 2913 3149 2910 3483 
14664 1776 1888 1526 3428 
14665 3358 3308 3277 3566 
14666 1073 2125 2561 2124 
14667 1742 1662 1750 3583 
14668 708 1075 2128 2534 
14669 2914 2916 2917 3395 
14670 2155 2584 1054 1056 
14671 1653 1632 1652 3483 
14672 1680 1554 1847 3416 
14673 3212 2935 2932 3470 
14674 3657 3701 2380 3752 
14675 2896 426 2905 3391 
14676 763 1080 2553 2556 
14677 3024 3057 3025 3434 
14678 2974 2975 2934 3432 
14679 3315 367 2879 3609 
14680 3364 3196 3197 3492 
14681 1193 1053 466 3794 
14682 3150 3161 3295 3456 
14683 2894 3379 402 3579 
14684 3052 3093 3282 3423 
14685 3247 3216 3248 3601 
14686 2982 2983 2980 3425 
14687 1678 1842 1575 3420 
14688 1813 1812 1649 3399 
14689 2952 2953 2947 3400 
14690 1060 2153 726 1056 
14691 3301 3157 3299 3749 
14692 980 2172 737 739 
14693 1612 1674 1673 3401 
14694 3148 2915 2912 3442 
14695 1103 650 2548 648 
14696 2923 3296 2924 3406 
14697 3034 3203 3029 3422 
14698 1890 1560 1572 3473 
14699 1794 1918 1983 3549 
14700 1953 3559 1705 3807 
14701 3080 3716 3220 3826 
14702 2412 2411 2613 3682 
14703 3168 3314 3552 3746 
14704 3656 3808 2420 3814 
14705 408 2400 2006 3728 
14706 2628 2392 2782 3744 
14707 898 1158 3735 3809 
14708 1567 1563 1566 3404 
14709 2876 3578 3237 3756 
14710 3010 3270 3278 3403 
14711 911 3606 909 3659 
14712 3031 3206 3207 3446 
14713 2014 2426 2386 3794 
14714 460 872 3567 3789 
14715 3310 3324 2895 3568 
14716 757 2472 2192 2193 
14717 1871 1531 1530 3424 
14718 930 908 455 3739 
14719 1014 3747 1324 3815 
14720 2944 2945 2948 3410 
14721 3335 392 393 3485 
14722 465 3695 3493 3750 
14723 388 3340 387 3584 
14724 1617 1815 1841 3464 
14725 2464 2179 2465 802 
14726 1722 1626 1881 3407 
14727 1027 2260 2323 810 
14728 3690 3737 2416 3828 
14729 2088 673 1093 644 
14730 2124 2561 1073 1071 
14731 532 531 805 2326 
14732 1580 1582 1581 3431 
14733 403 402 2001 3579 
14734 2346 3802 2678 3814 
14735 2937 2938 2936 3427 
14736 1894 1565 1553 3414 
14737 3191 3363 3190 3516 
14738 1326 3681 1200 3827 
14739 1897 1828 1896 3434 
14740 169 463 855 3629 
14741 3216 3215 3043 3454 
14742 1805 1803 1611 3727 
14743 3089 3281 3169 3471 
14744 3297 3158 3452 3826 
14745 2515 2247 999 2230 
14746 1663 1628 1635 3545 
14747 1048 1047 3740 3821 
14748 2237 2795 2591 3763 
14749 684 2240 781 683 
14750 398 3374 397 3735 
14751 1524 1792 1775 3640 
14752 175 176 867 3393 
14753 1656 1657 1655 3426 
14754 1564 1846 1836 3415 
14755 2188 2511 944 2186 
14756 3337 2904 3377 3557 
14757 2527 2172 980 739 
14758 3230 2996 3032 3419 
14759 1663 1665 1664 3486 
14760 2073 1066 1102 2595 
14761 971 972 2831 621 
14762 1541 1542 1538 3438 
14763 1640 1707 1796 3714 
14764 195 3390 1491 3538 
14765 3071 3266 3267 3654 
14766 1048 1346 3638 3740 
14767 519 517 858 3651 
14768 2266 1015 575 572 
14769 2073 1066 1101 2313 
14770 461 3562 1237 3689 
14771 897 904 446 3649 
14772 3301 3299 3222 3437 
14773 3258 3041 3036 3430 
14774 2376 381 380 3558 
14775 1346 3607 846 3638 
14776 3042 3003 2999 3418 
14777 2172 2246 2174 739 
14778 2005 3739 2403 3754 
14779 1930 187 1480 3534 
14780 117 116 439 1464 
14781 200 455 908 3739 
14782 2510 676 992 2509 
14783 190 1219 452 3678 
14784 3017 3265 3264 3447 
14785 1023 2491 776 583 
14786 650 1105 1103 2548 
14787 3231 3345 3100 3612 
14788 1317 984 3605 3751 
14789 1687 1784 1685 3397 
14790 2004 3637 3605 3751 
14791 3283 3170 3370 3510 
14792 2973 2961 3229 3429 
14793 876 1214 3744 3799 
14794 175 1504 176 3393 
14795 1780 1648 1827 3439 
14796 3121 3109 3110 3555 
14797 2294 963 625 962 
14798 2168 2167 2554 1037 
14799 3046 3075 3047 3435 
14800 1887 1602 1867 3433 
14801 3245 3289 3218 3641 
14802 1843 1832 1551 3448 
14803 1527 1529 1528 3461 
14804 2922 2925 3293 3444 
14805 3289 3083 3287 3467 
14806 1604 1796 1593 3450 
14807 3109 3505 3344 3771 
14808 2008 2360 352 958 
14809 1517 1516 1515 3453 
14810 1529 1531 1532 3745 
14811 1666 1786 1733 3601 
14812 2097 754 2558 654 
14813 2172 2527 737 2171 
14814 1958 197 1477 3571 
14815 1883 1703 1884 3576 
14816 1662 1640 1639 3546 
14817 3037 3172 3174 3585 
14818 2511 944 941 2188 
14819 1702 1712 1638 3636 
14820 1939 161 1501 3560 
14821 2498 1017 582 579 
14822 3375 2886 3334 3385 
14823 2360 2366 2808 960 
14824 1679 1829 1850 3441 
14825 3220 2974 2931 3716 
14826 1507 1478 1508 3494 
14827 3111 3181 3072 3455 
14828 3349 427 428 3394 
14829 467 3628 928 3799 
14830 2553 1081 763 2536 
14831 1060 2311 2153 1056 
14832 1875 1759 1968 3417 
14833 2608 2572 2571 825 
14834 3198 3066 3137 3475 
14835 1080 763 700 2556 
14836 3359 379 2890 3389 
14837 1067 2115 1068 1130 
14838 955 826 3759 3786 
14839 1926 169 1479 3629 
14840 3164 3122 3234 3480 
14841 521 953 518 3810 
14842 2242 543 779 2484 
14843 3168 3166 3314 3746 
14844 3735 3762 2627 3809 
14845 177 459 176 3598 
14846 2560 2356 1078 2304 
14847 1078 2560 2304 2137 
14848 2073 1102 1066 2313 
14849 858 3651 485 3777 
14850 2367 627 343 972 
14851 849 799 2464 802 
14852 1083 754 2310 654 
14853 2487 2182 2305 1194 
14854 781 2113 2240 684 
14855 2492 2287 2491 1023 
14856 2839 2837 2838 809 
14857 582 776 2290 583 
14858 800 2586 2465 950 
14859 3333 3539 364 3767 
14860 3158 3159 3297 3452 
14861 2348 2124 1070 1071 
14862 918 877 3657 3752 
14863 2312 2698 2138 3733 
14864 2069 2716 627 2367 
14865 3304 3055 3070 3451 
14866 3225 3119 3074 3517 
14867 1141 1115 3706 3797 
14868 1782 1739 1964 3516 
14869 747 2116 1051 686 
14870 1105 650 2319 2548 
14871 920 485 875 3622 
14872 2806 2424 2442 3606 
14873 1727 1743 1744 3597 
14874 1749 1488 1936 3608 
14875 672 1117 525 2203 
14876 1830 1780 1841 3672 
14877 3260 3226 2940 3457 
14878 2899 3335 393 3780 
14879 1621 1620 1643 3458 
14880 211 887 913 3737 
14881 2992 3004 3022 3460 
14882 737 2527 2172 980 
14883 2897 3314 3362 3552 
14884 428 1996 429 3652 
14885 2116 2113 2582 1051 
14886 183 3523 446 3649 
14887 1778 1779 1714 3518 
14888 586 775 790 3768 
14889 1818 1601 1877 3465 
14890 207 451 206 3504 
14891 3352 3179 3309 3576 
14892 2401 2364 3728 3815 
14893 3173 3172 3171 3463 
14894 365 3663 2387 3694 
14895 2419 3725 2439 3808 
14896 2586 2174 2246 1127 
14897 2740 2461 3678 3802 
14898 1078 782 2356 2560 
14899 1235 900 893 3604 
14900 1803 1636 1613 3528 
14901 1914 1800 1976 3617 
14902 2184 2236 12 2487 
14903 1326 1200 748 3827 
14904 2566 745 1042 2565 
14905 571 2323 2505 1027 
14906 3037 3009 3007 3468 
14907 1595 1571 1574 3532 
14908 1925 1937 1731 3490 
14909 2289 2610 1034 962 
14910 3202 2985 2989 3469 
14911 1765 1517 1520 3665 
14912 3015 3311 3305 3501 
14913 151 1933 1951 3539 
14914 387 2062 3584 3793 
14915 483 3793 3653 3800 
14916 2424 2708 3659 3747 
14917 3117 3288 3114 3757 
14918 2010 378 3562 3689 
14919 2075 780 771 635 
14920 366 2385 367 3609 
14921 2000 2412 2413 3682 
14922 650 1083 1105 2319 
14923 1107 782 710 2158 
14924 180 179 1503 3485 
14925 1140 3621 886 3695 
14926 1895 1897 1694 3611 
14927 1195 2597 2116 747 
14928 1195 2116 2597 1051 
14929 2204 1024 527 2512 
14930 948 1335 3724 3754 
14931 753 2287 1023 588 
14932 1687 1784 3397 3803 
14933 1100 2079 2309 2576 
14934 3061 3062 3217 3574 
14935 3194 3530 3193 3783 
14936 3306 3211 3381 3509 
14937 447 887 212 3592 
14938 422 2000 423 3582 
14939 3102 3097 3101 3819 
14940 564 992 676 2509 
14941 192 191 1482 3543 
14942 774 808 2845 617 
14943 184 446 183 3523 
14944 2889 3127 3128 3515 
14945 969 485 858 3651 
14946 910 911 1044 3747 
14947 3116 3235 3118 3783 
14948 627 2069 624 628 
14949 1808 3596 1500 3691 
14950 2368 3793 3627 3820 
14951 752 920 1245 3744 
14952 3043 3011 3253 3544 
14953 820 805 2199 2333 
14954 1707 1726 1727 3475 
14955 2845 2844 808 774 
14956 1984 1475 1915 3384 
14957 2247 557 999 2230 
14958 763 2245 2553 2536 
14959 1703 1704 1907 3472 
14960 1048 829 1047 3821 
14961 2124 1070 1071 709 
14962 2571 2608 825 1045 
14963 1823 1896 3590 3787 
14964 2373 2443 2033 3741 
14965 1601 1562 1866 3688 
14966 1820 1675 1821 3476 
14967 1482 1963 192 3507 
14968 1618 1793 1637 3525 
14969 3209 3596 3377 3764 
14970 2618 392 391 3615 
14971 2812 2594 2714 3772 
14972 1561 1560 1556 3531 
14973 1905 1760 1484 3658 
14974 3309 396 3523 3775 
14975 1081 1082 763 2536 
14976 1504 1923 1959 3602 
14977 2533 2163 755 1058 
14978 3325 3350 3283 3510 
14979 464 877 878 3701 
14980 2527 737 2171 980 
14981 2325 2818 2714 3772 
14982 2097 2558 754 2310 
14983 3069 3050 3092 3718 
14984 2288 2454 2283 1031 
14985 3092 3104 3069 3496 
14986 1865 1716 1860 3781 
14987 846 1237 166 3607 
14988 2447 2384 2747 3811 
14989 2316 995 676 2253 
14990 3157 3158 3155 3702 
14991 3372 2882 3383 3384 
14992 919 3701 881 3743 
14993 2172 737 2170 2171 
14994 2892 361 3378 3409 
14995 727 726 2155 1054 
14996 1581 1583 1579 3632 
14997 361 362 3378 3622 
14998 1194 2182 2305 849 
14999 3293 3163 2921 3661 
15000 3146 3139 3141 3546 
15001 145 1484 1950 3445 
15002 3357 3360 3336 3655 
15003 1839 1722 1849 3520 
15004 2073 2075 1066 2595 
15005 2911 2912 2910 3603 
15006 1997 3649 2760 3792 
15007 566 810 2260 568 
15008 1532 1531 1533 3524 
15009 1912 1798 1645 3530 
15010 1959 1923 1880 3602 
15011 1853 1565 1872 3522 
15012 1979 1963 1754 3568 
15013 2153 2584 726 1056 
15014 3339 2881 382 3629 
15015 2830 2858 669 968 
15016 70 71 1371 475 
15017 3298 3153 3070 3669 
15018 3080 3220 3221 3826 
15019 1842 1532 1575 3745 
15020 2512 2204 1024 2207 
15021 3584 2062 3653 3793 
15022 1935 1474 1974 3385 
15023 1667 1644 1643 3662 
15024 3106 3182 3233 3805 
15025 3083 2939 2943 3529 
15026 1756 1633 1961 3411 
15027 2891 3330 365 3388 
15028 2063 390 389 3730 
15029 2674 3706 2296 3797 
15030 186 3534 449 3624 
15031 2418 3656 2420 3814 
15032 2926 3294 2925 3705 
15033 3311 3146 3141 3546 
15034 3369 3101 3343 3417 
15035 1685 1732 1684 3574 
15036 2505 1028 571 1027 
15037 1891 1886 1680 3684 
15038 1591 1623 1850 3666 
15039 407 3321 2895 3390 
15040 1882 1641 1705 3503 
15041 1068 2573 2115 1067 
15042 755 2163 729 1058 
15043 673 2328 2578 2085 
15044 1006 2476 2232 2475 
15045 1219 895 1326 3773 
15046 2388 3663 3628 3763 
15047 3627 3793 866 3820 
15048 3142 3373 2880 3625 
15049 1510 1511 1509 3499 
15050 1689 3550 1730 3711 
15051 2588 780 771 2075 
15052 2716 2071 2069 628 
15053 777 652 778 3814 
15054 998 2515 2230 2233 
15055 1801 1915 1802 3449 
15056 2716 668 627 2367 
15057 3005 3252 3004 3760 
15058 928 787 1050 3799 
15059 176 1929 177 3598 
15060 917 771 1100 2576 
15061 377 378 3316 3562 
15062 2426 2795 2237 3794 
15063 1545 1541 1843 3676 
15064 1545 1551 1549 3679 
15065 3088 3274 3077 3696 
15066 151 840 150 3539 
15067 2400 2708 2401 3728 
15068 1130 1067 2115 679 
15069 895 1219 191 3773 
15070 2599 1103 1105 2548 
15071 1300 456 906 3728 
15072 2941 2937 3228 3521 
15073 165 1237 461 3562 
15074 1845 1846 1671 3645 
15075 1647 1827 1600 3715 
15076 2747 3621 2385 3811 
15077 2334 2804 2819 3768 
15078 739 980 2527 981 
15079 2011 2378 375 3712 
15080 761 941 940 2188 
15081 839 770 3763 3794 
15082 3048 3067 3166 3491 
15083 1903 1904 1697 3496 
15084 390 3327 389 3598 
15085 2844 2845 2843 774 
15086 1911 1489 1791 3566 
15087 205 900 204 3604 
15088 2203 672 1117 2514 
15089 863 1295 864 3652 
15090 1158 3762 3735 3809 
15091 931 3659 912 3728 
15092 2328 1096 673 2578 
15093 378 377 2010 3562 
15094 2859 2831 344 621 
15095 1335 948 862 3754 
15096 343 2831 972 621 
15097 1288 3613 1126 3680 
15098 1233 1317 454 3637 
15099 3377 3557 2904 3764 
15100 1977 166 1495 3389 
15101 3019 3008 3009 3709 
15102 3173 3577 3189 3812 
15103 170 1926 1496 3487 
15104 1921 3514 1969 3765 
15105 1973 1494 1822 3537 
15106 2370 383 382 3643 
15107 891 1323 744 3690 
15108 745 1107 710 2158 
15109 3122 3121 3110 3555 
15110 2809 2104 2106 3827 
15111 362 2015 363 3570 
15112 881 919 464 3701 
15113 182 1911 183 3775 
15114 2443 2352 2810 3741 
15115 759 757 795 2192 
15116 2907 2908 2909 3482 
15117 2935 2933 2932 3788 
15118 3378 362 2883 3570 
15119 1739 1695 1738 3578 
15120 2311 2151 746 1060 
15121 1107 782 2158 2600 
15122 2192 795 759 2469 
15123 1931 164 1485 3616 
15124 215 214 1957 3394 
15125 3177 3376 2876 3756 
15126 870 938 1227 3785 
15127 1264 944 2236 2186 
15128 2326 1039 532 2472 
15129 369 3750 2382 3825 
15130 2941 2940 2937 3758 
15131 2124 2298 2348 1070 
15132 143 142 1809 3557 
15133 955 3687 451 3786 
15134 746 2151 721 1060 
15135 3326 3402 2899 3780 
15136 1071 1073 2124 709 
15137 3114 3115 3116 3527 
15138 3065 3134 3066 3597 
15139 175 483 174 3584 
15140 2533 2163 2531 755 
15141 1529 1842 1528 3745 
15142 1288 1126 17 3680 
15143 582 2498 2496 833 
15144 3251 3208 3265 3671 
15145 3132 3133 3143 3559 
15146 1553 1552 1548 3692 
15147 860 1337 3613 3742 
15148 467 928 876 3799 
15149 674 1093 2089 2563 
15150 2028 382 381 3629 
15151 3252 3005 3008 3513 
15152 3147 3125 3144 3449 
15153 2301 2208 533 2521 
15154 1720 1683 1682 3719 
15155 1815 1814 1830 3697 
15156 2747 2386 3755 3811 
15157 1908 1740 1700 3646 
15158 2689 2004 3605 3751 
15159 823 2569 1085 660 
15160 2192 2472 757 2470 
15161 368 369 3362 3493 
15162 2876 3365 414 3756 
15163 2387 3694 3663 3794 
15164 672 2203 2513 2514 
15165 1999 2419 400 3725 
15166 1068 2115 2573 1130 
15167 2813 2409 2410 3786 
15168 2951 3240 2952 3677 
15169 3242 3124 3058 3590 
15170 800 1127 2586 950 
15171 3291 2994 3290 3647 
15172 716 718 767 2575 
15173 921 866 3793 3820 
15174 200 908 199 3739 
15175 1490 1909 1965 3515 
15176 1677 1754 1759 3568 
15177 3312 3133 3305 3503 
15178 2666 2383 2382 3750 
15179 3099 3271 3333 3767 
15180 357 3331 356 3506 
15181 199 198 1913 3500 
15182 702 1078 1079 2304 
15183 194 1491 195 3390 
15184 374 375 2900 3519 
15185 2199 805 531 2326 
15186 1897 1704 1694 3611 
15187 3260 2940 2944 3758 
15188 2157 2606 718 2575 
15189 3309 2873 396 3775 
15190 1718 1797 1879 3804 
15191 664 1096 1097 2578 
15192 3022 3760 3051 3795 
15193 2880 3320 3346 3514 
15194 3022 3004 3051 3760 
15195 2945 2944 2941 3758 
15196 3118 3194 3193 3783 
15197 2553 2245 763 2556 
15198 2801 2339 2591 3799 
15199 2584 2153 2311 1056 
15200 3051 3252 3112 3760 
15201 1015 784 2266 575 
15202 3118 3117 3116 3411 
15203 2313 1101 2073 2071 
15204 1696 1940 3580 3798 
15205 515 145 476 3614 
15206 573 1063 807 3823 
15207 2580 719 2157 1089 
15208 3628 3763 928 3799 
15209 2567 1110 767 2160 
15210 2893 388 389 3393 
15211 1203 3605 813 3619 
15212 1740 1699 1700 3540 
15213 1844 1953 1705 3807 
15214 859 3706 818 3712 
15215 1042 767 1110 2160 
15216 3208 3206 3264 3667 
15217 3239 3329 2900 3791 
15218 2337 2278 2280 3821 
15219 3054 3038 3039 3761 
15220 1679 1623 1670 3670 
15221 2115 2579 2109 1067 
15222 754 2558 654 656 
15223 352 958 959 669 
15224 532 2326 2472 2196 
15225 2245 763 1082 2536 
15226 987 791 948 3724 
15227 1006 1005 2479 2475 
15228 1964 1783 1782 3516 
15229 148 485 147 3622 
15230 921 483 1218 3800 
15231 1011 543 779 2242 
15232 2393 3613 2394 3742 
15233 1632 1653 1668 3734 
15234 3207 3208 3224 3685 
15235 3239 3620 3575 3791 
15236 2172 2527 2246 739 
15237 667 2842 2852 968 
15238 406 3324 405 3507 
15239 1097 664 2578 2315 
15240 1765 1766 1516 3686 
15241 1909 1490 1949 3515 
15242 2253 676 2316 2509 
15243 2116 2582 2597 1051 
15244 2842 2858 2852 968 
15245 711 1042 745 2565 
15246 1231 3663 466 3794 
15247 3331 3381 3210 3764 
15248 3160 2918 2921 3700 
15249 2567 2566 1110 2160 
15250 1623 1608 1646 3699 
15251 3107 3108 3073 3771 
15252 1752 1960 1928 3510 
15253 2036 627 343 2367 
15254 1100 2309 2577 2576 
15255 1028 2505 2323 1027 
15256 1085 2569 823 2559 
15257 1507 1761 1949 3492 
15258 1528 1878 1525 3713 
15259 2368 3627 2719 3820 
15260 2408 2740 2461 3678 
15261 2516 2493 2517 675 
15262 2939 2938 2942 3721 
15263 1193 466 885 3694 
15264 2014 365 2387 3694 
15265 2192 757 795 2470 
15266 3033 3029 3003 3723 
15267 1245 876 1214 3744 
15268 2577 917 1100 2576 
15269 1859 1543 1547 3731 
15270 2171 735 2168 2554 
15271 784 2299 2501 578 
15272 877 879 918 3657 
15273 867 1118 3653 3730 
15274 3352 2903 3360 3655 
15275 3179 3178 3180 3533 
15276 3233 3234 3110 3698 
15277 1900 1899 1669 3726 
15278 765 731 2570 1058 
15279 369 3362 3493 3825 
15280 2345 2627 3762 3809 
15281 2875 3319 376 3616 
15282 2037 2771 2719 3789 
15283 415 2399 416 3548 
15284 1745 3620 3597 3796 
15285 2329 2760 2352 3792 
15286 395 3326 394 3556 
15287 2831 343 344 621 
15288 3064 3063 3072 3675 
15289 3238 3065 3045 3495 
15290 2509 992 2510 2297 
15291 1684 1732 1741 3574 
15292 1089 2157 2606 718 
15293 206 1506 207 3504 
15294 3376 3578 2876 3756 
15295 420 3322 2885 3504 
15296 2839 2837 809 667 
15297 880 3650 1247 3772 
15298 874 3643 873 3732 
15299 1476 1932 159 3440 
15300 2245 1082 1129 2534 
15301 979 897 3762 3792 
15302 1662 1706 1640 3546 
15303 959 961 352 669 
15304 515 488 144 3722 
15305 2476 1008 1006 2232 
15306 2595 1102 2073 2313 
15307 1481 150 149 3570 
15308 1718 1666 1719 3454 
15309 412 2422 2403 3739 
15310 397 3374 3309 3523 
15311 3212 3213 3228 3710 
15312 3236 3172 3173 3812 
15313 1918 1870 1746 3575 
15314 424 425 3320 3592 
15315 3288 3286 3113 3757 
15316 1632 1614 1631 3704 
15317 955 894 451 3687 
15318 2894 3318 3227 3581 
15319 3113 3102 3114 3757 
15320 1101 851 668 2716 
15321 2409 3618 420 3786 
15322 1155 3742 857 3778 
15323 3109 3107 3110 3771 
15324 2390 2392 3744 3777 
15325 2404 2406 418 3604 
15326 2867 2859 2845 970 
15327 150 467 149 3570 
15328 1672 1684 1661 3502 
15329 867 3653 3393 3730 
15330 2606 822 718 2575 
15331 782 1078 706 2560 
15332 1982 1497 1950 3564 
15333 1626 1624 1625 3683 
15334 900 991 1233 3637 
15335 2311 2151 2580 746 
15336 1337 1155 511 3742 
15337 2014 3694 2387 3794 
15338 1905 1941 1736 3542 
15339 1107 745 2601 2158 
15340 196 456 195 3538 
15341 2151 2311 2153 1060 
15342 2716 668 1101 628 
15343 771 1100 2576 636 
15344 1037 733 2167 765 
15345 3191 3193 3194 3530 
15346 2609 836 1149 1036 
15347 3732 3789 1133 3806 
15348 2315 664 2578 2081 
15349 2838 2837 2836 809 
15350 2375 2441 3607 3768 
15351 2180 2305 2182 849 
15352 792 2528 2171 980 
15353 772 955 826 3759 
15354 3276 3169 3285 3717 
15355 1919 213 1502 3391 
15356 625 964 2808 1145 
15357 3199 3040 3061 3397 
15358 2876 3376 3237 3578 
15359 782 2158 2600 2560 
15360 3100 3064 3231 3612 
15361 1216 1029 2841 774 
15362 160 877 159 3657 
15363 2456 2609 836 1149 
15364 670 2481 2238 2226 
15365 1317 1233 984 3751 
15366 2844 2841 1029 774 
15367 1695 1667 1710 3463 
15368 153 3609 885 3694 
15369 787 928 1342 3763 
15370 144 488 143 3506 
15371 3247 3347 3086 3486 
15372 928 3628 1342 3763 
15373 2301 533 827 2521 
15374 1917 1941 1905 3658 
15375 2496 2290 582 833 
15376 1940 1698 1696 3580 
15377 463 874 1225 3643 
15378 2599 1105 2319 2548 
15379 1061 574 577 3784 
15380 142 860 1288 3613 
15381 1939 1972 1745 3620 
15382 2968 3288 3290 3508 
15383 2598 2580 2581 1090 
15384 919 158 464 3588 
15385 1007 1006 1008 2232 
15386 1607 1621 1798 3569 
15387 3253 3038 3091 3761 
15388 2830 2858 351 669 
15389 1605 1837 1642 3738 
15390 2898 3132 3143 3559 
15391 759 761 760 2190 
15392 1952 1955 1784 3803 
15393 2566 1042 1110 2160 
15394 174 1923 175 3584 
15395 2808 2294 964 625 
15396 3073 3108 3231 3511 
15397 709 2298 1070 1069 
15398 1005 1006 549 2475 
15399 1714 1616 1615 3736 
15400 1745 1943 1939 3796 
15401 901 182 902 3556 
15402 2119 1085 657 656 
15403 778 652 986 3808 
15404 1070 2124 2298 709 
15405 1788 1665 1663 3486 
15406 2576 2588 771 2075 
15407 2417 2778 2732 3690 
15408 739 2527 2246 981 
15409 835 2517 2493 675 
15410 1298 3621 1140 3811 
15411 173 1925 1487 3481 
15412 2012 2427 3701 3743 
15413 167 168 484 3558 
15414 2693 2059 2618 3785 
15415 1804 1805 1806 3727 
15416 413 2403 2005 3739 
15417 2488 12 2236 2487 
15418 1914 3617 1976 3765 
15419 2812 2714 2011 3650 
15420 2900 3319 3135 3620 
15421 3177 2876 415 3756 
15422 941 761 2322 2188 
15423 446 184 896 3735 
15424 2033 395 394 3556 
15425 797 1046 547 3755 
15426 767 718 822 2575 
15427 968 667 2842 609 
15428 2081 2315 664 2309 
15429 964 2294 2692 963 
15430 465 883 1253 3695 
15431 797 1046 3755 3811 
15432 1004 1005 2238 2479 
15433 214 487 892 3674 
15434 2567 767 2606 2575 
15435 2380 2684 2379 3657 
15436 1551 1832 1865 3781 
15437 1997 2760 2668 3792 
15438 2303 1018 2520 2214 
15439 3105 3074 3051 3795 
15440 2179 2586 2465 800 
15441 950 1127 2587 981 
15442 3087 3022 3074 3795 
15443 3345 3232 2893 3602 
15444 2627 3735 2815 3762 
15445 2128 1075 708 2535 
15446 586 790 1047 3740 
15447 3313 3549 2888 3791 
15448 2129 2245 1129 2534 
15449 2554 735 2168 1037 
15450 972 2831 343 971 
15451 2485 1011 779 2242 
15452 626 1034 2610 962 
15453 3318 404 2878 3543 
15454 1041 1018 2520 2303 
15455 2501 2266 2502 1015 
15456 822 2606 767 2575 
15457 911 910 909 3606 
15458 805 2199 2333 2326 
15459 2572 2115 2571 1130 
15460 1068 817 2573 1067 
15461 1802 1976 1800 3774 
15462 898 1158 896 3735 
15463 2894 3227 3124 3537 
15464 2854 2838 1255 1216 
15465 2888 3313 3283 3549 
15466 851 1101 2313 2716 
15467 2674 2010 2377 3706 
15468 2128 708 1074 2535 
15469 1134 3732 1133 3806 
15470 1129 763 1082 2245 
15471 1118 1218 867 3653 
15472 1914 1708 1799 3482 
15473 1849 1590 1586 3720 
15474 812 1122 1293 3800 
15475 766 998 558 2233 
15476 2190 2322 761 2188 
15477 750 704 789 3733 
15478 1807 1915 1804 3536 
15479 370 3588 3325 3825 
15480 2332 2198 2338 3769 
15481 667 809 2839 611 
15482 2344 2087 2345 3762 
15483 2037 2719 3627 3789 
15484 2291 2684 2562 3752 
15485 2823 2438 3724 3733 
15486 2361 2360 2808 960 
15487 1800 1801 1802 3449 
15488 2771 3789 2343 3806 
15489 2799 672 2512 2513 
15490 147 146 1497 3565 
15491 385 3567 2655 3789 
15492 545 796 547 3755 
15493 1019 1020 2213 2335 
15494 970 975 2867 971 
15495 2290 2496 2495 776 
15496 2446 3724 2398 3754 
15497 2180 1187 799 849 
15498 1937 1978 1731 3490 
15499 1927 201 200 3512 
15500 3196 3050 3060 3718 
15501 1026 672 2513 2514 
15502 2480 1004 670 2238 
15503 2521 2213 1020 2335 
15504 411 412 3368 3500 
15505 461 1277 164 3562 
15506 2338 2341 2437 3769 
15507 893 206 451 3687 
15508 483 3653 1218 3800 
15509 210 211 913 3737 
15510 766 998 2233 2350 
15511 2315 1098 664 2309 
15512 2158 745 2601 2565 
15513 3355 417 2901 3498 
15514 1875 1674 1677 3644 
15515 961 2830 352 669 
15516 2003 405 2407 3681 
15517 1704 1897 1896 3787 
15518 617 808 2845 970 
15519 1920 204 1492 3498 
15520 766 560 995 2252 
15521 171 1937 172 3567 
15522 842 841 778 3814 
15523 3327 3351 3345 3526 
15524 831 627 2367 972 
15525 198 199 907 3500 
15526 1942 1977 1742 3583 
15527 3237 3578 3236 3812 
15528 188 1930 1944 3478 
15529 1083 2096 2310 2319 
15530 1008 2476 2477 2232 
15531 1962 1954 1931 3392 
15532 1131 1094 1093 2563 
15533 771 917 2577 2576 
15534 3663 3694 466 3794 
15535 1966 1938 1787 3409 
15536 891 744 967 3828 
15537 370 2381 371 3588 
15538 2112 2450 2626 3815 
15539 3091 3210 3211 3542 
15540 3280 3060 3272 3499 
15541 3167 3067 3279 3623 
15542 2779 2693 2317 3785 
15543 2496 2498 2499 1017 
15544 2900 3329 374 3560 
15545 187 449 186 3534 
15546 2879 3167 3315 3608 
15547 2419 2439 2420 3808 
15548 1704 1825 1907 3787 
15549 2445 2296 3706 3784 
15550 813 3605 984 3733 
15551 1791 1730 1689 3550 
15552 2908 2911 2910 3603 
15553 2401 2708 2626 3815 
15554 2874 358 3356 3445 
15555 2398 3724 3619 3754 
15556 672 1026 1117 2514 
15557 1795 1612 1596 3693 
15558 761 759 2469 2190 
15559 1823 1825 1896 3787 
15560 1115 1061 819 3784 
15561 2371 2035 2370 3643 
15562 1346 846 1048 3638 
15563 2587 2465 2586 950 
15564 3138 3136 3316 3392 
15565 3227 3096 3078 3476 
15566 1973 1821 1968 3581 
15567 842 3656 841 3814 
15568 1055 2531 1054 755 
15569 175 867 483 3653 
15570 964 2361 2808 960 
15571 1737 1491 1754 3631 
15572 2242 779 2485 2484 
15573 359 2016 360 3565 
15574 3115 3114 3102 3527 
15575 963 2306 1034 962 
15576 2742 2444 3703 3801 
15577 1916 156 155 3493 
15578 177 178 868 3615 
15579 3326 3201 2899 3402 
15580 1141 3689 844 3797 
15581 1195 2597 2582 1051 
15582 2115 2572 2573 1130 
15583 1342 1231 839 3763 
15584 1095 1096 673 2328 
15585 185 896 184 3735 
15586 2388 3628 2801 3763 
15587 3056 3130 3209 3596 
15588 2236 512 12 2488 
15589 3306 3356 3317 3564 
15590 2010 2375 378 3689 
15591 824 2608 2622 666 
15592 702 1079 1080 2314 
15593 865 864 952 3818 
15594 1231 3663 839 3763 
15595 792 2171 737 980 
15596 1253 1140 886 3695 
15597 400 3336 399 3534 
15598 1194 2305 2487 490 
15599 1024 672 527 2512 
15600 459 871 1118 3730 
15601 1954 1495 1931 3392 
15602 864 865 487 3674 
15603 759 2192 2469 2190 
15604 906 905 1224 3707 
15605 1757 1477 1755 3594 
15606 2310 1084 1083 2319 
15607 169 855 168 3629 
15608 1744 1743 1745 3597 
15609 398 2903 3374 3386 
15610 819 818 859 3706 
15611 413 414 3365 3512 
15612 2088 1093 1094 2563 
15613 2837 2839 2842 667 
15614 912 909 194 3659 
15615 816 1233 991 3751 
15616 886 1140 1298 3621 
15617 2936 2935 2937 3788 
15618 2408 403 3678 3773 
15619 1019 1020 537 2213 
15620 216 2 1286 3484 
15621 2032 2422 411 3748 
15622 2171 737 735 792 
15623 2881 381 382 3629 
15624 3080 3489 3716 3826 
15625 180 929 179 3485 
15626 1741 1929 1906 3526 
15627 2394 2393 2034 3613 
15628 872 1133 3732 3789 
15629 1499 1927 200 3708 
15630 343 342 831 972 
15631 2771 2655 2343 3789 
15632 3209 3377 3210 3764 
15633 3106 3072 3181 3805 
15634 361 2389 362 3622 
15635 3326 2899 394 3780 
15636 1943 162 1939 3519 
15637 939 899 449 3725 
15638 2266 2501 784 1015 
15639 3308 3358 2873 3566 
15640 2288 1149 1031 594 
15641 147 3565 1497 3790 
15642 1155 857 804 3778 
15643 582 1017 2498 833 
15644 2492 983 753 1023 
15645 1803 1804 1801 3727 
15646 993 676 992 2510 
15647 181 1489 182 3556 
15648 2460 2521 1020 2335 
15649 1947 1479 1750 3572 
15650 1075 1074 708 2535 
15651 1973 1968 1922 3581 
15652 2655 3567 384 3732 
15653 2810 2421 2033 3741 
15654 2704 3674 3599 3818 
15655 2246 2587 2586 1127 
15656 2455 2288 1149 1031 
15657 3584 3653 483 3793 
15658 2233 998 2515 2350 
15659 1698 1940 1910 3625 
15660 3379 2887 401 3478 
15661 3126 3235 3116 3594 
15662 2358 2243 2357 3818 
15663 930 3754 948 3770 
15664 2118 2622 2608 666 
15665 984 816 985 3751 
15666 3135 3239 2900 3620 
15667 1879 1722 1881 3804 
15668 2446 2005 2659 3754 
15669 1311 918 570 3752 
15670 1127 2587 2586 950 
15671 2838 2854 2841 1216 
15672 421 3322 420 3618 
15673 1696 1698 1697 3580 
15674 2819 2375 3689 3768 
15675 360 3317 359 3565 
15676 1967 1825 1824 3497 
15677 2294 2692 2808 964 
15678 3290 2994 2969 3647 
15679 2823 2698 2438 3733 
15680 1485 163 1943 3796 
15681 1014 1324 931 3815 
15682 944 2511 2236 2186 
15683 2606 822 1089 718 
15684 1690 1691 1689 3610 
15685 860 857 1337 3742 
15686 3355 3176 3177 3595 
15687 1006 2479 2476 2475 
15688 662 748 677 3827 
15689 2655 385 384 3567 
15690 1183 1041 786 2520 
15691 2818 2445 2378 3712 
15692 963 964 2294 625 
15693 1660 1790 1834 3511 
15694 2016 3651 2391 3777 
15695 883 3695 465 3750 
15696 420 2409 421 3618 
15697 2420 3808 2094 3814 
15698 154 885 153 3609 
15699 757 532 1039 2472 
15700 813 1203 1317 3605 
15701 1913 1783 1499 3593 
15702 2361 2692 2792 964 
15703 144 143 1917 3506 
15704 1924 2 216 3484 
15705 2781 3681 2407 3773 
15706 2528 2527 2171 980 
15707 1854 1815 1617 3782 
15708 1098 1100 664 2309 
15709 843 844 3689 3768 
15710 1160 2574 2572 1068 
15711 922 3627 866 3820 
15712 3239 3575 3313 3791 
15713 391 390 2453 3615 
15714 2418 2419 2420 3656 
15715 3237 3236 3190 3812 
15716 792 735 2554 1037 
15717 2317 2330 2061 3785 
15718 813 3619 3605 3733 
15719 371 3325 370 3588 
15720 3357 3380 3242 3497 
15721 2841 2844 2843 774 
15722 416 3177 415 3548 
15723 2309 917 1100 2577 
15724 1002 1003 999 2247 
15725 3093 3168 3170 3746 
15726 211 212 887 3592 
15727 2246 2587 1127 981 
15728 1090 2580 2581 746 
15729 784 832 2299 578 
15730 2609 2456 2288 1149 
15731 837 2493 2492 753 
15732 2566 745 2601 2729 
15733 2503 2501 2502 784 
15734 11 12 512 2488 
15735 1910 1940 1483 3625 
15736 1980 1756 1737 3527 
15737 802 2465 2669 949 
15738 843 775 844 3768 
15739 396 3649 3523 3775 
15740 192 1963 193 3507 
15741 670 2481 2480 2238 
15742 842 3725 3656 3808 
15743 2890 3140 3139 3583 
15744 3109 3344 3108 3771 
15745 1055 2531 2532 1054 
15746 795 2192 2470 2469 
15747 3607 3689 2375 3768 
15748 202 1975 203 3548 
15749 1810 1811 1806 3535 
15750 1788 1971 1481 3396 
15751 1078 782 1112 2356 
15752 1004 1005 670 2238 
15753 1128 2298 2557 1069 
15754 2390 2389 361 3622 
15755 2734 3689 2010 3797 
15756 894 1235 893 3687 
15757 2361 2064 2360 960 
15758 150 1933 151 3539 
15759 532 805 1039 2326 
15760 1749 1908 1777 3623 
15761 2837 2842 2852 667 
15762 2464 2465 2669 802 
15763 1806 1807 1804 3536 
15764 533 1020 827 2521 
15765 1048 484 1250 3638 
15766 1740 1908 1505 3646 
15767 1710 1763 1753 3585 
15768 1145 964 2808 960 
15769 1105 2429 2695 2319 
15770 2290 2496 776 833 
15771 896 897 446 3735 
15772 1494 1944 1824 3537 
15773 2031 2375 2441 3607 
15774 483 921 866 3793 
15775 1783 1912 1645 3530 
15776 2477 1007 1008 2232 
15777 1946 1981 185 3386 
15778 214 1919 1957 3774 
15779 1745 3597 1743 3796 
15780 2373 393 3729 3780 
15781 516 517 518 3769 
15782 454 204 900 3637 
15783 1133 1134 872 3732 
15784 786 543 1011 2242 
15785 2239 1104 674 2563 
15786 3297 3221 3158 3826 
15787 2831 970 971 621 
15788 817 781 2240 683 
15789 3339 383 2898 3487 
15790 1751 1948 1492 3595 
15791 832 2299 2501 784 
15792 191 1922 1482 3543 
15793 807 818 577 3823 
15794 3239 3094 3313 3575 
15795 781 2240 2605 817 
15796 2445 2296 2674 3706 
15797 582 2290 776 833 
15798 2901 3366 3176 3776 
15799 1969 1921 1483 3514 
15800 2000 422 2411 3682 
15801 1195 1128 2597 747 
15802 1997 2627 397 3735 
15803 1948 1751 1753 3595 
15804 3127 3145 3104 3580 
15805 1101 2313 2716 2071 
15806 2488 11 12 2487 
15807 2006 2401 2364 3728 
15808 1958 1477 1758 3571 
15809 1002 1003 2247 2481 
15810 1226 1105 2429 2695 
15811 3179 3352 3123 3576 
15812 1005 2238 2479 2475 
15813 2199 2514 820 2333 
15814 2389 2390 2392 3744 
15815 201 455 200 3512 
15816 3173 3189 3190 3812 
15817 2016 2437 2754 3651 
15818 770 787 839 3763 
15819 1755 1491 1737 3631 
15820 1042 1110 745 2566 
15821 3337 355 2904 3557 
15822 2238 2480 1004 2479 
15823 1057 2533 2531 755 
15824 3663 3763 2387 3794 
15825 1934 1970 1489 3402 
15826 2367 343 831 972 
15827 3168 3314 2897 3552 
15828 167 1942 168 3558 
15829 2099 2558 2119 656 
15830 2013 2382 369 3750 
15831 898 3624 899 3809 
15832 3235 3126 2884 3594 
15833 3054 3209 3091 3761 
15834 2391 2530 2392 3777 
15835 839 3763 3663 3794 
15836 975 2851 2867 971 
15837 1777 1700 1868 3573 
15838 2499 2496 1017 833 
15839 2500 2299 2501 832 
15840 2747 3755 2241 3811 
15841 817 2579 2573 1067 
15842 3140 2890 3342 3583 
15843 362 363 2883 3570 
15844 1018 786 1041 2520 
15845 164 1931 165 3562 
15846 2005 2446 2398 3754 
15847 168 1479 169 3629 
15848 2298 1128 1070 1069 
15849 2440 3638 2031 3740 
15850 790 1346 3740 3768 
15851 2388 2387 3663 3763 
15852 3277 3059 3201 3550 
15853 817 2240 2579 683 
15854 2290 2495 2491 776 
15855 1028 2502 2505 1015 
15856 2655 3567 3732 3789 
15857 1237 3607 843 3689 
15858 459 867 176 3730 
15859 767 2567 2160 2575 
15860 2240 2111 2579 683 
15861 2356 1112 1078 2304 
15862 2228 2247 1003 2481 
15863 779 1007 1008 2477 
15864 3318 3343 3227 3581 
15865 1134 874 873 3732 
15866 1757 1755 1756 3594 
15867 1097 1096 1095 2578 
15868 2653 2627 2345 3809 
15869 1089 2581 2580 746 
15870 202 203 1203 3548 
15871 2606 822 767 2567 
15872 1037 2167 2555 765 
15873 1108 745 2566 2729 
15874 2124 2348 2561 1071 
15875 2375 2819 2441 3768 
15876 1068 2573 2572 1130 
15877 2122 2557 2298 1069 
15878 3128 3127 3092 3626 
15879 2239 674 1103 648 
15880 2747 2386 2241 3755 
15881 2012 2381 2427 3743 
15882 1913 1758 1783 3593 
15883 2891 366 3315 3609 
15884 1247 3650 462 3712 
15885 3619 3724 2438 3733 
15886 847 2836 2837 809 
15887 414 415 2876 3756 
15888 2493 2287 2492 753 
15889 2268 2296 2543 3784 
15890 364 3333 363 3539 
15891 3307 2894 3124 3537 
15892 2584 1201 1054 1056 
15893 2574 2573 2572 1068 
15894 1927 1499 1964 3708 
15895 972 343 2856 971 
15896 2036 2069 627 2367 
15897 1090 2598 2580 746 
15898 2486 786 1011 2242 
15899 784 2501 2502 1015 
15900 1486 1739 1738 3578 
15901 2358 3674 2704 3818 
15902 2599 1104 1103 2239 
15903 1687 1689 1730 3711 
15904 941 2322 2511 2188 
15905 2615 2510 993 2297 
15906 2314 2553 1080 2556 
15907 2492 2494 2493 837 
15908 814 602 1121 3806 
15909 3313 3095 3283 3549 
15910 2830 2852 2858 968 
15911 885 154 886 3621 
15912 2795 2387 3763 3794 
15913 2013 368 2384 3695 
15914 391 2453 2618 3615 
15915 2266 2505 2502 1015 
15916 3306 3268 3211 3509 
15917 2383 2790 2427 3743 
15918 463 170 873 3643 
15919 2323 2506 1027 810 
15920 3314 3167 2879 3608 
15921 2742 2685 2444 3801 
15922 795 945 759 2469 
15923 2325 2543 3784 3823 
15924 2422 2423 2428 3748 
15925 152 1951 1505 3388 
15926 2405 3637 2004 3751 
15927 3146 3137 3139 3660 
15928 1231 839 3663 3794 
15929 183 1493 184 3523 
15930 1100 1098 917 2309 
15931 577 574 573 3823 
15932 2119 821 1085 656 
15933 1128 2557 2597 747 
15934 2830 351 352 669 
15935 353 2360 1238 959 
15936 590 829 592 3801 
15937 763 1080 1081 2553 
15938 1340 933 785 3792 
15939 1327 944 2511 2236 
15940 590 829 3801 3821 
15941 2380 3701 2741 3752 
15942 1017 2496 2498 833 
15943 1754 1963 1759 3568 
15944 2852 2830 961 968 
15945 961 352 2855 959 
15946 2460 1020 1021 2335 
15947 3131 3344 3109 3505 
15948 2881 3312 3140 3572 
15949 2276 2278 2787 3821 
15950 2498 2299 2499 1017 
15951 2456 2609 2517 836 
15952 1279 3656 842 3725 
15953 1330 665 1158 3809 
15954 1149 1033 2455 1031 
15955 3328 3197 3366 3494 
15956 1997 2421 2760 3649 
15957 753 835 2493 675 
15958 2410 2433 2700 3759 
15959 197 481 905 3707 
15960 970 2867 2831 971 
15961 2526 2505 2323 1028 
15962 3323 384 385 3567 
15963 2734 2819 2375 3689 
15964 409 3341 408 3538 
15965 3309 396 397 3523 
15966 813 984 750 3733 
15967 2608 824 825 666 
15968 697 954 791 3770 
15969 2559 1085 2569 2119 
15970 210 209 1910 3582 
15971 2285 2454 2610 626 
15972 1945 195 1491 3538 
15973 2681 2338 2437 3614 
15974 993 2615 2297 1087 
15975 449 899 898 3624 
15976 2462 2668 2329 3792 
15977 1032 2610 2454 626 
15978 2448 2420 2094 3814 
15979 1293 3800 768 3820 
15980 1087 2297 992 810 
15981 1201 2532 2584 1054 
15982 676 2510 2316 2509 
15983 3085 3271 3099 3540 
15984 872 3732 3567 3789 
15985 1488 1748 1916 3608 
15986 815 1024 529 2207 
15987 1713 1749 1777 3623 
15988 410 409 2402 3707 
15989 2579 2115 2573 1067 
15990 821 2119 2558 656 
15991 1808 1500 1807 3691 
15992 823 2569 2622 2559 
15993 364 2387 365 3663 
15994 3360 2903 3336 3655 
15995 921 922 866 3820 
15996 3051 3760 3421 3795 
15997 2088 2089 1093 2563 
15998 2506 2323 2260 810 
15999 163 164 1277 3616 
16000 453 1200 895 3681 
16001 2414 2416 3737 3828 
16002 2733 2405 2724 3751 
16003 2804 3740 2441 3768 
16004 3175 3177 3176 3595 
16005 1024 815 2347 2207 
16006 669 961 2830 968 
16007 2297 992 993 1087 
16008 3353 386 2877 3481 
16009 2506 1086 1027 810 
16010 2384 3621 2747 3811 
16011 2510 994 676 2316 
16012 2381 2382 2383 3743 
16013 1110 1108 2566 2729 
16014 2957 3270 2955 3753 
16015 2674 2734 2010 3797 
16016 1104 2239 2564 2563 
16017 1015 2505 1028 571 
16018 2532 2531 2155 1054 
16019 153 466 152 3694 
16020 1029 2864 2844 808 
16021 1264 944 512 2236 
16022 2851 2831 2867 971 
16023 809 1255 2838 1216 
16024 1677 1674 1676 3644 
16025 3323 3131 3361 3490 
16026 776 2496 2495 833 
16027 781 2605 845 817 
16028 1032 2455 1033 1031 
16029 930 948 791 3770 
16030 1255 2838 2836 809 
16031 1080 1188 2553 2314 
16032 2355 1079 1112 2304 
16033 818 819 577 3784 
16034 2581 2606 1202 1089 
16035 1017 2299 2499 832 
16036 972 2856 973 971 
16037 395 2873 3326 3775 
16038 366 2014 2385 3694 
16039 2557 2116 2597 747 
16040 808 2867 2845 970 
16041 2747 2712 2447 3811 
16042 3350 372 2888 3440 
16043 17 16 924 3680 
16044 186 898 185 3624 
16045 2678 2346 2740 3802 
16046 377 2875 376 3616 
16047 1029 2841 2857 1216 
16048 1003 1002 670 2481 
16049 592 830 1040 3801 
16050 2360 353 352 959 
16051 833 2496 2495 925 
16052 2246 1127 739 981 
16053 848 2835 2837 847 
16054 1231 466 839 3794 
16055 2400 2424 2708 3659 
16056 2388 2801 2591 3763 
16057 2305 2180 2464 849 
16058 3340 2893 3232 3602 
16059 973 831 342 972 
16060 2328 1095 1096 2578 
16061 1014 794 685 3815 
16062 147 969 146 3565 
16063 1089 2580 719 746 
16064 918 878 877 3752 
16065 2088 1094 2372 2563 
16066 149 875 148 3622 
16067 1500 1809 142 3557 
16068 3329 373 374 3560 
16069 973 343 2856 972 
16070 2397 2803 2395 3680 
16071 745 1108 2601 2729 
16072 1067 817 2579 683 
16073 461 844 1141 3689 
16074 1094 673 1093 2088 
16075 1498 1916 1835 3552 
16076 802 800 2465 949 
16077 2438 3619 2398 3724 
16078 147 1938 148 3790 
16079 824 2631 2608 825 
16080 165 461 164 3562 
16081 866 460 173 3627 
16082 2353 3800 2673 3820 
16083 961 848 2852 968 
16084 1105 1083 1084 2319 
16085 1006 1135 2727 2476 
16086 156 465 155 3493 
16087 780 1102 1066 2595 
16088 1505 1936 153 3609 
16089 1570 1571 1569 3766 
16090 950 2715 2465 949 
16091 849 2464 2305 1199 
16092 2497 2495 2496 925 
16093 2303 1019 2213 2335 
16094 843 3689 3607 3768 
16095 1135 1006 1005 2479 
16096 1264 512 12 2236 
16097 1016 2503 2502 784 
16098 1089 719 2157 718 
16099 3239 3238 3094 3575 
16100 2239 2599 1104 2564 
16101 2311 2580 2598 746 
16102 2892 3378 3250 3409 
16103 2479 2480 1331 2748 
16104 808 975 2867 970 
16105 2388 2387 364 3663 
16106 1742 1750 1942 3583 
16107 2492 983 837 753 
16108 2034 2393 355 3613 
16109 1074 1073 2561 1071 
16110 2415 2413 2807 3828 
16111 342 343 831 2367 
16112 2390 2016 2391 3777 
16113 2572 2672 1160 825 
16114 2157 2581 2580 1089 
16115 186 1480 187 3534 
16116 1191 815 2301 2451 
16117 1158 896 3735 3762 
16118 1306 2502 2526 1028 
16119 1025 672 2799 2513 
16120 2436 2407 2781 3681 
16121 1748 1488 1749 3608 
16122 2454 2455 1032 1031 
16123 1239 1039 805 2473 
16124 1236 2526 2323 1027 
16125 2531 2544 2533 1057 
16126 2003 2424 406 3606 
16127 2376 2742 2028 3703 
16128 2585 2584 2311 1056 
16129 477 916 937 3729 
16130 892 487 865 3674 
16131 1112 1079 1078 2304 
16132 1491 194 1979 3390 
16133 393 2059 2373 3729 
16134 1094 1131 2372 2563 
16135 2380 2012 2741 3701 
16136 802 2466 2464 1199 
16137 1002 999 1001 2247 
16138 2672 2572 2608 825 
16139 1091 2585 2311 1056 
16140 2011 2818 2378 3712 
16141 3237 3376 3236 3578 
16142 1595 1596 1612 3693 
16143 2561 2128 1074 2535 
16144 2326 1239 805 2473 
16145 410 3338 2884 3571 
16146 2398 2438 2399 3619 
16147 172 872 171 3567 
16148 2604 1097 1095 2578 
16149 2704 426 1998 3599 
16150 520 518 953 3769 
16151 1068 2572 1160 1130 
16152 2673 3793 2368 3820 
16153 1321 2492 983 837 
16154 674 1103 1104 2239 
16155 2794 3653 2062 3800 
16156 2064 2361 966 960 
16157 856 2582 781 1051 
16158 2531 2544 1057 755 
16159 1137 2608 2631 825 
16160 2323 2506 1086 1027 
16161 2582 856 1195 1051 
16162 2844 2841 2857 1029 
16163 2830 352 2855 961 
16164 1108 745 1110 2566 
16165 1346 1237 846 3607 
16166 830 1250 3703 3801 
16167 903 1241 916 3741 
16168 1191 815 2451 2347 
16169 1183 1041 2520 2435 
16170 2360 960 1238 959 
16171 2606 2581 2157 1089 
16172 2362 2735 2063 3730 
16173 3373 422 423 3582 
16174 2294 2306 2692 963 
16175 897 3735 896 3762 
16176 369 2382 370 3825 
16177 2398 2399 415 3619 
16178 2244 2626 2708 3747 
16179 1105 1084 1226 2429 
16180 2662 917 1098 2309 
16181 911 909 912 3659 
16182 3097 3088 3096 3819 
16183 2424 2003 2442 3606 
16184 1554 1553 1548 3692 
16185 2015 2801 3628 3799 
16186 2859 2867 2831 970 
16187 2429 1105 1084 2319 
16188 856 2621 2582 1195 
16189 747 1128 2557 1069 
16190 3325 3283 3370 3510 
16191 2089 2239 674 2563 
16192 2163 2533 2570 1058 
16193 2998 3017 3014 3648 
16194 1089 1090 2581 746 
16195 835 836 2517 675 
16196 189 1494 190 3579 
16197 2326 805 1039 2473 
16198 833 1017 2499 1136 
16199 1485 3616 163 3796 
16200 2510 992 993 2297 
16201 210 450 209 3582 
16202 786 2486 2520 2242 
16203 2408 403 2001 3678 
16204 870 869 486 3785 
16205 2252 995 996 2316 
16206 3128 3322 2889 3515 
16207 2465 800 950 949 
16208 2464 2466 802 951 
16209 832 1017 2299 578 
16210 3024 3023 2995 3779 
16211 2831 2856 343 971 
16212 3312 2881 3143 3572 
16213 761 759 945 2469 
16214 2325 3772 2324 3823 
16215 1840 1589 1602 3822 
16216 424 2811 425 3592 
16217 877 160 879 3657 
16218 2534 1075 2128 2535 
16219 665 3762 1158 3809 
16220 517 519 518 3810 
16221 822 1202 2606 1089 
16222 2362 2063 2434 3730 
16223 1494 1824 1822 3537 
16224 2532 2155 2584 1054 
16225 981 980 2527 982 
16226 2464 849 802 1199 
16227 1972 1746 1745 3620 
16228 921 3800 1293 3820 
16229 2561 1243 1074 1071 
16230 1243 2561 2671 1071 
16231 1060 1091 2311 1056 
16232 2480 1331 1004 2479 
16233 851 668 2716 2369 
16234 815 2301 2451 2347 
16235 1584 1583 1581 3632 
16236 2445 2325 2543 3784 
16237 2521 1020 827 2460 
16238 854 853 3678 3802 
16239 2336 1019 2303 2335 
16240 1104 1208 2773 2599 
16241 3321 3126 3367 3631 
16242 815 827 1191 2301 
16243 1194 2487 12 490 
16244 375 3319 2900 3519 
16245 2689 2405 2004 3751 
16246 2348 2671 2561 1071 
16247 381 3342 380 3558 
16248 3793 3800 921 3820 
16249 1024 2512 2347 2799 
16250 587 1047 590 3821 
16251 1104 1131 674 2563 
16252 673 1094 2328 2088 
16253 771 2577 2588 2576 
16254 2316 2252 995 2253 
16255 676 993 994 2510 
16256 672 2203 2512 2513 
16257 2448 2346 2678 3814 
16258 779 2485 2484 2477 
16259 2494 2492 1321 837 
16260 2672 2608 2631 1137 
16261 2485 779 1009 2477 
16262 2534 2245 1082 2536 
16263 761 2469 2322 2190 
16264 2414 2416 424 3737 
16265 2004 2404 417 3637 
16266 2499 2496 833 1136 
16267 2087 2459 2345 3809 
16268 813 1317 984 3605 
16269 2347 2512 1024 2207 
16270 1911 1791 1747 3566 
16271 1160 1343 2574 1068 
16272 2727 1010 1006 2476 
16273 1687 1730 1784 3803 
16274 420 2885 419 3504 
16275 161 462 879 3650 
16276 403 2894 402 3579 
16277 979 785 897 3792 
16278 342 343 973 972 
16279 2835 2837 2852 848 
16280 2075 2588 780 2595 
16281 926 1232 208 3618 
16282 2588 2703 780 2595 
16283 1087 2506 2297 810 
16284 182 901 181 3556 
16285 2455 2288 2456 1149 
16286 1031 1032 2454 626 
16287 1032 1034 2610 626 
16288 2487 2467 11 490 
16289 1210 1279 188 3656 
16290 2600 2356 782 2560 
16291 2703 780 828 2588 
16292 945 795 2758 2469 
16293 1048 790 1346 3740 
16294 1277 1141 859 3706 
16295 1091 2311 2598 746 
16296 1034 2610 2458 1032 
16297 1306 1016 2502 1028 
16298 160 1501 161 3560 
16299 1204 2752 2584 1056 
16300 1135 1006 2479 2476 
16301 2704 3599 2359 3818 
16302 153 1936 154 3609 
16303 815 2301 2347 2207 
16304 2487 11 12 490 
16305 449 1279 842 3725 
16306 153 885 466 3694 
16307 3016 3259 3262 3635 
16308 1028 2323 2526 1027 
16309 2673 2368 2719 3820 
16310 3130 3377 3209 3596 
16311 667 2852 848 968 
16312 2716 2313 851 2369 
16313 1517 1519 1520 3665 
16314 3205 3031 2979 3642 
16315 2727 1135 2479 2476 
16316 3163 3293 3105 3661 
16317 2597 2582 2621 1195 
16318 1874 1671 1846 3645 
16319 1112 2356 2355 2304 
16320 845 2240 2605 781 
16321 2925 3294 3225 3705 
16322 2288 2455 2454 1031 
16323 1018 1041 1019 2303 
16324 1337 1126 860 3613 
16325 2434 388 2062 3653 
16326 2104 2436 2300 3827 
16327 2715 950 1333 949 
16328 1117 1026 820 2514 
16329 1721 1902 1771 3816 
16330 944 1327 512 2236 
16331 2328 673 2088 2085 
16332 848 2837 2852 667 
16333 945 761 2469 2322 
16334 2455 2456 2457 1033 
16335 902 183 446 3649 
16336 2996 2965 3026 3630 
16337 824 1137 2631 825 
16338 2347 1181 1024 2799 
16339 342 343 2856 973 
16340 2864 2846 2844 808 
16341 1126 16 17 3680 
16342 190 452 189 3579 
16343 3064 3072 3073 3675 
16344 2526 1236 1028 1027 
16345 1592 1611 1609 3639 
16346 3274 3088 3284 3696 
16347 1715 1841 1780 3672 
16348 2158 2601 1107 2600 
16349 889 447 892 3599 
16350 2506 2260 2297 810 
16351 755 1057 2533 1058 
16352 1626 1625 1627 3683 
16353 2440 2031 2441 3740 
16354 898 186 449 3624 
16355 1219 854 452 3678 
16356 2919 3152 3154 3634 
16357 1850 1587 1591 3666 
16358 1331 1135 1004 2479 
16359 427 2704 2783 3674 
16360 848 2852 2853 961 
16361 996 2508 2252 2316 
16362 3266 3071 3161 3654 
16363 2690 1258 2559 2717 
16364 1914 1921 1969 3765 
16365 2306 2756 2692 963 
16366 2004 2399 2689 3605 
16367 3298 3070 3219 3669 
16368 2820 1191 2451 2347 
16369 2566 2601 745 2565 
16370 960 2064 2360 1238 
16371 948 455 862 3754 
16372 3165 2952 3240 3677 
16373 158 157 1928 3588 
16374 817 2573 1256 1068 
16375 2526 2504 2502 1306 
16376 2486 1183 786 2520 
16377 2310 2429 1084 2319 
16378 833 2497 2496 925 
16379 975 2867 2846 808 
16380 208 1232 207 3618 
16381 1063 1283 807 3772 
16382 465 1253 886 3695 
16383 1792 1711 1775 3640 
16384 2611 2610 2458 1034 
16385 863 1286 924 3652 
16386 1150 2457 2456 1033 
16387 1851 1550 1559 3633 
16388 2355 2314 1079 2304 
16389 1033 2455 2456 1149 
16390 2948 2958 3183 3668 
16391 2570 2533 1059 1058 
16392 3292 3218 3289 3641 
16393 825 1160 2572 1130 
16394 2515 998 997 2350 
16395 2622 2690 824 1258 
16396 2741 2012 2427 3701 
16397 1638 1712 1885 3636 
16398 1723 1679 1670 3670 
16399 3264 3206 3275 3667 
16400 1022 1019 1041 2303 
16401 2527 2529 981 982 
16402 453 909 910 3606 
16403 2957 2970 3270 3753 
16404 3280 3174 3176 3776 
16405 1549 1551 1831 3679 
16406 3155 3158 3296 3702 
16407 1082 1075 1129 2534 
16408 1006 1135 1010 2727 
16409 999 2483 2247 2515 
16410 827 815 533 2301 
16411 1204 1201 2752 1056 
16412 2032 2423 2422 3748 
16413 2469 2471 945 2322 
16414 3251 3265 2967 3671 
16415 888 891 887 3690 
16416 2348 1243 2671 1071 
16417 1601 1566 1562 3688 
16418 1086 2507 2323 1027 
16419 2239 1103 2599 2548 
16420 2354 2353 2673 3820 
16421 1877 1796 1707 3714 
16422 2691 2314 1079 2355 
16423 1843 1541 1858 3676 
16424 1647 1778 1827 3715 
16425 1137 2672 2608 825 
16426 2544 2531 1055 755 
16427 1288 860 1126 3613 
16428 831 668 850 2369 
16429 2916 2915 3151 3813 
16430 3020 3019 3009 3709 
16431 1075 1082 1265 2534 
16432 2159 2813 2700 3759 
16433 195 1945 196 3538 
16434 2897 370 3325 3825 
16435 1848 1680 1886 3684 
16436 2538 2201 2652 3810 
16437 3244 3030 2982 3673 
16438 2599 2773 1104 2564 
16439 2501 2500 832 784 
16440 369 2897 3362 3825 
16441 2594 2324 2714 3772 
16442 668 831 2367 2369 
16443 1938 1497 1786 3790 
16444 205 893 900 3604 
16445 761 945 942 2322 
16446 2622 2690 1258 823 
16447 2622 2631 2608 824 
16448 1083 754 1084 2310 
16449 2375 2031 379 3607 
16450 1033 2456 1150 1149 
16451 3653 3793 2062 3800 
16452 2465 2587 2715 950 
16453 1346 843 3607 3768 
16454 2577 828 771 2588 
16455 796 1193 797 3755 
16456 854 853 452 3678 
16457 1188 1080 1079 2314 
16458 2336 1022 1041 2303 
16459 3224 3241 3207 3685 
16460 2388 2795 2387 3763 
16461 2167 2570 2555 765 
16462 2363 2298 1128 1070 
16463 846 484 1048 3638 
16464 1667 1643 1901 3662 
16465 931 3728 1300 3815 
16466 996 766 2252 2350 
16467 1878 1528 1876 3713 
16468 996 995 994 2316 
16469 2830 2853 2852 961 
16470 367 3315 366 3609 
16471 2938 3226 2942 3721 
16472 1116 822 2738 2567 
16473 2438 2446 2823 3724 
16474 2837 847 809 667 
16475 2622 2690 823 2559 
16476 998 766 997 2350 
16477 847 2837 848 667 
16478 966 2361 2792 964 
16479 3332 429 9 3484 
16480 1334 889 892 3599 
16481 2305 1194 849 490 
16482 833 2495 776 925 
16483 931 1324 911 3747 
16484 2482 1002 1001 2247 
16485 1005 1004 1135 2479 
16486 2844 1029 808 774 
16487 2864 1029 976 808 
16488 1815 1813 1814 3697 
16489 11 2488 2467 2487 
16490 1608 1861 1646 3699 
16491 1108 1320 1107 2601 
16492 3234 3233 2973 3698 
16493 1342 928 840 3628 
16494 1335 862 813 3619 
16495 784 2502 1016 1015 
16496 1021 827 1020 2460 
16497 2582 2583 856 781 
16498 3003 3029 2989 3723 
16499 2820 1181 1191 2347 
16500 1649 1542 1546 3817 
16501 802 2669 2464 951 
16502 1766 1762 1516 3686 
16503 1019 1022 2336 2303 
16504 2401 2450 2364 3815 
16505 1258 824 2622 823 
16506 1116 767 822 2567 
16507 2233 2252 766 2350 
16508 3080 2974 3220 3716 
16509 2555 2554 2167 1037 
16510 2034 9 2397 3680 
16511 488 852 857 3722 
16512 1720 1776 1683 3719 
16513 3230 3024 2995 3779 
16514 2430 1084 754 2310 
16515 1115 844 1049 3797 
16516 2014 2387 2426 3794 
16517 2301 827 1191 2451 
16518 2035 2655 384 3732 
16519 2681 2437 358 3614 
16520 2467 2466 2629 1211 
16521 1119 869 1227 3785 
16522 2399 2816 2689 3605 
16523 2678 2418 2420 3814 
16524 1208 1104 1103 2599 
16525 2264 2325 2324 3823 
16526 845 2583 2240 781 
16527 2559 1120 1085 2432 
16528 3169 3081 3285 3717 
16529 830 829 1250 3801 
16530 2917 2918 3160 3700 
16531 158 919 157 3588 
16532 1087 441 1991 1086 
16533 1188 2553 2314 2691 
16534 2628 2746 2389 3744 
16535 3053 3213 3212 3710 
16536 2653 399 398 3624 
16537 951 2466 802 1199 
16538 2407 2436 2003 3681 
16539 862 1203 813 3619 
16540 2496 2497 833 1274 
16541 1085 2559 2432 2119 
16542 1128 2597 1271 1195 
16543 2471 942 945 2322 
16544 1900 1669 1620 3726 
16545 2472 2326 1039 2473 
16546 2466 2305 2464 1199 
16547 2298 2363 2349 1070 
16548 2336 1022 1019 2335 
16549 1547 1564 1859 3731 
16550 1864 1614 1632 3704 
16551 965 2792 2692 964 
16552 827 2301 2521 2460 
16553 407 2424 2400 3659 
16554 1059 2555 2570 765 
16555 1016 2502 2504 1306 
16556 955 1232 826 3786 
16557 1832 1716 1865 3781 
16558 873 874 463 3643 
16559 2325 2714 2324 3772 
16560 2507 1086 1236 1027 
16561 1615 1616 1582 3736 
16562 2037 2368 386 3627 
16563 857 3722 852 3778 
16564 1984 1807 1924 3691 
16565 2502 2505 2526 1028 
16566 380 2031 2376 3638 
16567 1022 1021 1019 2335 
16568 2419 2418 401 3656 
16569 823 824 2622 666 
16570 843 1237 1346 3607 
16571 1091 1204 2585 1056 
16572 412 2403 413 3739 
16573 2561 1074 1243 2671 
16574 2438 2398 2446 3724 
16575 2493 837 835 753 
16576 1563 1648 1852 3824 
16577 2406 2002 419 3687 
16578 2359 1998 2523 3599 
16579 876 928 1214 3799 
16580 1121 1134 1133 3806 
16581 2547 2674 2296 3797 
16582 2500 2501 1206 784 
16583 822 2606 2738 2567 
16584 2653 1999 399 3624 
16585 357 2017 2681 3722 
16586 795 1039 1217 2470 
16587 516 515 476 3614 
16588 2545 1402 67 1184 
16589 839 1053 770 3794 
16590 831 850 2065 2369 
16591 2466 2464 2669 951 
16592 1676 1980 1737 3527 
16593 746 1091 2311 1060 
16594 2742 2444 2028 3703 
16595 2664 820 1026 2514 
16596 485 148 875 3622 
16597 2854 2838 2836 1255 
16598 2409 420 2002 3786 
16599 2527 2529 2246 981 
16600 2787 2440 3740 3821 
16601 2718 3722 2017 3778 
16602 885 886 1298 3621 
16603 1654 1844 1650 3807 
16604 1093 674 1131 2563 
16605 842 939 449 3725 
16606 2388 2015 2801 3628 
16607 2653 2459 2737 3809 
16608 1102 1278 851 2596 
16609 827 1266 1191 2451 
16610 1236 2323 2507 1027 
16611 2483 999 1000 2515 
16612 786 1011 1183 2486 
16613 1573 1571 1570 3766 
16614 1590 1588 1586 3720 
16615 917 828 771 2577 
16616 2511 2322 941 2658 
16617 3166 3168 3093 3746 
16618 3338 3371 2884 3571 
16619 2848 2854 2836 1255 
16620 372 2380 373 3657 
16621 1033 1329 2455 1032 
16622 163 1485 164 3616 
16623 2322 942 941 2658 
16624 3182 3106 3181 3805 
16625 1617 1576 1854 3782 
16626 2363 2298 2557 1128 
16627 2619 2493 2494 835 
16628 450 1308 926 3682 
16629 880 1247 1283 3772 
16630 928 467 840 3628 
16631 872 1134 873 3732 
16632 1021 1022 2336 2335 
16633 2356 782 1109 2600 
16634 2496 2499 2777 1136 
16635 2783 2704 2358 3674 
16636 365 2014 366 3694 
16637 2171 2554 2528 792 
16638 2836 847 1255 809 
16639 1057 2544 1055 755 
16640 2718 2017 2396 3778 
16641 881 878 1309 3701 
16642 1271 2363 2597 1128 
16643 1594 1837 1605 3738 
16644 2920 2923 2922 3829 
16645 2309 2662 917 2577 
16646 2388 363 2015 3628 
16647 2470 2758 795 2469 
16648 3317 3249 3306 3564 
16649 1331 1135 2479 2748 
16650 934 481 907 3748 
16651 902 903 901 3741 
16652 2430 2429 1084 2310 
16653 2515 997 2687 2350 
16654 1034 2458 1035 1032 
16655 1080 1188 1081 2553 
16656 2358 2704 2359 3818 
16657 2345 2627 2815 3762 
16658 2015 2746 2801 3799 
16659 2435 2336 1041 2303 
16660 2065 2367 831 2369 
16661 925 833 2497 1274 
16662 2500 2501 2503 1206 
16663 2690 1258 823 2559 
16664 858 517 969 3651 
16665 2405 2404 2004 3637 
16666 2016 2754 2391 3651 
16667 2456 2517 2721 836 
16668 853 777 841 3814 
16669 2494 2492 2713 1321 
16670 1266 827 2460 2451 
16671 996 766 995 2252 
16672 66 1402 2545 1184 
16673 664 1097 1098 2315 
16674 668 831 627 2367 
16675 2373 394 393 3780 
16676 1035 2611 2458 1034 
16677 2534 1082 1265 2550 
16678 2100 2461 2346 3802 
16679 461 1237 843 3689 
16680 1602 1810 1840 3822 
16681 2622 2690 2631 824 
16682 2037 2719 2368 3627 
16683 2354 2673 2719 3820 
16684 3115 3367 3126 3631 
16685 2706 1131 2564 2563 
16686 795 1217 946 2470 
16687 2247 2482 1002 2481 
16688 994 995 676 2316 
16689 2579 2573 2605 817 
16690 389 2434 2063 3730 
16691 1161 1260 1120 2717 
16692 2348 2784 1243 1072 
16693 1319 2817 832 1136 
16694 1004 1002 1262 2480 
16695 1087 1991 2506 1086 
16696 3138 3139 3137 3660 
16697 2432 821 1085 2119 
16698 2408 404 403 3773 
16699 1668 1653 1904 3734 
16700 3080 3221 3297 3826 
16701 2921 2920 2922 3829 
16702 1020 1019 1021 2335 
16703 882 884 883 3750 
16704 2376 2031 2440 3638 
16705 2550 2534 1082 2536 
16706 779 1008 1009 2477 
16707 765 2570 1059 1058 
16708 2337 2280 2685 3801 
16709 2010 2734 2375 3689 
16710 815 1191 1181 2347 
16711 2845 2844 2846 808 
16712 373 2380 2379 3657 
16713 828 947 780 2703 
16714 2559 1258 1120 2717 
16715 2406 2433 2002 3687 
16716 2804 2441 2819 3768 
16717 2522 2243 2359 3818 
16718 2319 2695 1105 2599 
16719 2508 996 994 2316 
16720 1131 1104 2564 2563 
16721 341 435 1392 2800 
16722 1223 930 954 3770 
16723 1116 1110 767 2567 
16724 2584 2585 1204 1056 
16725 980 2527 2686 1192 
16726 2415 3690 2416 3828 
16727 2578 2604 1097 2315 
16728 2466 2467 1199 1211 
16729 2579 2605 2240 817 
16730 2690 2631 824 1258 
16731 3050 3196 3092 3718 
16732 1334 865 1186 3818 
16733 1233 454 900 3637 
16734 1256 2605 2573 817 
16735 1830 1852 1648 3824 
16736 2809 2442 2436 3827 
16737 1484 1917 1905 3658 
16738 2692 2361 2808 964 
16739 2703 947 780 2595 
16740 3330 3348 3099 3767 
16741 837 2494 2493 835 
16742 2332 2718 2780 3778 
16743 1198 1247 462 3712 
16744 1324 1044 911 3747 
16745 514 2629 2466 1211 
16746 2513 2769 1318 2664 
16747 2722 1239 805 2326 
16748 1077 2349 2363 1070 
16749 2013 2384 2447 3695 
16750 894 893 451 3687 
16751 960 966 2064 1238 
16752 789 813 750 3733 
16753 3 341 435 1392 
16754 2787 2441 2804 3740 
16755 1996 2397 429 3652 
16756 2690 2631 1258 1138 
16757 2481 2482 1002 2480 
16758 446 904 902 3649 
16759 2788 2587 950 1333 
16760 1339 858 485 3777 
16761 821 1260 1123 2430 
16762 2379 2011 374 3650 
16763 1320 1108 2602 2601 
16764 983 2713 2492 1321 
16765 2236 2511 1327 2489 
16766 1025 1024 1181 2799 
16767 2583 2240 2605 845 
16768 998 1000 999 2515 
16769 976 2846 2864 808 
16770 2749 1098 1097 2315 
16771 945 795 946 2758 
16772 1696 1708 1940 3798 
16773 396 2873 395 3775 
16774 1542 1545 1546 3817 
16775 2500 2499 2299 832 
16776 928 1050 1214 3799 
16777 2336 1171 1022 2728 
16778 460 1133 872 3789 
16779 931 1300 794 3815 
16780 2695 1208 1105 2599 
16781 1970 1952 1730 3803 
16782 2558 754 821 656 
16783 1293 1218 812 3800 
16784 1902 1765 1771 3816 
16785 1266 2460 2821 2451 
16786 2488 11 2467 1211 
16787 827 2301 2460 2451 
16788 980 2686 2527 982 
16789 924 1295 863 3652 
16790 1095 2328 2604 2578 
16791 2817 2499 832 1136 
16792 2854 2857 2841 1030 
16793 883 465 882 3750 
16794 1999 2439 2419 3725 
16795 2583 2582 2240 781 
16796 2363 2557 2597 1128 
16797 2421 1997 396 3649 
16798 855 1225 830 3703 
16799 1028 1016 2502 1015 
16800 3249 3248 3216 3601 
16801 3153 3151 2915 3813 
16802 341 3 6 1392 
16803 915 1308 450 3682 
16804 2587 2246 2529 981 
16805 955 451 1232 3786 
16806 2314 1079 1188 2691 
16807 1094 1095 673 2328 
16808 1037 2555 2554 1038 
16809 2794 2434 2062 3653 
16810 2681 2017 2718 3722 
16811 385 2655 2037 3789 
16812 2627 398 397 3735 
16813 1022 1021 2336 2728 
16814 1030 2841 2854 1216 
16815 2534 1265 1075 2550 
16816 964 966 2361 960 
16817 866 922 460 3627 
16818 3107 3109 3108 3771 
16819 2386 2744 2241 3755 
16820 983 776 2495 925 
16821 1689 1687 1688 3711 
16822 1120 1085 823 2559 
16823 941 1327 2511 2658 
16824 2409 2002 2410 3786 
16825 832 2499 1017 1136 
16826 980 792 2528 1192 
16827 482 223 24 1398 
16828 2482 1262 1002 2480 
16829 1842 1529 1532 3745 
16830 2730 2485 1009 2477 
16831 2473 1039 2472 2470 
16832 1120 823 1258 2559 
16833 2788 950 1268 1333 
16834 1103 1105 1208 2599 
16835 2756 2306 1273 963 
16836 2513 1318 1026 2664 
16837 2532 2584 2752 1201 
16838 837 2619 2494 835 
16839 2473 1217 1039 2470 
16840 2506 2507 2323 1086 
16841 2701 1303 1094 2328 
16842 2585 2752 2584 1204 
16843 1102 780 947 2595 
16844 1650 1844 1705 3807 
16845 33 1287 2630 1354 
16846 898 899 1330 3809 
16847 853 1196 988 3802 
16848 1392 6 341 2800 
16849 2514 2664 820 2333 
16850 2507 2526 2323 1236 
16851 919 1261 884 3743 
16852 2370 2035 383 3643 
16853 2793 1331 1004 2480 
16854 2725 2621 923 1195 
16855 1201 2584 2752 1056 
16856 1104 1131 2564 2706 
16857 1128 1077 2363 1070 
16858 1150 2456 2721 836 
16859 2570 2533 2603 1059 
16860 1113 1188 1079 2355 
16861 1000 997 2687 2515 
16862 1070 1072 2348 1071 
16863 2836 2829 2848 1272 
16864 3288 3113 3114 3757 
16865 973 2856 974 971 
16866 2787 2337 2440 3821 
16867 514 2466 1199 1211 
16868 2483 1001 999 2247 
16869 2730 1008 496 2478 
16870 2501 2503 1206 784 
16871 1262 1331 1004 2793 
16872 2394 2761 2396 3742 
16873 2343 2308 2614 3806 
16874 2691 1079 1188 2355 
16875 2835 2836 2837 847 
16876 2454 2455 2458 1032 
16877 2596 851 1102 2313 
16878 488 515 852 3722 
16879 424 423 2414 3737 
16880 1329 2458 2455 1032 
16881 485 920 1339 3777 
16882 503 234 35 1380 
16883 1072 2348 2349 1070 
16884 2615 1991 2506 1087 
16885 1380 233 503 2431 
16886 67 266 1402 2545 
16887 2795 2426 2387 3794 
16888 1344 47 1368 1244 
16889 868 178 486 3615 
16890 1120 821 1085 2432 
16891 1341 917 1292 2577 
16892 2298 2349 2348 1070 
16893 1021 2336 2728 2335 
16894 352 353 2855 959 
16895 2415 2417 2416 3690 
16896 2520 2486 1183 2435 
16897 2064 353 2360 1238 
16898 2006 2400 2401 3728 
16899 987 948 789 3724 
16900 2396 2393 2394 3742 
16901 2573 2574 1343 1068 
16902 2712 2747 2241 3811 
16903 2341 2652 2754 3810 
16904 477 937 929 3729 
16905 1449 1991 121 441 
16906 1996 2425 2397 3652 
16907 1247 880 462 3650 
16908 11 2488 2022 1211 
16909 2935 2936 2933 3788 
16910 997 1000 998 2515 
16911 2432 821 2119 2558 
16912 2467 2487 2305 490 
16913 2784 1243 2671 2348 
16914 2392 2628 2389 3744 
16915 1260 1161 2665 2717 
16916 3004 3252 3051 3760 
16917 393 394 2899 3780 
16918 1247 1198 818 3712 
16919 2831 2851 2856 971 
16920 828 780 771 2588 
16921 2610 2454 2458 1032 
16922 980 2528 2527 1192 
16923 2631 824 1258 1138 
16924 2867 2845 2846 808 
16925 2940 2941 2944 3758 
16926 878 881 464 3701 
16927 1718 1879 1881 3804 
16928 2402 2683 2032 3707 
16929 1030 2857 2841 1216 
16930 981 2529 2587 1268 
16931 2730 1008 2478 2477 
16932 2715 2669 949 493 
16933 833 2496 2777 1136 
16934 794 1014 931 3815 
16935 921 1218 1293 3800 
16936 1123 1124 1084 2429 
16937 2500 2817 2499 832 
16938 941 761 942 2322 
16939 2030 1265 1322 2536 
16940 2568 2566 1110 2567 
16941 949 2669 802 951 
16942 931 912 456 3728 
16943 836 1150 2456 1149 
16944 2445 2674 2377 3706 
16945 2562 2684 2380 3752 
16946 2252 2508 996 2350 
16947 1198 859 818 3712 
16948 1170 2619 2494 837 
16949 2781 2407 2408 3773 
16950 2666 2382 2013 3750 
16951 2493 2619 2517 835 
16952 2241 2744 2221 3755 
16953 1041 2520 2435 2303 
16954 2562 2380 2741 3752 
16955 1402 265 66 2545 
16956 1394 220 21 2009 
16957 1021 1022 1171 2728 
16958 2466 2467 2305 1199 
16959 1206 832 2500 784 
16960 2526 2045 1306 1236 
16961 1450 1189 120 2797 
16962 1101 1102 851 2313 
16963 2672 2574 1160 502 
16964 2531 2532 2544 1055 
16965 2384 2385 2747 3621 
16966 1094 2372 2701 2328 
16967 2590 223 482 1398 
16968 1312 778 986 3808 
16969 974 2856 2851 971 
16970 2620 1328 306 1448 
16971 2590 482 23 1398 
16972 2849 2857 2827 491 
16973 2001 2740 2408 3678 
16974 490 2305 2467 1199 
16975 1200 1338 748 3827 
16976 1034 1273 2306 963 
16977 837 1170 2619 835 
16978 2367 2716 668 2369 
16979 1110 1116 2568 2567 
16980 2306 2610 2611 1034 
16981 2598 1090 1091 746 
16982 2054 2677 2672 502 
16983 1201 2545 2532 1055 
16984 1803 1805 1804 3727 
16985 1059 2533 1057 1058 
16986 2476 1010 1008 2478 
16987 834 1267 2642 2333 
16988 787 1342 839 3763 
16989 1223 934 907 3748 
16990 2603 2555 2570 1059 
16991 1141 819 859 3706 
16992 2596 1102 947 2595 
16993 2552 2553 1081 2691 
16994 123 1471 2045 499 
16995 2402 2032 410 3707 
16996 2384 367 2385 3621 
16997 2621 2725 2597 1195 
16998 1304 2606 2738 822 
16999 778 1312 842 3808 
17000 2607 2606 1304 822 
17001 1047 790 1048 3740 
17002 994 2510 2688 2316 
17003 1094 2372 2328 2088 
17004 854 1196 853 3802 
17005 2326 2722 1239 2473 
17006 672 1025 1026 2513 
17007 2416 2732 2811 3690 
17008 965 2692 2756 963 
17009 964 2692 965 963 
17010 2555 2592 2554 1038 
17011 1164 2763 2021 1304 
17012 1999 2737 2439 3725 
17013 2566 1111 1110 2729 
17014 1989 438 112 2646 
17015 3038 3054 3091 3761 
17016 3022 3051 3074 3795 
17017 1333 2027 2715 493 
17018 2066 2673 2353 3800 
17019 1029 2857 2864 491 
17020 387 2368 2062 3793 
17021 1217 1239 431 2680 
17022 1152 1037 2555 765 
17023 2603 2774 2555 1152 
17024 2705 2494 1207 837 
17025 2485 2486 1011 2242 
17026 2620 307 1328 1448 
17027 2728 1266 2460 2821 
17028 2725 2363 2597 1271 
17029 2000 2411 2412 3682 
17030 833 2777 2496 1274 
17031 2904 3331 3210 3764 
17032 1141 844 1115 3797 
17033 2062 3793 2673 3800 
17034 2794 2062 2673 3800 
17035 754 821 2430 2558 
17036 1327 512 2236 2489 
17037 2528 2686 2527 1192 
17038 1164 2607 2763 1304 
17039 1267 834 820 2333 
17040 1024 815 1181 2347 
17041 2025 2701 1307 474 
17042 1201 2752 2545 473 
17043 1009 1011 779 2485 
17044 2629 78 277 1372 
17045 2555 1059 1152 765 
17046 2443 2810 2033 3741 
17047 499 1306 2045 1236 
17048 1318 1025 2769 2513 
17049 2052 1325 33 1347 
17050 1292 1341 2577 2590 
17051 2474 946 1217 2470 
17052 1327 2511 2658 2489 
17053 3235 3194 3118 3783 
17054 1107 745 1108 2601 
17055 2336 1041 1022 2435 
17056 2739 2573 1343 1068 
17057 2034 2397 2395 3680 
17058 1025 1318 1026 2513 
17059 518 519 521 3810 
17060 2767 2655 2035 3732 
17061 2595 2596 1102 2313 
17062 1303 1095 1094 2328 
17063 2798 2458 2455 1329 
17064 1260 821 2432 2430 
17065 1123 1084 754 2430 
17066 895 1200 1326 3681 
17067 1413 81 2832 432 
17068 2373 2059 2374 3729 
17069 1011 1009 2814 2485 
17070 577 819 1061 3784 
17071 1178 2676 67 1184 
17072 2834 2835 2853 927 
17073 1053 839 466 3794 
17074 2574 2739 2573 1343 
17075 481 1224 905 3707 
17076 1397 218 19 2058 
17077 867 459 1118 3730 
17078 1124 1123 2052 2429 
17079 1001 2483 2482 2247 
17080 353 354 2863 1146 
17081 2587 2788 2715 1333 
17082 2415 2414 2413 3828 
17083 490 849 2305 1199 
17084 2315 2662 1098 2309 
17085 921 1293 768 3820 
17086 2587 950 981 1268 
17087 2467 2022 2488 1211 
17088 1343 2574 2696 502 
17089 1095 1303 1307 2701 
17090 2532 1201 1055 1054 
17091 2672 2574 2572 1160 
17092 2414 2415 2416 3828 
17093 503 34 233 1380 
17094 1802 1919 1976 3774 
17095 2379 2812 2011 3650 
17096 805 820 834 2333 
17097 965 966 2792 964 
17098 2478 1008 2476 2477 
17099 1184 2545 66 473 
17100 1327 941 943 2658 
17101 792 2554 2528 1038 
17102 1008 1006 1010 2476 
17103 127 443 1173 1993 
17104 1987 102 436 1443 
17105 1206 2503 1016 784 
17106 436 1191 2451 2820 
17107 1095 1303 2701 2328 
17108 461 843 844 3689 
17109 1038 1037 2555 1152 
17110 2517 1291 836 835 
17111 942 943 941 2658 
17112 2701 1307 1095 2604 
17113 1271 2597 2725 1195 
17114 72 1377 2785 494 
17115 98 444 1429 2040 
17116 498 994 2688 2508 
17117 1708 1969 1940 3798 
17118 3101 3097 3096 3819 
17119 1367 2025 26 474 
17120 2793 1004 1262 2480 
17121 289 513 1460 2736 
17122 2408 2407 404 3773 
17123 3 2869 1418 977 
17124 913 891 914 3828 
17125 2674 2547 2734 3797 
17126 3371 3194 3235 3783 
17127 994 2688 2508 2316 
17128 547 796 797 3755 
17129 2606 2607 2581 1202 
17130 2506 2297 2615 1087 
17131 293 1259 1434 2474 
17132 2727 1135 438 2748 
17133 470 2690 2661 2020 
17134 2038 2756 2625 1301 
17135 1250 855 830 3703 
17136 1267 1318 444 2664 
17137 1191 1168 436 2451 
17138 1084 1123 2429 2430 
17139 2725 923 1271 1195 
17140 2701 1303 1307 474 
17141 2624 1320 2602 2600 
17142 1173 127 326 1423 
17143 1745 1743 1485 3796 
17144 1131 1104 1176 2706 
17145 1109 1112 782 2356 
17146 1502 1914 1976 3765 
17147 2715 2669 2465 949 
17148 509 2621 2583 856 
17149 2764 996 2508 2350 
17150 322 123 1471 2045 
17151 2573 2739 1256 1068 
17152 2495 2713 2492 983 
17153 2048 2669 2632 493 
17154 2672 1137 1160 825 
17155 503 234 1380 2431 
17156 904 897 785 3792 
17157 876 920 875 3744 
17158 2554 792 1037 1038 
17159 2064 354 353 1238 
17160 1417 82 2834 1316 
17161 2367 831 342 2065 
17162 833 2777 1274 1136 
17163 2832 280 81 1413 
17164 2545 67 2676 1184 
17165 1291 2517 2619 835 
17166 1991 2615 441 1087 
17167 1104 1208 1177 2773 
17168 2027 76 2632 493 
17169 2704 1998 2359 3599 
17170 1450 120 319 2797 
17171 879 462 880 3650 
17172 1041 1289 1022 2435 
17173 1363 248 1254 2551 
17174 1105 1226 1208 2695 
17175 2689 2724 2405 3751 
17176 1987 301 102 1443 
17177 842 1279 1210 3656 
17178 2759 850 2369 2634 
17179 271 72 1377 2785 
17180 1425 290 91 1985 
17181 997 996 2764 2350 
17182 2328 2701 1095 2604 
17183 2642 1228 834 1986 
17184 1336 945 2758 2471 
17185 2631 2690 2661 1138 
17186 1192 2686 980 982 
17187 332 133 2705 1473 
17188 1057 508 2802 1059 
17189 2372 1131 2706 2563 
17190 2691 1113 504 2636 
17191 1137 2054 2672 502 
17192 2369 851 850 2759 
17193 1273 2306 2611 1034 
17194 2025 26 225 1367 
17195 891 967 914 3828 
17196 3377 2904 3210 3764 
17197 2558 2430 754 2310 
17198 1201 1184 2545 1055 
17199 2673 3800 3793 3820 
17200 842 1210 841 3656 
17201 1924 1807 1500 3691 
17202 766 996 997 2350 
17203 2816 2438 2312 3733 
17204 2451 1168 436 1987 
17205 1444 131 330 1995 
17206 2848 83 282 1412 
17207 2671 2561 1074 2535 
17208 3190 3236 3173 3812 
17209 2835 2853 927 1281 
17210 2104 2809 2436 3827 
17211 1202 2607 1304 822 
17212 2339 2746 2331 3799 
17213 1246 97 296 1442 
17214 1090 2581 1202 1089 
17215 2862 341 1314 977 
17216 1249 2024 2670 1204 
17217 955 1315 956 3759 
17218 1452 314 115 2645 
17219 1291 2721 2517 836 
17220 1988 437 106 1465 
17221 832 2500 2817 1319 
17222 2325 2264 2543 3823 
17223 1109 1320 2624 2600 
17224 2606 2738 2607 1304 
17225 2529 2527 2686 982 
17226 1502 1921 1914 3765 
17227 3333 3330 3099 3767 
17228 944 941 1327 2511 
17229 1267 820 1026 2664 
17230 2728 500 1266 2821 
17231 2552 1081 2553 2536 
17232 2787 2440 2441 3740 
17233 2664 1026 2513 2514 
17234 10 11 1212 2488 
17235 950 2587 2788 1268 
17236 2657 2336 1289 2435 
17237 2602 1142 1320 2624 
17238 32 472 2023 1349 
17239 2805 2094 2420 3808 
17240 973 2862 1314 977 
17241 2857 2849 2864 491 
17242 2848 283 84 1412 
17243 2646 1989 438 2748 
17244 2506 1087 1086 810 
17245 1246 444 98 2040 
17246 2669 2715 2632 493 
17247 433 2848 2836 1255 
17248 2632 2715 2027 493 
17249 1344 1368 2679 1244 
17250 2489 512 2236 2488 
17251 2383 2427 2381 3743 
17252 2770 2659 2250 3770 
17253 436 1180 1181 2820 
17254 2742 2337 2685 3801 
17255 2494 2705 1170 837 
17256 983 2495 2713 925 
17257 1011 2814 2486 2485 
17258 936 804 857 3778 
17259 1362 2649 47 1290 
17260 948 1335 789 3724 
17261 932 850 851 2759 
17262 1281 927 2835 848 
17263 1191 436 1181 2820 
17264 1188 1113 504 2691 
17265 147 1497 1938 3790 
17266 1243 2348 1072 1071 
17267 2451 2675 1168 1987 
17268 1434 1259 294 2474 
17269 993 2510 2616 2688 
17270 2445 2543 2296 3784 
17271 2029 478 1077 1271 
17272 1183 1012 437 2620 
17273 2729 2566 1111 2568 
17274 782 1107 1109 2600 
17275 2545 1184 1201 473 
17276 2703 2596 947 2595 
17277 67 1353 2676 1178 
17278 1175 482 23 2775 
17279 2821 1168 1266 2451 
17280 1009 1008 496 2730 
17281 946 2474 2758 2470 
17282 2717 2665 1260 2432 
17283 1030 1029 2857 1216 
17284 1272 2848 2836 433 
17285 1159 2507 1991 1086 
17286 1995 1444 131 445 
17287 931 456 1300 3728 
17288 878 918 1311 3752 
17289 2590 23 222 1398 
17290 1081 1322 1082 2536 
17291 816 984 1233 3751 
17292 2545 265 66 473 
17293 2658 943 1327 2489 
17294 1 2022 1366 1313 
17295 1442 296 1246 2642 
17296 1170 2705 1207 837 
17297 1009 1008 2730 2477 
17298 1373 1248 19 2634 
17299 1259 95 294 431 
17300 513 90 289 1460 
17301 2372 1303 1094 2701 
17302 2552 1188 1165 2056 
17303 1138 37 2661 1405 
17304 1259 294 95 1434 
17305 1123 2052 2429 2430 
17306 2696 2677 40 502 
17307 2480 2793 1331 2748 
17308 2574 2672 2677 502 
17309 2639 1345 1303 1163 
17310 1473 133 2705 1170 
17311 2510 993 994 2688 
17312 2749 1097 2604 2315 
17313 2336 1289 1022 2657 
17314 1322 1081 2552 2536 
17315 932 850 2759 2634 
17316 1155 1337 857 3742 
17317 353 354 1146 1238 
17318 2857 2864 2844 1029 
17319 1009 1012 1011 2814 
17320 2855 1146 961 959 
17321 436 1180 2820 1987 
17322 2023 231 32 1349 
17323 2198 2341 2338 3769 
17324 1385 267 68 2051 
17325 2829 2836 2835 847 
17326 2344 2345 2815 3762 
17327 2038 1469 140 1301 
17328 2450 2401 2626 3815 
17329 326 1173 1423 2647 
17330 1442 1246 297 2642 
17331 1896 1825 1704 3787 
17332 1188 2552 2691 2056 
17333 2574 2677 2696 502 
17334 1329 2455 2798 1033 
17335 2603 2802 508 1059 
17336 1372 2629 78 514 
17337 976 975 2846 808 
17338 94 1284 2039 1433 
17339 2553 1188 1081 2691 
17340 919 881 1261 3743 
17341 2564 1176 1104 2706 
17342 1173 326 127 1993 
17343 1239 1217 2473 2680 
17344 903 916 901 3741 
17345 2835 2853 1281 848 
17346 2830 2855 2853 961 
17347 797 1140 1046 3811 
17348 1419 2829 82 1272 
17349 2752 1201 1204 473 
17350 1159 499 2507 1236 
17351 1177 1104 2773 2564 
17352 1452 116 315 2645 
17353 2573 2739 2605 1256 
17354 2705 2619 2494 1170 
17355 1988 106 305 1465 
17356 2655 2771 2037 3789 
17357 2023 472 31 1349 
17358 438 1172 2646 2748 
17359 2703 828 1221 2589 
17360 47 2679 1368 1244 
17361 455 948 930 3754 
17362 829 830 592 3801 
17363 1108 1110 1111 2729 
17364 950 2587 2715 1333 
17365 342 341 1314 2862 
17366 241 1404 2623 1157 
17367 831 1314 342 2065 
17368 1260 1120 2717 2432 
17369 2488 10 11 2022 
17370 2738 1304 822 1116 
17371 848 2853 1281 961 
17372 590 1047 829 3821 
17373 807 1283 1247 3772 
17374 2550 1076 1075 2535 
17375 1990 116 315 1464 
17376 2722 834 1228 1986 
17377 891 888 1323 3690 
17378 2552 1081 1188 2691 
17379 3329 3313 2888 3791 
17380 438 1172 112 2646 
17381 2643 1171 2336 2728 
17382 2623 1404 242 1157 
17383 975 2868 2851 434 
17384 2832 432 1281 1146 
17385 1209 115 314 2645 
17386 974 2851 2833 434 
17387 1077 2363 2029 1271 
17388 1352 219 457 2633 
17389 2313 2596 851 2759 
17390 2822 2356 1112 2624 
17391 2564 2650 1177 2651 
17392 1409 2632 76 493 
17393 91 1143 1425 1985 
17394 265 2545 2024 473 
17395 2045 2526 2507 1236 
17396 2862 1314 342 973 
17397 2471 489 942 1985 
17398 754 821 1123 2430 
17399 2052 33 232 1347 
17400 21 1221 1394 2009 
17401 2467 11 490 1211 
17402 1172 438 1331 2748 
17403 433 1030 2854 1255 
17404 2696 40 1388 1162 
17405 2664 1267 820 2333 
17406 2333 2722 805 2326 
17407 1188 1113 2691 2355 
17408 1158 897 896 3762 
17409 2336 1022 1289 2435 
17410 1364 268 69 2638 
17411 495 2798 2457 1033 
17412 217 1248 1373 2634 
17413 31 230 2023 1349 
17414 2022 10 11 1211 
17415 841 777 778 3814 
17416 2642 1267 2664 2333 
17417 69 1364 2638 1154 
17418 2851 2867 2846 975 
17419 1202 2786 2581 1090 
17420 2694 126 325 1993 
17421 1453 120 1088 2757 
17422 2630 232 33 1354 
17423 867 1218 483 3653 
17424 2727 2479 1135 2748 
17425 2725 2029 2363 1271 
17426 2550 1082 1265 2536 
17427 1297 471 2021 1116 
17428 2596 1278 851 2759 
17429 370 2897 369 3825 
17430 1075 2534 2550 2535 
17431 2758 795 946 2470 
17432 2030 2550 1265 2536 
17433 2722 805 834 2333 
17434 1158 665 979 3762 
17435 237 38 2661 1405 
17436 2795 2388 2591 3763 
17437 2788 2027 2715 1333 
17438 993 1088 2615 1087 
17439 2023 31 472 2650 
17440 441 1159 1991 1086 
17441 1107 1320 1109 2600 
17442 1366 2022 278 1313 
17443 52 1165 1387 2796 
17444 2664 1318 444 2040 
17445 1170 1992 2619 1291 
17446 2853 2835 2852 848 
17447 2045 2504 2526 1306 
17448 2538 2652 2341 3810 
17449 2564 1177 1176 2651 
17450 2532 2752 2545 1201 
17451 2497 2496 2777 1274 
17452 77 2632 1409 493 
17453 2605 845 1256 468 
17454 2846 2868 975 976 
17455 76 2027 1144 493 
17456 2854 2848 433 1255 
17457 2438 2698 2312 3733 
17458 927 2853 2834 1281 
17459 2027 1333 1144 493 
17460 1988 1183 437 2620 
17461 2471 945 2758 2469 
17462 1424 139 338 2625 
17463 2606 2607 1202 822 
17464 2802 2544 1178 1057 
17465 2029 245 46 1406 
17466 30 1176 2651 1379 
17467 113 312 2043 1462 
17468 1284 93 292 1433 
17469 2452 2641 1169 2769 
17470 1208 1226 472 2695 
17471 2311 2598 2585 1091 
17472 1104 1177 1176 2564 
17473 19 932 1397 2058 
17474 1989 438 111 1436 
17475 1137 2631 2054 1138 
17476 1304 2738 471 1116 
17477 272 1220 1361 2047 
17478 2850 2833 2851 434 
17479 1307 1097 2604 2749 
17480 2329 2668 2760 3792 
17481 2769 1169 1318 2040 
17482 2834 281 82 1417 
17483 1021 1266 2460 2728 
17484 2555 2592 1038 1152 
17485 1173 2817 1993 1319 
17486 46 2029 1406 478 
17487 112 438 1989 1436 
17488 2771 2343 2614 3806 
17489 1251 2863 354 1146 
17490 441 2615 1088 1087 
17491 1281 2855 2832 1146 
17492 99 444 1169 2040 
17493 2851 975 974 971 
17494 1265 1076 1075 2550 
17495 1112 1113 1079 2355 
17496 1446 99 1169 2641 
17497 1074 1076 1243 2671 
17498 2814 1012 1011 2486 
17499 994 498 996 2508 
17500 1397 932 20 2058 
17501 2749 2662 1098 2315 
17502 502 40 2696 1162 
17503 1255 1030 2854 1216 
17504 2669 2048 951 493 
17505 2029 45 244 1406 
17506 976 1029 2864 491 
17507 949 1333 2715 493 
17508 2721 2517 2619 1291 
17509 573 807 577 3823 
17510 2696 1343 502 1162 
17511 1256 2739 1343 1068 
17512 1403 2677 39 502 
17513 1952 1784 1730 3803 
17514 2577 2662 1292 2590 
17515 497 2647 1173 1136 
17516 1414 2827 283 1263 
17517 2616 2510 993 2615 
17518 2355 2356 1112 2822 
17519 276 2048 2632 1242 
17520 65 1370 2024 473 
17521 1301 2756 2625 440 
17522 2648 118 1139 1437 
17523 2045 1471 124 499 
17524 1418 2869 89 977 
17525 1291 1150 2721 836 
17526 2007 1243 2671 2784 
17527 2529 2788 2587 1268 
17528 2653 2345 2459 3809 
17529 3329 3239 3313 3791 
17530 1220 73 272 1361 
17531 122 1991 1449 441 
17532 2828 2868 1275 434 
17533 2806 2244 2708 3747 
17534 1146 2855 353 959 
17535 2780 2718 2396 3778 
17536 2431 1123 1260 2430 
17537 2636 2691 1113 2355 
17538 1143 942 489 1985 
17539 2664 2769 1318 2040 
17540 2506 1991 2507 1086 
17541 60 1375 2021 471 
17542 1181 2347 2452 2799 
17543 326 1173 2647 1993 
17544 2455 2457 2798 1033 
17545 2589 2703 828 2588 
17546 266 67 2676 2545 
17547 2820 2451 436 1987 
17548 2641 99 1169 2040 
17549 1135 1331 438 2748 
17550 2607 2021 2763 1304 
17551 85 1416 2849 491 
17552 2832 2855 2863 1146 
17553 2566 1110 1111 2568 
17554 36 235 2020 1381 
17555 2416 2417 2732 3690 
17556 313 114 2043 1462 
17557 1097 1099 1098 2749 
17558 1160 1137 2672 502 
17559 282 2829 1419 1272 
17560 1330 1158 898 3809 
17561 2671 1074 1076 2535 
17562 2611 2625 2756 1273 
17563 1473 2705 132 1170 
17564 1429 444 99 2040 
17565 1197 922 768 3820 
17566 2552 2030 1322 2536 
17567 828 2577 2589 2588 
17568 1338 677 748 3827 
17569 2057 2621 2583 509 
17570 434 975 2868 976 
17571 2583 845 509 856 
17572 1943 1745 1485 3796 
17573 1138 2661 38 1405 
17574 2787 2278 2337 3821 
17575 2007 48 247 1408 
17576 2452 1169 1025 2769 
17577 2757 2615 1088 441 
17578 1021 1266 827 2460 
17579 1221 2009 2703 2589 
17580 2646 1172 112 1455 
17581 2020 470 36 1381 
17582 119 1189 1450 2797 
17583 2805 2420 2439 3808 
17584 2832 2853 2855 1281 
17585 2476 2727 1010 2478 
17586 277 2048 1365 1242 
17587 2856 2862 973 974 
17588 1451 109 308 2042 
17589 1168 1191 1266 2451 
17590 2648 1139 117 1437 
17591 1292 917 1098 2662 
17592 1228 1239 2722 2680 
17593 2488 1212 10 2490 
17594 2039 1284 292 1433 
17595 1416 86 285 2849 
17596 2039 489 1336 2699 
17597 312 113 2646 1455 
17598 2544 2532 2545 1055 
17599 2529 2047 2637 480 
17600 2049 507 227 1396 
17601 2420 2448 2678 3814 
17602 2645 116 315 1990 
17603 1363 1254 249 2551 
17604 2043 312 113 2646 
17605 2616 1189 993 2688 
17606 821 2432 2430 2558 
17607 2632 76 275 1409 
17608 2027 76 275 2632 
17609 1989 111 310 1436 
17610 284 85 1416 2849 
17611 2694 1472 126 1182 
17612 974 975 2851 434 
17613 491 2857 2827 1030 
17614 1303 1345 2639 2372 
17615 917 1341 828 2577 
17616 1265 479 2697 2030 
17617 2621 2582 2583 856 
17618 2680 2722 1228 1986 
17619 479 51 250 1374 
17620 1206 2503 1993 1182 
17621 1372 79 2629 514 
17622 1189 994 993 2688 
17623 2686 2047 1220 494 
17624 1284 489 1336 2039 
17625 509 2635 2621 923 
17626 1298 1140 797 3811 
17627 1267 2664 2040 2642 
17628 284 2849 2827 1263 
17629 1987 101 436 2765 
17630 2829 281 82 2834 
17631 1991 122 2710 1159 
17632 2643 104 1171 2041 
17633 2053 1376 64 1299 
17634 2632 77 276 1242 
17635 1220 2686 494 982 
17636 2372 2639 1303 2701 
17637 1124 232 33 2630 
17638 2721 2619 1992 1291 
17639 2616 993 1088 2615 
17640 1365 2048 276 1242 
17641 2829 82 281 1419 
17642 1161 470 2020 2717 
17643 856 923 2621 1195 
17644 920 876 1245 3744 
17645 2706 1345 1131 2372 
17646 298 99 1446 2641 
17647 1438 333 1992 442 
17648 1991 321 122 1449 
17649 1166 130 2743 445 
17650 1919 1802 1957 3774 
17651 2347 2820 1181 2452 
17652 1365 78 277 1242 
17653 103 1168 2675 1467 
17654 1458 500 104 2041 
17655 2731 1391 72 1156 
17656 2043 114 313 1209 
17657 1287 1124 33 2630 
17658 2869 6 3 1418 
17659 2322 2471 942 2658 
17660 285 1411 2828 1275 
17661 112 311 1989 2646 
17662 2045 2507 2710 1159 
17663 1987 436 101 1443 
17664 1367 27 226 474 
17665 480 2529 2047 982 
17666 947 828 1221 2703 
17667 2675 301 102 1987 
17668 2507 2045 499 1159 
17669 1016 2504 2503 1182 
17670 2755 2721 442 1150 
17671 1988 1289 1183 2435 
17672 1161 470 36 2020 
17673 103 500 1458 2041 
17674 1209 314 2644 2645 
17675 2620 1988 1183 2486 
17676 2643 2336 1171 2657 
17677 1246 98 297 2040 
17678 2777 2647 497 1136 
17679 2834 82 2829 927 
17680 2836 1272 433 847 
17681 2775 482 23 2590 
17682 504 1165 1188 2056 
17683 1985 942 2471 2658 
17684 513 1212 943 2736 
17685 2632 276 77 1409 
17686 1008 1010 496 2478 
17687 1990 316 117 1464 
17688 2730 2702 496 2042 
17689 845 2605 2623 468 
17690 112 311 2646 1455 
17691 1430 105 304 2643 
17692 2728 2460 1021 2335 
17693 1055 1178 2544 1057 
17694 2700 2813 2410 3759 
17695 227 28 507 1163 
17696 2836 2829 1272 847 
17697 668 851 850 2369 
17698 1072 2349 1077 1070 
17699 516 518 520 3769 
17700 927 2829 2835 847 
17701 1353 266 67 2676 
17702 1371 269 70 2026 
17703 1180 1181 2820 2452 
17704 1412 2848 83 433 
17705 76 2027 1378 1144 
17706 134 333 1438 442 
17707 974 2833 1270 434 
17708 1199 2467 490 1211 
17709 2631 1137 824 1138 
17710 2802 2051 2603 508 
17711 442 1151 2755 1150 
17712 831 342 1314 973 
17713 1180 2820 1987 2452 
17714 47 246 2649 1362 
17715 2745 2494 2713 1321 
17716 2697 2550 1265 2030 
17717 2478 1010 496 1285 
17718 2829 282 2848 1272 
17719 955 772 1315 3759 
17720 1472 126 325 2694 
17721 1388 239 40 2696 
17722 1414 283 84 1263 
17723 2677 40 239 2696 
17724 97 1228 1246 1986 
17725 1387 1165 53 2796 
17726 1165 1081 1188 2552 
17727 2630 1287 231 1354 
17728 1403 40 2677 502 
17729 259 60 1375 2021 
17730 303 104 1430 2643 
17731 1082 1322 1265 2536 
17732 303 104 2643 2041 
17733 438 1010 1135 2727 
17734 31 1177 2650 1401 
17735 2049 507 29 2651 
17736 470 2661 37 2020 
17737 2637 1360 75 480 
17738 1426 2710 122 1159 
17739 2500 1993 1319 1206 
17740 226 2025 1367 474 
17741 314 2644 1459 1209 
17742 2027 274 75 2637 
17743 2497 1995 2713 925 
17744 2489 1212 512 2488 
17745 2686 1220 2047 982 
17746 2832 80 279 1413 
17747 2677 39 238 1403 
17748 1059 2603 2555 1152 
17749 2849 284 85 1263 
17750 3176 3366 3280 3776 
17751 2641 298 99 2040 
17752 2604 2701 1307 2025 
17753 2638 1364 70 1154 
17754 1164 2763 61 471 
17755 132 331 1445 2745 
17756 2027 75 274 1378 
17757 1413 2832 80 432 
17758 2065 1248 435 2800 
17759 2054 2672 2631 1137 
17760 1152 2774 2592 475 
17761 2471 2039 1336 2699 
17762 2346 2461 2740 3802 
17763 1246 297 98 1442 
17764 7 4 354 1441 
17765 1281 2853 2855 961 
17766 843 790 775 3768 
17767 1092 2585 2598 1091 
17768 1345 1094 1131 2372 
17769 2636 254 1280 1389 
17770 1266 1021 500 2728 
17771 1177 472 31 2650 
17772 2849 1416 86 491 
17773 2429 2630 1226 2695 
17774 1150 495 2457 1033 
17775 2048 1242 951 493 
17776 470 1161 1120 2717 
17777 1345 2049 2639 2372 
17778 2722 2642 834 1986 
17779 319 120 1453 2757 
17780 2062 2368 2673 3793 
17781 2693 2330 2317 3785 
17782 1206 1993 443 1182 
17783 1412 84 2848 433 
17784 1391 72 271 2731 
17785 2043 501 113 1462 
17786 1374 250 479 2030 
17787 1406 2029 45 478 
17788 1273 965 2756 963 
17789 1992 332 133 2705 
17790 479 1265 1322 2030 
17791 2306 2611 2756 1273 
17792 2574 1343 1160 502 
17793 354 2064 492 1238 
17794 1453 1088 121 2757 
17795 1174 1022 1289 2657 
17796 2707 136 1994 1190 
17797 2791 2250 2659 3770 
17798 1159 1991 122 441 
17799 1263 2849 2827 491 
17800 2675 1168 102 1467 
17801 1199 951 2466 514 
17802 1994 136 335 1466 
17803 115 1132 1452 2645 
17804 2024 2545 2752 473 
17805 951 949 2669 493 
17806 1137 1276 2054 502 
17807 997 996 1139 2764 
17808 2023 230 31 2650 
17809 1186 865 952 3818 
17810 482 24 223 1240 
17811 63 2663 1393 506 
17812 1469 140 339 2038 
17813 489 2471 2699 1985 
17814 2583 845 856 781 
17815 1360 75 274 2637 
17816 2369 2313 851 2759 
17817 2503 2694 1993 1182 
17818 1258 2690 470 2717 
17819 1319 1173 2817 1136 
17820 1143 943 942 2658 
17821 1429 297 98 2040 
17822 1246 296 97 1986 
17823 2615 2757 1991 441 
17824 2625 1424 139 440 
17825 2018 2623 2605 468 
17826 1471 124 323 2045 
17827 435 341 3 977 
17828 1438 1992 133 442 
17829 2676 1353 68 1178 
17830 338 2038 2625 1301 
17831 828 1175 1221 2589 
17832 1341 828 2577 2589 
17833 1994 2798 495 1329 
17834 1370 264 65 2024 
17835 2596 457 1278 2058 
17836 946 1336 945 2758 
17837 444 1267 2664 2040 
17838 1441 354 7 2776 
17839 1989 111 438 1285 
17840 2846 2868 2851 975 
17841 2789 2045 124 1167 
17842 119 318 1468 2044 
17843 500 2041 2675 2821 
17844 262 1376 2053 1299 
17845 2639 2049 1345 1163 
17846 2452 1025 1181 2799 
17847 2755 1456 334 1151 
17848 2486 1988 1183 2435 
17849 1177 1208 472 2773 
17850 11 512 1212 2488 
17851 1138 2661 37 470 
17852 1373 19 218 2634 
17853 1280 55 254 2019 
17854 2656 2038 339 1252 
17855 2592 2528 2554 1038 
17856 2039 1284 489 2699 
17857 2590 482 223 1240 
17858 2482 2793 1262 2480 
17859 113 1172 2043 2646 
17860 140 1427 2656 1332 
17861 499 2045 2507 1236 
17862 1180 436 101 2765 
17863 1459 2644 313 1209 
17864 1430 1171 105 2643 
17865 2355 1112 1113 2822 
17866 2050 2590 223 1240 
17867 2726 1297 1111 1230 
17868 2788 2027 1333 1144 
17869 1320 505 1142 2602 
17870 1260 2432 2431 2430 
17871 925 1995 2713 445 
17872 1411 285 86 1275 
17873 2817 1173 2647 1136 
17874 2602 505 1142 2750 
17875 1076 1265 1179 2550 
17876 431 294 1259 2474 
17877 2023 1226 2630 2695 
17878 1346 790 843 3768 
17879 921 768 922 3820 
17880 2590 1341 2577 2589 
17881 1440 1166 130 2743 
17882 292 93 1284 2699 
17883 1306 2045 2504 1167 
17884 2066 2794 2673 3800 
17885 847 433 2836 1255 
17886 1254 248 49 2007 
17887 1146 354 492 1238 
17888 1010 2478 2711 1285 
17889 500 1171 104 2041 
17890 1452 1132 116 2645 
17891 2601 1108 2602 2729 
17892 1097 1307 1099 2749 
17893 1116 2021 1297 2568 
17894 1168 500 2675 2821 
17895 2027 275 76 1378 
17896 1021 1171 500 2728 
17897 50 1254 1179 2697 
17898 2694 2503 2504 1182 
17899 113 1172 2646 1455 
17900 1109 1320 1142 2624 
17901 2550 1179 1076 2551 
17902 1169 444 1318 2040 
17903 2695 2773 1208 2599 
17904 1190 2458 1994 1329 
17905 1183 1012 2620 2486 
17906 2046 1166 2497 1274 
17907 2055 1111 2726 2568 
17908 1236 1306 2526 1028 
17909 2705 133 1992 1170 
17910 2007 49 458 1408 
17911 28 227 1395 1163 
17912 1985 1143 942 2658 
17913 2869 3 341 977 
17914 2474 1217 2473 2470 
17915 311 112 1989 1436 
17916 2391 2392 2390 3777 
17917 1239 1217 1039 2473 
17918 1316 2834 2832 1281 
17919 94 1284 1259 2039 
17920 2336 1022 1171 2657 
17921 2661 236 37 2020 
17922 1310 513 289 2490 
17923 2827 1263 491 1030 
17924 1400 2640 25 1296 
17925 1388 41 240 2696 
17926 2007 458 48 1408 
17927 1989 2711 111 1285 
17928 1987 101 300 1443 
17929 2636 1280 253 1389 
17930 2607 2738 2021 1304 
17931 2020 236 37 1381 
17932 2645 2483 1000 2687 
17933 2711 2478 496 1285 
17934 2721 2755 2457 1150 
17935 2688 2044 498 2508 
17936 1310 1 10 2490 
17937 1180 1169 1025 2452 
17938 1470 136 2707 495 
17939 1230 1111 2726 2055 
17940 2624 2356 1109 2600 
17941 1989 2727 438 2748 
17942 1146 1281 2855 961 
17943 1204 2024 2752 473 
17944 457 20 219 1352 
17945 1454 110 309 2702 
17946 1468 498 119 2044 
17947 2007 458 1243 2784 
17948 1430 104 1171 2643 
17949 1074 1075 1076 2535 
17950 434 2868 1275 976 
17951 2620 1328 307 2042 
17952 1991 2710 2507 1159 
17953 1116 2738 2021 2568 
17954 2662 1292 917 2577 
17955 2551 2550 1179 2697 
17956 2817 2500 1993 1319 
17957 437 306 107 1465 
17958 2055 258 59 1369 
17959 309 110 1431 1285 
17960 1429 99 298 2040 
17961 1993 2500 2503 1206 
17962 49 458 1254 2007 
17963 2784 458 1243 1072 
17964 845 2623 2583 509 
17965 232 1124 2052 2630 
17966 231 1287 2630 2023 
17967 2040 297 1246 2642 
17968 2647 2777 2817 1136 
17969 2699 489 92 1428 
17970 248 1254 2551 2007 
17971 2054 2631 2661 1138 
17972 2651 1176 29 1379 
17973 1252 966 2792 965 
17974 336 1994 1466 1190 
17975 848 927 2835 847 
17976 2024 2585 2670 1204 
17977 282 83 2848 1272 
17978 231 32 1287 2023 
17979 2769 2641 1169 2040 
17980 2055 58 257 1369 
17981 1276 39 2677 502 
17982 2457 1151 495 1150 
17983 503 1161 35 2665 
17984 1470 2707 135 495 
17985 2497 2777 2046 1274 
17986 1301 2756 440 965 
17987 437 1289 1183 1988 
17988 1376 64 263 2053 
17989 1445 1207 132 2745 
17990 2801 2746 2339 3799 
17991 2054 1356 238 1276 
17992 2637 75 2027 1144 
17993 2679 246 47 1368 
17994 2473 2722 1239 2680 
17995 114 501 2043 1462 
17996 2730 1009 2814 2042 
17997 1246 1228 834 2642 
17998 1276 2661 38 1138 
17999 1209 1132 115 2645 
18000 2743 1166 2497 2046 
18001 1227 869 870 3785 
18002 2828 1411 286 1275 
18003 2679 2029 1344 1077 
18004 37 470 2020 1381 
18005 23 1175 2775 1357 
18006 1287 32 472 2023 
18007 2707 2457 2755 1151 
18008 2592 2555 2774 1152 
18009 499 124 2045 1167 
18010 480 1268 2529 982 
18011 237 1356 2054 1276 
18012 1321 1207 2494 837 
18013 2707 2755 334 1151 
18014 2868 2850 2851 434 
18015 2359 2243 2358 3818 
18016 1322 1165 2030 2552 
18017 313 2644 2043 1209 
18018 478 1344 2029 1077 
18019 2677 239 40 1403 
18020 857 852 936 3778 
18021 1206 1016 2503 1182 
18022 1358 240 41 2018 
18023 1990 2645 439 2687 
18024 1178 508 2802 1057 
18025 1307 1097 1095 2604 
18026 2618 2330 2693 3785 
18027 2007 248 49 1408 
18028 5 1 2022 1366 
18029 2602 2772 1142 2624 
18030 491 1029 2857 1030 
18031 2625 139 338 1301 
18032 2687 2483 1000 2515 
18033 2713 1321 925 445 
18034 1993 443 1173 1319 
18035 71 1391 2731 1156 
18036 1262 2043 2793 2482 
18037 1174 437 106 1988 
18038 2650 230 31 1401 
18039 2630 1226 1124 2429 
18040 1016 2504 1182 1167 
18041 278 2022 2629 1313 
18042 432 2832 2863 1146 
18043 1451 1215 109 2042 
18044 244 2635 1386 1294 
18045 284 2827 1414 1263 
18046 2629 278 79 1372 
18047 1378 2027 75 1144 
18048 1121 1133 814 3806 
18049 2041 302 103 2675 
18050 923 2621 509 856 
18051 2736 1212 943 2489 
18052 1395 2639 27 1163 
18053 2494 2745 1207 1321 
18054 1460 513 91 2736 
18055 458 2784 1290 1072 
18056 1124 33 232 2052 
18057 1333 1268 2788 1144 
18058 1386 2635 243 1294 
18059 2633 21 220 2009 
18060 2647 128 327 497 
18061 1120 1258 470 2717 
18062 1995 2743 130 445 
18063 1374 52 251 2030 
18064 1466 1994 136 1190 
18065 2019 254 1280 2636 
18066 1318 1267 1026 2664 
18067 479 1165 52 2796 
18068 1242 2632 77 493 
18069 2868 2828 2850 434 
18070 2593 72 2785 494 
18071 1265 479 1179 2697 
18072 2590 2775 1175 2589 
18073 2593 271 72 2731 
18074 2023 472 1226 2695 
18075 2508 1139 996 2764 
18076 469 1113 1112 2822 
18077 2467 2629 2022 1211 
18078 2544 2802 2533 1057 
18079 480 2047 1220 982 
18080 1173 2817 2647 1993 
18081 1230 1108 1111 2729 
18082 1419 83 282 1272 
18083 1284 93 489 2699 
18084 2862 2856 2851 974 
18085 1077 1244 2349 1072 
18086 435 850 1248 2065 
18087 1262 1172 1331 2793 
18088 2763 62 2663 1164 
18089 2662 1098 1099 2749 
18090 1431 2711 309 1285 
18091 1111 2055 2729 2568 
18092 2590 2662 1292 2050 
18093 1110 1116 1111 2568 
18094 2661 37 236 1405 
18095 507 28 227 1396 
18096 947 2633 2596 2703 
18097 2050 1292 2590 1240 
18098 1174 1171 1022 2657 
18099 2048 2466 2669 951 
18100 500 1168 1266 2821 
18101 2029 2679 2363 1077 
18102 68 1385 2051 508 
18103 2677 2054 1276 502 
18104 1459 115 314 1209 
18105 2051 2638 2603 1154 
18106 247 2649 1362 1290 
18107 831 850 1314 2065 
18108 72 2593 2731 1156 
18109 1262 1001 501 2482 
18110 2775 1175 22 1357 
18111 1035 440 2611 1273 
18112 2645 439 116 1990 
18113 1307 2604 2640 2749 
18114 1440 129 1166 2743 
18115 1239 1228 431 2680 
18116 2702 496 110 1285 
18117 471 1164 2021 1304 
18118 1249 2670 64 1092 
18119 1120 2559 2717 2432 
18120 2676 2802 2544 1178 
18121 2009 1221 1175 2589 
18122 2592 2593 2528 1038 
18123 2649 2679 246 1244 
18124 501 114 2043 1209 
18125 2650 1177 2773 2564 
18126 1325 503 233 2431 
18127 2725 923 478 1271 
18128 1441 4 354 492 
18129 2590 1175 1341 2589 
18130 1041 1183 1289 2435 
18131 1328 1215 307 2042 
18132 1276 2054 2661 1138 
18133 2045 322 123 2710 
18134 2056 2691 504 2636 
18135 1371 71 270 2026 
18136 1144 1268 2788 480 
18137 2786 2607 506 1202 
18138 1202 506 2786 1090 
18139 1272 2829 82 927 
18140 2853 2832 2834 1281 
18141 2007 2649 247 1290 
18142 1012 1183 1011 2486 
18143 1144 2788 2637 480 
18144 1458 104 303 2041 
18145 508 2051 2603 1154 
18146 2676 68 267 2051 
18147 1459 313 114 1209 
18148 1190 2707 136 495 
18149 2775 22 1175 2009 
18150 1446 1169 100 2641 
18151 791 954 930 3770 
18152 2696 1388 41 1162 
18153 246 47 2649 1244 
18154 2706 2564 1176 2651 
18155 2649 2007 2784 1290 
18156 1170 133 1992 442 
18157 2785 271 72 2593 
18158 1169 1180 2641 2452 
18159 1280 469 55 2019 
18160 492 1251 354 1146 
18161 1120 1260 821 2432 
18162 440 2756 2625 1273 
18163 1988 2657 1289 2435 
18164 2488 2489 1212 2490 
18165 2456 2721 2457 1150 
18166 2049 507 1345 1163 
18167 29 228 2651 1379 
18168 2039 292 1284 2699 
18169 2739 2574 2696 1343 
18170 2756 2792 2692 965 
18171 2623 2057 2583 509 
18172 947 1278 1102 2596 
18173 2054 1276 1137 1138 
18174 1176 1177 30 2651 
18175 1190 1994 2707 495 
18176 2057 243 44 1359 
18177 1239 805 834 2722 
18178 2707 2457 1151 495 
18179 2051 69 2638 1154 
18180 1207 2745 2494 2705 
18181 437 107 306 1328 
18182 2535 2550 1076 2551 
18183 1242 2048 2632 493 
18184 1175 482 2775 2590 
18185 2648 316 117 1990 
18186 2356 1109 1112 2624 
18187 1268 981 2529 982 
18188 2758 2039 1336 2471 
18189 29 228 2049 2651 
18190 2596 2633 457 2058 
18191 1990 439 116 1464 
18192 61 1355 2763 1164 
18193 2616 1088 120 2757 
18194 2020 470 2690 2717 
18195 2645 1132 439 2687 
18196 2696 41 240 2018 
18197 1458 302 103 2041 
18198 1420 2850 87 434 
18199 1238 1146 353 959 
18200 1142 2772 2602 2750 
18201 1000 1001 999 2483 
18202 1092 2598 1090 1091 
18203 2675 302 103 1467 
18204 1254 50 249 2697 
18205 1382 1179 51 2697 
18206 439 1000 997 2687 
18207 337 138 1424 2625 
18208 2775 23 222 2590 
18209 2616 120 1189 2797 
18210 1454 496 110 2702 
18211 2707 334 135 1151 
18212 2504 2503 2502 1016 
18213 2497 2713 2495 925 
18214 2821 2675 1168 2451 
18215 58 505 1230 2750 
18216 2764 439 997 2687 
18217 1456 135 334 1151 
18218 1417 2834 280 1316 
18219 1468 317 118 2044 
18220 2057 2635 2621 509 
18221 2643 105 304 2657 
18222 1435 304 105 2657 
18223 1345 1131 1176 2706 
18224 2474 2473 1217 2680 
18225 2699 93 489 1428 
18226 85 2849 1263 491 
18227 1084 1124 1226 2429 
18228 1256 1343 2739 1162 
18229 269 70 2026 2638 
18230 2665 1161 2020 2717 
18231 2786 2598 2581 1090 
18232 1313 2022 2629 1211 
18233 327 2046 2647 497 
18234 2607 2786 2581 1202 
18235 2640 25 224 1400 
18236 1992 1170 442 1291 
18237 36 1161 2020 2665 
18238 2784 2007 458 1290 
18239 2038 140 339 1252 
18240 1059 508 2603 1154 
18241 2721 442 1150 1291 
18242 2471 1336 489 2699 
18243 2650 30 1177 2651 
18244 296 1246 2642 1986 
18245 947 1221 2633 2703 
18246 123 2710 1426 1159 
18247 1420 88 2850 434 
18248 1350 25 2050 1240 
18249 507 1176 29 2651 
18250 2568 1116 2738 2567 
18251 2639 226 27 474 
18252 1291 2619 1170 835 
18253 280 2834 2832 1316 
18254 945 1336 942 2471 
18255 513 289 90 1310 
18256 2863 1251 432 1146 
18257 1248 2065 2634 2800 
18258 1297 2726 59 1230 
18259 498 1139 996 2508 
18260 1350 2050 223 1240 
18261 479 250 51 2697 
18262 1220 74 2047 480 
18263 1292 482 2590 1240 
18264 2710 321 122 1991 
18265 70 269 1364 2638 
18266 2850 287 88 1420 
18267 2759 2596 1278 2058 
18268 1176 1345 2706 2049 
18269 2639 27 226 1395 
18270 2585 2024 2752 1204 
18271 1466 137 336 1190 
18272 2019 469 55 1351 
18273 2743 129 1166 2046 
18274 2489 2736 1212 2490 
18275 2046 1463 129 497 
18276 2731 2592 2026 475 
18277 1248 18 217 1373 
18278 2009 1175 2775 2589 
18279 503 35 234 2665 
18280 1374 479 52 2030 
18281 1259 1284 946 2039 
18282 2592 1038 1152 475 
18283 1190 1994 2458 1035 
18284 495 1190 1994 1329 
18285 431 95 294 1461 
18286 1404 241 42 1157 
18287 2784 2348 2349 1072 
18288 2650 1177 30 1401 
18289 1086 1159 2507 1236 
18290 1165 479 2030 2796 
18291 1319 832 2500 1206 
18292 2658 2736 943 2489 
18293 2868 2828 1275 976 
18294 974 2862 973 977 
18295 341 6 3 2869 
18296 1321 983 2713 925 
18297 1099 1292 1098 2662 
18298 845 1157 2623 509 
18299 1275 2850 2828 434 
18300 468 1256 2739 1162 
18301 1099 2662 2749 2050 
18302 62 2663 1164 506 
18303 2675 102 301 1467 
18304 2763 1355 62 1164 
18305 2757 1088 121 441 
18306 1454 109 496 2702 
18307 436 1180 1987 2765 
18308 1088 120 1189 2616 
18309 2611 1035 1273 1034 
18310 1035 2458 1190 1329 
18311 68 267 1353 2676 
18312 1991 2757 121 441 
18313 2029 2725 478 1271 
18314 41 1358 2018 468 
18315 834 2642 2722 2333 
18316 2657 1174 106 1988 
18317 2535 1076 2671 2551 
18318 471 2738 2021 1116 
18319 509 1294 2635 923 
18320 513 1212 2736 2490 
18321 2707 136 335 1994 
18322 1365 276 77 1242 
18323 2636 1113 469 2822 
18324 1038 2593 2528 1192 
18325 2705 1207 132 1170 
18326 2682 2458 1994 1035 
18327 1000 439 1132 2687 
18328 80 2872 1251 432 
18329 1460 91 290 2736 
18330 2850 87 286 1420 
18331 59 1230 2055 1369 
18332 2045 2789 2504 1167 
18333 1290 2649 47 1244 
18334 2638 268 69 2051 
18335 2052 1325 233 2431 
18336 118 498 1468 2044 
18337 2728 2041 500 2821 
18338 2633 1221 21 2009 
18339 82 2834 1316 927 
18340 2640 1099 25 1296 
18341 2765 100 1180 2641 
18342 1356 237 38 1276 
18343 1254 458 1076 2551 
18344 2835 2834 2829 927 
18345 1301 140 2038 1252 
18346 1327 943 1212 2489 
18347 1407 504 253 2056 
18348 2009 2633 1221 2703 
18349 2055 1230 58 1369 
18350 1165 2030 2552 2796 
18351 2018 42 241 1157 
18352 1307 2604 2025 2640 
18353 293 1259 2474 2039 
18354 1992 2619 2705 1170 
18355 105 1174 1435 2657 
18356 994 1189 498 2688 
18357 501 1172 1262 2793 
18358 1278 947 457 2596 
18359 25 1099 2050 1240 
18360 974 1270 2862 977 
18361 2625 2611 440 1273 
18362 1181 1180 1025 2452 
18363 1988 1328 306 2620 
18364 506 1299 2786 1090 
18365 1992 133 332 1438 
18366 1423 1173 128 2647 
18367 2774 2026 2592 475 
18368 2043 1262 501 2482 
18369 2691 504 1188 2056 
18370 2478 2727 1010 2711 
18371 2030 479 52 2796 
18372 120 319 2616 2757 
18373 1163 1303 2639 474 
18374 1328 306 437 1988 
18375 1395 227 2639 1163 
18376 2798 495 1329 1033 
18377 2021 1375 61 471 
18378 2047 74 273 480 
18379 226 2639 2025 474 
18380 1322 1165 479 2030 
18381 2736 289 513 2490 
18382 2699 92 489 1985 
18383 2039 293 94 1433 
18384 2648 1139 2764 1990 
18385 2679 2649 2349 1244 
18386 2642 1246 1228 1986 
18387 1166 2046 497 1274 
18388 1289 437 1174 1988 
18389 2648 117 316 1437 
18390 1988 306 437 1465 
18391 64 1399 2670 1249 
18392 1393 2663 62 506 
18393 2663 2786 2607 506 
18394 1038 2528 792 1192 
18395 2018 2696 41 1162 
18396 897 1158 979 3762 
18397 2055 1230 1111 2729 
18398 2053 64 2670 1092 
18399 1994 2798 2707 495 
18400 1352 21 220 2633 
18401 1341 1292 482 2590 
18402 1151 2457 2755 1150 
18403 504 253 54 1407 
18404 1099 1292 2662 2050 
18405 2679 2349 2363 1077 
18406 2483 2644 1001 2482 
18407 1987 300 101 2765 
18408 2025 225 26 1296 
18409 499 2045 1306 1167 
18410 1012 1009 1215 2814 
18411 2862 2851 2833 974 
18412 2053 2585 2598 1092 
18413 2789 125 2694 1167 
18414 2776 1441 354 492 
18415 1296 26 2025 474 
18416 997 2764 2687 2350 
18417 1270 89 2869 977 
18418 785 933 904 3792 
18419 1157 2018 42 468 
18420 1179 479 51 2697 
18421 111 310 2711 1989 
18422 1228 1239 834 2722 
18423 1256 845 2605 817 
18424 1142 469 1109 2624 
18425 10 2488 2490 2022 
18426 273 2637 2047 480 
18427 2639 27 1163 474 
18428 101 1180 2765 1457 
18429 2765 1180 100 1457 
18430 1244 2649 2349 1072 
18431 2056 504 253 2636 
18432 59 1384 2726 1297 
18433 2726 258 59 2055 
18434 1356 39 238 1276 
18435 927 1272 2829 847 
18436 2616 319 120 2797 
18437 2478 496 2702 2711 
18438 2007 247 48 1290 
18439 1411 87 286 1275 
18440 225 2025 2640 1296 
18441 2777 497 1274 1136 
18442 506 2607 1164 1202 
18443 262 63 2663 1393 
18444 1345 1176 507 2049 
18445 2021 2738 471 1304 
18446 834 1267 1246 2642 
18447 1139 439 997 2764 
18448 2697 479 250 2030 
18449 2834 1316 927 1281 
18450 5 10 1 2490 
18451 338 1469 2038 1301 
18452 1248 932 19 2634 
18453 1173 128 2647 497 
18454 2047 2529 2686 982 
18455 2789 1439 125 1167 
18456 2656 339 140 1252 
18457 2872 80 2832 432 
18458 932 457 20 2058 
18459 2648 317 118 1437 
18460 25 1099 2640 2050 
18461 2799 2769 1025 2513 
18462 496 2702 2711 1285 
18463 2046 129 1166 497 
18464 2637 2027 2788 1144 
18465 1001 1000 1132 2483 
18466 2665 1161 35 1348 
18467 2038 2756 1301 965 
18468 513 1143 91 2736 
18469 2045 124 323 2789 
18470 100 1169 1180 2641 
18471 1985 290 91 2736 
18472 2785 2047 2686 494 
18473 1270 2869 2833 977 
18474 1316 2832 81 432 
18475 1009 2814 2485 2730 
18476 2792 2656 966 1252 
18477 2764 2508 1139 2648 
18478 2053 2663 262 1299 
18479 2049 1345 2706 2372 
18480 1358 42 241 2018 
18481 2656 1427 340 1332 
18482 2019 55 254 1351 
18483 53 1165 504 2056 
18484 138 2625 1305 440 
18485 2774 2603 2638 1154 
18486 2019 1280 469 2636 
18487 225 2640 1400 1296 
18488 2832 81 280 1316 
18489 1990 117 439 1464 
18490 512 1327 1212 2489 
18491 96 1228 1422 1986 
18492 1271 1077 2363 1128 
18493 1002 1001 1262 2482 
18494 341 435 1314 977 
18495 1375 61 260 2021 
18496 2432 2665 1260 2431 
18497 2044 118 498 2648 
18498 2018 1358 42 468 
18499 1336 946 2039 2758 
18500 2650 30 229 1401 
18501 2854 2827 2857 1030 
18502 1215 307 108 1328 
18503 33 1124 1325 2052 
18504 505 57 1142 2750 
18505 2029 46 245 1344 
18506 2792 2656 2064 966 
18507 2710 122 321 1426 
18508 2633 457 947 2596 
18509 53 504 1407 2056 
18510 2789 124 1439 1167 
18511 138 1424 2625 440 
18512 469 2019 2636 2822 
18513 1009 1215 2814 2042 
18514 431 294 2474 2680 
18515 2630 1124 2052 2429 
18516 1254 249 2551 2697 
18517 1432 336 137 1305 
18518 138 337 1432 1305 
18519 1383 57 505 2750 
18520 1215 1328 2620 2042 
18521 469 1142 56 2019 
18522 1249 2024 1204 473 
18523 2349 2679 1244 1077 
18524 2763 2021 61 471 
18525 50 1179 1382 2697 
18526 1144 2637 75 480 
18527 92 291 2699 1428 
18528 1386 45 244 1294 
18529 2731 2592 475 1156 
18530 279 80 2832 2872 
18531 1332 2776 2064 492 
18532 2765 1180 1987 2452 
18533 2055 257 58 2750 
18534 2602 2055 505 2750 
18535 2593 72 494 1156 
18536 2802 2676 508 1178 
18537 2786 2663 1299 506 
18538 1088 1189 993 2616 
18539 2657 106 305 1988 
18540 1410 2833 88 1270 
18541 1092 1204 2585 1091 
18542 439 2764 1990 2687 
18543 1422 1228 97 1986 
18544 132 331 2745 2705 
18545 2044 317 118 2648 
18546 2640 1099 1307 2749 
18547 850 1248 2065 2634 
18548 1275 87 2850 434 
18549 2064 2361 2792 966 
18550 2756 440 965 1273 
18551 1192 494 2686 982 
18552 2680 1228 96 1986 
18553 1435 1174 106 2657 
18554 1321 2745 1207 445 
18555 475 2592 1038 1156 
18556 2458 2682 2611 1035 
18557 1176 507 2049 2651 
18558 1414 85 284 1263 
18559 2645 1000 1132 2687 
18560 2679 2029 245 1344 
18561 457 932 1278 2058 
18562 2694 125 1472 1182 
18563 1368 2679 245 1344 
18564 1164 2663 2607 506 
18565 504 1280 253 2636 
18566 513 943 1143 2736 
18567 5 10 2490 2022 
18568 2702 1215 496 2042 
18569 264 2024 2670 1249 
18570 1182 2504 2694 1167 
18571 2868 2846 2864 976 
18572 1139 498 118 2648 
18573 1343 2696 2739 1162 
18574 2833 88 287 1410 
18575 1212 513 1310 2490 
18576 2021 2726 1297 2568 
18577 2657 1289 1174 1988 
18578 1280 54 253 1389 
18579 1451 307 1215 2042 
18580 1151 135 2707 495 
18581 2651 229 30 1379 
18582 241 2623 2018 1157 
18583 1230 2726 59 2055 
18584 2650 229 30 2651 
18585 1154 2774 1152 475 
18586 1252 2792 2038 965 
18587 2050 224 25 1350 
18588 2474 1259 946 2039 
18589 431 1228 96 2680 
18590 2052 1123 2431 2430 
18591 503 233 34 1325 
18592 2055 58 1230 2750 
18593 2020 235 36 2665 
18594 109 1215 2702 2042 
18595 2640 2025 1307 1296 
18596 1301 2625 139 440 
18597 432 1316 2832 1281 
18598 141 1441 2776 492 
18599 1215 496 109 2702 
18600 130 1444 1995 445 
18601 966 1332 2064 492 
18602 1359 2057 43 509 
18603 505 1320 1108 2602 
18604 91 1143 1985 2736 
18605 113 1172 501 2043 
18606 1182 2694 125 1167 
18607 1280 253 54 504 
18608 2649 2784 2349 1072 
18609 1248 850 932 2634 
18610 2026 70 1371 475 
18611 1359 44 2057 509 
18612 1172 501 2043 2793 
18613 2756 2038 2792 965 
18614 1259 293 94 2039 
18615 498 1189 119 2797 
18616 1190 2682 1994 1035 
18617 1319 1993 443 1206 
18618 36 1161 2665 1348 
18619 2019 56 469 1351 
18620 496 2702 2730 2478 
18621 2051 2676 68 508 
18622 2052 233 1325 1347 
18623 2793 2043 1172 2646 
18624 2633 219 457 2058 
18625 497 2046 2777 1274 
18626 1111 1116 1297 2568 
18627 1123 503 1325 2431 
18628 2053 2670 2585 1092 
18629 341 342 1314 2065 
18630 1352 457 21 2633 
18631 2725 2621 2635 923 
18632 845 2623 1157 468 
18633 431 1259 1217 2474 
18634 492 2064 966 1238 
18635 2670 263 64 2053 
18636 2833 287 88 2850 
18637 1362 48 247 1290 
18638 482 1175 1341 2590 
18639 1385 69 268 2051 
18640 2745 1995 131 445 
18641 1345 1303 1094 2372 
18642 1435 106 305 2657 
18643 2745 1207 132 2705 
18644 946 2474 2039 2758 
18645 2029 46 1344 478 
18646 128 327 1423 2647 
18647 1180 2765 2641 2452 
18648 2640 224 25 2050 
18649 2030 52 251 2796 
18650 2024 264 65 1249 
18651 469 1142 2019 2624 
18652 966 2656 1332 1252 
18653 1332 2064 2656 966 
18654 2483 1000 1132 2645 
18655 2598 2786 2053 1090 
18656 2551 1254 458 2007 
18657 47 246 2679 1244 
18658 1386 243 44 1294 
18659 1392 435 18 2800 
18660 2755 2721 1992 442 
18661 1025 2452 2769 2799 
18662 1249 65 2024 473 
18663 1310 10 1212 2490 
18664 2739 2018 468 1162 
18665 1221 1175 22 2009 
18666 2702 308 109 2042 
18667 1280 1113 469 2636 
18668 116 1132 439 2645 
18669 2369 850 2065 2634 
18670 1280 254 55 1389 
18671 1272 83 2848 433 
18672 64 2053 1299 1092 
18673 2047 2785 1220 494 
18674 498 2797 2044 2688 
18675 2038 2656 2792 1252 
18676 1299 2053 2786 1090 
18677 1259 94 293 1434 
18678 2755 134 1456 1151 
18679 1995 131 330 2745 
18680 2759 1278 932 2058 
18681 2707 135 334 1470 
18682 1404 43 242 1157 
18683 2019 1142 56 2772 
18684 1427 339 140 2656 
18685 1461 431 96 2680 
18686 2551 1179 1254 2697 
18687 49 248 1254 1363 
18688 2663 2607 2763 1164 
18689 2021 259 60 1297 
18690 1328 437 1012 2620 
18691 1447 1310 289 2490 
18692 32 231 1287 1354 
18693 2021 2763 1164 471 
18694 2057 43 242 1359 
18695 1410 89 2833 1270 
18696 2707 335 136 1470 
18697 1318 1025 1169 2769 
18698 2745 131 1207 445 
18699 1270 2833 2862 977 
18700 1425 92 291 1985 
18701 508 2676 68 1178 
18702 1431 111 2711 1285 
18703 1329 1035 2458 1032 
18704 471 2021 60 1297 
18705 2856 2862 342 973 
18706 2474 1217 431 2680 
18707 489 942 1336 2471 
18708 1332 2656 140 1252 
18709 2638 70 2026 475 
18710 2797 498 1189 2688 
18711 2504 1016 1306 1167 
18712 2499 2817 2777 1136 
18713 1215 108 307 1451 
18714 69 2051 508 1154 
18715 2772 1142 56 1390 
18716 259 2021 2726 1297 
18717 1313 2629 79 514 
18718 1394 1221 22 2009 
18719 2833 288 89 1410 
18720 1259 946 1217 2474 
18721 1322 1081 1165 2552 
18722 2665 235 36 1348 
18723 2057 2623 242 1157 
18724 2656 2776 2064 1332 
18725 1422 295 96 1986 
18726 336 2682 1994 1190 
18727 2055 1230 505 2750 
18728 925 2497 1166 1274 
18729 1254 249 50 1363 
18730 1220 272 73 2785 
18731 61 260 2021 2763 
18732 1432 337 2682 1305 
18733 2053 2786 2663 1299 
18734 2026 1371 71 475 
18735 2057 242 43 1157 
18736 2686 2528 2593 1192 
18737 2018 2739 2696 1162 
18738 2743 130 329 1995 
18739 1469 338 139 1301 
18740 932 851 1278 2759 
18741 1382 249 50 2697 
18742 2647 2046 2777 497 
18743 2699 291 92 1985 
18744 1270 2862 2833 974 
18745 1382 51 250 2697 
18746 1336 946 1284 2039 
18747 437 1328 1988 2620 
18748 2755 1992 333 442 
18749 1425 1143 92 1985 
18750 1444 329 130 1995 
18751 1099 1292 2050 1240 
18752 2056 53 1165 2796 
18753 2785 1377 73 494 
18754 1090 2053 2598 1092 
18755 92 1143 489 1985 
18756 442 2721 1992 1291 
18757 217 1248 2634 2800 
18758 503 1260 1161 2431 
18759 1383 505 58 2750 
18760 2869 2862 2833 977 
18761 2705 132 331 1473 
18762 21 457 1221 2633 
18763 234 503 2665 2431 
18764 1220 272 2785 2047 
18765 310 111 2711 1431 
18766 2784 2649 1290 1072 
18767 2051 1385 69 508 
18768 2680 96 295 1986 
18769 2828 2868 2864 976 
18770 294 431 1461 2680 
18771 1432 2682 336 1305 
18772 2629 79 278 1313 
18773 2043 501 1262 2793 
18774 2022 1 10 1313 
18775 2007 48 458 1290 
18776 2052 1123 1325 2431 
18777 1461 96 295 2680 
18778 2663 261 62 2763 
18779 947 1221 457 2633 
18780 2872 354 4 1251 
18781 2772 1142 57 2750 
18782 2663 63 1299 506 
18783 1440 130 329 2743 
18784 1192 1038 2593 1156 
18785 1113 2636 2355 2822 
18786 2676 2051 2802 508 
18787 1296 2025 1307 474 
18788 1139 439 2764 1990 
18789 2743 328 129 2046 
18790 2026 2774 2638 475 
18791 2038 1301 1252 965 
18792 328 129 1440 2743 
18793 62 261 2663 1393 
18794 2458 2798 1994 1329 
18795 1350 223 24 1240 
18796 1417 280 81 1316 
18797 1415 2872 4 1251 
18798 22 221 1394 2009 
18799 2755 333 134 442 
18800 2731 270 71 2026 
18801 1113 1280 504 2636 
18802 2765 299 100 2641 
18803 1400 26 225 1296 
18804 1215 2620 2814 2042 
18805 2772 2019 1142 2624 
18806 1294 2057 44 509 
18807 457 219 20 2058 
18808 514 1313 2629 1211 
18809 258 59 1384 2726 
18810 141 340 1427 1332 
18811 1456 333 134 2755 
18812 1038 2592 2593 1156 
18813 1463 129 328 2046 
18814 1376 262 63 1299 
18815 2550 1265 1179 2697 
18816 435 1314 850 2065 
18817 2797 119 498 2044 
18818 131 1207 1445 2745 
18819 70 2638 1154 475 
18820 2663 63 262 1299 
18821 5 1 10 2022 
18822 2457 2707 2798 495 
18823 2504 2789 2694 1167 
18824 221 22 2775 2009 
18825 1111 1297 2726 2568 
18826 1157 43 2057 509 
18827 494 2686 2593 1192 
18828 1314 435 341 2065 
18829 1244 1290 2649 1072 
18830 2620 1012 1215 2814 
18831 1192 2593 494 1156 
18832 1446 100 299 2641 
18833 2605 2623 2583 845 
18834 71 2731 475 1156 
18835 324 125 1472 2694 
18836 1154 2638 2774 475 
18837 2863 2855 353 1146 
18838 468 2018 41 1162 
18839 22 221 2775 1357 
18840 1368 245 46 1344 
18841 469 2019 2822 2624 
18842 73 1220 2785 494 
18843 1397 20 219 2058 
18844 1328 307 108 1448 
18845 1251 354 4 492 
18846 318 119 2797 2044 
18847 18 435 1248 2800 
18848 932 2759 2058 2634 
18849 2665 35 234 1348 
18850 1328 107 306 1448 
18851 2049 2706 1176 2651 
18852 308 109 1454 2702 
18853 2699 292 93 1428 
18854 1124 1123 1325 2052 
18855 2635 2057 1294 509 
18856 1179 1254 1076 2551 
18857 1012 1215 1328 2620 
18858 2833 89 2869 1270 
18859 2775 222 23 1357 
18860 1304 1164 2607 1202 
18861 324 125 2694 2789 
18862 1305 2682 1190 1035 
18863 263 64 1399 2670 
18864 1151 2755 134 442 
18865 2026 71 2731 475 
18866 57 1142 2772 1390 
18867 1299 2053 1090 1092 
18868 1355 62 261 2763 
18869 260 61 1355 2763 
18870 2814 2620 1012 2486 
18871 2665 1161 1260 2431 
18872 2765 300 101 1457 
18873 2765 100 299 1457 
18874 503 1123 1260 2431 
18875 1248 217 18 2800 
18876 1445 330 131 2745 
18877 2592 2731 2593 1156 
18878 288 89 2869 2833 
18879 270 71 1391 2731 
18880 828 1341 1175 2589 
18881 4 7 354 2872 
18882 2623 2018 1157 468 
18883 2785 2686 2593 494 
18884 322 123 2710 1426 
18885 1366 278 79 1313 
18886 56 255 2772 1390 
18887 1332 141 2776 492 
18888 1287 1226 1124 2630 
18889 1422 97 296 1986 
18890 1310 289 90 1447 
18891 2019 255 56 1351 
18892 2776 354 2064 492 
18893 2640 1307 1099 1296 
18894 4 7 2872 1415 
18895 2665 503 1161 2431 
18896 2019 56 255 2772 
18897 2056 1165 2552 2796 
18898 1088 2616 2615 2757 
18899 80 2872 1415 1251 
18900 1407 252 53 2056 
18901 1325 233 34 1347 
18902 2797 1189 2616 2688 
18903 57 256 2772 2750 
18904 2057 2623 1157 509 
18905 1383 58 257 2750 
18906 2749 2640 1099 2050 
18907 2065 435 341 2800 
18908 2656 340 2776 1332 
18909 1439 323 124 2789 
18910 125 324 1439 2789 
18911 2056 252 53 2796 
18912 1387 53 252 2796 
18913 1377 73 272 2785 
18914 2679 1344 1244 1077 
18915 2869 89 288 1418 
18916 121 320 1453 2757 
18917 2872 2863 354 1251 
18918 10 2022 1313 1211 
18919 256 57 1383 2750 
18920 2862 2869 341 977 
18921 2772 256 57 1390 
18922 1387 251 52 2796 
18923 1441 340 141 2776 
18924 1392 18 217 2800 
18925 340 141 2776 1332 
18926 1450 318 119 2797 
18927 279 80 2872 1415 
18928 2248 3687 751 2433 
18929 3748 2720 1234 2423 
18930 3748 1234 2720 749 
18931 15 2249 510 2803 
18932 510 2249 15 1185 
18933 3648 1558 3671 3447 
18934 3648 3671 1558 1593 
18935 2737 978 2320 773 
18936 2320 978 2737 2459 
18937 3528 3617 3147 3449 
18938 3147 3617 3528 3603 
18939 3597 3465 3044 3495 
18940 3597 3044 3465 3475 
18941 3786 2411 2613 2409 
18942 3786 2613 2411 3682 
18943 3794 796 1193 1053 
18944 3794 1193 796 3755 
18945 783 3759 2159 772 
18946 2159 3759 783 2613 
18947 2159 724 783 772 
18948 3734 3149 3580 3104 
18949 3734 3580 3149 3483 
18950 3763 539 3799 2542 
18951 3763 3799 539 787 
18952 1050 3799 539 2542 
18953 1050 539 3799 787 
18954 545 796 2219 1052 
18955 545 2219 796 3755 
18956 2723 2219 796 1052 
18957 2723 796 2219 3755 
18958 3394 863 216 215 
18959 3394 216 863 3652 
18960 3810 2530 2201 2652 
18961 3810 2201 2530 522 
18962 2530 3810 3777 2652 
18963 3777 3810 2530 1106 
18964 3797 2270 1049 580 
18965 2270 1049 581 2272 
18966 2270 581 1049 580 
18967 751 2768 3687 2248 
18968 3687 2768 751 1235 
18969 3609 1488 3493 3608 
18970 3609 3493 1488 154 
18971 3682 2751 2613 2412 
18972 3682 2613 2751 783 
18973 3751 714 2142 2733 
18974 712 3751 714 2142 
18975 714 3751 712 816 
18976 3803 1732 3397 3574 
18977 3803 3397 1732 1784 
18978 593 3801 2280 592 
18979 2280 3801 593 2282 
18980 869 2351 3785 1153 
18981 869 3785 2351 2330 
18982 2061 3785 2351 1153 
18983 2061 2351 3785 2330 
18984 2077 3792 2078 2329 
18985 2078 3792 2077 1340 
18986 2296 580 2268 2270 
18987 2296 2268 580 1061 
18988 2194 520 953 2198 
18989 2194 953 520 935 
18990 751 2146 2753 1229 
18991 2753 2146 751 2248 
18992 3729 938 788 937 
18993 3729 788 938 2374 
18994 3827 990 1205 2300 
18995 3827 1205 990 748 
18996 3747 3827 2108 1044 
18997 2108 3827 3747 2442 
18998 3214 3715 3203 3276 
18999 3203 3715 3214 3518 
19000 3797 2272 2270 2547 
19001 3797 2270 2272 1049 
19002 2546 3744 2331 2628 
19003 2331 3744 2546 1065 
19004 3575 1793 1634 3525 
19005 3575 1634 1793 1870 
19006 3591 3726 2992 3460 
19007 2992 3726 3591 3405 
19008 3705 1523 1526 3517 
19009 3705 1526 1523 1525 
19010 938 3729 3785 937 
19011 3785 3729 938 2693 
19012 2539 1043 764 2790 
19013 2539 764 1043 559 
19014 2540 803 804 2251 
19015 2540 804 803 762 
19016 3659 193 194 3390 
19017 3659 194 193 909 
19018 811 3707 1234 2683 
19019 1234 3707 811 1224 
19020 953 2194 756 935 
19021 953 756 2194 2195 
19022 3808 2320 986 773 
19023 3609 2879 3493 367 
19024 3609 3493 2879 3608 
19025 2353 608 2060 349 
19026 2060 608 2353 768 
19027 3518 3736 2983 3469 
19028 2983 3736 3518 3425 
19029 3604 2901 417 3498 
19030 3604 417 2901 418 
19031 3799 2542 2211 2339 
19032 3799 2211 2542 1050 
19033 2257 1062 567 2549 
19034 2257 567 1062 565 
19035 1043 2541 2229 555 
19036 2229 2541 1043 2235 
19037 2229 556 1043 555 
19038 3660 1707 1726 1706 
19039 3660 1726 1707 3475 
19040 3576 3308 3533 3179 
19041 3576 3533 3308 3566 
19042 3604 1920 204 205 
19043 3604 204 1920 3498 
19044 3087 3719 3428 3120 
19045 3428 3719 3087 3541 
19046 1521 3517 1522 1523 
19047 1522 3517 1521 3421 
19048 2106 662 2105 663 
19049 2105 662 2106 2104 
19050 3682 2751 2413 915 
19051 3682 2413 2751 2412 
19052 3057 3611 3024 3079 
19053 3024 3611 3057 3434 
19054 3528 1800 1801 1636 
19055 3528 1801 1800 3449 
19056 3599 890 1186 889 
19057 3599 1186 890 2523 
19058 3690 889 447 888 
19059 3690 447 889 3599 
19060 3559 3361 3807 3490 
19061 3559 3807 3361 3132 
19062 3121 3807 3361 3490 
19063 3121 3361 3807 3132 
19064 3518 2980 2983 3425 
19065 3518 2983 2980 3214 
19066 3770 749 2463 954 
19067 3770 2463 749 2428 
19068 935 2540 2191 762 
19069 935 2191 2540 2194 
19070 3813 1861 3395 3442 
19071 3813 3395 1861 3699 
19072 2211 534 2209 2210 
19073 2211 2209 534 535 
19074 3807 1978 3555 1844 
19075 3807 3555 1978 3490 
19076 1731 3555 1978 1844 
19077 1731 1978 3555 3490 
19078 3719 1888 3641 1720 
19079 3719 3641 1888 3428 
19080 3712 2377 2445 2378 
19081 3712 2445 2377 3706 
19082 3540 1788 1971 1699 
19083 3540 1971 1788 3396 
19084 3821 2280 2279 2278 
19085 2279 2280 3821 590 
19086 2279 589 3821 2278 
19087 3821 589 2279 590 
19088 2256 565 2255 2257 
19089 2255 565 2256 563 
19090 3568 1482 1963 1759 
19091 3568 1963 1482 3507 
19092 3795 1772 1768 1522 
19093 3795 1768 1772 3541 
19094 3816 2917 3395 3456 
19095 3816 3395 2917 3700 
19096 608 2060 350 606 
19097 608 350 2060 349 
19098 988 2346 2100 2098 
19099 988 2100 2346 3802 
19100 3073 3805 3072 3106 
19101 3072 3805 3073 3675 
19102 3617 1799 1914 1800 
19103 3617 1914 1799 3482 
19104 3822 1887 3535 3433 
19105 3822 3535 1887 1810 
19106 3723 2999 3683 2989 
19107 3723 3683 2999 3418 
19108 3589 2947 2953 3400 
19109 3589 2953 2947 3256 
19110 967 2617 2413 2807 
19111 2413 2617 967 769 
19112 2413 3828 967 2807 
19113 967 3828 2413 769 
19114 3806 2767 3789 2343 
19115 3806 3789 2767 3732 
19116 2655 3789 2767 2343 
19117 2655 2767 3789 3732 
19118 173 3584 1487 174 
19119 1487 3584 173 3481 
19120 3808 2092 2320 2805 
19121 3808 2320 2092 986 
19122 3792 2810 3649 2760 
19123 3792 3649 2810 3741 
19124 2421 3649 2810 2760 
19125 2421 2810 3649 3741 
19126 3778 2338 2332 2718 
19127 3778 2332 2338 3769 
19128 541 2217 2215 540 
19129 2215 2217 541 2216 
19130 3589 3083 3287 3256 
19131 3589 3287 3083 3467 
19132 3612 3351 3345 3100 
19133 3612 3345 3351 3526 
19134 3681 192 453 3507 
19135 3681 453 192 895 
19136 3591 1900 1622 3405 
19137 3591 1622 1900 1774 
19138 526 2204 528 527 
19139 528 2204 526 2205 
19140 1950 3565 1497 146 
19141 1497 3565 1950 3564 
19142 3792 903 2352 933 
19143 3792 2352 903 3741 
19144 633 2352 903 933 
19145 633 903 2352 3741 
19146 3638 167 3389 846 
19147 3638 3389 167 3558 
19148 3565 3356 3317 359 
19149 3565 3317 3356 3564 
19150 3396 3347 3271 3382 
19151 3396 3271 3347 3486 
19152 2463 3770 697 2250 
19153 697 3770 2463 954 
19154 3644 3115 3568 3310 
19155 3644 3568 3115 3527 
19156 3631 3568 3115 3310 
19157 3631 3115 3568 3527 
19158 3597 1726 1727 1743 
19159 3597 1727 1726 3475 
19160 3587 1569 1603 3398 
19161 3587 1603 1569 1568 
19162 3722 356 357 2017 
19163 3722 357 356 3506 
19164 3741 3780 477 3556 
19165 477 3780 3741 3729 
19166 3586 1894 1553 3414 
19167 3586 1553 1894 1555 
19168 3569 3117 3118 3411 
19169 3569 3118 3117 3291 
19170 3774 1475 3394 3384 
19171 3774 3394 1475 1957 
19172 3714 1727 3465 3475 
19173 3714 3465 1727 1877 
19174 3705 3293 3661 3225 
19175 3705 3661 3293 3444 
19176 2781 3827 1205 2300 
19177 1205 3827 2781 3681 
19178 3528 3144 3147 3303 
19179 3528 3147 3144 3449 
19180 3218 3563 2933 3245 
19181 2933 3563 3218 3424 
19182 3587 1560 1572 1568 
19183 3587 1572 1560 3473 
19184 3779 2996 3630 2995 
19185 3779 3630 2996 3419 
19186 2070 631 630 2072 
19187 630 631 2070 629 
19188 3646 1951 3767 3388 
19189 3646 3767 1951 1740 
19190 3641 3719 3120 3428 
19191 3120 3719 3641 3467 
19192 3629 170 1926 169 
19193 3629 1926 170 3487 
19194 2946 3586 3257 2963 
19195 3257 3586 2946 3416 
19196 3812 1782 1739 1695 
19197 3812 1739 1782 3516 
19198 3822 1588 1589 1602 
19199 3822 1589 1588 3413 
19200 3600 3254 3000 3407 
19201 3600 3000 3254 3263 
19202 3814 988 853 777 
19203 3814 853 988 3802 
19204 3611 1703 1704 1694 
19205 3611 1704 1703 3472 
19206 3569 1961 1633 3411 
19207 3569 1633 1961 1798 
19208 3534 3386 399 3624 
19209 399 3386 3534 3655 
19210 3785 2453 2618 2330 
19211 3785 2618 2453 3615 
19212 2891 3767 3348 3330 
19213 3348 3767 2891 3646 
19214 3600 1666 1718 3454 
19215 3600 1718 1666 1664 
19216 3824 1559 3633 1852 
19217 3824 3633 1559 3667 
19218 3812 3189 3516 3577 
19219 3812 3516 3189 3190 
19220 1595 3401 1612 1673 
19221 1612 3401 1595 3693 
19222 3443 3829 3634 2920 
19223 3443 3634 3829 3670 
19224 3154 3634 3829 2920 
19225 3154 3829 3634 3670 
19226 3025 3590 3057 3058 
19227 3057 3590 3025 3434 
19228 599 2289 625 962 
19229 599 625 2289 2292 
19230 3610 1791 1689 3550 
19231 3610 1689 1791 1691 
19232 3810 2198 2341 2538 
19233 3810 2341 2198 3769 
19234 2199 523 1117 2200 
19235 2199 1117 523 531 
19236 3600 3086 3247 3263 
19237 3600 3247 3086 3486 
19238 3748 1224 481 3707 
19239 3748 481 1224 934 
19240 3674 428 427 3394 
19241 3674 427 428 2783 
19242 939 3808 842 1312 
19243 842 3808 939 3725 
19244 3668 3731 2950 3410 
19245 2950 3731 3668 3415 
19246 3790 361 3409 3622 
19247 3790 3409 361 2892 
19248 1222 2185 2186 430 
19249 2186 2185 1222 2187 
19250 3770 2403 2428 3739 
19251 3770 2428 2403 2791 
19252 3827 1326 1205 748 
19253 3827 1205 1326 3681 
19254 2189 2188 803 2187 
19255 1222 803 2188 2187 
19256 1222 2188 803 940 
19257 2840 612 611 957 
19258 611 612 2840 2847 
19259 603 601 2762 1145 
19260 2762 601 603 2660 
19261 2762 2366 603 1145 
19262 603 2366 2762 2660 
19263 450 3828 913 914 
19264 913 3828 450 3737 
19265 3775 1493 3566 1911 
19266 3775 3566 1493 3523 
19267 3729 180 3780 3485 
19268 3729 3780 180 477 
19269 3667 3688 3273 3447 
19270 3273 3688 3667 3404 
19271 3753 3243 3403 3591 
19272 3753 3403 3243 3270 
19273 3278 3243 3403 3270 
19274 3024 3611 3230 3079 
19275 3024 3230 3611 3779 
19276 3682 209 3618 926 
19277 3682 3618 209 3582 
19278 3691 2 3557 1500 
19279 3691 3557 2 3484 
19280 3644 1737 1676 1677 
19281 3644 1676 1737 3527 
19282 3819 3102 3401 3644 
19283 3819 3401 3102 3097 
19284 3789 922 460 1133 
19285 3789 460 922 3627 
19286 3819 3343 3476 3096 
19287 3819 3476 3343 3417 
19288 3751 1317 3637 3605 
19289 3751 3637 1317 1233 
19290 3735 2653 398 3624 
19291 3735 398 2653 2627 
19292 3588 3743 371 3701 
19293 3588 371 3743 2381 
19294 2012 371 3743 3701 
19295 2012 3743 371 2381 
19296 3767 364 3388 3539 
19297 3767 3388 364 3330 
19298 3618 2889 3322 3515 
19299 3618 3322 2889 421 
19300 2840 2841 1216 2838 
19301 1216 809 2840 2838 
19302 2840 809 1216 957 
19303 3821 1048 3638 3740 
19304 3821 3638 1048 829 
19305 3730 390 2453 2063 
19306 3730 2453 390 3598 
19307 3807 1953 1978 1844 
19308 3807 1978 1953 3559 
19309 3628 3763 840 1342 
19310 3628 840 3763 3663 
19311 1231 840 3763 1342 
19312 1231 3763 840 3663 
19313 2470 757 1039 2472 
19314 2470 1039 757 795 
19315 3796 163 3519 3616 
19316 3796 3519 163 1943 
19317 2480 670 1002 2481 
19318 2480 1002 670 1004 
19319 672 2799 1024 1025 
19320 1024 2799 672 2512 
19321 2601 1320 2600 2602 
19322 2601 2600 1320 1107 
19323 1991 320 121 2757 
19324 121 320 1991 1449 
19325 1112 2624 469 2822 
19326 469 2624 1112 1109 
19327 1987 1168 102 2675 
19328 1987 102 1168 436 
19329 2045 1159 123 499 
19330 123 1159 2045 2710 
19331 500 2675 103 1168 
19332 103 2675 500 2041 
19333 1993 126 1421 443 
19334 1993 1421 126 325 
19335 1182 1993 126 2694 
19336 1182 126 1993 443 
19337 1138 2690 470 1258 
19338 1138 470 2690 2661 
19339 1059 2802 2533 2603 
19340 1059 2533 2802 1057 
19341 1294 243 2057 2635 
19342 1294 2057 243 44 
19343 2670 1204 1092 1249 
19344 1092 1204 2670 2585 
19345 1172 2748 2793 2646 
19346 2793 2748 1172 1331 
19347 286 1275 2850 2828 
19348 2850 1275 286 87 
19349 2603 1152 1154 2774 
19350 1154 1152 2603 1059 
19351 1009 2042 496 1215 
19352 496 2042 1009 2730 
19353 2701 474 2639 1303 
19354 2639 474 2701 2025 
19355 472 2773 2695 2023 
19356 2695 2773 472 1208 
19357 327 497 1463 2046 
19358 1463 497 327 128 
19359 2490 1 1447 1310 
19360 2490 1447 1 5 
19361 2029 478 1294 45 
19362 2029 244 1294 2635 
19363 1294 244 2029 45 
19364 925 445 2497 1995 
19365 925 2497 445 1166 
19366 2743 2497 445 1995 
19367 2743 445 2497 1166 
19368 2049 1163 227 507 
19369 227 1163 2049 2639 
19370 127 1993 1421 443 
19371 1421 1993 127 326 
19372 1055 1184 2544 1178 
19373 1055 2544 1184 2545 
19374 2676 2544 1184 1178 
19375 2676 1184 2544 2545 
19376 1143 2658 2736 943 
19377 2736 2658 1143 1985 
19378 19 2058 2634 932 
19379 2634 2058 19 218 
19380 473 265 1370 2024 
19381 473 1370 265 66 
19382 1246 2040 1267 444 
19383 1246 1267 2040 2642 
19384 238 1276 2677 2054 
19385 2677 1276 238 39 
19386 2650 472 2773 1177 
19387 2650 2773 472 2023 
19388 309 1285 2702 110 
19389 2702 1285 309 2711 
19390 2049 29 1396 228 
19391 2049 1396 29 507 
19392 1276 237 2661 2054 
19393 1276 2661 237 38 
19394 273 480 1360 2637 
19395 1360 480 273 74 
19396 1010 1285 2727 438 
19397 1010 2727 1285 2711 
19398 1989 2727 1285 438 
19399 1989 1285 2727 2711 
19400 1287 2023 1226 2630 
19401 1226 2023 1287 472 
19402 433 2848 1263 84 
19403 283 2848 1263 2827 
19404 283 1263 2848 84 
19405 2648 498 2508 1139 
19406 2648 2508 498 2044 
19407 480 2788 2529 1268 
19408 480 2529 2788 2637 
19409 1305 337 2625 138 
19410 1305 2625 337 2682 
19411 2041 1171 2728 500 
19412 2041 2728 1171 2643 
19413 1297 259 1384 2726 
19414 1297 1384 259 60 
19415 2007 1243 2551 2671 
19416 2007 2551 1243 458 
19417 1076 2551 1243 2671 
19418 1076 1243 2551 458 
19419 74 2047 1361 1220 
19420 1361 2047 74 273 
19421 1001 1209 2482 2644 
19422 1001 2482 1209 501 
19423 2043 2482 1209 2644 
19424 2043 1209 2482 501 
19425 2645 1209 2483 2644 
19426 2645 2483 1209 1132 
19427 1001 2483 1209 2644 
19428 1001 1209 2483 1132 
19429 2872 432 2863 1251 
19430 2863 432 2872 2832 
19431 2713 445 2745 1321 
19432 2745 445 2713 1995 
19433 2629 514 1242 78 
19434 2629 277 1242 2048 
19435 1242 277 2629 78 
19436 2729 2602 505 1108 
19437 505 2602 2729 2055 
19438 505 1230 2729 1108 
19439 2729 1230 505 2055 
19440 1171 2657 105 2643 
19441 105 2657 1171 1174 
19442 491 2849 1275 86 
19443 285 2849 1275 2828 
19444 285 1275 2849 86 
19445 468 2739 2605 2018 
19446 468 2605 2739 1256 
19447 434 2833 88 2850 
19448 434 88 2833 1270 
19449 2611 2625 1035 2682 
19450 2611 1035 2625 440 
19451 1305 1035 2625 2682 
19452 1305 2625 1035 440 
19453 1139 1990 117 439 
19454 117 1990 1139 2648 
19455 1305 336 1190 2682 
19456 1305 1190 336 137 
19457 1249 264 1399 2670 
19458 1249 1399 264 65 
19459 2331 3744 2746 2628 
19460 2746 3744 2331 3799 
19461 783 2159 2468 724 
19462 2468 2159 783 2613 
19463 1043 2229 2231 556 
19464 2231 2229 1043 2235 
19465 2231 559 1043 556 
19466 1043 559 2231 2235 
19467 2188 803 760 2189 
19468 2188 760 803 940 
19469 3243 3403 3541 3278 
19470 3243 3541 3403 3591 
19471 2840 2843 774 2841 
19472 774 2843 2840 957 
19473 774 1216 2840 2841 
19474 2840 1216 774 957 
19475 1294 2029 2725 478 
19476 2725 2029 1294 2635 
19477 2725 923 1294 478 
19478 1294 923 2725 2635 
19479 2854 2848 1030 433 
19480 2854 1030 2848 2827 
19481 1263 1030 2848 433 
19482 1263 2848 1030 2827 
19483 1242 2629 2466 514 
19484 2466 2629 1242 2048 
19485 2466 951 1242 514 
19486 1242 951 2466 2048 
19487 2849 1275 2864 491 
19488 2849 2864 1275 2828 
19489 976 2864 1275 491 
19490 976 1275 2864 2828 
$EndElements
