$MeshFormat
4.1 0 8
$EndMeshFormat
$PhysicalNames
5
2 1 "Top"
2 2 "Wall"
2 3 "Slope"
2 4 "Bottom"
3 5 "ArcticBasin"
$EndPhysicalNames
$Entities
4 6 6 2
1 1 0 0 0 
2 1 0 -0.2 0 
3 -0.5999999999999999 -1.469576158976824e-16 -1.2 0 
4 -1 -2.449293598294706e-16 -0.2 0 
1 -1.0000001 -1.0000001 -1e-07 1.0000001 1.0000001 1e-07 0 2 1 -1 
2 0.9999999000000001 -1e-07 -0.2000001 1.0000001 1e-07 1.000000000028756e-07 0 2 1 -2 
3 -1.0000001 -1.0000001 -0.2000001 1.0000001 1.0000001 -0.1999999 0 2 2 -2 
4 -0.6000000999999998 -0.6000000999999998 -1.2000001 0.6000000999999998 0.6000000999999998 -1.1999999 0 2 3 -3 
5 -1.0000001 -1.000000002449294e-07 -1.2000001 -0.5999998999999999 9.999999985304237e-08 -0.1999999 0 2 4 -3 
6 -1.0000001 -1.0000001 -0.2000001 1.0000001 1.0000001 -0.1999999 0 2 4 -4 
1 -1.0000001 -1.0000001 -1e-07 1.0000001 1.0000001 1e-07 1 1 1 1 
2 -1.0000001 -1.0000001 -0.2000001 1.0000001 1.0000001 1.000000000028756e-07 1 2 4 2 3 -2 -1 
3 -1.0000001 -1.0000001 -0.2000001 1.0000001 1.0000001 -0.1999999 0 1 3 
4 -1.0000001 -1.0000001 -1.2000001 1.0000001 1.0000001 -0.1999999 1 3 4 -4 -5 6 5 
5 -0.6000000999999998 -0.6000000999999998 -1.2000001 0.6000000999999998 0.6000000999999998 -1.1999999 1 4 1 4 
6 -1.0000001 -1.0000001 -0.2000001 1.0000001 1.0000001 -0.1999999 0 1 6 
1 -1.0000001 -1.0000001 -0.2000001 1.0000001 1.0000001 1.000000000028756e-07 1 5 3 2 1 -3 
10 -1.0000001 -1.0000001 -1.2000001 1.0000001 1.0000001 -0.1999999 1 5 3 4 5 -6 
$EndEntities
$Nodes
18 1748 1 1748
0 1 0 1
1
1 0 0
0 2 0 1
2
1 0 -0.2
0 3 0 1
3
-0.5999999999999999 -1.469576158976824e-16 -1.2
0 4 0 1
4
-1 -2.449293598294706e-16 -0.2
1 1 0 41
5
6
7
8
9
10
11
12
13
14
15
16
17
18
19
20
21
22
23
24
25
26
27
28
29
30
31
32
33
34
35
36
37
38
39
40
41
42
43
44
45
0.9888308262251285 0.1490422661761744 0
0.9555728057861407 0.2947551744109042 0
0.9009688679024191 0.4338837391175581 0
0.8262387743159949 0.563320058063622 0
0.7330518718298263 0.6801727377709194 0
0.6234898018587336 0.7818314824680298 0
0.5000000000000001 0.8660254037844386 0
0.3653410243663952 0.9308737486442041 0
0.2225209339563144 0.9749279121818236 0
0.07473009358642417 0.9972037971811801 0
-0.07473009358642427 0.9972037971811801 0
-0.2225209339563143 0.9749279121818236 0
-0.3653410243663949 0.9308737486442044 0
-0.4999999999999998 0.8660254037844387 0
-0.6234898018587335 0.7818314824680299 0
-0.733051871829826 0.6801727377709197 0
-0.8262387743159948 0.5633200580636223 0
-0.900968867902419 0.4338837391175582 0
-0.9555728057861408 0.2947551744109042 0
-0.9888308262251285 0.1490422661761743 0
-1 1.224646799147353e-16 0
-0.9888308262251286 -0.149042266176174 0
-0.9555728057861408 -0.2947551744109039 0
-0.9009688679024191 -0.433883739117558 0
-0.8262387743159951 -0.5633200580636216 0
-0.7330518718298269 -0.6801727377709188 0
-0.6234898018587336 -0.7818314824680297 0
-0.5000000000000004 -0.8660254037844384 0
-0.3653410243663949 -0.9308737486442042 0
-0.2225209339563146 -0.9749279121818236 0
-0.07473009358642473 -0.9972037971811801 0
0.07473009358642348 -0.9972037971811802 0
0.2225209339563142 -0.9749279121818236 0
0.3653410243663954 -0.9308737486442041 0
0.5000000000000001 -0.8660254037844386 0
0.6234898018587334 -0.7818314824680299 0
0.733051871829826 -0.6801727377709198 0
0.8262387743159945 -0.5633200580636227 0
0.900968867902419 -0.4338837391175583 0
0.9555728057861408 -0.2947551744109039 0
0.9888308262251285 -0.1490422661761744 0
1 2 0 1
46
1 0 -0.1
1 3 0 41
47
48
49
50
51
52
53
54
55
56
57
58
59
60
61
62
63
64
65
66
67
68
69
70
71
72
73
74
75
76
77
78
79
80
81
82
83
84
85
86
87
0.9888308262251285 0.1490422661761744 -0.2
0.9555728057861407 0.2947551744109042 -0.2
0.9009688679024191 0.4338837391175581 -0.2
0.8262387743159949 0.563320058063622 -0.2
0.7330518718298263 0.6801727377709194 -0.2
0.6234898018587336 0.7818314824680298 -0.2
0.5000000000000001 0.8660254037844386 -0.2
0.3653410243663952 0.9308737486442041 -0.2
0.2225209339563144 0.9749279121818236 -0.2
0.07473009358642417 0.9972037971811801 -0.2
-0.07473009358642427 0.9972037971811801 -0.2
-0.2225209339563143 0.9749279121818236 -0.2
-0.3653410243663949 0.9308737486442044 -0.2
-0.4999999999999998 0.8660254037844387 -0.2
-0.6234898018587335 0.7818314824680299 -0.2
-0.733051871829826 0.6801727377709197 -0.2
-0.8262387743159948 0.5633200580636223 -0.2
-0.900968867902419 0.4338837391175582 -0.2
-0.9555728057861408 0.2947551744109042 -0.2
-0.9888308262251285 0.1490422661761743 -0.2
-1 1.224646799147353e-16 -0.2
-0.9888308262251286 -0.149042266176174 -0.2
-0.9555728057861408 -0.2947551744109039 -0.2
-0.9009688679024191 -0.433883739117558 -0.2
-0.8262387743159951 -0.5633200580636216 -0.2
-0.7330518718298269 -0.6801727377709188 -0.2
-0.6234898018587336 -0.7818314824680297 -0.2
-0.5000000000000004 -0.8660254037844384 -0.2
-0.3653410243663949 -0.9308737486442042 -0.2
-0.2225209339563146 -0.9749279121818236 -0.2
-0.07473009358642473 -0.9972037971811801 -0.2
0.07473009358642348 -0.9972037971811802 -0.2
0.2225209339563142 -0.9749279121818236 -0.2
0.3653410243663954 -0.9308737486442041 -0.2
0.5000000000000001 -0.8660254037844386 -0.2
0.6234898018587334 -0.7818314824680299 -0.2
0.733051871829826 -0.6801727377709198 -0.2
0.8262387743159945 -0.5633200580636227 -0.2
0.900968867902419 -0.4338837391175583 -0.2
0.9555728057861408 -0.2947551744109039 -0.2
0.9888308262251285 -0.1490422661761744 -0.2
1 4 0 25
88
89
90
91
92
93
94
95
96
97
98
99
100
101
102
103
104
105
106
107
108
109
110
111
112
-0.5825650904556311 0.1435893985725343 -1.2
-0.5312736153919261 0.2788339032262605 -1.2
-0.4491064489026611 0.3978735949444764 -1.2
-0.3408388480386942 0.4937903195361932 -1.2
-0.2127629322255227 0.5610097456112483 -1.2
-0.07232200815319577 0.5956253244588321 -1.2
0.07232200815319133 0.5956253244588325 -1.2
0.2127629322255185 0.5610097456112498 -1.2
0.3408388480386905 0.4937903195361958 -1.2
0.4491064489026579 0.39787359494448 -1.2
0.5312736153919237 0.2788339032262651 -1.2
0.5825650904556299 0.1435893985725395 -1.2
0.5999999999999999 5.669002852059629e-15 -1.2
0.5825650904556325 -0.1435893985725287 -1.2
0.531273615391929 -0.2788339032262551 -1.2
0.4491064489026653 -0.3978735949444717 -1.2
0.3408388480386991 -0.4937903195361898 -1.2
0.2127629322255275 -0.5610097456112464 -1.2
0.07232200815319995 -0.5956253244588315 -1.2
-0.07232200815318862 -0.5956253244588329 -1.2
-0.2127629322255168 -0.5610097456112505 -1.2
-0.3408388480386902 -0.493790319536196 -1.2
-0.4491064489026589 -0.3978735949444788 -1.2
-0.5312736153919252 -0.2788339032262624 -1.2
-0.582565090455631 -0.1435893985725352 -1.2
1 5 0 7
113
114
115
116
117
118
119
-0.9499999999999998 -2.326828918379971e-16 -0.3250000000000003
-0.8999999999999997 -2.204364238465235e-16 -0.4500000000000007
-0.8499999999999995 -2.081899558550499e-16 -0.5750000000000012
-0.7999999999999994 -1.959434878635764e-16 -0.7000000000000017
-0.7499999999999994 -1.836970198721028e-16 -0.8250000000000015
-0.6999999999999995 -1.714505518806293e-16 -0.9500000000000013
-0.6499999999999997 -1.592040838891559e-16 -1.075000000000001
1 6 0 41
120
121
122
123
124
125
126
127
128
129
130
131
132
133
134
135
136
137
138
139
140
141
142
143
144
145
146
147
148
149
150
151
152
153
154
155
156
157
158
159
160
-0.9888308262251285 0.1490422661761744 -0.2
-0.9555728057861407 0.2947551744109042 -0.2
-0.9009688679024191 0.4338837391175581 -0.2
-0.8262387743159949 0.563320058063622 -0.2
-0.7330518718298263 0.6801727377709194 -0.2
-0.6234898018587336 0.7818314824680298 -0.2
-0.5000000000000001 0.8660254037844386 -0.2
-0.3653410243663952 0.9308737486442041 -0.2
-0.2225209339563144 0.9749279121818236 -0.2
-0.07473009358642417 0.9972037971811801 -0.2
0.07473009358642427 0.9972037971811801 -0.2
0.2225209339563143 0.9749279121818236 -0.2
0.3653410243663949 0.9308737486442044 -0.2
0.4999999999999998 0.8660254037844387 -0.2
0.6234898018587335 0.7818314824680299 -0.2
0.733051871829826 0.6801727377709197 -0.2
0.8262387743159948 0.5633200580636223 -0.2
0.900968867902419 0.4338837391175582 -0.2
0.9555728057861408 0.2947551744109042 -0.2
0.9888308262251285 0.1490422661761743 -0.2
1 1.224646799147353e-16 -0.2
0.9888308262251286 -0.149042266176174 -0.2
0.9555728057861408 -0.2947551744109039 -0.2
0.9009688679024191 -0.433883739117558 -0.2
0.8262387743159951 -0.5633200580636216 -0.2
0.7330518718298269 -0.6801727377709188 -0.2
0.6234898018587336 -0.7818314824680297 -0.2
0.5000000000000004 -0.8660254037844384 -0.2
0.3653410243663949 -0.9308737486442042 -0.2
0.2225209339563146 -0.9749279121818236 -0.2
0.07473009358642473 -0.9972037971811801 -0.2
-0.07473009358642348 -0.9972037971811802 -0.2
-0.2225209339563142 -0.9749279121818236 -0.2
-0.3653410243663954 -0.9308737486442041 -0.2
-0.5000000000000001 -0.8660254037844386 -0.2
-0.6234898018587334 -0.7818314824680299 -0.2
-0.733051871829826 -0.6801727377709198 -0.2
-0.8262387743159945 -0.5633200580636227 -0.2
-0.900968867902419 -0.4338837391175583 -0.2
-0.9555728057861408 -0.2947551744109039 -0.2
-0.9888308262251285 -0.1490422661761744 -0.2
2 1 0 174
161
162
163
164
165
166
167
168
169
170
171
172
173
174
175
176
177
178
179
180
181
182
183
184
185
186
187
188
189
190
191
192
193
194
195
196
197
198
199
200
201
202
203
204
205
206
207
208
209
210
211
212
213
214
215
216
217
218
219
220
221
222
223
224
225
226
227
228
229
230
231
232
233
234
235
236
237
238
239
240
241
242
243
244
245
246
247
248
249
250
251
252
253
254
255
256
257
258
259
260
261
262
263
264
265
266
267
268
269
270
271
272
273
274
275
276
277
278
279
280
281
282
283
284
285
286
287
288
289
290
291
292
293
294
295
296
297
298
299
300
301
302
303
304
305
306
307
308
309
310
311
312
313
314
315
316
317
318
319
320
321
322
323
324
325
326
327
328
329
330
331
332
333
334
0.3653410243663953 -0.6327892162918559 0
-0.4555728057861407 0.5712702293735347 0
-0.6119683514631864 -0.410832727786217 0
0.6745566576151708 0.312486636051584 0
0.1676377663930404 0.7204676184863362 0
-0.05460393788372211 -0.7286389135284629 0
-0.7078856420701818 0.008322623096839466 0
0.6583217782434022 -0.3170310594102611 0
0.1784479339461046 -0.7818314824680302 0
0.1153623240543177 -0.5294168876701101 0
-0.1541675461713545 -0.4564830345523685 0
0.02890986021041531 -0.2440396163310651 0
-0.244897786870551 -0.1730868116806 0
-0.07467989703590609 0.04683079375108904 0
0.2125973179432074 -0.005068662482140727 0
0.1088975325590221 0.2658057224810664 0
-0.391883212976429 0.1070580721782736 0
0.3532519449112114 -0.3404438957459185 0
-0.1640862897111623 0.3068987113236318 0
0.4872397072070602 -0.0870675999349335 0
0.3908796876960974 0.2176712058290494 0
0.2666513310343876 0.4936865285675194 0
-0.305837518424441 -0.6700497410797542 0
0.7483565321712039 -0.07142914440146539 0
0.01020755915711398 0.5160353620926398 0
-0.08687781675306673 0.7532072987287215 0
0.5283104215840499 0.5125807957590173 0
-0.5172767761277179 -0.1805402533556122 0
-0.6449842602322907 0.318838298758387 0
-0.7556344843549941 -0.2347528356960364 0
0.5653286647391473 -0.5270831423959377 0
-0.2353186735374986 0.5431578335037602 0
0.3896461284577771 0.6932025572962438 0
-0.3893908037091081 -0.4065326287080195 0
-0.4046463657827422 0.3530194633561992 0
0.619118995037689 0.1004413809376572 0
-0.5153805885952537 -0.6112156221184903 0
-0.3000580460066041 0.7417177355144557 0
0.7995209981220408 0.127250809399736 0
0.8775469019540908 0.2110029919053201 0
0.8997604990610203 0.06362540469986798 0
0.8741782660856019 -0.03571457220073269 0
0.8519646689786723 -0.1830921594061846 0
0.7739387651466224 0.02791083249913529 0
0.7503977159655829 0.437903347057603 0
0.8150647317006557 0.3036209052312441 0
0.7370388278686059 0.21986872272566 0
0.5759001117213918 0.6472061391135235 0
0.6772745979500224 0.5379504269113197 0
0.6014335395996103 0.4125337159053006 0
0.3774935764120861 0.812038152970224 0
0.5065679651582553 0.7375170198821368 0
0.4589782750209135 0.6028916765276305 0
0.1211839299897323 0.8588357078337582 0
0.2664893953797178 0.8256706835652702 0
0.2786419474254088 0.70683508789129 0
-0.1546993753546905 0.8640676054552726 0
-0.006073861583321275 0.8752055479549509 0
0.04037997481998683 0.7368374586075289 0
-0.400029023003302 0.8038715696494473 0
-0.2612894899814592 0.8583228238481396 0
-0.1934679313798354 0.7474625171215886 0
-0.5943123388079834 0.6257214835722272 0
-0.4777864028930703 0.7186478165789867 0
-0.3778154258963724 0.6564939824439951 0
-0.7729765640673548 0.3763610189379726 0
-0.6890180660310584 0.4995055182646533 0
-0.5502785330092158 0.4450542640659608 0
-0.8169075432287096 0.2339402824672806 0
-0.8483582341476552 -0.07035982153966729 0
-0.8483582341476551 0.07868244463650688 0
-0.6764349511512363 0.1635804609276132 0
-0.8283016761287066 -0.3343182874067972 0
-0.8722326552900613 -0.1918975509361052 0
-0.7317600632125879 -0.1132151062995985 0
-0.6725101116465066 -0.5455027327785679 0
-0.7564686096828027 -0.4223582334518875 0
-0.6838014179090902 -0.3227927817411267 0
-0.507690294297627 -0.7386205129514644 0
-0.6242162302125404 -0.6456941799447046 0
-0.5636744700292201 -0.5110241749523537 0
-0.2641792261903778 -0.8224888266307889 0
-0.4029187592122207 -0.7680375724320964 0
-0.4106090535098473 -0.6406326815991222 0
0.01006307785135068 -0.8629213553548215 0
-0.1385624359200183 -0.8517834128551433 0
-0.1802207281540816 -0.6993443273041086 0
0.27189447915625 -0.8563526155561172 0
0.126589013766264 -0.8895176398246053 0
0.06192199803119122 -0.7552351979982466 0
0.4944154131125644 -0.707310349379943 0
0.3653410243663953 -0.78183148246803 0
0.2718944791562499 -0.7073103493799431 0
0.6957837195275709 -0.5452016002297803 0
0.5944092332989404 -0.6544573124319838 0
0.4653348445527714 -0.5799361793438967 0
0.8069472920147714 -0.3058931169105825 0
0.7422802762796984 -0.4401755587369419 0
0.6118252214912748 -0.4220571009030994 0
0.7033391552073031 -0.1942301019058633 0
0.2403516742103565 -0.581103051980983 0
0.1469051290002112 -0.6556241850690702 0
0.3592964846388033 -0.4866165560188872 0
0.2343071344827646 -0.4349303917080143 0
0.4592903048251794 -0.4337635190709281 0
-0.5248153130075165 0.3359288810572931 0
-0.4301095857844415 0.462144846364867 0
-0.3199825196601204 0.4480886484299798 0
-0.3454457396618197 0.5572140314386475 0
-0.2676883597720514 0.6424377845091079 0
-0.6364556302413561 -0.2076465445258243 0
-0.5646225637954522 -0.2956864905709146 0
-0.5006795775861473 -0.4086826782471183 0
-0.453333789918413 -0.2935364410318159 0
-0.4523856961521809 -0.5088741254132549 0
0.4595950546400737 0.3651260007940333 0
0.5327181726556341 0.2650789209403167 0
0.5049993413668932 0.1590562933833533 0
0.6468378263264299 0.2064640084946206 0
0.7093199965798649 0.1138460951686966 0
0.08892266277507718 0.618251490289488 0
0.1384294450957508 0.5048609453300795 0
0.217144548713714 0.6070770735269279 0
0.3281487297460823 0.5934445429318816 0
-0.03833512879797637 0.6346213304106806 0
0.03037919308529782 -0.6290279005992865 0
-0.01940261105851835 -0.4929499611112393 0
-0.1043857420275383 -0.5925609740404157 0
-0.2300025322978977 -0.5632663878160614 0
-0.6125812090989499 -0.08610881512938638 0
-0.4545799945520735 -0.0367410905886693 0
-0.5498844275233055 0.05769034763755654 0
-0.5184337366043599 0.2129481854683303 0
0.5727807427252312 -0.2020493296725973 0
0.4202458260591358 -0.213755747840426 0
0.5057868615773068 -0.3287374775780898 0
0.617798119689132 -0.07924837216819944 0
0.07213609213236652 -0.3867282520005876 0
-0.0626288429804696 -0.3502613254417168 0
0.1910809025608133 -0.2922417560384918 0
-0.1079939633300679 -0.2085632140058326 0
-0.1995326665209528 -0.3147849231164842 0
-0.3171442952898296 -0.2898097201943097 0
-0.2717791749402313 -0.431507831630194 0
-0.3476141610667746 -0.5382911848938868 0
-0.02288501841274539 -0.09860441128998804 0
-0.1597888419532286 -0.06312800896475547 0
0.1207535890768113 -0.1245541394066029 0
0.06895871045365064 0.02088106563447415 0
0.2829246314272094 -0.1727562791140296 0
-0.2332815550061676 0.07694443296468131 0
-0.3183904999234901 -0.0330143697511632 0
-0.3810872814991345 -0.1768135325181061 0
0.1607474252511147 0.1303685299994628 0
0.01710881776155799 0.1563182581160777 0
-0.02759437857607013 0.2863522169023491 0
-0.1193830933735342 0.1768647525373604 0
-0.2779847513437957 0.2069783917509527 0
0.3017385028196524 0.1063012716734543 0
0.2498886101275598 0.2417384641550579 0
0.3499185125751338 -0.04606813120853711 0
0.4390596974515788 0.06530180294705794 0
0.05955254585806803 0.3909205422868531 0
-0.07693936527702418 0.4114670367081358 0
0.3287655093652425 0.3556788671982844 0
0.1877744317967048 0.3797461255242929 0
-0.2843663277469523 0.3299590873399155 0
-0.3982647893795856 0.2300387677672364 0
-0.1125555571901923 0.5295965977982 0
-0.1997024816243305 0.425028272413696 0
0.5531793511223745 0.00668689050136186 0
0.6837377636044465 0.01450611826809591 0
0.3974808763092188 0.5031336621632684 0
-0.1610982451452827 0.6481825661162409 0
2 2 0 125
335
336
337
338
339
340
341
342
343
344
345
346
347
348
349
350
351
352
353
354
355
356
357
358
359
360
361
362
363
364
365
366
367
368
369
370
371
372
373
374
375
376
377
378
379
380
381
382
383
384
385
386
387
388
389
390
391
392
393
394
395
396
397
398
399
400
401
402
403
404
405
406
407
408
409
410
411
412
413
414
415
416
417
418
419
420
421
422
423
424
425
426
427
428
429
430
431
432
433
434
435
436
437
438
439
440
441
442
443
444
445
446
447
448
449
450
451
452
453
454
455
456
457
458
459
0.2225209339563133 -0.9749279121818238 -0.09999999999999999
0.9009688679024187 -0.4338837391175591 -0.09999999999999998
-0.3653410243663957 -0.930873748644204 -0.1
-0.9555728057861408 0.2947551744109042 -0.1
0.2225209339563147 0.9749279121818235 -0.09999999999999998
-0.9555728057861408 -0.2947551744109039 -0.09999999999999999
-0.6234898018587344 -0.7818314824680291 -0.1
-0.8262387743159945 0.5633200580636226 -0.1
0.9888308262251285 0.1490422661761744 -0.1
0.9009688679024191 0.4338837391175582 -0.1
0.7330518718298265 0.6801727377709192 -0.1
-0.07473009358642449 0.9972037971811801 -0.1
0.5000000000000001 0.8660254037844386 -0.1
-0.3653410243663947 0.9308737486442044 -0.1
-0.6234898018587332 0.7818314824680301 -0.09999999999999999
0.9888308262251286 -0.1490422661761735 -0.1
0.4999999999999993 -0.866025403784439 -0.1
0.7330518718298253 -0.6801727377709205 -0.1
-0.07473009358642473 -0.9972037971811801 -0.1
-1 1.224646799147353e-16 -0.1
-0.8262387743159956 -0.563320058063621 -0.09999999999999998
0.9972037971811801 0.07473009358642425 -0.15
0.9972037971811801 0.07473009358642425 -0.05000000000000001
0.9972037971811801 -0.07473009358642391 -0.05000000000000001
0.9972037971811801 -0.07473009358642391 -0.15
0.9749279121818236 0.2225209339563144 -0.05000000000000001
0.9749279121818237 -0.2225209339563138 -0.05000000000000001
0.9749279121818236 0.2225209339563144 -0.15
0.9749279121818237 -0.2225209339563138 -0.15
0.9308737486442042 0.365341024366395 -0.05000000000000002
0.8660254037844387 0.4999999999999999 -0.05000000000000002
0.9555728057861407 0.2947551744109042 -0.1
0.9308737486442042 0.365341024366395 -0.15
0.7818314824680299 0.6234898018587334 -0.05
0.6801727377709194 0.7330518718298263 -0.05
0.8660254037844387 0.4999999999999999 -0.15
0.8262387743159949 0.563320058063622 -0.1
0.7818314824680299 0.6234898018587334 -0.15
0.5633200580636223 0.8262387743159947 -0.05
0.4338837391175582 0.9009688679024191 -0.05
0.6801727377709194 0.7330518718298263 -0.15
0.6234898018587336 0.7818314824680297 -0.1
0.5633200580636223 0.8262387743159947 -0.15
0.2947551744109045 0.9555728057861407 -0.04999999999999999
0.1490422661761744 0.9888308262251285 -0.04999999999999999
0.2947551744109045 0.9555728057861407 -0.15
0.3653410243663952 0.9308737486442041 -0.1
0.4338837391175582 0.9009688679024191 -0.15
6.123233995736766e-17 1 -0.05000000000000001
-0.1490422661761743 0.9888308262251285 -0.05000000000000001
0.1490422661761744 0.9888308262251285 -0.15
0.07473009358642417 0.9972037971811801 -0.1
6.123233995736766e-17 1 -0.15
-0.294755174410904 0.9555728057861408 -0.05
-0.4338837391175581 0.9009688679024191 -0.05
-0.1490422661761743 0.9888308262251285 -0.15
-0.2225209339563143 0.9749279121818236 -0.1
-0.294755174410904 0.9555728057861408 -0.15
-0.5633200580636217 0.8262387743159951 -0.05
-0.6801727377709189 0.7330518718298268 -0.05
-0.4338837391175581 0.9009688679024191 -0.15
-0.4999999999999998 0.8660254037844387 -0.1
-0.5633200580636217 0.8262387743159951 -0.15
-0.7818314824680295 0.6234898018587339 -0.05
-0.8660254037844385 0.5000000000000003 -0.05
-0.7818314824680295 0.6234898018587339 -0.15
-0.733051871829826 0.6801727377709197 -0.1
-0.6801727377709189 0.7330518718298268 -0.15
-0.9308737486442041 0.3653410243663953 -0.05000000000000001
-0.9749279121818236 0.2225209339563145 -0.05000000000000001
-0.9308737486442041 0.3653410243663953 -0.15
-0.900968867902419 0.4338837391175582 -0.1
-0.8660254037844385 0.5000000000000003 -0.15
-0.9972037971811801 0.07473009358642423 -0.05000000000000002
-0.9972037971811802 -0.07473009358642353 -0.05000000000000002
-0.9749279121818236 0.2225209339563145 -0.15
-0.9888308262251285 0.1490422661761743 -0.1
-0.9972037971811801 0.07473009358642423 -0.15
-0.9749279121818237 -0.2225209339563138 -0.05
-0.9308737486442044 -0.3653410243663946 -0.05
-0.9749279121818237 -0.2225209339563138 -0.15
-0.9888308262251286 -0.149042266176174 -0.1
-0.9972037971811802 -0.07473009358642353 -0.15
-0.8660254037844393 -0.499999999999999 -0.04999999999999999
-0.7818314824680307 -0.6234898018587324 -0.04999999999999999
-0.9308737486442044 -0.3653410243663946 -0.15
-0.9009688679024191 -0.433883739117558 -0.1
-0.8660254037844393 -0.499999999999999 -0.15
-0.6801727377709204 -0.7330518718298253 -0.05
-0.5633200580636226 -0.8262387743159945 -0.05
-0.6801727377709204 -0.7330518718298253 -0.15
-0.7330518718298271 -0.6801727377709185 -0.1
-0.7818314824680307 -0.6234898018587324 -0.15
-0.4338837391175591 -0.9009688679024187 -0.05
-0.2947551744109047 -0.9555728057861406 -0.05
-0.4338837391175591 -0.9009688679024187 -0.15
-0.5000000000000011 -0.8660254037844379 -0.1
-0.5633200580636226 -0.8262387743159945 -0.15
-0.1490422661761752 -0.9888308262251284 -0.05
-1.83697019872103e-16 -1 -0.05
-0.2947551744109047 -0.9555728057861406 -0.15
-0.2225209339563146 -0.9749279121818236 -0.1
-0.1490422661761752 -0.9888308262251284 -0.15
0.1490422661761731 -0.9888308262251287 -0.05
0.2947551744109035 -0.955572805786141 -0.05
0.1490422661761731 -0.9888308262251287 -0.15
0.07473009358642348 -0.9972037971811802 -0.1
-1.83697019872103e-16 -1 -0.15
0.433883739117558 -0.9009688679024193 -0.05
0.5633200580636216 -0.8262387743159951 -0.05
0.2947551744109035 -0.955572805786141 -0.15
0.3653410243663954 -0.9308737486442041 -0.1
0.433883739117558 -0.9009688679024193 -0.15
0.6801727377709188 -0.7330518718298269 -0.05
0.7818314824680291 -0.6234898018587344 -0.05
0.5633200580636216 -0.8262387743159951 -0.15
0.6234898018587334 -0.7818314824680299 -0.1
0.6801727377709188 -0.7330518718298269 -0.15
0.8660254037844379 -0.5000000000000012 -0.04999999999999999
0.9308737486442039 -0.3653410243663958 -0.04999999999999999
0.8660254037844379 -0.5000000000000012 -0.15
0.8262387743159945 -0.5633200580636227 -0.1
0.7818314824680291 -0.6234898018587344 -0.15
0.9308737486442039 -0.3653410243663958 -0.15
0.9555728057861408 -0.2947551744109039 -0.1
2 3 0 174
460
461
462
463
464
465
466
467
468
469
470
471
472
473
474
475
476
477
478
479
480
481
482
483
484
485
486
487
488
489
490
491
492
493
494
495
496
497
498
499
500
501
502
503
504
505
506
507
508
509
510
511
512
513
514
515
516
517
518
519
520
521
522
523
524
525
526
527
528
529
530
531
532
533
534
535
536
537
538
539
540
541
542
543
544
545
546
547
548
549
550
551
552
553
554
555
556
557
558
559
560
561
562
563
564
565
566
567
568
569
570
571
572
573
574
575
576
577
578
579
580
581
582
583
584
585
586
587
588
589
590
591
592
593
594
595
596
597
598
599
600
601
602
603
604
605
606
607
608
609
610
611
612
613
614
615
616
617
618
619
620
621
622
623
624
625
626
627
628
629
630
631
632
633
0.3653410243663953 -0.6327892162918559 -0.2
-0.4555728057861407 0.5712702293735347 -0.2
-0.6119683514631864 -0.410832727786217 -0.2
0.6745566576151708 0.312486636051584 -0.2
0.1676377663930404 0.7204676184863362 -0.2
-0.05460393788372211 -0.7286389135284629 -0.2
-0.7078856420701818 0.008322623096839466 -0.2
0.6583217782434022 -0.3170310594102611 -0.2
0.1784479339461046 -0.7818314824680302 -0.2
0.1153623240543177 -0.5294168876701101 -0.2
-0.1541675461713545 -0.4564830345523685 -0.2
0.02890986021041531 -0.2440396163310651 -0.2
-0.244897786870551 -0.1730868116806 -0.2
-0.07467989703590609 0.04683079375108904 -0.2
0.2125973179432074 -0.005068662482140727 -0.2
0.1088975325590221 0.2658057224810664 -0.2
-0.391883212976429 0.1070580721782736 -0.2
0.3532519449112114 -0.3404438957459185 -0.2
-0.1640862897111623 0.3068987113236318 -0.2
0.4872397072070602 -0.0870675999349335 -0.2
0.3908796876960974 0.2176712058290494 -0.2
0.2666513310343876 0.4936865285675194 -0.2
-0.305837518424441 -0.6700497410797542 -0.2
0.7483565321712039 -0.07142914440146539 -0.2
0.01020755915711398 0.5160353620926398 -0.2
-0.08687781675306673 0.7532072987287215 -0.2
0.5283104215840499 0.5125807957590173 -0.2
-0.5172767761277179 -0.1805402533556122 -0.2
-0.6449842602322907 0.318838298758387 -0.2
-0.7556344843549941 -0.2347528356960364 -0.2
0.5653286647391473 -0.5270831423959377 -0.2
-0.2353186735374986 0.5431578335037602 -0.2
0.3896461284577771 0.6932025572962438 -0.2
-0.3893908037091081 -0.4065326287080195 -0.2
-0.4046463657827422 0.3530194633561992 -0.2
0.619118995037689 0.1004413809376572 -0.2
-0.5153805885952537 -0.6112156221184903 -0.2
-0.3000580460066041 0.7417177355144557 -0.2
0.7995209981220408 0.127250809399736 -0.2
0.8997604990610203 0.06362540469986798 -0.2
0.8775469019540908 0.2110029919053201 -0.2
0.8519646689786723 -0.1830921594061846 -0.2
0.8741782660856019 -0.03571457220073269 -0.2
0.7739387651466224 0.02791083249913529 -0.2
0.8150647317006557 0.3036209052312441 -0.2
0.7503977159655829 0.437903347057603 -0.2
0.7370388278686059 0.21986872272566 -0.2
0.6772745979500224 0.5379504269113197 -0.2
0.5759001117213918 0.6472061391135235 -0.2
0.6014335395996103 0.4125337159053006 -0.2
0.5065679651582553 0.7375170198821368 -0.2
0.3774935764120861 0.812038152970224 -0.2
0.4589782750209135 0.6028916765276305 -0.2
0.2664893953797178 0.8256706835652702 -0.2
0.1211839299897323 0.8588357078337582 -0.2
0.2786419474254088 0.70683508789129 -0.2
-0.006073861583321275 0.8752055479549509 -0.2
-0.1546993753546905 0.8640676054552726 -0.2
0.04037997481998683 0.7368374586075289 -0.2
-0.2612894899814592 0.8583228238481396 -0.2
-0.400029023003302 0.8038715696494473 -0.2
-0.1934679313798354 0.7474625171215886 -0.2
-0.4777864028930703 0.7186478165789867 -0.2
-0.5943123388079834 0.6257214835722272 -0.2
-0.3778154258963724 0.6564939824439951 -0.2
-0.6890180660310584 0.4995055182646533 -0.2
-0.7729765640673548 0.3763610189379726 -0.2
-0.5502785330092158 0.4450542640659608 -0.2
-0.8169075432287096 0.2339402824672806 -0.2
-0.8483582341476551 0.07868244463650687 -0.2
-0.8483582341476552 -0.07035982153966727 -0.2
-0.6764349511512363 0.1635804609276132 -0.2
-0.8722326552900613 -0.1918975509361052 -0.2
-0.8283016761287066 -0.3343182874067972 -0.2
-0.7317600632125879 -0.1132151062995985 -0.2
-0.7564686096828027 -0.4223582334518875 -0.2
-0.6725101116465066 -0.5455027327785679 -0.2
-0.6838014179090902 -0.3227927817411267 -0.2
-0.6242162302125404 -0.6456941799447046 -0.2
-0.507690294297627 -0.7386205129514644 -0.2
-0.5636744700292201 -0.5110241749523537 -0.2
-0.4029187592122207 -0.7680375724320964 -0.2
-0.2641792261903778 -0.8224888266307889 -0.2
-0.4106090535098473 -0.6406326815991222 -0.2
-0.1385624359200184 -0.8517834128551433 -0.2
0.01006307785135069 -0.8629213553548215 -0.2
-0.1802207281540815 -0.6993443273041086 -0.2
0.126589013766264 -0.8895176398246053 -0.2
0.27189447915625 -0.8563526155561172 -0.2
0.06192199803119123 -0.7552351979982466 -0.2
0.3653410243663953 -0.78183148246803 -0.2
0.4944154131125644 -0.707310349379943 -0.2
0.2718944791562499 -0.7073103493799431 -0.2
0.5944092332989404 -0.6544573124319838 -0.2
0.6957837195275709 -0.5452016002297803 -0.2
0.4653348445527714 -0.5799361793438967 -0.2
0.7422802762796984 -0.4401755587369419 -0.2
0.8069472920147714 -0.3058931169105825 -0.2
0.6118252214912748 -0.4220571009030994 -0.2
0.7033391552073031 -0.1942301019058633 -0.2
0.1469051290002112 -0.6556241850690702 -0.2
0.2403516742103565 -0.581103051980983 -0.2
0.2343071344827646 -0.4349303917080143 -0.2
0.3592964846388033 -0.4866165560188872 -0.2
0.4592903048251794 -0.4337635190709281 -0.2
-0.4301095857844415 0.462144846364867 -0.2
-0.5248153130075165 0.3359288810572931 -0.2
-0.3454457396618197 0.5572140314386475 -0.2
-0.3199825196601204 0.4480886484299798 -0.2
-0.2676883597720514 0.6424377845091079 -0.2
-0.5646225637954522 -0.2956864905709146 -0.2
-0.6364556302413561 -0.2076465445258243 -0.2
-0.453333789918413 -0.2935364410318159 -0.2
-0.5006795775861473 -0.4086826782471183 -0.2
-0.4523856961521809 -0.5088741254132549 -0.2
0.5327181726556341 0.2650789209403167 -0.2
0.4595950546400737 0.3651260007940333 -0.2
0.6468378263264299 0.2064640084946206 -0.2
0.5049993413668932 0.1590562933833533 -0.2
0.7093199965798649 0.1138460951686966 -0.2
0.217144548713714 0.6070770735269279 -0.2
0.1384294450957508 0.5048609453300795 -0.2
0.08892266277507718 0.618251490289488 -0.2
0.3281487297460823 0.5934445429318816 -0.2
-0.03833512879797637 0.6346213304106806 -0.2
0.03037919308529783 -0.6290279005992865 -0.2
-0.1043857420275383 -0.5925609740404157 -0.2
-0.01940261105851838 -0.4929499611112393 -0.2
-0.2300025322978977 -0.5632663878160614 -0.2
-0.5498844275233055 0.05769034763755653 -0.2
-0.4545799945520735 -0.03674109058866933 -0.2
-0.6125812090989499 -0.0861088151293864 -0.2
-0.5184337366043599 0.2129481854683303 -0.2
0.5057868615773068 -0.3287374775780898 -0.2
0.4202458260591358 -0.213755747840426 -0.2
0.5727807427252312 -0.2020493296725973 -0.2
0.617798119689132 -0.07924837216819944 -0.2
-0.0626288429804696 -0.3502613254417168 -0.2
0.07213609213236653 -0.3867282520005876 -0.2
0.1910809025608133 -0.2922417560384918 -0.2
-0.1995326665209528 -0.3147849231164843 -0.2
-0.1079939633300679 -0.2085632140058326 -0.2
-0.2717791749402313 -0.431507831630194 -0.2
-0.3171442952898296 -0.2898097201943097 -0.2
-0.3476141610667746 -0.5382911848938868 -0.2
-0.1597888419532286 -0.06312800896475547 -0.2
-0.02288501841274539 -0.09860441128998806 -0.2
0.06895871045365061 0.02088106563447415 -0.2
0.1207535890768113 -0.1245541394066029 -0.2
0.2829246314272094 -0.1727562791140296 -0.2
-0.3183904999234901 -0.03301436975116317 -0.2
-0.2332815550061675 0.07694443296468131 -0.2
-0.3810872814991345 -0.1768135325181061 -0.2
0.017108817761558 0.1563182581160777 -0.2
0.1607474252511147 0.1303685299994628 -0.2
-0.1193830933735342 0.1768647525373604 -0.2
-0.02759437857607012 0.2863522169023491 -0.2
-0.2779847513437957 0.2069783917509527 -0.2
0.2498886101275598 0.2417384641550579 -0.2
0.3017385028196524 0.1063012716734543 -0.2
0.3499185125751338 -0.04606813120853711 -0.2
0.4390596974515788 0.06530180294705795 -0.2
-0.07693936527702418 0.4114670367081358 -0.2
0.05955254585806803 0.3909205422868531 -0.2
0.1877744317967048 0.3797461255242929 -0.2
0.3287655093652425 0.3556788671982844 -0.2
-0.3982647893795856 0.2300387677672364 -0.2
-0.2843663277469523 0.3299590873399155 -0.2
-0.1997024816243305 0.425028272413696 -0.2
-0.1125555571901923 0.5295965977982 -0.2
0.5531793511223745 0.006686890501361846 -0.2
0.6837377636044465 0.01450611826809591 -0.2
0.3974808763092188 0.5031336621632684 -0.2
-0.1610982451452827 0.6481825661162409 -0.2
2 4 0 271
634
635
636
637
638
639
640
641
642
643
644
645
646
647
648
649
650
651
652
653
654
655
656
657
658
659
660
661
662
663
664
665
666
667
668
669
670
671
672
673
674
675
676
677
678
679
680
681
682
683
684
685
686
687
688
689
690
691
692
693
694
695
696
697
698
699
700
701
702
703
704
705
706
707
708
709
710
711
712
713
714
715
716
717
718
719
720
721
722
723
724
725
726
727
728
729
730
731
732
733
734
735
736
737
738
739
740
741
742
743
744
745
746
747
748
749
750
751
752
753
754
755
756
757
758
759
760
761
762
763
764
765
766
767
768
769
770
771
772
773
774
775
776
777
778
779
780
781
782
783
784
785
786
787
788
789
790
791
792
793
794
795
796
797
798
799
800
801
802
803
804
805
806
807
808
809
810
811
812
813
814
815
816
817
818
819
820
821
822
823
824
825
826
827
828
829
830
831
832
833
834
835
836
837
838
839
840
841
842
843
844
845
846
847
848
849
850
851
852
853
854
855
856
857
858
859
860
861
862
863
864
865
866
867
868
869
870
871
872
873
874
875
876
877
878
879
880
881
882
883
884
885
886
887
888
889
890
891
892
893
894
895
896
897
898
899
900
901
902
903
904
0.7005714597761112 -0.02807530347797876 -0.9471655224354967
-0.5306897052085194 0.4566121995343584 -0.9497745431339604
-0.5306897052074913 -0.4566121995347909 -0.9497745431352036
0.08314206942293915 0.6847365461882808 -0.9755857128546075
0.08314206942294913 -0.6847365461882802 -0.9755857128546059
0.7403446694524733 -0.5124221605128213 -0.4490464518185304
0.7458149775786618 0.508488041876441 -0.4433430844610031
-0.1502456606824961 -0.8783727913194068 -0.4721752213703976
-0.2294965300276662 -0.6719615268272735 -0.9248222785612772
-0.1503330786667212 0.8799477323313989 -0.4682573426571645
-0.229778438452136 0.6728818910370928 -0.9224170728501226
0.3127763280085477 0.8509980791131402 -0.4333577118114158
0.361479783742629 0.5983595409981987 -0.9523197976349604
0.3297797396666136 -0.8402650729486694 -0.4433430844609815
0.3816817844852057 -0.5979528493059727 -0.9265348280115873
-0.6584011282804914 0.6157115748060857 -0.4464017812185134
-0.6584011282800849 -0.6157115748062112 -0.4464017812190415
0.8966333545952521 -0.00682502745424737 -0.4583516757019985
0.6259768482699372 -0.3360717736143639 -0.9237834246806569
0.5787108546708758 0.4037806013122725 -0.9358695000971515
-0.8209671349916619 -0.2228644261484125 -0.5733012831225972
-0.8224976591765416 0.2312954834170073 -0.5639990636706208
0.7654867953735172 -0.1794688358356304 -0.7343908435814781
-0.4798306145522881 -0.6466712340990389 -0.6868850261460466
-0.4466212975315426 0.6507121323254024 -0.7269046168452875
0.542811853953211 0.5881418156058096 -0.6991322131756494
0.5853943149710656 -0.5395648301944089 -0.7096848396812181
-0.04430845996430016 0.7857634257392234 -0.7324707739561909
-0.0494275091196972 -0.7832337106401194 -0.7380205720037674
0.7936349343410614 0.1107941586229574 -0.6966719025089934
-0.6727992218375352 -0.4512224330698545 -0.6747523654336238
-0.6708736633803195 0.4525869214207711 -0.6768428236132064
0.2785181991773302 0.7442127452435877 -0.7134436242331612
0.2341533402213938 -0.7375350148539522 -0.7654689119962828
-0.7212282248411145 -0.2310001301782865 -0.8067039117423904
-0.7213049993602605 0.2326600265562287 -0.8052513523239249
0.7183678904320169 0.3606181760728366 -0.6904946272187937
0.8492437251366882 -0.2671374643239713 -0.4743296943259431
-0.4417782878366952 -0.7753629928794601 -0.4690307230783693
-0.4357209927163048 0.78321031434243 -0.4593650732632026
0.8568780194645542 0.2656041264911532 -0.4572540655334119
0.5675825699509341 -0.7055272325232804 -0.436266013938384
0.5617459841316752 0.718995751306488 -0.418945637039686
0.07971059293335472 0.920542879912385 -0.3900311522890959
0.08210250573678214 -0.9191648725218197 -0.3929389849768938
-0.8183111841116079 0.4149624038413812 -0.4062217431659298
-0.8203435614309809 -0.4097928666910582 -0.4074935218573797
0.4089125322800846 -0.714954136818038 -0.6409212059622741
-0.6406842378883215 -0.2047468839692191 -1.018487326888294
-0.6374406170550687 0.2063649044254151 -1.024968257670064
-0.2636880323971873 0.7785282944606186 -0.6450704335287125
-0.2614346898228292 -0.770988231209172 -0.6647313603208811
0.6940862269922282 0.2014925627655234 -0.8931468250191763
0.7263691556303958 -0.3775264412897857 -0.653450519587689
-0.9081526936611419 0.1960569799516997 -0.3773134434563589
-0.907125276869188 -0.1928808660276547 -0.3814884941861688
0.1312579332871633 -0.8330285008538818 -0.5917348241301524
0.107497750804119 0.8438515632036901 -0.5733223869888391
-0.6253029363279569 0.1042802207344286 -1.115153543287265
-0.5861818004292416 0.2433569325496168 -1.113274401923835
-0.58789054678982 -0.2425791785990289 -1.110070848876802
-0.6267808483646069 -0.1034360087081146 -1.111853990154476
-0.6773201174733903 -0.1034391093616293 -0.9870672246121015
-0.6758535003233384 0.1042830920649878 -0.990371171149379
-0.9587398291252973 0.09850764882817824 -0.2905319352229683
-0.9085003364563368 0.09850818068361243 -0.4154366897002061
-0.9078550885028472 -0.09689858137639164 -0.4174709793831893
-0.958087164092342 -0.09689802981557731 -0.2925632897978313
-0.9326149947770405 0.2456041809339077 -0.2889678789790114
-0.9321559170106077 -0.2440292523383333 -0.2910778738008505
-0.5339330727642273 0.3697670059615883 -1.076323298634302
-0.4388475189068117 0.4785635374800944 -1.076712047540305
-0.5941667840840108 0.3372217690726307 -0.9920174751237754
-0.2876365397605838 0.58809567398117 -1.063327879581542
-0.1517541157021865 0.637209222669284 -1.062423847023928
-0.3921457367730933 0.5824389831714558 -0.9446270909235703
0.005444117132917623 0.6442144663095538 -1.089406326432198
0.1488846919652047 0.626797627238877 -1.089406326432198
-0.07495138331217674 0.6939300294587681 -0.9550848952508897
0.2881319407497516 0.581724962820364 -1.077070650704851
0.4093006818184507 0.5030419779778165 -1.07869982779082
0.2266703329564726 0.6541284807011133 -0.9692784938302739
0.5146472295335704 0.4014031576556174 -1.068309416122193
0.5891529410015013 0.2776985492565233 -1.071700134822565
0.4791169972946699 0.5106861909010788 -0.9493688947380401
0.6470668005564832 0.05825205113089139 -1.075791065927478
0.6443730568173847 -0.08620758935434637 -1.074714669637843
0.6384395972060272 0.1725717785183243 -1.046620623500213
0.7052322186412104 0.0876913666187307 -0.923341869567571
0.6437975369141583 0.3061551427226378 -0.9177853665448714
0.6083723518785487 -0.2414583938525817 -1.063656754963783
0.540661792051279 -0.3691027655962628 -1.063402873041692
0.6782375487730689 -0.1861810983150528 -0.9416812470155256
0.4188493008447372 -0.5020547874590159 -1.065424851779822
0.2985729866129019 -0.5821145576863778 -1.064451188046205
0.5183418111645095 -0.4804643149764195 -0.93307436636565
0.1488846919652146 -0.626797627238875 -1.089406326432198
0.005444117132926224 -0.644214466309554 -1.089406326432198
0.2375279647807956 -0.6554624918579577 -0.9570667463196738
-0.1516128784756089 -0.6367484661467719 -1.063626200138079
-0.2874939692227107 -0.5876307841466998 -1.064528506790216
-0.07480764279049694 -0.693462873638115 -0.9562846051206084
-0.4388475189062576 -0.4785635374802766 -1.076712047540906
-0.5339330727637471 -0.3697670059618327 -1.076323298634941
-0.3919984999173298 -0.5819616131870471 -0.9458225874346637
-0.5960141004066846 -0.3365102506537402 -0.9888747184260724
-0.8166597010690815 -0.1122813607434623 -0.6391443352932185
-0.8670417070379125 -0.1122814890283659 -0.5142958020902558
-0.868273289992611 0.1165909801252932 -0.5098345342743376
-0.8178627590416107 0.1165905917653552 -0.6346718500511968
-0.8643332726218065 -0.2079417087288183 -0.4775129916153295
-0.8656774808128817 0.2137632268133244 -0.470801408123059
-0.7180338633348293 -0.1167060384839363 -0.8813588034019839
-0.7685623750061649 -0.116707017249237 -0.7565677073950927
-0.7687081543793974 0.1175620008394827 -0.755885402923155
-0.7181721350013391 0.1175609373614835 -0.8806735630224087
-0.7712645606972703 -0.2269813907943091 -0.6900721804712857
-0.7720203154451856 0.232013513632339 -0.6846749053066722
-0.6809562618523008 -0.2178735168283248 -0.9125956321193684
-0.6793728922413511 0.2195124926429856 -0.9151098403215479
-0.823751377348783 0.4900194860610438 -0.3037980202991724
-0.8897108756205497 0.3559665973570995 -0.3043037799114157
-0.8694029608778567 0.3076937017117201 -0.3943860328859187
-0.6424107963458391 0.7003690620180566 -0.3240680061634924
-0.7442044328300119 0.591012383604865 -0.3241634691411534
-0.7447630256125932 0.5198086752010774 -0.429436987311953
-0.4013015218008704 0.8586907484094852 -0.3304104880753393
-0.5311685043345306 0.7848304744348465 -0.3307980594741817
-0.552828389065203 0.7068349314621792 -0.4566280289322683
-0.1126394219050906 0.9394751748843632 -0.3344910119713165
-0.2590036062013442 0.9095071693554105 -0.3358323886431609
-0.296688307611526 0.841969316915902 -0.4682178050641596
0.15142611454212 0.9496817894172894 -0.2958039684281307
0.002497228565691531 0.9615605685702232 -0.2960904717788355
-0.0355614328572432 0.9066237948511191 -0.4316976049020929
0.4076752741380083 0.8612308146409344 -0.3178821853881423
0.2681194760863969 0.9145690720732229 -0.3173483245424333
0.197748871810788 0.8925653501349537 -0.4144782863589271
0.6491762111819043 0.7015047903905306 -0.3105195071609256
0.5319882406813875 0.7941754697845221 -0.3102743815571312
0.4418652771316832 0.7932625038183913 -0.4299362301098202
0.8253770596067508 0.4723218847376898 -0.3225864193844377
0.7412161438577218 0.5957632763203337 -0.3225864193844377
0.6605820017305767 0.6201268812216559 -0.434875928033862
0.9251198447525637 0.207832133062282 -0.3295557870303274
0.881002878213605 0.3505713878185548 -0.3295222404311566
0.8090771203875865 0.3907799333078063 -0.4537326196961732
0.9447783476095301 -0.07810280652398524 -0.3299971327829618
0.9452418396633951 0.07129792532196028 -0.3301825893048013
0.8858188070558034 0.1307270635314563 -0.4614673834276447
0.8770603738422188 -0.3512932778606806 -0.3380068447993521
0.9214193940380776 -0.2086292282346541 -0.3381418139216033
0.8813213196968789 -0.1382966691094293 -0.4697348290519758
0.7383107726050613 -0.5976026385879909 -0.3253530386181463
0.8228259066017627 -0.4744035749810557 -0.3255247625398646
0.8026102112373263 -0.3936129109221764 -0.4651702038703054
0.5351530985475054 -0.7877809984189122 -0.3191024009382325
0.6517969379061264 -0.6944264802474104 -0.3189978675820526
0.6598553859706699 -0.6144611432675438 -0.4458765187714334
0.2768161147952907 -0.9097846404050234 -0.3225864193844274
0.4158901385428695 -0.8552021082703491 -0.3225864193844274
0.4531768689607488 -0.7806404498490165 -0.4433864053332831
0.003696887521977786 -0.9609608467412081 -0.2975801054627627
0.1526123209904799 -0.9489154752377881 -0.2972267329398065
0.2077576913277853 -0.8874747761120814 -0.4213288733602863
-0.2589572840905197 -0.9087076602738858 -0.3377864104510228
-0.1125961198907055 -0.9386906918448674 -0.33645115719677
-0.03431855300541119 -0.9052837610014263 -0.4351649466610259
-0.5340173705673986 -0.7806193644877706 -0.3354953686329336
-0.40445911184754 -0.8550198051817347 -0.3353567388378744
-0.2999353001821286 -0.8378271522567236 -0.4752591143096651
-0.7442044328298181 -0.5910123836049362 -0.3241634691414222
-0.6424107963456267 -0.7003690620181108 -0.3240680061637518
-0.5555111371719328 -0.7023921768265449 -0.4612121114468182
-0.8905365797754402 -0.3532969313153017 -0.3048563174689448
-0.8249109534512832 -0.4875137386986424 -0.3044993652893854
-0.746067215604357 -0.5173950909722373 -0.4302065479957659
-0.8697686204244732 -0.3034420589540843 -0.3970473623283832
0.7358891740702538 -0.1041769552650044 -0.8419336083543614
0.7009184490886049 -0.2596919625378843 -0.8312996032008753
0.7496728576907938 0.04150168327855806 -0.8229481505675666
0.7911623087869591 -0.03484834772248609 -0.7201764501222288
0.7455178607696115 0.1564912394387453 -0.7955867229846543
-0.4921935720887033 0.557670912156662 -0.8404782895340384
-0.3409184914676576 0.6671168744679072 -0.8270505512287365
-0.6016647768600988 0.4552677790712962 -0.813751649479477
-0.5673759121718387 0.5601683487742667 -0.7067237950403824
-0.636871521653859 0.3506227700980976 -0.8824782291452375
-0.7020750105383018 0.345569696690531 -0.7437156781075664
-0.3583405342702108 -0.6661518196041297 -0.8089583140783339
-0.5079422494257126 -0.5545700151455742 -0.8199181692506452
-0.5836538283720754 -0.5559372330631437 -0.6848728351551792
-0.6026706482699369 -0.4546159704993053 -0.812727512189994
-0.7029782206657655 -0.3440302447077793 -0.7433843185168871
-0.6369471441215608 -0.3498413906864593 -0.883253830604616
-0.1381476482627093 0.7351990238362258 -0.8298356065404029
0.01948240176839 0.7377339282358346 -0.8550221667169335
0.1819281232620588 0.7188128898786508 -0.8463046827192851
0.321182769971631 0.673769445045597 -0.8339821195864352
0.1193117236864699 0.7794043696583771 -0.7287908868355559
0.01691864194365066 -0.7366568905486401 -0.8578721291024467
-0.1405312509731096 -0.7331759849618438 -0.8336933909710253
0.3101844140314596 -0.6726597817685871 -0.8481672039621746
0.159243060578189 -0.7138044531042943 -0.87162102257589
0.09374843630663567 -0.7717907622817303 -0.7563408380496699
0.57785855027105 -0.624025601662178 -0.5737820319120579
0.6642521126834044 -0.5270906183667682 -0.5800716563191514
0.6608944367151123 -0.4620501583307448 -0.6840141907517492
0.7346130036142997 -0.4457364512778228 -0.5518361778646719
0.7903968308409965 -0.3233918141787619 -0.5650096374905433
0.7334880293272013 0.4353820967361461 -0.567568495641853
0.6395275985442103 0.4811036664475124 -0.6992871783271783
0.6478991691976164 0.5513664283518199 -0.5731210193096259
0.5526787088261715 0.6540418960693236 -0.5592866886775218
0.7899238697639507 0.3140258555607473 -0.5748647719740364
-0.2063907858196981 -0.8268864839485492 -0.5693627511234065
-0.1566056742987799 -0.7829835085811391 -0.7037715061700003
-0.0999580009642579 -0.8318136306927285 -0.6055049561961993
0.04112805098313951 -0.8123349635877301 -0.6665613950060628
-0.009603511101021141 -0.8655833826500163 -0.5359083606722657
-0.35299062493442 -0.7762192995582571 -0.5682184939904376
0.1067320447953722 -0.8765222947272825 -0.4925084052535693
-0.2454657360144006 -0.7214752496206736 -0.7947769760269789
-0.3745459039071549 -0.7163137715099317 -0.679186343653239
-0.1552188863546372 0.7883454025126432 -0.691298030530669
-0.207563437924851 0.8314527366788346 -0.5575769644892918
-0.09745404246639135 0.8339961093458214 -0.600823374515307
-0.02162150165431689 0.8701025807406483 -0.524072050903736
0.03170893259171038 0.8177548940345069 -0.6540764262754506
-0.350942534314539 0.7836337330952627 -0.5534293483035422
0.09362055392501124 0.8823516185709074 -0.4817388751097095
-0.3580693363373858 0.7204849345526426 -0.6886071515265508
-0.246733400047399 0.7257055769461254 -0.7837439577563323
0.4243675659798691 0.7389797643840198 -0.5695966883816048
0.2956483655464952 0.7976083850593229 -0.5734019362382217
0.1941265908078601 0.7986341243084057 -0.6452773943781722
0.2112935233068128 0.8520886023047816 -0.5052620612458041
0.4541311580230875 0.595855598580442 -0.8270361004429247
0.5635899523948582 0.4984629409921594 -0.8190113337944596
0.4174057296948563 0.6771119911707671 -0.7114260892392374
0.3701891990069505 -0.7793845629744213 -0.542918145873578
0.4895603273273421 -0.7121503451971296 -0.5395205563098309
0.2317007489640128 -0.8409364289099889 -0.5193187495957124
0.2739784926380278 -0.7851483498895432 -0.6210547359260539
0.609843330279523 -0.4408237200831843 -0.818786230125619
0.48701881559865 -0.5728530705125239 -0.8202593810203185
0.5022370994446506 -0.6336735676039081 -0.6785767786989152
0.3953971656219515 -0.6566195709104834 -0.7838055626376594
0.3230976776858047 -0.7297788482282831 -0.7047411248046038
-0.666434177770001 0.5355932681581622 -0.5625443539743354
-0.5553259621837624 0.6364377294680802 -0.5883656984372764
-0.4415883253618864 0.7176391961729525 -0.5934532627727013
-0.7458268747378434 0.4344938125249782 -0.542103744089354
-0.6674622840470037 -0.5349594520174678 -0.5615316288169114
-0.5711149645213565 -0.6334085458961486 -0.5678375285955229
-0.4615242570354027 -0.7121277674118643 -0.5784872776850256
-0.7478761178728131 -0.431260015472002 -0.5417253872748533
0.8470820601780705 0.05210438271946638 -0.5782924279985872
0.8355043696542055 -0.09364505738130927 -0.5981601088522168
0.8078461460281549 -0.2234361546977073 -0.6045598450465103
0.8275854499654552 0.1887302631791845 -0.5779184905584309
0.7509430454982058 -0.2803700514457911 -0.6960619655759126
0.6761860064504331 -0.3568059695924952 -0.7886228537121693
0.649984558238999 0.3830510703478363 -0.8138530537697861
0.7087692086944747 0.282067062321052 -0.7929151519271946
-0.7555103159460026 -0.3409365685970355 -0.6278127779632976
-0.8241386164984849 -0.3176713020726805 -0.4918906342690632
-0.7549738662106117 0.3457367470601937 -0.6240673226704175
-0.8237812451923139 0.3244589577017392 -0.4865621265163408
0.1831555787960084 -0.7872156405941455 -0.679396082169752
0.7647852961746358 0.2384448071813673 -0.6972636292489021
2 5 0 70
905
906
907
908
909
910
911
912
913
914
915
916
917
918
919
920
921
922
923
924
925
926
927
928
929
930
931
932
933
934
935
936
937
938
939
940
941
942
943
944
945
946
947
948
949
950
951
952
953
954
955
956
957
958
959
960
961
962
963
964
965
966
967
968
969
970
971
972
973
974
-0.2543128700203393 0.2008946876437929 -1.2
0.3237262453680874 -0.1726054290773199 -1.2
0.1833602130443515 0.2703412311558972 -1.2
-0.1183887268384225 -0.3121654173127515 -1.2
-0.3241595640656484 -0.07989815663227898 -1.2
-0.3286651885836716 -0.2911719491768722 -1.2
-0.0642734163185089 -0.02903018497100982 -1.2
-0.01401654799755853 0.1749155964834768 -1.2
0.09405743726749158 -0.2134248410518703 -1.2
0.1533023280122963 0.01081384132603341 -1.2
0.3791042360397759 0.08440387305818356 -1.2
-0.04756118815665297 0.3827628174815736 -1.2
0.05600717865512906 -0.4248501920357767 -1.2
-0.4274365123694784 0.09995760855944358 -1.2
0.2430638877839988 -0.3545288056075977 -1.2
-0.4793550638807023 0.189395755892852 -1.2
-0.5137182561847391 0.04997880427972179 -1.2
-0.4620797820328242 -0.03994907831613949 -1.2
-0.4277165897287868 -0.1793660299292707 -1.2
-0.3757980382175634 0.0100297259635823 -1.2
-0.2975758590295168 0.347342503589993 -1.2
-0.3927932427061327 0.2398642954350267 -1.2
-0.3408746911949089 0.1504261481016182 -1.2
-0.05994159815492437 0.4891940709702028 -1.2
-0.1942000180976736 0.4382765685088834 -1.2
-0.1509370290884962 0.2918287525626833 -1.2
0.08260087203443275 0.4718862815464118 -1.2
0.3162333309735047 0.3341074130501887 -1.2
0.198061572634935 0.4156754883835735 -1.2
0.06789951244384926 0.3265520243187354 -1.2
0.4808346632477029 0.1139966358153615 -1.2
0.4141053424712169 0.2411387340013318 -1.2
0.2812322245420637 0.1773725521070404 -1.2
0.4808346632477042 -0.02959276275717258 -1.2
0.3864163471353763 -0.2852395120108958 -1.2
0.45314566791186 -0.1580974138249243 -1.2
0.3514152407039317 -0.04410077800956819 -1.2
0.2279134100047631 -0.457769275609422 -1.2
0.346085168343332 -0.3762012002760347 -1.2
0.2833950665760431 -0.2635671173424588 -1.2
-0.008157414749029784 -0.5102377582473048 -1.2
0.1343850554403283 -0.4929299688235115 -1.2
0.1495355332195639 -0.3896894988216872 -1.2
-0.2296137874385563 -0.4029778684244737 -1.2
-0.09535536749580556 -0.4538953708857922 -1.2
-0.03119077409164672 -0.3685078046742641 -1.2
-0.4299694019877984 -0.2850029262015673 -1.2
-0.3347520183111808 -0.3924811343565341 -1.2
-0.223526957711047 -0.3016686832448118 -1.2
-0.32641237632466 -0.1855350529045756 -1.2
-0.1592931431694241 0.08593225133639153 -1.2
-0.1942164901920787 -0.0544641708016444 -1.2
-0.2892362170429938 0.06049826550575696 -1.2
-0.1341647090089489 0.1879051420636348 -1.2
-0.03914498215803372 0.0729427057562335 -1.2
-0.03078886807710575 0.2788392069825252 -1.2
0.1236798826398939 -0.1013054998629184 -1.2
0.2385142866901918 -0.08089579387564326 -1.2
0.2088918413177895 -0.1930151350645951 -1.2
0.1685606625257452 -0.283976823329734 -1.2
0.266203282026036 0.04760885719210849 -1.2
0.1683312705283239 0.1405775362409653 -1.2
0.06964289000736887 0.09286471890475512 -1.2
0.08467183252339648 0.222628413819687 -1.2
-0.2212741454520355 -0.1960317869725152 -1.2
-0.09133107157846571 -0.1705978011418806 -1.2
0.01489201047449133 -0.1212275130114401 -1.2
-0.01216564478546547 -0.2627951291823108 -1.2
0.07503230796131032 -0.3191375165438235 -1.2
0.04451445584689367 -0.009108171822488204 -1.2
2 6 0 178
975
976
977
978
979
980
981
982
983
984
985
986
987
988
989
990
991
992
993
994
995
996
997
998
999
1000
1001
1002
1003
1004
1005
1006
1007
1008
1009
1010
1011
1012
1013
1014
1015
1016
1017
1018
1019
1020
1021
1022
1023
1024
1025
1026
1027
1028
1029
1030
1031
1032
1033
1034
1035
1036
1037
1038
1039
1040
1041
1042
1043
1044
1045
1046
1047
1048
1049
1050
1051
1052
1053
1054
1055
1056
1057
1058
1059
1060
1061
1062
1063
1064
1065
1066
1067
1068
1069
1070
1071
1072
1073
1074
1075
1076
1077
1078
1079
1080
1081
1082
1083
1084
1085
1086
1087
1088
1089
1090
1091
1092
1093
1094
1095
1096
1097
1098
1099
1100
1101
1102
1103
1104
1105
1106
1107
1108
1109
1110
1111
1112
1113
1114
1115
1116
1117
1118
1119
1120
1121
1122
1123
1124
1125
1126
1127
1128
1129
1130
1131
1132
1133
1134
1135
1136
1137
1138
1139
1140
1141
1142
1143
1144
1145
1146
1147
1148
1149
1150
1151
1152
0.4587638284789466 0.5802686961123793 -0.2
-0.5356278435360243 -0.4969900095266468 -0.2
0.5705382385543123 -0.4125282706462845 -0.2
-0.5361656788629383 0.5357757463492888 -0.2
0.06312789024372857 -0.7403916724488593 -0.2
-0.7225209339563149 -0.1089025083973849 -0.2
0.7777807662692011 -0.0009543583087569621 -0.2
-0.179180335503925 0.7191097475477697 -0.2
-0.7225209339563144 -0.3479477433504718 -0.2
-0.4858420226973219 -0.2398921335577599 -0.2
-0.2607709148101581 -0.4051455579365388 -0.2
-0.2088228580314006 -0.1295535731656854 -0.2
0.02022202950273014 -0.3076456392457868 -0.2
0.08556647658803956 -0.03200256178481919 -0.2
-0.1501597337966613 0.1499514680608053 -0.2
0.1406320955679956 0.2517830444923078 -0.2
-0.4830348269997727 0.07078756968512692 -0.2
0.3438663173359049 0.0520283295827696 -0.2
0.3115912770917452 -0.2301275117800395 -0.2
0.2502163171837204 -0.5139835418650806 -0.2
-0.0735272974883109 0.4413178226907858 -0.2
0.2198441707041543 0.5164376493102328 -0.2
-0.366320786109014 0.3098981575022188 -0.2
-0.3331794086322826 -0.6568825807254359 -0.2
-0.7755929581135804 0.1258988642958818 -0.2
0.3974966022638953 0.328062882759269 -0.2
0.6430972092418941 0.4014955793186988 -0.2
0.0708899528814228 0.732145387746278 -0.2
0.5568781555518771 -0.1268127110767575 -0.2
0.4690045633452326 -0.6381392290666682 -0.2
-0.3988648831531801 0.6945032041739849 -0.2
0.7589993709005878 -0.2246442690651062 -0.2
0.582210968434181 0.1546889779203414 -0.2
0.2925630418505111 -0.7496653470505308 -0.2
0.2989776520620421 0.7367936920381294 -0.2
-0.05841585469438833 -0.5335388381511177 -0.2
-0.3108117962234737 0.5401209356528096 -0.2
-0.1554310125279962 -0.7929158476260786 -0.2
-0.6571543050312402 0.3167392617178404 -0.2
0.7785777276145647 0.2276312408448031 -0.2
-0.8877964790567903 0.06294943214794092 -0.2
-0.8655828819498605 0.210327019353393 -0.2
-0.8390468698712279 -0.2018288414041444 -0.2
-0.8612604669781574 -0.05445125419869244 -0.2
-0.7490569460349477 0.008498177949248481 -0.2
-0.8063635554086904 0.3057472180643723 -0.2
-0.7416965396736175 0.4400296598907312 -0.2
-0.7163736315724103 0.2213190630068611 -0.2
-0.6812022265894666 0.5495479022064553 -0.2
-0.579827740360836 0.6588036144086593 -0.2
-0.5966599919470892 0.4262575040335646 -0.2
-0.5111773425059569 0.7381673433210074 -0.2
-0.3821029537597876 0.8126884764090945 -0.2
-0.4675152810080592 0.6151394752616368 -0.2
-0.2722606799351601 0.824991748095987 -0.2
-0.1269552145451746 0.858156772364475 -0.2
-0.2890226093285526 0.7068064758608773 -0.2
-0.001920070352500677 0.8646745924637291 -0.2
0.1467054434188686 0.8535366499640509 -0.2
-0.05414519131125109 0.7256275676470239 -0.2
0.2607492930091782 0.8558608021099765 -0.2
0.399488826031021 0.801409547911284 -0.2
0.1849338024717324 0.7344695398922036 -0.2
0.4793819142394732 0.7231470499484089 -0.2
0.5959078501543863 0.6302207169416495 -0.2
0.3788707402704943 0.6585311940752543 -0.2
0.68807454053586 0.5408341585448093 -0.2
0.7720330385721565 0.4176896592181285 -0.2
0.5509305188604203 0.4908821377155391 -0.2
0.8397732977584919 0.3307574899811807 -0.2
0.8837042769198467 0.1883367535104887 -0.2
0.7108374684282294 0.314563410081751 -0.2
0.8833057962471649 0.07404395393370866 -0.2
0.8833057962471649 -0.0749983122424655 -0.2
0.7781792469418829 0.1133384412680231 -0.2
0.8739150985628582 -0.1868432676206401 -0.2
0.8299841194015034 -0.3292640040913321 -0.2
0.7683900685848944 -0.1127993136869316 -0.2
0.7357535532283657 -0.4232060048819213 -0.2
0.6517950551920696 -0.5463505042086017 -0.2
0.66476880472745 -0.3185862698556953 -0.2
0.6010282175875297 -0.6591559834187934 -0.2
0.4845022816726165 -0.7520823164255532 -0.2
0.5197714009497725 -0.5253337498564763 -0.2
0.3962815209252558 -0.8078453754174846 -0.2
0.2575419879034128 -0.8622966296161771 -0.2
0.3807838025978718 -0.6939022880585994 -0.2
0.1428244121000216 -0.8576597923153415 -0.2
-0.005801101671347453 -0.8687977348150198 -0.2
0.1778454660471198 -0.745028509749695 -0.2
-0.1150805530572099 -0.8950598224036295 -0.2
-0.2603860184471958 -0.8618947981351414 -0.2
-0.04615156114213383 -0.766653760037469 -0.2
-0.349260216499339 -0.7938781646848201 -0.2
-0.478334605245508 -0.7193570315967329 -0.2
-0.2443052105801394 -0.7248992141757573 -0.2
-0.5795588226973789 -0.6394107459973384 -0.2
-0.6809333089260095 -0.5301550337951348 -0.2
-0.4344036260841534 -0.5769362951260414 -0.2
-0.7743798541361544 -0.4556339007070472 -0.2
-0.8390468698712277 -0.3213514588806878 -0.2
-0.6290743887461694 -0.4224688764385593 -0.2
-0.7225209339563147 -0.2284251258739283 -0.2
0.3393039995915504 0.548353172711306 -0.2
0.3086703864840248 0.4222502660347509 -0.2
0.4281302153714209 0.4541657894358241 -0.2
0.2594109113830982 0.6266156706741811 -0.2
0.5202969057528947 0.3647792310389839 -0.2
-0.5107349331166731 -0.3684410715422033 -0.2
-0.6041814783268182 -0.2939199384541158 -0.2
-0.3981993791730912 -0.4510677837315928 -0.2
-0.37330646875374 -0.3225188457471493 -0.2
-0.2969751617212203 -0.5310140693309874 -0.2
0.4410647578230287 -0.321327891213162 -0.2
0.2809037971377328 -0.37205552682256 -0.2
0.4103772778690163 -0.4632559062556825 -0.2
0.5637081970530947 -0.269670490861521 -0.2
0.4342347163218112 -0.1784701114283985 -0.2
0.3596104402644765 -0.5760613854658744 -0.2
0.6579387632262325 -0.1757284900709318 -0.2
-0.4512432324859762 0.4228369519257538 -0.2
-0.3385662911662438 0.4250095465775142 -0.2
-0.423488737543206 0.5379483410010493 -0.2
-0.5117375455701271 0.3133187096100296 -0.2
-0.3548383396883269 0.6173120699133973 -0.2
0.1566721037137245 -0.62718760715697 -0.2
0.2713896795171158 -0.6318244444578056 -0.2
0.09590023124466607 -0.5237611900080992 -0.2
0.002356017774670115 -0.6369652552999885 -0.2
-0.1069234336111923 -0.6632273428885982 -0.2
-0.6041814783268185 -0.1743973209775724 -0.2
-0.4844384248485473 -0.08455228193631648 -0.2
-0.6027778804780438 -0.01905746935612898 -0.2
-0.6293138925566766 0.09834321699050438 -0.2
0.6673294609105391 -0.06388353469275723 -0.2
0.679995867351691 0.07686730980579219 -0.2
0.5695445619930291 0.01393813342179195 -0.2
0.6803943480243728 0.1911601093825722 -0.2
-0.126353816496118 0.5802137851192777 -0.2
-0.001318672303444055 0.5867316052185318 -0.2
-0.2449960658636993 0.6296153416002896 -0.2
-0.1921695468558923 0.4907193791717977 -0.2
-0.2347968864207793 -0.2673495655511121 -0.2
-0.3473324403643613 -0.1847228533617227 -0.2
-0.3459288425155866 -0.02938300174027926 -0.2
-0.120274442653714 -0.3563955985911628 -0.2
-0.09430041426433522 -0.2185996062057361 -0.2
-0.1595933847522732 -0.4693421980438283 -0.2
-0.0190969125958291 -0.4205922386984522 -0.2
-0.1957976316633354 -0.5952107094382768 -0.2
0.05289425304538485 -0.169824100515303 -0.2
-0.06162819072168052 -0.08077806747525232 -0.2
-0.03229662860431085 0.05897445313799307 -0.2
-0.1794912959140309 0.01019894744755995 -0.2
-0.316597280398217 0.1103695188729661 -0.2
0.1659066532972376 -0.2688865755129132 -0.2
0.1985788768398924 -0.1310650367824294 -0.2
0.1352191733432253 -0.4108145905554337 -0.2
0.1130992860780176 0.1098902413537443 -0.2
-0.004763819114332851 0.2008672562765565 -0.2
0.2147163969619723 0.0100128838989752 -0.2
0.2422492064519502 0.1519056870375387 -0.2
0.3277287972138251 -0.08904959109863497 -0.2
0.03355239903984233 0.3465504335915468 -0.2
-0.1118435156424861 0.2956346453757955 -0.2
-0.2582402599528376 0.2299248127815121 -0.2
-0.4246778065543934 0.1903428635936729 -0.2
-0.2199240417986625 0.3756079900965023 -0.2
0.3706814597999001 0.1900456061710193 -0.2
0.2690643489159454 0.2899229636257884 -0.2
0.1802381331360749 0.3841103469012703 -0.2
0.07315843660792171 0.4788777360005093 -0.2
-0.5700945660155065 0.1937634157014836 -0.2
0.450372236443891 -0.03739219074699394 -0.2
0.4630386428850429 0.1033586537515555 -0.2
0.4898537853490381 0.2413759303398052 -0.2
0.1453670617927885 0.6242915185282554 -0.2
0.6126540888380375 0.2780922786195201 -0.2
3 1 0 220
1153
1154
1155
1156
1157
1158
1159
1160
1161
1162
1163
1164
1165
1166
1167
1168
1169
1170
1171
1172
1173
1174
1175
1176
1177
1178
1179
1180
1181
1182
1183
1184
1185
1186
1187
1188
1189
1190
1191
1192
1193
1194
1195
1196
1197
1198
1199
1200
1201
1202
1203
1204
1205
1206
1207
1208
1209
1210
1211
1212
1213
1214
1215
1216
1217
1218
1219
1220
1221
1222
1223
1224
1225
1226
1227
1228
1229
1230
1231
1232
1233
1234
1235
1236
1237
1238
1239
1240
1241
1242
1243
1244
1245
1246
1247
1248
1249
1250
1251
1252
1253
1254
1255
1256
1257
1258
1259
1260
1261
1262
1263
1264
1265
1266
1267
1268
1269
1270
1271
1272
1273
1274
1275
1276
1277
1278
1279
1280
1281
1282
1283
1284
1285
1286
1287
1288
1289
1290
1291
1292
1293
1294
1295
1296
1297
1298
1299
1300
1301
1302
1303
1304
1305
1306
1307
1308
1309
1310
1311
1312
1313
1314
1315
1316
1317
1318
1319
1320
1321
1322
1323
1324
1325
1326
1327
1328
1329
1330
1331
1332
1333
1334
1335
1336
1337
1338
1339
1340
1341
1342
1343
1344
1345
1346
1347
1348
1349
1350
1351
1352
1353
1354
1355
1356
1357
1358
1359
1360
1361
1362
1363
1364
1365
1366
1367
1368
1369
1370
1371
1372
-0.7556344843549941 -0.2347528356960364 -0.1
-0.8722326552900614 -0.1918975509361052 -0.1
-0.877817242177497 -0.1173764178480182 -0.05000000000000002
-0.877817242177497 -0.1173764178480182 -0.15
-0.731760063212588 -0.1132151062995985 -0.1
-0.8539428210350909 0.004161311548419795 -0.15
-0.56367447002922 -0.5110241749523536 -0.1
-0.5153805885952537 -0.6112156221184903 -0.1
-0.6708096814556246 -0.5872678400910556 -0.04999999999999999
-0.6708096814556246 -0.5872678400910556 -0.15
-0.719103562889591 -0.487076392924919 -0.04999999999999999
-0.6242162302125402 -0.6456941799447046 -0.1
-0.6409057900510676 0.5672951437185787 -0.05
-0.6409057900510676 0.5672951437185787 -0.15
-0.4555728057861407 0.5712702293735347 -0.1
-0.5502785330092157 0.4450542640659608 -0.1
-0.7356115172741426 0.4410791784110048 -0.05
-0.7078856420701818 0.008322623096839466 -0.1
-0.8539428210350909 0.004161311548419795 -0.05000000000000002
0.7483565321712039 -0.07142914440146539 -0.1
0.8519646689786724 -0.1830921594061846 -0.1
0.8685936791981663 -0.1102357052888194 -0.05000000000000001
0.8685936791981663 -0.1102357052888194 -0.15
-0.8317292239281613 0.1515388987538718 -0.15
-0.8317292239281613 0.1515388987538718 -0.05000000000000001
-0.6764349511512362 0.1635804609276132 -0.1
-0.8002785330092157 0.3067967365846456 -0.05000000000000001
-0.6119683514631864 -0.410832727786217 -0.1
-0.719103562889591 -0.487076392924919 -0.15
-0.08080395516974562 0.8752055479549508 -0.15
-0.00607386158332128 0.8752055479549508 -0.1
-0.08080395516974562 0.8752055479549508 -0.05000000000000001
-0.08687781675306673 0.7532072987287215 -0.1
-0.2641792261903778 -0.8224888266307889 -0.1
-0.3355892713954184 -0.8004617448619791 -0.15
-0.3355892713954184 -0.8004617448619791 -0.05
-0.305837518424441 -0.6700497410797542 -0.1
-0.5076902942976271 -0.7386205129514644 -0.1
-0.569435195226994 -0.6965235522932598 -0.15
-0.569435195226994 -0.6965235522932598 -0.05
-0.5943123388079834 0.6257214835722271 -0.1
0.4326705121831973 -0.7494073100381475 -0.15
0.3653410243663953 -0.6327892162918559 -0.1
0.4326705121831973 -0.7494073100381475 -0.05
0.4944154131125643 -0.7073103493799429 -0.1
-0.06466701573507341 -0.8629213553548215 -0.05
-0.06466701573507341 -0.8629213553548215 -0.15
-0.05460393788372211 -0.7286389135284629 -0.1
0.01006307785135068 -0.8629213553548216 -0.1
0.3653410243663954 -0.78183148246803 -0.1
0.1950793501746775 0.8476977653340798 -0.04999999999999999
0.1211839299897323 0.8588357078337582 -0.1
0.1950793501746775 0.8476977653340798 -0.15
0.1676377663930404 0.7204676184863362 -0.1
0.5065679651582553 0.7375170198821368 -0.1
0.4448230642288886 0.7796139805403413 -0.05
0.4448230642288886 0.7796139805403413 -0.15
0.3896461284577771 0.6932025572962438 -0.1
-0.3326995351864994 0.83629574207933 -0.15
-0.3000580460066041 0.7417177355144557 -0.1
-0.3326995351864994 0.83629574207933 -0.05
-0.2612894899814592 0.8583228238481397 -0.1
0.7422802762796983 -0.4401755587369419 -0.1
0.7796453230729105 -0.3754573992639101 -0.15
0.8941759121735846 0.1381465377879552 -0.05000000000000001
0.8997604990610204 0.06362540469986798 -0.1
0.8941759121735846 0.1381465377879552 -0.15
0.7995209981220408 0.127250809399736 -0.1
0.787762762758795 0.3731851875845711 -0.05000000000000002
0.7503977159655828 0.437903347057603 -0.1
0.6745566576151708 0.312486636051584 -0.1
0.787762762758795 0.3731851875845711 -0.15
0.2664893953797178 0.8256706835652702 -0.1
0.6306811467069382 0.5963767667649682 -0.05
0.6772745979500224 0.5379504269113196 -0.1
0.6583217782434022 -0.3170310594102611 -0.1
0.7796453230729105 -0.3754573992639101 -0.04999999999999999
-0.8002785330092157 0.3067967365846456 -0.15
-0.6449842602322907 0.318838298758387 -0.1
-0.7564686096828028 -0.4223582334518875 -0.1
-0.539531303822437 0.6765508559207825 -0.05
-0.4777864028930703 0.7186478165789867 -0.1
-0.1385624359200184 -0.8517834128551433 -0.1
-0.7356115172741426 0.4410791784110048 -0.15
-0.8483582341476552 0.07868244463650687 -0.1
-0.8556036450705675 -0.2647540050534702 -0.15
-0.8556036450705675 -0.2647540050534702 -0.05
-0.8283016761287066 -0.3343182874067972 -0.1
0.8069472920147716 -0.3058931169105825 -0.1
-0.6838014179090903 -0.3227927817411267 -0.1
-0.3778154258963724 0.6564939824439953 -0.1
-0.400029023003302 0.8038715696494472 -0.1
-0.1610982451452827 0.6481825661162408 -0.1
-0.1125555571901923 0.5295965977982 -0.1
-0.2353186735374986 0.5431578335037602 -0.1
0.8775469019540907 0.2110029919053201 -0.1
0.7370388278686058 0.21986872272566 -0.1
0.5049993413668932 0.1590562933833533 -0.1
0.4390596974515788 0.06530180294705795 -0.1
0.5531793511223746 0.006686890501361849 -0.1
0.619118995037689 0.1004413809376572 -0.1
0.3774935764120861 0.812038152970224 -0.1
0.2786419474254087 0.70683508789129 -0.1
-0.07693936527702416 0.4114670367081358 -0.1
-0.1997024816243305 0.425028272413696 -0.1
0.01020755915711398 0.5160353620926398 -0.1
0.05955254585806802 0.3909205422868531 -0.1
-0.3199825196601204 0.4480886484299798 -0.1
-0.2843663277469523 0.3299590873399155 -0.1
-0.4046463657827422 0.3530194633561992 -0.1
0.1784479339461046 -0.7818314824680302 -0.1
0.06192199803119122 -0.7552351979982466 -0.1
0.126589013766264 -0.8895176398246052 -0.1
0.2718944791562499 -0.7073103493799431 -0.1
0.27189447915625 -0.8563526155561172 -0.1
-0.539531303822437 0.6765508559207825 -0.15
0.6306811467069382 0.5963767667649682 -0.15
0.5283104215840499 0.5125807957590173 -0.1
0.04037997481998683 0.7368374586075288 -0.1
-0.2779847513437957 0.2069783917509527 -0.1
-0.3982647893795856 0.2300387677672364 -0.1
0.1384294450957508 0.5048609453300796 -0.1
0.1877744317967048 0.3797461255242929 -0.1
-0.03833512879797638 0.6346213304106807 -0.1
0.8150647317006557 0.3036209052312441 -0.1
-0.02759437857607012 0.2863522169023491 -0.1
0.1088975325590221 0.2658057224810664 -0.1
0.6491902682844863 -0.603627940083429 -0.05
0.6491902682844863 -0.603627940083429 -0.15
0.6957837195275709 -0.5452016002297801 -0.1
0.5653286647391473 -0.5270831423959377 -0.1
0.2498886101275598 0.2417384641550579 -0.1
0.3287655093652425 0.3556788671982844 -0.1
0.6468378263264298 0.2064640084946206 -0.1
-0.3171442952898296 -0.2898097201943097 -0.1
-0.2717791749402313 -0.431507831630194 -0.1
-0.3893908037091081 -0.4065326287080195 -0.1
-0.1802207281540815 -0.6993443273041086 -0.1
0.5944092332989404 -0.6544573124319838 -0.1
-0.1934679313798354 0.7474625171215886 -0.1
-0.2676883597720514 0.642437784509108 -0.1
0.4589782750209135 0.6028916765276305 -0.1
0.7033391552073031 -0.1942301019058633 -0.1
0.2403516742103565 -0.581103051980983 -0.1
0.1469051290002112 -0.6556241850690702 -0.1
-0.1640862897111623 0.3068987113236318 -0.1
-0.1193830933735342 0.1768647525373604 -0.1
0.2666513310343876 0.4936865285675194 -0.1
0.200484433951209 -0.878379697324927 -0.05
0.200484433951209 -0.878379697324927 -0.15
0.3974808763092188 0.5031336621632683 -0.1
0.5759001117213918 0.6472061391135235 -0.1
-0.4106090535098473 -0.6406326815991223 -0.1
-0.3476141610667746 -0.5382911848938869 -0.1
-0.4523856961521809 -0.5088741254132549 -0.1
-0.1546993753546905 0.8640676054552725 -0.1
0.2343071344827646 -0.4349303917080143 -0.1
0.07213609213236652 -0.3867282520005876 -0.1
0.1153623240543177 -0.5294168876701101 -0.1
0.0889226627750772 0.618251490289488 -0.1
0.5327181726556341 0.2650789209403167 -0.1
0.6014335395996104 0.4125337159053006 -0.1
-0.2332815550061676 0.07694443296468131 -0.1
-0.1597888419532286 -0.06312800896475547 -0.1
-0.244897786870551 -0.1730868116806 -0.1
-0.31839049992349 -0.03301436975116319 -0.1
0.4653348445527713 -0.5799361793438969 -0.1
-0.5248153130075165 0.3359288810572931 -0.1
-0.4545799945520735 -0.03674109058866933 -0.1
-0.5172767761277179 -0.1805402533556122 -0.1
-0.6125812090989499 -0.0861088151293864 -0.1
-0.3810872814991345 -0.1768135325181061 -0.1
-0.01940261105851836 -0.4929499611112393 -0.1
-0.1541675461713545 -0.4564830345523685 -0.1
-0.1043857420275383 -0.5925609740404157 -0.1
0.03037919308529782 -0.6290279005992865 -0.1
0.6118252214912747 -0.4220571009030994 -0.1
0.7739387651466223 0.02791083249913529 -0.1
0.8741782660856019 -0.03571457220073269 -0.1
-0.07467989703590609 0.04683079375108904 -0.1
-0.1995326665209528 -0.3147849231164843 -0.1
-0.4029187592122208 -0.7680375724320962 -0.1
0.01710881776155799 0.1563182581160777 -0.1
-0.391883212976429 0.1070580721782736 -0.1
0.3908796876960974 0.2176712058290494 -0.1
0.4595950546400737 0.3651260007940333 -0.1
-0.453333789918413 -0.2935364410318159 -0.1
-0.06262884298046958 -0.3502613254417168 -0.1
0.1207535890768113 -0.1245541394066029 -0.1
0.2829246314272094 -0.1727562791140296 -0.1
0.02890986021041531 -0.2440396163310651 -0.1
0.1910809025608133 -0.2922417560384918 -0.1
-0.5498844275233055 0.05769034763755653 -0.1
-0.3454457396618197 0.5572140314386475 -0.1
-0.4301095857844415 0.462144846364867 -0.1
-0.636455630241356 -0.2076465445258243 -0.1
0.4872397072070602 -0.0870675999349335 -0.1
-0.1079939633300679 -0.2085632140058326 -0.1
-0.5184337366043599 0.2129481854683303 -0.1
0.3592964846388034 -0.4866165560188872 -0.1
0.3281487297460823 0.5934445429318815 -0.1
0.3499185125751337 -0.04606813120853712 -0.1
0.4202458260591357 -0.213755747840426 -0.1
0.1607474252511147 0.1303685299994628 -0.1
-0.2300025322978977 -0.5632663878160614 -0.1
0.217144548713714 0.6070770735269277 -0.1
0.2125973179432074 -0.005068662482140727 -0.1
0.3532519449112114 -0.3404438957459185 -0.1
0.4592903048251794 -0.4337635190709281 -0.1
0.7093199965798649 0.1138460951686966 -0.1
0.3017385028196524 0.1063012716734543 -0.1
0.5057868615773068 -0.3287374775780898 -0.1
0.5727807427252312 -0.2020493296725973 -0.1
-0.7729765640673549 0.3763610189379726 -0.1
-0.02288501841274539 -0.09860441128998805 -0.1
0.617798119689132 -0.07924837216819944 -0.1
-0.5006795775861472 -0.4086826782471183 -0.1
0.06895871045365062 0.02088106563447416 -0.1
0.6837377636044464 0.0145061182680959 -0.1
-0.5646225637954522 -0.2956864905709147 -0.1
3 10 0 376
1373
1374
1375
1376
1377
1378
1379
1380
1381
1382
1383
1384
1385
1386
1387
1388
1389
1390
1391
1392
1393
1394
1395
1396
1397
1398
1399
1400
1401
1402
1403
1404
1405
1406
1407
1408
1409
1410
1411
1412
1413
1414
1415
1416
1417
1418
1419
1420
1421
1422
1423
1424
1425
1426
1427
1428
1429
1430
1431
1432
1433
1434
1435
1436
1437
1438
1439
1440
1441
1442
1443
1444
1445
1446
1447
1448
1449
1450
1451
1452
1453
1454
1455
1456
1457
1458
1459
1460
1461
1462
1463
1464
1465
1466
1467
1468
1469
1470
1471
1472
1473
1474
1475
1476
1477
1478
1479
1480
1481
1482
1483
1484
1485
1486
1487
1488
1489
1490
1491
1492
1493
1494
1495
1496
1497
1498
1499
1500
1501
1502
1503
1504
1505
1506
1507
1508
1509
1510
1511
1512
1513
1514
1515
1516
1517
1518
1519
1520
1521
1522
1523
1524
1525
1526
1527
1528
1529
1530
1531
1532
1533
1534
1535
1536
1537
1538
1539
1540
1541
1542
1543
1544
1545
1546
1547
1548
1549
1550
1551
1552
1553
1554
1555
1556
1557
1558
1559
1560
1561
1562
1563
1564
1565
1566
1567
1568
1569
1570
1571
1572
1573
1574
1575
1576
1577
1578
1579
1580
1581
1582
1583
1584
1585
1586
1587
1588
1589
1590
1591
1592
1593
1594
1595
1596
1597
1598
1599
1600
1601
1602
1603
1604
1605
1606
1607
1608
1609
1610
1611
1612
1613
1614
1615
1616
1617
1618
1619
1620
1621
1622
1623
1624
1625
1626
1627
1628
1629
1630
1631
1632
1633
1634
1635
1636
1637
1638
1639
1640
1641
1642
1643
1644
1645
1646
1647
1648
1649
1650
1651
1652
1653
1654
1655
1656
1657
1658
1659
1660
1661
1662
1663
1664
1665
1666
1667
1668
1669
1670
1671
1672
1673
1674
1675
1676
1677
1678
1679
1680
1681
1682
1683
1684
1685
1686
1687
1688
1689
1690
1691
1692
1693
1694
1695
1696
1697
1698
1699
1700
1701
1702
1703
1704
1705
1706
1707
1708
1709
1710
1711
1712
1713
1714
1715
1716
1717
1718
1719
1720
1721
1722
1723
1724
1725
1726
1727
1728
1729
1730
1731
1732
1733
1734
1735
1736
1737
1738
1739
1740
1741
1742
1743
1744
1745
1746
1747
1748
0.1959875253809135 -0.120409511484725 -0.6995164988127675
-0.2923988975545739 0.06728221292030698 -0.7722745680097849
0.0699547379515431 0.2530690021218935 -0.8076843032934273
-0.1696276020224174 -0.3462718280302213 -0.6228406083408973
0.3947999472771321 0.1853596661662219 -0.5625169764906726
0.1264942672699162 -0.3283991346576342 -0.9159731595287772
-0.2303908989135456 0.3989273891009345 -0.5429240014175726
0.1596437324982053 -0.4473020318864822 -0.5930533411520243
-0.4673808950154493 -0.1564301242550359 -0.5502316830123838
0.4558671319904806 -0.2298291391456286 -0.5085095155362382
-0.08076994811589844 -0.02301209311001017 -0.5081470330309069
-0.2145380119193242 -0.2116328824105086 -0.9107332192761208
0.1351498103766334 0.3976054440776122 -0.5070074077090695
-0.489829299796731 0.1807856179308744 -0.5208374554087625
0.3524097651046069 0.105023889594483 -0.8756795281638728
0.05234677312882717 -0.05187800260583367 -0.9385621340171939
0.3709447411234592 -0.3427908842960473 -0.761314412979221
-0.2420456542362376 0.4368882893404429 -1.061208536425061
-0.261088668003355 0.3700820519786999 -0.8473458204299538
-0.2733558837874566 0.1340884502820499 -0.9861372840048925
-0.0921790660343981 0.2269818448828432 -1.003842151646714
-0.1112220798015154 0.1601756075211003 -0.7899794356516061
-0.07991185025029643 0.4629754465794932 -0.865050688071775
0.4267818878780394 0.3828141811393006 -0.3812584882453363
0.3961482747705137 0.2567112744627454 -0.3812584882453363
0.29695681942779 0.4889370700949958 -0.3535037038545348
0.2663232063202644 0.3628341634184406 -0.3535037038545348
0.2649748788268828 0.2914825551219171 -0.5347621920998711
-0.2151992584162877 -0.3757086929833801 -0.4114203041704486
-0.3526277227792208 -0.4216309187784341 -0.4114203041704486
-0.5015043692757368 -0.3267100668908414 -0.3751158415061919
-0.3185042485189333 -0.2513509761426286 -0.5865361456766405
-0.3640759049128037 -0.2807878410957874 -0.3751158415061919
-0.1386698133043945 0.5278223542593332 -1.061208536425061
0.01119677489744506 0.3179159098017336 -1.003842151646714
0.5716557899212785 0.418275462317855 -0.3216715422305015
0.6022894030288042 0.5443783689944102 -0.3216715422305015
0.570307462427897 0.3469238540213315 -0.5029300304758378
0.2699269213584092 -0.03419059095097772 -0.4497582494063838
0.1407770009844765 -0.07620603663477211 -0.4497582494063838
0.3693331323065185 0.1186939978744958 -0.3812584882453363
0.2401832119325858 0.07667855219070137 -0.3812584882453363
0.2953937363290228 0.03247507734074845 -0.63101673765172
0.7394221615147165 0.073931975233047 -0.3291758378509992
0.4885054578556566 0.1700243220432817 -0.3812584882453363
0.6457166509361921 0.08926731935598728 -0.5104343260963355
0.6762502432928663 -0.118327083299938 -0.4834305956191184
0.4253335396338064 -0.02223473648970332 -0.5355132460134554
0.5190390502123308 -0.03757008061264361 -0.3542547577681191
-0.5077292290441562 -0.5718306218128428 -0.4434425130730233
-0.3703007646812231 -0.5259083960177888 -0.4434425130730233
-0.3247291082873527 -0.4964715310646301 -0.654862817243472
-0.2613948982340598 0.2331048010106208 -0.6575992847136787
-0.2300846686828408 0.5359046400690137 -0.7326705371338476
-0.08021808048100126 0.325998195611414 -0.6753041523554999
0.7267557550735646 -0.06681886926550243 -0.3291758378509992
0.5063726437711789 -0.178320925111193 -0.3542547577681191
-0.445876743537704 0.203629796034604 -1.112484128835032
-0.5324385647122736 0.1531612564924293 -1.112484128835032
-0.3599177049620261 0.08361991073987528 -0.9861372840048925
-0.4649197573048213 0.136823558672861 -0.8986214128399247
0.4688059006151716 0.3867507408860157 -0.630824594833161
0.5007878412160788 0.5842052558590944 -0.4495661065878247
0.3389808321649222 0.4928736298417109 -0.6030698104423595
-0.3925012876144294 0.3287534435890757 -1.07488727156698
-0.4115443013815467 0.2619472062273327 -0.8610245555718726
0.3998667246631927 -0.08890040478142949 -0.3542547577681191
0.325927328685697 -0.1751193253151768 -0.6040130071745029
0.002398264236070563 -0.02750732744741468 -0.3540735165154535
0.05760878863250751 -0.07171080229736761 -0.6038317659218372
0.1570149995806168 0.08117378652810588 -0.5353320047607897
0.2323773426143376 0.2192143341440577 -0.6851006398920499
0.3781398655098805 0.3918596035822103 -0.7574183870628165
0.2157172608470861 0.4257142715600461 -0.8800020504641939
0.1025522741640883 0.3253372230997529 -0.6573458555012484
0.2483147970596312 0.4979824925379054 -0.7296636026720149
0.1081047774418218 -0.2140275753652559 -0.4497582494063838
0.2537894012363293 -0.1752685116323823 -0.4497582494063838
0.08993288100046773 -0.3774738355661345 -0.3965266705760122
0.2356175047949752 -0.3387147718332609 -0.3965266705760122
0.1778156289395594 -0.2838557716856036 -0.6462849199823959
-0.4887030656863598 -0.6361765012030535 -0.3345153615391847
-0.3512746013234266 -0.5902542754079995 -0.3345153615391847
-0.03027395930658415 -0.1653288661778985 -0.3540735165154535
0.3569447744236179 0.3516917152963409 -0.9139996628994167
0.211182251528075 0.1790464458581883 -0.8416819157286501
0.3736048561908695 0.1451917778803525 -0.7190982523272726
0.3380680052363472 -0.03379076974141845 -1.037839764081937
0.2394520161872616 -0.1116876225315756 -0.895826343846325
0.2251102563190018 -0.2505022818674771 -1.057986579764389
0.3473354932457733 -0.2576981566866836 -0.9806572064896106
0.2487195041966877 -0.3355950094768407 -0.838643786253999
0.3616772531140331 -0.1188834973507821 -0.8184969705715469
0.03943689219115344 -0.2351570624982462 -0.5506001870914656
-0.1095275555710573 -0.5647527693351704 -0.6804305901723323
-0.1599366313524567 -0.612322309674814 -0.5475079148556474
-0.2155311459226233 -0.5586300296196967 -0.6437859843308892
0.5942174408090968 0.1480769123945897 -0.629594439499833
0.624751033165771 -0.05951749026133559 -0.6025907090226158
-0.5340603751288999 -0.05239463770488778 -1.109243663444147
-0.5637182561847389 0.04997880427972171 -1.075000000000001
-0.4961994487772867 0.03364110646015341 -0.8611372840048931
-0.1140217283584029 -0.4399053330906695 -0.4114203041704486
-0.1043307576884422 -0.7059558147352623 -0.3360876106851988
0.004699035907854629 -0.6628374116029445 -0.5326142812612109
0.05061393890190849 -0.4904204350187999 -0.3965266705760122
-0.004991934762106021 -0.3967869299583517 -0.6079469747464608
0.03853337907510949 -0.5558164226488768 -0.8269968657662723
-0.02156666737625058 -0.3373354813439278 -0.7694068839348372
0.05510811168925406 -0.6152678712633008 -0.6655369565778959
0.1430689998840607 -0.3878505832720582 -0.7545132503404008
0.8372070604322266 -0.003889692881502166 -0.3291758378509992
-0.3057029449295563 -0.5608174104548407 -0.5459356657096333
0.1847790775269575 -0.341463970132616 -1.057986579764389
0.307004314453729 -0.3486598449518225 -0.9806572064896106
0.2677160214225638 0.2185713553292649 -0.3812584882453363
0.02993107372604856 0.1143854756911488 -0.3540735165154535
-0.02201526256364579 0.558357595812691 -0.3535037038545348
0.03081125644416127 0.419461633384199 -0.3535037038545348
0.1030198816290281 0.5648754159119451 -0.3535037038545348
0.6106769636819989 -0.2046489874906295 -0.6214501795588582
0.5801433713253247 0.002945415165295784 -0.6484539100360753
0.5589482802390621 -0.03722247312057367 -0.8050351858726754
0.4041384485475438 -0.06240262477557278 -0.6920945218500556
-0.5970144859080546 -0.556350792166429 -0.3232008906095207
0.02796909497699229 0.2139922993026852 -1.003842151646714
-0.1532077227760662 0.1210989047018919 -0.9861372840048925
0.01916511256563432 0.06151879693882158 -1.069281067008597
-0.1200260622128734 0.007702105157236655 -0.8554183510134894
0.06115075554018513 0.1005954997580299 -0.8731232186553106
0.1378909529723145 0.32469424428496 -0.3535037038545348
0.0271899311303675 0.187296675483801 -0.5075772203699882
0.004052770215746841 -0.3202822759851929 -1.057986579764389
0.09125072296252262 -0.3766246633467054 -1.057986579764389
0.02708612955836379 -0.4620122295582335 -1.057986579764389
0.1880365092484573 -0.1122417158415768 -1.069281067008597
0.2023782691167171 0.02657294349432468 -0.9071208310905334
0.08942052019937169 -0.190138568631734 -0.9272676467729856
0.3837292045411129 -0.2299783254628341 -0.3542547577681191
0.3077554322443429 -0.3385655855160554 -0.5507814283441312
0.1048181683464327 -0.5065678404229572 -0.9457794361916916
0.1213929009605772 -0.5660192890373812 -0.7843195270033152
-0.3805403020610325 0.4277697943176464 -0.7463492722757665
-0.1009830484457561 0.0745083425189796 -1.069281067008597
0.2741986452427602 -0.007692810945121004 -0.7875980134883201
0.1612408963254148 -0.2244043230711796 -0.8077448291707723
0.2834661332521863 -0.2316001978903862 -0.7304154558959942
0.5730223497228342 0.1079090241087202 -0.786175715336433
0.09719291176544595 -0.7867100866513705 -0.3958674120650763
0.03642103929638749 -0.6832836695024997 -0.3958674120650763
0.111385811370967 -0.5938468521676707 -0.3965266705760122
0.1454508328926843 -0.640165266370182 -0.5923940826410884
-0.5461994487772867 0.03364110646015339 -0.7361372840048933
-0.5836904475077245 -0.07821506212751805 -0.7501158415061926
-0.6336904475077243 -0.07821506212751807 -0.6251158415061928
-0.3798898962850116 -0.04457395566736448 -0.6612531255110843
0.04542067520616663 0.5916844349084178 -0.6197390908326301
-0.007591634145043893 0.6387765882045056 -0.487632375183117
0.1213237805903762 0.6207285036406511 -0.5401648973489543
0.7195444939493676 0.2101465522057473 -0.3286270327667059
0.6258389833708432 0.2254818963286876 -0.5098855210120422
0.1329711316662283 0.06632974531858425 -0.7536004010530974
-0.00540760508217767 0.1150284545059417 -0.6579156681621672
-0.3874788482344889 -0.716122786802448 -0.3345153615391847
0.4134059365569699 -0.2863100117208379 -0.6349119642577297
0.4748515468190123 -0.2543386013458419 -1.061891712340329
0.489193306687272 -0.1155239420099404 -0.8997314764222648
0.4984607946966982 -0.3394313289552056 -0.8425489188299389
0.5682157682484882 -0.2611298600658388 -0.7478526282803495
-0.482421900976985 -0.142322520300749 -1.109243663444147
-0.5628910116477671 -0.3860708495306235 -0.4983167321157126
-0.5700900584264923 -0.3038262786624453 -0.6124920242230039
-0.4736057547838687 -0.4015506791770375 -0.6185583545792153
0.5182935666480833 -0.6718332307949744 -0.318133006969192
0.4088994435673273 -0.6097553871941805 -0.318133006969192
0.3530417245871005 -0.3719063405053545 -0.3542547577681191
0.5117248509707073 -0.4676781858344545 -0.4723877647373111
0.4624358476678566 -0.4339841841061484 -0.3542547577681191
-0.4766114588563856 -0.1981611289063979 -0.3751158415061919
-0.005963321594840865 -0.04045409378842174 -1.069281067008597
-0.5068135611978442 -0.08185895862898974 -0.7894892398760877
-0.4665415677214477 -0.06873233552445608 -0.8953809474490393
0.3636131512245697 -0.5764146322048813 -0.5146596775452041
0.2049300248409629 -0.4806427868757814 -0.3965266705760122
0.7499876143532241 0.333549852904926 -0.3286270327667059
0.5189485782595131 0.2934276227424604 -0.3812584882453363
0.4867554009740039 0.2945701337392472 -0.749193238293912
0.4655603098877413 0.2544022454533778 -0.9057745141305122
0.5690604042526233 -0.5590277515847825 -0.318133006969192
0.5132026852723964 -0.3211787048959566 -0.3542547577681191
0.1241671492548703 -0.08614375704527935 -0.8190393164149807
-0.1373496794389229 0.5923454074200789 -0.6376973876868817
0.01282313899362147 0.5194162139305585 -0.7700775386248091
-0.04762054426845611 0.3982664165892734 -0.524965704563321
0.284278132389145 -0.5811280843522602 -0.6169872735571492
0.4323898321352826 -0.4723916379818333 -0.5747153607492561
-0.3082792308101112 -0.006307971855986 -0.9861372840048925
-0.2693487879924863 -0.1457655195213938 -1.055366609638061
-0.4276111249038229 -0.2081898831898639 -0.9646102730822073
-0.2534684547369491 -0.07217533474510081 -0.8415038936429529
0.6944560934102779 0.4549918105975699 -0.3216715422305015
-0.5068519484574172 0.1499711197382678 -0.7887629601668549
-0.8112604669781573 -0.05445125419869255 -0.3250000000000003
-0.5949509144858821 -0.1326663163262104 -0.3751158415061919
-0.6836904475077246 -0.07821506212751808 -0.5001158415061923
-0.6949146498983654 0.09039280896543707 -0.4854187277043815
-0.4786050974060901 0.01217774683791921 -0.5355345692105731
-0.6061751168765229 0.03594155476674474 -0.3604187277043812
-0.04355888521938375 -0.8093822318841331 -0.3360876106851988
0.07654840368724113 0.4689027741550872 -0.8916350080740174
0.1091459398997863 0.5411709951329465 -0.7412965602818384
-0.1903619887901334 0.6394375607161666 -0.5055906720373685
-0.6449146498983652 0.09039280896543708 -0.6104187277043821
-0.3911140986756525 0.1240339154255907 -0.6465560117092737
0.1964538149551711 -0.7903283726987643 -0.3216715422304908
0.2447117360824095 -0.6437835524175758 -0.5181982128065029
0.4100255950130622 -0.3703322396202595 -0.9806572064896106
-0.5943045599282819 -0.1937151272166612 -0.6784677973773872
0.1266574754979473 0.2617051166388954 -1.003842151646714
0.2724199983934902 0.4343503860770479 -1.07615989881748
0.2678849890744792 0.1876825603751901 -1.037839764081937
0.1774969905403939 0.4570215466939225 -0.3535037038545348
-0.07470278625984361 -0.326958733638004 -0.4114203041704486
-0.1251987750691579 -0.1846419605701157 -0.5654938206859021
0.5264906124403591 0.03847429305825213 -0.9114225252996848
0.06957462403903909 -0.5547933691120284 -1.087792856427303
0.5102549063053109 0.6496322237094336 -0.309472818519843
0.3484478972541543 0.5583005976920501 -0.4629765223743778
0.4674874277801198 -0.01928275448902285 -1.037839764081937
-0.83779647905679 0.06294943214794081 -0.3250000000000003
-0.6327111289551557 0.1533422411133781 -0.3604187277043812
-0.009275243269205369 -0.1660211969476168 -0.8051248590444442
-0.1476539800176113 -0.1173224877602594 -0.7094401261535139
-0.01421158749353563 -0.03744504785792192 -0.7233545835240505
-0.08109561939524851 -0.1317554425081711 -0.9246476766466574
-0.1783361569365414 0.01912601397464858 -0.9861372840048925
-0.05150113137887498 -0.5001803307424538 -0.9203977190450272
-0.1995620660250418 -0.5091166774287474 -0.7738314434510872
-0.1920828069708708 -0.2789523552203649 -0.7667869138085091
-0.2220172709734952 -0.441797204618891 -0.917777748918699
-0.044021872324704 -0.2700160085340714 -0.913353189402449
-0.2973070492275559 -0.713935405967304 -0.4323656801604405
-0.2417125346573893 -0.7676276860224214 -0.3360876106851988
-0.6055671495784958 0.2067228222435515 -0.6630444038663437
-0.7717440344739883 -0.1658834672728987 -0.3866506415612986
-0.7717440344739881 -0.2854060847494422 -0.3866506415612986
-0.6441740150035555 -0.1896472752017242 -0.5617664830674904
-0.5949509144858819 -0.2521889338027539 -0.3751158415061919
-0.1739426284330443 -0.4920634720700125 -1.062411139280639
-0.1664633693788733 -0.26189914986163 -1.055366609638061
0.1918331404449852 0.7915717334297091 -0.3166788559057079
0.08919385184277087 0.787998475474984 -0.3866611934944195
0.2239630691925905 0.6243017615953762 -0.4701825597602426
0.289998028425167 -0.6771243074068749 -0.3216715422304908
0.3111713907585624 -0.7949652099996001 -0.3216715422304908
0.5206307234807731 -0.3846969846700188 -0.6090971776087282
-0.6438622282232151 -0.283111495473047 -0.4788626024348818
-0.3732663944698892 0.6616656249976198 -0.3296825366316013
-0.3074506641101149 0.7511600309450999 -0.3296825366316013
-0.2047856172087353 0.559018568324352 -0.3714620007087863
-0.3330559458149252 0.5910688517216822 -0.5011445373403876
-0.2706013475685096 0.4695241623768721 -0.3714620007087863
0.01317996167924805 -0.2333406697574731 -0.6611785535768324
0.1413588350885308 0.4070393738665717 -1.003842151646714
-0.4990353001114703 -0.3065211618949134 -0.7500031130737936
-0.3501586536149543 -0.4014420137825061 -0.7863075757380504
-0.3726138585634077 -0.3341225409726497 -0.9302538812056622
-0.3409594534673868 -0.1840315033327723 -0.7304824511442523
-0.7714322476936477 -0.378870305020765 -0.3037467609286899
-0.5102595025026252 0.3186989087326164 -0.7353059992713614
-0.3601100993551383 0.2898565035159044 -0.5318807284131675
0.3725190237346355 -0.4934334310404456 -0.6513690904166212
0.3295644247319025 -0.6144688393415593 -0.4204606029811371
-0.2819023875578356 0.02388773828755838 -0.3540735165154535
-0.2740754215656739 -0.08972110868252306 -0.5291893580216454
-0.475207861007611 -0.04282127728495451 -0.3751158415061919
-0.4864320633982518 0.1257865938080006 -0.3604187277043812
-0.2852996239563147 0.07888676241043209 -0.5144922442198347
0.4007581070036325 0.2514487422694816 -1.037839764081937
0.5565839188545745 0.2729889211195293 -0.6265058018547331
-0.2470394656553665 0.5887278417807765 -0.5939972174731425
0.2663102493563509 0.6837178642116866 -0.3166788559057079
-0.4846747132359965 -0.2479594165730457 -1.109243663444147
-0.2716016002514979 -0.2514024157936904 -1.055366609638061
-0.383278288888242 0.4673515677251117 -0.3714620007087863
-0.2983558425112798 0.3544127733015767 -0.3714620007087863
-0.5129974893298347 0.3582806821400816 -0.3604187277043812
-0.4280750429528725 0.2453418877165466 -0.3604187277043812
-0.5972834035717148 0.5757436605776873 -0.3232008906092567
-0.4846064622519825 0.5779162552294477 -0.3232008906092567
-0.4443960135970185 0.5073194819535101 -0.494662891318043
-0.1394057141189166 -0.1203315336907592 -1.055366609638061
0.3907950774179147 0.6177167003083603 -0.309472818519843
0.1178534930865893 0.1092316142750318 -1.069281067008597
0.1028245505705617 -0.02053208063990013 -1.069281067008597
0.2652942368108323 -0.3950464580912647 -0.6771838770656227
0.4781695280472624 -0.4411778572452281 -0.7354996263302196
-0.2214341839505561 0.7488190210041941 -0.4225352167643562
0.8173293928668777 0.1323248840911981 -0.3286270327667059
0.8177278735395594 0.2466176836679782 -0.3286270327667059
0.254088025877561 -0.4631759919818035 -0.9212539937701822
0.3123728361346022 -0.4762408274567852 -1.063267414005794
0.3763132628043324 -0.47037186680101 -0.8439246204954041
-0.5741152140386112 0.39824859636848 -0.4836196183136379
-0.4678831183802193 -0.2213165062943975 -0.8587185655092556
0.01779044063314309 0.5337496818349272 -1.087792856427304
-0.1154648409562798 0.06346968747539758 -0.3540735165154535
-0.155580423514722 0.1879576479954622 -0.5255355172242397
-0.1902753163551034 0.2744394285808699 -0.3714620007087863
-0.007504961710013913 0.2737784560692088 -0.3535037038545348
-0.3381018765234249 -0.1429918487103607 -0.3751158415061919
-0.1447964030736495 -0.07628283313784781 -0.3540735165154535
-0.4506322811469325 0.4257571552608528 -0.6098834125153895
-0.5803514815885252 0.3166862696758227 -0.5988401395109844
-0.189225230026909 -0.2379127005979534 -0.4114203041704486
0.07261519799025536 -0.8297782724853395 -0.2964694924884469
0.8278163627479199 -0.1157346482596768 -0.3291758378509992
-0.1865844228352362 0.0221350599051484 -0.640210800520346
0.2528560465584516 0.05791886546025822 -1.037839764081937
0.1742364685644366 0.4986408736827406 -0.7605639637632943
0.2068340047769818 0.5709090946605999 -0.6102255159711154
-0.1528383366052462 -0.8356443194727428 -0.3360876106851988
0.3058769900352949 0.7938958855756348 -0.3166788559057079
-0.7990453086450611 0.1785971738564446 -0.3819995318353104
-0.6561634794866363 0.2060405506739408 -0.5424182595396916
-0.1647567070853231 0.7995287399395843 -0.3341286713285823
0.5444430871346801 0.1934261144658727 -0.7278319007549244
0.5232479960484175 0.1532582261800032 -0.8844131765915246
0.3993921515059231 -0.7392021510076687 -0.3216715422304908
-0.8418728258873611 0.1609779221237908 -0.2886567217281795
-0.3199945167966961 0.1653685429958399 -0.3604187277043812
0.598105900721477 -0.3711256498292249 -0.4787779836773843
0.6554414540033928 -0.4624752155795529 -0.3245232259092652
-0.1519590982009283 0.4201226058958601 -0.3714620007087863
0.180323803745655 -0.5329670747557932 -0.84072103576253
0.1968985363597995 -0.5924185233702173 -0.6792611265741535
0.3899286367017719 -0.5288725105570427 -0.7011178094707475
-0.5734918024139856 0.2487624398243574 -0.3604187277043812
0.1102758522687039 -0.2709119878547522 -1.057986579764389
0.07320210519815937 -0.132651421828852 -1.069281067008597
-0.4296774468955814 -0.3738920743558315 -1.074887271567602
0.3657570005721914 0.09471388132633329 -1.037839764081937
-0.8148231054127515 -0.1508916872125198 -0.2907442470930844
-0.2310132497884956 -0.1394948075549571 -0.6975575881753411
-0.3385060982225441 0.5248197607131684 -0.63491430913143
-0.4172929379347424 0.7388567592582075 -0.3296825366316013
-0.2776884299790072 -0.3527116009733523 -1.055366609638061
-0.7398259821038908 0.2740173725674239 -0.3819995318353104
-0.7826534993461911 0.25639812083477 -0.2886567217281795
-0.03302097685479767 -0.1820217099592926 -1.069281067008597
0.6525554285635844 -0.2484833017347999 -0.4914196049310907
0.804121548018638 -0.2458908666945387 -0.3371648471629716
0.7098909818455003 -0.3398328674851279 -0.3371648471629716
0.6074332514455342 -0.2272367041053674 -0.3542547577681191
0.07530027290738876 0.8263441338293316 -0.295015576144548
0.1696285997477218 -0.4447044401344403 -1.057986579764389
-0.6540702419541694 0.2978740108861278 -0.4635295992873462
0.5398378479079435 0.0281642847901024 -1.073582761217748
0.5911181438104383 -0.3036777902177071 -0.5809800175619636
-0.737732744571424 0.3658508327796108 -0.3031108715829649
0.3025490406724265 -0.5401629495749998 -0.7633916624877519
0.1873327737936466 -0.8344151097861752 -0.2964694924884469
0.5486569483769275 -0.3601586627929165 -0.7073824662834549
0.7496720201765306 -0.3685332147889637 -0.3245232259092652
0.4674874277801184 0.1243066440835113 -1.037839764081937
-0.04973487128528514 0.8198263137300774 -0.295015576144548
-0.6904610311181997 -0.4818296590783415 -0.3232008906095207
-0.03666425339560703 -0.8560403600739491 -0.2964694924884469
0.1893441224976984 0.8286682859752572 -0.295015576144548
-0.677238431487273 0.475369075095335 -0.3031108715829649
-0.5286330057168358 0.6551073894900353 -0.3232008906092567
0.4303618180968586 0.7278947216723086 -0.309472818519843
-0.2611028023164936 -0.5880668945728554 -0.4323656801604405
-0.2055082877463271 -0.6417591746279728 -0.3360876106851988
-0.8148231054127513 -0.2704143046890632 -0.2907442470930844
-0.03584129234990303 0.7814806553757299 -0.3866611934944195
$EndNodes
$Elements
6 8288 1 8288
2 1 2 388
1 6 200 5 
2 200 201 5 
3 200 199 201 
4 5 201 1 
5 1 202 45 
6 202 203 45 
7 202 184 203 
8 45 203 44 
9 1 201 202 
10 201 204 202 
11 201 199 204 
12 202 204 184 
13 8 205 7 
14 205 206 7 
15 205 164 206 
16 7 206 6 
17 164 207 206 
18 207 200 206 
19 207 199 200 
20 206 200 6 
21 10 208 9 
22 208 209 9 
23 208 187 209 
24 9 209 8 
25 8 209 205 
26 209 210 205 
27 209 187 210 
28 205 210 164 
29 12 211 11 
30 211 212 11 
31 211 193 212 
32 11 212 10 
33 10 212 208 
34 212 213 208 
35 212 193 213 
36 208 213 187 
37 14 214 13 
38 214 215 13 
39 214 165 215 
40 13 215 12 
41 165 216 215 
42 216 211 215 
43 216 193 211 
44 215 211 12 
45 16 217 15 
46 217 218 15 
47 217 186 218 
48 15 218 14 
49 14 218 214 
50 218 219 214 
51 218 186 219 
52 214 219 165 
53 18 220 17 
54 220 221 17 
55 220 198 221 
56 17 221 16 
57 16 221 217 
58 221 222 217 
59 221 198 222 
60 217 222 186 
61 20 223 19 
62 223 224 19 
63 223 162 224 
64 19 224 18 
65 162 225 224 
66 225 220 224 
67 225 198 220 
68 224 220 18 
69 22 226 21 
70 226 227 21 
71 226 189 227 
72 21 227 20 
73 20 227 223 
74 227 228 223 
75 227 189 228 
76 223 228 162 
77 24 229 23 
78 229 226 23 
79 229 189 226 
80 23 226 22 
81 26 230 25 
82 230 231 25 
83 230 167 231 
84 25 231 24 
85 167 232 231 
86 232 229 231 
87 232 189 229 
88 231 229 24 
89 28 233 27 
90 233 234 27 
91 233 190 234 
92 27 234 26 
93 26 234 230 
94 234 235 230 
95 234 190 235 
96 230 235 167 
97 30 236 29 
98 236 237 29 
99 236 163 237 
100 29 237 28 
101 163 238 237 
102 238 233 237 
103 238 190 233 
104 237 233 28 
105 32 239 31 
106 239 240 31 
107 239 197 240 
108 31 240 30 
109 30 240 236 
110 240 241 236 
111 240 197 241 
112 236 241 163 
113 34 242 33 
114 242 243 33 
115 242 183 243 
116 33 243 32 
117 183 244 243 
118 244 239 243 
119 244 197 239 
120 243 239 32 
121 36 245 35 
122 245 246 35 
123 245 166 246 
124 35 246 34 
125 166 247 246 
126 247 242 246 
127 247 183 242 
128 246 242 34 
129 38 248 37 
130 248 249 37 
131 248 169 249 
132 37 249 36 
133 36 249 245 
134 249 250 245 
135 249 169 250 
136 245 250 166 
137 40 251 39 
138 251 252 39 
139 251 161 252 
140 39 252 38 
141 161 253 252 
142 253 248 252 
143 253 169 248 
144 252 248 38 
145 42 254 41 
146 254 255 41 
147 254 191 255 
148 41 255 40 
149 40 255 251 
150 255 256 251 
151 255 191 256 
152 251 256 161 
153 44 257 43 
154 257 258 43 
155 257 168 258 
156 43 258 42 
157 168 259 258 
158 259 254 258 
159 259 191 254 
160 258 254 42 
161 44 203 257 
162 203 260 257 
163 203 184 260 
164 257 260 168 
165 161 261 253 
166 261 262 253 
167 261 170 262 
168 253 262 169 
169 161 263 261 
170 263 264 261 
171 263 178 264 
172 261 264 170 
173 161 256 263 
174 256 265 263 
175 256 191 265 
176 263 265 178 
177 189 266 228 
178 266 267 228 
179 266 195 267 
180 228 267 162 
181 162 267 269 
182 267 268 269 
183 267 195 268 
184 269 268 192 
185 192 270 269 
186 270 225 269 
187 270 198 225 
188 269 225 162 
189 188 271 272 
190 271 238 272 
191 271 190 238 
192 272 238 163 
193 163 273 272 
194 273 274 272 
195 273 194 274 
196 272 274 188 
197 163 241 273 
198 241 275 273 
199 241 197 275 
200 273 275 194 
201 164 210 277 
202 210 276 277 
203 210 187 276 
204 277 276 181 
205 181 278 277 
206 278 279 277 
207 278 196 279 
208 277 279 164 
209 196 280 279 
210 280 207 279 
211 280 199 207 
212 279 207 164 
213 165 281 283 
214 281 282 283 
215 281 185 282 
216 283 282 182 
217 182 284 283 
218 284 216 283 
219 284 193 216 
220 283 216 165 
221 165 219 281 
222 219 285 281 
223 219 186 285 
224 281 285 185 
225 169 262 250 
226 262 286 250 
227 262 170 286 
228 250 286 166 
229 170 287 286 
230 287 288 286 
231 287 171 288 
232 286 288 166 
233 171 289 288 
234 289 247 288 
235 289 183 247 
236 288 247 166 
237 167 290 292 
238 290 291 292 
239 290 188 291 
240 292 291 177 
241 177 293 292 
242 293 232 292 
243 293 189 232 
244 292 232 167 
245 167 235 290 
246 235 271 290 
247 235 190 271 
248 290 271 188 
249 168 294 296 
250 294 295 296 
251 294 180 295 
252 296 295 178 
253 178 265 296 
254 265 259 296 
255 265 191 259 
256 296 259 168 
257 168 260 294 
258 260 297 294 
259 260 184 297 
260 294 297 180 
261 170 298 287 
262 298 299 287 
263 298 172 299 
264 287 299 171 
265 170 264 298 
266 264 300 298 
267 264 178 300 
268 298 300 172 
269 172 301 299 
270 301 302 299 
271 301 173 302 
272 299 302 171 
273 173 303 302 
274 303 304 302 
275 303 194 304 
276 302 304 171 
277 171 304 289 
278 304 305 289 
279 304 194 305 
280 289 305 183 
281 172 306 301 
282 306 307 301 
283 306 174 307 
284 301 307 173 
285 172 308 306 
286 308 309 306 
287 308 175 309 
288 306 309 174 
289 172 300 308 
290 300 310 308 
291 300 178 310 
292 308 310 175 
293 174 311 307 
294 311 312 307 
295 311 177 312 
296 307 312 173 
297 177 291 312 
298 291 313 312 
299 291 188 313 
300 312 313 173 
301 188 274 313 
302 274 303 313 
303 274 194 303 
304 313 303 173 
305 175 314 309 
306 314 315 309 
307 314 176 315 
308 309 315 174 
309 176 316 315 
310 316 317 315 
311 316 179 317 
312 315 317 174 
313 174 317 311 
314 317 318 311 
315 317 179 318 
316 311 318 177 
317 175 319 314 
318 319 320 314 
319 319 181 320 
320 314 320 176 
321 178 295 310 
322 295 321 310 
323 295 180 321 
324 310 321 175 
325 180 322 321 
326 322 319 321 
327 322 181 319 
328 321 319 175 
329 176 323 316 
330 323 324 316 
331 323 185 324 
332 316 324 179 
333 181 325 320 
334 325 326 320 
335 325 182 326 
336 320 326 176 
337 182 282 326 
338 282 323 326 
339 282 185 323 
340 326 323 176 
341 179 327 318 
342 327 328 318 
343 327 195 328 
344 318 328 177 
345 177 328 293 
346 328 266 293 
347 328 195 266 
348 293 266 189 
349 185 329 324 
350 329 330 324 
351 329 192 330 
352 324 330 179 
353 192 268 330 
354 268 327 330 
355 268 195 327 
356 330 327 179 
357 180 331 322 
358 331 278 322 
359 331 196 278 
360 322 278 181 
361 184 332 297 
362 332 331 297 
363 332 196 331 
364 297 331 180 
365 181 276 325 
366 276 333 325 
367 276 187 333 
368 325 333 182 
369 187 213 333 
370 213 284 333 
371 213 193 284 
372 333 284 182 
373 194 275 305 
374 275 244 305 
375 275 197 244 
376 305 244 183 
377 184 204 332 
378 204 280 332 
379 204 199 280 
380 332 280 196 
381 186 334 285 
382 334 329 285 
383 334 192 329 
384 285 329 185 
385 186 222 334 
386 222 270 334 
387 222 198 270 
388 334 270 192 
2 2 2 336
389 2 356 46 
390 356 357 46 
391 356 343 357 
392 46 357 1 
393 1 358 46 
394 358 359 46 
395 358 350 359 
396 46 359 2 
397 1 357 5 
398 357 360 5 
399 357 343 360 
400 5 360 6 
401 44 361 45 
402 361 358 45 
403 361 350 358 
404 45 358 1 
405 48 362 47 
406 362 356 47 
407 362 343 356 
408 47 356 2 
409 2 359 87 
410 359 363 87 
411 359 350 363 
412 87 363 86 
413 6 364 7 
414 364 365 7 
415 364 344 365 
416 7 365 8 
417 6 360 366 
418 360 362 366 
419 360 343 362 
420 366 362 48 
421 48 367 366 
422 367 364 366 
423 367 344 364 
424 366 364 6 
425 8 368 9 
426 368 369 9 
427 368 345 369 
428 9 369 10 
429 8 365 371 
430 365 370 371 
431 365 344 370 
432 371 370 50 
433 50 372 371 
434 372 368 371 
435 372 345 368 
436 371 368 8 
437 10 373 11 
438 373 374 11 
439 373 347 374 
440 11 374 12 
441 10 369 376 
442 369 375 376 
443 369 345 375 
444 376 375 52 
445 52 377 376 
446 377 373 376 
447 377 347 373 
448 376 373 10 
449 12 378 13 
450 378 379 13 
451 378 339 379 
452 13 379 14 
453 54 380 381 
454 380 378 381 
455 380 339 378 
456 381 378 12 
457 12 374 381 
458 374 382 381 
459 374 347 382 
460 381 382 54 
461 14 383 15 
462 383 384 15 
463 383 346 384 
464 15 384 16 
465 14 379 386 
466 379 385 386 
467 379 339 385 
468 386 385 56 
469 56 387 386 
470 387 383 386 
471 387 346 383 
472 386 383 14 
473 16 388 17 
474 388 389 17 
475 388 348 389 
476 17 389 18 
477 16 384 391 
478 384 390 391 
479 384 346 390 
480 391 390 58 
481 58 392 391 
482 392 388 391 
483 392 348 388 
484 391 388 16 
485 18 393 19 
486 393 394 19 
487 393 349 394 
488 19 394 20 
489 18 389 396 
490 389 395 396 
491 389 348 395 
492 396 395 60 
493 60 397 396 
494 397 393 396 
495 397 349 393 
496 396 393 18 
497 20 398 21 
498 398 399 21 
499 398 342 399 
500 21 399 22 
501 62 400 401 
502 400 398 401 
503 400 342 398 
504 401 398 20 
505 20 394 401 
506 394 402 401 
507 394 349 402 
508 401 402 62 
509 22 403 23 
510 403 404 23 
511 403 338 404 
512 23 404 24 
513 64 405 406 
514 405 403 406 
515 405 338 403 
516 406 403 22 
517 22 399 406 
518 399 407 406 
519 399 342 407 
520 406 407 64 
521 24 408 25 
522 408 409 25 
523 408 354 409 
524 25 409 26 
525 24 404 411 
526 404 410 411 
527 404 338 410 
528 411 410 66 
529 66 412 411 
530 412 408 411 
531 412 354 408 
532 411 408 24 
533 26 413 27 
534 413 414 27 
535 413 340 414 
536 27 414 28 
537 68 415 416 
538 415 413 416 
539 415 340 413 
540 416 413 26 
541 26 409 416 
542 409 417 416 
543 409 354 417 
544 416 417 68 
545 28 418 29 
546 418 419 29 
547 418 355 419 
548 29 419 30 
549 28 414 421 
550 414 420 421 
551 414 340 420 
552 421 420 70 
553 70 422 421 
554 422 418 421 
555 422 355 418 
556 421 418 28 
557 30 423 31 
558 423 424 31 
559 423 341 424 
560 31 424 32 
561 72 425 426 
562 425 423 426 
563 425 341 423 
564 426 423 30 
565 30 419 426 
566 419 427 426 
567 419 355 427 
568 426 427 72 
569 32 428 33 
570 428 429 33 
571 428 337 429 
572 33 429 34 
573 74 430 431 
574 430 428 431 
575 430 337 428 
576 431 428 32 
577 32 424 431 
578 424 432 431 
579 424 341 432 
580 431 432 74 
581 34 433 35 
582 433 434 35 
583 433 353 434 
584 35 434 36 
585 34 429 436 
586 429 435 436 
587 429 337 435 
588 436 435 76 
589 76 437 436 
590 437 433 436 
591 437 353 433 
592 436 433 34 
593 36 438 37 
594 438 439 37 
595 438 335 439 
596 37 439 38 
597 78 440 441 
598 440 438 441 
599 440 335 438 
600 441 438 36 
601 36 434 441 
602 434 442 441 
603 434 353 442 
604 441 442 78 
605 38 443 39 
606 443 444 39 
607 443 351 444 
608 39 444 40 
609 38 439 446 
610 439 445 446 
611 439 335 445 
612 446 445 80 
613 80 447 446 
614 447 443 446 
615 447 351 443 
616 446 443 38 
617 40 448 41 
618 448 449 41 
619 448 352 449 
620 41 449 42 
621 40 444 451 
622 444 450 451 
623 444 351 450 
624 451 450 82 
625 82 452 451 
626 452 448 451 
627 452 352 448 
628 451 448 40 
629 42 453 43 
630 453 454 43 
631 453 336 454 
632 43 454 44 
633 84 455 456 
634 455 453 456 
635 455 336 453 
636 456 453 42 
637 42 449 456 
638 449 457 456 
639 449 352 457 
640 456 457 84 
641 44 454 459 
642 454 458 459 
643 454 336 458 
644 459 458 86 
645 86 363 459 
646 363 361 459 
647 363 350 361 
648 459 361 44 
649 50 370 49 
650 370 367 49 
651 370 344 367 
652 49 367 48 
653 52 375 51 
654 375 372 51 
655 375 345 372 
656 51 372 50 
657 54 382 53 
658 382 377 53 
659 382 347 377 
660 53 377 52 
661 56 385 55 
662 385 380 55 
663 385 339 380 
664 55 380 54 
665 58 390 57 
666 390 387 57 
667 390 346 387 
668 57 387 56 
669 60 395 59 
670 395 392 59 
671 395 348 392 
672 59 392 58 
673 62 402 61 
674 402 397 61 
675 402 349 397 
676 61 397 60 
677 64 407 63 
678 407 400 63 
679 407 342 400 
680 63 400 62 
681 66 410 65 
682 410 405 65 
683 410 338 405 
684 65 405 64 
685 68 417 67 
686 417 412 67 
687 417 354 412 
688 67 412 66 
689 70 420 69 
690 420 415 69 
691 420 340 415 
692 69 415 68 
693 72 427 71 
694 427 422 71 
695 427 355 422 
696 71 422 70 
697 74 432 73 
698 432 425 73 
699 432 341 425 
700 73 425 72 
701 76 435 75 
702 435 430 75 
703 435 337 430 
704 75 430 74 
705 78 442 77 
706 442 437 77 
707 442 353 437 
708 77 437 76 
709 80 445 79 
710 445 440 79 
711 445 335 440 
712 79 440 78 
713 82 450 81 
714 450 447 81 
715 450 351 447 
716 81 447 80 
717 84 457 83 
718 457 452 83 
719 457 352 452 
720 83 452 82 
721 86 458 85 
722 458 455 85 
723 458 336 455 
724 85 455 84 
2 4 2 624
725 3 692 88 
726 692 693 88 
727 692 683 693 
728 88 693 89 
729 111 694 112 
730 694 695 112 
731 694 682 695 
732 112 695 3 
733 3 695 119 
734 695 696 119 
735 695 682 696 
736 119 696 118 
737 118 697 119 
738 697 692 119 
739 697 683 692 
740 119 692 3 
741 4 698 113 
742 698 699 113 
743 698 688 699 
744 113 699 114 
745 114 700 113 
746 700 701 113 
747 700 689 701 
748 113 701 4 
749 121 702 120 
750 702 698 120 
751 702 688 698 
752 120 698 4 
753 4 701 160 
754 701 703 160 
755 701 689 703 
756 160 703 159 
757 89 704 90 
758 704 705 90 
759 704 635 705 
760 90 705 91 
761 89 693 704 
762 693 706 704 
763 693 683 706 
764 704 706 635 
765 91 707 92 
766 707 708 92 
767 707 644 708 
768 92 708 93 
769 635 709 705 
770 709 707 705 
771 709 644 707 
772 705 707 91 
773 93 710 94 
774 710 711 94 
775 710 637 711 
776 94 711 95 
777 93 708 710 
778 708 712 710 
779 708 644 712 
780 710 712 637 
781 95 713 96 
782 713 714 96 
783 713 646 714 
784 96 714 97 
785 637 715 711 
786 715 713 711 
787 715 646 713 
788 711 713 95 
789 97 716 98 
790 716 717 98 
791 716 653 717 
792 98 717 99 
793 646 718 714 
794 718 716 714 
795 718 653 716 
796 714 716 97 
797 99 719 100 
798 719 720 100 
799 719 634 720 
800 100 720 101 
801 99 721 719 
802 721 722 719 
803 721 686 722 
804 719 722 634 
805 653 723 717 
806 723 721 717 
807 723 686 721 
808 717 721 99 
809 101 724 102 
810 724 725 102 
811 724 652 725 
812 102 725 103 
813 634 726 720 
814 726 724 720 
815 726 652 724 
816 720 724 101 
817 103 727 104 
818 727 728 104 
819 727 648 728 
820 104 728 105 
821 103 725 727 
822 725 729 727 
823 725 652 729 
824 727 729 648 
825 105 730 106 
826 730 731 106 
827 730 638 731 
828 106 731 107 
829 105 728 730 
830 728 732 730 
831 728 648 732 
832 730 732 638 
833 107 733 108 
834 733 734 108 
835 733 642 734 
836 108 734 109 
837 638 735 731 
838 735 733 731 
839 735 642 733 
840 731 733 107 
841 109 736 110 
842 736 737 110 
843 736 636 737 
844 110 737 111 
845 109 734 736 
846 734 738 736 
847 734 642 738 
848 736 738 636 
849 636 739 737 
850 739 694 737 
851 739 682 694 
852 737 694 111 
853 116 740 115 
854 740 741 115 
855 740 654 741 
856 115 741 114 
857 114 742 115 
858 742 743 115 
859 742 655 743 
860 115 743 116 
861 654 744 741 
862 744 700 741 
863 744 689 700 
864 741 700 114 
865 114 699 742 
866 699 745 742 
867 699 688 745 
868 742 745 655 
869 118 746 117 
870 746 747 117 
871 746 668 747 
872 117 747 116 
873 116 748 117 
874 748 749 117 
875 748 669 749 
876 117 749 118 
877 116 747 740 
878 747 750 740 
879 747 668 750 
880 740 750 654 
881 655 751 743 
882 751 748 743 
883 751 669 748 
884 743 748 116 
885 118 696 746 
886 696 752 746 
887 696 682 752 
888 746 752 668 
889 669 753 749 
890 753 697 749 
891 753 683 697 
892 749 697 118 
893 123 754 122 
894 754 755 122 
895 754 679 755 
896 122 755 121 
897 679 756 755 
898 756 702 755 
899 756 688 702 
900 755 702 121 
901 125 757 124 
902 757 758 124 
903 757 649 758 
904 124 758 123 
905 649 759 758 
906 759 754 758 
907 759 679 754 
908 758 754 123 
909 127 760 126 
910 760 761 126 
911 760 673 761 
912 126 761 125 
913 125 761 757 
914 761 762 757 
915 761 673 762 
916 757 762 649 
917 129 763 128 
918 763 764 128 
919 763 643 764 
920 128 764 127 
921 643 765 764 
922 765 760 764 
923 765 673 760 
924 764 760 127 
925 131 766 130 
926 766 767 130 
927 766 677 767 
928 130 767 129 
929 129 767 763 
930 767 768 763 
931 767 677 768 
932 763 768 643 
933 133 769 132 
934 769 770 132 
935 769 645 770 
936 132 770 131 
937 645 771 770 
938 771 766 770 
939 771 677 766 
940 770 766 131 
941 135 772 134 
942 772 773 134 
943 772 676 773 
944 134 773 133 
945 133 773 769 
946 773 774 769 
947 773 676 774 
948 769 774 645 
949 137 775 136 
950 775 776 136 
951 775 640 776 
952 136 776 135 
953 640 777 776 
954 777 772 776 
955 777 676 772 
956 776 772 135 
957 139 778 138 
958 778 779 138 
959 778 674 779 
960 138 779 137 
961 137 779 775 
962 779 780 775 
963 779 674 780 
964 775 780 640 
965 141 781 140 
966 781 782 140 
967 781 651 782 
968 140 782 139 
969 651 783 782 
970 783 778 782 
971 783 674 778 
972 782 778 139 
973 143 784 142 
974 784 785 142 
975 784 671 785 
976 142 785 141 
977 141 785 781 
978 785 786 781 
979 785 671 786 
980 781 786 651 
981 145 787 144 
982 787 788 144 
983 787 639 788 
984 144 788 143 
985 639 789 788 
986 789 784 788 
987 789 671 784 
988 788 784 143 
989 147 790 146 
990 790 791 146 
991 790 675 791 
992 146 791 145 
993 145 791 787 
994 791 792 787 
995 791 675 792 
996 787 792 639 
997 149 793 148 
998 793 794 148 
999 793 647 794 
1000 148 794 147 
1001 647 795 794 
1002 795 790 794 
1003 795 675 790 
1004 794 790 147 
1005 151 796 150 
1006 796 797 150 
1007 796 678 797 
1008 150 797 149 
1009 149 797 793 
1010 797 798 793 
1011 797 678 798 
1012 793 798 647 
1013 153 799 152 
1014 799 800 152 
1015 799 641 800 
1016 152 800 151 
1017 641 801 800 
1018 801 796 800 
1019 801 678 796 
1020 800 796 151 
1021 155 802 154 
1022 802 803 154 
1023 802 672 803 
1024 154 803 153 
1025 153 803 799 
1026 803 804 799 
1027 803 672 804 
1028 799 804 641 
1029 157 805 156 
1030 805 806 156 
1031 805 650 806 
1032 156 806 155 
1033 650 807 806 
1034 807 802 806 
1035 807 672 802 
1036 806 802 155 
1037 159 808 158 
1038 808 809 158 
1039 808 680 809 
1040 158 809 157 
1041 157 809 805 
1042 809 810 805 
1043 809 680 810 
1044 805 810 650 
1045 159 703 808 
1046 703 811 808 
1047 703 689 811 
1048 808 811 680 
1049 634 812 726 
1050 812 813 726 
1051 812 656 813 
1052 726 813 652 
1053 634 814 812 
1054 814 815 812 
1055 814 663 815 
1056 812 815 656 
1057 634 722 814 
1058 722 816 814 
1059 722 686 816 
1060 814 816 663 
1061 635 817 709 
1062 817 818 709 
1063 817 658 818 
1064 709 818 644 
1065 635 819 817 
1066 819 820 817 
1067 819 665 820 
1068 817 820 658 
1069 635 821 819 
1070 821 822 819 
1071 821 669 822 
1072 819 822 665 
1073 635 706 821 
1074 706 753 821 
1075 706 683 753 
1076 821 753 669 
1077 642 823 738 
1078 823 824 738 
1079 823 657 824 
1080 738 824 636 
1081 657 825 824 
1082 825 826 824 
1083 825 664 826 
1084 824 826 636 
1085 664 827 826 
1086 827 828 826 
1087 827 668 828 
1088 826 828 636 
1089 668 752 828 
1090 752 739 828 
1091 752 682 739 
1092 828 739 636 
1093 644 829 712 
1094 829 830 712 
1095 829 661 830 
1096 712 830 637 
1097 637 831 715 
1098 831 832 715 
1099 831 666 832 
1100 715 832 646 
1101 661 833 830 
1102 833 831 830 
1103 833 666 831 
1104 830 831 637 
1105 638 834 735 
1106 834 835 735 
1107 834 662 835 
1108 735 835 642 
1109 648 836 732 
1110 836 837 732 
1111 836 667 837 
1112 732 837 638 
1113 638 837 834 
1114 837 838 834 
1115 837 667 838 
1116 834 838 662 
1117 639 792 840 
1118 792 839 840 
1119 792 675 839 
1120 840 839 660 
1121 660 841 840 
1122 841 842 840 
1123 841 687 842 
1124 840 842 639 
1125 639 842 789 
1126 842 843 789 
1127 842 687 843 
1128 789 843 671 
1129 640 844 846 
1130 844 845 846 
1131 844 670 845 
1132 846 845 659 
1133 659 847 846 
1134 847 777 846 
1135 847 676 777 
1136 846 777 640 
1137 640 780 844 
1138 780 848 844 
1139 780 674 848 
1140 844 848 670 
1141 641 849 851 
1142 849 850 851 
1143 849 685 850 
1144 851 850 662 
1145 662 852 851 
1146 852 853 851 
1147 852 690 853 
1148 851 853 641 
1149 672 854 804 
1150 854 849 804 
1151 854 685 849 
1152 804 849 641 
1153 641 853 801 
1154 853 855 801 
1155 853 690 855 
1156 801 855 678 
1157 642 856 823 
1158 856 857 823 
1159 856 685 857 
1160 823 857 657 
1161 662 850 835 
1162 850 856 835 
1163 850 685 856 
1164 835 856 642 
1165 661 858 860 
1166 858 859 860 
1167 858 684 859 
1168 860 859 643 
1169 643 861 860 
1170 861 862 860 
1171 861 691 862 
1172 860 862 661 
1173 643 859 765 
1174 859 863 765 
1175 859 684 863 
1176 765 863 673 
1177 677 864 768 
1178 864 861 768 
1179 864 691 861 
1180 768 861 643 
1181 658 865 818 
1182 865 866 818 
1183 865 684 866 
1184 818 866 644 
1185 644 866 829 
1186 866 858 829 
1187 866 684 858 
1188 829 858 661 
1189 645 774 868 
1190 774 867 868 
1191 774 676 867 
1192 868 867 666 
1193 666 869 868 
1194 869 870 868 
1195 869 691 870 
1196 868 870 645 
1197 645 870 771 
1198 870 864 771 
1199 870 691 864 
1200 771 864 677 
1201 646 871 718 
1202 871 872 718 
1203 871 659 872 
1204 718 872 653 
1205 646 832 871 
1206 832 873 871 
1207 832 666 873 
1208 871 873 659 
1209 647 874 795 
1210 874 875 795 
1211 874 681 875 
1212 795 875 675 
1213 678 855 798 
1214 855 876 798 
1215 855 690 876 
1216 798 876 647 
1217 647 876 874 
1218 876 877 874 
1219 876 690 877 
1220 874 877 681 
1221 652 878 729 
1222 878 879 729 
1223 878 660 879 
1224 729 879 648 
1225 660 880 879 
1226 880 881 879 
1227 880 681 881 
1228 879 881 648 
1229 648 881 836 
1230 881 882 836 
1231 881 681 882 
1232 836 882 667 
1233 658 820 884 
1234 820 883 884 
1235 820 665 883 
1236 884 883 649 
1237 649 762 884 
1238 762 885 884 
1239 762 673 885 
1240 884 885 658 
1241 665 886 883 
1242 886 759 883 
1243 886 679 759 
1244 883 759 649 
1245 650 887 888 
1246 887 825 888 
1247 887 664 825 
1248 888 825 657 
1249 657 889 888 
1250 889 807 888 
1251 889 672 807 
1252 888 807 650 
1253 650 810 887 
1254 810 890 887 
1255 810 680 890 
1256 887 890 664 
1257 656 815 892 
1258 815 891 892 
1259 815 663 891 
1260 892 891 651 
1261 651 786 892 
1262 786 893 892 
1263 786 671 893 
1264 892 893 656 
1265 663 894 891 
1266 894 783 891 
1267 894 674 783 
1268 891 783 651 
1269 656 895 813 
1270 895 896 813 
1271 895 687 896 
1272 813 896 652 
1273 652 896 878 
1274 896 841 878 
1275 896 687 841 
1276 878 841 660 
1277 659 845 872 
1278 845 897 872 
1279 845 670 897 
1280 872 897 653 
1281 670 898 897 
1282 898 723 897 
1283 898 686 723 
1284 897 723 653 
1285 654 750 899 
1286 750 827 899 
1287 750 668 827 
1288 899 827 664 
1289 664 890 899 
1290 890 900 899 
1291 890 680 900 
1292 899 900 654 
1293 680 811 900 
1294 811 744 900 
1295 811 689 744 
1296 900 744 654 
1297 665 822 901 
1298 822 751 901 
1299 822 669 751 
1300 901 751 655 
1301 655 902 901 
1302 902 886 901 
1303 902 679 886 
1304 901 886 665 
1305 655 745 902 
1306 745 756 902 
1307 745 688 756 
1308 902 756 679 
1309 671 843 893 
1310 843 895 893 
1311 843 687 895 
1312 893 895 656 
1313 657 857 889 
1314 857 854 889 
1315 857 685 854 
1316 889 854 672 
1317 673 863 885 
1318 863 865 885 
1319 863 684 865 
1320 885 865 658 
1321 666 867 873 
1322 867 847 873 
1323 867 676 847 
1324 873 847 659 
1325 675 875 839 
1326 875 880 839 
1327 875 681 880 
1328 839 880 660 
1329 661 862 833 
1330 862 869 833 
1331 862 691 869 
1332 833 869 666 
1333 667 903 838 
1334 903 852 838 
1335 903 690 852 
1336 838 852 662 
1337 670 848 904 
1338 848 894 904 
1339 848 674 894 
1340 904 894 663 
1341 663 816 904 
1342 816 898 904 
1343 816 686 898 
1344 904 898 670 
1345 681 877 882 
1346 877 903 882 
1347 877 690 903 
1348 882 903 667 
2 5 2 164
1349 89 920 88 
1350 920 921 88 
1351 920 918 921 
1352 88 921 3 
1353 3 922 112 
1354 922 923 112 
1355 922 909 923 
1356 112 923 111 
1357 3 921 922 
1358 921 924 922 
1359 921 918 924 
1360 922 924 909 
1361 91 925 90 
1362 925 926 90 
1363 925 905 926 
1364 90 926 89 
1365 905 927 926 
1366 927 920 926 
1367 927 918 920 
1368 926 920 89 
1369 93 928 92 
1370 928 929 92 
1371 928 916 929 
1372 92 929 91 
1373 91 929 925 
1374 929 930 925 
1375 929 916 930 
1376 925 930 905 
1377 95 931 94 
1378 931 928 94 
1379 931 916 928 
1380 94 928 93 
1381 97 932 96 
1382 932 933 96 
1383 932 907 933 
1384 96 933 95 
1385 907 934 933 
1386 934 931 933 
1387 934 916 931 
1388 933 931 95 
1389 99 935 98 
1390 935 936 98 
1391 935 915 936 
1392 98 936 97 
1393 97 936 932 
1394 936 937 932 
1395 936 915 937 
1396 932 937 907 
1397 101 938 100 
1398 938 935 100 
1399 938 915 935 
1400 100 935 99 
1401 103 939 102 
1402 939 940 102 
1403 939 906 940 
1404 102 940 101 
1405 906 941 940 
1406 941 938 940 
1407 941 915 938 
1408 940 938 101 
1409 105 942 104 
1410 942 943 104 
1411 942 919 943 
1412 104 943 103 
1413 103 943 939 
1414 943 944 939 
1415 943 919 944 
1416 939 944 906 
1417 107 945 106 
1418 945 946 106 
1419 945 917 946 
1420 106 946 105 
1421 917 947 946 
1422 947 942 946 
1423 947 919 942 
1424 946 942 105 
1425 109 948 108 
1426 948 949 108 
1427 948 908 949 
1428 108 949 107 
1429 908 950 949 
1430 950 945 949 
1431 950 917 945 
1432 949 945 107 
1433 111 951 110 
1434 951 952 110 
1435 951 910 952 
1436 110 952 109 
1437 109 952 948 
1438 952 953 948 
1439 952 910 953 
1440 948 953 908 
1441 909 954 923 
1442 954 951 923 
1443 954 910 951 
1444 923 951 111 
1445 905 955 957 
1446 955 956 957 
1447 955 911 956 
1448 957 956 909 
1449 909 924 957 
1450 924 927 957 
1451 924 918 927 
1452 957 927 905 
1453 905 958 955 
1454 958 959 955 
1455 958 912 959 
1456 955 959 911 
1457 905 930 958 
1458 930 960 958 
1459 930 916 960 
1460 958 960 912 
1461 913 961 963 
1462 961 962 963 
1463 961 914 962 
1464 963 962 906 
1465 906 944 963 
1466 944 964 963 
1467 944 919 964 
1468 963 964 913 
1469 914 965 962 
1470 965 941 962 
1471 965 915 941 
1472 962 941 906 
1473 907 966 968 
1474 966 967 968 
1475 966 914 967 
1476 968 967 912 
1477 912 960 968 
1478 960 934 968 
1479 960 916 934 
1480 968 934 907 
1481 907 937 966 
1482 937 965 966 
1483 937 915 965 
1484 966 965 914 
1485 908 953 969 
1486 953 954 969 
1487 953 910 954 
1488 969 954 909 
1489 909 956 969 
1490 956 970 969 
1491 956 911 970 
1492 969 970 908 
1493 911 971 970 
1494 971 972 970 
1495 971 913 972 
1496 970 972 908 
1497 913 973 972 
1498 973 950 972 
1499 973 917 950 
1500 972 950 908 
1501 912 967 959 
1502 967 974 959 
1503 967 914 974 
1504 959 974 911 
1505 911 974 971 
1506 974 961 971 
1507 974 914 961 
1508 971 961 913 
1509 913 964 973 
1510 964 947 973 
1511 964 919 947 
1512 973 947 917 
3 1 4 2864
1513 190 1153 1154 1155 
1514 1153 489 532 1156 
1515 1154 532 68 417 
1516 1155 1156 417 354 
1517 1153 1154 1155 1156 
1518 1153 1156 532 1154 
1519 1154 1155 1156 417 
1520 1154 417 1156 532 
1521 466 1157 1158 534 
1522 1157 190 1155 1153 
1523 1158 1155 354 1156 
1524 534 1153 1156 489 
1525 1157 1158 534 1153 
1526 1157 1153 1155 1158 
1527 1158 534 1153 1156 
1528 1158 1156 1153 1155 
1529 197 241 1160 1161 
1530 241 163 1159 1163 
1531 1160 1159 496 1162 
1532 1161 1163 1162 355 
1533 241 1160 1161 1163 
1534 241 1163 1159 1160 
1535 1160 1161 1163 1162 
1536 1160 1162 1163 1159 
1537 496 1164 1160 1162 
1538 1164 30 240 419 
1539 1160 240 197 1161 
1540 1162 419 1161 355 
1541 1164 1160 1162 419 
1542 1164 419 240 1160 
1543 1160 1162 419 1161 
1544 1160 1161 419 240 
1545 190 1154 234 1155 
1546 1154 68 416 417 
1547 234 416 26 409 
1548 1155 417 409 354 
1549 1154 234 1155 417 
1550 1154 417 416 234 
1551 234 1155 417 409 
1552 234 409 417 416 
1553 162 1165 1167 228 
1554 1165 342 1166 1169 
1555 1167 1166 461 1168 
1556 228 1169 1168 189 
1557 1165 1167 228 1169 
1558 1165 1169 1166 1167 
1559 1167 228 1169 1168 
1560 1167 1168 1169 1166 
1561 466 1157 1170 1158 
1562 1157 190 235 1155 
1563 1170 235 167 1171 
1564 1158 1155 1171 354 
1565 1157 1170 1158 1155 
1566 1157 1155 235 1170 
1567 1170 1158 1155 1171 
1568 1170 1171 1155 235 
1569 26 230 234 409 
1570 230 167 235 1171 
1571 234 235 190 1155 
1572 409 1171 1155 354 
1573 230 234 409 1171 
1574 230 1171 235 234 
1575 234 409 1171 1155 
1576 234 1155 1171 235 
1577 466 530 534 1158 
1578 530 68 532 417 
1579 534 532 489 1156 
1580 1158 417 1156 354 
1581 530 534 1158 417 
1582 530 417 532 534 
1583 534 1158 417 1156 
1584 534 1156 417 532 
1585 86 501 1173 363 
1586 501 483 1172 1175 
1587 1173 1172 184 1174 
1588 363 1175 1174 350 
1589 501 1173 363 1175 
1590 501 1175 1172 1173 
1591 1173 363 1175 1174 
1592 1173 1174 1175 1172 
1593 86 1173 459 363 
1594 1173 184 203 1174 
1595 459 203 44 361 
1596 363 1174 361 350 
1597 1173 459 363 1174 
1598 1173 1174 203 459 
1599 459 363 1174 361 
1600 459 361 1174 203 
1601 466 1176 1170 1178 
1602 1176 338 1177 1179 
1603 1170 1177 167 232 
1604 1178 1179 232 189 
1605 1176 1170 1178 1179 
1606 1176 1179 1177 1170 
1607 1170 1178 1179 232 
1608 1170 232 1179 1177 
1609 163 1180 1159 1163 
1610 1180 462 540 1181 
1611 1159 540 496 1162 
1612 1163 1181 1162 355 
1613 1180 1159 1163 1181 
1614 1180 1181 540 1159 
1615 1159 1163 1181 1162 
1616 1159 1162 1181 540 
1617 346 1182 383 1184 
1618 1182 485 1183 1185 
1619 383 1183 14 218 
1620 1184 1185 218 186 
1621 1182 383 1184 1185 
1622 1182 1185 1183 383 
1623 383 1184 1185 218 
1624 383 218 1185 1183 
1625 482 542 1186 1187 
1626 542 76 436 435 
1627 1186 436 34 429 
1628 1187 435 429 337 
1629 542 1186 1187 435 
1630 542 435 436 1186 
1631 1186 1187 435 429 
1632 1186 429 435 436 
1633 34 1186 429 242 
1634 1186 482 1187 1189 
1635 429 1187 337 1188 
1636 242 1189 1188 183 
1637 1186 429 242 1189 
1638 1186 1189 1187 429 
1639 429 242 1189 1188 
1640 429 1188 1189 1187 
1641 346 383 1182 387 
1642 383 14 1183 386 
1643 1182 1183 485 516 
1644 387 386 516 56 
1645 383 1182 387 386 
1646 383 386 1183 1182 
1647 1182 387 386 516 
1648 1182 516 386 1183 
1649 32 1190 424 239 
1650 1190 496 1191 1160 
1651 424 1191 341 1192 
1652 239 1160 1192 197 
1653 1190 424 239 1160 
1654 1190 1160 1191 424 
1655 424 239 1160 1192 
1656 424 1192 1160 1191 
1657 496 538 1164 1162 
1658 538 72 426 427 
1659 1164 426 30 419 
1660 1162 427 419 355 
1661 538 1164 1162 427 
1662 538 427 426 1164 
1663 1164 1162 427 419 
1664 1164 419 427 426 
1665 461 523 1166 1167 
1666 523 62 400 1193 
1667 1166 400 342 1165 
1668 1167 1193 1165 162 
1669 523 1166 1167 1193 
1670 523 1193 400 1166 
1671 1166 1167 1193 1165 
1672 1166 1165 1193 400 
1673 351 1194 1196 450 
1674 1194 460 1195 551 
1675 1196 1195 161 1197 
1676 450 551 1197 82 
1677 1194 1196 450 551 
1678 1194 551 1195 1196 
1679 1196 450 551 1197 
1680 1196 1197 551 1195 
1681 351 1196 444 450 
1682 1196 161 251 1197 
1683 444 251 40 451 
1684 450 1197 451 82 
1685 1196 444 450 1197 
1686 1196 1197 251 444 
1687 444 450 1197 451 
1688 444 451 1197 251 
1689 166 1198 1200 245 
1690 1198 353 1199 434 
1691 1200 1199 465 1201 
1692 245 434 1201 36 
1693 1198 1200 245 434 
1694 1198 434 1199 1200 
1695 1200 245 434 1201 
1696 1200 1201 434 1199 
1697 460 1195 1202 1194 
1698 1195 161 252 1196 
1699 1202 252 38 443 
1700 1194 1196 443 351 
1701 1195 1202 1194 1196 
1702 1195 1196 252 1202 
1703 1202 1194 1196 443 
1704 1202 443 1196 252 
1705 36 434 1201 441 
1706 434 353 1199 442 
1707 1201 1199 465 545 
1708 441 442 545 78 
1709 434 1201 441 442 
1710 434 442 1199 1201 
1711 1201 441 442 545 
1712 1201 545 442 1199 
1713 80 550 446 447 
1714 550 460 1202 1194 
1715 446 1202 38 443 
1716 447 1194 443 351 
1717 550 446 447 1194 
1718 550 1194 1202 446 
1719 446 447 1194 443 
1720 446 443 1194 1202 
1721 197 240 241 1161 
1722 240 30 236 419 
1723 241 236 163 1163 
1724 1161 419 1163 355 
1725 240 241 1161 419 
1726 240 419 236 241 
1727 241 1161 419 1163 
1728 241 1163 419 236 
1729 72 538 536 427 
1730 538 496 540 1162 
1731 536 540 462 1181 
1732 427 1162 1181 355 
1733 538 536 427 1162 
1734 538 1162 540 536 
1735 536 427 1162 1181 
1736 536 1181 1162 540 
1737 339 1203 385 1205 
1738 1203 165 1204 1206 
1739 385 1204 56 514 
1740 1205 1206 514 464 
1741 1203 385 1205 1206 
1742 1203 1206 1204 385 
1743 385 1205 1206 514 
1744 385 514 1206 1204 
1745 52 1207 377 510 
1746 1207 193 1208 1210 
1747 377 1208 347 1209 
1748 510 1210 1209 492 
1749 1207 377 510 1210 
1750 1207 1210 1208 377 
1751 377 510 1210 1209 
1752 377 1209 1210 1208 
1753 497 519 1211 1212 
1754 519 58 392 1214 
1755 1211 392 348 1213 
1756 1212 1214 1213 198 
1757 519 1211 1212 1214 
1758 519 1214 392 1211 
1759 1211 1212 1214 1213 
1760 1211 1213 1214 392 
1761 339 1203 379 385 
1762 1203 165 214 1204 
1763 379 214 14 386 
1764 385 1204 386 56 
1765 1203 379 385 1204 
1766 1203 1204 214 379 
1767 379 385 1204 386 
1768 379 386 1204 214 
1769 42 1215 453 456 
1770 1215 467 1216 556 
1771 453 1216 336 455 
1772 456 556 455 84 
1773 1215 453 456 556 
1774 1215 556 1216 453 
1775 453 456 556 455 
1776 453 455 556 1216 
1777 1 201 357 1218 
1778 201 199 1217 1220 
1779 357 1217 343 1219 
1780 1218 1220 1219 498 
1781 201 357 1218 1220 
1782 201 1220 1217 357 
1783 357 1218 1220 1219 
1784 357 1219 1220 1217 
1785 50 370 1222 505 
1786 370 344 1221 1224 
1787 1222 1221 164 1223 
1788 505 1224 1223 463 
1789 370 1222 505 1224 
1790 370 1224 1221 1222 
1791 1222 505 1224 1223 
1792 1222 1223 1224 1221 
1793 40 39 251 444 
1794 39 38 252 443 
1795 251 252 161 1196 
1796 444 443 1196 351 
1797 39 251 444 443 
1798 39 443 252 251 
1799 251 444 443 1196 
1800 251 1196 443 252 
1801 351 447 1194 450 
1802 447 80 550 81 
1803 1194 550 460 551 
1804 450 81 551 82 
1805 447 1194 450 81 
1806 447 81 550 1194 
1807 1194 450 81 551 
1808 1194 551 81 550 
1809 165 1203 1225 1206 
1810 1203 339 380 1205 
1811 1225 380 54 513 
1812 1206 1205 513 464 
1813 1203 1225 1206 1205 
1814 1203 1205 380 1225 
1815 1225 1206 1205 513 
1816 1225 513 1205 380 
1817 164 205 1221 1222 
1818 205 8 365 371 
1819 1221 365 344 370 
1820 1222 371 370 50 
1821 205 1221 1222 371 
1822 205 371 365 1221 
1823 1221 1222 371 370 
1824 1221 370 371 365 
1825 345 368 1226 372 
1826 368 8 209 371 
1827 1226 209 187 1227 
1828 372 371 1227 50 
1829 368 1226 372 371 
1830 368 371 209 1226 
1831 1226 372 371 1227 
1832 1226 1227 371 209 
1833 467 1228 1215 1216 
1834 1228 168 258 1229 
1835 1215 258 42 453 
1836 1216 1229 453 336 
1837 1228 1215 1216 1229 
1838 1228 1229 258 1215 
1839 1215 1216 1229 453 
1840 1215 453 1229 258 
1841 338 1176 1230 1179 
1842 1176 466 531 1178 
1843 1230 531 488 1231 
1844 1179 1178 1231 189 
1845 1176 1230 1179 1178 
1846 1176 1178 531 1230 
1847 1230 1179 1178 1231 
1848 1230 1231 1178 531 
1849 70 535 1232 422 
1850 535 462 1180 1181 
1851 1232 1180 163 1163 
1852 422 1181 1163 355 
1853 535 1232 422 1181 
1854 535 1181 1180 1232 
1855 1232 422 1181 1163 
1856 1232 1163 1181 1180 
1857 349 397 393 1233 
1858 397 60 396 1234 
1859 393 396 18 224 
1860 1233 1234 224 162 
1861 397 393 1233 1234 
1862 397 1234 396 393 
1863 393 1233 1234 224 
1864 393 224 1234 396 
1865 353 1199 433 1198 
1866 1199 465 1235 1200 
1867 433 1235 34 246 
1868 1198 1200 246 166 
1869 1199 433 1198 1200 
1870 1199 1200 1235 433 
1871 433 1198 1200 246 
1872 433 246 1200 1235 
1873 339 378 1203 380 
1874 378 12 215 381 
1875 1203 215 165 1225 
1876 380 381 1225 54 
1877 378 1203 380 381 
1878 378 381 215 1203 
1879 1203 380 381 1225 
1880 1203 1225 381 215 
1881 488 527 1236 1231 
1882 527 461 1166 1168 
1883 1236 1166 342 1169 
1884 1231 1168 1169 189 
1885 527 1236 1231 1168 
1886 527 1168 1166 1236 
1887 1236 1231 1168 1169 
1888 1236 1169 1168 1166 
1889 163 237 1232 1163 
1890 237 28 421 418 
1891 1232 421 70 422 
1892 1163 418 422 355 
1893 237 1232 1163 418 
1894 237 418 421 1232 
1895 1232 1163 418 422 
1896 1232 422 418 421 
1897 462 535 536 1181 
1898 535 70 71 422 
1899 536 71 72 427 
1900 1181 422 427 355 
1901 535 536 1181 422 
1902 535 422 71 536 
1903 536 1181 422 427 
1904 536 427 422 71 
1905 30 29 236 419 
1906 29 28 237 418 
1907 236 237 163 1163 
1908 419 418 1163 355 
1909 29 236 419 418 
1910 29 418 237 236 
1911 236 419 418 1163 
1912 236 1163 418 237 
1913 338 410 1176 1177 
1914 410 66 529 1237 
1915 1176 529 466 1170 
1916 1177 1237 1170 167 
1917 410 1176 1177 1237 
1918 410 1237 529 1176 
1919 1176 1177 1237 1170 
1920 1176 1170 1237 529 
1921 340 420 1238 1239 
1922 420 70 533 1240 
1923 1238 533 489 1153 
1924 1239 1240 1153 190 
1925 420 1238 1239 1240 
1926 420 1240 533 1238 
1927 1238 1239 1240 1153 
1928 1238 1153 1240 533 
1929 44 257 459 454 
1930 257 168 1241 1229 
1931 459 1241 86 458 
1932 454 1229 458 336 
1933 257 459 454 1229 
1934 257 1229 1241 459 
1935 459 454 1229 458 
1936 459 458 1229 1241 
1937 14 13 214 379 
1938 13 12 215 378 
1939 214 215 165 1203 
1940 379 378 1203 339 
1941 13 214 379 378 
1942 13 378 215 214 
1943 214 379 378 1203 
1944 214 1203 378 215 
1945 56 55 385 514 
1946 55 54 380 513 
1947 385 380 339 1205 
1948 514 513 1205 464 
1949 55 385 514 513 
1950 55 513 380 385 
1951 385 514 513 1205 
1952 385 1205 513 380 
1953 168 1228 1241 1229 
1954 1228 467 557 1216 
1955 1241 557 86 458 
1956 1229 1216 458 336 
1957 1228 1241 1229 1216 
1958 1228 1216 557 1241 
1959 1241 1229 1216 458 
1960 1241 458 1216 557 
1961 70 535 533 1240 
1962 535 462 537 1242 
1963 533 537 489 1153 
1964 1240 1242 1153 190 
1965 535 533 1240 1242 
1966 535 1242 537 533 
1967 533 1240 1242 1153 
1968 533 1153 1242 537 
1969 168 257 258 1229 
1970 257 44 43 454 
1971 258 43 42 453 
1972 1229 454 453 336 
1973 257 258 1229 454 
1974 257 454 43 258 
1975 258 1229 454 453 
1976 258 453 454 43 
1977 467 557 1216 556 
1978 557 86 458 85 
1979 1216 458 336 455 
1980 556 85 455 84 
1981 557 1216 556 85 
1982 557 85 458 1216 
1983 1216 556 85 455 
1984 1216 455 85 458 
1985 76 544 437 77 
1986 544 465 1199 545 
1987 437 1199 353 442 
1988 77 545 442 78 
1989 544 437 77 545 
1990 544 545 1199 437 
1991 437 77 545 442 
1992 437 442 545 1199 
1993 166 246 1198 245 
1994 246 34 433 35 
1995 1198 433 353 434 
1996 245 35 434 36 
1997 246 1198 245 35 
1998 246 35 433 1198 
1999 1198 245 35 434 
2000 1198 434 35 433 
2001 198 1243 1244 1212 
2002 1243 461 522 524 
2003 1244 522 60 520 
2004 1212 524 520 497 
2005 1243 1244 1212 524 
2006 1243 524 522 1244 
2007 1244 1212 524 520 
2008 1244 520 524 522 
2009 186 1245 285 334 
2010 1245 491 1246 1247 
2011 285 1246 185 329 
2012 334 1247 329 192 
2013 1245 285 334 1247 
2014 1245 1247 1246 285 
2015 285 334 1247 329 
2016 285 329 1247 1246 
2017 48 1248 504 500 
2018 1248 199 1249 1220 
2019 504 1249 463 506 
2020 500 1220 506 498 
2021 1248 504 500 1220 
2022 1248 1220 1249 504 
2023 504 500 1220 506 
2024 504 506 1220 1249 
2025 480 1250 1251 578 
2026 1250 196 331 1253 
2027 1251 331 180 1252 
2028 578 1253 1252 495 
2029 1250 1251 578 1253 
2030 1250 1253 331 1251 
2031 1251 578 1253 1252 
2032 1251 1252 1253 331 
2033 464 513 1255 515 
2034 513 54 1254 511 
2035 1255 1254 193 1210 
2036 515 511 1210 492 
2037 513 1255 515 511 
2038 513 511 1254 1255 
2039 1255 515 511 1210 
2040 1255 1210 511 1254 
2041 185 1246 1256 329 
2042 1246 491 628 1247 
2043 1256 628 478 1257 
2044 329 1247 1257 192 
2045 1246 1256 329 1247 
2046 1246 1247 628 1256 
2047 1256 329 1247 1257 
2048 1256 1257 1247 628 
2049 484 1258 622 623 
2050 1258 185 1256 1259 
2051 622 1256 478 616 
2052 623 1259 616 475 
2053 1258 622 623 1259 
2054 1258 1259 1256 622 
2055 622 623 1259 616 
2056 622 616 1259 1256 
2057 192 1260 1257 268 
2058 1260 494 627 1262 
2059 1257 627 478 1261 
2060 268 1262 1261 195 
2061 1260 1257 268 1262 
2062 1260 1262 627 1257 
2063 1257 268 1262 1261 
2064 1257 1261 1262 627 
2065 169 249 250 1263 
2066 249 36 245 1265 
2067 250 245 166 1264 
2068 1263 1265 1264 468 
2069 249 250 1263 1265 
2070 249 1265 245 250 
2071 250 1263 1265 1264 
2072 250 1264 1265 245 
2073 169 1266 1267 1263 
2074 1266 460 550 552 
2075 1267 550 80 548 
2076 1263 552 548 468 
2077 1266 1267 1263 552 
2078 1266 552 550 1267 
2079 1267 1263 552 548 
2080 1267 548 552 550 
2081 341 1191 424 432 
2082 1191 496 1190 539 
2083 424 1190 32 431 
2084 432 539 431 74 
2085 1191 424 432 539 
2086 1191 539 1190 424 
2087 424 432 539 431 
2088 424 431 539 1190 
2089 461 522 1268 1167 
2090 522 60 397 1234 
2091 1268 397 349 1233 
2092 1167 1234 1233 162 
2093 522 1268 1167 1234 
2094 522 1234 397 1268 
2095 1268 1167 1234 1233 
2096 1268 1233 1234 397 
2097 34 436 1235 433 
2098 436 76 544 437 
2099 1235 544 465 1199 
2100 433 437 1199 353 
2101 436 1235 433 437 
2102 436 437 544 1235 
2103 1235 433 437 1199 
2104 1235 1199 437 544 
2105 491 568 628 1247 
2106 568 494 627 1260 
2107 628 627 478 1257 
2108 1247 1260 1257 192 
2109 568 628 1247 1260 
2110 568 1260 627 628 
2111 628 1247 1260 1257 
2112 628 1257 1260 627 
2113 486 1269 1270 507 
2114 1269 345 1226 372 
2115 1270 1226 187 1227 
2116 507 372 1227 50 
2117 1269 1270 507 372 
2118 1269 372 1226 1270 
2119 1270 507 372 1227 
2120 1270 1227 372 1226 
2121 463 505 1224 504 
2122 505 50 370 49 
2123 1224 370 344 367 
2124 504 49 367 48 
2125 505 1224 504 49 
2126 505 49 370 1224 
2127 1224 504 49 367 
2128 1224 367 49 370 
2129 164 205 206 1221 
2130 205 8 7 365 
2131 206 7 6 364 
2132 1221 365 364 344 
2133 205 206 1221 365 
2134 205 365 7 206 
2135 206 1221 365 364 
2136 206 364 365 7 
2137 340 1238 415 1239 
2138 1238 489 532 1153 
2139 415 532 68 1154 
2140 1239 1153 1154 190 
2141 1238 415 1239 1153 
2142 1238 1153 532 415 
2143 415 1239 1153 1154 
2144 415 1154 1153 532 
2145 56 1204 516 514 
2146 1204 165 1271 1206 
2147 516 1271 485 518 
2148 514 1206 518 464 
2149 1204 516 514 1206 
2150 1204 1206 1271 516 
2151 516 514 1206 518 
2152 516 518 1206 1271 
2153 186 1185 218 219 
2154 1185 485 1183 1271 
2155 218 1183 14 214 
2156 219 1271 214 165 
2157 1185 218 219 1271 
2158 1185 1271 1183 218 
2159 218 219 1271 214 
2160 218 214 1271 1183 
2161 48 362 1248 500 
2162 362 343 1217 1219 
2163 1248 1217 199 1220 
2164 500 1219 1220 498 
2165 362 1248 500 1219 
2166 362 1219 1217 1248 
2167 1248 500 1219 1220 
2168 1248 1220 1219 1217 
2169 195 1262 1261 328 
2170 1262 494 627 1273 
2171 1261 627 478 1272 
2172 328 1273 1272 177 
2173 1262 1261 328 1273 
2174 1262 1273 627 1261 
2175 1261 328 1273 1272 
2176 1261 1272 1273 627 
2177 182 282 1274 1275 
2178 282 185 1258 1259 
2179 1274 1258 484 623 
2180 1275 1259 623 475 
2181 282 1274 1275 1259 
2182 282 1259 1258 1274 
2183 1274 1275 1259 623 
2184 1274 623 1259 1258 
2185 485 1276 633 584 
2186 1276 185 1246 1258 
2187 633 1246 491 629 
2188 584 1258 629 484 
2189 1276 633 584 1258 
2190 1276 1258 1246 633 
2191 633 584 1258 629 
2192 633 629 1258 1246 
2193 6 206 364 366 
2194 206 164 1221 1277 
2195 364 1221 344 367 
2196 366 1277 367 48 
2197 206 364 366 1277 
2198 206 1277 1221 364 
2199 364 366 1277 367 
2200 364 367 1277 1221 
2201 342 400 398 1165 
2202 400 62 401 1193 
2203 398 401 20 223 
2204 1165 1193 223 162 
2205 400 398 1165 1193 
2206 400 1193 401 398 
2207 398 1165 1193 223 
2208 398 223 1193 401 
2209 165 1271 214 1204 
2210 1271 485 1183 516 
2211 214 1183 14 386 
2212 1204 516 386 56 
2213 1271 214 1204 516 
2214 1271 516 1183 214 
2215 214 1204 516 386 
2216 214 386 516 1183 
2217 185 1246 1258 1256 
2218 1246 491 629 628 
2219 1258 629 484 622 
2220 1256 628 622 478 
2221 1246 1258 1256 628 
2222 1246 628 629 1258 
2223 1258 1256 628 622 
2224 1258 622 628 629 
2225 482 541 542 1187 
2226 541 74 75 430 
2227 542 75 76 435 
2228 1187 430 435 337 
2229 541 542 1187 430 
2230 541 430 75 542 
2231 542 1187 430 435 
2232 542 435 430 75 
2233 337 428 429 1188 
2234 428 32 33 243 
2235 429 33 34 242 
2236 1188 243 242 183 
2237 428 429 1188 243 
2238 428 243 33 429 
2239 429 1188 243 242 
2240 429 242 243 33 
2241 14 15 383 218 
2242 15 16 384 217 
2243 383 384 346 1184 
2244 218 217 1184 186 
2245 15 383 218 217 
2246 15 217 384 383 
2247 383 218 217 1184 
2248 383 1184 217 384 
2249 485 517 1182 516 
2250 517 58 390 57 
2251 1182 390 346 387 
2252 516 57 387 56 
2253 517 1182 516 57 
2254 517 57 390 1182 
2255 1182 516 57 387 
2256 1182 387 57 390 
2257 463 1224 1223 504 
2258 1224 344 1221 367 
2259 1223 1221 164 1277 
2260 504 367 1277 48 
2261 1224 1223 504 367 
2262 1224 367 1221 1223 
2263 1223 504 367 1277 
2264 1223 1277 367 1221 
2265 348 395 1211 1213 
2266 395 60 520 1244 
2267 1211 520 497 1212 
2268 1213 1244 1212 198 
2269 395 1211 1213 1244 
2270 395 1244 520 1211 
2271 1211 1213 1244 1212 
2272 1211 1212 1244 520 
2273 185 323 324 1259 
2274 323 176 316 1279 
2275 324 316 179 1278 
2276 1259 1279 1278 475 
2277 323 324 1259 1279 
2278 323 1279 316 324 
2279 324 1259 1279 1278 
2280 324 1278 1279 316 
2281 347 1208 382 1209 
2282 1208 193 1254 1210 
2283 382 1254 54 511 
2284 1209 1210 511 492 
2285 1208 382 1209 1210 
2286 1208 1210 1254 382 
2287 382 1209 1210 511 
2288 382 511 1210 1254 
2289 352 1280 449 1281 
2290 1280 191 254 1283 
2291 449 254 42 1282 
2292 1281 1283 1282 490 
2293 1280 449 1281 1283 
2294 1280 1283 254 449 
2295 449 1281 1283 1282 
2296 449 1282 1283 254 
2297 50 507 372 51 
2298 507 486 1269 508 
2299 372 1269 345 375 
2300 51 508 375 52 
2301 507 372 51 508 
2302 507 508 1269 372 
2303 372 51 508 375 
2304 372 375 508 1269 
2305 10 9 208 369 
2306 9 8 209 368 
2307 208 209 187 1226 
2308 369 368 1226 345 
2309 9 208 369 368 
2310 9 368 209 208 
2311 208 369 368 1226 
2312 208 1226 368 209 
2313 2 502 87 359 
2314 502 483 501 1175 
2315 87 501 86 363 
2316 359 1175 363 350 
2317 502 87 359 1175 
2318 502 1175 501 87 
2319 87 359 1175 363 
2320 87 363 1175 501 
2321 1 45 202 358 
2322 45 44 203 361 
2323 202 203 184 1174 
2324 358 361 1174 350 
2325 45 202 358 361 
2326 45 361 203 202 
2327 202 358 361 1174 
2328 202 1174 361 203 
2329 475 1275 1279 618 
2330 1275 182 326 1285 
2331 1279 326 176 1284 
2332 618 1285 1284 480 
2333 1275 1279 618 1285 
2334 1275 1285 326 1279 
2335 1279 618 1285 1284 
2336 1279 1284 1285 326 
2337 463 1286 575 577 
2338 1286 196 1250 1253 
2339 575 1250 480 578 
2340 577 1253 578 495 
2341 1286 575 577 1253 
2342 1286 1253 1250 575 
2343 575 577 1253 578 
2344 575 578 1253 1250 
2345 472 603 600 1287 
2346 603 493 602 1289 
2347 600 602 470 1288 
2348 1287 1289 1288 194 
2349 603 600 1287 1289 
2350 603 1289 602 600 
2351 600 1287 1289 1288 
2352 600 1288 1289 602 
2353 465 1290 1235 1200 
2354 1290 183 242 247 
2355 1235 242 34 246 
2356 1200 247 246 166 
2357 1290 1235 1200 247 
2358 1290 247 242 1235 
2359 1235 1200 247 246 
2360 1235 246 247 242 
2361 347 373 1208 377 
2362 373 10 212 376 
2363 1208 212 193 1207 
2364 377 376 1207 52 
2365 373 1208 377 376 
2366 373 376 212 1208 
2367 1208 377 376 1207 
2368 1208 1207 376 212 
2369 490 1281 1283 553 
2370 1281 352 1280 452 
2371 1283 1280 191 1291 
2372 553 452 1291 82 
2373 1281 1283 553 452 
2374 1281 452 1280 1283 
2375 1283 553 452 1291 
2376 1283 1291 452 1280 
2377 6 5 200 360 
2378 5 1 201 357 
2379 200 201 199 1217 
2380 360 357 1217 343 
2381 5 200 360 357 
2382 5 357 201 200 
2383 200 360 357 1217 
2384 200 1217 357 201 
2385 48 47 362 500 
2386 47 2 356 499 
2387 362 356 343 1219 
2388 500 499 1219 498 
2389 47 362 500 499 
2390 47 499 356 362 
2391 362 500 499 1219 
2392 362 1219 499 356 
2393 12 11 211 374 
2394 11 10 212 373 
2395 211 212 193 1208 
2396 374 373 1208 347 
2397 11 211 374 373 
2398 11 373 212 211 
2399 211 374 373 1208 
2400 211 1208 373 212 
2401 54 53 382 511 
2402 53 52 377 510 
2403 382 377 347 1209 
2404 511 510 1209 492 
2405 53 382 511 510 
2406 53 510 377 382 
2407 382 511 510 1209 
2408 382 1209 510 377 
2409 192 334 1293 270 
2410 334 186 1292 222 
2411 1293 1292 497 1212 
2412 270 222 1212 198 
2413 334 1293 270 222 
2414 334 222 1292 1293 
2415 1293 270 222 1212 
2416 1293 1212 222 1292 
2417 16 17 388 221 
2418 17 18 389 220 
2419 388 389 348 1213 
2420 221 220 1213 198 
2421 17 388 221 220 
2422 17 220 389 388 
2423 388 221 220 1213 
2424 388 1213 220 389 
2425 497 519 520 1211 
2426 519 58 59 392 
2427 520 59 60 395 
2428 1211 392 395 348 
2429 519 520 1211 392 
2430 519 392 59 520 
2431 520 1211 392 395 
2432 520 395 392 59 
2433 20 398 223 227 
2434 398 342 1165 1169 
2435 223 1165 162 228 
2436 227 1169 228 189 
2437 398 223 227 1169 
2438 398 1169 1165 223 
2439 223 227 1169 228 
2440 223 228 1169 1165 
2441 488 527 525 1236 
2442 527 461 523 1166 
2443 525 523 62 400 
2444 1236 1166 400 342 
2445 527 525 1236 1166 
2446 527 1166 523 525 
2447 525 1236 1166 400 
2448 525 400 1166 523 
2449 52 508 1207 510 
2450 508 486 1294 512 
2451 1207 1294 193 1210 
2452 510 512 1210 492 
2453 508 1207 510 512 
2454 508 512 1294 1207 
2455 1207 510 512 1210 
2456 1207 1210 512 1294 
2457 483 1295 501 1172 
2458 1295 168 1241 260 
2459 501 1241 86 1173 
2460 1172 260 1173 184 
2461 1295 501 1172 260 
2462 1295 260 1241 501 
2463 501 1172 260 1173 
2464 501 1173 260 1241 
2465 44 257 203 459 
2466 257 168 260 1241 
2467 203 260 184 1173 
2468 459 1241 1173 86 
2469 257 203 459 1241 
2470 257 1241 260 203 
2471 203 459 1241 1173 
2472 203 1173 1241 260 
2473 338 403 404 1179 
2474 403 22 23 226 
2475 404 23 24 229 
2476 1179 226 229 189 
2477 403 404 1179 226 
2478 403 226 23 404 
2479 404 1179 226 229 
2480 404 229 226 23 
2481 488 526 528 1230 
2482 526 64 65 405 
2483 528 65 66 410 
2484 1230 405 410 338 
2485 526 528 1230 405 
2486 526 405 65 528 
2487 528 1230 405 410 
2488 528 410 405 65 
2489 460 1266 1296 552 
2490 1266 169 262 1263 
2491 1296 262 170 1297 
2492 552 1263 1297 468 
2493 1266 1296 552 1263 
2494 1266 1263 262 1296 
2495 1296 552 1263 1297 
2496 1296 1297 1263 262 
2497 174 317 1299 311 
2498 317 179 1298 318 
2499 1299 1298 478 1272 
2500 311 318 1272 177 
2501 317 1299 311 318 
2502 317 318 1298 1299 
2503 1299 311 318 1272 
2504 1299 1272 318 1298 
2505 185 282 323 1259 
2506 282 182 326 1275 
2507 323 326 176 1279 
2508 1259 1275 1279 475 
2509 282 323 1259 1275 
2510 282 1275 326 323 
2511 323 1259 1275 1279 
2512 323 1279 1275 326 
2513 168 1295 1241 1228 
2514 1295 483 501 559 
2515 1241 501 86 557 
2516 1228 559 557 467 
2517 1295 1241 1228 559 
2518 1295 559 501 1241 
2519 1241 1228 559 557 
2520 1241 557 559 501 
2521 179 1298 324 1278 
2522 1298 478 1256 616 
2523 324 1256 185 1259 
2524 1278 616 1259 475 
2525 1298 324 1278 616 
2526 1298 616 1256 324 
2527 324 1278 616 1259 
2528 324 1259 616 1256 
2529 475 624 1275 618 
2530 624 481 1300 625 
2531 1275 1300 182 1285 
2532 618 625 1285 480 
2533 624 1275 618 625 
2534 624 625 1300 1275 
2535 1275 618 625 1285 
2536 1275 1285 625 1300 
2537 169 249 1263 1301 
2538 249 36 1265 438 
2539 1263 1265 468 1302 
2540 1301 438 1302 335 
2541 249 1263 1301 438 
2542 249 438 1265 1263 
2543 1263 1301 438 1302 
2544 1263 1302 438 1265 
2545 80 1267 548 445 
2546 1267 169 1263 1301 
2547 548 1263 468 1302 
2548 445 1301 1302 335 
2549 1267 548 445 1301 
2550 1267 1301 1263 548 
2551 548 445 1301 1302 
2552 548 1302 1301 1263 
2553 481 632 1300 625 
2554 632 486 1303 576 
2555 1300 1303 182 1285 
2556 625 576 1285 480 
2557 632 1300 625 576 
2558 632 576 1303 1300 
2559 1300 625 576 1285 
2560 1300 1285 576 1303 
2561 348 392 388 1213 
2562 392 58 391 1214 
2563 388 391 16 221 
2564 1213 1214 221 198 
2565 392 388 1213 1214 
2566 392 1214 391 388 
2567 388 1213 1214 221 
2568 388 221 1214 391 
2569 185 1276 1246 285 
2570 1276 485 633 1185 
2571 1246 633 491 1245 
2572 285 1185 1245 186 
2573 1276 1246 285 1185 
2574 1276 1185 633 1246 
2575 1246 285 1185 1245 
2576 1246 1245 1185 633 
2577 490 554 1281 553 
2578 554 84 457 83 
2579 1281 457 352 452 
2580 553 83 452 82 
2581 554 1281 553 83 
2582 554 83 457 1281 
2583 1281 553 83 452 
2584 1281 452 83 457 
2585 40 255 41 448 
2586 255 191 254 1280 
2587 41 254 42 449 
2588 448 1280 449 352 
2589 255 41 448 1280 
2590 255 1280 254 41 
2591 41 448 1280 449 
2592 41 449 1280 254 
2593 345 1226 369 375 
2594 1226 187 208 1304 
2595 369 208 10 376 
2596 375 1304 376 52 
2597 1226 369 375 1304 
2598 1226 1304 208 369 
2599 369 375 1304 376 
2600 369 376 1304 208 
2601 24 411 404 231 
2602 411 66 410 1237 
2603 404 410 338 1177 
2604 231 1237 1177 167 
2605 411 404 231 1237 
2606 411 1237 410 404 
2607 404 231 1237 1177 
2608 404 1177 1237 410 
2609 84 457 456 554 
2610 457 352 449 1281 
2611 456 449 42 1282 
2612 554 1281 1282 490 
2613 457 456 554 1281 
2614 457 1281 449 456 
2615 456 554 1281 1282 
2616 456 1282 1281 449 
2617 482 1305 1306 543 
2618 1305 197 275 1160 
2619 1306 275 194 1307 
2620 543 1160 1307 496 
2621 1305 1306 543 1160 
2622 1305 1160 275 1306 
2623 1306 543 1160 1307 
2624 1306 1307 1160 275 
2625 167 1177 231 232 
2626 1177 338 404 1179 
2627 231 404 24 229 
2628 232 1179 229 189 
2629 1177 231 232 1179 
2630 1177 1179 404 231 
2631 231 232 1179 229 
2632 231 229 1179 404 
2633 466 531 529 1176 
2634 531 488 528 1230 
2635 529 528 66 410 
2636 1176 1230 410 338 
2637 531 529 1176 1230 
2638 531 1230 528 529 
2639 529 1176 1230 410 
2640 529 410 1230 528 
2641 186 1308 1292 222 
2642 1308 58 519 1214 
2643 1292 519 497 1212 
2644 222 1214 1212 198 
2645 1308 1292 222 1214 
2646 1308 1214 519 1292 
2647 1292 222 1214 1212 
2648 1292 1212 1214 519 
2649 341 423 424 1192 
2650 423 30 31 240 
2651 424 31 32 239 
2652 1192 240 239 197 
2653 423 424 1192 240 
2654 423 240 31 424 
2655 424 1192 240 239 
2656 424 239 240 31 
2657 72 538 425 73 
2658 538 496 1191 539 
2659 425 1191 341 432 
2660 73 539 432 74 
2661 538 425 73 539 
2662 538 539 1191 425 
2663 425 73 539 432 
2664 425 432 539 1191 
2665 477 1309 599 562 
2666 1309 170 1310 1311 
2667 599 1310 471 598 
2668 562 1311 598 469 
2669 1309 599 562 1311 
2670 1309 1311 1310 599 
2671 599 562 1311 598 
2672 599 598 1311 1310 
2673 185 1276 281 1258 
2674 1276 485 1271 584 
2675 281 1271 165 1312 
2676 1258 584 1312 484 
2677 1276 281 1258 584 
2678 1276 584 1271 281 
2679 281 1258 584 1312 
2680 281 1312 584 1271 
2681 164 1313 1314 1223 
2682 1313 480 576 575 
2683 1314 576 486 509 
2684 1223 575 509 463 
2685 1313 1314 1223 575 
2686 1313 575 576 1314 
2687 1314 1223 575 509 
2688 1314 509 575 576 
2689 70 535 1240 1232 
2690 535 462 1242 1180 
2691 1240 1242 190 238 
2692 1232 1180 238 163 
2693 535 1240 1232 1180 
2694 535 1180 1242 1240 
2695 1240 1232 1180 238 
2696 1240 238 1180 1242 
2697 174 1315 1316 307 
2698 1315 476 610 1318 
2699 1316 610 472 1317 
2700 307 1318 1317 173 
2701 1315 1316 307 1318 
2702 1315 1318 610 1316 
2703 1316 307 1318 1317 
2704 1316 1317 1318 610 
2705 460 1319 551 555 
2706 1319 191 1291 1283 
2707 551 1291 82 553 
2708 555 1283 553 490 
2709 1319 551 555 1283 
2710 1319 1283 1291 551 
2711 551 555 1283 553 
2712 551 553 1283 1291 
2713 166 286 250 1264 
2714 286 170 262 1297 
2715 250 262 169 1263 
2716 1264 1297 1263 468 
2717 286 250 1264 1297 
2718 286 1297 262 250 
2719 250 1264 1297 1263 
2720 250 1263 1297 262 
2721 161 252 253 1195 
2722 252 38 248 1202 
2723 253 248 169 1266 
2724 1195 1202 1266 460 
2725 252 253 1195 1202 
2726 252 1202 248 253 
2727 253 1195 1202 1266 
2728 253 1266 1202 248 
2729 36 1201 245 1265 
2730 1201 465 1200 549 
2731 245 1200 166 1264 
2732 1265 549 1264 468 
2733 1201 245 1265 549 
2734 1201 549 1200 245 
2735 245 1265 549 1264 
2736 245 1264 549 1200 
2737 78 545 441 547 
2738 545 465 1201 549 
2739 441 1201 36 1265 
2740 547 549 1265 468 
2741 545 441 547 549 
2742 545 549 1201 441 
2743 441 547 549 1265 
2744 441 1265 549 1201 
2745 38 248 1202 446 
2746 248 169 1266 1267 
2747 1202 1266 460 550 
2748 446 1267 550 80 
2749 248 1202 446 1267 
2750 248 1267 1266 1202 
2751 1202 446 1267 550 
2752 1202 550 1267 1266 
2753 497 569 1292 1293 
2754 569 491 1245 1247 
2755 1292 1245 186 334 
2756 1293 1247 334 192 
2757 569 1292 1293 1247 
2758 569 1247 1245 1292 
2759 1292 1293 1247 334 
2760 1292 334 1247 1245 
2761 177 328 1273 293 
2762 328 195 1262 266 
2763 1273 1262 494 1320 
2764 293 266 1320 189 
2765 328 1273 293 266 
2766 328 266 1262 1273 
2767 1273 293 266 1320 
2768 1273 1320 266 1262 
2769 190 233 1240 238 
2770 233 28 421 237 
2771 1240 421 70 1232 
2772 238 237 1232 163 
2773 233 1240 238 237 
2774 233 237 421 1240 
2775 1240 238 237 1232 
2776 1240 1232 237 421 
2777 476 589 590 1321 
2778 589 466 591 1323 
2779 590 591 487 1322 
2780 1321 1323 1322 188 
2781 589 590 1321 1323 
2782 589 1323 591 590 
2783 590 1321 1323 1322 
2784 590 1322 1323 591 
2785 342 398 399 1169 
2786 398 20 21 227 
2787 399 21 22 226 
2788 1169 227 226 189 
2789 398 399 1169 227 
2790 398 227 21 399 
2791 399 1169 227 226 
2792 399 226 227 21 
2793 64 526 63 407 
2794 526 488 525 1236 
2795 63 525 62 400 
2796 407 1236 400 342 
2797 526 63 407 1236 
2798 526 1236 525 63 
2799 63 407 1236 400 
2800 63 400 1236 525 
2801 476 590 610 1321 
2802 590 487 612 1322 
2803 610 612 472 1324 
2804 1321 1322 1324 188 
2805 590 610 1321 1322 
2806 590 1322 612 610 
2807 610 1321 1322 1324 
2808 610 1324 1322 612 
2809 183 1290 242 1189 
2810 1290 465 1235 546 
2811 242 1235 34 1186 
2812 1189 546 1186 482 
2813 1290 242 1189 546 
2814 1290 546 1235 242 
2815 242 1189 546 1186 
2816 242 1186 546 1235 
2817 34 436 1186 1235 
2818 436 76 542 544 
2819 1186 542 482 546 
2820 1235 544 546 465 
2821 436 1186 1235 544 
2822 436 544 542 1186 
2823 1186 1235 544 546 
2824 1186 546 544 542 
2825 182 1274 1300 1275 
2826 1274 484 581 623 
2827 1300 581 481 624 
2828 1275 623 624 475 
2829 1274 1300 1275 623 
2830 1274 623 581 1300 
2831 1300 1275 623 624 
2832 1300 624 623 581 
2833 470 1325 1326 586 
2834 1325 170 287 1328 
2835 1326 287 171 1327 
2836 586 1328 1327 465 
2837 1325 1326 586 1328 
2838 1325 1328 287 1326 
2839 1326 586 1328 1327 
2840 1326 1327 1328 287 
2841 193 216 1254 1255 
2842 216 165 1225 1206 
2843 1254 1225 54 513 
2844 1255 1206 513 464 
2845 216 1254 1255 1206 
2846 216 1206 1225 1254 
2847 1254 1255 1206 513 
2848 1254 513 1206 1225 
2849 191 1329 254 1283 
2850 1329 467 1215 558 
2851 254 1215 42 1282 
2852 1283 558 1282 490 
2853 1329 254 1283 558 
2854 1329 558 1215 254 
2855 254 1283 558 1282 
2856 254 1282 558 1215 
2857 171 288 1327 287 
2858 288 166 1200 286 
2859 1327 1200 465 1328 
2860 287 286 1328 170 
2861 288 1327 287 286 
2862 288 286 1200 1327 
2863 1327 287 286 1328 
2864 1327 1328 286 1200 
2865 498 1218 1220 503 
2866 1218 1 201 1331 
2867 1220 201 199 1330 
2868 503 1331 1330 483 
2869 1218 1220 503 1331 
2870 1218 1331 201 1220 
2871 1220 503 1331 1330 
2872 1220 1330 1331 201 
2873 40 255 448 451 
2874 255 191 1280 1291 
2875 448 1280 352 452 
2876 451 1291 452 82 
2877 255 448 451 1291 
2878 255 1291 1280 448 
2879 448 451 1291 452 
2880 448 452 1291 1280 
2881 70 420 421 1240 
2882 420 340 414 1239 
2883 421 414 28 233 
2884 1240 1239 233 190 
2885 420 421 1240 1239 
2886 420 1239 414 421 
2887 421 1240 1239 233 
2888 421 233 1239 414 
2889 188 1324 1321 313 
2890 1324 472 610 1317 
2891 1321 610 476 1318 
2892 313 1317 1318 173 
2893 1324 1321 313 1317 
2894 1324 1317 610 1321 
2895 1321 313 1317 1318 
2896 1321 1318 1317 610 
2897 473 611 605 1332 
2898 611 476 610 1315 
2899 605 610 472 1316 
2900 1332 1315 1316 174 
2901 611 605 1332 1315 
2902 611 1315 610 605 
2903 605 1332 1315 1316 
2904 605 1316 1315 610 
2905 171 1333 1326 304 
2906 1333 472 600 1287 
2907 1326 600 470 1288 
2908 304 1287 1288 194 
2909 1333 1326 304 1287 
2910 1333 1287 600 1326 
2911 1326 304 1287 1288 
2912 1326 1288 1287 600 
2913 343 356 357 1219 
2914 356 2 46 499 
2915 357 46 1 1218 
2916 1219 499 1218 498 
2917 356 357 1219 499 
2918 356 499 46 357 
2919 357 1219 499 1218 
2920 357 1218 499 46 
2921 482 543 1334 1305 
2922 543 496 1190 1160 
2923 1334 1190 32 239 
2924 1305 1160 239 197 
2925 543 1334 1305 1160 
2926 543 1160 1190 1334 
2927 1334 1305 1160 239 
2928 1334 239 1160 1190 
2929 38 37 248 439 
2930 37 36 249 438 
2931 248 249 169 1301 
2932 439 438 1301 335 
2933 37 248 439 438 
2934 37 438 249 248 
2935 248 439 438 1301 
2936 248 1301 438 249 
2937 468 547 548 1302 
2938 547 78 79 440 
2939 548 79 80 445 
2940 1302 440 445 335 
2941 547 548 1302 440 
2942 547 440 79 548 
2943 548 1302 440 445 
2944 548 445 440 79 
2945 179 1298 330 324 
2946 1298 478 1257 1256 
2947 330 1257 192 329 
2948 324 1256 329 185 
2949 1298 330 324 1256 
2950 1298 1256 1257 330 
2951 330 324 1256 329 
2952 330 329 1256 1257 
2953 176 315 316 1279 
2954 315 174 317 1335 
2955 316 317 179 1278 
2956 1279 1335 1278 475 
2957 315 316 1279 1335 
2958 315 1335 317 316 
2959 316 1279 1335 1278 
2960 316 1278 1335 317 
2961 476 611 617 1315 
2962 611 473 615 1332 
2963 617 615 478 1299 
2964 1315 1332 1299 174 
2965 611 617 1315 1332 
2966 611 1332 615 617 
2967 617 1315 1332 1299 
2968 617 1299 1332 615 
2969 489 533 1238 532 
2970 533 70 420 69 
2971 1238 420 340 415 
2972 532 69 415 68 
2973 533 1238 532 69 
2974 533 69 420 1238 
2975 1238 532 69 415 
2976 1238 415 69 420 
2977 26 27 413 234 
2978 27 28 414 233 
2979 413 414 340 1239 
2980 234 233 1239 190 
2981 27 413 234 233 
2982 27 233 414 413 
2983 413 234 233 1239 
2984 413 1239 233 414 
2985 470 1325 586 587 
2986 1325 170 1328 1311 
2987 586 1328 465 585 
2988 587 1311 585 469 
2989 1325 586 587 1311 
2990 1325 1311 1328 586 
2991 586 587 1311 585 
2992 586 585 1311 1328 
2993 12 211 215 381 
2994 211 193 216 1254 
2995 215 216 165 1225 
2996 381 1254 1225 54 
2997 211 215 381 1254 
2998 211 1254 216 215 
2999 215 381 1254 1225 
3000 215 1225 1254 216 
3001 18 396 220 224 
3002 396 60 1244 1234 
3003 220 1244 198 225 
3004 224 1234 225 162 
3005 396 220 224 1234 
3006 396 1234 1244 220 
3007 220 224 1234 225 
3008 220 225 1234 1244 
3009 478 1257 1261 1298 
3010 1257 192 268 330 
3011 1261 268 195 327 
3012 1298 330 327 179 
3013 1257 1261 1298 330 
3014 1257 330 268 1261 
3015 1261 1298 330 327 
3016 1261 327 330 268 
3017 476 1315 1336 1318 
3018 1315 174 311 307 
3019 1336 311 177 312 
3020 1318 307 312 173 
3021 1315 1336 1318 307 
3022 1315 307 311 1336 
3023 1336 1318 307 312 
3024 1336 312 307 311 
3025 164 1314 1222 1223 
3026 1314 486 507 509 
3027 1222 507 50 505 
3028 1223 509 505 463 
3029 1314 1222 1223 509 
3030 1314 509 507 1222 
3031 1222 1223 509 505 
3032 1222 505 509 507 
3033 181 320 325 1337 
3034 320 176 326 1284 
3035 325 326 182 1285 
3036 1337 1284 1285 480 
3037 320 325 1337 1284 
3038 320 1284 326 325 
3039 325 1337 1284 1285 
3040 325 1285 1284 326 
3041 181 325 276 1338 
3042 325 182 333 1303 
3043 276 333 187 1270 
3044 1338 1303 1270 486 
3045 325 276 1338 1303 
3046 325 1303 333 276 
3047 276 1338 1303 1270 
3048 276 1270 1303 333 
3049 486 1338 1303 576 
3050 1338 181 325 1337 
3051 1303 325 182 1285 
3052 576 1337 1285 480 
3053 1338 1303 576 1337 
3054 1338 1337 325 1303 
3055 1303 576 1337 1285 
3056 1303 1285 1337 325 
3057 191 1319 1291 256 
3058 1319 460 551 1195 
3059 1291 551 82 1197 
3060 256 1195 1197 161 
3061 1319 1291 256 1195 
3062 1319 1195 551 1291 
3063 1291 256 1195 1197 
3064 1291 1197 1195 551 
3065 191 255 256 1291 
3066 255 40 251 451 
3067 256 251 161 1197 
3068 1291 451 1197 82 
3069 255 256 1291 451 
3070 255 451 251 256 
3071 256 1291 451 1197 
3072 256 1197 451 251 
3073 493 603 572 1289 
3074 603 472 612 1287 
3075 572 612 487 1339 
3076 1289 1287 1339 194 
3077 603 572 1289 1287 
3078 603 1287 612 572 
3079 572 1289 1287 1339 
3080 572 1339 1287 612 
3081 170 298 1325 287 
3082 298 172 1340 299 
3083 1325 1340 470 1326 
3084 287 299 1326 171 
3085 298 1325 287 299 
3086 298 299 1340 1325 
3087 1325 287 299 1326 
3088 1325 1326 299 1340 
3089 8 205 209 371 
3090 205 164 210 1222 
3091 209 210 187 1227 
3092 371 1222 1227 50 
3093 205 209 371 1222 
3094 205 1222 210 209 
3095 209 371 1222 1227 
3096 209 1227 1222 210 
3097 174 1299 1315 311 
3098 1299 478 617 1272 
3099 1315 617 476 1336 
3100 311 1272 1336 177 
3101 1299 1315 311 1272 
3102 1299 1272 617 1315 
3103 1315 311 1272 1336 
3104 1315 1336 1272 617 
3105 482 1334 541 1187 
3106 1334 32 431 428 
3107 541 431 74 430 
3108 1187 428 430 337 
3109 1334 541 1187 428 
3110 1334 428 431 541 
3111 541 1187 428 430 
3112 541 430 428 431 
3113 185 281 282 1258 
3114 281 165 283 1312 
3115 282 283 182 1274 
3116 1258 1312 1274 484 
3117 281 282 1258 1312 
3118 281 1312 283 282 
3119 282 1258 1312 1274 
3120 282 1274 1312 283 
3121 172 1341 300 1343 
3122 1341 474 1342 608 
3123 300 1342 178 1344 
3124 1343 608 1344 471 
3125 1341 300 1343 608 
3126 1341 608 1342 300 
3127 300 1343 608 1344 
3128 300 1344 608 1342 
3129 466 1345 1323 589 
3130 1345 177 291 1336 
3131 1323 291 188 1321 
3132 589 1336 1321 476 
3133 1345 1323 589 1336 
3134 1345 1336 291 1323 
3135 1323 589 1336 1321 
3136 1323 1321 1336 291 
3137 177 1345 291 292 
3138 1345 466 1323 1170 
3139 291 1323 188 290 
3140 292 1170 290 167 
3141 1345 291 292 1170 
3142 1345 1170 1323 291 
3143 291 292 1170 290 
3144 291 290 1170 1323 
3145 192 1346 1260 268 
3146 1346 461 565 1347 
3147 1260 565 494 1262 
3148 268 1347 1262 195 
3149 1346 1260 268 1347 
3150 1346 1347 565 1260 
3151 1260 268 1347 1262 
3152 1260 1262 1347 565 
3153 476 1336 1321 1318 
3154 1336 177 291 312 
3155 1321 291 188 313 
3156 1318 312 313 173 
3157 1336 1321 1318 312 
3158 1336 312 291 1321 
3159 1321 1318 312 313 
3160 1321 313 312 291 
3161 496 543 574 1307 
3162 543 482 604 1306 
3163 574 604 493 1289 
3164 1307 1306 1289 194 
3165 543 574 1307 1306 
3166 543 1306 604 574 
3167 574 1307 1306 1289 
3168 574 1289 1306 604 
3169 484 584 1312 582 
3170 584 485 1271 518 
3171 1312 1271 165 1206 
3172 582 518 1206 464 
3173 584 1312 582 518 
3174 584 518 1271 1312 
3175 1312 582 518 1206 
3176 1312 1206 518 1271 
3177 42 1215 456 1282 
3178 1215 467 556 558 
3179 456 556 84 554 
3180 1282 558 554 490 
3181 1215 456 1282 558 
3182 1215 558 556 456 
3183 456 1282 558 554 
3184 456 554 558 556 
3185 165 219 1271 281 
3186 219 186 1185 285 
3187 1271 1185 485 1276 
3188 281 285 1276 185 
3189 219 1271 281 285 
3190 219 285 1185 1271 
3191 1271 281 285 1276 
3192 1271 1276 285 1185 
3193 478 1298 1299 616 
3194 1298 179 317 1278 
3195 1299 317 174 1335 
3196 616 1278 1335 475 
3197 1298 1299 616 1278 
3198 1298 1278 317 1299 
3199 1299 616 1278 1335 
3200 1299 1335 1278 317 
3201 487 1348 591 571 
3202 1348 190 1157 1153 
3203 591 1157 466 534 
3204 571 1153 534 489 
3205 1348 591 571 1153 
3206 1348 1153 1157 591 
3207 591 571 1153 534 
3208 591 534 1153 1157 
3209 179 327 1298 318 
3210 327 195 1261 328 
3211 1298 1261 478 1272 
3212 318 328 1272 177 
3213 327 1298 318 328 
3214 327 328 1261 1298 
3215 1298 318 328 1272 
3216 1298 1272 328 1261 
3217 491 567 568 1247 
3218 567 461 565 1346 
3219 568 565 494 1260 
3220 1247 1346 1260 192 
3221 567 568 1247 1346 
3222 567 1346 565 568 
3223 568 1247 1346 1260 
3224 568 1260 1346 565 
3225 180 1251 1252 1349 
3226 1251 480 578 621 
3227 1252 578 495 630 
3228 1349 621 630 479 
3229 1251 1252 1349 621 
3230 1251 621 578 1252 
3231 1252 1349 621 630 
3232 1252 630 621 578 
3233 471 1310 597 598 
3234 1310 170 1325 1311 
3235 597 1325 470 587 
3236 598 1311 587 469 
3237 1310 597 598 1311 
3238 1310 1311 1325 597 
3239 597 598 1311 587 
3240 597 587 1311 1325 
3241 480 1313 576 1337 
3242 1313 164 1314 277 
3243 576 1314 486 1338 
3244 1337 277 1338 181 
3245 1313 576 1337 277 
3246 1313 277 1314 576 
3247 576 1337 277 1338 
3248 576 1338 277 1314 
3249 164 277 210 1314 
3250 277 181 276 1338 
3251 210 276 187 1270 
3252 1314 1338 1270 486 
3253 277 210 1314 1338 
3254 277 1338 276 210 
3255 210 1314 1338 1270 
3256 210 1270 1338 276 
3257 187 1226 1270 1304 
3258 1226 345 1269 375 
3259 1270 1269 486 508 
3260 1304 375 508 52 
3261 1226 1270 1304 375 
3262 1226 375 1269 1270 
3263 1270 1304 375 508 
3264 1270 508 375 1269 
3265 164 206 207 1277 
3266 206 6 200 366 
3267 207 200 199 1248 
3268 1277 366 1248 48 
3269 206 207 1277 366 
3270 206 366 200 207 
3271 207 1277 366 1248 
3272 207 1248 366 200 
3273 195 1347 1262 266 
3274 1347 461 565 1168 
3275 1262 565 494 1320 
3276 266 1168 1320 189 
3277 1347 1262 266 1168 
3278 1347 1168 565 1262 
3279 1262 266 1168 1320 
3280 1262 1320 1168 565 
3281 196 1286 1250 279 
3282 1286 463 575 1223 
3283 1250 575 480 1313 
3284 279 1223 1313 164 
3285 1286 1250 279 1223 
3286 1286 1223 575 1250 
3287 1250 279 1223 1313 
3288 1250 1313 1223 575 
3289 194 304 1287 303 
3290 304 171 1333 302 
3291 1287 1333 472 1317 
3292 303 302 1317 173 
3293 304 1287 303 302 
3294 304 302 1333 1287 
3295 1287 303 302 1317 
3296 1287 1317 302 1333 
3297 463 1223 1249 504 
3298 1223 164 207 1277 
3299 1249 207 199 1248 
3300 504 1277 1248 48 
3301 1223 1249 504 1277 
3302 1223 1277 207 1249 
3303 1249 504 1277 1248 
3304 1249 1248 1277 207 
3305 482 1306 588 604 
3306 1306 194 1288 1289 
3307 588 1288 470 602 
3308 604 1289 602 493 
3309 1306 588 604 1289 
3310 1306 1289 1288 588 
3311 588 604 1289 602 
3312 588 602 1289 1288 
3313 171 1326 1333 299 
3314 1326 470 600 1340 
3315 1333 600 472 1350 
3316 299 1340 1350 172 
3317 1326 1333 299 1340 
3318 1326 1340 600 1333 
3319 1333 299 1340 1350 
3320 1333 1350 1340 600 
3321 167 292 1170 232 
3322 292 177 1345 293 
3323 1170 1345 466 1178 
3324 232 293 1178 189 
3325 292 1170 232 293 
3326 292 293 1345 1170 
3327 1170 232 293 1178 
3328 1170 1178 293 1345 
3329 488 531 592 1351 
3330 531 466 589 1345 
3331 592 589 476 1336 
3332 1351 1345 1336 177 
3333 531 592 1351 1345 
3334 531 1345 589 592 
3335 592 1351 1345 1336 
3336 592 1336 1345 589 
3337 462 570 537 1242 
3338 570 487 571 1348 
3339 537 571 489 1153 
3340 1242 1348 1153 190 
3341 570 537 1242 1348 
3342 570 1348 571 537 
3343 537 1242 1348 1153 
3344 537 1153 1348 571 
3345 181 278 322 1337 
3346 278 196 331 1250 
3347 322 331 180 1251 
3348 1337 1250 1251 480 
3349 278 322 1337 1250 
3350 278 1250 331 322 
3351 322 1337 1250 1251 
3352 322 1251 1250 331 
3353 467 1329 1215 1228 
3354 1329 191 254 259 
3355 1215 254 42 258 
3356 1228 259 258 168 
3357 1329 1215 1228 259 
3358 1329 259 254 1215 
3359 1215 1228 259 258 
3360 1215 258 259 254 
3361 461 1243 522 1167 
3362 1243 198 1244 225 
3363 522 1244 60 1234 
3364 1167 225 1234 162 
3365 1243 522 1167 225 
3366 1243 225 1244 522 
3367 522 1167 225 1234 
3368 522 1234 225 1244 
3369 496 1164 1191 1160 
3370 1164 30 423 240 
3371 1191 423 341 1192 
3372 1160 240 1192 197 
3373 1164 1191 1160 240 
3374 1164 240 423 1191 
3375 1191 1160 240 1192 
3376 1191 1192 240 423 
3377 346 390 1182 1184 
3378 390 58 517 1308 
3379 1182 517 485 1185 
3380 1184 1308 1185 186 
3381 390 1182 1184 1308 
3382 390 1308 517 1182 
3383 1182 1184 1308 1185 
3384 1182 1185 1308 517 
3385 172 300 298 1343 
3386 300 178 264 1344 
3387 298 264 170 1310 
3388 1343 1344 1310 471 
3389 300 298 1343 1344 
3390 300 1344 264 298 
3391 298 1343 1344 1310 
3392 298 1310 1344 264 
3393 170 261 262 1296 
3394 261 161 253 1195 
3395 262 253 169 1266 
3396 1296 1195 1266 460 
3397 261 262 1296 1195 
3398 261 1195 253 262 
3399 262 1296 1195 1266 
3400 262 1266 1195 253 
3401 477 1352 1309 563 
3402 1352 161 261 1195 
3403 1309 261 170 1296 
3404 563 1195 1296 460 
3405 1352 1309 563 1195 
3406 1352 1195 261 1309 
3407 1309 563 1195 1296 
3408 1309 1296 1195 261 
3409 464 1255 580 515 
3410 1255 193 1353 1210 
3411 580 1353 481 583 
3412 515 1210 583 492 
3413 1255 580 515 1210 
3414 1255 1210 1353 580 
3415 580 515 1210 583 
3416 580 583 1210 1353 
3417 474 1354 1342 620 
3418 1354 180 295 1349 
3419 1342 295 178 1355 
3420 620 1349 1355 479 
3421 1354 1342 620 1349 
3422 1354 1349 295 1342 
3423 1342 620 1349 1355 
3424 1342 1355 1349 295 
3425 18 19 393 224 
3426 19 20 394 223 
3427 393 394 349 1233 
3428 224 223 1233 162 
3429 19 393 224 223 
3430 19 223 394 393 
3431 393 224 223 1233 
3432 393 1233 223 394 
3433 461 522 523 1268 
3434 522 60 61 397 
3435 523 61 62 402 
3436 1268 397 402 349 
3437 522 523 1268 397 
3438 522 397 61 523 
3439 523 1268 397 402 
3440 523 402 397 61 
3441 347 1208 374 382 
3442 1208 193 211 1254 
3443 374 211 12 381 
3444 382 1254 381 54 
3445 1208 374 382 1254 
3446 1208 1254 211 374 
3447 374 382 1254 381 
3448 374 381 1254 211 
3449 16 391 384 217 
3450 391 58 390 1308 
3451 384 390 346 1184 
3452 217 1308 1184 186 
3453 391 384 217 1308 
3454 391 1308 390 384 
3455 384 217 1308 1184 
3456 384 1184 1308 390 
3457 170 1311 1296 1297 
3458 1311 469 561 560 
3459 1296 561 460 552 
3460 1297 560 552 468 
3461 1311 1296 1297 560 
3462 1311 560 561 1296 
3463 1296 1297 560 552 
3464 1296 552 560 561 
3465 176 314 315 1279 
3466 314 175 309 1356 
3467 315 309 174 1335 
3468 1279 1356 1335 475 
3469 314 315 1279 1356 
3470 314 1356 309 315 
3471 315 1279 1356 1335 
3472 315 1335 1356 309 
3473 470 1357 586 1326 
3474 1357 183 1290 289 
3475 586 1290 465 1327 
3476 1326 289 1327 171 
3477 1357 586 1326 289 
3478 1357 289 1290 586 
3479 586 1326 289 1327 
3480 586 1327 289 1290 
3481 469 562 1311 561 
3482 562 477 1309 563 
3483 1311 1309 170 1296 
3484 561 563 1296 460 
3485 562 1311 561 563 
3486 562 563 1309 1311 
3487 1311 561 563 1296 
3488 1311 1296 563 1309 
3489 465 1290 1200 1327 
3490 1290 183 247 289 
3491 1200 247 166 288 
3492 1327 289 288 171 
3493 1290 1200 1327 289 
3494 1290 289 247 1200 
3495 1200 1327 289 288 
3496 1200 288 289 247 
3497 337 1187 428 1188 
3498 1187 482 1334 1189 
3499 428 1334 32 243 
3500 1188 1189 243 183 
3501 1187 428 1188 1189 
3502 1187 1189 1334 428 
3503 428 1188 1189 243 
3504 428 243 1189 1334 
3505 167 230 231 1171 
3506 230 26 25 409 
3507 231 25 24 408 
3508 1171 409 408 354 
3509 230 231 1171 409 
3510 230 409 25 231 
3511 231 1171 409 408 
3512 231 408 409 25 
3513 466 529 530 1158 
3514 529 66 67 412 
3515 530 67 68 417 
3516 1158 412 417 354 
3517 529 530 1158 412 
3518 529 412 67 530 
3519 530 1158 412 417 
3520 530 417 412 67 
3521 468 1265 547 1302 
3522 1265 36 441 438 
3523 547 441 78 440 
3524 1302 438 440 335 
3525 1265 547 1302 438 
3526 1265 438 441 547 
3527 547 1302 438 440 
3528 547 440 438 441 
3529 80 446 1267 445 
3530 446 38 248 439 
3531 1267 248 169 1301 
3532 445 439 1301 335 
3533 446 1267 445 439 
3534 446 439 248 1267 
3535 1267 445 439 1301 
3536 1267 1301 439 248 
3537 165 1312 1206 1358 
3538 1312 484 582 581 
3539 1206 582 464 580 
3540 1358 581 580 481 
3541 1312 1206 1358 581 
3542 1312 581 582 1206 
3543 1206 1358 581 580 
3544 1206 580 581 582 
3545 349 402 1268 1233 
3546 402 62 523 1193 
3547 1268 523 461 1167 
3548 1233 1193 1167 162 
3549 402 1268 1233 1193 
3550 402 1193 523 1268 
3551 1268 1233 1193 1167 
3552 1268 1167 1193 523 
3553 18 396 389 220 
3554 396 60 395 1244 
3555 389 395 348 1213 
3556 220 1244 1213 198 
3557 396 389 220 1244 
3558 396 1244 395 389 
3559 389 220 1244 1213 
3560 389 1213 1244 395 
3561 486 1270 1314 507 
3562 1270 187 210 1227 
3563 1314 210 164 1222 
3564 507 1227 1222 50 
3565 1270 1314 507 1227 
3566 1270 1227 210 1314 
3567 1314 507 1227 1222 
3568 1314 1222 1227 210 
3569 187 213 208 1304 
3570 213 193 212 1207 
3571 208 212 10 376 
3572 1304 1207 376 52 
3573 213 208 1304 1207 
3574 213 1207 212 208 
3575 208 1304 1207 376 
3576 208 376 1207 212 
3577 474 1341 1342 1359 
3578 1341 172 300 308 
3579 1342 300 178 310 
3580 1359 308 310 175 
3581 1341 1342 1359 308 
3582 1341 308 300 1342 
3583 1342 1359 308 310 
3584 1342 310 308 300 
3585 471 608 1344 599 
3586 608 474 1342 609 
3587 1344 1342 178 1360 
3588 599 609 1360 477 
3589 608 1344 599 609 
3590 608 609 1342 1344 
3591 1344 599 609 1360 
3592 1344 1360 609 1342 
3593 496 1159 1160 1307 
3594 1159 163 241 273 
3595 1160 241 197 275 
3596 1307 273 275 194 
3597 1159 1160 1307 273 
3598 1159 273 241 1160 
3599 1160 1307 273 275 
3600 1160 275 273 241 
3601 170 286 1328 1297 
3602 286 166 1200 1264 
3603 1328 1200 465 549 
3604 1297 1264 549 468 
3605 286 1328 1297 1264 
3606 286 1264 1200 1328 
3607 1328 1297 1264 549 
3608 1328 549 1264 1200 
3609 477 593 1361 564 
3610 593 467 1329 558 
3611 1361 1329 191 1283 
3612 564 558 1283 490 
3613 593 1361 564 558 
3614 593 558 1329 1361 
3615 1361 564 558 1283 
3616 1361 1283 558 1329 
3617 174 1332 1299 1335 
3618 1332 473 615 613 
3619 1299 615 478 616 
3620 1335 613 616 475 
3621 1332 1299 1335 613 
3622 1332 613 615 1299 
3623 1299 1335 613 616 
3624 1299 616 613 615 
3625 491 633 569 1245 
3626 633 485 521 1185 
3627 569 521 497 1292 
3628 1245 1185 1292 186 
3629 633 569 1245 1185 
3630 633 1185 521 569 
3631 569 1245 1185 1292 
3632 569 1292 1185 521 
3633 66 529 1237 412 
3634 529 466 1170 1158 
3635 1237 1170 167 1171 
3636 412 1158 1171 354 
3637 529 1237 412 1158 
3638 529 1158 1170 1237 
3639 1237 412 1158 1171 
3640 1237 1171 1158 1170 
3641 492 512 1210 583 
3642 512 486 1294 632 
3643 1210 1294 193 1353 
3644 583 632 1353 481 
3645 512 1210 583 632 
3646 512 632 1294 1210 
3647 1210 583 632 1353 
3648 1210 1353 632 1294 
3649 463 1249 1286 506 
3650 1249 199 280 1220 
3651 1286 280 196 1362 
3652 506 1220 1362 498 
3653 1249 1286 506 1220 
3654 1249 1220 280 1286 
3655 1286 506 1220 1362 
3656 1286 1362 1220 280 
3657 173 302 1317 301 
3658 302 171 1333 299 
3659 1317 1333 472 1350 
3660 301 299 1350 172 
3661 302 1317 301 299 
3662 302 299 1333 1317 
3663 1317 301 299 1350 
3664 1317 1350 299 1333 
3665 475 1279 1356 618 
3666 1279 176 314 1284 
3667 1356 314 175 1363 
3668 618 1284 1363 480 
3669 1279 1356 618 1284 
3670 1279 1284 314 1356 
3671 1356 618 1284 1363 
3672 1356 1363 1284 314 
3673 343 1217 360 362 
3674 1217 199 200 1248 
3675 360 200 6 366 
3676 362 1248 366 48 
3677 1217 360 362 1248 
3678 1217 1248 200 360 
3679 360 362 1248 366 
3680 360 366 1248 200 
3681 483 502 1331 1175 
3682 502 2 46 359 
3683 1331 46 1 358 
3684 1175 359 358 350 
3685 502 1331 1175 359 
3686 502 359 46 1331 
3687 1331 1175 359 358 
3688 1331 358 359 46 
3689 469 1311 585 560 
3690 1311 170 1328 1297 
3691 585 1328 465 549 
3692 560 1297 549 468 
3693 1311 585 560 1297 
3694 1311 1297 1328 585 
3695 585 560 1297 549 
3696 585 549 1297 1328 
3697 192 1293 1346 270 
3698 1293 497 524 1212 
3699 1346 524 461 1243 
3700 270 1212 1243 198 
3701 1293 1346 270 1212 
3702 1293 1212 524 1346 
3703 1346 270 1212 1243 
3704 1346 1243 1212 524 
3705 470 1357 1326 1288 
3706 1357 183 289 305 
3707 1326 289 171 304 
3708 1288 305 304 194 
3709 1357 1326 1288 305 
3710 1357 305 289 1326 
3711 1326 1288 305 304 
3712 1326 304 305 289 
3713 497 521 519 1292 
3714 521 485 517 1185 
3715 519 517 58 1308 
3716 1292 1185 1308 186 
3717 521 519 1292 1185 
3718 521 1185 517 519 
3719 519 1292 1185 1308 
3720 519 1308 1185 517 
3721 484 1312 1274 581 
3722 1312 165 283 1358 
3723 1274 283 182 1300 
3724 581 1358 1300 481 
3725 1312 1274 581 1358 
3726 1312 1358 283 1274 
3727 1274 581 1358 1300 
3728 1274 1300 1358 283 
3729 476 617 626 1336 
3730 617 478 627 1272 
3731 626 627 494 1273 
3732 1336 1272 1273 177 
3733 617 626 1336 1272 
3734 617 1272 627 626 
3735 626 1336 1272 1273 
3736 626 1273 1272 627 
3737 178 296 1364 1355 
3738 296 168 1228 1365 
3739 1364 1228 467 595 
3740 1355 1365 595 479 
3741 296 1364 1355 1365 
3742 296 1365 1228 1364 
3743 1364 1355 1365 595 
3744 1364 595 1365 1228 
3745 480 1250 1313 1337 
3746 1250 196 279 278 
3747 1313 279 164 277 
3748 1337 278 277 181 
3749 1250 1313 1337 278 
3750 1250 278 279 1313 
3751 1313 1337 278 277 
3752 1313 277 278 279 
3753 170 1309 1310 264 
3754 1309 477 599 1360 
3755 1310 599 471 1344 
3756 264 1360 1344 178 
3757 1309 1310 264 1360 
3758 1309 1360 599 1310 
3759 1310 264 1360 1344 
3760 1310 1344 1360 599 
3761 68 416 415 1154 
3762 416 26 413 234 
3763 415 413 340 1239 
3764 1154 234 1239 190 
3765 416 415 1154 234 
3766 416 234 413 415 
3767 415 1154 234 1239 
3768 415 1239 234 413 
3769 74 539 431 541 
3770 539 496 1190 543 
3771 431 1190 32 1334 
3772 541 543 1334 482 
3773 539 431 541 543 
3774 539 543 1190 431 
3775 431 541 543 1334 
3776 431 1334 543 1190 
3777 64 406 405 1366 
3778 406 22 403 226 
3779 405 403 338 1179 
3780 1366 226 1179 189 
3781 406 405 1366 226 
3782 406 226 403 405 
3783 405 1366 226 1179 
3784 405 1179 226 403 
3785 483 1331 1172 1175 
3786 1331 1 202 358 
3787 1172 202 184 1174 
3788 1175 358 1174 350 
3789 1331 1172 1175 358 
3790 1331 358 202 1172 
3791 1172 1175 358 1174 
3792 1172 1174 358 202 
3793 188 1324 274 1322 
3794 1324 472 1287 612 
3795 274 1287 194 1339 
3796 1322 612 1339 487 
3797 1324 274 1322 612 
3798 1324 612 1287 274 
3799 274 1322 612 1339 
3800 274 1339 612 1287 
3801 16 391 217 221 
3802 391 58 1308 1214 
3803 217 1308 186 222 
3804 221 1214 222 198 
3805 391 217 221 1214 
3806 391 1214 1308 217 
3807 217 221 1214 222 
3808 217 222 1214 1308 
3809 460 563 1319 555 
3810 563 477 1361 564 
3811 1319 1361 191 1283 
3812 555 564 1283 490 
3813 563 1319 555 564 
3814 563 564 1361 1319 
3815 1319 555 564 1283 
3816 1319 1283 564 1361 
3817 183 1357 1290 1189 
3818 1357 470 586 588 
3819 1290 586 465 546 
3820 1189 588 546 482 
3821 1357 1290 1189 588 
3822 1357 588 586 1290 
3823 1290 1189 588 546 
3824 1290 546 588 586 
3825 170 1310 1325 298 
3826 1310 471 597 1343 
3827 1325 597 470 1340 
3828 298 1343 1340 172 
3829 1310 1325 298 1343 
3830 1310 1343 597 1325 
3831 1325 298 1343 1340 
3832 1325 1340 1343 597 
3833 472 1324 1287 1317 
3834 1324 188 274 313 
3835 1287 274 194 303 
3836 1317 313 303 173 
3837 1324 1287 1317 313 
3838 1324 313 274 1287 
3839 1287 1317 313 303 
3840 1287 303 313 274 
3841 472 1316 1317 1350 
3842 1316 174 307 306 
3843 1317 307 173 301 
3844 1350 306 301 172 
3845 1316 1317 1350 306 
3846 1316 306 307 1317 
3847 1317 1350 306 301 
3848 1317 301 306 307 
3849 497 1293 524 569 
3850 1293 192 1346 1247 
3851 524 1346 461 567 
3852 569 1247 567 491 
3853 1293 524 569 1247 
3854 1293 1247 1346 524 
3855 524 569 1247 567 
3856 524 567 1247 1346 
3857 197 1305 275 244 
3858 1305 482 1306 1189 
3859 275 1306 194 305 
3860 244 1189 305 183 
3861 1305 275 244 1189 
3862 1305 1189 1306 275 
3863 275 244 1189 305 
3864 275 305 1189 1306 
3865 342 399 407 1169 
3866 399 22 406 226 
3867 407 406 64 1366 
3868 1169 226 1366 189 
3869 399 407 1169 226 
3870 399 226 406 407 
3871 407 1169 226 1366 
3872 407 1366 226 406 
3873 168 296 294 1365 
3874 296 178 295 1355 
3875 294 295 180 1349 
3876 1365 1355 1349 479 
3877 296 294 1365 1355 
3878 296 1355 295 294 
3879 294 1365 1355 1349 
3880 294 1349 1355 295 
3881 472 605 1316 601 
3882 605 473 1332 606 
3883 1316 1332 174 1367 
3884 601 606 1367 471 
3885 605 1316 601 606 
3886 605 606 1332 1316 
3887 1316 601 606 1367 
3888 1316 1367 606 1332 
3889 184 260 297 1172 
3890 260 168 294 1295 
3891 297 294 180 1368 
3892 1172 1295 1368 483 
3893 260 297 1172 1295 
3894 260 1295 294 297 
3895 297 1172 1295 1368 
3896 297 1368 1295 294 
3897 467 1364 1329 1228 
3898 1364 178 265 296 
3899 1329 265 191 259 
3900 1228 296 259 168 
3901 1364 1329 1228 296 
3902 1364 296 265 1329 
3903 1329 1228 296 259 
3904 1329 259 296 265 
3905 496 574 540 1307 
3906 574 493 573 1289 
3907 540 573 462 1369 
3908 1307 1289 1369 194 
3909 574 540 1307 1289 
3910 574 1289 573 540 
3911 540 1307 1289 1369 
3912 540 1369 1289 573 
3913 168 1295 1228 1365 
3914 1295 483 559 596 
3915 1228 559 467 595 
3916 1365 596 595 479 
3917 1295 1228 1365 596 
3918 1295 596 559 1228 
3919 1228 1365 596 595 
3920 1228 595 596 559 
3921 480 1251 619 621 
3922 1251 180 1354 1349 
3923 619 1354 474 620 
3924 621 1349 620 479 
3925 1251 619 621 1349 
3926 1251 1349 1354 619 
3927 619 621 1349 620 
3928 619 620 1349 1354 
3929 172 1340 1350 1343 
3930 1340 470 600 597 
3931 1350 600 472 601 
3932 1343 597 601 471 
3933 1340 1350 1343 597 
3934 1340 597 600 1350 
3935 1350 1343 597 601 
3936 1350 601 597 600 
3937 194 1306 1288 305 
3938 1306 482 588 1189 
3939 1288 588 470 1357 
3940 305 1189 1357 183 
3941 1306 1288 305 1189 
3942 1306 1189 588 1288 
3943 1288 305 1189 1357 
3944 1288 1357 1189 588 
3945 196 1253 1286 1362 
3946 1253 495 577 579 
3947 1286 577 463 506 
3948 1362 579 506 498 
3949 1253 1286 1362 579 
3950 1253 579 577 1286 
3951 1286 1362 579 506 
3952 1286 506 579 577 
3953 475 1335 613 614 
3954 1335 174 1332 1370 
3955 613 1332 473 607 
3956 614 1370 607 474 
3957 1335 613 614 1370 
3958 1335 1370 1332 613 
3959 613 614 1370 607 
3960 613 607 1370 1332 
3961 193 213 1294 1207 
3962 213 187 1270 1304 
3963 1294 1270 486 508 
3964 1207 1304 508 52 
3965 213 1294 1207 1304 
3966 213 1304 1270 1294 
3967 1294 1207 1304 508 
3968 1294 508 1304 1270 
3969 477 1361 1352 563 
3970 1361 191 256 1319 
3971 1352 256 161 1195 
3972 563 1319 1195 460 
3973 1361 1352 563 1319 
3974 1361 1319 256 1352 
3975 1352 563 1319 1195 
3976 1352 1195 1319 256 
3977 495 1252 631 1253 
3978 1252 180 1368 331 
3979 631 1368 483 1371 
3980 1253 331 1371 196 
3981 1252 631 1253 331 
3982 1252 331 1368 631 
3983 631 1253 331 1371 
3984 631 1371 331 1368 
3985 181 322 319 1337 
3986 322 180 321 1251 
3987 319 321 175 1363 
3988 1337 1251 1363 480 
3989 322 319 1337 1251 
3990 322 1251 321 319 
3991 319 1337 1251 1363 
3992 319 1363 1251 321 
3993 498 499 1218 503 
3994 499 2 46 502 
3995 1218 46 1 1331 
3996 503 502 1331 483 
3997 499 1218 503 502 
3998 499 502 46 1218 
3999 1218 503 502 1331 
4000 1218 1331 502 46 
4001 175 321 310 1359 
4002 321 180 295 1354 
4003 310 295 178 1342 
4004 1359 1354 1342 474 
4005 321 310 1359 1354 
4006 321 1354 295 310 
4007 310 1359 1354 1342 
4008 310 1342 1354 295 
4009 479 1355 620 594 
4010 1355 178 1342 1360 
4011 620 1342 474 609 
4012 594 1360 609 477 
4013 1355 620 594 1360 
4014 1355 1360 1342 620 
4015 620 594 1360 609 
4016 620 609 1360 1342 
4017 197 239 1305 244 
4018 239 32 1334 243 
4019 1305 1334 482 1189 
4020 244 243 1189 183 
4021 239 1305 244 243 
4022 239 243 1334 1305 
4023 1305 244 243 1189 
4024 1305 1189 243 1334 
4025 488 531 1351 1231 
4026 531 466 1345 1178 
4027 1351 1345 177 293 
4028 1231 1178 293 189 
4029 531 1351 1231 1178 
4030 531 1178 1345 1351 
4031 1351 1231 1178 293 
4032 1351 293 1178 1345 
4033 487 570 572 1339 
4034 570 462 573 1369 
4035 572 573 493 1289 
4036 1339 1369 1289 194 
4037 570 572 1339 1369 
4038 570 1369 573 572 
4039 572 1339 1369 1289 
4040 572 1289 1369 573 
4041 488 592 566 1351 
4042 592 476 626 1336 
4043 566 626 494 1273 
4044 1351 1336 1273 177 
4045 592 566 1351 1336 
4046 592 1336 626 566 
4047 566 1351 1336 1273 
4048 566 1273 1336 626 
4049 174 1332 1370 1367 
4050 1332 473 607 606 
4051 1370 607 474 608 
4052 1367 606 608 471 
4053 1332 1370 1367 606 
4054 1332 606 607 1370 
4055 1370 1367 606 608 
4056 1370 608 606 607 
4057 193 1255 1353 216 
4058 1255 464 580 1206 
4059 1353 580 481 1358 
4060 216 1206 1358 165 
4061 1255 1353 216 1206 
4062 1255 1206 580 1353 
4063 1353 216 1206 1358 
4064 1353 1358 1206 580 
4065 172 1350 306 1343 
4066 1350 472 1316 601 
4067 306 1316 174 1367 
4068 1343 601 1367 471 
4069 1350 306 1343 601 
4070 1350 601 1316 306 
4071 306 1343 601 1367 
4072 306 1367 601 1316 
4073 462 570 1242 1180 
4074 570 487 1348 1372 
4075 1242 1348 190 238 
4076 1180 1372 238 163 
4077 570 1242 1180 1372 
4078 570 1372 1348 1242 
4079 1242 1180 1372 238 
4080 1242 238 1372 1348 
4081 1 202 201 1331 
4082 202 184 204 1172 
4083 201 204 199 1330 
4084 1331 1172 1330 483 
4085 202 201 1331 1172 
4086 202 1172 204 201 
4087 201 1331 1172 1330 
4088 201 1330 1172 204 
4089 483 1295 1368 596 
4090 1295 168 294 1365 
4091 1368 294 180 1349 
4092 596 1365 1349 479 
4093 1295 1368 596 1365 
4094 1295 1365 294 1368 
4095 1368 596 1365 1349 
4096 1368 1349 1365 294 
4097 176 320 314 1284 
4098 320 181 319 1337 
4099 314 319 175 1363 
4100 1284 1337 1363 480 
4101 320 314 1284 1337 
4102 320 1337 319 314 
4103 314 1284 1337 1363 
4104 314 1363 1337 319 
4105 199 280 1220 1330 
4106 280 196 1362 1371 
4107 1220 1362 498 503 
4108 1330 1371 503 483 
4109 280 1220 1330 1371 
4110 280 1371 1362 1220 
4111 1220 1330 1371 503 
4112 1220 503 1371 1362 
4113 30 1164 423 426 
4114 1164 496 1191 538 
4115 423 1191 341 425 
4116 426 538 425 72 
4117 1164 423 426 538 
4118 1164 538 1191 423 
4119 423 426 538 425 
4120 423 425 538 1191 
4121 163 1159 1180 273 
4122 1159 496 540 1307 
4123 1180 540 462 1369 
4124 273 1307 1369 194 
4125 1159 1180 273 1307 
4126 1159 1307 540 1180 
4127 1180 273 1307 1369 
4128 1180 1369 1307 540 
4129 195 267 1347 266 
4130 267 162 1167 228 
4131 1347 1167 461 1168 
4132 266 228 1168 189 
4133 267 1347 266 228 
4134 267 228 1167 1347 
4135 1347 266 228 1168 
4136 1347 1168 228 1167 
4137 461 1346 1167 1347 
4138 1346 192 269 268 
4139 1167 269 162 267 
4140 1347 268 267 195 
4141 1346 1167 1347 268 
4142 1346 268 269 1167 
4143 1167 1347 268 267 
4144 1167 267 268 269 
4145 165 216 283 1358 
4146 216 193 284 1353 
4147 283 284 182 1300 
4148 1358 1353 1300 481 
4149 216 283 1358 1353 
4150 216 1353 284 283 
4151 283 1358 1353 1300 
4152 283 1300 1353 284 
4153 466 1323 1157 591 
4154 1323 188 271 1322 
4155 1157 271 190 1348 
4156 591 1322 1348 487 
4157 1323 1157 591 1322 
4158 1323 1322 271 1157 
4159 1157 591 1322 1348 
4160 1157 1348 1322 271 
4161 474 1341 1370 608 
4162 1341 172 306 1343 
4163 1370 306 174 1367 
4164 608 1343 1367 471 
4165 1341 1370 608 1343 
4166 1341 1343 306 1370 
4167 1370 608 1343 1367 
4168 1370 1367 1343 306 
4169 462 570 1180 1369 
4170 570 487 1372 1339 
4171 1180 1372 163 273 
4172 1369 1339 273 194 
4173 570 1180 1369 1339 
4174 570 1339 1372 1180 
4175 1180 1369 1339 273 
4176 1180 273 1339 1372 
4177 161 1352 261 263 
4178 1352 477 1309 1360 
4179 261 1309 170 264 
4180 263 1360 264 178 
4181 1352 261 263 1360 
4182 1352 1360 1309 261 
4183 261 263 1360 264 
4184 261 264 1360 1309 
4185 24 411 231 408 
4186 411 66 1237 412 
4187 231 1237 167 1171 
4188 408 412 1171 354 
4189 411 231 408 412 
4190 411 412 1237 231 
4191 231 408 412 1171 
4192 231 1171 412 1237 
4193 20 401 394 223 
4194 401 62 402 1193 
4195 394 402 349 1233 
4196 223 1193 1233 162 
4197 401 394 223 1193 
4198 401 1193 402 394 
4199 394 223 1193 1233 
4200 394 1233 1193 402 
4201 188 271 1322 272 
4202 271 190 1348 238 
4203 1322 1348 487 1372 
4204 272 238 1372 163 
4205 271 1322 272 238 
4206 271 238 1348 1322 
4207 1322 272 238 1372 
4208 1322 1372 238 1348 
4209 486 1303 1294 632 
4210 1303 182 284 1300 
4211 1294 284 193 1353 
4212 632 1300 1353 481 
4213 1303 1294 632 1300 
4214 1303 1300 284 1294 
4215 1294 632 1300 1353 
4216 1294 1353 1300 284 
4217 196 1253 1362 1371 
4218 1253 495 579 631 
4219 1362 579 498 503 
4220 1371 631 503 483 
4221 1253 1362 1371 631 
4222 1253 631 579 1362 
4223 1362 1371 631 503 
4224 1362 503 631 579 
4225 479 595 1355 594 
4226 595 467 1364 593 
4227 1355 1364 178 1360 
4228 594 593 1360 477 
4229 595 1355 594 593 
4230 595 593 1364 1355 
4231 1355 594 593 1360 
4232 1355 1360 593 1364 
4233 180 321 1251 1354 
4234 321 175 1363 1359 
4235 1251 1363 480 619 
4236 1354 1359 619 474 
4237 321 1251 1354 1359 
4238 321 1359 1363 1251 
4239 1251 1354 1359 619 
4240 1251 619 1359 1363 
4241 475 1356 1335 614 
4242 1356 175 309 1359 
4243 1335 309 174 1370 
4244 614 1359 1370 474 
4245 1356 1335 614 1359 
4246 1356 1359 309 1335 
4247 1335 614 1359 1370 
4248 1335 1370 1359 309 
4249 188 1323 271 290 
4250 1323 466 1157 1170 
4251 271 1157 190 235 
4252 290 1170 235 167 
4253 1323 271 290 1170 
4254 1323 1170 1157 271 
4255 271 290 1170 235 
4256 271 235 1170 1157 
4257 487 1322 1372 1339 
4258 1322 188 272 274 
4259 1372 272 163 273 
4260 1339 274 273 194 
4261 1322 1372 1339 274 
4262 1322 274 272 1372 
4263 1372 1339 274 273 
4264 1372 273 274 272 
4265 175 308 309 1359 
4266 308 172 306 1341 
4267 309 306 174 1370 
4268 1359 1341 1370 474 
4269 308 309 1359 1341 
4270 308 1341 306 309 
4271 309 1359 1341 1370 
4272 309 1370 1341 306 
4273 480 1363 618 619 
4274 1363 175 1356 1359 
4275 618 1356 475 614 
4276 619 1359 614 474 
4277 1363 618 619 1359 
4278 1363 1359 1356 618 
4279 618 619 1359 614 
4280 618 614 1359 1356 
4281 196 279 280 1286 
4282 279 164 207 1223 
4283 280 207 199 1249 
4284 1286 1223 1249 463 
4285 279 280 1286 1223 
4286 279 1223 207 280 
4287 280 1286 1223 1249 
4288 280 1249 1223 207 
4289 178 1364 265 1360 
4290 1364 467 1329 593 
4291 265 1329 191 1361 
4292 1360 593 1361 477 
4293 1364 265 1360 593 
4294 1364 593 1329 265 
4295 265 1360 593 1361 
4296 265 1361 593 1329 
4297 196 332 331 1371 
4298 332 184 297 1172 
4299 331 297 180 1368 
4300 1371 1172 1368 483 
4301 332 331 1371 1172 
4302 332 1172 297 331 
4303 331 1371 1172 1368 
4304 331 1368 1172 297 
4305 182 1303 284 333 
4306 1303 486 1294 1270 
4307 284 1294 193 213 
4308 333 1270 213 187 
4309 1303 284 333 1270 
4310 1303 1270 1294 284 
4311 284 333 1270 213 
4312 284 213 1270 1294 
4313 177 1273 1351 293 
4314 1273 494 566 1320 
4315 1351 566 488 1231 
4316 293 1320 1231 189 
4317 1273 1351 293 1320 
4318 1273 1320 566 1351 
4319 1351 293 1320 1231 
4320 1351 1231 1320 566 
4321 461 1346 1243 1167 
4322 1346 192 270 269 
4323 1243 270 198 225 
4324 1167 269 225 162 
4325 1346 1243 1167 269 
4326 1346 269 270 1243 
4327 1243 1167 269 225 
4328 1243 225 269 270 
4329 191 256 265 1361 
4330 256 161 263 1352 
4331 265 263 178 1360 
4332 1361 1352 1360 477 
4333 256 265 1361 1352 
4334 256 1352 263 265 
4335 265 1361 1352 1360 
4336 265 1360 1352 263 
4337 180 1252 1368 1349 
4338 1252 495 631 630 
4339 1368 631 483 596 
4340 1349 630 596 479 
4341 1252 1368 1349 630 
4342 1252 630 631 1368 
4343 1368 1349 630 596 
4344 1368 596 630 631 
4345 338 1230 405 1179 
4346 1230 488 526 1231 
4347 405 526 64 1366 
4348 1179 1231 1366 189 
4349 1230 405 1179 1231 
4350 1230 1231 526 405 
4351 405 1179 1231 1366 
4352 405 1366 1231 526 
4353 64 526 407 1366 
4354 526 488 1236 1231 
4355 407 1236 342 1169 
4356 1366 1231 1169 189 
4357 526 407 1366 1231 
4358 526 1231 1236 407 
4359 407 1366 1231 1169 
4360 407 1169 1231 1236 
4361 488 566 527 1231 
4362 566 494 565 1320 
4363 527 565 461 1168 
4364 1231 1320 1168 189 
4365 566 527 1231 1320 
4366 566 1320 565 527 
4367 527 1231 1320 1168 
4368 527 1168 1320 565 
4369 196 280 332 1371 
4370 280 199 204 1330 
4371 332 204 184 1172 
4372 1371 1330 1172 483 
4373 280 332 1371 1330 
4374 280 1330 204 332 
4375 332 1371 1330 1172 
4376 332 1172 1330 204 
3 10 4 3912
4377 905 1390 1392 1393 
4378 1390 644 1391 1395 
4379 1392 1391 1374 1394 
4380 1393 1395 1394 1375 
4381 1390 1392 1393 1395 
4382 1390 1395 1391 1392 
4383 1392 1393 1395 1394 
4384 1392 1394 1395 1391 
4385 975 1396 1080 1398 
4386 1396 1377 1397 1400 
4387 1080 1397 1000 1399 
4388 1398 1400 1399 1385 
4389 1396 1080 1398 1400 
4390 1396 1400 1397 1080 
4391 1080 1398 1400 1399 
4392 1080 1399 1400 1397 
4393 976 1085 1402 1403 
4394 1085 985 1401 1405 
4395 1402 1401 1376 1404 
4396 1403 1405 1404 1381 
4397 1085 1402 1403 1405 
4398 1085 1405 1401 1402 
4399 1402 1403 1405 1404 
4400 1402 1404 1405 1401 
4401 905 930 1390 1393 
4402 930 916 1406 1407 
4403 1390 1406 644 1395 
4404 1393 1407 1395 1375 
4405 930 1390 1393 1407 
4406 930 1407 1406 1390 
4407 1390 1393 1407 1395 
4408 1390 1395 1407 1406 
4409 640 1408 1409 1410 
4410 1408 1000 1080 1397 
4411 1409 1080 975 1396 
4412 1410 1397 1396 1377 
4413 1408 1409 1410 1397 
4414 1408 1397 1080 1409 
4415 1409 1410 1397 1396 
4416 1409 1396 1397 1080 
4417 992 1411 1135 1413 
4418 1411 1373 1412 1415 
4419 1135 1412 988 1414 
4420 1413 1415 1414 1377 
4421 1411 1135 1413 1415 
4422 1411 1415 1412 1135 
4423 1135 1413 1415 1414 
4424 1135 1414 1415 1412 
4425 651 1416 1418 1419 
4426 1416 1007 1417 1421 
4427 1418 1417 1377 1420 
4428 1419 1421 1420 1382 
4429 1416 1418 1419 1421 
4430 1416 1421 1417 1418 
4431 1418 1419 1421 1420 
4432 1418 1420 1421 1417 
4433 657 1422 1423 1424 
4434 1422 976 1085 1402 
4435 1423 1085 985 1401 
4436 1424 1402 1401 1376 
4437 1422 1423 1424 1402 
4438 1422 1402 1085 1423 
4439 1423 1424 1402 1401 
4440 1423 1401 1402 1085 
4441 1374 1394 1391 1425 
4442 1394 1375 1395 1427 
4443 1391 1395 644 1426 
4444 1425 1427 1426 1379 
4445 1394 1391 1425 1427 
4446 1394 1427 1395 1391 
4447 1391 1425 1427 1426 
4448 1391 1426 1427 1395 
4449 651 1428 1416 1419 
4450 1428 1003 1111 1429 
4451 1416 1111 1007 1421 
4452 1419 1429 1421 1382 
4453 1428 1416 1419 1429 
4454 1428 1429 1111 1416 
4455 1416 1419 1429 1421 
4456 1416 1421 1429 1111 
4457 918 927 1431 1432 
4458 927 905 1430 1392 
4459 1431 1430 683 1433 
4460 1432 1392 1433 1374 
4461 927 1431 1432 1392 
4462 927 1392 1430 1431 
4463 1431 1432 1392 1433 
4464 1431 1433 1392 1430 
4465 659 1434 1435 1436 
4466 1434 1377 1396 1400 
4467 1435 1396 975 1398 
4468 1436 1400 1398 1385 
4469 1434 1435 1436 1400 
4470 1434 1400 1396 1435 
4471 1435 1436 1400 1398 
4472 1435 1398 1400 1396 
4473 635 1437 709 1438 
4474 1437 905 1390 1392 
4475 709 1390 644 1391 
4476 1438 1392 1391 1374 
4477 1437 709 1438 1392 
4478 1437 1392 1390 709 
4479 709 1438 1392 1391 
4480 709 1391 1392 1390 
4481 992 1411 1413 1439 
4482 1411 1373 1415 1440 
4483 1413 1415 1377 1420 
4484 1439 1440 1420 1382 
4485 1411 1413 1439 1440 
4486 1411 1440 1415 1413 
4487 1413 1439 1440 1420 
4488 1413 1420 1440 1415 
4489 988 1414 1412 1441 
4490 1414 1377 1415 1443 
4491 1412 1415 1373 1442 
4492 1441 1443 1442 1383 
4493 1414 1412 1441 1443 
4494 1414 1443 1415 1412 
4495 1412 1441 1443 1442 
4496 1412 1442 1443 1415 
4497 1375 1444 1446 1447 
4498 1444 1377 1445 1400 
4499 1446 1445 646 1448 
4500 1447 1400 1448 1385 
4501 1444 1446 1447 1400 
4502 1444 1400 1445 1446 
4503 1446 1447 1400 1448 
4504 1446 1448 1400 1445 
4505 987 1449 1130 1451 
4506 1449 1373 1450 1453 
4507 1130 1450 993 1452 
4508 1451 1453 1452 1380 
4509 1449 1130 1451 1453 
4510 1449 1453 1450 1130 
4511 1130 1451 1453 1452 
4512 1130 1452 1453 1450 
4513 657 1422 889 1423 
4514 1422 976 1454 1085 
4515 889 1454 672 1455 
4516 1423 1085 1455 985 
4517 1422 889 1423 1085 
4518 1422 1085 1454 889 
4519 889 1423 1085 1455 
4520 889 1455 1085 1454 
4521 988 1412 1125 1441 
4522 1412 1373 1449 1442 
4523 1125 1449 987 1456 
4524 1441 1442 1456 1383 
4525 1412 1125 1441 1442 
4526 1412 1442 1449 1125 
4527 1125 1441 1442 1456 
4528 1125 1456 1442 1449 
4529 646 1445 1446 1457 
4530 1445 1377 1444 1459 
4531 1446 1444 1375 1458 
4532 1457 1459 1458 1387 
4533 1445 1446 1457 1459 
4534 1445 1459 1444 1446 
4535 1446 1457 1459 1458 
4536 1446 1458 1459 1444 
4537 906 1460 1462 1463 
4538 1460 1387 1461 1465 
4539 1462 1461 1378 1464 
4540 1463 1465 1464 1389 
4541 1460 1462 1463 1465 
4542 1460 1465 1461 1462 
4543 1462 1463 1465 1464 
4544 1462 1464 1465 1461 
4545 988 1131 1125 1412 
4546 1131 993 1130 1450 
4547 1125 1130 987 1449 
4548 1412 1450 1449 1373 
4549 1131 1125 1412 1450 
4550 1131 1450 1130 1125 
4551 1125 1412 1450 1449 
4552 1125 1449 1450 1130 
4553 987 1449 1451 1456 
4554 1449 1373 1453 1442 
4555 1451 1453 1380 1466 
4556 1456 1442 1466 1383 
4557 1449 1451 1456 1442 
4558 1449 1442 1453 1451 
4559 1451 1456 1442 1466 
4560 1451 1466 1442 1453 
4561 662 850 851 1467 
4562 850 685 849 1469 
4563 851 849 641 1468 
4564 1467 1469 1468 1376 
4565 850 851 1467 1469 
4566 850 1469 849 851 
4567 851 1467 1469 1468 
4568 851 1468 1469 849 
4569 651 1418 891 1419 
4570 1418 1377 1470 1420 
4571 891 1470 663 1471 
4572 1419 1420 1471 1382 
4573 1418 891 1419 1420 
4574 1418 1420 1470 891 
4575 891 1419 1420 1471 
4576 891 1471 1420 1470 
4577 682 695 696 1472 
4578 695 3 119 921 
4579 696 119 118 1473 
4580 1472 921 1473 918 
4581 695 696 1472 921 
4582 695 921 119 696 
4583 696 1472 921 1473 
4584 696 1473 921 119 
4585 918 1431 1473 1432 
4586 1431 683 697 1433 
4587 1473 697 118 1474 
4588 1432 1433 1474 1374 
4589 1431 1473 1432 1433 
4590 1431 1433 697 1473 
4591 1473 1432 1433 1474 
4592 1473 1474 1433 697 
4593 641 1468 1476 1477 
4594 1468 1376 1475 1479 
4595 1476 1475 1010 1478 
4596 1477 1479 1478 1380 
4597 1468 1476 1477 1479 
4598 1468 1479 1475 1476 
4599 1476 1477 1479 1478 
4600 1476 1478 1479 1475 
4601 640 1409 846 1410 
4602 1409 975 1435 1396 
4603 846 1435 659 1434 
4604 1410 1396 1434 1377 
4605 1409 846 1410 1396 
4606 1409 1396 1435 846 
4607 846 1410 1396 1434 
4608 846 1434 1396 1435 
4609 662 1480 1467 1482 
4610 1480 1378 1481 1483 
4611 1467 1481 1376 1479 
4612 1482 1483 1479 1380 
4613 1480 1467 1482 1483 
4614 1480 1483 1481 1467 
4615 1467 1482 1483 1479 
4616 1467 1479 1483 1481 
4617 651 1428 1484 1416 
4618 1428 1003 1109 1111 
4619 1484 1109 981 1110 
4620 1416 1111 1110 1007 
4621 1428 1484 1416 1111 
4622 1428 1111 1109 1484 
4623 1484 1416 1111 1110 
4624 1484 1110 1111 1109 
4625 672 889 1455 1485 
4626 889 657 1423 1424 
4627 1455 1423 985 1401 
4628 1485 1424 1401 1376 
4629 889 1455 1485 1424 
4630 889 1424 1423 1455 
4631 1455 1485 1424 1401 
4632 1455 1401 1424 1423 
4633 906 1462 944 1463 
4634 1462 1378 1486 1464 
4635 944 1486 919 1487 
4636 1463 1464 1487 1389 
4637 1462 944 1463 1464 
4638 1462 1464 1486 944 
4639 944 1463 1464 1487 
4640 944 1487 1464 1486 
4641 990 1488 1133 1489 
4642 1488 1377 1414 1443 
4643 1133 1414 988 1441 
4644 1489 1443 1441 1383 
4645 1488 1133 1489 1443 
4646 1488 1443 1414 1133 
4647 1133 1489 1443 1441 
4648 1133 1441 1443 1414 
4649 659 871 1434 1436 
4650 871 646 1445 1448 
4651 1434 1445 1377 1400 
4652 1436 1448 1400 1385 
4653 871 1434 1436 1448 
4654 871 1448 1445 1434 
4655 1434 1436 1448 1400 
4656 1434 1400 1448 1445 
4657 662 1467 851 1482 
4658 1467 1376 1468 1479 
4659 851 1468 641 1477 
4660 1482 1479 1477 1380 
4661 1467 851 1482 1479 
4662 1467 1479 1468 851 
4663 851 1482 1479 1477 
4664 851 1477 1479 1468 
4665 982 1034 1113 1490 
4666 1034 1002 1114 1492 
4667 1113 1114 995 1491 
4668 1490 1492 1491 1385 
4669 1034 1113 1490 1492 
4670 1034 1492 1114 1113 
4671 1113 1490 1492 1491 
4672 1113 1491 1492 1114 
4673 656 1493 1494 1495 
4674 1493 1382 1420 1496 
4675 1494 1420 1377 1459 
4676 1495 1496 1459 1387 
4677 1493 1494 1495 1496 
4678 1493 1496 1420 1494 
4679 1494 1495 1496 1459 
4680 1494 1459 1496 1420 
4681 657 1422 888 889 
4682 1422 976 1497 1454 
4683 888 1497 650 807 
4684 889 1454 807 672 
4685 1422 888 889 1454 
4686 1422 1454 1497 888 
4687 888 889 1454 807 
4688 888 807 1454 1497 
4689 912 1498 1499 1500 
4690 1498 1375 1394 1502 
4691 1499 1394 1374 1501 
4692 1500 1502 1501 1388 
4693 1498 1499 1500 1502 
4694 1498 1502 1394 1499 
4695 1499 1500 1502 1501 
4696 1499 1501 1502 1394 
4697 905 1392 958 1393 
4698 1392 1374 1499 1394 
4699 958 1499 912 1498 
4700 1393 1394 1498 1375 
4701 1392 958 1393 1394 
4702 1392 1394 1499 958 
4703 958 1393 1394 1498 
4704 958 1498 1394 1499 
4705 1377 1443 1488 1400 
4706 1443 1383 1489 1504 
4707 1488 1489 990 1503 
4708 1400 1504 1503 1385 
4709 1443 1488 1400 1504 
4710 1443 1504 1489 1488 
4711 1488 1400 1504 1503 
4712 1488 1503 1504 1489 
4713 908 949 950 1505 
4714 949 107 945 1507 
4715 950 945 917 1506 
4716 1505 1507 1506 1378 
4717 949 950 1505 1507 
4718 949 1507 945 950 
4719 950 1505 1507 1506 
4720 950 1506 1507 945 
4721 906 1462 1460 1508 
4722 1462 1378 1461 1510 
4723 1460 1461 1387 1509 
4724 1508 1510 1509 1388 
4725 1462 1460 1508 1510 
4726 1462 1510 1461 1460 
4727 1460 1508 1510 1509 
4728 1460 1509 1510 1461 
4729 993 1452 1450 1511 
4730 1452 1380 1453 1512 
4731 1450 1453 1373 1440 
4732 1511 1512 1440 1382 
4733 1452 1450 1511 1512 
4734 1452 1512 1453 1450 
4735 1450 1511 1512 1440 
4736 1450 1440 1512 1453 
4737 638 1513 834 1514 
4738 1513 1378 1480 1483 
4739 834 1480 662 1482 
4740 1514 1483 1482 1380 
4741 1513 834 1514 1483 
4742 1513 1483 1480 834 
4743 834 1514 1483 1482 
4744 834 1482 1483 1480 
4745 644 709 1391 1426 
4746 709 635 1438 1515 
4747 1391 1438 1374 1425 
4748 1426 1515 1425 1379 
4749 709 1391 1426 1515 
4750 709 1515 1438 1391 
4751 1391 1426 1515 1425 
4752 1391 1425 1515 1438 
4753 912 1499 958 1500 
4754 1499 1374 1392 1501 
4755 958 1392 905 1516 
4756 1500 1501 1516 1388 
4757 1499 958 1500 1501 
4758 1499 1501 1392 958 
4759 958 1500 1501 1516 
4760 958 1516 1501 1392 
4761 1378 1461 1518 1464 
4762 1461 1387 1517 1465 
4763 1518 1517 1373 1519 
4764 1464 1465 1519 1389 
4765 1461 1518 1464 1465 
4766 1461 1465 1517 1518 
4767 1518 1464 1465 1519 
4768 1518 1519 1465 1517 
4769 656 1494 815 1495 
4770 1494 1377 1470 1459 
4771 815 1470 663 1520 
4772 1495 1459 1520 1387 
4773 1494 815 1495 1459 
4774 1494 1459 1470 815 
4775 815 1495 1459 1520 
4776 815 1520 1459 1470 
4777 990 1136 1133 1488 
4778 1136 992 1135 1413 
4779 1133 1135 988 1414 
4780 1488 1413 1414 1377 
4781 1136 1133 1488 1413 
4782 1136 1413 1135 1133 
4783 1133 1488 1413 1414 
4784 1133 1414 1413 1135 
4785 916 929 930 1406 
4786 929 91 925 707 
4787 930 925 905 1390 
4788 1406 707 1390 644 
4789 929 930 1406 707 
4790 929 707 925 930 
4791 930 1406 707 1390 
4792 930 1390 707 925 
4793 979 1521 1103 1523 
4794 1521 690 1522 1524 
4795 1103 1522 1010 1478 
4796 1523 1524 1478 1380 
4797 1521 1103 1523 1524 
4798 1521 1524 1522 1103 
4799 1103 1523 1524 1478 
4800 1103 1478 1524 1522 
4801 118 1474 117 1526 
4802 1474 1374 1525 1528 
4803 117 1525 116 1527 
4804 1526 1528 1527 1381 
4805 1474 117 1526 1528 
4806 1474 1528 1525 117 
4807 117 1526 1528 1527 
4808 117 1527 1528 1525 
4809 918 920 1431 927 
4810 920 89 693 926 
4811 1431 693 683 1430 
4812 927 926 1430 905 
4813 920 1431 927 926 
4814 920 926 693 1431 
4815 1431 927 926 1430 
4816 1431 1430 926 693 
4817 661 862 860 1529 
4818 862 691 861 1531 
4819 860 861 643 1530 
4820 1529 1531 1530 1385 
4821 862 860 1529 1531 
4822 862 1531 861 860 
4823 860 1529 1531 1530 
4824 860 1530 1531 861 
4825 674 783 1532 1533 
4826 783 651 1416 1418 
4827 1532 1416 1007 1417 
4828 1533 1418 1417 1377 
4829 783 1532 1533 1418 
4830 783 1418 1416 1532 
4831 1532 1533 1418 1417 
4832 1532 1417 1418 1416 
4833 1373 1415 1534 1442 
4834 1415 1377 1444 1443 
4835 1534 1444 1375 1535 
4836 1442 1443 1535 1383 
4837 1415 1534 1442 1443 
4838 1415 1443 1444 1534 
4839 1534 1442 1443 1535 
4840 1534 1535 1443 1444 
4841 998 1536 1073 1087 
4842 1536 672 1454 1455 
4843 1073 1454 976 1085 
4844 1087 1455 1085 985 
4845 1536 1073 1087 1455 
4846 1536 1455 1454 1073 
4847 1073 1087 1455 1085 
4848 1073 1085 1455 1454 
4849 1373 1517 1440 1519 
4850 1517 1387 1496 1465 
4851 1440 1496 1382 1537 
4852 1519 1465 1537 1389 
4853 1517 1440 1519 1465 
4854 1517 1465 1496 1440 
4855 1440 1519 1465 1537 
4856 1440 1537 1465 1496 
4857 906 1538 1460 1463 
4858 1538 652 1539 1540 
4859 1460 1539 1387 1465 
4860 1463 1540 1465 1389 
4861 1538 1460 1463 1540 
4862 1538 1540 1539 1460 
4863 1460 1463 1540 1465 
4864 1460 1465 1540 1539 
4865 1382 1496 1493 1537 
4866 1496 1387 1495 1465 
4867 1493 1495 656 1541 
4868 1537 1465 1541 1389 
4869 1496 1493 1537 1465 
4870 1496 1465 1495 1493 
4871 1493 1537 1465 1541 
4872 1493 1541 1465 1495 
4873 682 1542 695 1472 
4874 1542 909 922 924 
4875 695 922 3 921 
4876 1472 924 921 918 
4877 1542 695 1472 924 
4878 1542 924 922 695 
4879 695 1472 924 921 
4880 695 921 924 922 
4881 663 1470 815 1471 
4882 1470 1377 1494 1420 
4883 815 1494 656 1493 
4884 1471 1420 1493 1382 
4885 1470 815 1471 1420 
4886 1470 1420 1494 815 
4887 815 1471 1420 1493 
4888 815 1493 1420 1494 
4889 650 888 887 1543 
4890 888 657 825 1545 
4891 887 825 664 1544 
4892 1543 1545 1544 1381 
4893 888 887 1543 1545 
4894 888 1545 825 887 
4895 887 1543 1545 1544 
4896 887 1544 1545 825 
4897 994 1093 1547 1548 
4898 1093 1004 1546 1550 
4899 1547 1546 675 1549 
4900 1548 1550 1549 1382 
4901 1093 1547 1548 1550 
4902 1093 1550 1546 1547 
4903 1547 1548 1550 1549 
4904 1547 1549 1550 1546 
4905 1010 1522 1476 1478 
4906 1522 690 853 1524 
4907 1476 853 641 1477 
4908 1478 1524 1477 1380 
4909 1522 1476 1478 1524 
4910 1522 1524 853 1476 
4911 1476 1478 1524 1477 
4912 1476 1477 1524 853 
4913 976 1083 1085 1403 
4914 1083 984 1086 1551 
4915 1085 1086 985 1405 
4916 1403 1551 1405 1381 
4917 1083 1085 1403 1551 
4918 1083 1551 1086 1085 
4919 1085 1403 1551 1405 
4920 1085 1405 1551 1086 
4921 912 958 959 1500 
4922 958 905 955 1516 
4923 959 955 911 1552 
4924 1500 1516 1552 1388 
4925 958 959 1500 1516 
4926 958 1516 955 959 
4927 959 1500 1516 1552 
4928 959 1552 1516 955 
4929 668 752 746 1553 
4930 752 682 696 1554 
4931 746 696 118 1474 
4932 1553 1554 1474 1374 
4933 752 746 1553 1554 
4934 752 1554 696 746 
4935 746 1553 1554 1474 
4936 746 1474 1554 696 
4937 675 1555 1547 1549 
4938 1555 1380 1556 1512 
4939 1547 1556 994 1548 
4940 1549 1512 1548 1382 
4941 1555 1547 1549 1512 
4942 1555 1512 1556 1547 
4943 1547 1549 1512 1548 
4944 1547 1548 1512 1556 
4945 1001 1557 1152 1558 
4946 1557 674 1532 1533 
4947 1152 1532 1007 1417 
4948 1558 1533 1417 1377 
4949 1557 1152 1558 1533 
4950 1557 1533 1532 1152 
4951 1152 1558 1533 1417 
4952 1152 1417 1533 1532 
4953 646 718 1445 1457 
4954 718 653 1559 1560 
4955 1445 1559 1377 1459 
4956 1457 1560 1459 1387 
4957 718 1445 1457 1560 
4958 718 1560 1559 1445 
4959 1445 1457 1560 1459 
4960 1445 1459 1560 1559 
4961 905 958 930 1393 
4962 958 912 960 1498 
4963 930 960 916 1407 
4964 1393 1498 1407 1375 
4965 958 930 1393 1498 
4966 958 1498 960 930 
4967 930 1393 1498 1407 
4968 930 1407 1498 960 
4969 1004 1058 1546 1550 
4970 1058 977 1561 1562 
4971 1546 1561 675 1549 
4972 1550 1562 1549 1382 
4973 1058 1546 1550 1562 
4974 1058 1562 1561 1546 
4975 1546 1550 1562 1549 
4976 1546 1549 1562 1561 
4977 1373 1517 1518 1563 
4978 1517 1387 1461 1509 
4979 1518 1461 1378 1510 
4980 1563 1509 1510 1388 
4981 1517 1518 1563 1509 
4982 1517 1509 1461 1518 
4983 1518 1563 1509 1510 
4984 1518 1510 1509 1461 
4985 661 1564 1565 1529 
4986 1564 1379 1427 1566 
4987 1565 1427 1375 1447 
4988 1529 1566 1447 1385 
4989 1564 1565 1529 1566 
4990 1564 1566 1427 1565 
4991 1565 1529 1566 1447 
4992 1565 1447 1566 1427 
4993 674 894 783 1533 
4994 894 663 891 1470 
4995 783 891 651 1418 
4996 1533 1470 1418 1377 
4997 894 783 1533 1470 
4998 894 1470 891 783 
4999 783 1533 1470 1418 
5000 783 1418 1470 891 
5001 675 875 1555 1549 
5002 875 681 1567 1568 
5003 1555 1567 1380 1512 
5004 1549 1568 1512 1382 
5005 875 1555 1549 1568 
5006 875 1568 1567 1555 
5007 1555 1549 1568 1512 
5008 1555 1512 1568 1567 
5009 1375 1535 1444 1447 
5010 1535 1383 1443 1504 
5011 1444 1443 1377 1400 
5012 1447 1504 1400 1385 
5013 1535 1444 1447 1504 
5014 1535 1504 1443 1444 
5015 1444 1447 1504 1400 
5016 1444 1400 1504 1443 
5017 641 853 851 1477 
5018 853 690 852 1524 
5019 851 852 662 1482 
5020 1477 1524 1482 1380 
5021 853 851 1477 1524 
5022 853 1524 852 851 
5023 851 1477 1524 1482 
5024 851 1482 1524 852 
5025 909 1569 1542 1570 
5026 1569 1374 1554 1572 
5027 1542 1554 682 1571 
5028 1570 1572 1571 1384 
5029 1569 1542 1570 1572 
5030 1569 1572 1554 1542 
5031 1542 1570 1572 1571 
5032 1542 1571 1572 1554 
5033 644 707 1390 709 
5034 707 91 925 705 
5035 1390 925 905 1437 
5036 709 705 1437 635 
5037 707 1390 709 705 
5038 707 705 925 1390 
5039 1390 709 705 1437 
5040 1390 1437 705 925 
5041 1001 1082 1573 1558 
5042 1082 1000 1408 1397 
5043 1573 1408 640 1410 
5044 1558 1397 1410 1377 
5045 1082 1573 1558 1397 
5046 1082 1397 1408 1573 
5047 1573 1558 1397 1410 
5048 1573 1410 1397 1408 
5049 1377 1420 1415 1459 
5050 1420 1382 1440 1496 
5051 1415 1440 1373 1517 
5052 1459 1496 1517 1387 
5053 1420 1415 1459 1496 
5054 1420 1496 1440 1415 
5055 1415 1459 1496 1517 
5056 1415 1517 1496 1440 
5057 116 117 748 1525 
5058 117 118 749 1474 
5059 748 749 669 1574 
5060 1525 1474 1574 1374 
5061 117 748 1525 1474 
5062 117 1474 749 748 
5063 748 1525 1474 1574 
5064 748 1574 1474 749 
5065 114 1575 1577 1578 
5066 1575 980 1576 1580 
5067 1577 1576 1381 1579 
5068 1578 1580 1579 1386 
5069 1575 1577 1578 1580 
5070 1575 1580 1576 1577 
5071 1577 1578 1580 1579 
5072 1577 1579 1580 1576 
5073 994 1090 1093 1548 
5074 1090 977 1058 1562 
5075 1093 1058 1004 1550 
5076 1548 1562 1550 1382 
5077 1090 1093 1548 1562 
5078 1090 1562 1058 1093 
5079 1093 1548 1562 1550 
5080 1093 1550 1562 1058 
5081 641 1476 1581 853 
5082 1476 1010 1103 1522 
5083 1581 1103 979 1521 
5084 853 1522 1521 690 
5085 1476 1581 853 1522 
5086 1476 1522 1103 1581 
5087 1581 853 1522 1521 
5088 1581 1521 1522 1103 
5089 661 1565 830 1529 
5090 1565 1375 1582 1447 
5091 830 1582 637 1583 
5092 1529 1447 1583 1385 
5093 1565 830 1529 1447 
5094 1565 1447 1582 830 
5095 830 1529 1447 1583 
5096 830 1583 1447 1582 
5097 661 860 1564 1529 
5098 860 643 1584 1530 
5099 1564 1584 1379 1566 
5100 1529 1530 1566 1385 
5101 860 1564 1529 1530 
5102 860 1530 1584 1564 
5103 1564 1529 1530 1566 
5104 1564 1566 1530 1584 
5105 116 1527 1525 1585 
5106 1527 1381 1528 1579 
5107 1525 1528 1374 1586 
5108 1585 1579 1586 1386 
5109 1527 1525 1585 1579 
5110 1527 1579 1528 1525 
5111 1525 1585 1579 1586 
5112 1525 1586 1579 1528 
5113 979 1587 1521 1523 
5114 1587 647 876 1588 
5115 1521 876 690 1524 
5116 1523 1588 1524 1380 
5117 1587 1521 1523 1588 
5118 1587 1588 876 1521 
5119 1521 1523 1588 1524 
5120 1521 1524 1588 876 
5121 906 944 939 1463 
5122 944 919 943 1487 
5123 939 943 103 1589 
5124 1463 1487 1589 1389 
5125 944 939 1463 1487 
5126 944 1487 943 939 
5127 939 1463 1487 1589 
5128 939 1589 1487 943 
5129 118 746 1474 1526 
5130 746 668 1553 1590 
5131 1474 1553 1374 1528 
5132 1526 1590 1528 1381 
5133 746 1474 1526 1590 
5134 746 1590 1553 1474 
5135 1474 1526 1590 1528 
5136 1474 1528 1590 1553 
5137 659 871 872 1434 
5138 871 646 718 1445 
5139 872 718 653 1559 
5140 1434 1445 1559 1377 
5141 871 872 1434 1445 
5142 871 1445 718 872 
5143 872 1434 1445 1559 
5144 872 1559 1445 718 
5145 1001 1082 1043 1573 
5146 1082 1000 1080 1408 
5147 1043 1080 975 1409 
5148 1573 1408 1409 640 
5149 1082 1043 1573 1408 
5150 1082 1408 1080 1043 
5151 1043 1573 1408 1409 
5152 1043 1409 1408 1080 
5153 646 1446 1592 1457 
5154 1446 1375 1591 1458 
5155 1592 1591 907 1593 
5156 1457 1458 1593 1387 
5157 1446 1592 1457 1458 
5158 1446 1458 1591 1592 
5159 1592 1457 1458 1593 
5160 1592 1593 1458 1591 
5161 996 1078 1079 1594 
5162 1078 975 1080 1398 
5163 1079 1080 1000 1399 
5164 1594 1398 1399 1385 
5165 1078 1079 1594 1398 
5166 1078 1398 1080 1079 
5167 1079 1594 1398 1399 
5168 1079 1399 1398 1080 
5169 987 1451 1595 1456 
5170 1451 1380 1479 1466 
5171 1595 1479 1376 1596 
5172 1456 1466 1596 1383 
5173 1451 1595 1456 1466 
5174 1451 1466 1479 1595 
5175 1595 1456 1466 1596 
5176 1595 1596 1466 1479 
5177 1001 1152 1082 1558 
5178 1152 1007 1150 1417 
5179 1082 1150 1000 1397 
5180 1558 1417 1397 1377 
5181 1152 1082 1558 1417 
5182 1152 1417 1150 1082 
5183 1082 1558 1417 1397 
5184 1082 1397 1417 1150 
5185 656 815 812 1495 
5186 815 663 814 1520 
5187 812 814 634 1597 
5188 1495 1520 1597 1387 
5189 815 812 1495 1520 
5190 815 1520 814 812 
5191 812 1495 1520 1597 
5192 812 1597 1520 814 
5193 917 945 1598 1506 
5194 945 107 731 1507 
5195 1598 731 638 1513 
5196 1506 1507 1513 1378 
5197 945 1598 1506 1507 
5198 945 1507 731 1598 
5199 1598 1506 1507 1513 
5200 1598 1513 1507 731 
5201 975 1599 1435 1398 
5202 1599 676 847 1600 
5203 1435 847 659 1436 
5204 1398 1600 1436 1385 
5205 1599 1435 1398 1600 
5206 1599 1600 847 1435 
5207 1435 1398 1600 1436 
5208 1435 1436 1600 847 
5209 114 1577 115 1578 
5210 1577 1381 1527 1579 
5211 115 1527 116 1585 
5212 1578 1579 1585 1386 
5213 1577 115 1578 1579 
5214 1577 1579 1527 115 
5215 115 1578 1579 1585 
5216 115 1585 1579 1527 
5217 101 940 724 1601 
5218 940 906 1538 1460 
5219 724 1538 652 1539 
5220 1601 1460 1539 1387 
5221 940 724 1601 1460 
5222 940 1460 1538 724 
5223 724 1601 1460 1539 
5224 724 1539 1460 1538 
5225 644 1395 829 1426 
5226 1395 1375 1565 1427 
5227 829 1565 661 1564 
5228 1426 1427 1564 1379 
5229 1395 829 1426 1427 
5230 1395 1427 1565 829 
5231 829 1426 1427 1564 
5232 829 1564 1427 1565 
5233 114 1602 1575 1578 
5234 1602 999 1019 1603 
5235 1575 1019 980 1580 
5236 1578 1603 1580 1386 
5237 1602 1575 1578 1603 
5238 1602 1603 1019 1575 
5239 1575 1578 1603 1580 
5240 1575 1580 1603 1019 
5241 1373 1604 1442 1563 
5242 1604 1384 1605 1607 
5243 1442 1605 1383 1606 
5244 1563 1607 1606 1388 
5245 1604 1442 1563 1607 
5246 1604 1607 1605 1442 
5247 1442 1563 1607 1606 
5248 1442 1606 1607 1605 
5249 905 1392 955 1516 
5250 1392 1374 1608 1501 
5251 955 1608 911 1552 
5252 1516 1501 1552 1388 
5253 1392 955 1516 1501 
5254 1392 1501 1608 955 
5255 955 1516 1501 1552 
5256 955 1552 1501 1608 
5257 1001 1573 1557 1558 
5258 1573 640 780 1410 
5259 1557 780 674 1533 
5260 1558 1410 1533 1377 
5261 1573 1557 1558 1410 
5262 1573 1410 780 1557 
5263 1557 1558 1410 1533 
5264 1557 1533 1410 780 
5265 1376 1481 1610 1611 
5266 1481 1378 1609 1613 
5267 1610 1609 642 1612 
5268 1611 1613 1612 1384 
5269 1481 1610 1611 1613 
5270 1481 1613 1609 1610 
5271 1610 1611 1613 1612 
5272 1610 1612 1613 1609 
5273 672 804 854 1536 
5274 804 641 849 1615 
5275 854 849 685 1614 
5276 1536 1615 1614 998 
5277 804 854 1536 1615 
5278 804 1615 849 854 
5279 854 1536 1615 1614 
5280 854 1614 1615 849 
5281 116 1525 748 1585 
5282 1525 1374 1574 1586 
5283 748 1574 669 1616 
5284 1585 1586 1616 1386 
5285 1525 748 1585 1586 
5286 1525 1586 1574 748 
5287 748 1585 1586 1616 
5288 748 1616 1586 1574 
5289 905 1437 1430 1392 
5290 1437 635 706 1438 
5291 1430 706 683 1433 
5292 1392 1438 1433 1374 
5293 1437 1430 1392 1438 
5294 1437 1438 706 1430 
5295 1430 1392 1438 1433 
5296 1430 1433 1438 706 
5297 654 1617 1618 1619 
5298 1617 980 1077 1576 
5299 1618 1077 983 1620 
5300 1619 1576 1620 1381 
5301 1617 1618 1619 1576 
5302 1617 1576 1077 1618 
5303 1618 1619 1576 1620 
5304 1618 1620 1576 1077 
5305 908 1621 1505 1622 
5306 1621 642 1609 1612 
5307 1505 1609 1378 1613 
5308 1622 1612 1613 1384 
5309 1621 1505 1622 1612 
5310 1621 1612 1609 1505 
5311 1505 1622 1612 1613 
5312 1505 1613 1612 1609 
5313 1378 1613 1518 1510 
5314 1613 1384 1604 1607 
5315 1518 1604 1373 1563 
5316 1510 1607 1563 1388 
5317 1613 1518 1510 1607 
5318 1613 1607 1604 1518 
5319 1518 1510 1607 1563 
5320 1518 1563 1607 1604 
5321 645 1623 870 1625 
5322 1623 1002 1624 1492 
5323 870 1624 691 1531 
5324 1625 1492 1531 1385 
5325 1623 870 1625 1492 
5326 1623 1492 1624 870 
5327 870 1625 1492 1531 
5328 870 1531 1492 1624 
5329 672 854 889 1485 
5330 854 685 857 1469 
5331 889 857 657 1424 
5332 1485 1469 1424 1376 
5333 854 889 1485 1469 
5334 854 1469 857 889 
5335 889 1485 1469 1424 
5336 889 1424 1469 857 
5337 979 1100 1587 1523 
5338 1100 994 1626 1556 
5339 1587 1626 647 1588 
5340 1523 1556 1588 1380 
5341 1100 1587 1523 1556 
5342 1100 1556 1626 1587 
5343 1587 1523 1556 1588 
5344 1587 1588 1556 1626 
5345 979 1100 1064 1587 
5346 1100 994 1101 1626 
5347 1064 1101 1008 1627 
5348 1587 1626 1627 647 
5349 1100 1064 1587 1626 
5350 1100 1626 1101 1064 
5351 1064 1587 1626 1627 
5352 1064 1627 1626 1101 
5353 675 839 875 1549 
5354 839 660 880 1628 
5355 875 880 681 1568 
5356 1549 1628 1568 1382 
5357 839 875 1549 1628 
5358 839 1628 880 875 
5359 875 1549 1628 1568 
5360 875 1568 1628 880 
5361 680 810 890 1629 
5362 810 650 887 1543 
5363 890 887 664 1544 
5364 1629 1543 1544 1381 
5365 810 890 1629 1543 
5366 810 1543 887 890 
5367 890 1629 1543 1544 
5368 890 1544 1543 887 
5369 982 1115 1631 1632 
5370 1115 1011 1630 1634 
5371 1631 1630 673 1633 
5372 1632 1634 1633 1379 
5373 1115 1631 1632 1634 
5374 1115 1634 1630 1631 
5375 1631 1632 1634 1633 
5376 1631 1633 1634 1630 
5377 918 924 927 1432 
5378 924 909 957 1569 
5379 927 957 905 1392 
5380 1432 1569 1392 1374 
5381 924 927 1432 1569 
5382 924 1569 957 927 
5383 927 1432 1569 1392 
5384 927 1392 1569 957 
5385 1376 1596 1635 1611 
5386 1596 1383 1442 1605 
5387 1635 1442 1373 1604 
5388 1611 1605 1604 1384 
5389 1596 1635 1611 1605 
5390 1596 1605 1442 1635 
5391 1635 1611 1605 1604 
5392 1635 1604 1605 1442 
5393 916 934 931 1407 
5394 934 907 933 1591 
5395 931 933 95 1636 
5396 1407 1591 1636 1375 
5397 934 931 1407 1591 
5398 934 1591 933 931 
5399 931 1407 1591 1636 
5400 931 1636 1591 933 
5401 636 1637 1638 1639 
5402 1637 1381 1404 1640 
5403 1638 1404 1376 1611 
5404 1639 1640 1611 1384 
5405 1637 1638 1639 1640 
5406 1637 1640 1404 1638 
5407 1638 1639 1640 1611 
5408 1638 1611 1640 1404 
5409 676 777 1599 847 
5410 777 640 1409 846 
5411 1599 1409 975 1435 
5412 847 846 1435 659 
5413 777 1599 847 846 
5414 777 846 1409 1599 
5415 1599 847 846 1435 
5416 1599 1435 846 1409 
5417 1373 1518 1635 1604 
5418 1518 1378 1481 1613 
5419 1635 1481 1376 1611 
5420 1604 1613 1611 1384 
5421 1518 1635 1604 1613 
5422 1518 1613 1481 1635 
5423 1635 1604 1613 1611 
5424 1635 1611 1613 1481 
5425 654 1618 900 1619 
5426 1618 983 1641 1620 
5427 900 1641 680 1629 
5428 1619 1620 1629 1381 
5429 1618 900 1619 1620 
5430 1618 1620 1641 900 
5431 900 1619 1620 1629 
5432 900 1629 1620 1641 
5433 1374 1425 1438 1586 
5434 1425 1379 1515 1643 
5435 1438 1515 635 1642 
5436 1586 1643 1642 1386 
5437 1425 1438 1586 1643 
5438 1425 1643 1515 1438 
5439 1438 1586 1643 1642 
5440 1438 1642 1643 1515 
5441 660 1644 880 1628 
5442 1644 1380 1567 1512 
5443 880 1567 681 1568 
5444 1628 1512 1568 1382 
5445 1644 880 1628 1512 
5446 1644 1512 1567 880 
5447 880 1628 1512 1568 
5448 880 1568 1512 1567 
5449 114 1575 741 1577 
5450 1575 980 1617 1576 
5451 741 1617 654 1619 
5452 1577 1576 1619 1381 
5453 1575 741 1577 1576 
5454 1575 1576 1617 741 
5455 741 1577 1576 1619 
5456 741 1619 1576 1617 
5457 118 117 746 1526 
5458 117 116 747 1527 
5459 746 747 668 1590 
5460 1526 1527 1590 1381 
5461 117 746 1526 1527 
5462 117 1527 747 746 
5463 746 1526 1527 1590 
5464 746 1590 1527 747 
5465 114 741 115 1577 
5466 741 654 740 1619 
5467 115 740 116 1527 
5468 1577 1619 1527 1381 
5469 741 115 1577 1619 
5470 741 1619 740 115 
5471 115 1577 1619 1527 
5472 115 1527 1619 740 
5473 675 875 1547 1555 
5474 875 681 1645 1567 
5475 1547 1645 994 1556 
5476 1555 1567 1556 1380 
5477 875 1547 1555 1567 
5478 875 1567 1645 1547 
5479 1547 1555 1567 1556 
5480 1547 1556 1567 1645 
5481 991 1646 1648 1649 
5482 1646 1383 1647 1650 
5483 1648 1647 1381 1579 
5484 1649 1650 1579 1386 
5485 1646 1648 1649 1650 
5486 1646 1650 1647 1648 
5487 1648 1649 1650 1579 
5488 1648 1579 1650 1647 
5489 644 712 829 1395 
5490 712 637 830 1582 
5491 829 830 661 1565 
5492 1395 1582 1565 1375 
5493 712 829 1395 1582 
5494 712 1582 830 829 
5495 829 1395 1582 1565 
5496 829 1565 1582 830 
5497 95 933 713 1636 
5498 933 907 1592 1591 
5499 713 1592 646 1446 
5500 1636 1591 1446 1375 
5501 933 713 1636 1591 
5502 933 1591 1592 713 
5503 713 1636 1591 1446 
5504 713 1446 1591 1592 
5505 646 1592 714 1457 
5506 1592 907 932 1593 
5507 714 932 97 1651 
5508 1457 1593 1651 1387 
5509 1592 714 1457 1593 
5510 1592 1593 932 714 
5511 714 1457 1593 1651 
5512 714 1651 1593 932 
5513 670 848 844 1652 
5514 848 674 780 1533 
5515 844 780 640 1410 
5516 1652 1533 1410 1377 
5517 848 844 1652 1533 
5518 848 1533 780 844 
5519 844 1652 1533 1410 
5520 844 1410 1533 780 
5521 684 858 859 1653 
5522 858 661 860 1564 
5523 859 860 643 1584 
5524 1653 1564 1584 1379 
5525 858 859 1653 1564 
5526 858 1564 860 859 
5527 859 1653 1564 1584 
5528 859 1584 1564 860 
5529 645 1654 1623 1625 
5530 1654 996 1151 1594 
5531 1623 1151 1002 1492 
5532 1625 1594 1492 1385 
5533 1654 1623 1625 1594 
5534 1654 1594 1151 1623 
5535 1623 1625 1594 1492 
5536 1623 1492 1594 1151 
5537 909 1542 954 1570 
5538 1542 682 1655 1571 
5539 954 1655 910 1656 
5540 1570 1571 1656 1384 
5541 1542 954 1570 1571 
5542 1542 1571 1655 954 
5543 954 1570 1571 1656 
5544 954 1656 1571 1655 
5545 978 1657 1095 1659 
5546 1657 1379 1658 1643 
5547 1095 1658 997 1660 
5548 1659 1643 1660 1386 
5549 1657 1095 1659 1643 
5550 1657 1643 1658 1095 
5551 1095 1659 1643 1660 
5552 1095 1660 1643 1658 
5553 1011 1097 1662 1634 
5554 1097 978 1661 1657 
5555 1662 1661 649 1663 
5556 1634 1657 1663 1379 
5557 1097 1662 1634 1657 
5558 1097 1657 1661 1662 
5559 1662 1634 1657 1663 
5560 1662 1663 1657 1661 
5561 911 1608 1664 1552 
5562 1608 1374 1572 1501 
5563 1664 1572 1384 1607 
5564 1552 1501 1607 1388 
5565 1608 1664 1552 1501 
5566 1608 1501 1572 1664 
5567 1664 1552 1501 1607 
5568 1664 1607 1501 1572 
5569 681 874 1645 1567 
5570 874 647 1626 1588 
5571 1645 1626 994 1556 
5572 1567 1588 1556 1380 
5573 874 1645 1567 1588 
5574 874 1588 1626 1645 
5575 1645 1567 1588 1556 
5576 1645 1556 1588 1626 
5577 975 1078 1599 1398 
5578 1078 996 1665 1594 
5579 1599 1665 676 1600 
5580 1398 1594 1600 1385 
5581 1078 1599 1398 1594 
5582 1078 1594 1665 1599 
5583 1599 1398 1594 1600 
5584 1599 1600 1594 1665 
5585 907 968 966 1666 
5586 968 912 967 1500 
5587 966 967 914 1667 
5588 1666 1500 1667 1388 
5589 968 966 1666 1500 
5590 968 1500 967 966 
5591 966 1666 1500 1667 
5592 966 1667 1500 967 
5593 1380 1512 1644 1668 
5594 1512 1382 1628 1537 
5595 1644 1628 660 1669 
5596 1668 1537 1669 1389 
5597 1512 1644 1668 1537 
5598 1512 1537 1628 1644 
5599 1644 1668 1537 1669 
5600 1644 1669 1537 1628 
5601 982 1631 1670 1632 
5602 1631 673 863 1633 
5603 1670 863 684 1653 
5604 1632 1633 1653 1379 
5605 1631 1670 1632 1633 
5606 1631 1633 863 1670 
5607 1670 1632 1633 1653 
5608 1670 1653 1633 863 
5609 1010 1475 1123 1478 
5610 1475 1376 1595 1479 
5611 1123 1595 987 1451 
5612 1478 1479 1451 1380 
5613 1475 1123 1478 1479 
5614 1475 1479 1595 1123 
5615 1123 1478 1479 1451 
5616 1123 1451 1479 1595 
5617 911 1608 956 1664 
5618 1608 1374 1569 1572 
5619 956 1569 909 1570 
5620 1664 1572 1570 1384 
5621 1608 956 1664 1572 
5622 1608 1572 1569 956 
5623 956 1664 1572 1570 
5624 956 1570 1572 1569 
5625 909 956 957 1569 
5626 956 911 955 1608 
5627 957 955 905 1392 
5628 1569 1608 1392 1374 
5629 956 957 1569 1608 
5630 956 1608 955 957 
5631 957 1569 1608 1392 
5632 957 1392 1608 955 
5633 1007 1112 1110 1532 
5634 1112 1014 1049 1672 
5635 1110 1049 981 1671 
5636 1532 1672 1671 674 
5637 1112 1110 1532 1672 
5638 1112 1672 1049 1110 
5639 1110 1532 1672 1671 
5640 1110 1671 1672 1049 
5641 980 1105 1077 1576 
5642 1105 984 1084 1551 
5643 1077 1084 983 1620 
5644 1576 1551 1620 1381 
5645 1105 1077 1576 1551 
5646 1105 1551 1084 1077 
5647 1077 1576 1551 1620 
5648 1077 1620 1551 1084 
5649 996 1654 1665 1594 
5650 1654 645 774 1625 
5651 1665 774 676 1600 
5652 1594 1625 1600 1385 
5653 1654 1665 1594 1625 
5654 1654 1625 774 1665 
5655 1665 1594 1625 1600 
5656 1665 1600 1625 774 
5657 919 1486 1674 1487 
5658 1486 1378 1673 1464 
5659 1674 1673 648 1675 
5660 1487 1464 1675 1389 
5661 1486 1674 1487 1464 
5662 1486 1464 1673 1674 
5663 1674 1487 1464 1675 
5664 1674 1675 1464 1673 
5665 978 1661 1657 1659 
5666 1661 649 1663 1676 
5667 1657 1663 1379 1643 
5668 1659 1676 1643 1386 
5669 1661 1657 1659 1676 
5670 1661 1676 1663 1657 
5671 1657 1659 1676 1643 
5672 1657 1643 1676 1663 
5673 636 828 1637 1639 
5674 828 668 1590 1677 
5675 1637 1590 1381 1640 
5676 1639 1677 1640 1384 
5677 828 1637 1639 1677 
5678 828 1677 1590 1637 
5679 1637 1639 1677 1640 
5680 1637 1640 1677 1590 
5681 908 1621 949 1505 
5682 1621 642 733 1609 
5683 949 733 107 1507 
5684 1505 1609 1507 1378 
5685 1621 949 1505 1609 
5686 1621 1609 733 949 
5687 949 1505 1609 1507 
5688 949 1507 1609 733 
5689 651 891 892 1419 
5690 891 663 815 1471 
5691 892 815 656 1493 
5692 1419 1471 1493 1382 
5693 891 892 1419 1471 
5694 891 1471 815 892 
5695 892 1419 1471 1493 
5696 892 1493 1471 815 
5697 644 1406 712 1395 
5698 1406 916 1678 1407 
5699 712 1678 637 1582 
5700 1395 1407 1582 1375 
5701 1406 712 1395 1407 
5702 1406 1407 1678 712 
5703 712 1395 1407 1582 
5704 712 1582 1407 1678 
5705 989 1679 1681 1682 
5706 1679 1383 1680 1504 
5707 1681 1680 1379 1566 
5708 1682 1504 1566 1385 
5709 1679 1681 1682 1504 
5710 1679 1504 1680 1681 
5711 1681 1682 1504 1566 
5712 1681 1566 1504 1680 
5713 659 845 846 1434 
5714 845 670 844 1652 
5715 846 844 640 1410 
5716 1434 1652 1410 1377 
5717 845 846 1434 1652 
5718 845 1652 844 846 
5719 846 1434 1652 1410 
5720 846 1410 1652 844 
5721 1376 1479 1635 1596 
5722 1479 1380 1453 1466 
5723 1635 1453 1373 1442 
5724 1596 1466 1442 1383 
5725 1479 1635 1596 1466 
5726 1479 1466 1453 1635 
5727 1635 1596 1466 1442 
5728 1635 1442 1466 1453 
5729 986 1683 1119 1684 
5730 1683 1381 1648 1647 
5731 1119 1648 991 1646 
5732 1684 1647 1646 1383 
5733 1683 1119 1684 1647 
5734 1683 1647 1648 1119 
5735 1119 1684 1647 1646 
5736 1119 1646 1647 1648 
5737 1379 1680 1427 1566 
5738 1680 1383 1535 1504 
5739 1427 1535 1375 1447 
5740 1566 1504 1447 1385 
5741 1680 1427 1566 1504 
5742 1680 1504 1535 1427 
5743 1427 1566 1504 1447 
5744 1427 1447 1504 1535 
5745 665 819 1685 1686 
5746 819 635 1515 1642 
5747 1685 1515 1379 1643 
5748 1686 1642 1643 1386 
5749 819 1685 1686 1642 
5750 819 1642 1515 1685 
5751 1685 1686 1642 1643 
5752 1685 1643 1642 1515 
5753 916 931 1678 1407 
5754 931 95 711 1636 
5755 1678 711 637 1582 
5756 1407 1636 1582 1375 
5757 931 1678 1407 1636 
5758 931 1636 711 1678 
5759 1678 1407 1636 1582 
5760 1678 1582 1636 711 
5761 1011 1096 1097 1634 
5762 1096 997 1095 1658 
5763 1097 1095 978 1657 
5764 1634 1658 1657 1379 
5765 1096 1097 1634 1658 
5766 1096 1658 1095 1097 
5767 1097 1634 1658 1657 
5768 1097 1657 1658 1095 
5769 670 904 848 1652 
5770 904 663 894 1470 
5771 848 894 674 1533 
5772 1652 1470 1533 1377 
5773 904 848 1652 1470 
5774 904 1470 894 848 
5775 848 1652 1470 1533 
5776 848 1533 1470 894 
5777 634 720 726 1597 
5778 720 101 724 1601 
5779 726 724 652 1539 
5780 1597 1601 1539 1387 
5781 720 726 1597 1601 
5782 720 1601 724 726 
5783 726 1597 1601 1539 
5784 726 1539 1601 724 
5785 986 1687 1117 1683 
5786 1687 1376 1401 1404 
5787 1117 1401 985 1405 
5788 1683 1404 1405 1381 
5789 1687 1117 1683 1404 
5790 1687 1404 1401 1117 
5791 1117 1683 1404 1405 
5792 1117 1405 1404 1401 
5793 641 1581 801 853 
5794 1581 979 1688 1521 
5795 801 1688 678 855 
5796 853 1521 855 690 
5797 1581 801 853 1521 
5798 1581 1521 1688 801 
5799 801 853 1521 855 
5800 801 855 1521 1688 
5801 636 739 828 1639 
5802 739 682 752 1571 
5803 828 752 668 1677 
5804 1639 1571 1677 1384 
5805 739 828 1639 1571 
5806 739 1571 752 828 
5807 828 1639 1571 1677 
5808 828 1677 1571 752 
5809 1006 1689 1094 1052 
5810 1689 651 1428 1484 
5811 1094 1428 1003 1109 
5812 1052 1484 1109 981 
5813 1689 1094 1052 1484 
5814 1689 1484 1428 1094 
5815 1094 1052 1484 1109 
5816 1094 1109 1484 1428 
5817 990 1489 1134 1503 
5818 1489 1383 1679 1504 
5819 1134 1679 989 1682 
5820 1503 1504 1682 1385 
5821 1489 1134 1503 1504 
5822 1489 1504 1679 1134 
5823 1134 1503 1504 1682 
5824 1134 1682 1504 1679 
5825 681 1645 874 875 
5826 1645 994 1626 1547 
5827 874 1626 647 795 
5828 875 1547 795 675 
5829 1645 874 875 1547 
5830 1645 1547 1626 874 
5831 874 875 1547 795 
5832 874 795 1547 1626 
5833 1375 1427 1394 1535 
5834 1427 1379 1425 1680 
5835 1394 1425 1374 1690 
5836 1535 1680 1690 1383 
5837 1427 1394 1535 1680 
5838 1427 1680 1425 1394 
5839 1394 1535 1680 1690 
5840 1394 1690 1680 1425 
5841 637 711 715 1582 
5842 711 95 713 1636 
5843 715 713 646 1446 
5844 1582 1636 1446 1375 
5845 711 715 1582 1636 
5846 711 1636 713 715 
5847 715 1582 1636 1446 
5848 715 1446 1636 713 
5849 906 1460 962 1508 
5850 1460 1387 1691 1509 
5851 962 1691 914 1667 
5852 1508 1509 1667 1388 
5853 1460 962 1508 1509 
5854 1460 1509 1691 962 
5855 962 1508 1509 1667 
5856 962 1667 1509 1691 
5857 1374 1690 1572 1501 
5858 1690 1383 1605 1606 
5859 1572 1605 1384 1607 
5860 1501 1606 1607 1388 
5861 1690 1572 1501 1606 
5862 1690 1606 1605 1572 
5863 1572 1501 1606 1607 
5864 1572 1607 1606 1605 
5865 649 762 1662 1663 
5866 762 673 1630 1633 
5867 1662 1630 1011 1634 
5868 1663 1633 1634 1379 
5869 762 1662 1663 1633 
5870 762 1633 1630 1662 
5871 1662 1663 1633 1634 
5872 1662 1634 1633 1630 
5873 666 831 1692 1693 
5874 831 637 1582 1583 
5875 1692 1582 1375 1447 
5876 1693 1583 1447 1385 
5877 831 1692 1693 1583 
5878 831 1583 1582 1692 
5879 1692 1693 1583 1447 
5880 1692 1447 1583 1582 
5881 998 1070 1615 1124 
5882 1070 1012 1694 1104 
5883 1615 1694 641 1476 
5884 1124 1104 1476 1010 
5885 1070 1615 1124 1104 
5886 1070 1104 1694 1615 
5887 1615 1124 1104 1476 
5888 1615 1476 1104 1694 
5889 996 1151 1081 1654 
5890 1151 1002 1037 1623 
5891 1081 1037 1009 1695 
5892 1654 1623 1695 645 
5893 1151 1081 1654 1623 
5894 1151 1623 1037 1081 
5895 1081 1654 1623 1695 
5896 1081 1695 1623 1037 
5897 914 1691 966 1667 
5898 1691 1387 1593 1509 
5899 966 1593 907 1666 
5900 1667 1509 1666 1388 
5901 1691 966 1667 1509 
5902 1691 1509 1593 966 
5903 966 1667 1509 1666 
5904 966 1666 1509 1593 
5905 655 1696 742 1697 
5906 1696 999 1602 1603 
5907 742 1602 114 1578 
5908 1697 1603 1578 1386 
5909 1696 742 1697 1603 
5910 1696 1603 1602 742 
5911 742 1697 1603 1578 
5912 742 1578 1603 1602 
5913 994 1100 1102 1556 
5914 1100 979 1103 1523 
5915 1102 1103 1010 1478 
5916 1556 1523 1478 1380 
5917 1100 1102 1556 1523 
5918 1100 1523 1103 1102 
5919 1102 1556 1523 1478 
5920 1102 1478 1523 1103 
5921 114 115 742 1578 
5922 115 116 743 1585 
5923 742 743 655 1697 
5924 1578 1585 1697 1386 
5925 115 742 1578 1585 
5926 115 1585 743 742 
5927 742 1578 1585 1697 
5928 742 1697 1585 743 
5929 982 1670 1698 1632 
5930 1670 684 859 1653 
5931 1698 859 643 1584 
5932 1632 1653 1584 1379 
5933 1670 1698 1632 1653 
5934 1670 1653 859 1698 
5935 1698 1632 1653 1584 
5936 1698 1584 1653 859 
5937 669 1574 821 1616 
5938 1574 1374 1438 1586 
5939 821 1438 635 1642 
5940 1616 1586 1642 1386 
5941 1574 821 1616 1586 
5942 1574 1586 1438 821 
5943 821 1616 1586 1642 
5944 821 1642 1586 1438 
5945 686 816 1699 1700 
5946 816 663 1470 1520 
5947 1699 1470 1377 1459 
5948 1700 1520 1459 1387 
5949 816 1699 1700 1520 
5950 816 1520 1470 1699 
5951 1699 1700 1520 1459 
5952 1699 1459 1520 1470 
5953 994 1093 1626 1547 
5954 1093 1004 1701 1546 
5955 1626 1701 647 795 
5956 1547 1546 795 675 
5957 1093 1626 1547 1546 
5958 1093 1546 1701 1626 
5959 1626 1547 1546 795 
5960 1626 795 1546 1701 
5961 683 753 697 1433 
5962 753 669 749 1574 
5963 697 749 118 1474 
5964 1433 1574 1474 1374 
5965 753 697 1433 1574 
5966 753 1574 749 697 
5967 697 1433 1574 1474 
5968 697 1474 1574 749 
5969 907 1591 968 1666 
5970 1591 1375 1498 1502 
5971 968 1498 912 1500 
5972 1666 1502 1500 1388 
5973 1591 968 1666 1502 
5974 1591 1502 1498 968 
5975 968 1666 1502 1500 
5976 968 1500 1502 1498 
5977 688 699 745 1702 
5978 699 114 742 1602 
5979 745 742 655 1696 
5980 1702 1602 1696 999 
5981 699 745 1702 1602 
5982 699 1602 742 745 
5983 745 1702 1602 1696 
5984 745 1696 1602 742 
5985 991 1648 1107 1649 
5986 1648 1381 1576 1579 
5987 1107 1576 980 1580 
5988 1649 1579 1580 1386 
5989 1648 1107 1649 1579 
5990 1648 1579 1576 1107 
5991 1107 1649 1579 1580 
5992 1107 1580 1579 1576 
5993 989 1679 1129 1703 
5994 1679 1383 1646 1650 
5995 1129 1646 991 1649 
5996 1703 1650 1649 1386 
5997 1679 1129 1703 1650 
5998 1679 1650 1646 1129 
5999 1129 1703 1650 1649 
6000 1129 1649 1650 1646 
6001 666 833 831 1693 
6002 833 661 830 1529 
6003 831 830 637 1583 
6004 1693 1529 1583 1385 
6005 833 831 1693 1529 
6006 833 1529 830 831 
6007 831 1693 1529 1583 
6008 831 1583 1529 830 
6009 1375 1535 1394 1502 
6010 1535 1383 1690 1606 
6011 1394 1690 1374 1501 
6012 1502 1606 1501 1388 
6013 1535 1394 1502 1606 
6014 1535 1606 1690 1394 
6015 1394 1502 1606 1501 
6016 1394 1501 1606 1690 
6017 666 1692 832 1693 
6018 1692 1375 1446 1447 
6019 832 1446 646 1448 
6020 1693 1447 1448 1385 
6021 1692 832 1693 1447 
6022 1692 1447 1446 832 
6023 832 1693 1447 1448 
6024 832 1448 1447 1446 
6025 905 926 1430 1437 
6026 926 89 693 704 
6027 1430 693 683 706 
6028 1437 704 706 635 
6029 926 1430 1437 704 
6030 926 704 693 1430 
6031 1430 1437 704 706 
6032 1430 706 704 693 
6033 643 765 859 1698 
6034 765 673 863 1631 
6035 859 863 684 1670 
6036 1698 1631 1670 982 
6037 765 859 1698 1631 
6038 765 1631 863 859 
6039 859 1698 1631 1670 
6040 859 1670 1631 863 
6041 994 1093 1101 1626 
6042 1093 1004 1061 1701 
6043 1101 1061 1008 1627 
6044 1626 1701 1627 647 
6045 1093 1101 1626 1701 
6046 1093 1701 1061 1101 
6047 1101 1626 1701 1627 
6048 1101 1627 1701 1061 
6049 639 840 792 1704 
6050 840 660 839 1628 
6051 792 839 675 1549 
6052 1704 1628 1549 1382 
6053 840 792 1704 1628 
6054 840 1628 839 792 
6055 792 1704 1628 1549 
6056 792 1549 1628 839 
6057 639 792 1705 1704 
6058 792 675 1561 1549 
6059 1705 1561 977 1562 
6060 1704 1549 1562 1382 
6061 792 1705 1704 1549 
6062 792 1549 1561 1705 
6063 1705 1704 1549 1562 
6064 1705 1562 1549 1561 
6065 1373 1442 1534 1563 
6066 1442 1383 1535 1606 
6067 1534 1535 1375 1502 
6068 1563 1606 1502 1388 
6069 1442 1534 1563 1606 
6070 1442 1606 1535 1534 
6071 1534 1563 1606 1502 
6072 1534 1502 1606 1535 
6073 989 1681 1679 1703 
6074 1681 1379 1680 1643 
6075 1679 1680 1383 1650 
6076 1703 1643 1650 1386 
6077 1681 1679 1703 1643 
6078 1681 1643 1680 1679 
6079 1679 1703 1643 1650 
6080 1679 1650 1643 1680 
6081 982 1113 1115 1632 
6082 1113 995 1116 1706 
6083 1115 1116 1011 1634 
6084 1632 1706 1634 1379 
6085 1113 1115 1632 1706 
6086 1113 1706 1116 1115 
6087 1115 1632 1706 1634 
6088 1115 1634 1706 1116 
6089 991 1107 1108 1649 
6090 1107 980 1019 1580 
6091 1108 1019 999 1603 
6092 1649 1580 1603 1386 
6093 1107 1108 1649 1580 
6094 1107 1580 1019 1108 
6095 1108 1649 1580 1603 
6096 1108 1603 1580 1019 
6097 985 1120 1122 1401 
6098 1120 987 1123 1595 
6099 1122 1123 1010 1475 
6100 1401 1595 1475 1376 
6101 1120 1122 1401 1595 
6102 1120 1595 1123 1122 
6103 1122 1401 1595 1475 
6104 1122 1475 1595 1123 
6105 642 735 733 1609 
6106 735 638 731 1513 
6107 733 731 107 1507 
6108 1609 1513 1507 1378 
6109 735 733 1609 1513 
6110 735 1513 731 733 
6111 733 1609 1513 1507 
6112 733 1507 1513 731 
6113 1376 1404 1687 1596 
6114 1404 1381 1683 1647 
6115 1687 1683 986 1684 
6116 1596 1647 1684 1383 
6117 1404 1687 1596 1647 
6118 1404 1647 1683 1687 
6119 1687 1596 1647 1684 
6120 1687 1684 1647 1683 
6121 659 873 871 1436 
6122 873 666 832 1693 
6123 871 832 646 1448 
6124 1436 1693 1448 1385 
6125 873 871 1436 1693 
6126 873 1693 832 871 
6127 871 1436 1693 1448 
6128 871 1448 1693 832 
6129 1376 1481 1635 1479 
6130 1481 1378 1518 1483 
6131 1635 1518 1373 1453 
6132 1479 1483 1453 1380 
6133 1481 1635 1479 1483 
6134 1481 1483 1518 1635 
6135 1635 1479 1483 1453 
6136 1635 1453 1483 1518 
6137 986 1121 1117 1687 
6138 1121 987 1120 1595 
6139 1117 1120 985 1401 
6140 1687 1595 1401 1376 
6141 1121 1117 1687 1595 
6142 1121 1595 1120 1117 
6143 1117 1687 1595 1401 
6144 1117 1401 1595 1120 
6145 638 837 1513 1514 
6146 837 667 1707 1708 
6147 1513 1707 1378 1483 
6148 1514 1708 1483 1380 
6149 837 1513 1514 1708 
6150 837 1708 1707 1513 
6151 1513 1514 1708 1483 
6152 1513 1483 1708 1707 
6153 681 1567 880 1709 
6154 1567 1380 1644 1668 
6155 880 1644 660 1669 
6156 1709 1668 1669 1389 
6157 1567 880 1709 1668 
6158 1567 1668 1644 880 
6159 880 1709 1668 1669 
6160 880 1669 1668 1644 
6161 997 1098 1095 1660 
6162 1098 1013 1025 1710 
6163 1095 1025 978 1659 
6164 1660 1710 1659 1386 
6165 1098 1095 1660 1710 
6166 1098 1710 1025 1095 
6167 1095 1660 1710 1659 
6168 1095 1659 1710 1025 
6169 683 706 753 1433 
6170 706 635 821 1438 
6171 753 821 669 1574 
6172 1433 1438 1574 1374 
6173 706 753 1433 1438 
6174 706 1438 821 753 
6175 753 1433 1438 1574 
6176 753 1574 1438 821 
6177 913 1711 963 1712 
6178 1711 1378 1462 1510 
6179 963 1462 906 1508 
6180 1712 1510 1508 1388 
6181 1711 963 1712 1510 
6182 1711 1510 1462 963 
6183 963 1712 1510 1508 
6184 963 1508 1510 1462 
6185 686 722 816 1700 
6186 722 634 814 1597 
6187 816 814 663 1520 
6188 1700 1597 1520 1387 
6189 722 816 1700 1597 
6190 722 1597 814 816 
6191 816 1700 1597 1520 
6192 816 1520 1597 814 
6193 987 1595 1121 1456 
6194 1595 1376 1687 1596 
6195 1121 1687 986 1684 
6196 1456 1596 1684 1383 
6197 1595 1121 1456 1596 
6198 1595 1596 1687 1121 
6199 1121 1456 1596 1684 
6200 1121 1684 1596 1687 
6201 665 1685 883 1686 
6202 1685 1379 1663 1643 
6203 883 1663 649 1676 
6204 1686 1643 1676 1386 
6205 1685 883 1686 1643 
6206 1685 1643 1663 883 
6207 883 1686 1643 1676 
6208 883 1676 1643 1663 
6209 994 1556 1089 1548 
6210 1556 1380 1452 1512 
6211 1089 1452 993 1511 
6212 1548 1512 1511 1382 
6213 1556 1089 1548 1512 
6214 1556 1512 1452 1089 
6215 1089 1548 1512 1511 
6216 1089 1511 1512 1452 
6217 118 119 697 1473 
6218 119 3 692 921 
6219 697 692 683 1431 
6220 1473 921 1431 918 
6221 119 697 1473 921 
6222 119 921 692 697 
6223 697 1473 921 1431 
6224 697 1431 921 692 
6225 909 923 954 1542 
6226 923 111 951 694 
6227 954 951 910 1655 
6228 1542 694 1655 682 
6229 923 954 1542 694 
6230 923 694 951 954 
6231 954 1542 694 1655 
6232 954 1655 694 951 
6233 636 1713 739 1639 
6234 1713 910 1655 1656 
6235 739 1655 682 1571 
6236 1639 1656 1571 1384 
6237 1713 739 1639 1656 
6238 1713 1656 1655 739 
6239 739 1639 1656 1571 
6240 739 1571 1656 1655 
6241 666 831 832 1692 
6242 831 637 715 1582 
6243 832 715 646 1446 
6244 1692 1582 1446 1375 
6245 831 832 1692 1582 
6246 831 1582 715 832 
6247 832 1692 1582 1446 
6248 832 1446 1582 715 
6249 638 834 837 1514 
6250 834 662 838 1482 
6251 837 838 667 1708 
6252 1514 1482 1708 1380 
6253 834 837 1514 1482 
6254 834 1482 838 837 
6255 837 1514 1482 1708 
6256 837 1708 1482 838 
6257 915 941 938 1714 
6258 941 906 940 1460 
6259 938 940 101 1601 
6260 1714 1460 1601 1387 
6261 941 938 1714 1460 
6262 941 1460 940 938 
6263 938 1714 1460 1601 
6264 938 1601 1460 940 
6265 1375 1444 1534 1458 
6266 1444 1377 1415 1459 
6267 1534 1415 1373 1517 
6268 1458 1459 1517 1387 
6269 1444 1534 1458 1459 
6270 1444 1459 1415 1534 
6271 1534 1458 1459 1517 
6272 1534 1517 1459 1415 
6273 1007 1152 1112 1532 
6274 1152 1001 1046 1557 
6275 1112 1046 1014 1672 
6276 1532 1557 1672 674 
6277 1152 1112 1532 1557 
6278 1152 1557 1046 1112 
6279 1112 1532 1557 1672 
6280 1112 1672 1557 1046 
6281 669 821 822 1616 
6282 821 635 819 1642 
6283 822 819 665 1686 
6284 1616 1642 1686 1386 
6285 821 822 1616 1642 
6286 821 1642 819 822 
6287 822 1616 1642 1686 
6288 822 1686 1642 819 
6289 980 1715 1575 1617 
6290 1715 689 700 744 
6291 1575 700 114 741 
6292 1617 744 741 654 
6293 1715 1575 1617 744 
6294 1715 744 700 1575 
6295 1575 1617 744 741 
6296 1575 741 744 700 
6297 1374 1690 1425 1586 
6298 1690 1383 1680 1650 
6299 1425 1680 1379 1643 
6300 1586 1650 1643 1386 
6301 1690 1425 1586 1650 
6302 1690 1650 1680 1425 
6303 1425 1586 1650 1643 
6304 1425 1643 1650 1680 
6305 647 798 1587 876 
6306 798 678 1688 855 
6307 1587 1688 979 1521 
6308 876 855 1521 690 
6309 798 1587 876 855 
6310 798 855 1688 1587 
6311 1587 876 855 1521 
6312 1587 1521 855 1688 
6313 992 1136 1143 1413 
6314 1136 990 1144 1488 
6315 1143 1144 1000 1397 
6316 1413 1488 1397 1377 
6317 1136 1143 1413 1488 
6318 1136 1488 1144 1143 
6319 1143 1413 1488 1397 
6320 1143 1397 1488 1144 
6321 984 1118 1086 1551 
6322 1118 986 1117 1683 
6323 1086 1117 985 1405 
6324 1551 1683 1405 1381 
6325 1118 1086 1551 1683 
6326 1118 1683 1117 1086 
6327 1086 1551 1683 1405 
6328 1086 1405 1683 1117 
6329 907 1593 1591 1666 
6330 1593 1387 1458 1509 
6331 1591 1458 1375 1502 
6332 1666 1509 1502 1388 
6333 1593 1591 1666 1509 
6334 1593 1509 1458 1591 
6335 1591 1666 1509 1502 
6336 1591 1502 1509 1458 
6337 989 1128 1129 1679 
6338 1128 986 1119 1684 
6339 1129 1119 991 1646 
6340 1679 1684 1646 1383 
6341 1128 1129 1679 1684 
6342 1128 1684 1119 1129 
6343 1129 1679 1684 1646 
6344 1129 1646 1684 1119 
6345 646 714 718 1457 
6346 714 97 716 1651 
6347 718 716 653 1560 
6348 1457 1651 1560 1387 
6349 714 718 1457 1651 
6350 714 1651 716 718 
6351 718 1457 1651 1560 
6352 718 1560 1651 716 
6353 1007 1110 1416 1532 
6354 1110 981 1484 1671 
6355 1416 1484 651 783 
6356 1532 1671 783 674 
6357 1110 1416 1532 1671 
6358 1110 1671 1484 1416 
6359 1416 1532 1671 783 
6360 1416 783 1671 1484 
6361 919 944 964 1486 
6362 944 906 963 1462 
6363 964 963 913 1711 
6364 1486 1462 1711 1378 
6365 944 964 1486 1462 
6366 944 1462 963 964 
6367 964 1486 1462 1711 
6368 964 1711 1462 963 
6369 995 1139 1706 1491 
6370 1139 989 1681 1682 
6371 1706 1681 1379 1566 
6372 1491 1682 1566 1385 
6373 1139 1706 1491 1682 
6374 1139 1682 1681 1706 
6375 1706 1491 1682 1566 
6376 1706 1566 1682 1681 
6377 642 738 1610 1612 
6378 738 636 1638 1639 
6379 1610 1638 1376 1611 
6380 1612 1639 1611 1384 
6381 738 1610 1612 1639 
6382 738 1639 1638 1610 
6383 1610 1612 1639 1611 
6384 1610 1611 1639 1638 
6385 919 1674 943 1487 
6386 1674 648 727 1675 
6387 943 727 103 1589 
6388 1487 1675 1589 1389 
6389 1674 943 1487 1675 
6390 1674 1675 727 943 
6391 943 1487 1675 1589 
6392 943 1589 1675 727 
6393 1381 1647 1528 1579 
6394 1647 1383 1690 1650 
6395 1528 1690 1374 1586 
6396 1579 1650 1586 1386 
6397 1647 1528 1579 1650 
6398 1647 1650 1690 1528 
6399 1528 1579 1650 1586 
6400 1528 1586 1650 1690 
6401 906 939 1538 1463 
6402 939 103 725 1589 
6403 1538 725 652 1540 
6404 1463 1589 1540 1389 
6405 939 1538 1463 1589 
6406 939 1589 725 1538 
6407 1538 1463 1589 1540 
6408 1538 1540 1589 725 
6409 1376 1404 1716 1611 
6410 1404 1381 1528 1640 
6411 1716 1528 1374 1572 
6412 1611 1640 1572 1384 
6413 1404 1716 1611 1640 
6414 1404 1640 1528 1716 
6415 1716 1611 1640 1572 
6416 1716 1572 1640 1528 
6417 994 1132 1089 1556 
6418 1132 987 1130 1451 
6419 1089 1130 993 1452 
6420 1556 1451 1452 1380 
6421 1132 1089 1556 1451 
6422 1132 1451 1130 1089 
6423 1089 1556 1451 1452 
6424 1089 1452 1451 1130 
6425 1374 1528 1716 1690 
6426 1528 1381 1404 1647 
6427 1716 1404 1376 1596 
6428 1690 1647 1596 1383 
6429 1528 1716 1690 1647 
6430 1528 1647 1404 1716 
6431 1716 1690 1647 1596 
6432 1716 1596 1647 1404 
6433 1000 1397 1144 1399 
6434 1397 1377 1488 1400 
6435 1144 1488 990 1503 
6436 1399 1400 1503 1385 
6437 1397 1144 1399 1400 
6438 1397 1400 1488 1144 
6439 1144 1399 1400 1503 
6440 1144 1503 1400 1488 
6441 644 818 709 1426 
6442 818 658 817 1717 
6443 709 817 635 1515 
6444 1426 1717 1515 1379 
6445 818 709 1426 1717 
6446 818 1717 817 709 
6447 709 1426 1717 1515 
6448 709 1515 1717 817 
6449 664 826 827 1544 
6450 826 636 828 1637 
6451 827 828 668 1590 
6452 1544 1637 1590 1381 
6453 826 827 1544 1637 
6454 826 1637 828 827 
6455 827 1544 1637 1590 
6456 827 1590 1637 828 
6457 1374 1690 1716 1572 
6458 1690 1383 1596 1605 
6459 1716 1596 1376 1611 
6460 1572 1605 1611 1384 
6461 1690 1716 1572 1605 
6462 1690 1605 1596 1716 
6463 1716 1572 1605 1611 
6464 1716 1611 1605 1596 
6465 665 819 820 1685 
6466 819 635 817 1515 
6467 820 817 658 1717 
6468 1685 1515 1717 1379 
6469 819 820 1685 1515 
6470 819 1515 817 820 
6471 820 1685 1515 1717 
6472 820 1717 1515 817 
6473 1011 1115 1630 1099 
6474 1115 982 1631 1031 
6475 1630 1631 673 1718 
6476 1099 1031 1718 1005 
6477 1115 1630 1099 1031 
6478 1115 1031 1631 1630 
6479 1630 1099 1031 1718 
6480 1630 1718 1031 1631 
6481 680 890 900 1629 
6482 890 664 899 1544 
6483 900 899 654 1619 
6484 1629 1544 1619 1381 
6485 890 900 1629 1544 
6486 890 1544 899 900 
6487 900 1629 1544 1619 
6488 900 1619 1544 899 
6489 645 868 774 1625 
6490 868 666 867 1693 
6491 774 867 676 1600 
6492 1625 1693 1600 1385 
6493 868 774 1625 1693 
6494 868 1693 867 774 
6495 774 1625 1693 1600 
6496 774 1600 1693 867 
6497 109 948 952 1719 
6498 948 908 953 1622 
6499 952 953 910 1656 
6500 1719 1622 1656 1384 
6501 948 952 1719 1622 
6502 948 1622 953 952 
6503 952 1719 1622 1656 
6504 952 1656 1622 953 
6505 688 745 1721 1702 
6506 745 655 1720 1696 
6507 1721 1720 1013 1022 
6508 1702 1696 1022 999 
6509 745 1721 1702 1696 
6510 745 1696 1720 1721 
6511 1721 1702 1696 1022 
6512 1721 1022 1696 1720 
6513 908 1505 972 1722 
6514 1505 1378 1711 1510 
6515 972 1711 913 1712 
6516 1722 1510 1712 1388 
6517 1505 972 1722 1510 
6518 1505 1510 1711 972 
6519 972 1722 1510 1712 
6520 972 1712 1510 1711 
6521 685 850 856 1469 
6522 850 662 835 1467 
6523 856 835 642 1610 
6524 1469 1467 1610 1376 
6525 850 856 1469 1467 
6526 850 1467 835 856 
6527 856 1469 1467 1610 
6528 856 1610 1467 835 
6529 995 1138 1139 1491 
6530 1138 990 1134 1503 
6531 1139 1134 989 1682 
6532 1491 1503 1682 1385 
6533 1138 1139 1491 1503 
6534 1138 1503 1134 1139 
6535 1139 1491 1503 1682 
6536 1139 1682 1503 1134 
6537 914 962 965 1691 
6538 962 906 941 1460 
6539 965 941 915 1714 
6540 1691 1460 1714 1387 
6541 962 965 1691 1460 
6542 962 1460 941 965 
6543 965 1691 1460 1714 
6544 965 1714 1460 941 
6545 645 870 868 1625 
6546 870 691 869 1531 
6547 868 869 666 1693 
6548 1625 1531 1693 1385 
6549 870 868 1625 1531 
6550 870 1531 869 868 
6551 868 1625 1531 1693 
6552 868 1693 1531 869 
6553 659 872 845 1434 
6554 872 653 897 1559 
6555 845 897 670 1652 
6556 1434 1559 1652 1377 
6557 872 845 1434 1559 
6558 872 1559 897 845 
6559 845 1434 1559 1652 
6560 845 1652 1559 897 
6561 1010 1104 1476 1103 
6562 1104 1012 1694 1067 
6563 1476 1694 641 1581 
6564 1103 1067 1581 979 
6565 1104 1476 1103 1067 
6566 1104 1067 1694 1476 
6567 1476 1103 1067 1581 
6568 1476 1581 1067 1694 
6569 651 892 786 1419 
6570 892 656 893 1493 
6571 786 893 671 1723 
6572 1419 1493 1723 1382 
6573 892 786 1419 1493 
6574 892 1493 893 786 
6575 786 1419 1493 1723 
6576 786 1723 1493 893 
6577 912 968 960 1498 
6578 968 907 934 1591 
6579 960 934 916 1407 
6580 1498 1591 1407 1375 
6581 968 960 1498 1591 
6582 968 1591 934 960 
6583 960 1498 1591 1407 
6584 960 1407 1591 934 
6585 1007 1149 1150 1417 
6586 1149 992 1143 1413 
6587 1150 1143 1000 1397 
6588 1417 1413 1397 1377 
6589 1149 1150 1417 1413 
6590 1149 1413 1143 1150 
6591 1150 1417 1413 1397 
6592 1150 1397 1413 1143 
6593 655 1720 1696 1697 
6594 1720 1013 1022 1710 
6595 1696 1022 999 1603 
6596 1697 1710 1603 1386 
6597 1720 1696 1697 1710 
6598 1720 1710 1022 1696 
6599 1696 1697 1710 1603 
6600 1696 1603 1710 1022 
6601 636 1713 737 739 
6602 1713 910 951 1655 
6603 737 951 111 694 
6604 739 1655 694 682 
6605 1713 737 739 1655 
6606 1713 1655 951 737 
6607 737 739 1655 694 
6608 737 694 1655 951 
6609 1010 1123 1102 1478 
6610 1123 987 1132 1451 
6611 1102 1132 994 1556 
6612 1478 1451 1556 1380 
6613 1123 1102 1478 1451 
6614 1123 1451 1132 1102 
6615 1102 1478 1451 1556 
6616 1102 1556 1451 1132 
6617 670 898 904 1652 
6618 898 686 816 1699 
6619 904 816 663 1470 
6620 1652 1699 1470 1377 
6621 898 904 1652 1699 
6622 898 1699 816 904 
6623 904 1652 1699 1470 
6624 904 1470 1699 816 
6625 977 1055 1725 1562 
6626 1055 1006 1724 1726 
6627 1725 1724 671 1723 
6628 1562 1726 1723 1382 
6629 1055 1725 1562 1726 
6630 1055 1726 1724 1725 
6631 1725 1562 1726 1723 
6632 1725 1723 1726 1724 
6633 989 1140 1681 1703 
6634 1140 997 1658 1660 
6635 1681 1658 1379 1643 
6636 1703 1660 1643 1386 
6637 1140 1681 1703 1660 
6638 1140 1660 1658 1681 
6639 1681 1703 1660 1643 
6640 1681 1643 1660 1658 
6641 644 829 866 1426 
6642 829 661 858 1564 
6643 866 858 684 1653 
6644 1426 1564 1653 1379 
6645 829 866 1426 1564 
6646 829 1564 858 866 
6647 866 1426 1564 1653 
6648 866 1653 1564 858 
6649 659 847 873 1436 
6650 847 676 867 1600 
6651 873 867 666 1693 
6652 1436 1600 1693 1385 
6653 847 873 1436 1600 
6654 847 1600 867 873 
6655 873 1436 1600 1693 
6656 873 1693 1600 867 
6657 913 963 961 1712 
6658 963 906 962 1508 
6659 961 962 914 1667 
6660 1712 1508 1667 1388 
6661 963 961 1712 1508 
6662 963 1508 962 961 
6663 961 1712 1508 1667 
6664 961 1667 1508 962 
6665 645 1623 771 870 
6666 1623 1002 1727 1624 
6667 771 1727 677 864 
6668 870 1624 864 691 
6669 1623 771 870 1624 
6670 1623 1624 1727 771 
6671 771 870 1624 864 
6672 771 864 1624 1727 
6673 109 734 948 1719 
6674 734 642 1621 1612 
6675 948 1621 908 1622 
6676 1719 1612 1622 1384 
6677 734 948 1719 1612 
6678 734 1612 1621 948 
6679 948 1719 1612 1622 
6680 948 1622 1612 1621 
6681 1003 1094 1091 1429 
6682 1094 1006 1055 1726 
6683 1091 1055 977 1562 
6684 1429 1726 1562 1382 
6685 1094 1091 1429 1726 
6686 1094 1726 1055 1091 
6687 1091 1429 1726 1562 
6688 1091 1562 1726 1055 
6689 681 877 874 1567 
6690 877 690 876 1524 
6691 874 876 647 1588 
6692 1567 1524 1588 1380 
6693 877 874 1567 1524 
6694 877 1524 876 874 
6695 874 1567 1524 1588 
6696 874 1588 1524 876 
6697 686 898 723 1699 
6698 898 670 897 1652 
6699 723 897 653 1559 
6700 1699 1652 1559 1377 
6701 898 723 1699 1652 
6702 898 1652 897 723 
6703 723 1699 1652 1559 
6704 723 1559 1652 897 
6705 665 820 883 1685 
6706 820 658 884 1717 
6707 883 884 649 1663 
6708 1685 1717 1663 1379 
6709 820 883 1685 1717 
6710 820 1717 884 883 
6711 883 1685 1717 1663 
6712 883 1663 1717 884 
6713 995 1114 1146 1491 
6714 1114 1002 1151 1492 
6715 1146 1151 996 1594 
6716 1491 1492 1594 1385 
6717 1114 1146 1491 1492 
6718 1114 1492 1151 1146 
6719 1146 1491 1492 1594 
6720 1146 1594 1492 1151 
6721 691 862 869 1531 
6722 862 661 833 1529 
6723 869 833 666 1693 
6724 1531 1529 1693 1385 
6725 862 869 1531 1529 
6726 862 1529 833 869 
6727 869 1531 1529 1693 
6728 869 1693 1529 833 
6729 657 823 824 1424 
6730 823 642 738 1610 
6731 824 738 636 1638 
6732 1424 1610 1638 1376 
6733 823 824 1424 1610 
6734 823 1610 738 824 
6735 824 1424 1610 1638 
6736 824 1638 1610 738 
6737 919 947 942 1486 
6738 947 917 946 1506 
6739 942 946 105 1728 
6740 1486 1506 1728 1378 
6741 947 942 1486 1506 
6742 947 1506 946 942 
6743 942 1486 1506 1728 
6744 942 1728 1506 946 
6745 109 952 736 1719 
6746 952 910 1713 1656 
6747 736 1713 636 1639 
6748 1719 1656 1639 1384 
6749 952 736 1719 1656 
6750 952 1656 1713 736 
6751 736 1719 1656 1639 
6752 736 1639 1656 1713 
6753 977 1090 1088 1562 
6754 1090 994 1089 1548 
6755 1088 1089 993 1511 
6756 1562 1548 1511 1382 
6757 1090 1088 1562 1548 
6758 1090 1548 1089 1088 
6759 1088 1562 1548 1511 
6760 1088 1511 1548 1089 
6761 644 1406 708 712 
6762 1406 916 928 1678 
6763 708 928 93 710 
6764 712 1678 710 637 
6765 1406 708 712 1678 
6766 1406 1678 928 708 
6767 708 712 1678 710 
6768 708 710 1678 928 
6769 988 1127 1133 1441 
6770 1127 989 1134 1679 
6771 1133 1134 990 1489 
6772 1441 1679 1489 1383 
6773 1127 1133 1441 1679 
6774 1127 1679 1134 1133 
6775 1133 1441 1679 1489 
6776 1133 1489 1679 1134 
6777 653 723 1559 1560 
6778 723 686 1699 1700 
6779 1559 1699 1377 1459 
6780 1560 1700 1459 1387 
6781 723 1559 1560 1700 
6782 723 1700 1699 1559 
6783 1559 1560 1700 1459 
6784 1559 1459 1700 1699 
6785 649 759 883 1676 
6786 759 679 886 1729 
6787 883 886 665 1686 
6788 1676 1729 1686 1386 
6789 759 883 1676 1729 
6790 759 1729 886 883 
6791 883 1676 1729 1686 
6792 883 1686 1729 886 
6793 685 856 857 1469 
6794 856 642 823 1610 
6795 857 823 657 1424 
6796 1469 1610 1424 1376 
6797 856 857 1469 1610 
6798 856 1610 823 857 
6799 857 1469 1610 1424 
6800 857 1424 1610 823 
6801 908 1622 1505 1722 
6802 1622 1384 1613 1607 
6803 1505 1613 1378 1510 
6804 1722 1607 1510 1388 
6805 1622 1505 1722 1607 
6806 1622 1607 1613 1505 
6807 1505 1722 1607 1510 
6808 1505 1510 1607 1613 
6809 992 1148 1137 1439 
6810 1148 1003 1092 1429 
6811 1137 1092 993 1511 
6812 1439 1429 1511 1382 
6813 1148 1137 1439 1429 
6814 1148 1429 1092 1137 
6815 1137 1439 1429 1511 
6816 1137 1511 1429 1092 
6817 907 937 932 1593 
6818 937 915 936 1714 
6819 932 936 97 1651 
6820 1593 1714 1651 1387 
6821 937 932 1593 1714 
6822 937 1714 936 932 
6823 932 1593 1714 1651 
6824 932 1651 1714 936 
6825 649 884 762 1663 
6826 884 658 885 1717 
6827 762 885 673 1633 
6828 1663 1717 1633 1379 
6829 884 762 1663 1717 
6830 884 1717 885 762 
6831 762 1663 1717 1633 
6832 762 1633 1717 885 
6833 915 938 1730 1714 
6834 938 101 720 1601 
6835 1730 720 634 1597 
6836 1714 1601 1597 1387 
6837 938 1730 1714 1601 
6838 938 1601 720 1730 
6839 1730 1714 1601 1597 
6840 1730 1597 1601 720 
6841 638 837 732 1513 
6842 837 667 836 1707 
6843 732 836 648 1673 
6844 1513 1707 1673 1378 
6845 837 732 1513 1707 
6846 837 1707 836 732 
6847 732 1513 1707 1673 
6848 732 1673 1707 836 
6849 991 1106 1107 1648 
6850 1106 984 1105 1551 
6851 1107 1105 980 1576 
6852 1648 1551 1576 1381 
6853 1106 1107 1648 1551 
6854 1106 1551 1105 1107 
6855 1107 1648 1551 1576 
6856 1107 1576 1551 1105 
6857 917 973 950 1506 
6858 973 913 972 1711 
6859 950 972 908 1505 
6860 1506 1711 1505 1378 
6861 973 950 1506 1711 
6862 973 1711 972 950 
6863 950 1506 1711 1505 
6864 950 1505 1711 972 
6865 639 1705 789 1704 
6866 1705 977 1725 1562 
6867 789 1725 671 1723 
6868 1704 1562 1723 1382 
6869 1705 789 1704 1562 
6870 1705 1562 1725 789 
6871 789 1704 1562 1723 
6872 789 1723 1562 1725 
6873 105 728 942 1728 
6874 728 648 1674 1673 
6875 942 1674 919 1486 
6876 1728 1673 1486 1378 
6877 728 942 1728 1673 
6878 728 1673 1674 942 
6879 942 1728 1673 1486 
6880 942 1486 1673 1674 
6881 687 841 842 1731 
6882 841 660 840 1628 
6883 842 840 639 1704 
6884 1731 1628 1704 1382 
6885 841 842 1731 1628 
6886 841 1628 840 842 
6887 842 1731 1628 1704 
6888 842 1704 1628 840 
6889 1013 1720 1732 1710 
6890 1720 655 902 1697 
6891 1732 902 679 1729 
6892 1710 1697 1729 1386 
6893 1720 1732 1710 1697 
6894 1720 1697 902 1732 
6895 1732 1710 1697 1729 
6896 1732 1729 1697 902 
6897 984 1106 1118 1551 
6898 1106 991 1119 1648 
6899 1118 1119 986 1683 
6900 1551 1648 1683 1381 
6901 1106 1118 1551 1648 
6902 1106 1648 1119 1118 
6903 1118 1551 1648 1683 
6904 1118 1683 1648 1119 
6905 917 1598 946 1506 
6906 1598 638 730 1513 
6907 946 730 105 1728 
6908 1506 1513 1728 1378 
6909 1598 946 1506 1513 
6910 1598 1513 730 946 
6911 946 1506 1513 1728 
6912 946 1728 1513 730 
6913 646 713 714 1592 
6914 713 95 96 933 
6915 714 96 97 932 
6916 1592 933 932 907 
6917 713 714 1592 933 
6918 713 933 96 714 
6919 714 1592 933 932 
6920 714 932 933 96 
6921 681 882 1567 1709 
6922 882 667 1708 1733 
6923 1567 1708 1380 1668 
6924 1709 1733 1668 1389 
6925 882 1567 1709 1733 
6926 882 1733 1708 1567 
6927 1567 1709 1733 1668 
6928 1567 1668 1733 1708 
6929 913 973 964 1711 
6930 973 917 947 1506 
6931 964 947 919 1486 
6932 1711 1506 1486 1378 
6933 973 964 1711 1506 
6934 973 1506 947 964 
6935 964 1711 1506 1486 
6936 964 1486 1506 947 
6937 914 965 966 1691 
6938 965 915 937 1714 
6939 966 937 907 1593 
6940 1691 1714 1593 1387 
6941 965 966 1691 1714 
6942 965 1714 937 966 
6943 966 1691 1714 1593 
6944 966 1593 1714 937 
6945 908 972 970 1722 
6946 972 913 971 1712 
6947 970 971 911 1552 
6948 1722 1712 1552 1388 
6949 972 970 1722 1712 
6950 972 1712 971 970 
6951 970 1722 1712 1552 
6952 970 1552 1712 971 
6953 678 1688 1734 798 
6954 1688 979 1064 1587 
6955 1734 1064 1008 1627 
6956 798 1587 1627 647 
6957 1688 1734 798 1587 
6958 1688 1587 1064 1734 
6959 1734 798 1587 1627 
6960 1734 1627 1587 1064 
6961 989 1129 1140 1703 
6962 1129 991 1141 1649 
6963 1140 1141 997 1660 
6964 1703 1649 1660 1386 
6965 1129 1140 1703 1649 
6966 1129 1649 1141 1140 
6967 1140 1703 1649 1660 
6968 1140 1660 1649 1141 
6969 688 1721 745 756 
6970 1721 1013 1720 1732 
6971 745 1720 655 902 
6972 756 1732 902 679 
6973 1721 745 756 1732 
6974 1721 1732 1720 745 
6975 745 756 1732 902 
6976 745 902 1732 1720 
6977 656 895 1493 1541 
6978 895 687 1731 1735 
6979 1493 1731 1382 1537 
6980 1541 1735 1537 1389 
6981 895 1493 1541 1735 
6982 895 1735 1731 1493 
6983 1493 1541 1735 1537 
6984 1493 1537 1735 1731 
6985 690 903 852 1524 
6986 903 667 838 1708 
6987 852 838 662 1482 
6988 1524 1708 1482 1380 
6989 903 852 1524 1708 
6990 903 1708 838 852 
6991 852 1524 1708 1482 
6992 852 1482 1708 838 
6993 109 736 734 1719 
6994 736 636 738 1639 
6995 734 738 642 1612 
6996 1719 1639 1612 1384 
6997 736 734 1719 1639 
6998 736 1639 738 734 
6999 734 1719 1639 1612 
7000 734 1612 1639 738 
7001 1375 1458 1534 1502 
7002 1458 1387 1517 1509 
7003 1534 1517 1373 1563 
7004 1502 1509 1563 1388 
7005 1458 1534 1502 1509 
7006 1458 1509 1517 1534 
7007 1534 1502 1509 1563 
7008 1534 1563 1509 1517 
7009 665 886 901 1686 
7010 886 679 902 1729 
7011 901 902 655 1697 
7012 1686 1729 1697 1386 
7013 886 901 1686 1729 
7014 886 1729 902 901 
7015 901 1686 1729 1697 
7016 901 1697 1729 902 
7017 639 789 842 1704 
7018 789 671 843 1723 
7019 842 843 687 1731 
7020 1704 1723 1731 1382 
7021 789 842 1704 1723 
7022 789 1723 843 842 
7023 842 1704 1723 1731 
7024 842 1731 1723 843 
7025 642 733 734 1621 
7026 733 107 108 949 
7027 734 108 109 948 
7028 1621 949 948 908 
7029 733 734 1621 949 
7030 733 949 108 734 
7031 734 1621 949 948 
7032 734 948 949 108 
7033 1373 1440 1453 1519 
7034 1440 1382 1512 1537 
7035 1453 1512 1380 1668 
7036 1519 1537 1668 1389 
7037 1440 1453 1519 1537 
7038 1440 1537 1512 1453 
7039 1453 1519 1537 1668 
7040 1453 1668 1537 1512 
7041 684 865 866 1653 
7042 865 658 818 1717 
7043 866 818 644 1426 
7044 1653 1717 1426 1379 
7045 865 866 1653 1717 
7046 865 1717 818 866 
7047 866 1653 1717 1426 
7048 866 1426 1717 818 
7049 639 789 1705 1736 
7050 789 671 1725 1724 
7051 1705 1725 977 1055 
7052 1736 1724 1055 1006 
7053 789 1705 1736 1724 
7054 789 1724 1725 1705 
7055 1705 1736 1724 1055 
7056 1705 1055 1724 1725 
7057 991 1108 1147 1649 
7058 1108 999 1022 1603 
7059 1147 1022 1013 1710 
7060 1649 1603 1710 1386 
7061 1108 1147 1649 1603 
7062 1108 1603 1022 1147 
7063 1147 1649 1603 1710 
7064 1147 1710 1603 1022 
7065 654 750 740 1619 
7066 750 668 747 1590 
7067 740 747 116 1527 
7068 1619 1590 1527 1381 
7069 750 740 1619 1590 
7070 750 1590 747 740 
7071 740 1619 1590 1527 
7072 740 1527 1590 747 
7073 908 970 1622 1722 
7074 970 911 1664 1552 
7075 1622 1664 1384 1607 
7076 1722 1552 1607 1388 
7077 970 1622 1722 1552 
7078 970 1552 1664 1622 
7079 1622 1722 1552 1607 
7080 1622 1607 1552 1664 
7081 684 863 865 1653 
7082 863 673 885 1633 
7083 865 885 658 1717 
7084 1653 1633 1717 1379 
7085 863 865 1653 1633 
7086 863 1633 885 865 
7087 865 1653 1633 1717 
7088 865 1717 1633 885 
7089 97 936 98 1651 
7090 936 915 935 1714 
7091 98 935 99 1737 
7092 1651 1714 1737 1387 
7093 936 98 1651 1714 
7094 936 1714 935 98 
7095 98 1651 1714 1737 
7096 98 1737 1714 935 
7097 681 882 877 1567 
7098 882 667 903 1708 
7099 877 903 690 1524 
7100 1567 1708 1524 1380 
7101 882 877 1567 1708 
7102 882 1708 903 877 
7103 877 1567 1708 1524 
7104 877 1524 1708 903 
7105 655 743 751 1697 
7106 743 116 748 1585 
7107 751 748 669 1616 
7108 1697 1585 1616 1386 
7109 743 751 1697 1585 
7110 743 1585 748 751 
7111 751 1697 1585 1616 
7112 751 1616 1585 748 
7113 91 90 925 705 
7114 90 89 926 704 
7115 925 926 905 1437 
7116 705 704 1437 635 
7117 90 925 705 704 
7118 90 704 926 925 
7119 925 705 704 1437 
7120 925 1437 704 926 
7121 988 1125 1126 1441 
7122 1125 987 1121 1456 
7123 1126 1121 986 1684 
7124 1441 1456 1684 1383 
7125 1125 1126 1441 1456 
7126 1125 1456 1121 1126 
7127 1126 1441 1456 1684 
7128 1126 1684 1456 1121 
7129 996 1079 1145 1594 
7130 1079 1000 1144 1399 
7131 1145 1144 990 1503 
7132 1594 1399 1503 1385 
7133 1079 1145 1594 1399 
7134 1079 1399 1144 1145 
7135 1145 1594 1399 1503 
7136 1145 1503 1399 1144 
7137 997 1096 1142 1658 
7138 1096 1011 1116 1634 
7139 1142 1116 995 1706 
7140 1658 1634 1706 1379 
7141 1096 1142 1658 1634 
7142 1096 1634 1116 1142 
7143 1142 1658 1634 1706 
7144 1142 1706 1634 1116 
7145 916 928 929 1406 
7146 928 93 92 708 
7147 929 92 91 707 
7148 1406 708 707 644 
7149 928 929 1406 708 
7150 928 708 92 929 
7151 929 1406 708 707 
7152 929 707 708 92 
7153 101 102 724 940 
7154 102 103 725 939 
7155 724 725 652 1538 
7156 940 939 1538 906 
7157 102 724 940 939 
7158 102 939 725 724 
7159 724 940 939 1538 
7160 724 1538 939 725 
7161 681 881 882 1709 
7162 881 648 836 1675 
7163 882 836 667 1733 
7164 1709 1675 1733 1389 
7165 881 882 1709 1675 
7166 881 1675 836 882 
7167 882 1709 1675 1733 
7168 882 1733 1675 836 
7169 995 1139 1142 1706 
7170 1139 989 1140 1681 
7171 1142 1140 997 1658 
7172 1706 1681 1658 1379 
7173 1139 1142 1706 1681 
7174 1139 1681 1140 1142 
7175 1142 1706 1681 1658 
7176 1142 1658 1681 1140 
7177 1373 1453 1518 1519 
7178 1453 1380 1483 1668 
7179 1518 1483 1378 1464 
7180 1519 1668 1464 1389 
7181 1453 1518 1519 1668 
7182 1453 1668 1483 1518 
7183 1518 1519 1668 1464 
7184 1518 1464 1668 1483 
7185 671 893 843 1723 
7186 893 656 895 1493 
7187 843 895 687 1731 
7188 1723 1493 1731 1382 
7189 893 843 1723 1493 
7190 893 1493 895 843 
7191 843 1723 1493 1731 
7192 843 1731 1493 895 
7193 97 98 716 1651 
7194 98 99 717 1737 
7195 716 717 653 1560 
7196 1651 1737 1560 1387 
7197 98 716 1651 1737 
7198 98 1737 717 716 
7199 716 1651 1737 1560 
7200 716 1560 1737 717 
7201 915 1730 935 1714 
7202 1730 634 719 1597 
7203 935 719 99 1737 
7204 1714 1597 1737 1387 
7205 1730 935 1714 1597 
7206 1730 1597 719 935 
7207 935 1714 1597 1737 
7208 935 1737 1597 719 
7209 105 730 728 1728 
7210 730 638 732 1513 
7211 728 732 648 1673 
7212 1728 1513 1673 1378 
7213 730 728 1728 1513 
7214 730 1513 732 728 
7215 728 1728 1513 1673 
7216 728 1673 1513 732 
7217 660 1628 841 1669 
7218 1628 1382 1731 1537 
7219 841 1731 687 1735 
7220 1669 1537 1735 1389 
7221 1628 841 1669 1537 
7222 1628 1537 1731 841 
7223 841 1669 1537 1735 
7224 841 1735 1537 1731 
7225 909 954 969 1570 
7226 954 910 953 1656 
7227 969 953 908 1622 
7228 1570 1656 1622 1384 
7229 954 969 1570 1656 
7230 954 1656 953 969 
7231 969 1570 1656 1622 
7232 969 1622 1656 953 
7233 654 899 750 1619 
7234 899 664 827 1544 
7235 750 827 668 1590 
7236 1619 1544 1590 1381 
7237 899 750 1619 1544 
7238 899 1544 827 750 
7239 750 1619 1544 1590 
7240 750 1590 1544 827 
7241 103 727 725 1589 
7242 727 648 729 1675 
7243 725 729 652 1540 
7244 1589 1675 1540 1389 
7245 727 725 1589 1675 
7246 727 1675 729 725 
7247 725 1589 1675 1540 
7248 725 1540 1675 729 
7249 656 813 895 1541 
7250 813 652 896 1540 
7251 895 896 687 1735 
7252 1541 1540 1735 1389 
7253 813 895 1541 1540 
7254 813 1540 896 895 
7255 895 1541 1540 1735 
7256 895 1735 1540 896 
7257 977 1088 1091 1562 
7258 1088 993 1092 1511 
7259 1091 1092 1003 1429 
7260 1562 1511 1429 1382 
7261 1088 1091 1562 1511 
7262 1088 1511 1092 1091 
7263 1091 1562 1511 1429 
7264 1091 1429 1511 1092 
7265 909 922 923 1542 
7266 922 3 112 695 
7267 923 112 111 694 
7268 1542 695 694 682 
7269 922 923 1542 695 
7270 922 695 112 923 
7271 923 1542 695 694 
7272 923 694 695 112 
7273 911 956 970 1664 
7274 956 909 969 1570 
7275 970 969 908 1622 
7276 1664 1570 1622 1384 
7277 956 970 1664 1570 
7278 956 1570 969 970 
7279 970 1664 1570 1622 
7280 970 1622 1570 969 
7281 976 1071 1497 1454 
7282 1071 155 806 802 
7283 1497 806 650 807 
7284 1454 802 807 672 
7285 1071 1497 1454 802 
7286 1071 802 806 1497 
7287 1497 1454 802 807 
7288 1497 807 802 806 
7289 99 719 721 1737 
7290 719 634 722 1597 
7291 721 722 686 1700 
7292 1737 1597 1700 1387 
7293 719 721 1737 1597 
7294 719 1597 722 721 
7295 721 1737 1597 1700 
7296 721 1700 1597 722 
7297 911 974 959 1552 
7298 974 914 967 1667 
7299 959 967 912 1500 
7300 1552 1667 1500 1388 
7301 974 959 1552 1667 
7302 974 1667 967 959 
7303 959 1552 1667 1500 
7304 959 1500 1667 967 
7305 991 1147 1141 1649 
7306 1147 1013 1098 1710 
7307 1141 1098 997 1660 
7308 1649 1710 1660 1386 
7309 1147 1141 1649 1710 
7310 1147 1710 1098 1141 
7311 1141 1649 1710 1660 
7312 1141 1660 1710 1098 
7313 1002 1034 1032 1727 
7314 1034 982 1030 1738 
7315 1032 1030 129 767 
7316 1727 1738 767 677 
7317 1034 1032 1727 1738 
7318 1034 1738 1030 1032 
7319 1032 1727 1738 767 
7320 1032 767 1738 1030 
7321 99 721 717 1737 
7322 721 686 723 1700 
7323 717 723 653 1560 
7324 1737 1700 1560 1387 
7325 721 717 1737 1700 
7326 721 1700 723 717 
7327 717 1737 1700 1560 
7328 717 1560 1700 723 
7329 1001 1042 1046 1557 
7330 1042 137 1044 779 
7331 1046 1044 1014 1672 
7332 1557 779 1672 674 
7333 1042 1046 1557 779 
7334 1042 779 1044 1046 
7335 1046 1557 779 1672 
7336 1046 1672 779 1044 
7337 996 1145 1146 1594 
7338 1145 990 1138 1503 
7339 1146 1138 995 1491 
7340 1594 1503 1491 1385 
7341 1145 1146 1594 1503 
7342 1145 1503 1138 1146 
7343 1146 1594 1503 1491 
7344 1146 1491 1503 1138 
7345 976 1071 1454 1073 
7346 1071 155 802 1069 
7347 1454 802 672 1536 
7348 1073 1069 1536 998 
7349 1071 1454 1073 1069 
7350 1071 1069 802 1454 
7351 1454 1073 1069 1536 
7352 1454 1536 1069 802 
7353 665 901 822 1686 
7354 901 655 751 1697 
7355 822 751 669 1616 
7356 1686 1697 1616 1386 
7357 901 822 1686 1697 
7358 901 1697 751 822 
7359 822 1686 1697 1616 
7360 822 1616 1697 751 
7361 916 931 928 1678 
7362 931 95 94 711 
7363 928 94 93 710 
7364 1678 711 710 637 
7365 931 928 1678 711 
7366 931 711 94 928 
7367 928 1678 711 710 
7368 928 710 711 94 
7369 157 1074 1072 805 
7370 1074 983 1076 1739 
7371 1072 1076 976 1497 
7372 805 1739 1497 650 
7373 1074 1072 805 1739 
7374 1074 1739 1076 1072 
7375 1072 805 1739 1497 
7376 1072 1497 1739 1076 
7377 647 1701 1627 794 
7378 1701 1004 1061 1057 
7379 1627 1061 1008 1059 
7380 794 1057 1059 147 
7381 1701 1627 794 1057 
7382 1701 1057 1061 1627 
7383 1627 794 1057 1059 
7384 1627 1059 1057 1061 
7385 101 100 938 720 
7386 100 99 935 719 
7387 938 935 915 1730 
7388 720 719 1730 634 
7389 100 938 720 719 
7390 100 719 935 938 
7391 938 720 719 1730 
7392 938 1730 719 935 
7393 982 1029 1631 1031 
7394 1029 127 760 1027 
7395 1631 760 673 1718 
7396 1031 1027 1718 1005 
7397 1029 1631 1031 1027 
7398 1029 1027 760 1631 
7399 1631 1031 1027 1718 
7400 1631 1718 1027 760 
7401 135 1041 1039 776 
7402 1041 1001 1043 1573 
7403 1039 1043 975 1409 
7404 776 1573 1409 640 
7405 1041 1039 776 1573 
7406 1041 1573 1043 1039 
7407 1039 776 1573 1409 
7408 1039 1409 1573 1043 
7409 979 1067 1581 1688 
7410 1067 1012 1694 1740 
7411 1581 1694 641 801 
7412 1688 1740 801 678 
7413 1067 1581 1688 1740 
7414 1067 1740 1694 1581 
7415 1581 1688 1740 801 
7416 1581 801 1740 1694 
7417 982 1698 1030 1738 
7418 1698 643 763 768 
7419 1030 763 129 767 
7420 1738 768 767 677 
7421 1698 1030 1738 768 
7422 1698 768 763 1030 
7423 1030 1738 768 767 
7424 1030 767 768 763 
7425 105 104 942 728 
7426 104 103 943 727 
7427 942 943 919 1674 
7428 728 727 1674 648 
7429 104 942 728 727 
7430 104 727 943 942 
7431 942 728 727 1674 
7432 942 1674 727 943 
7433 157 809 1074 805 
7434 809 680 1641 810 
7435 1074 1641 983 1739 
7436 805 810 1739 650 
7437 809 1074 805 810 
7438 809 810 1641 1074 
7439 1074 805 810 1739 
7440 1074 1739 810 1641 
7441 677 1741 1727 771 
7442 1741 1009 1037 1695 
7443 1727 1037 1002 1623 
7444 771 1695 1623 645 
7445 1741 1727 771 1695 
7446 1741 1695 1037 1727 
7447 1727 771 1695 1623 
7448 1727 1623 1695 1037 
7449 145 791 1056 1054 
7450 791 675 1546 1561 
7451 1056 1546 1004 1058 
7452 1054 1561 1058 977 
7453 791 1056 1054 1561 
7454 791 1561 1546 1056 
7455 1056 1054 1561 1058 
7456 1056 1058 1561 1546 
7457 977 1053 1705 1055 
7458 1053 143 788 1051 
7459 1705 788 639 1736 
7460 1055 1051 1736 1006 
7461 1053 1705 1055 1051 
7462 1053 1051 788 1705 
7463 1705 1055 1051 1736 
7464 1705 1736 1051 788 
7465 677 766 1741 771 
7466 766 131 1035 770 
7467 1741 1035 1009 1695 
7468 771 770 1695 645 
7469 766 1741 771 770 
7470 766 770 1035 1741 
7471 1741 771 770 1695 
7472 1741 1695 770 1035 
7473 671 789 784 1724 
7474 789 639 788 1736 
7475 784 788 143 1051 
7476 1724 1736 1051 1006 
7477 789 784 1724 1736 
7478 789 1736 788 784 
7479 784 1724 1736 1051 
7480 784 1051 1736 788 
7481 989 1127 1128 1679 
7482 1127 988 1126 1441 
7483 1128 1126 986 1684 
7484 1679 1441 1684 1383 
7485 1127 1128 1679 1441 
7486 1127 1441 1126 1128 
7487 1128 1679 1441 1684 
7488 1128 1684 1441 1126 
7489 681 880 881 1709 
7490 880 660 879 1669 
7491 881 879 648 1675 
7492 1709 1669 1675 1389 
7493 880 881 1709 1669 
7494 880 1669 879 881 
7495 881 1709 1669 1675 
7496 881 1675 1669 879 
7497 1008 1060 1734 1627 
7498 1060 149 797 793 
7499 1734 797 678 798 
7500 1627 793 798 647 
7501 1060 1734 1627 793 
7502 1060 793 797 1734 
7503 1734 1627 793 798 
7504 1734 798 793 797 
7505 1013 1021 1025 1732 
7506 1021 123 1023 754 
7507 1025 1023 978 1742 
7508 1732 754 1742 679 
7509 1021 1025 1732 754 
7510 1021 754 1023 1025 
7511 1025 1732 754 1742 
7512 1025 1742 754 1023 
7513 125 1024 757 1026 
7514 1024 978 1661 1028 
7515 757 1661 649 1743 
7516 1026 1028 1743 1005 
7517 1024 757 1026 1028 
7518 1024 1028 1661 757 
7519 757 1026 1028 1743 
7520 757 1743 1028 1661 
7521 1006 1050 1689 1052 
7522 1050 141 781 1048 
7523 1689 781 651 1484 
7524 1052 1048 1484 981 
7525 1050 1689 1052 1048 
7526 1050 1048 781 1689 
7527 1689 1052 1048 1484 
7528 1689 1484 1048 781 
7529 979 1064 1062 1688 
7530 1064 1008 1060 1734 
7531 1062 1060 149 797 
7532 1688 1734 797 678 
7533 1064 1062 1688 1734 
7534 1064 1734 1060 1062 
7535 1062 1688 1734 797 
7536 1062 797 1734 1060 
7537 639 792 787 1705 
7538 792 675 791 1561 
7539 787 791 145 1054 
7540 1705 1561 1054 977 
7541 792 787 1705 1561 
7542 792 1561 791 787 
7543 787 1705 1561 1054 
7544 787 1054 1561 791 
7545 1009 1037 1035 1741 
7546 1037 1002 1033 1727 
7547 1035 1033 131 766 
7548 1741 1727 766 677 
7549 1037 1035 1741 1727 
7550 1037 1727 1033 1035 
7551 1035 1741 1727 766 
7552 1035 766 1727 1033 
7553 1008 1060 1627 1059 
7554 1060 149 793 148 
7555 1627 793 647 794 
7556 1059 148 794 147 
7557 1060 1627 1059 148 
7558 1060 148 793 1627 
7559 1627 1059 148 794 
7560 1627 794 148 793 
7561 914 974 961 1667 
7562 974 911 971 1552 
7563 961 971 913 1712 
7564 1667 1552 1712 1388 
7565 974 961 1667 1552 
7566 974 1552 971 961 
7567 961 1667 1552 1712 
7568 961 1712 1552 971 
7569 689 700 701 1715 
7570 700 114 113 1575 
7571 701 113 4 1018 
7572 1715 1575 1018 980 
7573 700 701 1715 1575 
7574 700 1575 113 701 
7575 701 1715 1575 1018 
7576 701 1018 1575 113 
7577 999 1015 1602 1019 
7578 1015 4 113 1018 
7579 1602 113 114 1575 
7580 1019 1018 1575 980 
7581 1015 1602 1019 1018 
7582 1015 1018 113 1602 
7583 1602 1019 1018 1575 
7584 1602 1575 1018 113 
7585 649 762 757 1743 
7586 762 673 761 1718 
7587 757 761 125 1026 
7588 1743 1718 1026 1005 
7589 762 757 1743 1718 
7590 762 1718 761 757 
7591 757 1743 1718 1026 
7592 757 1026 1718 761 
7593 652 878 896 1540 
7594 878 660 841 1669 
7595 896 841 687 1735 
7596 1540 1669 1735 1389 
7597 878 896 1540 1669 
7598 878 1669 841 896 
7599 896 1540 1669 1735 
7600 896 1735 1669 841 
7601 137 138 1044 779 
7602 138 139 1045 778 
7603 1044 1045 1014 1672 
7604 779 778 1672 674 
7605 138 1044 779 778 
7606 138 778 1045 1044 
7607 1044 779 778 1672 
7608 1044 1672 778 1045 
7609 673 765 760 1631 
7610 765 643 764 1698 
7611 760 764 127 1029 
7612 1631 1698 1029 982 
7613 765 760 1631 1698 
7614 765 1698 764 760 
7615 760 1631 1698 1029 
7616 760 1029 1698 764 
7617 1004 1701 1546 1057 
7618 1701 647 795 794 
7619 1546 795 675 790 
7620 1057 794 790 147 
7621 1701 1546 1057 794 
7622 1701 794 795 1546 
7623 1546 1057 794 790 
7624 1546 790 794 795 
7625 155 156 1071 806 
7626 156 157 1072 805 
7627 1071 1072 976 1497 
7628 806 805 1497 650 
7629 156 1071 806 805 
7630 156 805 1072 1071 
7631 1071 806 805 1497 
7632 1071 1497 805 1072 
7633 137 1042 775 779 
7634 1042 1001 1573 1557 
7635 775 1573 640 780 
7636 779 1557 780 674 
7637 1042 775 779 1557 
7638 1042 1557 1573 775 
7639 775 779 1557 780 
7640 775 780 1557 1573 
7641 639 787 788 1705 
7642 787 145 144 1054 
7643 788 144 143 1053 
7644 1705 1054 1053 977 
7645 787 788 1705 1054 
7646 787 1054 144 788 
7647 788 1705 1054 1053 
7648 788 1053 1054 144 
7649 649 1661 758 759 
7650 1661 978 1023 1742 
7651 758 1023 123 754 
7652 759 1742 754 679 
7653 1661 758 759 1742 
7654 1661 1742 1023 758 
7655 758 759 1742 754 
7656 758 754 1742 1023 
7657 645 770 1695 769 
7658 770 131 1035 132 
7659 1695 1035 1009 1036 
7660 769 132 1036 133 
7661 770 1695 769 132 
7662 770 132 1035 1695 
7663 1695 769 132 1036 
7664 1695 1036 132 1035 
7665 4 701 1018 160 
7666 701 689 1715 703 
7667 1018 1715 980 1017 
7668 160 703 1017 159 
7669 701 1018 160 703 
7670 701 703 1715 1018 
7671 1018 160 703 1017 
7672 1018 1017 703 1715 
7673 910 951 952 1713 
7674 951 111 110 737 
7675 952 110 109 736 
7676 1713 737 736 636 
7677 951 952 1713 737 
7678 951 737 110 952 
7679 952 1713 737 736 
7680 952 736 737 110 
7681 917 945 946 1598 
7682 945 107 106 731 
7683 946 106 105 730 
7684 1598 731 730 638 
7685 945 946 1598 731 
7686 945 731 106 946 
7687 946 1598 731 730 
7688 946 730 731 106 
7689 141 781 785 1050 
7690 781 651 786 1689 
7691 785 786 671 1724 
7692 1050 1689 1724 1006 
7693 781 785 1050 1689 
7694 781 1689 786 785 
7695 785 1050 1689 1724 
7696 785 1724 1689 786 
7697 129 128 763 1030 
7698 128 127 764 1029 
7699 763 764 643 1698 
7700 1030 1029 1698 982 
7701 128 763 1030 1029 
7702 128 1029 764 763 
7703 763 1030 1029 1698 
7704 763 1698 1029 764 
7705 141 785 142 1050 
7706 785 671 784 1724 
7707 142 784 143 1051 
7708 1050 1724 1051 1006 
7709 785 142 1050 1724 
7710 785 1724 784 142 
7711 142 1050 1724 1051 
7712 142 1051 1724 784 
7713 151 1065 1063 796 
7714 1065 1012 1067 1740 
7715 1063 1067 979 1688 
7716 796 1740 1688 678 
7717 1065 1063 796 1740 
7718 1065 1740 1067 1063 
7719 1063 796 1740 1688 
7720 1063 1688 1740 1067 
7721 151 1063 150 796 
7722 1063 979 1062 1688 
7723 150 1062 149 797 
7724 796 1688 797 678 
7725 1063 150 796 1688 
7726 1063 1688 1062 150 
7727 150 796 1688 797 
7728 150 797 1688 1062 
7729 131 1033 130 766 
7730 1033 1002 1032 1727 
7731 130 1032 129 767 
7732 766 1727 767 677 
7733 1033 130 766 1727 
7734 1033 1727 1032 130 
7735 130 766 1727 767 
7736 130 767 1727 1032 
7737 975 1039 1409 1599 
7738 1039 135 776 772 
7739 1409 776 640 777 
7740 1599 772 777 676 
7741 1039 1409 1599 772 
7742 1039 772 776 1409 
7743 1409 1599 772 777 
7744 1409 777 772 776 
7745 127 126 760 1027 
7746 126 125 761 1026 
7747 760 761 673 1718 
7748 1027 1026 1718 1005 
7749 126 760 1027 1026 
7750 126 1026 761 760 
7751 760 1027 1026 1718 
7752 760 1718 1026 761 
7753 121 122 1020 755 
7754 122 123 1021 754 
7755 1020 1021 1013 1732 
7756 755 754 1732 679 
7757 122 1020 755 754 
7758 122 754 1021 1020 
7759 1020 755 754 1732 
7760 1020 1732 754 1021 
7761 1012 1694 1065 1066 
7762 1694 641 800 799 
7763 1065 800 151 152 
7764 1066 799 152 153 
7765 1694 1065 1066 799 
7766 1694 799 800 1065 
7767 1065 1066 799 152 
7768 1065 152 799 800 
7769 648 879 729 1675 
7770 879 660 878 1669 
7771 729 878 652 1540 
7772 1675 1669 1540 1389 
7773 879 729 1675 1669 
7774 879 1669 878 729 
7775 729 1675 1669 1540 
7776 729 1540 1669 878 
7777 153 803 154 1068 
7778 803 672 802 1536 
7779 154 802 155 1069 
7780 1068 1536 1069 998 
7781 803 154 1068 1536 
7782 803 1536 802 154 
7783 154 1068 1536 1069 
7784 154 1069 1536 802 
7785 688 702 1721 756 
7786 702 121 1020 755 
7787 1721 1020 1013 1732 
7788 756 755 1732 679 
7789 702 1721 756 755 
7790 702 755 1020 1721 
7791 1721 756 755 1732 
7792 1721 1732 755 1020 
7793 137 1042 136 775 
7794 1042 1001 1041 1573 
7795 136 1041 135 776 
7796 775 1573 776 640 
7797 1042 136 775 1573 
7798 1042 1573 1041 136 
7799 136 775 1573 776 
7800 136 776 1573 1041 
7801 1012 1065 1694 1740 
7802 1065 151 800 796 
7803 1694 800 641 801 
7804 1740 796 801 678 
7805 1065 1694 1740 796 
7806 1065 796 800 1694 
7807 1694 1740 796 801 
7808 1694 801 796 800 
7809 688 1721 702 1702 
7810 1721 1013 1020 1022 
7811 702 1020 121 1016 
7812 1702 1022 1016 999 
7813 1721 702 1702 1022 
7814 1721 1022 1020 702 
7815 702 1702 1022 1016 
7816 702 1016 1022 1020 
7817 981 1048 1484 1047 
7818 1048 141 781 140 
7819 1484 781 651 782 
7820 1047 140 782 139 
7821 1048 1484 1047 140 
7822 1048 140 781 1484 
7823 1484 1047 140 782 
7824 1484 782 140 781 
7825 147 790 1057 146 
7826 790 675 1546 791 
7827 1057 1546 1004 1056 
7828 146 791 1056 145 
7829 790 1057 146 791 
7830 790 791 1546 1057 
7831 1057 146 791 1056 
7832 1057 1056 791 1546 
7833 683 692 693 1431 
7834 692 3 88 921 
7835 693 88 89 920 
7836 1431 921 920 918 
7837 692 693 1431 921 
7838 692 921 88 693 
7839 693 1431 921 920 
7840 693 920 921 88 
7841 688 698 699 1702 
7842 698 4 113 1015 
7843 699 113 114 1602 
7844 1702 1015 1602 999 
7845 698 699 1702 1015 
7846 698 1015 113 699 
7847 699 1702 1015 1602 
7848 699 1602 1015 113 
7849 123 1023 758 124 
7850 1023 978 1661 1024 
7851 758 1661 649 757 
7852 124 1024 757 125 
7853 1023 758 124 1024 
7854 1023 1024 1661 758 
7855 758 124 1024 757 
7856 758 757 1024 1661 
7857 133 1036 769 773 
7858 1036 1009 1695 1744 
7859 769 1695 645 774 
7860 773 1744 774 676 
7861 1036 769 773 1744 
7862 1036 1744 1695 769 
7863 769 773 1744 774 
7864 769 774 1744 1695 
7865 975 1040 1038 1599 
7866 1040 1009 1036 1744 
7867 1038 1036 133 773 
7868 1599 1744 773 676 
7869 1040 1038 1599 1744 
7870 1040 1744 1036 1038 
7871 1038 1599 1744 773 
7872 1038 773 1744 1036 
7873 159 808 1075 158 
7874 808 680 1641 809 
7875 1075 1641 983 1074 
7876 158 809 1074 157 
7877 808 1075 158 809 
7878 808 809 1641 1075 
7879 1075 158 809 1074 
7880 1075 1074 809 1641 
7881 121 120 702 1016 
7882 120 4 698 1015 
7883 702 698 688 1702 
7884 1016 1015 1702 999 
7885 120 702 1016 1015 
7886 120 1015 698 702 
7887 702 1016 1015 1702 
7888 702 1702 1015 698 
7889 135 1039 134 772 
7890 1039 975 1038 1599 
7891 134 1038 133 773 
7892 772 1599 773 676 
7893 1039 134 772 1599 
7894 1039 1599 1038 134 
7895 134 772 1599 773 
7896 134 773 1599 1038 
7897 1382 1421 1439 1429 
7898 1421 1007 1149 1111 
7899 1439 1149 992 1148 
7900 1429 1111 1148 1003 
7901 1421 1439 1429 1111 
7902 1421 1111 1149 1439 
7903 1439 1429 1111 1148 
7904 1439 1148 1111 1149 
7905 1382 1439 1421 1420 
7906 1439 992 1149 1413 
7907 1421 1149 1007 1417 
7908 1420 1413 1417 1377 
7909 1439 1421 1420 1413 
7910 1439 1413 1149 1421 
7911 1421 1420 1413 1417 
7912 1421 1417 1413 1149 
7913 657 1422 1545 888 
7914 1422 976 1403 1497 
7915 1545 1403 1381 1543 
7916 888 1497 1543 650 
7917 1422 1545 888 1497 
7918 1422 1497 1403 1545 
7919 1545 888 1497 1543 
7920 1545 1543 1497 1403 
7921 657 1545 1422 1424 
7922 1545 1381 1403 1404 
7923 1422 1403 976 1402 
7924 1424 1404 1402 1376 
7925 1545 1422 1424 1404 
7926 1545 1404 1403 1422 
7927 1422 1424 1404 1402 
7928 1422 1402 1404 1403 
7929 918 1472 1432 1473 
7930 1472 682 1554 696 
7931 1432 1554 1374 1474 
7932 1473 696 1474 118 
7933 1472 1432 1473 696 
7934 1472 696 1554 1432 
7935 1432 1473 696 1474 
7936 1432 1474 696 1554 
7937 918 1432 1472 924 
7938 1432 1374 1554 1569 
7939 1472 1554 682 1542 
7940 924 1569 1542 909 
7941 1432 1472 924 1569 
7942 1432 1569 1554 1472 
7943 1472 924 1569 1542 
7944 1472 1542 1569 1554 
7945 1378 1480 1609 1513 
7946 1480 662 835 834 
7947 1609 835 642 735 
7948 1513 834 735 638 
7949 1480 1609 1513 834 
7950 1480 834 835 1609 
7951 1609 1513 834 735 
7952 1609 735 834 835 
7953 1378 1609 1480 1481 
7954 1609 642 835 1610 
7955 1480 835 662 1467 
7956 1481 1610 1467 1376 
7957 1609 1480 1481 1610 
7958 1609 1610 835 1480 
7959 1480 1481 1610 1467 
7960 1480 1467 1610 835 
7961 1373 1450 1411 1412 
7962 1450 993 1137 1131 
7963 1411 1137 992 1135 
7964 1412 1131 1135 988 
7965 1450 1411 1412 1131 
7966 1450 1131 1137 1411 
7967 1411 1412 1131 1135 
7968 1411 1135 1131 1137 
7969 1373 1411 1450 1440 
7970 1411 992 1137 1439 
7971 1450 1137 993 1511 
7972 1440 1439 1511 1382 
7973 1411 1450 1440 1439 
7974 1411 1439 1137 1450 
7975 1450 1440 1439 1511 
7976 1450 1511 1439 1137 
7977 985 1455 1745 1087 
7978 1455 672 854 1536 
7979 1745 854 685 1614 
7980 1087 1536 1614 998 
7981 1455 1745 1087 1536 
7982 1455 1536 854 1745 
7983 1745 1087 1536 1614 
7984 1745 1614 1536 854 
7985 985 1745 1455 1401 
7986 1745 685 854 1469 
7987 1455 854 672 1485 
7988 1401 1469 1485 1376 
7989 1745 1455 1401 1469 
7990 1745 1469 854 1455 
7991 1455 1401 1469 1485 
7992 1455 1485 1469 854 
7993 641 1746 849 1615 
7994 1746 985 1745 1087 
7995 849 1745 685 1614 
7996 1615 1087 1614 998 
7997 1746 849 1615 1087 
7998 1746 1087 1745 849 
7999 849 1615 1087 1614 
8000 849 1614 1087 1745 
8001 641 849 1746 1468 
8002 849 685 1745 1469 
8003 1746 1745 985 1401 
8004 1468 1469 1401 1376 
8005 849 1746 1468 1469 
8006 849 1469 1745 1746 
8007 1746 1468 1469 1401 
8008 1746 1401 1469 1745 
8009 1010 1122 1476 1124 
8010 1122 985 1746 1087 
8011 1476 1746 641 1615 
8012 1124 1087 1615 998 
8013 1122 1476 1124 1087 
8014 1122 1087 1746 1476 
8015 1476 1124 1087 1615 
8016 1476 1615 1087 1746 
8017 1010 1476 1122 1475 
8018 1476 641 1746 1468 
8019 1122 1746 985 1401 
8020 1475 1468 1401 1376 
8021 1476 1122 1475 1468 
8022 1476 1468 1746 1122 
8023 1122 1475 1468 1401 
8024 1122 1401 1468 1746 
8025 982 1490 1632 1698 
8026 1490 1385 1566 1530 
8027 1632 1566 1379 1584 
8028 1698 1530 1584 643 
8029 1490 1632 1698 1530 
8030 1490 1530 1566 1632 
8031 1632 1698 1530 1584 
8032 1632 1584 1530 1566 
8033 1379 1566 1632 1706 
8034 1566 1385 1490 1491 
8035 1632 1490 982 1113 
8036 1706 1491 1113 995 
8037 1566 1632 1706 1491 
8038 1566 1491 1490 1632 
8039 1632 1706 1491 1113 
8040 1632 1113 1491 1490 
8041 1384 1677 1572 1571 
8042 1677 668 1553 752 
8043 1572 1553 1374 1554 
8044 1571 752 1554 682 
8045 1677 1572 1571 752 
8046 1677 752 1553 1572 
8047 1572 1571 752 1554 
8048 1572 1554 752 1553 
8049 1384 1572 1677 1640 
8050 1572 1374 1553 1528 
8051 1677 1553 668 1590 
8052 1640 1528 1590 1381 
8053 1572 1677 1640 1528 
8054 1572 1528 1553 1677 
8055 1677 1640 1528 1590 
8056 1677 1590 1528 1553 
8057 1381 1620 1403 1551 
8058 1620 983 1076 1084 
8059 1403 1076 976 1083 
8060 1551 1084 1083 984 
8061 1620 1403 1551 1084 
8062 1620 1084 1076 1403 
8063 1403 1551 1084 1083 
8064 1403 1083 1084 1076 
8065 652 1539 813 726 
8066 1539 1387 1495 1597 
8067 813 1495 656 812 
8068 726 1597 812 634 
8069 1539 813 726 1597 
8070 1539 1597 1495 813 
8071 813 726 1597 812 
8072 813 812 1597 1495 
8073 656 1495 813 1541 
8074 1495 1387 1539 1465 
8075 813 1539 652 1540 
8076 1541 1465 1540 1389 
8077 1495 813 1541 1465 
8078 1495 1465 1539 813 
8079 813 1541 1465 1540 
8080 813 1540 1465 1539 
8081 1381 1545 1637 1404 
8082 1545 657 824 1424 
8083 1637 824 636 1638 
8084 1404 1424 1638 1376 
8085 1545 1637 1404 1424 
8086 1545 1424 824 1637 
8087 1637 1404 1424 1638 
8088 1637 1638 1424 824 
8089 1381 1637 1545 1544 
8090 1637 636 824 826 
8091 1545 824 657 825 
8092 1544 826 825 664 
8093 1637 1545 1544 826 
8094 1637 826 824 1545 
8095 1545 1544 826 825 
8096 1545 825 826 824 
8097 654 1618 744 900 
8098 1618 983 1747 1641 
8099 744 1747 689 811 
8100 900 1641 811 680 
8101 1618 744 900 1641 
8102 1618 1641 1747 744 
8103 744 900 1641 811 
8104 744 811 1641 1747 
8105 654 744 1618 1617 
8106 744 689 1747 1715 
8107 1618 1747 983 1077 
8108 1617 1715 1077 980 
8109 744 1618 1617 1715 
8110 744 1715 1747 1618 
8111 1618 1617 1715 1077 
8112 1618 1077 1715 1747 
8113 159 703 1075 808 
8114 703 689 1747 811 
8115 1075 1747 983 1641 
8116 808 811 1641 680 
8117 703 1075 808 811 
8118 703 811 1747 1075 
8119 1075 808 811 1641 
8120 1075 1641 811 1747 
8121 159 1075 703 1017 
8122 1075 983 1747 1077 
8123 703 1747 689 1715 
8124 1017 1077 1715 980 
8125 1075 703 1017 1077 
8126 1075 1077 1747 703 
8127 703 1017 1077 1715 
8128 703 1715 1077 1747 
8129 1382 1726 1419 1429 
8130 1726 1006 1689 1094 
8131 1419 1689 651 1428 
8132 1429 1094 1428 1003 
8133 1726 1419 1429 1094 
8134 1726 1094 1689 1419 
8135 1419 1429 1094 1428 
8136 1419 1428 1094 1689 
8137 1382 1419 1726 1723 
8138 1419 651 1689 786 
8139 1726 1689 1006 1724 
8140 1723 786 1724 671 
8141 1419 1726 1723 786 
8142 1419 786 1689 1726 
8143 1726 1723 786 1724 
8144 1726 1724 786 1689 
8145 676 1744 1665 1599 
8146 1744 1009 1081 1040 
8147 1665 1081 996 1078 
8148 1599 1040 1078 975 
8149 1744 1665 1599 1040 
8150 1744 1040 1081 1665 
8151 1665 1599 1040 1078 
8152 1665 1078 1040 1081 
8153 676 1665 1744 774 
8154 1665 996 1081 1654 
8155 1744 1081 1009 1695 
8156 774 1654 1695 645 
8157 1665 1744 774 1654 
8158 1665 1654 1081 1744 
8159 1744 774 1654 1695 
8160 1744 1695 1654 1081 
8161 1389 1733 1464 1675 
8162 1733 667 1707 836 
8163 1464 1707 1378 1673 
8164 1675 836 1673 648 
8165 1733 1464 1675 836 
8166 1733 836 1707 1464 
8167 1464 1675 836 1673 
8168 1464 1673 836 1707 
8169 1389 1464 1733 1668 
8170 1464 1378 1707 1483 
8171 1733 1707 667 1708 
8172 1668 1483 1708 1380 
8173 1464 1733 1668 1483 
8174 1464 1483 1707 1733 
8175 1733 1668 1483 1708 
8176 1733 1708 1483 1707 
8177 674 1671 778 1672 
8178 1671 981 1047 1049 
8179 778 1047 139 1045 
8180 1672 1049 1045 1014 
8181 1671 778 1672 1049 
8182 1671 1049 1047 778 
8183 778 1672 1049 1045 
8184 778 1045 1049 1047 
8185 674 778 1671 783 
8186 778 139 1047 782 
8187 1671 1047 981 1484 
8188 783 782 1484 651 
8189 778 1671 783 782 
8190 778 782 1047 1671 
8191 1671 783 782 1484 
8192 1671 1484 782 1047 
8193 998 1615 1068 1536 
8194 1615 641 799 804 
8195 1068 799 153 803 
8196 1536 804 803 672 
8197 1615 1068 1536 804 
8198 1615 804 799 1068 
8199 1068 1536 804 803 
8200 1068 803 804 799 
8201 998 1068 1615 1070 
8202 1068 153 799 1066 
8203 1615 799 641 1694 
8204 1070 1066 1694 1012 
8205 1068 1615 1070 1066 
8206 1068 1066 799 1615 
8207 1615 1070 1066 1694 
8208 1615 1694 1066 799 
8209 650 1739 1543 810 
8210 1739 983 1620 1641 
8211 1543 1620 1381 1629 
8212 810 1641 1629 680 
8213 1739 1543 810 1641 
8214 1739 1641 1620 1543 
8215 1543 810 1641 1629 
8216 1543 1629 1641 1620 
8217 650 1543 1739 1497 
8218 1543 1381 1620 1403 
8219 1739 1620 983 1076 
8220 1497 1403 1076 976 
8221 1543 1739 1497 1403 
8222 1543 1403 1620 1739 
8223 1739 1497 1403 1076 
8224 1739 1076 1403 1620 
8225 679 1742 1729 759 
8226 1742 978 1659 1661 
8227 1729 1659 1386 1676 
8228 759 1661 1676 649 
8229 1742 1729 759 1661 
8230 1742 1661 1659 1729 
8231 1729 759 1661 1676 
8232 1729 1676 1661 1659 
8233 679 1729 1742 1732 
8234 1729 1386 1659 1710 
8235 1742 1659 978 1025 
8236 1732 1710 1025 1013 
8237 1729 1742 1732 1710 
8238 1729 1710 1659 1742 
8239 1742 1732 1710 1025 
8240 1742 1025 1710 1659 
8241 649 1743 1662 762 
8242 1743 1005 1099 1718 
8243 1662 1099 1011 1630 
8244 762 1718 1630 673 
8245 1743 1662 762 1718 
8246 1743 1718 1099 1662 
8247 1662 762 1718 1630 
8248 1662 1630 1718 1099 
8249 1011 1099 1662 1097 
8250 1099 1005 1743 1028 
8251 1662 1743 649 1661 
8252 1097 1028 1661 978 
8253 1099 1662 1097 1028 
8254 1099 1028 1743 1662 
8255 1662 1097 1028 1661 
8256 1662 1661 1028 1743 
8257 982 1738 1748 1698 
8258 1738 677 864 768 
8259 1748 864 691 861 
8260 1698 768 861 643 
8261 1738 1748 1698 768 
8262 1738 768 864 1748 
8263 1748 1698 768 861 
8264 1748 861 768 864 
8265 691 864 1748 1624 
8266 864 677 1738 1727 
8267 1748 1738 982 1034 
8268 1624 1727 1034 1002 
8269 864 1748 1624 1727 
8270 864 1727 1738 1748 
8271 1748 1624 1727 1034 
8272 1748 1034 1727 1738 
8273 691 1531 1748 861 
8274 1531 1385 1490 1530 
8275 1748 1490 982 1698 
8276 861 1530 1698 643 
8277 1531 1748 861 1530 
8278 1531 1530 1490 1748 
8279 1748 861 1530 1698 
8280 1748 1698 1530 1490 
8281 982 1490 1748 1034 
8282 1490 1385 1531 1492 
8283 1748 1531 691 1624 
8284 1034 1492 1624 1002 
8285 1490 1748 1034 1492 
8286 1490 1492 1531 1748 
8287 1748 1034 1492 1624 
8288 1748 1624 1492 1531 
$EndElements
