$MeshFormat
4.1 0 8
$EndMeshFormat
$PhysicalNames
5
2 1 "Top"
2 2 "Wall"
2 3 "Bottom"
2 4 "Slope"
3 5 "ArcticBasin"
$EndPhysicalNames
$Entities
3 5 4 1
1 -1 -2.449293598294706e-16 -0.2 0 
2 -1 -2.449293598294706e-16 0 0 
3 -0.5999999999999999 -1.469576158976824e-16 -1.2 0 
1 -1.000000100000001 -1.000000100000001 -0.2000001000000008 1.000000100000001 1.000000100000001 -0.1999998999999992 0 2 1 -1 
2 -1.0000001 -1.000000002449294e-07 -0.2000001 -0.9999999000000001 9.999999975507064e-08 1.000000000028756e-07 0 2 2 -1 
3 -1.0000001 -1.0000001 -1e-07 1.0000001 1.0000001 1e-07 0 2 2 -2 
4 -0.6000000999999998 -0.6000000999999998 -1.2000001 0.6000000999999998 0.6000000999999998 -1.1999999 0 2 3 -3 
5 -1.0000001 -1.000000002449294e-07 -1.2000001 -0.5999998999999999 9.999999985304237e-08 -0.1999999 0 2 1 -3 
1 -1.0000001 -1.0000001 -0.2000001 1.0000001 1.0000001 1.000000000028756e-07 1 2 4 -1 -2 3 2 
2 -1.0000001 -1.0000001 -1.2000001 1.0000001 1.0000001 -0.1999999 1 4 4 -4 -5 1 5 
3 -1.0000001 -1.0000001 -1e-07 1.0000001 1.0000001 1e-07 1 1 1 3 
4 -0.6000000999999998 -0.6000000999999998 -1.2000001 0.6000000999999998 0.6000000999999998 -1.1999999 1 3 1 4 
11 -1.0000001 -1.0000001 -1.2000001 1.0000001 1.0000001 9.999999994736442e-08 1 5 4 1 2 -3 4 
$EndEntities
$Nodes
13 1306 1 1306
0 1 0 1
1
-1 -2.449293598294706e-16 -0.2
0 2 0 1
2
-1 -2.449293598294706e-16 0
0 3 0 1
3
-0.5999999999999999 -1.469576158976824e-16 -1.2
1 1 0 41
4
5
6
7
8
9
10
11
12
13
14
15
16
17
18
19
20
21
22
23
24
25
26
27
28
29
30
31
32
33
34
35
36
37
38
39
40
41
42
43
44
-0.9888308262251285 0.1490422661761745 -0.2
-0.9555728057861407 0.2947551744109044 -0.2
-0.900968867902419 0.4338837391175584 -0.2
-0.8262387743159946 0.5633200580636224 -0.2
-0.733051871829826 0.6801727377709198 -0.2
-0.6234898018587332 0.7818314824680301 -0.2
-0.4999999999999995 0.8660254037844389 -0.2
-0.3653410243663946 0.9308737486442045 -0.2
-0.2225209339563138 0.9749279121818237 -0.2
-0.07473009358642373 0.9972037971811802 -0.2
0.07473009358642471 0.9972037971811801 -0.2
0.2225209339563148 0.9749279121818235 -0.2
0.3653410243663953 0.9308737486442041 -0.2
0.5000000000000002 0.8660254037844386 -0.2
0.6234898018587338 0.7818314824680296 -0.2
0.7330518718298267 0.680172737770919 -0.2
0.826238774315995 0.5633200580636218 -0.2
0.9009688679024193 0.4338837391175578 -0.2
0.9555728057861409 0.2947551744109038 -0.2
0.9888308262251286 0.1490422661761738 -0.2
1 -3.216245299353273e-16 -0.2
0.9888308262251285 -0.1490422661761745 -0.2
0.9555728057861407 -0.2947551744109044 -0.2
0.900968867902419 -0.4338837391175584 -0.2
0.8262387743159946 -0.5633200580636224 -0.2
0.7330518718298262 -0.6801727377709195 -0.2
0.6234898018587329 -0.7818314824680302 -0.2
0.4999999999999996 -0.8660254037844388 -0.2
0.3653410243663949 -0.9308737486442042 -0.2
0.2225209339563146 -0.9749279121818236 -0.2
0.07473009358642384 -0.9972037971811801 -0.2
-0.07473009358642436 -0.9972037971811801 -0.2
-0.2225209339563142 -0.9749279121818236 -0.2
-0.3653410243663954 -0.9308737486442041 -0.2
-0.5000000000000001 -0.8660254037844386 -0.2
-0.6234898018587334 -0.7818314824680299 -0.2
-0.733051871829826 -0.6801727377709198 -0.2
-0.8262387743159945 -0.5633200580636227 -0.2
-0.900968867902419 -0.4338837391175583 -0.2
-0.9555728057861408 -0.2947551744109039 -0.2
-0.9888308262251285 -0.1490422661761744 -0.2
1 2 0 1
45
-1 -2.449293598294706e-16 -0.1
1 3 0 41
46
47
48
49
50
51
52
53
54
55
56
57
58
59
60
61
62
63
64
65
66
67
68
69
70
71
72
73
74
75
76
77
78
79
80
81
82
83
84
85
86
-0.9888308262251285 0.1490422661761745 0
-0.9555728057861407 0.2947551744109044 0
-0.900968867902419 0.4338837391175584 0
-0.8262387743159946 0.5633200580636224 0
-0.733051871829826 0.6801727377709198 0
-0.6234898018587332 0.7818314824680301 0
-0.4999999999999995 0.8660254037844389 0
-0.3653410243663946 0.9308737486442045 0
-0.2225209339563138 0.9749279121818237 0
-0.07473009358642373 0.9972037971811802 0
0.07473009358642471 0.9972037971811801 0
0.2225209339563148 0.9749279121818235 0
0.3653410243663953 0.9308737486442041 0
0.5000000000000002 0.8660254037844386 0
0.6234898018587338 0.7818314824680296 0
0.7330518718298267 0.680172737770919 0
0.826238774315995 0.5633200580636218 0
0.9009688679024193 0.4338837391175578 0
0.9555728057861409 0.2947551744109038 0
0.9888308262251286 0.1490422661761738 0
1 -3.216245299353273e-16 0
0.9888308262251285 -0.1490422661761745 0
0.9555728057861407 -0.2947551744109044 0
0.900968867902419 -0.4338837391175584 0
0.8262387743159946 -0.5633200580636224 0
0.7330518718298262 -0.6801727377709195 0
0.6234898018587329 -0.7818314824680302 0
0.4999999999999996 -0.8660254037844388 0
0.3653410243663949 -0.9308737486442042 0
0.2225209339563146 -0.9749279121818236 0
0.07473009358642384 -0.9972037971811801 0
-0.07473009358642436 -0.9972037971811801 0
-0.2225209339563142 -0.9749279121818236 0
-0.3653410243663954 -0.9308737486442041 0
-0.5000000000000001 -0.8660254037844386 0
-0.6234898018587334 -0.7818314824680299 0
-0.733051871829826 -0.6801727377709198 0
-0.8262387743159945 -0.5633200580636227 0
-0.900968867902419 -0.4338837391175583 0
-0.9555728057861408 -0.2947551744109039 0
-0.9888308262251285 -0.1490422661761744 0
1 4 0 25
87
88
89
90
91
92
93
94
95
96
97
98
99
100
101
102
103
104
105
106
107
108
109
110
111
-0.5825650904556311 0.1435893985725343 -1.2
-0.5312736153919261 0.2788339032262606 -1.2
-0.4491064489026612 0.3978735949444764 -1.2
-0.3408388480386944 0.493790319536193 -1.2
-0.2127629322255224 0.5610097456112484 -1.2
-0.07232200815319498 0.5956253244588321 -1.2
0.07232200815319266 0.5956253244588324 -1.2
0.2127629322255201 0.5610097456112493 -1.2
0.340838848038692 0.4937903195361947 -1.2
0.4491064489026592 0.3978735949444786 -1.2
0.5312736153919245 0.2788339032262635 -1.2
0.5825650904556302 0.1435893985725382 -1.2
0.5999999999999999 4.336735222509441e-15 -1.2
0.5825650904556322 -0.14358939857253 -1.2
0.5312736153919284 -0.2788339032262563 -1.2
0.4491064489026646 -0.3978735949444725 -1.2
0.3408388480386983 -0.4937903195361903 -1.2
0.2127629322255265 -0.5610097456112468 -1.2
0.07232200815319888 -0.5956253244588317 -1.2
-0.07232200815318968 -0.5956253244588328 -1.2
-0.2127629322255178 -0.5610097456112501 -1.2
-0.3408388480386911 -0.4937903195361953 -1.2
-0.4491064489026589 -0.3978735949444788 -1.2
-0.5312736153919252 -0.2788339032262624 -1.2
-0.582565090455631 -0.1435893985725352 -1.2
1 5 0 7
112
113
114
115
116
117
118
-0.9500000000000001 -2.326828918379971e-16 -0.325
-0.9 -2.204364238465236e-16 -0.4499999999999998
-0.8500000000000001 -2.081899558550501e-16 -0.5749999999999998
-0.8 -1.959434878635765e-16 -0.7
-0.75 -1.83697019872103e-16 -0.825
-0.7 -1.714505518806295e-16 -0.95
-0.6499999999999999 -1.592040838891559e-16 -1.075
2 1 0 125
119
120
121
122
123
124
125
126
127
128
129
130
131
132
133
134
135
136
137
138
139
140
141
142
143
144
145
146
147
148
149
150
151
152
153
154
155
156
157
158
159
160
161
162
163
164
165
166
167
168
169
170
171
172
173
174
175
176
177
178
179
180
181
182
183
184
185
186
187
188
189
190
191
192
193
194
195
196
197
198
199
200
201
202
203
204
205
206
207
208
209
210
211
212
213
214
215
216
217
218
219
220
221
222
223
224
225
226
227
228
229
230
231
232
233
234
235
236
237
238
239
240
241
242
243
-0.900968867902419 -0.4338837391175583 -0.09999999999999999
-0.9888099723344119 0.1491805570844255 -0.1
0.9555728057861407 -0.2947551744109044 -0.1
0.07473009358642384 -0.9972037971811801 -0.1
-0.222520933956314 0.9749279121818237 -0.1
0.6234898018587338 0.7818314824680296 -0.1
0.6234898018587336 -0.7818314824680297 -0.1
-0.2225209339563142 -0.9749279121818236 -0.1
0.9555728057861409 0.2947551744109038 -0.1
-0.9009688679024189 0.4338837391175585 -0.1
-0.733051871829826 0.6801727377709197 -0.1
-0.4999999999999995 0.8660254037844389 -0.1
0.8262387743159949 -0.5633200580636221 -0.1
0.07473009358642493 0.9972037971811801 -0.1
0.3653410243663953 0.9308737486442041 -0.1
0.826238774315995 0.5633200580636218 -0.1
0.3653410243663957 -0.930873748644204 -0.1
-0.5000000000000001 -0.8660254037844386 -0.1
-0.733051871829826 -0.6801727377709198 -0.1
-0.9888308262251286 -0.1490422661761735 -0.1
1 1.224646799147353e-16 -0.1
-0.997198569075992 0.07479982508531703 -0.05000000000000001
-0.997198569075992 0.07479982508531703 -0.15
-0.9972037971811801 -0.07473009358642391 -0.15
-0.9972037971811801 -0.07473009358642391 -0.05000000000000001
-0.9749123495296319 0.2225891074033336 -0.15
-0.9749279121818237 -0.2225209339563138 -0.15
-0.9749123495296319 0.2225891074033336 -0.05000000000000001
-0.9749279121818237 -0.2225209339563138 -0.05000000000000001
-0.9308737486442041 0.3653410243663953 -0.15
-0.8660254037844384 0.5000000000000004 -0.15
-0.9555728057861407 0.2947551744109044 -0.1
-0.9308737486442041 0.3653410243663953 -0.05
-0.7818314824680295 0.6234898018587339 -0.15
-0.680172737770919 0.7330518718298267 -0.15
-0.8660254037844384 0.5000000000000004 -0.05
-0.8262387743159946 0.5633200580636225 -0.1
-0.7818314824680295 0.6234898018587339 -0.05
-0.5633200580636215 0.8262387743159952 -0.15
-0.4338837391175578 0.9009688679024193 -0.15
-0.680172737770919 0.7330518718298267 -0.05
-0.6234898018587332 0.7818314824680301 -0.1
-0.5633200580636215 0.8262387743159952 -0.05
-0.2947551744109037 0.9555728057861409 -0.15
-0.149042266176174 0.9888308262251286 -0.15
-0.2947551744109037 0.9555728057861409 -0.05
-0.3653410243663948 0.9308737486442044 -0.1
-0.4338837391175578 0.9009688679024193 -0.05
6.049014748177263e-16 1 -0.15
0.149042266176175 0.9888308262251284 -0.15
-0.149042266176174 0.9888308262251286 -0.05
-0.07473009358642373 0.9972037971811802 -0.1
6.049014748177263e-16 1 -0.05
0.2947551744109044 0.9555728057861407 -0.15
0.4338837391175585 0.9009688679024189 -0.15
0.149042266176175 0.9888308262251284 -0.05
0.2225209339563148 0.9749279121818235 -0.1
0.2947551744109044 0.9555728057861407 -0.05
0.5633200580636221 0.8262387743159949 -0.15
0.6801727377709199 0.7330518718298259 -0.15
0.5633200580636221 0.8262387743159949 -0.05
0.5000000000000002 0.8660254037844386 -0.1
0.4338837391175585 0.9009688679024189 -0.05
0.78183148246803 0.6234898018587333 -0.15
0.8660254037844387 0.4999999999999999 -0.15
0.6801727377709199 0.7330518718298259 -0.05
0.7330518718298267 0.680172737770919 -0.1
0.78183148246803 0.6234898018587333 -0.05
0.9308737486442044 0.3653410243663948 -0.15
0.9749279121818237 0.2225209339563141 -0.15
0.9308737486442044 0.3653410243663948 -0.05
0.9009688679024193 0.4338837391175578 -0.1
0.8660254037844387 0.4999999999999999 -0.05
0.9972037971811801 0.07473009358642423 -0.15
0.9972037971811801 -0.07473009358642398 -0.15
0.9749279121818237 0.2225209339563141 -0.05
0.9888308262251286 0.1490422661761738 -0.1
0.9972037971811801 0.07473009358642423 -0.05
0.9749279121818236 -0.2225209339563143 -0.15
0.9308737486442042 -0.365341024366395 -0.15
0.9749279121818236 -0.2225209339563143 -0.05
0.9888308262251285 -0.1490422661761745 -0.1
0.9972037971811801 -0.07473009358642398 -0.05
0.8660254037844386 -0.5000000000000001 -0.15
0.7818314824680299 -0.6234898018587334 -0.15
0.9308737486442042 -0.365341024366395 -0.05
0.900968867902419 -0.4338837391175584 -0.1
0.8660254037844386 -0.5000000000000001 -0.05
0.6801727377709194 -0.7330518718298263 -0.15
0.563320058063622 -0.8262387743159949 -0.15
0.6801727377709194 -0.7330518718298263 -0.05
0.7330518718298262 -0.6801727377709195 -0.1
0.7818314824680299 -0.6234898018587334 -0.05
0.4338837391175583 -0.900968867902419 -0.15
0.2947551744109047 -0.9555728057861406 -0.15
0.563320058063622 -0.8262387743159949 -0.05
0.4999999999999996 -0.8660254037844388 -0.1
0.4338837391175583 -0.900968867902419 -0.05
0.1490422661761743 -0.9888308262251285 -0.15
1.83697019872103e-16 -1 -0.15
0.1490422661761743 -0.9888308262251285 -0.05000000000000001
0.2225209339563146 -0.9749279121818236 -0.1
0.2947551744109047 -0.9555728057861406 -0.05
-0.149042266176174 -0.9888308262251286 -0.15
-0.2947551744109043 -0.9555728057861407 -0.15
1.83697019872103e-16 -1 -0.05000000000000001
-0.07473009358642436 -0.9972037971811801 -0.1
-0.149042266176174 -0.9888308262251286 -0.05
-0.433883739117558 -0.9009688679024193 -0.15
-0.5633200580636216 -0.8262387743159951 -0.15
-0.2947551744109043 -0.9555728057861407 -0.05
-0.3653410243663954 -0.9308737486442041 -0.1
-0.433883739117558 -0.9009688679024193 -0.05
-0.6801727377709188 -0.7330518718298269 -0.15
-0.7818314824680291 -0.6234898018587344 -0.15
-0.5633200580636216 -0.8262387743159951 -0.05
-0.6234898018587334 -0.7818314824680299 -0.1
-0.6801727377709188 -0.7330518718298269 -0.05000000000000001
-0.8660254037844384 -0.5000000000000004 -0.15
-0.9308737486442042 -0.3653410243663949 -0.15
-0.8660254037844384 -0.5000000000000004 -0.05
-0.8262387743159945 -0.5633200580636227 -0.1
-0.7818314824680291 -0.6234898018587344 -0.05000000000000001
-0.9308737486442042 -0.3653410243663949 -0.05
-0.9555728057861408 -0.2947551744109039 -0.1
2 2 0 271
244
245
246
247
248
249
250
251
252
253
254
255
256
257
258
259
260
261
262
263
264
265
266
267
268
269
270
271
272
273
274
275
276
277
278
279
280
281
282
283
284
285
286
287
288
289
290
291
292
293
294
295
296
297
298
299
300
301
302
303
304
305
306
307
308
309
310
311
312
313
314
315
316
317
318
319
320
321
322
323
324
325
326
327
328
329
330
331
332
333
334
335
336
337
338
339
340
341
342
343
344
345
346
347
348
349
350
351
352
353
354
355
356
357
358
359
360
361
362
363
364
365
366
367
368
369
370
371
372
373
374
375
376
377
378
379
380
381
382
383
384
385
386
387
388
389
390
391
392
393
394
395
396
397
398
399
400
401
402
403
404
405
406
407
408
409
410
411
412
413
414
415
416
417
418
419
420
421
422
423
424
425
426
427
428
429
430
431
432
433
434
435
436
437
438
439
440
441
442
443
444
445
446
447
448
449
450
451
452
453
454
455
456
457
458
459
460
461
462
463
464
465
466
467
468
469
470
471
472
473
474
475
476
477
478
479
480
481
482
483
484
485
486
487
488
489
490
491
492
493
494
495
496
497
498
499
500
501
502
503
504
505
506
507
508
509
510
511
512
513
514
0.7005714597761111 -0.02807530347798032 -0.9471655224354967
-0.5306897052085194 0.4566121995343585 -0.9497745431339599
-0.5306897052074913 -0.4566121995347909 -0.9497745431352036
0.08314206942294054 0.6847365461882808 -0.975585712854607
0.08314206942294729 -0.6847365461882803 -0.9755857128546062
0.7403446694524725 -0.5124221605128226 -0.4490464518185305
0.7458149775786621 0.5084880418764404 -0.443343084461003
-0.1478336867307142 -0.8786568593780717 -0.472483620340061
-0.2294965300276674 -0.6719615268272731 -0.9248222785612776
-0.1503330786667204 0.8799477323313991 -0.4682573426571642
-0.2297784384521354 0.6728818910370933 -0.9224170728501222
0.3127763280085484 0.8509980791131398 -0.4333577118114157
0.361479783742631 0.5983595409981978 -0.95231979763496
0.3297797396666137 -0.8402650729486695 -0.4433430844609811
0.3816817844852036 -0.597952849305974 -0.9265348280115875
-0.6584011282804912 0.615711574806086 -0.4464017812185133
-0.6584011282800853 -0.6157115748062106 -0.4464017812190416
0.8966333545952521 -0.006825027454248565 -0.4583516757019984
0.6259768482699363 -0.3360717736143655 -0.9237834246806571
0.5787108546708771 0.4037806013122705 -0.9358695000971515
-0.8224976591765423 0.2312954834170072 -0.5639990636706196
-0.8209671349916625 -0.2228644261484104 -0.5733012831225969
0.7654867953735166 -0.1794688358356317 -0.7343908435814785
-0.4798306145522885 -0.6466712340990384 -0.6868850261460473
-0.4466212975315426 0.6507121323254026 -0.7269046168452871
0.5428118539532129 0.5881418156058079 -0.699132213175649
0.5853943149710645 -0.5395648301944099 -0.7096848396812185
-0.04430845996429861 0.7857634257392239 -0.7324707739561902
-0.04942750911969926 -0.7832337106401189 -0.7380205720037678
0.7936349343410617 0.1107941586229556 -0.6966719025089931
-0.672799221837536 -0.4512224330698534 -0.6747523654336238
-0.6708736633803196 0.4525869214207712 -0.6768428236132058
0.2785181991773336 0.7442127452435873 -0.7134436242331599
0.2341533402213911 -0.7375350148539528 -0.7654689119962836
-0.7212282248411153 -0.2310001301782853 -0.8067039117423898
-0.7213049993602609 0.2326600265562288 -0.8052513523239238
0.7183678904320179 0.360618176072835 -0.6904946272187932
0.8492437251366879 -0.2671374643239728 -0.4743296943259431
-0.4416072200149739 -0.7754492272833222 -0.4690550756690912
-0.4357209927163043 0.7832103143424305 -0.4593650732632023
0.8568780194645548 0.2656041264911526 -0.457254065533411
0.5617459841316758 0.7189957513064875 -0.4189456370396861
0.5675825699509334 -0.705527232523281 -0.4362660139383839
0.07971059293335596 0.9205428799123849 -0.3900311522890958
0.08768678574726209 -0.9183924991613353 -0.3935772355895896
-0.8183111841116076 0.4149624038413816 -0.4062217431659295
-0.8203435614309814 -0.4097928666910567 -0.4074935218573802
0.3983617770481175 -0.7195209931256654 -0.6439075820845901
-0.6406842378883219 -0.2047468839692187 -1.018487326888293
-0.6374406170550689 0.2063649044254154 -1.024968257670064
-0.2636880323971862 0.7785282944606191 -0.6450704335287121
-0.2614346898228303 -0.7709882312091708 -0.664731360320883
0.694086226992229 0.2014925627655215 -0.8931468250191761
0.7263691556303947 -0.3775264412897876 -0.653450519587689
-0.9081526936611424 0.1960569799516992 -0.3773134434563581
-0.9071252768691881 -0.1928808660276538 -0.3814884941861691
0.1307961304306762 -0.8325525203415602 -0.5930897520558651
0.1074977508041211 0.84385156320369 -0.5733223869888386
-0.9326149947770406 0.2456041809339075 -0.2889678789790111
-0.9587398291252975 0.09850764882817803 -0.2905319352229678
-0.9580871640923417 -0.09689802981557645 -0.2925632897978317
-0.9321559170106075 -0.2440292523383332 -0.291077873800851
-0.9085003364563371 0.09850818068361218 -0.4154366897002053
-0.9078550885028476 -0.09689858137639086 -0.4174709793831889
-0.625302936327957 0.1042802207344288 -1.115153543287264
-0.5861818004292417 0.243356932549617 -1.113274401923835
-0.5878905467898204 -0.2425791785990285 -1.110070848876802
-0.6267808483646071 -0.1034360087081146 -1.111853990154476
-0.6773201174733906 -0.1034391093616287 -0.9870672246121006
-0.6758535003233387 0.1042830920649881 -0.9903711711493777
-0.8237513773487829 0.4900194860610442 -0.303798020299172
-0.8897108756205497 0.3559665973570997 -0.3043037799114157
-0.869402960877857 0.3076937017117202 -0.3943860328859182
-0.6424107963458388 0.7003690620180568 -0.3240680061634924
-0.7442044328300117 0.5910123836048652 -0.3241634691411534
-0.744763025612593 0.5198086752010777 -0.429436987311953
-0.40130152180087 0.8586907484094856 -0.3304104880753389
-0.5311685043345302 0.7848304744348469 -0.3307980594741814
-0.5528283890652026 0.7068349314621795 -0.4566280289322683
-0.1126394219050899 0.9394751748843632 -0.3344910119713165
-0.2590036062013435 0.9095071693554108 -0.3358323886431609
-0.2966883076115255 0.8419693169159024 -0.4682178050641592
0.1514261145421208 0.9496817894172893 -0.2958039684281307
0.002497228565692386 0.9615605685702232 -0.2960904717788355
-0.03556143285724219 0.9066237948511192 -0.4316976049020929
0.4076752741380091 0.8612308146409342 -0.3178821853881419
0.2681194760863976 0.9145690720732227 -0.3173483245424333
0.197748871810789 0.8925653501349535 -0.4144782863589271
0.6491762111819048 0.70150479039053 -0.3105195071609256
0.5319882406813878 0.7941754697845219 -0.3102743815571312
0.4418652771316839 0.7932625038183909 -0.4299362301098202
0.8253770596067512 0.472321884737689 -0.3225864193844377
0.7412161438577224 0.5957632763203331 -0.3225864193844377
0.6605820017305771 0.6201268812216554 -0.434875928033862
0.925119844752564 0.2078321330622812 -0.329555787030327
0.8810028782136056 0.3505713878185542 -0.3295222404311557
0.8090771203875871 0.3907799333078056 -0.4537326196961728
0.9447783476095301 -0.07810280652398609 -0.3299971327829618
0.9452418396633953 0.07129792532195944 -0.3301825893048013
0.8858188070558036 0.1307270635314555 -0.4614673834276442
0.8770603738422185 -0.3512932778606814 -0.3380068447993521
0.9214193940380774 -0.2086292282346553 -0.3381418139216033
0.8813213196968787 -0.1382966691094309 -0.4697348290519758
0.7383107726050605 -0.5976026385879919 -0.3253530386181463
0.8228259066017622 -0.4744035749810564 -0.3255247625398646
0.8026102112373258 -0.3936129109221779 -0.465170203870305
0.535153098547504 -0.7877809984189132 -0.3191024009382325
0.651796937906126 -0.6944264802474107 -0.3189978675820526
0.6598553859706692 -0.6144611432675446 -0.4458765187714334
0.2768161147952907 -0.9097846404050235 -0.322586419384427
0.4158901385428689 -0.8552021082703497 -0.322586419384427
0.4531768689607481 -0.7806404498490169 -0.4433864053332831
0.006498546587754484 -0.9607847142296084 -0.2979832715442222
0.1553829291410684 -0.948363475925708 -0.2974790100574183
0.2104957885875087 -0.8867537633818259 -0.4215126812332974
-0.2577770135457719 -0.9089602156318628 -0.3379859463874643
-0.1113828932699846 -0.9387816247602325 -0.3365847171140038
-0.03029722708143589 -0.9052106027407272 -0.4357062948859548
-0.5339354446676141 -0.7806681937488118 -0.3355102455769724
-0.4043707032539923 -0.8550573429690321 -0.3353664060057459
-0.2986838130727818 -0.8381751377226377 -0.4754922149944338
-0.7442044328298181 -0.5910123836049362 -0.3241634691414222
-0.6424107963456274 -0.7003690620181101 -0.3240680061637518
-0.5554325585385115 -0.7024455812910018 -0.4612292410790883
-0.8905365797754405 -0.3532969313153008 -0.3048563174689448
-0.8249109534512836 -0.4875137386986417 -0.3044993652893854
-0.7460672156043576 -0.5173950909722359 -0.4302065479957662
-0.8697686204244737 -0.3034420589540828 -0.3970473623283832
-0.5339330727642275 0.3697670059615884 -1.076323298634302
-0.4388475189068118 0.4785635374800944 -1.076712047540305
-0.5941667840840109 0.3372217690726311 -0.9920174751237747
-0.2876365397605836 0.5880956739811701 -1.063327879581541
-0.1517541157021858 0.6372092226692841 -1.062423847023928
-0.392145736773093 0.5824389831714561 -0.9446270909235699
0.005444117132918626 0.6442144663095539 -1.089406326432198
0.1488846919652063 0.6267976272388767 -1.089406326432198
-0.07495138331217584 0.6939300294587685 -0.9550848952508892
0.2881319407497534 0.5817249628203631 -1.077070650704851
0.4093006818184522 0.5030419779778151 -1.07869982779082
0.2266703329564743 0.654128480701113 -0.9692784938302734
0.5146472295335717 0.4014031576556158 -1.068309416122193
0.5891529410015022 0.2776985492565215 -1.071700134822565
0.4791169972946717 0.5106861909010771 -0.9493688947380401
0.6470668005564834 0.05825205113088995 -1.075791065927478
0.6443730568173844 -0.0862075893543478 -1.074714669637843
0.6384395972060277 0.1725717785183226 -1.046620623500213
0.7052322186412107 0.08769136661872882 -0.9233418695675708
0.6437975369141593 0.3061551427226358 -0.9177853665448714
0.6083723518785483 -0.2414583938525831 -1.063656754963783
0.5406617920512781 -0.369102765596264 -1.063402873041692
0.6782375487730684 -0.1861810983150543 -0.9416812470155256
0.4188493008447354 -0.5020547874590173 -1.065424851779822
0.2985729866129004 -0.5821145576863785 -1.064451188046205
0.5183418111645078 -0.480464314976421 -0.9330743663656502
0.148884691965213 -0.6267976272388753 -1.089406326432198
0.005444117132925079 -0.644214466309554 -1.089406326432198
0.2375279647807933 -0.6554624918579585 -0.9570667463196738
-0.1516128784756101 -0.6367484661467715 -1.06362620013808
-0.2874939692227117 -0.5876307841466992 -1.064528506790217
-0.07480764279049877 -0.6934628736381145 -0.9562846051206089
-0.438847518906258 -0.4785635374802762 -1.076712047540906
-0.5339330727637471 -0.3697670059618327 -1.076323298634941
-0.3919984999173303 -0.5819616131870468 -0.9458225874346637
-0.5960141004066847 -0.3365102506537403 -0.9888747184260722
-0.8682732899926114 0.1165909801252931 -0.5098345342743362
-0.8178627590416113 0.1165905917653551 -0.6346718500511952
-0.8166597010690819 -0.1122813607434609 -0.6391443352932176
-0.8670417070379128 -0.1122814890283651 -0.5142958020902555
-0.8656774808128821 0.213763226813324 -0.4708014081230582
-0.8643332726218068 -0.2079417087288168 -0.4775129916153295
-0.7180338633348299 -0.1167060384839358 -0.8813588034019826
-0.7685623750061655 -0.1167070172492364 -0.7565677073950916
-0.7687081543793979 0.1175620008394827 -0.7558854029231539
-0.7181721350013397 0.1175609373614836 -0.8806735630224076
-0.7720203154451861 0.232013513632339 -0.6846749053066705
-0.771264560697271 -0.2269813907943071 -0.6900721804712853
-0.6809562618523013 -0.2178735168283243 -0.9125956321193678
-0.6793728922413516 0.2195124926429858 -0.915109840321547
0.7358891740702534 -0.104176955265006 -0.8419336083543618
0.7009184490886041 -0.2596919625378858 -0.8312996032008757
0.7496728576907939 0.0415016832785564 -0.8229481505675666
0.791162308786959 -0.0348483477224875 -0.7201764501222292
0.7455178607696119 0.1564912394387433 -0.7955867229846543
-0.4921935720887033 0.5576709121566622 -0.8404782895340379
-0.3409184914676572 0.6671168744679076 -0.8270505512287361
-0.601664776860099 0.4552677790712964 -0.8137516494794763
-0.5673759121718388 0.5601683487742668 -0.706723795040382
-0.6368715216538593 0.3506227700980977 -0.8824782291452367
-0.7020750105383021 0.3455696966905312 -0.7437156781075656
-0.3583405342702113 -0.6661518196041292 -0.8089583140783347
-0.5079422494257125 -0.5545700151455741 -0.8199181692506456
-0.5836538283720764 -0.5559372330631426 -0.6848728351551795
-0.6026706482699373 -0.4546159704993047 -0.812727512189994
-0.7029782206657662 -0.344030244707778 -0.7433843185168867
-0.6369471441215612 -0.3498413906864587 -0.883253830604616
-0.1381476482627082 0.7351990238362262 -0.8298356065404024
0.01948240176839149 0.7377339282358349 -0.8550221667169327
0.1819281232620611 0.7188128898786504 -0.8463046827192842
0.3211827699716335 0.6737694450455962 -0.8339821195864343
0.1193117236864724 0.7794043696583772 -0.7287908868355546
0.01691864194364869 -0.73665689054864 -0.8578721291024469
-0.1405312509731109 -0.7331759849618433 -0.8336933909710256
0.3101844140314571 -0.6726597817685879 -0.8481672039621755
0.1592430605781864 -0.7138044531042946 -0.8716210225758907
0.09374843630663356 -0.7717907622817302 -0.7563408380496708
0.5778585502710488 -0.624025601662179 -0.5737820319120579
0.6642521126834033 -0.5270906183667693 -0.5800716563191518
0.6608944367151112 -0.4620501583307462 -0.6840141907517495
0.7346130036142987 -0.4457364512778244 -0.5518361778646719
0.7903968308409959 -0.3233918141787637 -0.5650096374905433
0.733488029327202 0.4353820967361449 -0.5675684956418526
0.6395275985442119 0.4811036664475109 -0.6992871783271775
0.6478991691976174 0.5513664283518188 -0.5731210193096259
0.5526787088261728 0.6540418960693227 -0.5592866886775214
0.7899238697639513 0.3140258555607464 -0.5748647719740356
-0.2052007099799777 -0.8271060340749312 -0.5695485763290561
-0.1566056742987813 -0.7829835085811383 -0.7037715061700016
-0.09874448205223148 -0.8319047385699513 -0.6056385716779588
0.04089507479158803 -0.8120783872037826 -0.6672313921253448
-0.008615232649149986 -0.8652923375906526 -0.5366619373542556
-0.3529016378686011 -0.7762557314531415 -0.5682276642659032
0.1092846715569672 -0.8758188270191302 -0.493473094999634
-0.2454657360144024 -0.7214752496206726 -0.7947769760269798
-0.3745459039071553 -0.7163137715099309 -0.6791863436532404
-0.1552188863546358 0.7883454025126435 -0.6912980305306685
-0.20756343792485 0.8314527366788347 -0.5575769644892918
-0.09745404246639007 0.8339961093458217 -0.6008233745153065
-0.02162150165431534 0.8701025807406483 -0.524072050903736
0.0317089325917122 0.8177548940345069 -0.6540764262754502
-0.3509425343145383 0.7836337330952635 -0.5534293483035414
0.09362055392501284 0.8823516185709075 -0.4817388751097087
-0.3580693363373852 0.7204849345526431 -0.6886071515265504
-0.2467334000473982 0.7257055769461257 -0.7837439577563319
0.4243675659798712 0.7389797643840188 -0.5695966883816044
0.2956483655464974 0.7976083850593224 -0.5734019362382208
0.1941265908078628 0.7986341243084055 -0.6452773943781713
0.2112935233068143 0.8520886023047811 -0.5052620612458041
0.4541311580230897 0.5958555985804406 -0.8270361004429243
0.5635899523948602 0.4984629409921575 -0.8190113337944593
0.4174057296948589 0.6771119911707659 -0.7114260892392366
0.3647503708611327 -0.781348862830377 -0.544267991943257
0.4845099115709811 -0.714792722726325 -0.5411830628892003
0.2314735845196305 -0.8407150910545915 -0.5200030323167641
0.2681122354507761 -0.7864002283596492 -0.6228783588182047
0.6098433302795218 -0.4408237200831855 -0.8187862301256195
0.4870188155986479 -0.5728530705125255 -0.8202593810203189
0.4973791392614527 -0.6365836289499943 -0.6803701997339842
0.3901850007148508 -0.659012595579289 -0.7853493531537541
0.3176008792632826 -0.731622465037458 -0.7060376290907957
-0.6664341777700011 0.5355932681581624 -0.562544353974335
-0.5553259621837622 0.6364377294680803 -0.5883656984372764
-0.4415883253618862 0.7176391961729528 -0.5934532627727005
-0.7458268747378433 0.4344938125249784 -0.542103744089354
-0.6674622840470046 -0.5349594520174664 -0.5615316288169118
-0.571114964521357 -0.633408545896148 -0.5678375285955229
-0.4614411577194909 -0.7121749156578072 -0.5785013367172065
-0.7478761178728138 -0.4312600154720007 -0.5417253872748533
0.8470820601780706 0.05210438271946487 -0.5782924279985872
0.8355043696542053 -0.09364505738131074 -0.5981601088522173
0.8078461460281544 -0.2234361546977087 -0.6045598450465103
0.8275854499654558 0.1887302631791834 -0.5779184905584306
0.750943045498205 -0.2803700514457931 -0.6960619655759126
0.6761860064504321 -0.356805969592497 -0.7886228537121693
0.649984558239 0.3830510703478345 -0.8138530537697861
0.7087692086944755 0.2820670623210505 -0.7929151519271942
-0.7549738662106121 0.3457367470601935 -0.6240673226704168
-0.8237812451923142 0.3244589577017393 -0.48656212651634
-0.7555103159460033 -0.3409365685970341 -0.6278127779632976
-0.8241386164984856 -0.3176713020726784 -0.4918906342690632
0.1829268278250123 -0.786988762328489 -0.6800780702440365
0.7647852961746365 0.2384448071813656 -0.6972636292489012
2 3 0 178
515
516
517
518
519
520
521
522
523
524
525
526
527
528
529
530
531
532
533
534
535
536
537
538
539
540
541
542
543
544
545
546
547
548
549
550
551
552
553
554
555
556
557
558
559
560
561
562
563
564
565
566
567
568
569
570
571
572
573
574
575
576
577
578
579
580
581
582
583
584
585
586
587
588
589
590
591
592
593
594
595
596
597
598
599
600
601
602
603
604
605
606
607
608
609
610
611
612
613
614
615
616
617
618
619
620
621
622
623
624
625
626
627
628
629
630
631
632
633
634
635
636
637
638
639
640
641
642
643
644
645
646
647
648
649
650
651
652
653
654
655
656
657
658
659
660
661
662
663
664
665
666
667
668
669
670
671
672
673
674
675
676
677
678
679
680
681
682
683
684
685
686
687
688
689
690
691
692
0.7777807662692015 -0.0009543583087569436 0
-0.7225209339563149 -0.1089025083973849 0
-0.176267306883314 0.7222218624272525 0
0.06312789024372831 -0.740391672448859 0
0.4587638284789469 0.5802686961123791 0
-0.5356278435360244 -0.4969900095266468 0
0.5705382385543124 -0.4125282706462849 0
-0.6583217782434019 0.3170310594102608 0
-0.7225209339563144 -0.3479477433504717 0
-0.4858420226973218 -0.2398921335577599 0
-0.260770914810158 -0.4051455579365388 0
-0.2088228580314003 -0.1295535731656855 0
0.02022202950273049 -0.3076456392457869 0
0.08556647658804012 -0.03200256178481933 0
-0.1365150995426476 0.1630550168895852 0
0.1402033683766272 0.2505316778113866 0
0.3437948628040108 0.05181976846928264 0
-0.4864187408471264 0.0639201946720096 0
0.3115912770917458 -0.2301275117800398 0
0.2502163171837209 -0.5139835418650808 0
-0.3718611792362972 0.326653581971239 0
-0.07352729748830995 0.4413178226907861 0
0.2197727161722601 0.5162290881967458 0
-0.3331794086322826 -0.6568825807254358 0
-0.5224382198219329 0.5405533538722382 0
0.3974013295547029 0.32778480127462 0
0.6430858672527049 0.4014624743800502 0
0.07136354856287597 0.732629313373944 0
0.5568696490599854 -0.1268375397807442 0
0.4690045633452324 -0.6381392290666686 0
-0.7645668517665968 0.113360784019158 0
0.7589976696022093 -0.2246492348059038 0
0.5821887570386853 0.1546241474154879 0
0.2925630418505107 -0.7496653470505307 0
0.2990351007976936 0.7368330298258692 0
-0.05841585469438838 -0.5335388381511177 0
-0.3074861457834014 0.5466708984136717 0
-0.1554310125279961 -0.792915847626078 0
0.778571016937628 0.2276116537561026 0
-0.3990044997427553 0.7044302691650794 0
-0.8822834258832983 0.056680392009579 0
-0.8600698287763687 0.2040579792150312 0
-0.8390468698712279 -0.2018288414041444 0
-0.8612604669781574 -0.05445125419869244 0
-0.7435438928614558 0.002229137810886558 0
-0.8069472920147713 0.3058931169105826 0
-0.7422802762796983 0.4401755587369416 0
-0.7114443150049994 0.2151959217147094 0
-0.6743384970689638 0.5519367059679303 0
-0.5729640108403331 0.6611924181701342 0
-0.5903799990326675 0.4287922066412495 0
-0.5112471508007442 0.7431308758165548 0
-0.382172762054575 0.817652008904642 0
-0.4607213597823441 0.6224918115186588 0
-0.2708041656248543 0.8265478055357285 0
-0.1254987002348689 0.8597128298042164 0
-0.2876359033130347 0.713326065796166 0
-0.001683272511773873 0.8649165552775622 0
0.1469422412595954 0.8537786127778837 0
-0.05245187916021904 0.7274255879005982 0
0.2607780173770042 0.8558804710038463 0
0.3995175503988469 0.8014292168051539 0
0.1851993246802848 0.7347311715999065 0
0.4793819142394736 0.7231470499484088 0
0.5959078501543869 0.6302207169416491 0
0.3788994646383202 0.6585508629691241 0
0.6880688695412658 0.5408176060754846 0
0.7720273675775621 0.417673106748804 0
0.550924847865826 0.4908655852462147 0
0.8397699424200236 0.3307476964368302 0
0.8837009215813783 0.1883269599661382 0
0.7108284420951665 0.3145370640680764 0
0.8833057962471651 0.07404395393370844 0
0.883305796247165 -0.0749983122424657 0
0.7781758916034147 0.1133286477236728 0
0.8739142479136689 -0.1868457504910391 0
0.8299832687523141 -0.3292664869617311 0
0.7683892179357054 -0.1128017965573303 0
0.7357535532283657 -0.4232060048819217 0
0.6517950551920693 -0.5463505042086022 0
0.6647679540782608 -0.3185887527260943 0
0.6010282175875293 -0.6591559834187941 0
0.484502281672616 -0.7520823164255537 0
0.5197714009497725 -0.5253337498564767 0
0.3962815209252551 -0.8078453754174848 0
0.2575419879034127 -0.8622966296161771 0
0.3807838025978716 -0.6939022880585997 0
0.1428244121000214 -0.8576597923153413 0
-0.005801101671348036 -0.8687977348150195 0
0.1778454660471195 -0.7450285097496948 0
-0.1150805530572102 -0.895059822403629 0
-0.2603860184471958 -0.861894798135141 0
-0.04615156114213391 -0.7666537600374685 0
-0.349260216499339 -0.79387816468482 0
-0.478334605245508 -0.7193570315967328 0
-0.2443052105801393 -0.7248992141757569 0
-0.5795588226973789 -0.6394107459973384 0
-0.6809333089260095 -0.5301550337951348 0
-0.4344036260841535 -0.5769362951260413 0
-0.7743798541361544 -0.4556339007070472 0
-0.8390468698712277 -0.3213514588806878 0
-0.6290743887461694 -0.4224688764385593 0
-0.7225209339563147 -0.2284251258739283 0
0.6673252076645935 -0.06389594904475054 0
0.6579336593310974 -0.1757433872933239 0
0.6799847616539434 0.07683489455336551 0
0.5695292030493353 0.01389330381737189 0
0.6803798869881567 0.1911179005857953 0
-0.6041814783268181 -0.2939199384541158 0
-0.6041814783268183 -0.1743973209775724 0
-0.4861303817722241 -0.08798596944287515 0
-0.6044698374017207 -0.02249115686268764 0
-0.6254927963068616 0.0886404893455838 0
-0.124897302185812 0.5817698425590193 0
-0.001081874462717 0.586973568032365 0
-0.2418767263333577 0.6344463804204621 0
-0.1905067216358557 0.4939943605522289 0
-0.3532453227630783 0.6255505837893756 0
0.1566721037137246 -0.6271876071569699 0
0.2713896795171158 -0.6318244444578057 0
0.09590023124466629 -0.5237611900080992 0
0.002356017774669962 -0.6369652552999883 0
-0.1069234336111922 -0.6632273428885979 0
0.3392682723256035 0.5482488921545625 0
0.3085870228634815 0.4220069447356829 0
0.4280825790168249 0.4540267486934995 0
0.2594039084849769 0.6265310590113076 0
0.5202435984037039 0.3646236378273351 0
-0.5107349331166731 -0.3684410715422034 0
-0.3981993791730912 -0.4510677837315928 0
-0.3733064687537399 -0.3225188457471494 0
-0.2969751617212203 -0.5310140693309873 0
0.4410647578230291 -0.3213278912131624 0
0.2809037971377334 -0.3720555268225603 0
0.4103772778690167 -0.4632559062556829 0
0.5637039438071489 -0.2696829052135146 0
0.4342304630758655 -0.178482525780392 0
0.3596104402644767 -0.5760613854658747 0
-0.5723702595452641 0.1904756270411352 0
-0.4291399600417118 0.1952868883216243 0
-0.5150914787398495 0.3218423206907499 0
-0.4471496995291151 0.4336034679217387 0
-0.2347968864207791 -0.2673495655511122 0
-0.3473324403643611 -0.1847228533617227 0
-0.3476207994392633 -0.03281668924683796 0
-0.1202744426537138 -0.3563955985911629 0
-0.0943004142643349 -0.2185996062057362 0
-0.1595933847522732 -0.4693421980438283 0
-0.01909691259582894 -0.4205922386984523 0
-0.1957976316633355 -0.5952107094382768 0
0.05289425304538531 -0.1698241005153031 0
-0.06162819072168008 -0.08077806747525243 0
-0.02547431147730374 0.06552622755238292 0
-0.1726689787870239 0.01675072186194981 0
-0.311466920194887 0.1134876057807974 0
0.1659066532972381 -0.2688865755129134 0
0.1985788768398929 -0.1310650367824296 0
0.1352191733432257 -0.4108145905554338 0
0.1128849224823337 0.1092645580132836 0
0.001844134416989801 0.2067933473504859 0
0.2146806696960255 0.009908603342231648 0
0.241999115590319 0.1511757231403346 0
0.3276930699478783 -0.08915387165537861 0
0.03333803544415861 0.3459247502510863 0
-0.1050211985154788 0.3021864197901856 0
-0.2541881393894724 0.2448542994304121 0
-0.2226942383623036 0.3839857023310125 0
0.3705980961793569 0.1898022848719513 0
0.268802348965665 0.2891582395430032 0
0.1799880422744436 0.3833803830040662 0
0.07312270934197507 0.4787734554437659 0
0.4503322559319981 -0.03750888565573077 0
0.4629918099213481 0.1032219579423853 0
0.4897950432966941 0.2412044743450539 0
-0.3396736625098493 0.4366622401924554 0
-0.4149621828026672 0.543612126142955 0
0.145568132367568 0.6244292007853449 0
0.6126373121456952 0.2780433108977691 0
2 4 0 70
693
694
695
696
697
698
699
700
701
702
703
704
705
706
707
708
709
710
711
712
713
714
715
716
717
718
719
720
721
722
723
724
725
726
727
728
729
730
731
732
733
734
735
736
737
738
739
740
741
742
743
744
745
746
747
748
749
750
751
752
753
754
755
756
757
758
759
760
761
762
0.3517331181455033 -0.004902835889994937 -1.2
-0.3241595640656496 0.07989815663227857 -1.2
0.04225415909167271 0.3345171228499143 -1.2
0.04024249138745579 -0.3314267344306999 -1.2
-0.2498985144844427 -0.2213907650895486 -1.2
0.2460133286146801 -0.356411837576133 -1.2
0.1744857852339059 -0.1472413354660288 -1.2
0.1035864848686639 0.09176961769990054 -1.2
-0.06136133797565172 -0.06091929136869158 -1.2
0.2912847408180194 0.2279597807480833 -1.2
-0.08180854849921866 0.1626257123905747 -1.2
-0.2180247375095018 0.3242150898490088 -1.2
0.3834668239252014 -0.2012589147570605 -1.2
-0.1557042198222169 -0.4105582858788191 -1.2
-0.4263329234855043 -0.1050816279208831 -1.2
-0.4277165897287878 0.1793660299292696 -1.2
-0.4620797820328247 0.03994907831613929 -1.2
-0.513166461742752 -0.05254081396044156 -1.2
-0.4788032694387148 -0.1919577655735727 -1.2
-0.375246243775577 -0.01259173564430227 -1.2
-0.2794317927740981 0.4090027046926009 -1.2
-0.3746491764507139 0.3015244965376347 -1.2
-0.2710921507875757 0.2020566232406437 -1.2
-0.1451733728313484 0.4599202071539205 -1.2
0.1275085456585964 0.4477634342305817 -1.2
-0.01503392453076113 0.4650712236543731 -1.2
-0.08788528920891456 0.3293661063494615 -1.2
0.3701955948603393 0.3129166878462809 -1.2
0.2520238365217697 0.3944847631796663 -1.2
0.166769449954846 0.2812384517989988 -1.2
0.4369249156368248 0.1857745896603107 -1.2
0.4671491043005678 -0.07424611723126248 -1.2
0.4671491043005668 0.06934328134127163 -1.2
0.3215089294817614 0.1115284724290442 -1.2
0.416286636413933 -0.2995662548507665 -1.2
0.4830159571904168 -0.1724241566647952 -1.2
0.3675999710353524 -0.1030808753235277 -1.2
0.2293881304201033 -0.4587107915936899 -1.2
0.3475598887586724 -0.3771427162603027 -1.2
0.3147400762699407 -0.2788353761665967 -1.2
-0.01603975838286694 -0.4635260294447663 -1.2
0.1265027118064911 -0.4462182400209733 -1.2
0.1431279100010679 -0.3439192860034164 -1.2
-0.248271533930454 -0.4521743027075072 -1.2
-0.1140131139877033 -0.5030918051688259 -1.2
-0.05773086421738055 -0.3709925101547595 -1.2
-0.3905860649381839 -0.2501123341579055 -1.2
-0.2953686812615669 -0.357590542312872 -1.2
-0.2028013671533298 -0.3159745254841839 -1.2
-0.3381157189849735 -0.1632361965052159 -1.2
0.1390361350512849 -0.02773585888306412 -1.2
0.2276598015070836 0.0434333909049528 -1.2
0.2631094516897046 -0.07607208567801187 -1.2
0.2789763045795536 -0.1742501251115446 -1.2
0.1974356128433417 0.1598646992239919 -1.2
-0.1927604510206507 0.009489432631793498 -1.2
-0.1556299262300472 -0.1411550282291201 -1.2
-0.2870290392750461 -0.07074630422863504 -1.2
-0.2029840562824341 0.1212619345114266 -1.2
-0.07158494323743519 0.05085321051094155 -1.2
-0.1499166430043602 0.2434204011197917 -1.2
0.0729203219801683 0.2131433702749074 -1.2
0.01088896818472262 0.1271976650452376 -1.2
-0.01977719470377298 0.2485714176202445 -1.2
-0.01055942329409796 -0.1961730128996957 -1.2
-0.1048280115484934 -0.2764087497601243 -1.2
0.1073641383106809 -0.2393340349483643 -1.2
0.210249556924293 -0.2518265865210809 -1.2
0.05656222362912709 -0.1040803134173602 -1.2
0.02111257344650608 0.01542516316560448 -1.2
3 11 0 544
763
764
765
766
767
768
769
770
771
772
773
774
775
776
777
778
779
780
781
782
783
784
785
786
787
788
789
790
791
792
793
794
795
796
797
798
799
800
801
802
803
804
805
806
807
808
809
810
811
812
813
814
815
816
817
818
819
820
821
822
823
824
825
826
827
828
829
830
831
832
833
834
835
836
837
838
839
840
841
842
843
844
845
846
847
848
849
850
851
852
853
854
855
856
857
858
859
860
861
862
863
864
865
866
867
868
869
870
871
872
873
874
875
876
877
878
879
880
881
882
883
884
885
886
887
888
889
890
891
892
893
894
895
896
897
898
899
900
901
902
903
904
905
906
907
908
909
910
911
912
913
914
915
916
917
918
919
920
921
922
923
924
925
926
927
928
929
930
931
932
933
934
935
936
937
938
939
940
941
942
943
944
945
946
947
948
949
950
951
952
953
954
955
956
957
958
959
960
961
962
963
964
965
966
967
968
969
970
971
972
973
974
975
976
977
978
979
980
981
982
983
984
985
986
987
988
989
990
991
992
993
994
995
996
997
998
999
1000
1001
1002
1003
1004
1005
1006
1007
1008
1009
1010
1011
1012
1013
1014
1015
1016
1017
1018
1019
1020
1021
1022
1023
1024
1025
1026
1027
1028
1029
1030
1031
1032
1033
1034
1035
1036
1037
1038
1039
1040
1041
1042
1043
1044
1045
1046
1047
1048
1049
1050
1051
1052
1053
1054
1055
1056
1057
1058
1059
1060
1061
1062
1063
1064
1065
1066
1067
1068
1069
1070
1071
1072
1073
1074
1075
1076
1077
1078
1079
1080
1081
1082
1083
1084
1085
1086
1087
1088
1089
1090
1091
1092
1093
1094
1095
1096
1097
1098
1099
1100
1101
1102
1103
1104
1105
1106
1107
1108
1109
1110
1111
1112
1113
1114
1115
1116
1117
1118
1119
1120
1121
1122
1123
1124
1125
1126
1127
1128
1129
1130
1131
1132
1133
1134
1135
1136
1137
1138
1139
1140
1141
1142
1143
1144
1145
1146
1147
1148
1149
1150
1151
1152
1153
1154
1155
1156
1157
1158
1159
1160
1161
1162
1163
1164
1165
1166
1167
1168
1169
1170
1171
1172
1173
1174
1175
1176
1177
1178
1179
1180
1181
1182
1183
1184
1185
1186
1187
1188
1189
1190
1191
1192
1193
1194
1195
1196
1197
1198
1199
1200
1201
1202
1203
1204
1205
1206
1207
1208
1209
1210
1211
1212
1213
1214
1215
1216
1217
1218
1219
1220
1221
1222
1223
1224
1225
1226
1227
1228
1229
1230
1231
1232
1233
1234
1235
1236
1237
1238
1239
1240
1241
1242
1243
1244
1245
1246
1247
1248
1249
1250
1251
1252
1253
1254
1255
1256
1257
1258
1259
1260
1261
1262
1263
1264
1265
1266
1267
1268
1269
1270
1271
1272
1273
1274
1275
1276
1277
1278
1279
1280
1281
1282
1283
1284
1285
1286
1287
1288
1289
1290
1291
1292
1293
1294
1295
1296
1297
1298
1299
1300
1301
1302
1303
1304
1305
1306
-0.01635849167762691 0.05590466262359543 -0.5989819638092363
-0.05042192884287233 -0.3973444589254239 -0.4610639912176811
0.4000954592965379 -0.09742356146795822 -0.4426506421707081
0.1518866903031251 -0.2717842403583056 -0.8030110119693308
-0.4037093218204185 -0.1121703199977469 -0.4290701951048662
0.2464826359858044 0.3634670106988007 -0.4160473998299609
-0.3298967416668337 -0.0598270314073167 -0.8165844403070622
-0.3274498042636613 0.3203595249529281 -0.4369760845844984
0.3185793474322632 0.09101235325818666 -0.8137056944604909
-0.08659622253049247 0.2967980828655962 -0.8621062203635608
0.3079941033168767 -0.4496528492231612 -0.4152015427307605
-0.3725176980900827 -0.4478278244559051 -0.3302851069618447
-0.1671257907473814 -0.3473172827285841 -0.8713453127428825
-0.003106974175523303 0.5879808005656181 -0.311656560451421
-0.6315256683684858 0.06234892562398553 -0.286848543438394
0.5399111386512609 0.2000050620766684 -0.3389862662432114
0.08336490452870515 -0.1176593870704692 -0.3268100820086097
0.03004032344742993 0.005780632108740469 -0.9062610574536893
0.08056756323138314 -0.6236059950905488 -0.289536270707424
-0.5172163729663347 0.09053487223143136 -0.6276324323122624
-0.39200263568199 -0.3200011290597489 -0.6592350263441927
0.206400851313179 0.3942161428519823 -0.7430827178722796
-0.169568303326797 0.07154356971159762 -0.3231770626190015
0.3277308015765423 0.6063480064554231 -0.2654001646686669
-0.1114030114671832 0.4944524779096802 -0.6056699549865858
0.6915152942145091 -0.1063468863553767 -0.2656420538907021
-0.6451417498729622 -0.2284251258739282 -0.2557862724278442
-0.2838407104197259 0.6658131421946041 -0.2537328362714277
-0.3567390408666151 0.2073479170329655 -0.9368317681970868
0.3510230856787323 -0.0551232807494369 -1.006852847230246
0.2465325663330845 -0.02811449110392107 -1.006852847230246
0.3351562327888833 0.04305475868409586 -1.006852847230246
0.4824252632089112 0.3620425933858179 -0.553271013524377
0.2825309917090338 0.2272396819784937 -0.6148765471452259
0.5184736189321405 0.2258152646655108 -0.752100160839642
0.6291395145416394 0.2803116190747517 -0.5147404467310023
0.429245243041762 0.1455087076674275 -0.5763459803518511
0.3931968873185327 0.2817360363877345 -0.3775168330365861
0.1933430021812158 0.3069993442550937 -0.2080236999149805
0.2951387493949076 0.2076433895840417 -0.2080236999149805
0.1117841364526662 0.06643614537045869 -0.1634050410043049
0.213579883666358 -0.03291980930059327 -0.1634050410043049
0.1649237702572548 0.1229038118141658 -0.3714287409192853
0.3004965696028948 -0.334828917651389 -1.001505505984666
0.1989500094589026 -0.3140980389672193 -1.001505505984666
0.2676767571141633 -0.236521577557683 -1.001505505984666
0.1631862377685155 -0.2095127879121672 -1.001505505984666
0.2352330188676942 -0.09038594355005945 -0.8083583532149108
0.4623843708725984 0.3774171594624087 -0.7167886725455364
0.2264417436494917 0.3788415767753915 -0.5795650588511203
0.2624900993727211 0.2426142480550845 -0.7783942061663853
0.3232890476411712 0.1330217246154212 -0.4293490210003345
0.3719451610502744 -0.02280189649933779 -0.221325321085354
0.2417301819126215 -0.1075414742692137 -0.3847303620896589
0.4700032989738994 0.05129075030435508 -0.3908184542069597
0.4418530007276359 0.1259124152729755 -0.1694931331216057
0.3889317692865307 -0.3039280069863355 -0.8633972183249939
0.5047218360975688 -0.268665344185713 -1.061891712340329
0.4722780978510998 -0.1225297101780894 -0.8687445595705741
-0.4235565573165842 0.01535392041205733 -0.7221084363096624
-0.2667874323219808 0.0732197674275134 -0.6133071980607494
-0.1731276166722303 -0.001961184391860632 -0.7077832020581493
-0.3433178912667244 0.07376044281282437 -0.8767081042520746
-0.186548766272121 0.1316262898282805 -0.7679068660031616
-0.4369777069164749 0.1489413946321984 -0.7822321002546746
-0.0499247189812858 -0.5902890847827714 -0.5995422816107244
0.09186570568925936 -0.5674397368896884 -0.6132664516069823
0.05122959059171293 -0.5275089754992123 -0.7705157919865493
0.1930200152622581 -0.5046596276061291 -0.7842399619828072
0.0507323807301264 -0.3345643496418648 -0.6320375015935059
-0.5335085806869131 -0.1549142559450509 -1.109243663444146
-0.4452913761863823 -0.2130688245293836 -1.109243663444146
-0.2898976280756382 -0.1406088982484327 -1.008292220153531
-0.4852904897775778 -0.1322869576882677 -0.9175358835976777
-0.378114832576169 -0.08245432966409991 -1.008292220153531
0.484502281672616 -0.7520823164255537 -0.1
0.3962815209252551 -0.8078453754174848 -0.1
0.3002785725836937 -0.5996590981368459 -0.2076007713653802
0.4039970516584381 -0.6578391265038001 -0.3076007713653802
0.3884993333310546 -0.5438960391449149 -0.2076007713653802
0.5561071408866625 0.1009032559405711 -0.7551887984847421
0.6667730364961613 0.155399610349812 -0.5178290843761022
0.2759910747998315 -0.1846039009131319 -0.6228308270700195
0.5130361537832371 -0.2167476675411619 -0.6832170334256826
0.3593374033644006 -0.003205604104885781 -0.6281781683155995
-0.2485112662071076 -0.2035721570679504 -0.8439648765249723
-0.09174214121250417 -0.1457063100524943 -0.7351636382760594
-0.2041805636798085 -0.1320482332180767 -0.6291084950767145
-0.2795642132146857 -0.3336592058941665 -0.7652901695435377
-0.3609496886744119 -0.1899140802335328 -0.7379097333256275
0.5420191418506562 -0.1146671091175204 -1.073582761217748
0.5261522889608072 -0.01648906968398763 -1.073582761217748
0.5095754036041872 0.03146852489010317 -0.8804356084479938
0.3686405026370948 -0.4056745352763578 -0.7563479258252747
0.4927448871338012 -0.3184941958311841 -0.5761677409259633
0.3540447813067073 -0.2735382053455597 -0.4289260924507343
0.4466942091439706 -0.4946088397087856 -0.5624431912059895
0.2299403968100009 -0.3607185447907334 -0.6091062773500456
0.5632323074634663 -0.2374750013788729 -0.5480505808791986
0.06854819710055195 0.4192562391885023 -0.1558282802257105
0.1216878309051406 0.4757239056322094 -0.363851980140691
-0.01468246747508488 0.1610376237614921 -0.1615885313095008
0.03845716632950373 0.2175052902051992 -0.3696122312244812
-0.08633763875116013 0.3297621851386078 -0.3174168115352113
-0.0431016993990459 -0.02305790867943578 -0.3249935723138057
-0.3062660899259094 -0.1208619465817162 -0.2145350975524331
-0.2270656253316454 -0.2547573894615854 -0.4450670931612737
-0.1296223934371363 -0.2634490160455547 -0.2305319956088406
-0.2906702780607415 -0.2886906988107953 -0.1651425534809223
-0.2114698134664775 -0.4225861416906645 -0.3956745490897629
-0.3881135099552506 -0.279999072226826 -0.3796776510333554
-0.1082766499335403 -0.5652754966843515 -0.8046829423733252
-0.007619550222128152 -0.3095507615434449 -0.8371781623561066
-0.1087738597951269 -0.372330870827004 -0.6662046519802818
0.5968651968187998 0.006685298577498715 -0.5696612723398506
0.1865653025409469 -0.6866356710705397 -0.144768135353712
0.2902837816156913 -0.7448156994374938 -0.244768135353712
0.1942808332741299 -0.5366294221568551 -0.3523689067190923
0.2710737217691339 -0.593593932038557 -0.5903352273635221
0.1287860872370022 -0.4234986540742925 -0.4381327669742208
-0.5728804941876344 0.3676609643971548 -0.421598913875214
-0.4928857912535316 0.3186952921815945 -0.2184880422922492
-0.7383164811775047 0.3659967316258212 -0.2031108715829648
-0.7249184262400468 0.2386556647326835 -0.3465351433021617
-0.6449237233059438 0.1896899925171232 -0.143424271719197
-0.4794877363160736 0.1913542252884568 -0.3619123140114462
-0.03339021026024962 -0.1707198981509142 -0.5300229775134587
-0.2212122822624312 -0.3586727939925864 -0.5601495087809369
-0.2100339067490227 -0.02813282868707572 -0.5140260794570513
-0.3668030317436261 -0.08599867570253178 -0.6228273177059642
-0.3978559787512043 -0.2160857245287479 -0.5441526107245295
-0.03831713583191663 0.514649311628202 -0.1558282802257105
-0.1215478004075534 0.2564306962011919 -0.1615885313095008
-0.6583614532619466 0.4663713171081734 -0.2232008906092567
-0.5904196740512121 0.5781324643391621 -0.2232008906092567
-0.4249440120427971 0.4304564394125832 -0.2184880422922492
-0.4929254662720763 0.468035549879507 -0.4416889329015058
-0.3019062977484136 0.1936664775485138 -0.7448693263379116
-0.05147735710405969 0.1763513727445958 -0.7305440920863986
-0.2216676316985538 0.2520729999492808 -0.8994689942803238
0.5827911273350272 -0.1384461986517949 -0.5885207428760934
0.5420330714028899 -0.04422824128872251 -0.7740482690209847
0.1175143798630362 -0.4782603932732929 -0.8892983624119685
0.6554414540033924 -0.4624752155795538 -0.2245232259092653
0.5241693863846746 -0.4810375048679919 -0.4321239972746455
0.4392661709355946 -0.4310905599347231 -0.2076007713653802
0.6310267663844107 -0.2594375785008308 -0.132821026945351
0.4997546987656929 -0.2779998677892689 -0.3404217983107313
0.7159299818334908 -0.3093845234340997 -0.3573442528546163
0.1150620721540888 0.2096858366611981 -0.5075146818195986
0.1918684838094555 -0.02075944942218139 -0.5208163029899722
0.1511104278773181 0.07345850794089104 -0.7063438291348636
-0.1555964218265152 -0.4012450084309814 -0.2305319956088406
-0.3166443064501203 -0.426486691196222 -0.1651425534809223
-0.1559283093328513 -0.5841663450672974 -0.5628976757692821
-0.2142802402851059 -0.5591527569688775 -0.7680383365318828
-0.09296339750221193 0.06372411616759652 -0.4610795132141189
0.06753981225931059 0.4289597443042404 -0.5108586774082734
-0.1404856573969901 0.2829980238106389 -0.4644235088027937
-0.06388075157240507 0.2751785702666378 -0.6023259593979111
-0.5149483708334168 -0.02991351570365844 -0.8832922201535311
-0.5631664617427521 -0.05254081396044164 -1.075
-0.5283695204333075 0.1036739585164826 -0.9434158840985434
-0.3915359821760597 0.05113314455604117 -1.068415884098544
0.3219419827702537 0.3456259059867103 -0.2080236999149805
0.06776409931274911 -0.1079397888673551 -0.7009964878892836
-0.3496554917499792 0.3235065534620836 -0.2184880422922492
-0.2070230133970769 0.3085788039092622 -0.6495411524740295
-0.1719041479706441 0.1881320937882618 -0.5179790241968674
-0.422333088614998 0.2054471985921797 -0.5323042584483804
0.04018710079390192 -0.614948489633492 -0.5270768716367731
0.2193951168737764 -0.6411026847823608 -0.5041456473933128
-0.3267186627524101 -0.5454946801344599 -0.6619831933325379
-0.04199186066221707 -0.5160269144584322 -0.9234655127987443
0.3946472449695086 0.4758044131523043 -0.557589806502805
0.374606352633196 0.4911789792288951 -0.7211074655239643
-0.5940450181733272 0.2715608968261013 -0.6522376279627341
-0.4991617338219905 0.3864732231868496 -0.5569094540988521
-0.3420944225651382 0.2638537209929468 -0.6869039263907926
-0.5138063521234674 0.3299674192268683 -0.8068372959051463
0.4853168489254251 -0.2549759160571216 -0.221325321085354
0.5458053767555235 -0.1018852239116674 -0.3541463480307051
-0.01509994967007092 -0.3524950490856054 -0.2305319956088406
0.3558433681941419 -0.163775536623999 -0.221325321085354
0.3097926902043112 -0.3398901805016005 -0.2076007713653802
-0.05725499282135327 0.5412166392376492 -0.4586632577190034
0.4686562341029819 0.2638949316756442 -0.1694931331216057
0.2791052102502988 -0.481818195544121 -0.2076007713653802
-0.3528485533611826 -0.5523552025906704 -0.1651425534809223
-0.2154667763922355 -0.4906833313035114 -0.1651425534809223
-0.1263059227004497 -0.6402442879079924 -0.144768135353712
0.01107585426849738 -0.5785724166208333 -0.144768135353712
-0.1459750674293498 -0.5357169097732269 -0.3099106888346344
-0.03743172464830649 -0.7082609213583134 -0.144768135353712
0.5171816294736358 -0.4135896452564745 -0.5343260311592247
-0.3169761939564565 -0.609408027832538 -0.4975082336413638
-0.3822601668860364 -0.383914476757827 -0.4947600666530187
0.03350320642553913 -0.03087736222343687 -0.462896022908923
0.5015532856531274 -0.1682371990677083 -0.132821026945351
-0.1516323496293552 -0.8357863535020749 -0.2362418101700305
-0.2603860184471958 -0.861894798135141 -0.1
-0.349260216499339 -0.79387816468482 -0.1
-0.2405065476814984 -0.7677697200517537 -0.2362418101700305
0.5702200643745052 -0.3049228609903905 -0.4458485469946193
0.05179346701571782 -0.2126525131581281 -0.1634050410043049
-0.06272897675134756 -0.1236064801180773 -0.1634050410043049
0.01647148784291641 -0.2575019229979466 -0.3939370366131454
0.2751242336756213 -0.4956526167419855 -0.7234592970269604
0.3531779401824972 -0.5845869211744134 -0.5295545624076753
-0.387035550897602 0.4855358286391653 -0.5819403507148927
-0.4016801691990789 0.4290300246791841 -0.8318681925211869
0.08446569055837264 -0.07483097442764425 -0.1634050410043049
-0.1099951160848346 -0.1629004446069132 -0.3921205269183413
-0.2866388125736077 -0.02031337514307463 -0.3761236288619338
0.6944504224156836 0.4549752581282453 -0.2216715422305015
0.6428630581149615 0.3542465519765544 -0.3911646753521072
0.5914985029519829 0.3007337682283593 -0.1694931331216057
0.4854083344146236 0.5039052404177367 -0.1327000823343334
0.4338209701139016 0.4031765342660457 -0.3021932154559391
0.5367728895776023 0.5574180241659317 -0.354371624564835
0.3188869214917452 -0.6449589610859153 -0.4292723135958708
0.2051736514489984 -0.7319355340196092 -0.3664396775842026
0.5182935666480829 -0.6718332307949748 -0.218133006969192
0.6010282175875293 -0.6591559834187941 -0.1
0.5690604042526228 -0.559027751584783 -0.218133006969192
0.6517950551920693 -0.5463505042086022 -0.1
0.06681340415804692 0.0487751249043205 -1.053130528726845
0.03614724126955132 0.1701488774793274 -1.053130528726845
0.1606625321327247 0.1168702064284119 -1.053130528726845
0.6241924716372472 -0.1165922130680604 -0.132821026945351
0.437788336633905 -0.5775900408732211 -0.4257337783345722
0.6880688695412658 0.5408176060754846 -0.1
0.5303913367031845 0.6432603721131711 -0.2327000823343335
-0.4604628473933766 -0.01081772388315776 -0.5283513137085643
0.5413614963022368 0.3940734388412381 -0.5190592397094302
-0.2485090537952291 0.1959515473322629 -0.38007657360175
-0.1652783892195923 0.4541701627592731 -0.3743163225179597
-0.2194264078654223 0.4074060014313042 -0.5213230197855421
-0.2790121544993629 0.5725823051175414 -0.6662872859159364
-0.2340710261668992 0.3509001974713228 -0.7712508615918363
-0.2601756924103984 -0.6632423419169884 -0.4013843636509528
-0.368929361228239 -0.6893507865500546 -0.2651425534809223
0.006840915884901513 0.03084264736616795 -0.7526215106314629
-0.1499282091097019 -0.02702319964928811 -0.8614227488803758
-0.06854273364997575 -0.1707683253099218 -0.8888031850982859
0.3625660655656226 0.4670664038650215 -0.1327000823343334
0.165391940207552 -0.5687947684778147 -0.144768135353712
-0.5016934238023915 0.1945012537976123 -0.143424271719197
-0.4783695204333075 0.1036739585164827 -1.068415884098544
0.1956795039227909 -0.2836561181468152 -0.3710058123696851
0.1641080664098036 -0.3786492442344741 -0.2076007713653802
0.05039479636705681 -0.4656258171681679 -0.144768135353712
0.08196623388004415 -0.370632691080509 -0.3081731763580169
-0.4031394651208294 0.6031832480334212 -0.1268664181357139
-0.4711209193501086 0.640762358500345 -0.3500673087449705
-0.3056452573416936 0.4930863335737661 -0.345354460427963
0.1176257974159151 -0.1947218137143874 -0.5649105469889703
0.1769901933949627 0.6036592869512454 -0.4946848934093998
0.05219538831429887 0.715916181884654 -0.4424894737201298
-0.001952630331531091 0.6691520205566851 -0.5894961709877122
-0.09912780778679325 -0.6380006591517478 -0.4667738057788711
0.01507281719425541 -0.5104752270079864 -0.3753001309625525
-0.03363306174966552 -0.7511314272343103 -0.3810099455237425
0.5959078501543869 0.6302207169416491 -0.1
0.3932473150277446 0.593308351283901 -0.1327000823343334
0.09096350687527753 -0.1330018041247825 -0.8546360347115101
0.1022630543406679 -0.07073035167864417 -1.053130528726845
0.1743098354398466 0.04839649268346356 -0.8599833759570901
-0.5749737317201018 0.2758275041849677 -0.500487574127559
-0.727011663772514 0.1468222045204964 -0.4254238035545068
0.2176142761903317 0.7250997848295566 -0.4193612758287528
0.2871067187811734 0.4849075085771119 -0.3407237822493139
0.1623119137005095 0.5971644035105206 -0.288528362560044
0.6246695922166129 -0.1822805128959655 -0.4584901682483256
-0.2004885508759856 0.3808386738218571 -0.2184880422922492
-0.1150805530572102 -0.895059822403629 -0.1
-0.1889759732421552 -0.8839218799039508 -0.05
-0.6698570160714385 0.1609151778242193 -0.595815747991441
-0.5743710206674102 0.07644189892770845 -0.4572404878753282
0.5063327872122461 0.1462524580118541 -0.8534262597398334
0.1056818468310297 -0.7280792577160545 -0.4413130113816446
0.01557002705584194 -0.7034198528653339 -0.5137784213555959
0.1023442591437635 0.2623789318068397 -1.031053110181781
-0.02217103171940988 0.3156576028577552 -1.031053110181781
-0.02827794954153127 0.1512893574871683 -0.8841836389086251
0.3138475565499418 -0.4771823434410535 -1.063267414005794
0.2667842373941643 -0.4348685448321398 -0.8647729199904591
-0.09899961699883786 0.3956252803876382 -0.7338880876750733
-0.04200091336937842 0.01977050396338914 -0.1615885313095008
0.1974780908102255 -0.1738934494252545 -0.1634050410043049
-0.05441889176863035 -0.4654416485382708 -0.2305319956088406
-0.1530417014347223 0.1172992933005914 -0.1615885313095008
0.1243275052024259 0.3643666328509483 -0.9715413589361399
0.2488427960655992 0.3110879618000328 -0.9715413589361399
0.05990231439134328 0.3455071128587893 -0.8025944691179202
0.1908867207964666 0.0004388981093727657 -1.053130528726845
0.7703795096755985 -0.1867421753396747 -0.3699858741083226
0.7346480302418552 -0.05365062233206681 -0.132821026945351
0.7350431555760686 0.06063238370036296 -0.132821026945351
0.6368520256265973 0.02413863053005563 -0.132821026945351
-0.4437143730375673 0.3319800582836619 -0.9433031556655234
-0.1142435643615166 -0.2041182870486378 -1.035672656371441
-0.1956290398212427 -0.06037316138800414 -1.008292220153531
-0.01566050726411089 -0.02756932962997555 -1.053130528726845
-0.6586081864831674 0.04526743611571558 -0.6638162161561312
-0.6690917539789987 -0.0661647769584895 -0.6004668577174297
-0.7086081864831674 0.04526743611571557 -0.5388162161561312
-0.4165897043161413 -0.7614539922549373 -0.05
-0.478334605245508 -0.7193570315967328 -0.1
-0.6064848853368263 -0.2714327776040796 -0.6162681547333948
-0.6123382284060405 -0.1675173730730786 -0.5011857391137315
-0.7330544424323124 -0.2256447760111693 -0.4145437777752206
-0.5244255358466904 -0.1702977229358375 -0.3424282337663552
-0.5185721927774761 -0.2742131274668386 -0.4575106493860185
-0.3278509448280116 0.4962333620829216 -0.1268664181357139
0.09502117981777607 0.2250604027377889 -0.6710323408407579
-0.3433923381465658 0.08103922097151449 -0.475404747465632
-0.2666087600310175 0.4737551075954994 -0.7945054186044239
-0.4546095043241624 -0.1147331284141588 -0.6434337293282275
0.4961488067822333 0.4359775262876205 -0.4296952421454819
-0.4261741563211856 -0.5472495292774717 -0.508585066553946
-0.4359166251171392 -0.4833361815793936 -0.6730600262451201
-0.4070624590525282 -0.6116385258696136 -0.3996700913154679
-0.2956634281015637 0.6062420203041379 -0.1268664181357139
-0.3270281528662417 0.01003556261248094 -1.008292220153531
-0.1470596203091099 0.04283939437050952 -1.053130528726845
-0.3404493024661324 0.143623036832622 -1.068415884098544
-0.1633493587095926 0.106564274570853 -0.9215464128253881
-0.5324009287597631 -0.3856117810648012 -0.6669936958889082
-0.6589704858552492 -0.3398237794718908 -0.465269318930734
0.6483644069458949 -0.05212429446110339 -0.4505011589363532
0.7182722466232565 0.09659001731120991 -0.3986689709726049
-0.390294109845967 -0.3390014823121698 -1.074887271567602
-0.4302932234371625 -0.2582196154710538 -0.8831794917211329
0.4486451010515702 0.2473964772852286 -0.8747875972788213
0.3925558529920281 0.3989983720821264 -0.8394761089847156
-0.208512152615912 -0.2843540239090664 -1.035672656371441
0.8833057962471651 0.07404395393370844 -0.1
0.8837009215813783 0.1883269599661382 -0.1
0.8401730602198189 0.02134768991039858 -0.232821026945351
-0.4447756722588702 -0.1760312267777534 -0.2145350975524331
-0.4291798603937023 -0.3438599790068325 -0.1651425534809223
0.6592410777944444 0.2138083579163855 -0.1694931331216057
0.7643709824381948 0.1745236641264211 -0.2694931331216057
0.615713216432885 0.04682908786064585 -0.3023141600669567
0.51765507850926 -0.02726355894304702 -0.132821026945351
-0.02588411252589436 0.08420317224965757 -1.053130528726845
-0.2192737946829169 0.1849868147117701 -1.068415884098544
0.1823248112643258 -0.4163969929847762 -1.001505505984666
0.002918734822479389 -0.8104048961358645 -0.244768135353712
0.8177245182010914 0.2466078901236276 -0.2286270327667055
0.8397699424200236 0.3307476964368302 -0.1
0.7204400032768401 0.3169444005971131 -0.2694931331216057
0.6983945790579078 0.2328045942839105 -0.3981201658883112
-0.1786840039540179 0.5535654824426951 -0.1268664181357139
-0.1434738422976246 0.6268969713801111 -0.2826946983614244
-0.7657628341842428 0.03117446281199265 -0.3684242717191969
-0.7262464016800741 -0.08025775026221242 -0.4300749132804954
0.5610499478449731 0.1773146047460782 -0.1694931331216057
0.7357535532283657 -0.4232060048819217 -0.1
0.7962420810584641 -0.2701153127364675 -0.232821026945351
0.0474989199229979 0.4443343103808313 -0.6743763364294327
0.262500417581569 0.5538398779711939 -0.5647455120315604
0.08355759385507516 0.6193326115766338 -0.6595567896098729
-0.619222298903725 -0.07023262897342697 -0.7171681720273261
-0.5566154302615527 -0.2755006296190171 -0.7329694690432913
0.7940743244048806 -0.05658595690481262 -0.3619968647963502
-0.5176174950944521 -0.02491069718688067 -0.3579593692716301
-0.3489077479774363 -0.4019647411316875 -0.9105599279390431
0.7720273675775621 0.417673106748804 -0.1
-0.4540727708130535 -0.472408916991276 -0.1651425534809223
-0.5993782362030385 -0.505573941259764 -0.2651425534809223
-0.6809333089260095 -0.5301550337951348 -0.1
-0.5903847967044933 -0.3627075677002875 -0.1278931362139221
-0.7356902620944783 -0.3958725919687754 -0.2278931362139221
-0.5088297239815225 -0.3381264751649166 -0.2930356896948444
0.2331276760790322 0.4398480494477733 -0.2080236999149805
0.1083328709983684 0.552104944381182 -0.1558282802257105
0.2095818917693496 0.4776129442316158 -0.9715413589361399
0.3031245003769379 0.6752803758495052 -0.4894218944509134
-0.001727076553775964 0.4907673145269386 -0.9188459666090839
0.06269811425730662 0.5096268345190975 -1.087792856427304
0.1447714603680598 0.5394763445201316 -0.8593342153634433
-0.5970144859080548 -0.5563507921664288 -0.2232008906095208
-0.515459413185084 -0.5317696996310579 -0.3883434440904431
0.06169228040520154 -0.5080816403094901 -1.087792856427303
0.09606459084529045 -0.3016054873945027 -1.001505505984666
-0.06344164967996282 -0.339372008579642 -1.035672656371441
-0.5589722046078061 0.06313456014799756 -0.143424271719197
-0.4069342725553938 0.1921398598124689 -0.2184880422922492
-0.3279935220869616 0.06773188219180361 -0.1615885313095008
-0.4005469858476414 0.06694624766779157 -0.3050128030286978
-0.6517714390765238 -0.4220683503400694 -0.3510940268234429
-0.1197238994502856 -0.4714713035937084 -1.035672656371441
-0.1614150052847992 -0.3789377843037016 -1.035672656371441
-0.1983111603875244 -0.5096394047779286 -0.8980837956520801
-0.2319824519031545 0.2417072709212567 -0.2184880422922492
-0.7327426556519718 -0.3191089962824925 -0.3316398971426122
-0.270714741281547 0.1990985758414183 -0.1615885313095008
-0.638333709120724 -0.08303810012497131 -0.2713174079331191
0.3202535647925454 0.7286730427842815 -0.3493789382400413
0.1097069798903957 0.7814543563737208 -0.2558282802257105
0.03830180937891633 0.7542618402390016 -0.3508438563702584
0.2751258677664286 0.7906379593186232 -0.2327000823343335
0.2037206972549492 0.7634454431839039 -0.3277156584788813
0.2424595252452563 0.5692144440477848 -0.7282631710527198
0.5411268151688404 0.6810500892902043 -0.05
0.4756103017176381 0.6940897444617263 -0.1827000823343334
-0.8556758800907218 -0.1289723872867792 -0.05000000000000001
-0.8612604669781574 -0.05445125419869257 -0.1
-0.6838313419146386 -0.1686638171356565 -0.1278931362139221
-0.8225708749364811 -0.1142125629369642 -0.2278931362139221
-0.8169862880490455 -0.1887336960250508 -0.1778931362139221
-0.005801101671348029 -0.8687977348150195 -0.1
0.06892899191507607 -0.8687977348150195 -0.05000000000000001
0.0776488284089035 -0.8104048961358645 -0.194768135353712
0.07184772673755573 -0.6819988337697038 -0.144768135353712
0.03514140741744286 -0.1628230511609797 -1.053130528726845
-0.6192606861632979 0.1615974493938301 -0.7164418923180931
-0.539022020113438 0.2200039717945971 -0.8710415602605053
-0.565491886285142 -0.234158629715844 -0.1278931362139221
0.7285010447940128 -0.1429078610955042 -0.5000164487360903
-0.8069472920147713 0.3058931169105826 -0.1
-0.7935492370773132 0.178552050017445 -0.243424271719197
-0.6086081864831674 0.0452674361157156 -0.7888162161561312
0.1428244121000214 -0.8576597923153413 -0.1
0.1515442485938489 -0.7992669536361863 -0.244768135353712
-0.3815853984899829 0.5517849196476793 -0.4481705789238503
-0.2735620020917438 0.6388313961260553 -0.532517514124894
-0.3597808515680151 0.7245117282685173 -0.356548954767315
-0.1976218609434546 0.5801328100521421 -0.4297013956290068
-0.5255624832539745 -0.145413580792801 -0.8116441760247259
-0.497089828960842 0.2068564107291904 -0.9809000129335752
0.3263822622803252 0.4131596608731405 -1.07615989881748
0.283940317527905 0.49628784192509 -0.8477012577536198
-0.5795588226973789 -0.6394107459973384 -0.1
-0.498003749974408 -0.6148296534619675 -0.2651425534809223
-0.08420238551485557 0.2297118976280854 -1.031053110181781
0.3049320441251413 0.1594860670031349 -1.006852847230246
0.4349977977444482 0.3158701910301769 -1.067934750048576
0.1182205873803045 0.1999983874803614 -0.8246718876629845
-0.5729640108403331 0.6611924181701342 -0.1
-0.4536652561392295 0.7238223123313171 -0.2268664181357139
-0.5163434367851559 -0.2623740065144838 -0.8388611766162428
0.2737517588744012 0.5612885473260845 -0.1327000823343334
-0.4450640313337724 -0.02412506266286864 -0.2145350975524331
0.3321880625820444 0.8338533892350366 -0.05
0.2607780173770042 0.8558804710038463 -0.1
0.3465359129714688 0.7686108775498136 -0.1827000823343334
0.313382951187118 0.6715905181406461 -0.1327000823343334
-0.7698391810148141 0.1292029527878424 -0.3320809934473761
0.07553707074811597 0.8265860966431644 -0.1950155761445479
0.1469422412595954 0.8537786127778837 -0.1
0.03412828719367633 0.660305056969781 -0.1558282802257105
0.774196656839532 0.07962862006788797 -0.3614480597120565
0.4352713277648776 0.5972449110306155 -0.4822661889221579
-0.5657802453600443 -0.08225246560095928 -0.1278931362139221
-0.8822834258832983 0.05668039200957888 -0.1
-0.8766884120505043 0.1312706705517918 -0.05000000000000001
-0.6980462600675412 0.08785485482157177 -0.143424271719197
-0.8101678203514489 0.1057647413542055 -0.193424271719197
-0.8157628341842429 0.03117446281199264 -0.243424271719197
-0.1581873304913139 0.4848399869513448 -0.8922616466068415
-0.1705907249596593 0.5836671844733867 -0.764043513918354
-0.1891955806790986 -0.02900500172704396 -0.1615885313095008
-0.3655795630420399 0.1040946024775906 -0.4330231398446823
0.8299832687523141 -0.3292664869617311 -0.1
0.7252564819083591 -0.1654980605806402 -0.132821026945351
-0.4613461704447406 -0.3883066642972699 -0.8045047847396982
-0.7725708749364811 -0.1142125629369642 -0.352893136213922
-0.1523104800199971 0.3105065863573025 -1.031053110181781
-0.2137175352845934 0.3952942012008946 -1.031053110181781
-0.2873818891880585 0.2657815034409872 -1.068415884098544
-0.3487889444526547 0.3505691182845793 -1.068415884098544
0.4505722189439467 0.1173008759153624 -1.006852847230246
-0.1254987002348689 0.8597128298042164 -0.1
-0.199394120419814 0.8485748873045381 -0.05
-0.25318082218802 0.8203705271882139 -0.1768664181357139
-0.23005400865152 0.6940175023109283 -0.1268664181357139
-0.1792854020030748 0.8315084696878922 -0.2268664181357139
-0.1875455219321847 0.6364903861851496 -0.6253701942576489
-0.2737643714084561 0.7221707183276116 -0.4494016349000699
-0.7761335133710752 -0.210652995950791 -0.3186373833070066
-0.7743798541361544 -0.4556339007070472 -0.1
-0.6838313419146383 -0.2881864346121999 -0.1278931362139221
0.1995471750697091 0.6694886599146835 -0.1327000823343334
0.8888903831346007 -0.0004771791543784105 -0.05
0.8457576471072545 -0.05317344317768827 -0.182821026945351
-0.01413047102212135 0.5895945120489805 -0.7906278339205964
-0.07945911534184372 0.4462117036622142 -1.031053110181781
0.2575419879034127 -0.8622966296161771 -0.1
-0.00168327251177388 0.8649165552775622 -0.1
-0.03891853388097351 0.7925922988733991 -0.2558282802257105
-0.8600698287763687 0.2040579792150312 -0.1
0.444738392854109 0.6626718788809554 -0.3421729008541765
-0.8117449009293667 -0.3909157412340151 -0.05
-0.7730553088876906 -0.3311544324957433 -0.1778931362139221
-0.2932587396593753 0.4401149040350294 -0.9296244205236045
0.857285237694175 -0.2597022046084041 -0.05
0.8235440500003248 -0.2005510303831405 -0.182821026945351
-0.08968714052941867 0.6551013314964353 -0.1558282802257105
0.08104619567444021 0.5899897842956031 -0.7377767459142349
-0.07785573571574092 0.640107951824452 -0.669070364471388
-0.5252018819810377 -0.4678563519329798 -0.5528184037816172
-0.6770233011624003 -0.02327679138669968 -0.143424271719197
0.08412717448932261 -0.770999247125942 -0.3415567531485068
-0.4495022498713774 0.7852278364747591 -0.05
-0.5112471508007442 0.7431308758165548 -0.1
-0.3919203552098627 0.7659192729895214 -0.1768664181357139
-0.3414226050812406 0.6851217056798418 -0.1268664181357139
-0.1308680450669518 0.6872001051205396 -0.536963648821875
-0.2170868945432232 0.7728804372630016 -0.3609950894642959
-0.2539823193930363 -0.4205538011323897 -1.035672656371441
0.4793819142394736 0.7231470499484088 -0.1
0.4138654007882713 0.7361867051199309 -0.2327000823343335
-0.8390468698712279 -0.2018288414041444 -0.1
-0.8003572778295516 -0.261590150142416 -0.2278931362139221
0.3995175503988469 0.8014292168051539 -0.1
-0.4808000905603593 0.143131530528847 -1.112484128835032
0.6983885064351536 -0.4879241643549535 -0.05
0.792618221959102 -0.3939846464347629 -0.05
-0.1926003749249421 -0.5412599063530461 -1.062411139280639
-0.07672002642112187 0.7339642664485087 -0.3899569515542926
0.8401730602198187 -0.1276945762657756 -0.232821026945351
-0.3245908673930603 0.7983434454194043 -0.2268664181357139
-0.3107495828548287 -0.495981327943511 -0.7920286524527351
-0.8390468698712277 -0.3213514588806878 -0.1
-0.6743384970689638 0.5519367059679303 -0.1
-0.6277450458258795 0.610363045821579 -0.05
0.7346623207843499 0.482391266221836 -0.05
-0.04035045947078614 -0.895059822403629 -0.05000000000000001
0.883305796247165 -0.07499831224246571 -0.1
-0.6343398576829252 -0.5885813736487833 -0.05000000000000001
-0.7796453230729103 0.3754573992639096 -0.05
0.8739142479136689 -0.1868457504910391 -0.1
0.07304682107465045 0.8649165552775621 -0.05
-0.7422802762796983 0.4401755587369416 -0.1
0.546247182601983 -0.7099853557673492 -0.05
-0.4440063281292706 0.243090910129613 -1.068415884098544
0.3289520331084532 -0.8402695478473674 -0.05
-0.2708041656248543 0.8265478055357285 -0.1
0.8670719113618844 0.2611834140835032 -0.05
-0.382172762054575 0.817652008904642 -0.1
0.2229542937988894 -0.7772398718673764 -0.194768135353712
$EndNodes
$Elements
5 6920 1 6920
2 1 2 336
1 2 140 45 
2 140 141 45 
3 140 120 141 
4 45 141 1 
5 1 142 45 
6 142 143 45 
7 142 138 143 
8 45 143 2 
9 1 141 4 
10 141 144 4 
11 141 120 144 
12 4 144 5 
13 43 145 44 
14 145 142 44 
15 145 138 142 
16 44 142 1 
17 47 146 46 
18 146 140 46 
19 146 120 140 
20 46 140 2 
21 2 143 86 
22 143 147 86 
23 143 138 147 
24 86 147 85 
25 5 148 6 
26 148 149 6 
27 148 128 149 
28 6 149 7 
29 5 144 150 
30 144 146 150 
31 144 120 146 
32 150 146 47 
33 47 151 150 
34 151 148 150 
35 151 128 148 
36 150 148 5 
37 7 152 8 
38 152 153 8 
39 152 129 153 
40 8 153 9 
41 7 149 155 
42 149 154 155 
43 149 128 154 
44 155 154 49 
45 49 156 155 
46 156 152 155 
47 156 129 152 
48 155 152 7 
49 9 157 10 
50 157 158 10 
51 157 130 158 
52 10 158 11 
53 9 153 160 
54 153 159 160 
55 153 129 159 
56 160 159 51 
57 51 161 160 
58 161 157 160 
59 161 130 157 
60 160 157 9 
61 11 162 12 
62 162 163 12 
63 162 123 163 
64 12 163 13 
65 53 164 165 
66 164 162 165 
67 164 123 162 
68 165 162 11 
69 11 158 165 
70 158 166 165 
71 158 130 166 
72 165 166 53 
73 13 167 14 
74 167 168 14 
75 167 132 168 
76 14 168 15 
77 13 163 170 
78 163 169 170 
79 163 123 169 
80 170 169 55 
81 55 171 170 
82 171 167 170 
83 171 132 167 
84 170 167 13 
85 15 172 16 
86 172 173 16 
87 172 133 173 
88 16 173 17 
89 15 168 175 
90 168 174 175 
91 168 132 174 
92 175 174 57 
93 57 176 175 
94 176 172 175 
95 176 133 172 
96 175 172 15 
97 17 177 18 
98 177 178 18 
99 177 124 178 
100 18 178 19 
101 59 179 180 
102 179 177 180 
103 179 124 177 
104 180 177 17 
105 17 173 180 
106 173 181 180 
107 173 133 181 
108 180 181 59 
109 19 182 20 
110 182 183 20 
111 182 134 183 
112 20 183 21 
113 19 178 185 
114 178 184 185 
115 178 124 184 
116 185 184 61 
117 61 186 185 
118 186 182 185 
119 186 134 182 
120 185 182 19 
121 21 187 22 
122 187 188 22 
123 187 127 188 
124 22 188 23 
125 63 189 190 
126 189 187 190 
127 189 127 187 
128 190 187 21 
129 21 183 190 
130 183 191 190 
131 183 134 191 
132 190 191 63 
133 23 192 24 
134 192 193 24 
135 192 139 193 
136 24 193 25 
137 23 188 195 
138 188 194 195 
139 188 127 194 
140 195 194 65 
141 65 196 195 
142 196 192 195 
143 196 139 192 
144 195 192 23 
145 25 197 26 
146 197 198 26 
147 197 121 198 
148 26 198 27 
149 67 199 200 
150 199 197 200 
151 199 121 197 
152 200 197 25 
153 25 193 200 
154 193 201 200 
155 193 139 201 
156 200 201 67 
157 27 202 28 
158 202 203 28 
159 202 131 203 
160 28 203 29 
161 27 198 205 
162 198 204 205 
163 198 121 204 
164 205 204 69 
165 69 206 205 
166 206 202 205 
167 206 131 202 
168 205 202 27 
169 29 207 30 
170 207 208 30 
171 207 125 208 
172 30 208 31 
173 71 209 210 
174 209 207 210 
175 209 125 207 
176 210 207 29 
177 29 203 210 
178 203 211 210 
179 203 131 211 
180 210 211 71 
181 31 212 32 
182 212 213 32 
183 212 135 213 
184 32 213 33 
185 31 208 215 
186 208 214 215 
187 208 125 214 
188 215 214 73 
189 73 216 215 
190 216 212 215 
191 216 135 212 
192 215 212 31 
193 33 217 34 
194 217 218 34 
195 217 122 218 
196 34 218 35 
197 75 219 220 
198 219 217 220 
199 219 122 217 
200 220 217 33 
201 33 213 220 
202 213 221 220 
203 213 135 221 
204 220 221 75 
205 35 222 36 
206 222 223 36 
207 222 126 223 
208 36 223 37 
209 35 218 225 
210 218 224 225 
211 218 122 224 
212 225 224 77 
213 77 226 225 
214 226 222 225 
215 226 126 222 
216 225 222 35 
217 37 227 38 
218 227 228 38 
219 227 136 228 
220 38 228 39 
221 37 223 230 
222 223 229 230 
223 223 126 229 
224 230 229 79 
225 79 231 230 
226 231 227 230 
227 231 136 227 
228 230 227 37 
229 39 232 40 
230 232 233 40 
231 232 137 233 
232 40 233 41 
233 39 228 235 
234 228 234 235 
235 228 136 234 
236 235 234 81 
237 81 236 235 
238 236 232 235 
239 236 137 232 
240 235 232 39 
241 41 237 42 
242 237 238 42 
243 237 119 238 
244 42 238 43 
245 83 239 240 
246 239 237 240 
247 239 119 237 
248 240 237 41 
249 41 233 240 
250 233 241 240 
251 233 137 241 
252 240 241 83 
253 43 238 243 
254 238 242 243 
255 238 119 242 
256 243 242 85 
257 85 147 243 
258 147 145 243 
259 147 138 145 
260 243 145 43 
261 49 154 48 
262 154 151 48 
263 154 128 151 
264 48 151 47 
265 51 159 50 
266 159 156 50 
267 159 129 156 
268 50 156 49 
269 53 166 52 
270 166 161 52 
271 166 130 161 
272 52 161 51 
273 55 169 54 
274 169 164 54 
275 169 123 164 
276 54 164 53 
277 57 174 56 
278 174 171 56 
279 174 132 171 
280 56 171 55 
281 59 181 58 
282 181 176 58 
283 181 133 176 
284 58 176 57 
285 61 184 60 
286 184 179 60 
287 184 124 179 
288 60 179 59 
289 63 191 62 
290 191 186 62 
291 191 134 186 
292 62 186 61 
293 65 194 64 
294 194 189 64 
295 194 127 189 
296 64 189 63 
297 67 201 66 
298 201 196 66 
299 201 139 196 
300 66 196 65 
301 69 204 68 
302 204 199 68 
303 204 121 199 
304 68 199 67 
305 71 211 70 
306 211 206 70 
307 211 131 206 
308 70 206 69 
309 73 214 72 
310 214 209 72 
311 214 125 209 
312 72 209 71 
313 75 221 74 
314 221 216 74 
315 221 135 216 
316 74 216 73 
317 77 224 76 
318 224 219 76 
319 224 122 219 
320 76 219 75 
321 79 229 78 
322 229 226 78 
323 229 126 226 
324 78 226 77 
325 81 234 80 
326 234 231 80 
327 234 136 231 
328 80 231 79 
329 83 241 82 
330 241 236 82 
331 241 137 236 
332 82 236 81 
333 85 242 84 
334 242 239 84 
335 242 119 239 
336 84 239 83 
2 2 2 624
337 5 302 4 
338 302 303 4 
339 302 298 303 
340 4 303 1 
341 1 304 44 
342 304 305 44 
343 304 299 305 
344 44 305 43 
345 1 303 112 
346 303 306 112 
347 303 298 306 
348 112 306 113 
349 113 307 112 
350 307 304 112 
351 307 299 304 
352 112 304 1 
353 3 308 87 
354 308 309 87 
355 308 293 309 
356 87 309 88 
357 110 310 111 
358 310 311 111 
359 310 292 311 
360 111 311 3 
361 3 311 118 
362 311 312 118 
363 311 292 312 
364 118 312 117 
365 117 313 118 
366 313 308 118 
367 313 293 308 
368 118 308 3 
369 7 314 6 
370 314 315 6 
371 314 289 315 
372 6 315 5 
373 289 316 315 
374 316 302 315 
375 316 298 302 
376 315 302 5 
377 9 317 8 
378 317 318 8 
379 317 259 318 
380 8 318 7 
381 259 319 318 
382 319 314 318 
383 319 289 314 
384 318 314 7 
385 11 320 10 
386 320 321 10 
387 320 283 321 
388 10 321 9 
389 9 321 317 
390 321 322 317 
391 321 283 322 
392 317 322 259 
393 13 323 12 
394 323 324 12 
395 323 253 324 
396 12 324 11 
397 253 325 324 
398 325 320 324 
399 325 283 320 
400 324 320 11 
401 15 326 14 
402 326 327 14 
403 326 287 327 
404 14 327 13 
405 13 327 323 
406 327 328 323 
407 327 287 328 
408 323 328 253 
409 17 329 16 
410 329 330 16 
411 329 255 330 
412 16 330 15 
413 255 331 330 
414 331 326 330 
415 331 287 326 
416 330 326 15 
417 19 332 18 
418 332 333 18 
419 332 285 333 
420 18 333 17 
421 17 333 329 
422 333 334 329 
423 333 285 334 
424 329 334 255 
425 21 335 20 
426 335 336 20 
427 335 250 336 
428 20 336 19 
429 250 337 336 
430 337 332 336 
431 337 285 332 
432 336 332 19 
433 23 338 22 
434 338 339 22 
435 338 284 339 
436 22 339 21 
437 21 339 335 
438 339 340 335 
439 339 284 340 
440 335 340 250 
441 25 341 24 
442 341 342 24 
443 341 261 342 
444 24 342 23 
445 261 343 342 
446 343 338 342 
447 343 284 338 
448 342 338 23 
449 27 344 26 
450 344 345 26 
451 344 281 345 
452 26 345 25 
453 25 345 341 
454 345 346 341 
455 345 281 346 
456 341 346 261 
457 29 347 28 
458 347 348 28 
459 347 249 348 
460 28 348 27 
461 249 349 348 
462 349 344 348 
463 349 281 344 
464 348 344 27 
465 31 350 30 
466 350 351 30 
467 350 286 351 
468 30 351 29 
469 29 351 347 
470 351 352 347 
471 351 286 352 
472 347 352 249 
473 33 353 32 
474 353 354 32 
475 353 257 354 
476 32 354 31 
477 257 355 354 
478 355 350 354 
479 355 286 350 
480 354 350 31 
481 35 356 34 
482 356 357 34 
483 356 288 357 
484 34 357 33 
485 33 357 353 
486 357 358 353 
487 357 288 358 
488 353 358 257 
489 37 359 36 
490 359 360 36 
491 359 251 360 
492 36 360 35 
493 251 361 360 
494 361 356 360 
495 361 288 356 
496 360 356 35 
497 39 362 38 
498 362 363 38 
499 362 282 363 
500 38 363 37 
501 37 363 359 
502 363 364 359 
503 363 282 364 
504 359 364 251 
505 41 365 40 
506 365 366 40 
507 365 260 366 
508 40 366 39 
509 260 367 366 
510 367 362 366 
511 367 282 362 
512 366 362 39 
513 43 368 42 
514 368 369 42 
515 368 290 369 
516 42 369 41 
517 41 369 365 
518 369 370 365 
519 369 290 370 
520 365 370 260 
521 43 305 368 
522 305 371 368 
523 305 299 371 
524 368 371 290 
525 88 372 89 
526 372 373 89 
527 372 245 373 
528 89 373 90 
529 88 309 372 
530 309 374 372 
531 309 293 374 
532 372 374 245 
533 90 375 91 
534 375 376 91 
535 375 254 376 
536 91 376 92 
537 245 377 373 
538 377 375 373 
539 377 254 375 
540 373 375 90 
541 92 378 93 
542 378 379 93 
543 378 247 379 
544 93 379 94 
545 92 376 378 
546 376 380 378 
547 376 254 380 
548 378 380 247 
549 94 381 95 
550 381 382 95 
551 381 256 382 
552 95 382 96 
553 247 383 379 
554 383 381 379 
555 383 256 381 
556 379 381 94 
557 96 384 97 
558 384 385 97 
559 384 263 385 
560 97 385 98 
561 256 386 382 
562 386 384 382 
563 386 263 384 
564 382 384 96 
565 98 387 99 
566 387 388 99 
567 387 244 388 
568 99 388 100 
569 98 389 387 
570 389 390 387 
571 389 296 390 
572 387 390 244 
573 263 391 385 
574 391 389 385 
575 391 296 389 
576 385 389 98 
577 100 392 101 
578 392 393 101 
579 392 262 393 
580 101 393 102 
581 244 394 388 
582 394 392 388 
583 394 262 392 
584 388 392 100 
585 102 395 103 
586 395 396 103 
587 395 258 396 
588 103 396 104 
589 102 393 395 
590 393 397 395 
591 393 262 397 
592 395 397 258 
593 104 398 105 
594 398 399 105 
595 398 248 399 
596 105 399 106 
597 104 396 398 
598 396 400 398 
599 396 258 400 
600 398 400 248 
601 106 401 107 
602 401 402 107 
603 401 252 402 
604 107 402 108 
605 248 403 399 
606 403 401 399 
607 403 252 401 
608 399 401 106 
609 108 404 109 
610 404 405 109 
611 404 246 405 
612 109 405 110 
613 108 402 404 
614 402 406 404 
615 402 252 406 
616 404 406 246 
617 246 407 405 
618 407 310 405 
619 407 292 310 
620 405 310 110 
621 113 408 114 
622 408 409 114 
623 408 264 409 
624 114 409 115 
625 115 410 114 
626 410 411 114 
627 410 265 411 
628 114 411 113 
629 113 306 408 
630 306 412 408 
631 306 298 412 
632 408 412 264 
633 265 413 411 
634 413 307 411 
635 413 299 307 
636 411 307 113 
637 117 414 116 
638 414 415 116 
639 414 278 415 
640 116 415 115 
641 115 416 116 
642 416 417 116 
643 416 279 417 
644 116 417 117 
645 264 418 409 
646 418 416 409 
647 418 279 416 
648 409 416 115 
649 115 415 410 
650 415 419 410 
651 415 278 419 
652 410 419 265 
653 117 312 414 
654 312 420 414 
655 312 292 420 
656 414 420 278 
657 279 421 417 
658 421 313 417 
659 421 293 313 
660 417 313 117 
661 244 422 394 
662 422 423 394 
663 422 266 423 
664 394 423 262 
665 244 424 422 
666 424 425 422 
667 424 273 425 
668 422 425 266 
669 244 390 424 
670 390 426 424 
671 390 296 426 
672 424 426 273 
673 245 427 377 
674 427 428 377 
675 427 268 428 
676 377 428 254 
677 245 429 427 
678 429 430 427 
679 429 275 430 
680 427 430 268 
681 245 431 429 
682 431 432 429 
683 431 279 432 
684 429 432 275 
685 245 374 431 
686 374 421 431 
687 374 293 421 
688 431 421 279 
689 252 433 406 
690 433 434 406 
691 433 267 434 
692 406 434 246 
693 267 435 434 
694 435 436 434 
695 435 274 436 
696 434 436 246 
697 274 437 436 
698 437 438 436 
699 437 278 438 
700 436 438 246 
701 278 420 438 
702 420 407 438 
703 420 292 407 
704 438 407 246 
705 254 439 380 
706 439 440 380 
707 439 271 440 
708 380 440 247 
709 247 441 383 
710 441 442 383 
711 441 276 442 
712 383 442 256 
713 271 443 440 
714 443 441 440 
715 443 276 441 
716 440 441 247 
717 248 444 403 
718 444 445 403 
719 444 272 445 
720 403 445 252 
721 258 446 400 
722 446 447 400 
723 446 277 447 
724 400 447 248 
725 248 447 444 
726 447 448 444 
727 447 277 448 
728 444 448 272 
729 249 352 450 
730 352 449 450 
731 352 286 449 
732 450 449 270 
733 270 451 450 
734 451 452 450 
735 451 297 452 
736 450 452 249 
737 249 452 349 
738 452 453 349 
739 452 297 453 
740 349 453 281 
741 250 454 456 
742 454 455 456 
743 454 280 455 
744 456 455 269 
745 269 457 456 
746 457 337 456 
747 457 285 337 
748 456 337 250 
749 250 340 454 
750 340 458 454 
751 340 284 458 
752 454 458 280 
753 251 459 461 
754 459 460 461 
755 459 295 460 
756 461 460 272 
757 272 462 461 
758 462 463 461 
759 462 300 463 
760 461 463 251 
761 282 464 364 
762 464 459 364 
763 464 295 459 
764 364 459 251 
765 251 463 361 
766 463 465 361 
767 463 300 465 
768 361 465 288 
769 252 466 433 
770 466 467 433 
771 466 295 467 
772 433 467 267 
773 272 460 445 
774 460 466 445 
775 460 295 466 
776 445 466 252 
777 271 468 470 
778 468 469 470 
779 468 294 469 
780 470 469 253 
781 253 471 470 
782 471 472 470 
783 471 301 472 
784 470 472 271 
785 253 469 325 
786 469 473 325 
787 469 294 473 
788 325 473 283 
789 287 474 328 
790 474 471 328 
791 474 301 471 
792 328 471 253 
793 268 475 428 
794 475 476 428 
795 475 294 476 
796 428 476 254 
797 254 476 439 
798 476 468 439 
799 476 294 468 
800 439 468 271 
801 255 334 478 
802 334 477 478 
803 334 285 477 
804 478 477 276 
805 276 479 478 
806 479 480 478 
807 479 301 480 
808 478 480 255 
809 255 480 331 
810 480 474 331 
811 480 301 474 
812 331 474 287 
813 256 481 386 
814 481 482 386 
815 481 269 482 
816 386 482 263 
817 256 442 481 
818 442 483 481 
819 442 276 483 
820 481 483 269 
821 257 484 355 
822 484 485 355 
823 484 291 485 
824 355 485 286 
825 288 465 358 
826 465 486 358 
827 465 300 486 
828 358 486 257 
829 257 486 484 
830 486 487 484 
831 486 300 487 
832 484 487 291 
833 262 488 397 
834 488 489 397 
835 488 270 489 
836 397 489 258 
837 270 490 489 
838 490 491 489 
839 490 291 491 
840 489 491 258 
841 258 491 446 
842 491 492 446 
843 491 291 492 
844 446 492 277 
845 268 430 494 
846 430 493 494 
847 430 275 493 
848 494 493 259 
849 259 322 494 
850 322 495 494 
851 322 283 495 
852 494 495 268 
853 275 496 493 
854 496 319 493 
855 496 289 319 
856 493 319 259 
857 260 497 498 
858 497 435 498 
859 497 274 435 
860 498 435 267 
861 267 499 498 
862 499 367 498 
863 499 282 367 
864 498 367 260 
865 260 370 497 
866 370 500 497 
867 370 290 500 
868 497 500 274 
869 266 425 502 
870 425 501 502 
871 425 273 501 
872 502 501 261 
873 261 346 502 
874 346 503 502 
875 346 281 503 
876 502 503 266 
877 273 504 501 
878 504 343 501 
879 504 284 343 
880 501 343 261 
881 266 505 423 
882 505 506 423 
883 505 297 506 
884 423 506 262 
885 262 506 488 
886 506 451 488 
887 506 297 451 
888 488 451 270 
889 269 455 482 
890 455 507 482 
891 455 280 507 
892 482 507 263 
893 280 508 507 
894 508 391 507 
895 508 296 391 
896 507 391 263 
897 275 432 509 
898 432 418 509 
899 432 279 418 
900 509 418 264 
901 264 510 509 
902 510 496 509 
903 510 289 496 
904 509 496 275 
905 264 412 510 
906 412 316 510 
907 412 298 316 
908 510 316 289 
909 265 419 511 
910 419 437 511 
911 419 278 437 
912 511 437 274 
913 274 500 511 
914 500 512 511 
915 500 290 512 
916 511 512 265 
917 290 371 512 
918 371 413 512 
919 371 299 413 
920 512 413 265 
921 281 453 503 
922 453 505 503 
923 453 297 505 
924 503 505 266 
925 267 467 499 
926 467 464 499 
927 467 295 464 
928 499 464 282 
929 283 473 495 
930 473 475 495 
931 473 294 475 
932 495 475 268 
933 276 477 483 
934 477 457 483 
935 477 285 457 
936 483 457 269 
937 286 485 449 
938 485 490 449 
939 485 291 490 
940 449 490 270 
941 271 472 443 
942 472 479 443 
943 472 301 479 
944 443 479 276 
945 277 513 448 
946 513 462 448 
947 513 300 462 
948 448 462 272 
949 280 458 514 
950 458 504 514 
951 458 284 504 
952 514 504 273 
953 273 426 514 
954 426 508 514 
955 426 296 508 
956 514 508 280 
957 291 487 492 
958 487 513 492 
959 487 300 513 
960 492 513 277 
2 3 2 396
961 47 46 556 
962 46 555 556 
963 46 2 555 
964 556 555 545 
965 2 86 558 
966 86 557 558 
967 86 85 557 
968 558 557 516 
969 2 558 555 
970 558 559 555 
971 558 516 559 
972 555 559 545 
973 49 48 561 
974 48 560 561 
975 48 47 560 
976 561 560 522 
977 522 560 562 
978 560 556 562 
979 560 47 556 
980 562 556 545 
981 51 50 564 
982 50 563 564 
983 50 49 563 
984 564 563 539 
985 49 561 563 
986 561 565 563 
987 561 522 565 
988 563 565 539 
989 53 52 567 
990 52 566 567 
991 52 51 566 
992 567 566 554 
993 51 564 566 
994 564 568 566 
995 564 539 568 
996 566 568 554 
997 55 54 570 
998 54 569 570 
999 54 53 569 
1000 570 569 517 
1001 517 569 571 
1002 569 567 571 
1003 569 53 567 
1004 571 567 554 
1005 57 56 573 
1006 56 572 573 
1007 56 55 572 
1008 573 572 542 
1009 55 570 572 
1010 570 574 572 
1011 570 517 574 
1012 572 574 542 
1013 59 58 576 
1014 58 575 576 
1015 58 57 575 
1016 576 575 549 
1017 57 573 575 
1018 573 577 575 
1019 573 542 577 
1020 575 577 549 
1021 61 60 579 
1022 60 578 579 
1023 60 59 578 
1024 579 578 519 
1025 519 578 580 
1026 578 576 580 
1027 578 59 576 
1028 580 576 549 
1029 63 62 582 
1030 62 581 582 
1031 62 61 581 
1032 582 581 541 
1033 61 579 581 
1034 579 583 581 
1035 579 519 583 
1036 581 583 541 
1037 65 64 585 
1038 64 584 585 
1039 64 63 584 
1040 585 584 553 
1041 63 582 584 
1042 582 586 584 
1043 582 541 586 
1044 584 586 553 
1045 67 66 588 
1046 66 587 588 
1047 66 65 587 
1048 588 587 515 
1049 515 587 589 
1050 587 585 589 
1051 587 65 585 
1052 589 585 553 
1053 69 68 591 
1054 68 590 591 
1055 68 67 590 
1056 591 590 546 
1057 67 588 590 
1058 588 592 590 
1059 588 515 592 
1060 590 592 546 
1061 71 70 594 
1062 70 593 594 
1063 70 69 593 
1064 594 593 521 
1065 521 593 595 
1066 593 591 595 
1067 593 69 591 
1068 595 591 546 
1069 73 72 597 
1070 72 596 597 
1071 72 71 596 
1072 597 596 544 
1073 71 594 596 
1074 594 598 596 
1075 594 521 598 
1076 596 598 544 
1077 75 74 600 
1078 74 599 600 
1079 74 73 599 
1080 600 599 548 
1081 73 597 599 
1082 597 601 599 
1083 597 544 601 
1084 599 601 548 
1085 77 76 603 
1086 76 602 603 
1087 76 75 602 
1088 603 602 518 
1089 518 602 604 
1090 602 600 604 
1091 602 75 600 
1092 604 600 548 
1093 79 78 606 
1094 78 605 606 
1095 78 77 605 
1096 606 605 552 
1097 77 603 605 
1098 603 607 605 
1099 603 518 607 
1100 605 607 552 
1101 81 80 609 
1102 80 608 609 
1103 80 79 608 
1104 609 608 538 
1105 538 608 610 
1106 608 606 610 
1107 608 79 606 
1108 610 606 552 
1109 83 82 612 
1110 82 611 612 
1111 82 81 611 
1112 612 611 520 
1113 520 611 613 
1114 611 609 613 
1115 611 81 609 
1116 613 609 538 
1117 85 84 615 
1118 84 614 615 
1119 84 83 614 
1120 615 614 523 
1121 83 612 614 
1122 612 616 614 
1123 612 520 616 
1124 614 616 523 
1125 516 557 617 
1126 557 615 617 
1127 557 85 615 
1128 617 615 523 
1129 515 618 592 
1130 618 619 592 
1131 618 543 619 
1132 592 619 546 
1133 543 618 621 
1134 618 620 621 
1135 618 515 620 
1136 621 620 547 
1137 547 620 622 
1138 620 589 622 
1139 620 515 589 
1140 622 589 553 
1141 516 617 624 
1142 617 623 624 
1143 617 523 623 
1144 624 623 524 
1145 516 624 626 
1146 624 625 626 
1147 624 524 625 
1148 626 625 532 
1149 516 626 559 
1150 626 627 559 
1151 626 532 627 
1152 559 627 545 
1153 517 628 574 
1154 628 629 574 
1155 628 536 629 
1156 574 629 542 
1157 536 628 631 
1158 628 630 631 
1159 628 517 630 
1160 631 630 551 
1161 551 630 632 
1162 630 571 632 
1163 630 517 571 
1164 632 571 554 
1165 534 633 634 
1166 633 604 634 
1167 633 518 604 
1168 634 604 548 
1169 518 633 636 
1170 633 635 636 
1171 633 534 635 
1172 636 635 550 
1173 518 636 607 
1174 636 637 607 
1175 636 550 637 
1176 607 637 552 
1177 519 638 640 
1178 638 639 640 
1179 638 537 639 
1180 640 639 540 
1181 537 638 641 
1182 638 580 641 
1183 638 519 580 
1184 641 580 549 
1185 519 640 583 
1186 640 642 583 
1187 640 540 642 
1188 583 642 541 
1189 523 616 623 
1190 616 643 623 
1191 616 520 643 
1192 623 643 524 
1193 524 643 645 
1194 643 644 645 
1195 643 520 644 
1196 645 644 525 
1197 525 644 646 
1198 644 613 646 
1199 644 520 613 
1200 646 613 538 
1201 521 647 649 
1202 647 648 649 
1203 647 533 648 
1204 649 648 534 
1205 533 647 651 
1206 647 650 651 
1207 647 521 650 
1208 651 650 543 
1209 521 649 598 
1210 649 652 598 
1211 649 534 652 
1212 598 652 544 
1213 543 650 619 
1214 650 595 619 
1215 650 521 595 
1216 619 595 546 
1217 522 653 655 
1218 653 654 655 
1219 653 532 654 
1220 655 654 535 
1221 532 653 627 
1222 653 562 627 
1223 653 522 562 
1224 627 562 545 
1225 522 655 565 
1226 655 656 565 
1227 655 535 656 
1228 565 656 539 
1229 524 645 658 
1230 645 657 658 
1231 645 525 657 
1232 658 657 526 
1233 524 658 625 
1234 658 659 625 
1235 658 526 659 
1236 625 659 532 
1237 526 657 661 
1238 657 660 661 
1239 657 525 660 
1240 661 660 527 
1241 527 660 663 
1242 660 662 663 
1243 660 525 662 
1244 663 662 550 
1245 525 646 662 
1246 646 664 662 
1247 646 538 664 
1248 662 664 550 
1249 526 661 666 
1250 661 665 666 
1251 661 527 665 
1252 666 665 528 
1253 526 666 668 
1254 666 667 668 
1255 666 528 667 
1256 668 667 529 
1257 526 668 659 
1258 668 669 659 
1259 668 529 669 
1260 659 669 532 
1261 528 665 671 
1262 665 670 671 
1263 665 527 670 
1264 671 670 533 
1265 533 670 648 
1266 670 672 648 
1267 670 527 672 
1268 648 672 534 
1269 534 672 635 
1270 672 663 635 
1271 672 527 663 
1272 635 663 550 
1273 529 667 674 
1274 667 673 674 
1275 667 528 673 
1276 674 673 530 
1277 530 673 676 
1278 673 675 676 
1279 673 528 675 
1280 676 675 531 
1281 531 675 677 
1282 675 671 677 
1283 675 528 671 
1284 677 671 533 
1285 529 674 679 
1286 674 678 679 
1287 674 530 678 
1288 679 678 536 
1289 532 669 654 
1290 669 680 654 
1291 669 529 680 
1292 654 680 535 
1293 535 680 681 
1294 680 679 681 
1295 680 529 679 
1296 681 679 536 
1297 530 676 683 
1298 676 682 683 
1299 676 531 682 
1300 683 682 540 
1301 536 678 685 
1302 678 684 685 
1303 678 530 684 
1304 685 684 537 
1305 537 684 639 
1306 684 683 639 
1307 684 530 683 
1308 639 683 540 
1309 531 677 686 
1310 677 651 686 
1311 677 533 651 
1312 686 651 543 
1313 540 682 688 
1314 682 687 688 
1315 682 531 687 
1316 688 687 547 
1317 531 686 687 
1318 686 621 687 
1319 686 543 621 
1320 687 621 547 
1321 544 652 601 
1322 652 634 601 
1323 652 534 634 
1324 601 634 548 
1325 535 681 689 
1326 681 631 689 
1327 681 536 631 
1328 689 631 551 
1329 539 656 690 
1330 656 689 690 
1331 656 535 689 
1332 690 689 551 
1333 536 685 629 
1334 685 691 629 
1335 685 537 691 
1336 629 691 542 
1337 542 691 577 
1338 691 641 577 
1339 691 537 641 
1340 577 641 549 
1341 550 664 637 
1342 664 610 637 
1343 664 538 610 
1344 637 610 552 
1345 539 690 568 
1346 690 632 568 
1347 690 551 632 
1348 568 632 554 
1349 541 642 692 
1350 642 688 692 
1351 642 540 688 
1352 692 688 547 
1353 541 692 586 
1354 692 622 586 
1355 692 547 622 
1356 586 622 553 
2 4 2 164
1357 88 708 87 
1358 708 709 87 
1359 708 694 709 
1360 87 709 3 
1361 3 710 111 
1362 710 711 111 
1363 710 707 711 
1364 111 711 110 
1365 694 712 709 
1366 712 710 709 
1367 712 707 710 
1368 709 710 3 
1369 90 713 89 
1370 713 714 89 
1371 713 704 714 
1372 89 714 88 
1373 88 714 708 
1374 714 715 708 
1375 714 704 715 
1376 708 715 694 
1377 92 716 91 
1378 716 713 91 
1379 716 704 713 
1380 91 713 90 
1381 94 717 93 
1382 717 718 93 
1383 717 695 718 
1384 93 718 92 
1385 695 719 718 
1386 719 716 718 
1387 719 704 716 
1388 718 716 92 
1389 96 720 95 
1390 720 721 95 
1391 720 702 721 
1392 95 721 94 
1393 94 721 717 
1394 721 722 717 
1395 721 702 722 
1396 717 722 695 
1397 98 723 97 
1398 723 720 97 
1399 723 702 720 
1400 97 720 96 
1401 100 724 99 
1402 724 725 99 
1403 724 693 725 
1404 99 725 98 
1405 693 726 725 
1406 726 723 725 
1407 726 702 723 
1408 725 723 98 
1409 102 727 101 
1410 727 728 101 
1411 727 705 728 
1412 101 728 100 
1413 100 728 724 
1414 728 729 724 
1415 728 705 729 
1416 724 729 693 
1417 104 730 103 
1418 730 731 103 
1419 730 698 731 
1420 103 731 102 
1421 698 732 731 
1422 732 727 731 
1423 732 705 727 
1424 731 727 102 
1425 106 733 105 
1426 733 734 105 
1427 733 696 734 
1428 105 734 104 
1429 696 735 734 
1430 735 730 734 
1431 735 698 730 
1432 734 730 104 
1433 108 736 107 
1434 736 737 107 
1435 736 706 737 
1436 107 737 106 
1437 106 737 733 
1438 737 738 733 
1439 737 706 738 
1440 733 738 696 
1441 110 739 109 
1442 739 740 109 
1443 739 697 740 
1444 109 740 108 
1445 697 741 740 
1446 741 736 740 
1447 741 706 736 
1448 740 736 108 
1449 110 711 739 
1450 711 742 739 
1451 711 707 742 
1452 739 742 697 
1453 699 743 745 
1454 743 744 745 
1455 743 700 744 
1456 745 744 693 
1457 693 729 745 
1458 729 746 745 
1459 729 705 746 
1460 745 746 699 
1461 700 747 744 
1462 747 726 744 
1463 747 702 726 
1464 744 726 693 
1465 694 748 750 
1466 748 749 750 
1467 748 701 749 
1468 750 749 697 
1469 697 742 750 
1470 742 712 750 
1471 742 707 712 
1472 750 712 694 
1473 694 751 748 
1474 751 752 748 
1475 751 703 752 
1476 748 752 701 
1477 694 715 751 
1478 715 753 751 
1479 715 704 753 
1480 751 753 703 
1481 695 722 754 
1482 722 747 754 
1483 722 702 747 
1484 754 747 700 
1485 700 755 754 
1486 755 756 754 
1487 755 703 756 
1488 754 756 695 
1489 703 753 756 
1490 753 719 756 
1491 753 704 719 
1492 756 719 695 
1493 697 749 758 
1494 749 757 758 
1495 749 701 757 
1496 758 757 696 
1497 696 738 758 
1498 738 741 758 
1499 738 706 741 
1500 758 741 697 
1501 696 759 735 
1502 759 760 735 
1503 759 699 760 
1504 735 760 698 
1505 696 757 759 
1506 757 761 759 
1507 757 701 761 
1508 759 761 699 
1509 699 746 760 
1510 746 732 760 
1511 746 705 732 
1512 760 732 698 
1513 699 761 743 
1514 761 762 743 
1515 761 701 762 
1516 743 762 700 
1517 701 752 762 
1518 752 755 762 
1519 752 703 755 
1520 762 755 700 
3 11 4 5400
1521 705 729 746 792 
1522 729 693 745 794 
1523 746 745 699 793 
1524 792 794 793 771 
1525 729 746 792 794 
1526 729 794 745 746 
1527 746 792 794 793 
1528 746 793 794 745 
1529 280 795 797 798 
1530 795 768 796 800 
1531 797 796 771 799 
1532 798 800 799 778 
1533 795 797 798 800 
1534 795 800 796 797 
1535 797 798 800 799 
1536 797 799 800 796 
1537 530 801 676 803 
1538 801 768 802 805 
1539 676 802 531 804 
1540 803 805 804 779 
1541 801 676 803 805 
1542 801 805 802 676 
1543 676 803 805 804 
1544 676 804 805 802 
1545 102 727 731 806 
1546 727 705 732 808 
1547 731 732 698 807 
1548 806 808 807 766 
1549 727 731 806 808 
1550 727 808 732 731 
1551 731 806 808 807 
1552 731 807 808 732 
1553 705 746 808 792 
1554 746 699 809 793 
1555 808 809 766 810 
1556 792 793 810 771 
1557 746 808 792 793 
1558 746 793 809 808 
1559 808 792 793 810 
1560 808 810 793 809 
1561 280 797 795 811 
1562 797 771 796 813 
1563 795 796 768 812 
1564 811 813 812 784 
1565 797 795 811 813 
1566 797 813 796 795 
1567 795 811 813 812 
1568 795 812 813 796 
1569 531 802 815 804 
1570 802 768 814 805 
1571 815 814 765 816 
1572 804 805 816 779 
1573 802 815 804 805 
1574 802 805 814 815 
1575 815 804 805 816 
1576 815 816 805 814 
1577 765 814 815 817 
1578 814 768 802 800 
1579 815 802 531 818 
1580 817 800 818 778 
1581 814 815 817 800 
1582 814 800 802 815 
1583 815 817 800 818 
1584 815 818 800 802 
1585 705 808 820 792 
1586 808 766 819 810 
1587 820 819 262 821 
1588 792 810 821 771 
1589 808 820 792 810 
1590 808 810 819 820 
1591 820 792 810 821 
1592 820 821 810 819 
1593 769 822 824 825 
1594 822 782 823 827 
1595 824 823 763 826 
1596 825 827 826 791 
1597 822 824 825 827 
1598 822 827 823 824 
1599 824 825 827 826 
1600 824 826 827 823 
1601 272 828 448 830 
1602 828 764 829 832 
1603 448 829 277 831 
1604 830 832 831 766 
1605 828 448 830 832 
1606 828 832 829 448 
1607 448 830 832 831 
1608 448 831 832 829 
1609 697 742 834 835 
1610 742 707 833 837 
1611 834 833 292 836 
1612 835 837 836 769 
1613 742 834 835 837 
1614 742 837 833 834 
1615 834 835 837 836 
1616 834 836 837 833 
1617 548 601 839 840 
1618 601 544 838 842 
1619 839 838 31 841 
1620 840 842 841 773 
1621 601 839 840 842 
1622 601 842 838 839 
1623 839 840 842 841 
1624 839 841 842 838 
1625 273 514 843 844 
1626 514 280 797 798 
1627 843 797 771 799 
1628 844 798 799 778 
1629 514 843 844 798 
1630 514 798 797 843 
1631 843 844 798 799 
1632 843 799 798 797 
1633 262 819 846 821 
1634 819 766 845 810 
1635 846 845 765 847 
1636 821 810 847 771 
1637 819 846 821 810 
1638 819 810 845 846 
1639 846 821 810 847 
1640 846 847 810 845 
1641 763 824 849 850 
1642 824 769 848 852 
1643 849 848 775 851 
1644 850 852 851 783 
1645 824 849 850 852 
1646 824 852 848 849 
1647 849 850 852 851 
1648 849 851 852 848 
1649 705 853 729 792 
1650 853 244 854 855 
1651 729 854 693 794 
1652 792 855 794 771 
1653 853 729 792 855 
1654 853 855 854 729 
1655 729 792 855 794 
1656 729 794 855 854 
1657 765 845 857 858 
1658 845 766 856 860 
1659 857 856 270 859 
1660 858 860 859 773 
1661 845 857 858 860 
1662 845 860 856 857 
1663 857 858 860 859 
1664 857 859 860 856 
1665 262 488 506 846 
1666 488 270 451 857 
1667 506 451 297 861 
1668 846 857 861 765 
1669 488 506 846 857 
1670 488 857 451 506 
1671 506 846 857 861 
1672 506 861 857 451 
1673 530 862 801 864 
1674 862 776 863 866 
1675 801 863 768 865 
1676 864 866 865 785 
1677 862 801 864 866 
1678 862 866 863 801 
1679 801 864 866 865 
1680 801 865 866 863 
1681 530 801 803 864 
1682 801 768 805 865 
1683 803 805 779 867 
1684 864 865 867 785 
1685 801 803 864 865 
1686 801 865 805 803 
1687 803 864 865 867 
1688 803 867 865 805 
1689 526 868 870 871 
1690 868 767 869 873 
1691 870 869 764 872 
1692 871 873 872 774 
1693 868 870 871 873 
1694 868 873 869 870 
1695 870 871 873 872 
1696 870 872 873 869 
1697 262 488 846 819 
1698 488 270 857 856 
1699 846 857 765 845 
1700 819 856 845 766 
1701 488 846 819 856 
1702 488 856 857 846 
1703 846 819 856 845 
1704 846 845 856 857 
1705 272 828 830 874 
1706 828 764 832 876 
1707 830 832 766 875 
1708 874 876 875 775 
1709 828 830 874 876 
1710 828 876 832 830 
1711 830 874 876 875 
1712 830 875 876 832 
1713 273 843 877 844 
1714 843 771 847 799 
1715 877 847 765 817 
1716 844 799 817 778 
1717 843 877 844 799 
1718 843 799 847 877 
1719 877 844 799 817 
1720 877 817 799 847 
1721 548 840 839 878 
1722 840 773 841 880 
1723 839 841 31 879 
1724 878 880 879 781 
1725 840 839 878 880 
1726 840 880 841 839 
1727 839 878 880 879 
1728 839 879 880 841 
1729 277 831 829 881 
1730 831 766 832 860 
1731 829 832 764 882 
1732 881 860 882 773 
1733 831 829 881 860 
1734 831 860 832 829 
1735 829 881 860 882 
1736 829 882 860 832 
1737 289 883 885 886 
1738 883 770 884 888 
1739 885 884 522 887 
1740 886 888 887 777 
1741 883 885 886 888 
1742 883 888 884 885 
1743 885 886 888 887 
1744 885 887 888 884 
1745 763 849 889 850 
1746 849 775 876 851 
1747 889 876 764 890 
1748 850 851 890 783 
1749 849 889 850 851 
1750 849 851 876 889 
1751 889 850 851 890 
1752 889 890 851 876 
1753 699 760 746 809 
1754 760 698 732 807 
1755 746 732 705 808 
1756 809 807 808 766 
1757 760 746 809 807 
1758 760 807 732 746 
1759 746 809 807 808 
1760 746 808 807 732 
1761 763 891 824 850 
1762 891 767 892 893 
1763 824 892 769 852 
1764 850 893 852 783 
1765 891 824 850 893 
1766 891 893 892 824 
1767 824 850 893 852 
1768 824 852 893 892 
1769 763 889 891 850 
1770 889 764 869 890 
1771 891 869 767 893 
1772 850 890 893 783 
1773 889 891 850 890 
1774 889 890 869 891 
1775 891 850 890 893 
1776 891 893 890 869 
1777 536 894 678 895 
1778 894 776 862 866 
1779 678 862 530 864 
1780 895 866 864 785 
1781 894 678 895 866 
1782 894 866 862 678 
1783 678 895 866 864 
1784 678 864 866 862 
1785 539 565 897 898 
1786 565 522 896 884 
1787 897 896 259 899 
1788 898 884 899 770 
1789 565 897 898 884 
1790 565 884 896 897 
1791 897 898 884 899 
1792 897 899 884 896 
1793 705 820 853 792 
1794 820 262 394 821 
1795 853 394 244 855 
1796 792 821 855 771 
1797 820 853 792 821 
1798 820 821 394 853 
1799 853 792 821 855 
1800 853 855 821 394 
1801 259 896 319 899 
1802 896 522 885 884 
1803 319 885 289 883 
1804 899 884 883 770 
1805 896 319 899 884 
1806 896 884 885 319 
1807 319 899 884 883 
1808 319 883 884 885 
1809 763 823 901 826 
1810 823 782 900 827 
1811 901 900 772 902 
1812 826 827 902 791 
1813 823 901 826 827 
1814 823 827 900 901 
1815 901 826 827 902 
1816 901 902 827 900 
1817 266 423 903 904 
1818 423 262 846 821 
1819 903 846 765 847 
1820 904 821 847 771 
1821 423 903 904 821 
1822 423 821 846 903 
1823 903 904 821 847 
1824 903 847 821 846 
1825 248 444 447 905 
1826 444 272 448 830 
1827 447 448 277 831 
1828 905 830 831 766 
1829 444 447 905 830 
1830 444 830 448 447 
1831 447 905 830 831 
1832 447 831 830 448 
1833 521 906 908 909 
1834 906 249 907 911 
1835 908 907 773 910 
1836 909 911 910 788 
1837 906 908 909 911 
1838 906 911 907 908 
1839 908 909 911 910 
1840 908 910 911 907 
1841 763 912 913 914 
1842 912 768 814 796 
1843 913 814 765 847 
1844 914 796 847 771 
1845 912 913 914 796 
1846 912 796 814 913 
1847 913 914 796 847 
1848 913 847 796 814 
1849 526 870 657 871 
1850 870 764 915 872 
1851 657 915 525 916 
1852 871 872 916 774 
1853 870 657 871 872 
1854 870 872 915 657 
1855 657 871 872 916 
1856 657 916 872 915 
1857 707 742 833 711 
1858 742 697 834 739 
1859 833 834 292 310 
1860 711 739 310 110 
1861 742 833 711 739 
1862 742 739 834 833 
1863 833 711 739 310 
1864 833 310 739 834 
1865 295 917 460 918 
1866 917 764 828 876 
1867 460 828 272 874 
1868 918 876 874 775 
1869 917 460 918 876 
1870 917 876 828 460 
1871 460 918 876 874 
1872 460 874 876 828 
1873 768 912 865 920 
1874 912 763 919 922 
1875 865 919 785 921 
1876 920 922 921 787 
1877 912 865 920 922 
1878 912 922 919 865 
1879 865 920 922 921 
1880 865 921 922 919 
1881 117 923 924 925 
1882 923 769 837 825 
1883 924 837 707 926 
1884 925 825 926 791 
1885 923 924 925 825 
1886 923 825 837 924 
1887 924 925 825 926 
1888 924 926 825 837 
1889 531 676 682 802 
1890 676 530 683 801 
1891 682 683 540 927 
1892 802 801 927 768 
1893 676 682 802 801 
1894 676 801 683 682 
1895 682 802 801 927 
1896 682 927 801 683 
1897 763 928 889 849 
1898 928 766 832 875 
1899 889 832 764 876 
1900 849 875 876 775 
1901 928 889 849 875 
1902 928 875 832 889 
1903 889 849 875 876 
1904 889 876 875 832 
1905 535 655 656 929 
1906 655 522 565 884 
1907 656 565 539 898 
1908 929 884 898 770 
1909 655 656 929 884 
1910 655 884 565 656 
1911 656 929 884 898 
1912 656 898 884 565 
1913 770 930 931 932 
1914 930 772 901 900 
1915 931 901 763 823 
1916 932 900 823 782 
1917 930 931 932 900 
1918 930 900 901 931 
1919 931 932 900 823 
1920 931 823 900 901 
1921 272 462 448 828 
1922 462 300 513 933 
1923 448 513 277 829 
1924 828 933 829 764 
1925 462 448 828 933 
1926 462 933 513 448 
1927 448 828 933 829 
1928 448 829 933 513 
1929 277 829 513 881 
1930 829 764 933 882 
1931 513 933 300 934 
1932 881 882 934 773 
1933 829 513 881 882 
1934 829 882 933 513 
1935 513 881 882 934 
1936 513 934 882 933 
1937 764 876 917 890 
1938 876 775 918 851 
1939 917 918 295 935 
1940 890 851 935 783 
1941 876 917 890 851 
1942 876 851 918 917 
1943 917 890 851 935 
1944 917 935 851 918 
1945 272 830 444 874 
1946 830 766 905 875 
1947 444 905 248 936 
1948 874 875 936 775 
1949 830 444 874 875 
1950 830 875 905 444 
1951 444 874 875 936 
1952 444 936 875 905 
1953 269 455 937 938 
1954 455 280 795 811 
1955 937 795 768 812 
1956 938 811 812 784 
1957 455 937 938 811 
1958 455 811 795 937 
1959 937 938 811 812 
1960 937 812 811 795 
1961 770 932 940 941 
1962 932 782 939 827 
1963 940 939 275 942 
1964 941 827 942 791 
1965 932 940 941 827 
1966 932 827 939 940 
1967 940 941 827 942 
1968 940 942 827 939 
1969 521 908 943 909 
1970 908 773 858 910 
1971 943 858 765 944 
1972 909 910 944 788 
1973 908 943 909 910 
1974 908 910 858 943 
1975 943 909 910 944 
1976 943 944 910 858 
1977 526 661 657 870 
1978 661 527 660 945 
1979 657 660 525 915 
1980 870 945 915 764 
1981 661 657 870 945 
1982 661 945 660 657 
1983 657 870 945 915 
1984 657 915 945 660 
1985 533 946 647 947 
1986 946 765 943 858 
1987 647 943 521 908 
1988 947 858 908 773 
1989 946 647 947 858 
1990 946 858 943 647 
1991 647 947 858 908 
1992 647 908 858 943 
1993 768 865 863 920 
1994 865 785 866 921 
1995 863 866 776 948 
1996 920 921 948 787 
1997 865 863 920 921 
1998 865 921 866 863 
1999 863 920 921 948 
2000 863 948 921 866 
2001 531 802 682 818 
2002 802 768 927 800 
2003 682 927 540 949 
2004 818 800 949 778 
2005 802 682 818 800 
2006 802 800 927 682 
2007 682 818 800 949 
2008 682 949 800 927 
2009 534 652 634 950 
2010 652 544 601 842 
2011 634 601 548 840 
2012 950 842 840 773 
2013 652 634 950 842 
2014 652 842 601 634 
2015 634 950 842 840 
2016 634 840 842 601 
2017 538 951 664 953 
2018 951 774 952 955 
2019 664 952 550 954 
2020 953 955 954 781 
2021 951 664 953 955 
2022 951 955 952 664 
2023 664 953 955 954 
2024 664 954 955 952 
2025 538 664 610 953 
2026 664 550 637 954 
2027 610 637 552 956 
2028 953 954 956 781 
2029 664 610 953 954 
2030 664 954 637 610 
2031 610 953 954 956 
2032 610 956 954 637 
2033 297 861 451 957 
2034 861 765 857 858 
2035 451 857 270 859 
2036 957 858 859 773 
2037 861 451 957 858 
2038 861 858 857 451 
2039 451 957 858 859 
2040 451 859 858 857 
2041 295 958 917 935 
2042 958 774 872 959 
2043 917 872 764 890 
2044 935 959 890 783 
2045 958 917 935 959 
2046 958 959 872 917 
2047 917 935 959 890 
2048 917 890 959 872 
2049 765 847 814 817 
2050 847 771 796 799 
2051 814 796 768 800 
2052 817 799 800 778 
2053 847 814 817 799 
2054 847 799 796 814 
2055 814 817 799 800 
2056 814 800 799 796 
2057 772 900 930 902 
2058 900 782 932 827 
2059 930 932 770 941 
2060 902 827 941 791 
2061 900 930 902 827 
2062 900 827 932 930 
2063 930 902 827 941 
2064 930 941 827 932 
2065 765 814 913 816 
2066 814 768 912 805 
2067 913 912 763 960 
2068 816 805 960 779 
2069 814 913 816 805 
2070 814 805 912 913 
2071 913 816 805 960 
2072 913 960 805 912 
2073 521 943 647 909 
2074 943 765 946 944 
2075 647 946 533 961 
2076 909 944 961 788 
2077 943 647 909 944 
2078 943 944 946 647 
2079 647 909 944 961 
2080 647 961 944 946 
2081 262 506 423 846 
2082 506 297 505 861 
2083 423 505 266 903 
2084 846 861 903 765 
2085 506 423 846 861 
2086 506 861 505 423 
2087 423 846 861 903 
2088 423 903 861 505 
2089 552 962 963 610 
2090 962 251 359 965 
2091 963 359 37 964 
2092 610 965 964 538 
2093 962 963 610 965 
2094 962 965 359 963 
2095 963 610 965 964 
2096 963 964 965 359 
2097 273 425 877 843 
2098 425 266 903 904 
2099 877 903 765 847 
2100 843 904 847 771 
2101 425 877 843 904 
2102 425 904 903 877 
2103 877 843 904 847 
2104 877 847 904 903 
2105 765 858 966 944 
2106 858 773 907 910 
2107 966 907 249 911 
2108 944 910 911 788 
2109 858 966 944 910 
2110 858 910 907 966 
2111 966 944 910 911 
2112 966 911 910 907 
2113 527 945 661 967 
2114 945 764 870 969 
2115 661 870 526 968 
2116 967 969 968 779 
2117 945 661 967 969 
2118 945 969 870 661 
2119 661 967 969 968 
2120 661 968 969 870 
2121 277 492 831 881 
2122 492 291 970 971 
2123 831 970 766 860 
2124 881 971 860 773 
2125 492 831 881 971 
2126 492 971 970 831 
2127 831 881 971 860 
2128 831 860 971 970 
2129 275 430 940 942 
2130 430 268 972 973 
2131 940 972 770 941 
2132 942 973 941 791 
2133 430 940 942 973 
2134 430 973 972 940 
2135 940 942 973 941 
2136 940 941 973 972 
2137 530 676 673 803 
2138 676 531 675 804 
2139 673 675 528 974 
2140 803 804 974 779 
2141 676 673 803 804 
2142 676 804 675 673 
2143 673 803 804 974 
2144 673 974 804 675 
2145 763 891 889 919 
2146 891 767 869 976 
2147 889 869 764 975 
2148 919 976 975 785 
2149 891 889 919 976 
2150 891 976 869 889 
2151 889 919 976 975 
2152 889 975 976 869 
2153 541 977 979 980 
2154 977 250 978 982 
2155 979 978 778 981 
2156 980 982 981 786 
2157 977 979 980 982 
2158 977 982 978 979 
2159 979 980 982 981 
2160 979 981 982 978 
2161 31 841 354 879 
2162 841 773 983 880 
2163 354 983 257 984 
2164 879 880 984 781 
2165 841 354 879 880 
2166 841 880 983 354 
2167 354 879 880 984 
2168 354 984 880 983 
2169 286 985 351 987 
2170 985 544 986 598 
2171 351 986 29 988 
2172 987 598 988 521 
2173 985 351 987 598 
2174 985 598 986 351 
2175 351 987 598 988 
2176 351 988 598 986 
2177 763 960 912 919 
2178 960 779 805 867 
2179 912 805 768 865 
2180 919 867 865 785 
2181 960 912 919 867 
2182 960 867 805 912 
2183 912 919 867 865 
2184 912 865 867 805 
2185 700 747 754 989 
2186 747 702 722 991 
2187 754 722 695 990 
2188 989 991 990 780 
2189 747 754 989 991 
2190 747 991 722 754 
2191 754 989 991 990 
2192 754 990 991 722 
2193 521 647 650 909 
2194 647 533 651 961 
2195 650 651 543 992 
2196 909 961 992 788 
2197 647 650 909 961 
2198 647 961 651 650 
2199 650 909 961 992 
2200 650 992 961 651 
2201 544 598 985 842 
2202 598 521 987 908 
2203 985 987 286 993 
2204 842 908 993 773 
2205 598 985 842 908 
2206 598 908 987 985 
2207 985 842 908 993 
2208 985 993 908 987 
2209 117 312 924 923 
2210 312 292 833 836 
2211 924 833 707 837 
2212 923 836 837 769 
2213 312 924 923 836 
2214 312 836 833 924 
2215 924 923 836 837 
2216 924 837 836 833 
2217 297 452 861 957 
2218 452 249 966 907 
2219 861 966 765 858 
2220 957 907 858 773 
2221 452 861 957 907 
2222 452 907 966 861 
2223 861 957 907 858 
2224 861 858 907 966 
2225 291 490 970 971 
2226 490 270 856 859 
2227 970 856 766 860 
2228 971 859 860 773 
2229 490 970 971 859 
2230 490 859 856 970 
2231 970 971 859 860 
2232 970 860 859 856 
2233 19 336 994 995 
2234 336 250 977 982 
2235 994 977 541 980 
2236 995 982 980 786 
2237 336 994 995 982 
2238 336 982 977 994 
2239 994 995 982 980 
2240 994 980 982 977 
2241 763 824 891 823 
2242 824 769 892 822 
2243 891 892 767 996 
2244 823 822 996 782 
2245 824 891 823 822 
2246 824 822 892 891 
2247 891 823 822 996 
2248 891 996 822 892 
2249 280 455 795 798 
2250 455 269 937 997 
2251 795 937 768 800 
2252 798 997 800 778 
2253 455 795 798 997 
2254 455 997 937 795 
2255 795 798 997 800 
2256 795 800 997 937 
2257 776 866 999 948 
2258 866 785 998 921 
2259 999 998 770 1000 
2260 948 921 1000 787 
2261 866 999 948 921 
2262 866 921 998 999 
2263 999 948 921 1000 
2264 999 1000 921 998 
2265 268 1001 972 973 
2266 1001 787 1000 1002 
2267 972 1000 770 941 
2268 973 1002 941 791 
2269 1001 972 973 1002 
2270 1001 1002 1000 972 
2271 972 973 1002 941 
2272 972 941 1002 1000 
2273 251 359 965 1003 
2274 359 37 964 1004 
2275 965 964 538 951 
2276 1003 1004 951 774 
2277 359 965 1003 1004 
2278 359 1004 964 965 
2279 965 1003 1004 951 
2280 965 951 1004 964 
2281 763 849 824 1005 
2282 849 775 848 1007 
2283 824 848 769 1006 
2284 1005 1007 1006 780 
2285 849 824 1005 1007 
2286 849 1007 848 824 
2287 824 1005 1007 1006 
2288 824 1006 1007 848 
2289 541 979 642 980 
2290 979 778 949 981 
2291 642 949 540 1008 
2292 980 981 1008 786 
2293 979 642 980 981 
2294 979 981 949 642 
2295 642 980 981 1008 
2296 642 1008 981 949 
2297 548 634 840 878 
2298 634 534 950 1009 
2299 840 950 773 880 
2300 878 1009 880 781 
2301 634 840 878 1009 
2302 634 1009 950 840 
2303 840 878 1009 880 
2304 840 880 1009 950 
2305 522 884 655 887 
2306 884 770 929 888 
2307 655 929 535 1010 
2308 887 888 1010 777 
2309 884 655 887 888 
2310 884 888 929 655 
2311 655 887 888 1010 
2312 655 1010 888 929 
2313 117 924 118 925 
2314 924 707 710 926 
2315 118 710 3 1011 
2316 925 926 1011 791 
2317 924 118 925 926 
2318 924 926 710 118 
2319 118 925 926 1011 
2320 118 1011 926 710 
2321 763 889 960 919 
2322 889 764 969 975 
2323 960 969 779 867 
2324 919 975 867 785 
2325 889 960 919 975 
2326 889 975 969 960 
2327 960 919 975 867 
2328 960 867 975 969 
2329 527 967 1013 1014 
2330 967 779 1012 1015 
2331 1013 1012 773 880 
2332 1014 1015 880 781 
2333 967 1013 1014 1015 
2334 967 1015 1012 1013 
2335 1013 1014 1015 880 
2336 1013 880 1015 1012 
2337 539 898 897 1016 
2338 898 770 899 1018 
2339 897 899 259 1017 
2340 1016 1018 1017 790 
2341 898 897 1016 1018 
2342 898 1018 899 897 
2343 897 1016 1018 1017 
2344 897 1017 1018 899 
2345 765 845 913 847 
2346 845 766 928 810 
2347 913 928 763 914 
2348 847 810 914 771 
2349 845 913 847 810 
2350 845 810 928 913 
2351 913 847 810 914 
2352 913 914 810 928 
2353 763 928 913 960 
2354 928 766 845 1019 
2355 913 845 765 816 
2356 960 1019 816 779 
2357 928 913 960 1019 
2358 928 1019 845 913 
2359 913 960 1019 816 
2360 913 816 1019 845 
2361 301 1020 1021 1022 
2362 1020 768 863 920 
2363 1021 863 776 948 
2364 1022 920 948 787 
2365 1020 1021 1022 920 
2366 1020 920 863 1021 
2367 1021 1022 920 948 
2368 1021 948 920 863 
2369 249 352 347 906 
2370 352 286 351 987 
2371 347 351 29 988 
2372 906 987 988 521 
2373 352 347 906 987 
2374 352 987 351 347 
2375 347 906 987 988 
2376 347 988 987 351 
2377 251 1023 459 1003 
2378 1023 764 917 872 
2379 459 917 295 958 
2380 1003 872 958 774 
2381 1023 459 1003 872 
2382 1023 872 917 459 
2383 459 1003 872 958 
2384 459 958 872 917 
2385 705 853 728 729 
2386 853 244 388 854 
2387 728 388 100 724 
2388 729 854 724 693 
2389 853 728 729 854 
2390 853 854 388 728 
2391 728 729 854 724 
2392 728 724 854 388 
2393 764 872 1023 1024 
2394 872 774 1003 955 
2395 1023 1003 251 1025 
2396 1024 955 1025 781 
2397 872 1023 1024 955 
2398 872 955 1003 1023 
2399 1023 1024 955 1025 
2400 1023 1025 955 1003 
2401 519 1026 583 1027 
2402 1026 19 994 995 
2403 583 994 541 980 
2404 1027 995 980 786 
2405 1026 583 1027 995 
2406 1026 995 994 583 
2407 583 1027 995 980 
2408 583 980 995 994 
2409 764 882 832 969 
2410 882 773 860 1012 
2411 832 860 766 1019 
2412 969 1012 1019 779 
2413 882 832 969 1012 
2414 882 1012 860 832 
2415 832 969 1012 1019 
2416 832 1019 1012 860 
2417 766 810 809 1028 
2418 810 771 793 1030 
2419 809 793 699 1029 
2420 1028 1030 1029 780 
2421 810 809 1028 1030 
2422 810 1030 793 809 
2423 809 1028 1030 1029 
2424 809 1029 1030 793 
2425 544 985 838 842 
2426 985 286 350 993 
2427 838 350 31 841 
2428 842 993 841 773 
2429 985 838 842 993 
2430 985 993 350 838 
2431 838 842 993 841 
2432 838 841 993 350 
2433 764 969 945 1024 
2434 969 779 967 1015 
2435 945 967 527 1014 
2436 1024 1015 1014 781 
2437 969 945 1024 1015 
2438 969 1015 967 945 
2439 945 1024 1015 1014 
2440 945 1014 1015 967 
2441 102 393 727 806 
2442 393 262 820 819 
2443 727 820 705 808 
2444 806 819 808 766 
2445 393 727 806 819 
2446 393 819 820 727 
2447 727 806 819 808 
2448 727 808 819 820 
2449 286 987 352 993 
2450 987 521 906 908 
2451 352 906 249 907 
2452 993 908 907 773 
2453 987 352 993 908 
2454 987 908 906 352 
2455 352 993 908 907 
2456 352 907 908 906 
2457 264 1031 510 1032 
2458 1031 770 883 888 
2459 510 883 289 886 
2460 1032 888 886 777 
2461 1031 510 1032 888 
2462 1031 888 883 510 
2463 510 1032 888 886 
2464 510 886 888 883 
2465 766 860 845 1019 
2466 860 773 858 1012 
2467 845 858 765 816 
2468 1019 1012 816 779 
2469 860 845 1019 1012 
2470 860 1012 858 845 
2471 845 1019 1012 816 
2472 845 816 1012 858 
2473 301 1021 1020 1033 
2474 1021 776 863 1035 
2475 1020 863 768 1034 
2476 1033 1035 1034 786 
2477 1021 1020 1033 1035 
2478 1021 1035 863 1020 
2479 1020 1033 1035 1034 
2480 1020 1034 1035 863 
2481 281 453 349 1036 
2482 453 297 452 861 
2483 349 452 249 966 
2484 1036 861 966 765 
2485 453 349 1036 861 
2486 453 861 452 349 
2487 349 1036 861 966 
2488 349 966 861 452 
2489 536 1037 894 895 
2490 1037 770 999 998 
2491 894 999 776 866 
2492 895 998 866 785 
2493 1037 894 895 998 
2494 1037 998 999 894 
2495 894 895 998 866 
2496 894 866 998 999 
2497 35 36 222 1038 
2498 36 37 223 963 
2499 222 223 126 1039 
2500 1038 963 1039 552 
2501 36 222 1038 963 
2502 36 963 223 222 
2503 222 1038 963 1039 
2504 222 1039 963 223 
2505 264 1031 1032 1040 
2506 1031 770 888 932 
2507 1032 888 777 1041 
2508 1040 932 1041 782 
2509 1031 1032 1040 932 
2510 1031 932 888 1032 
2511 1032 1040 932 1041 
2512 1032 1041 932 888 
2513 296 426 508 1042 
2514 426 273 514 843 
2515 508 514 280 797 
2516 1042 843 797 771 
2517 426 508 1042 843 
2518 426 843 514 508 
2519 508 1042 843 797 
2520 508 797 843 514 
2521 763 889 928 960 
2522 889 764 832 969 
2523 928 832 766 1019 
2524 960 969 1019 779 
2525 889 928 960 969 
2526 889 969 832 928 
2527 928 960 969 1019 
2528 928 1019 969 832 
2529 300 934 933 1043 
2530 934 773 882 880 
2531 933 882 764 1024 
2532 1043 880 1024 781 
2533 934 933 1043 880 
2534 934 880 882 933 
2535 933 1043 880 1024 
2536 933 1024 880 882 
2537 300 933 462 1043 
2538 933 764 828 1024 
2539 462 828 272 1044 
2540 1043 1024 1044 781 
2541 933 462 1043 1024 
2542 933 1024 828 462 
2543 462 1043 1024 1044 
2544 462 1044 1024 828 
2545 764 882 969 1024 
2546 882 773 1012 880 
2547 969 1012 779 1015 
2548 1024 880 1015 781 
2549 882 969 1024 880 
2550 882 880 1012 969 
2551 969 1024 880 1015 
2552 969 1015 880 1012 
2553 702 1045 722 991 
2554 1045 772 1046 1047 
2555 722 1046 695 990 
2556 991 1047 990 780 
2557 1045 722 991 1047 
2558 1045 1047 1046 722 
2559 722 991 1047 990 
2560 722 990 1047 1046 
2561 698 1048 731 807 
2562 1048 258 395 1049 
2563 731 395 102 806 
2564 807 1049 806 766 
2565 1048 731 807 1049 
2566 1048 1049 395 731 
2567 731 807 1049 806 
2568 731 806 1049 395 
2569 770 1000 930 941 
2570 1000 787 1050 1002 
2571 930 1050 772 902 
2572 941 1002 902 791 
2573 1000 930 941 1002 
2574 1000 1002 1050 930 
2575 930 941 1002 902 
2576 930 902 1002 1050 
2577 530 803 673 864 
2578 803 779 974 867 
2579 673 974 528 1051 
2580 864 867 1051 785 
2581 803 673 864 867 
2582 803 867 974 673 
2583 673 864 867 1051 
2584 673 1051 867 974 
2585 541 642 583 980 
2586 642 540 640 1008 
2587 583 640 519 1027 
2588 980 1008 1027 786 
2589 642 583 980 1008 
2590 642 1008 640 583 
2591 583 980 1008 1027 
2592 583 1027 1008 640 
2593 533 947 670 1052 
2594 947 773 1013 1012 
2595 670 1013 527 967 
2596 1052 1012 967 779 
2597 947 670 1052 1012 
2598 947 1012 1013 670 
2599 670 1052 1012 967 
2600 670 967 1012 1013 
2601 550 952 1053 954 
2602 952 774 872 955 
2603 1053 872 764 1024 
2604 954 955 1024 781 
2605 952 1053 954 955 
2606 952 955 872 1053 
2607 1053 954 955 1024 
2608 1053 1024 955 872 
2609 536 678 679 895 
2610 678 530 674 864 
2611 679 674 529 1054 
2612 895 864 1054 785 
2613 678 679 895 864 
2614 678 864 674 679 
2615 679 895 864 1054 
2616 679 1054 864 674 
2617 695 1046 722 1055 
2618 1046 772 1045 1057 
2619 722 1045 702 1056 
2620 1055 1057 1056 784 
2621 1046 722 1055 1057 
2622 1046 1057 1045 722 
2623 722 1055 1057 1056 
2624 722 1056 1057 1045 
2625 525 660 662 915 
2626 660 527 663 945 
2627 662 663 550 1053 
2628 915 945 1053 764 
2629 660 662 915 945 
2630 660 945 663 662 
2631 662 915 945 1053 
2632 662 1053 945 663 
2633 289 510 496 883 
2634 510 264 509 1031 
2635 496 509 275 940 
2636 883 1031 940 770 
2637 510 496 883 1031 
2638 510 1031 509 496 
2639 496 883 1031 940 
2640 496 940 1031 509 
2641 525 915 662 916 
2642 915 764 1053 872 
2643 662 1053 550 952 
2644 916 872 952 774 
2645 915 662 916 872 
2646 915 872 1053 662 
2647 662 916 872 952 
2648 662 952 872 1053 
2649 258 446 491 1049 
2650 446 277 492 831 
2651 491 492 291 970 
2652 1049 831 970 766 
2653 446 491 1049 831 
2654 446 831 492 491 
2655 491 1049 831 970 
2656 491 970 831 492 
2657 699 793 745 1029 
2658 793 771 794 1030 
2659 745 794 693 1058 
2660 1029 1030 1058 780 
2661 793 745 1029 1030 
2662 793 1030 794 745 
2663 745 1029 1030 1058 
2664 745 1058 1030 794 
2665 281 1036 349 1059 
2666 1036 765 966 944 
2667 349 966 249 911 
2668 1059 944 911 788 
2669 1036 349 1059 944 
2670 1036 944 966 349 
2671 349 1059 944 911 
2672 349 911 944 966 
2673 770 998 931 1000 
2674 998 785 919 921 
2675 931 919 763 922 
2676 1000 921 922 787 
2677 998 931 1000 921 
2678 998 921 919 931 
2679 931 1000 921 922 
2680 931 922 921 919 
2681 258 491 489 1049 
2682 491 291 490 970 
2683 489 490 270 856 
2684 1049 970 856 766 
2685 491 489 1049 970 
2686 491 970 490 489 
2687 489 1049 970 856 
2688 489 856 970 490 
2689 515 620 589 1060 
2690 620 547 622 1062 
2691 589 622 553 1061 
2692 1060 1062 1061 788 
2693 620 589 1060 1062 
2694 620 1062 622 589 
2695 589 1060 1062 1061 
2696 589 1061 1062 622 
2697 275 429 430 942 
2698 429 245 427 1063 
2699 430 427 268 973 
2700 942 1063 973 791 
2701 429 430 942 1063 
2702 429 1063 427 430 
2703 430 942 1063 973 
2704 430 973 1063 427 
2705 769 848 1065 1006 
2706 848 775 1064 1007 
2707 1065 1064 701 1066 
2708 1006 1007 1066 780 
2709 848 1065 1006 1007 
2710 848 1007 1064 1065 
2711 1065 1006 1007 1066 
2712 1065 1066 1007 1064 
2713 115 114 410 1067 
2714 114 113 411 1069 
2715 410 411 265 1068 
2716 1067 1069 1068 782 
2717 114 410 1067 1069 
2718 114 1069 411 410 
2719 410 1067 1069 1068 
2720 410 1068 1069 411 
2721 275 940 509 939 
2722 940 770 1031 932 
2723 509 1031 264 1040 
2724 939 932 1040 782 
2725 940 509 939 932 
2726 940 932 1031 509 
2727 509 939 932 1040 
2728 509 1040 932 1031 
2729 37 38 227 964 
2730 38 39 228 1071 
2731 227 228 136 1070 
2732 964 1071 1070 538 
2733 38 227 964 1071 
2734 38 1071 228 227 
2735 227 964 1071 1070 
2736 227 1070 1071 228 
2737 265 1072 1073 1074 
2738 1072 783 893 1076 
2739 1073 893 767 1075 
2740 1074 1076 1075 789 
2741 1072 1073 1074 1076 
2742 1072 1076 893 1073 
2743 1073 1074 1076 1075 
2744 1073 1075 1076 893 
2745 763 928 849 1005 
2746 928 766 875 1028 
2747 849 875 775 1007 
2748 1005 1028 1007 780 
2749 928 849 1005 1028 
2750 928 1028 875 849 
2751 849 1005 1028 1007 
2752 849 1007 1028 875 
2753 535 929 656 1077 
2754 929 770 898 1018 
2755 656 898 539 1016 
2756 1077 1018 1016 790 
2757 929 656 1077 1018 
2758 929 1018 898 656 
2759 656 1077 1018 1016 
2760 656 1016 1018 898 
2761 768 796 912 812 
2762 796 771 914 813 
2763 912 914 763 1078 
2764 812 813 1078 784 
2765 796 912 812 813 
2766 796 813 914 912 
2767 912 812 813 1078 
2768 912 1078 813 914 
2769 763 823 891 919 
2770 823 782 996 1079 
2771 891 996 767 976 
2772 919 1079 976 785 
2773 823 891 919 1079 
2774 823 1079 996 891 
2775 891 919 1079 976 
2776 891 976 1079 996 
2777 273 424 425 843 
2778 424 244 422 855 
2779 425 422 266 904 
2780 843 855 904 771 
2781 424 425 843 855 
2782 424 855 422 425 
2783 425 843 855 904 
2784 425 904 855 422 
2785 772 1050 1080 902 
2786 1050 787 1001 1002 
2787 1080 1001 268 973 
2788 902 1002 973 791 
2789 1050 1080 902 1002 
2790 1050 1002 1001 1080 
2791 1080 902 1002 973 
2792 1080 973 1002 1001 
2793 265 1068 1073 1072 
2794 1068 782 996 1081 
2795 1073 996 767 893 
2796 1072 1081 893 783 
2797 1068 1073 1072 1081 
2798 1068 1081 996 1073 
2799 1073 1072 1081 893 
2800 1073 893 1081 996 
2801 250 1082 978 982 
2802 1082 768 800 1034 
2803 978 800 778 981 
2804 982 1034 981 786 
2805 1082 978 982 1034 
2806 1082 1034 800 978 
2807 978 982 1034 981 
2808 978 981 1034 800 
2809 295 467 958 935 
2810 467 267 1083 1084 
2811 958 1083 774 959 
2812 935 1084 959 783 
2813 467 958 935 1084 
2814 467 1084 1083 958 
2815 958 935 1084 959 
2816 958 959 1084 1083 
2817 251 364 359 1003 
2818 364 282 363 1085 
2819 359 363 37 1004 
2820 1003 1085 1004 774 
2821 364 359 1003 1085 
2822 364 1085 363 359 
2823 359 1003 1085 1004 
2824 359 1004 1085 363 
2825 551 689 690 1086 
2826 689 535 656 1077 
2827 690 656 539 1016 
2828 1086 1077 1016 790 
2829 689 690 1086 1077 
2830 689 1077 656 690 
2831 690 1086 1077 1016 
2832 690 1016 1077 656 
2833 694 1087 1088 1089 
2834 1087 769 1006 825 
2835 1088 1006 780 1090 
2836 1089 825 1090 791 
2837 1087 1088 1089 825 
2838 1087 825 1006 1088 
2839 1088 1089 825 1090 
2840 1088 1090 825 1006 
2841 265 511 1072 1074 
2842 511 274 1091 1092 
2843 1072 1091 783 1076 
2844 1074 1092 1076 789 
2845 511 1072 1074 1092 
2846 511 1092 1091 1072 
2847 1072 1074 1092 1076 
2848 1072 1076 1092 1091 
2849 266 422 423 904 
2850 422 244 394 855 
2851 423 394 262 821 
2852 904 855 821 771 
2853 422 423 904 855 
2854 422 855 394 423 
2855 423 904 855 821 
2856 423 821 855 394 
2857 261 501 1093 1094 
2858 501 273 877 844 
2859 1093 877 765 817 
2860 1094 844 817 778 
2861 501 1093 1094 844 
2862 501 844 877 1093 
2863 1093 1094 844 817 
2864 1093 817 844 877 
2865 250 1082 456 978 
2866 1082 768 937 800 
2867 456 937 269 997 
2868 978 800 997 778 
2869 1082 456 978 800 
2870 1082 800 937 456 
2871 456 978 800 997 
2872 456 997 800 937 
2873 697 834 1095 835 
2874 834 292 407 836 
2875 1095 407 246 1096 
2876 835 836 1096 769 
2877 834 1095 835 836 
2878 834 836 407 1095 
2879 1095 835 836 1096 
2880 1095 1096 836 407 
2881 534 672 950 1009 
2882 672 527 1013 1014 
2883 950 1013 773 880 
2884 1009 1014 880 781 
2885 672 950 1009 1014 
2886 672 1014 1013 950 
2887 950 1009 1014 880 
2888 950 880 1014 1013 
2889 280 454 455 798 
2890 454 250 456 978 
2891 455 456 269 997 
2892 798 978 997 778 
2893 454 455 798 978 
2894 454 978 456 455 
2895 455 798 978 997 
2896 455 997 978 456 
2897 263 1097 507 1098 
2898 1097 771 797 813 
2899 507 797 280 811 
2900 1098 813 811 784 
2901 1097 507 1098 813 
2902 1097 813 797 507 
2903 507 1098 813 811 
2904 507 811 813 797 
2905 697 749 835 1099 
2906 749 701 1065 1064 
2907 835 1065 769 848 
2908 1099 1064 848 775 
2909 749 835 1099 1064 
2910 749 1064 1065 835 
2911 835 1099 1064 848 
2912 835 848 1064 1065 
2913 694 1087 748 1088 
2914 1087 769 1065 1006 
2915 748 1065 701 1066 
2916 1088 1006 1066 780 
2917 1087 748 1088 1006 
2918 1087 1006 1065 748 
2919 748 1088 1006 1066 
2920 748 1066 1006 1065 
2921 257 354 355 983 
2922 354 31 350 841 
2923 355 350 286 993 
2924 983 841 993 773 
2925 354 355 983 841 
2926 354 841 350 355 
2927 355 983 841 993 
2928 355 993 841 350 
2929 23 1100 1101 1102 
2930 1100 515 589 1060 
2931 1101 589 553 1061 
2932 1102 1060 1061 788 
2933 1100 1101 1102 1060 
2934 1100 1060 589 1101 
2935 1101 1102 1060 1061 
2936 1101 1061 1060 589 
2937 524 1103 658 1104 
2938 1103 767 868 873 
2939 658 868 526 871 
2940 1104 873 871 774 
2941 1103 658 1104 873 
2942 1103 873 868 658 
2943 658 1104 873 871 
2944 658 871 873 868 
2945 23 1101 1106 1102 
2946 1101 553 1105 1061 
2947 1106 1105 778 1107 
2948 1102 1061 1107 788 
2949 1101 1106 1102 1061 
2950 1101 1061 1105 1106 
2951 1106 1102 1061 1107 
2952 1106 1107 1061 1105 
2953 251 459 364 1003 
2954 459 295 464 958 
2955 364 464 282 1085 
2956 1003 958 1085 774 
2957 459 364 1003 958 
2958 459 958 464 364 
2959 364 1003 958 1085 
2960 364 1085 958 464 
2961 763 931 823 919 
2962 931 770 932 998 
2963 823 932 782 1079 
2964 919 998 1079 785 
2965 931 823 919 998 
2966 931 998 932 823 
2967 823 919 998 1079 
2968 823 1079 998 932 
2969 251 461 1023 1025 
2970 461 272 828 1044 
2971 1023 828 764 1024 
2972 1025 1044 1024 781 
2973 461 1023 1025 1044 
2974 461 1044 828 1023 
2975 1023 1025 1044 1024 
2976 1023 1024 1044 828 
2977 534 672 648 950 
2978 672 527 670 1013 
2979 648 670 533 947 
2980 950 1013 947 773 
2981 672 648 950 1013 
2982 672 1013 670 648 
2983 648 950 1013 947 
2984 648 947 1013 670 
2985 765 817 815 944 
2986 817 778 818 1107 
2987 815 818 531 1108 
2988 944 1107 1108 788 
2989 817 815 944 1107 
2990 817 1107 818 815 
2991 815 944 1107 1108 
2992 815 1108 1107 818 
2993 531 815 677 804 
2994 815 765 946 816 
2995 677 946 533 1052 
2996 804 816 1052 779 
2997 815 677 804 816 
2998 815 816 946 677 
2999 677 804 816 1052 
3000 677 1052 816 946 
3001 703 751 1109 1110 
3002 751 694 1088 1089 
3003 1109 1088 780 1090 
3004 1110 1089 1090 791 
3005 751 1109 1110 1089 
3006 751 1089 1088 1109 
3007 1109 1110 1089 1090 
3008 1109 1090 1089 1088 
3009 698 730 1048 807 
3010 730 104 396 1111 
3011 1048 396 258 1049 
3012 807 1111 1049 766 
3013 730 1048 807 1111 
3014 730 1111 396 1048 
3015 1048 807 1111 1049 
3016 1048 1049 1111 396 
3017 697 750 742 835 
3018 750 694 712 1087 
3019 742 712 707 837 
3020 835 1087 837 769 
3021 750 742 835 1087 
3022 750 1087 712 742 
3023 742 835 1087 837 
3024 742 837 1087 712 
3025 552 1038 962 956 
3026 1038 35 360 1112 
3027 962 360 251 1025 
3028 956 1112 1025 781 
3029 1038 962 956 1112 
3030 1038 1112 360 962 
3031 962 956 1112 1025 
3032 962 1025 1112 360 
3033 533 946 947 1052 
3034 946 765 858 816 
3035 947 858 773 1012 
3036 1052 816 1012 779 
3037 946 947 1052 816 
3038 946 816 858 947 
3039 947 1052 816 1012 
3040 947 1012 816 858 
3041 272 460 461 828 
3042 460 295 459 917 
3043 461 459 251 1023 
3044 828 917 1023 764 
3045 460 461 828 917 
3046 460 917 459 461 
3047 461 828 917 1023 
3048 461 1023 917 459 
3049 21 339 1114 1115 
3050 339 284 1113 1116 
3051 1114 1113 553 1105 
3052 1115 1116 1105 778 
3053 339 1114 1115 1116 
3054 339 1116 1113 1114 
3055 1114 1115 1116 1105 
3056 1114 1105 1116 1113 
3057 536 894 1037 1117 
3058 894 776 999 1118 
3059 1037 999 770 1018 
3060 1117 1118 1018 790 
3061 894 1037 1117 1118 
3062 894 1118 999 1037 
3063 1037 1117 1118 1018 
3064 1037 1018 1118 999 
3065 553 1113 1101 1105 
3066 1113 284 338 1116 
3067 1101 338 23 1106 
3068 1105 1116 1106 778 
3069 1113 1101 1105 1116 
3070 1113 1116 338 1101 
3071 1101 1105 1116 1106 
3072 1101 1106 1116 338 
3073 113 1119 411 1069 
3074 1119 777 1120 1041 
3075 411 1120 265 1068 
3076 1069 1041 1068 782 
3077 1119 411 1069 1041 
3078 1119 1041 1120 411 
3079 411 1069 1041 1068 
3080 411 1068 1041 1120 
3081 547 1121 622 1062 
3082 1121 778 1105 1107 
3083 622 1105 553 1061 
3084 1062 1107 1061 788 
3085 1121 622 1062 1107 
3086 1121 1107 1105 622 
3087 622 1062 1107 1061 
3088 622 1061 1107 1105 
3089 249 906 348 911 
3090 906 521 1122 909 
3091 348 1122 27 1123 
3092 911 909 1123 788 
3093 906 348 911 909 
3094 906 909 1122 348 
3095 348 911 909 1123 
3096 348 1123 909 1122 
3097 763 912 1078 922 
3098 912 768 812 920 
3099 1078 812 784 1124 
3100 922 920 1124 787 
3101 912 1078 922 920 
3102 912 920 812 1078 
3103 1078 922 920 1124 
3104 1078 1124 920 812 
3105 301 479 1020 1022 
3106 479 276 1125 1126 
3107 1020 1125 768 920 
3108 1022 1126 920 787 
3109 479 1020 1022 1126 
3110 479 1126 1125 1020 
3111 1020 1022 1126 920 
3112 1020 920 1126 1125 
3113 251 463 461 1025 
3114 463 300 462 1043 
3115 461 462 272 1044 
3116 1025 1043 1044 781 
3117 463 461 1025 1043 
3118 463 1043 462 461 
3119 461 1025 1043 1044 
3120 461 1044 1043 462 
3121 265 419 1068 1072 
3122 419 278 1127 1128 
3123 1068 1127 782 1081 
3124 1072 1128 1081 783 
3125 419 1068 1072 1128 
3126 419 1128 1127 1068 
3127 1068 1072 1128 1081 
3128 1068 1081 1128 1127 
3129 261 1094 1093 1129 
3130 1094 778 817 1107 
3131 1093 817 765 944 
3132 1129 1107 944 788 
3133 1094 1093 1129 1107 
3134 1094 1107 817 1093 
3135 1093 1129 1107 944 
3136 1093 944 1107 817 
3137 265 1120 1073 1068 
3138 1120 777 1130 1041 
3139 1073 1130 767 996 
3140 1068 1041 996 782 
3141 1120 1073 1068 1041 
3142 1120 1041 1130 1073 
3143 1073 1068 1041 996 
3144 1073 996 1041 1130 
3145 697 835 1095 1099 
3146 835 769 1096 848 
3147 1095 1096 246 1131 
3148 1099 848 1131 775 
3149 835 1095 1099 848 
3150 835 848 1096 1095 
3151 1095 1099 848 1131 
3152 1095 1131 848 1096 
3153 541 1132 586 979 
3154 1132 21 1114 1115 
3155 586 1114 553 1105 
3156 979 1115 1105 778 
3157 1132 586 979 1115 
3158 1132 1115 1114 586 
3159 586 979 1115 1105 
3160 586 1105 1115 1114 
3161 707 837 712 926 
3162 837 769 1087 825 
3163 712 1087 694 1089 
3164 926 825 1089 791 
3165 837 712 926 825 
3166 837 825 1087 712 
3167 712 926 825 1089 
3168 712 1089 825 1087 
3169 520 1133 1135 1136 
3170 1133 774 1134 1138 
3171 1135 1134 41 1137 
3172 1136 1138 1137 789 
3173 1133 1135 1136 1138 
3174 1133 1138 1134 1135 
3175 1135 1136 1138 1137 
3176 1135 1137 1138 1134 
3177 540 949 927 1008 
3178 949 778 800 981 
3179 927 800 768 1034 
3180 1008 981 1034 786 
3181 949 927 1008 981 
3182 949 981 800 927 
3183 927 1008 981 1034 
3184 927 1034 981 800 
3185 100 392 388 728 
3186 392 262 394 820 
3187 388 394 244 853 
3188 728 820 853 705 
3189 392 388 728 820 
3190 392 820 394 388 
3191 388 728 820 853 
3192 388 853 820 394 
3193 537 1139 684 1140 
3194 1139 768 801 863 
3195 684 801 530 862 
3196 1140 863 862 776 
3197 1139 684 1140 863 
3198 1139 863 801 684 
3199 684 1140 863 862 
3200 684 862 863 801 
3201 767 893 873 1075 
3202 893 783 959 1076 
3203 873 959 774 1138 
3204 1075 1076 1138 789 
3205 893 873 1075 1076 
3206 893 1076 959 873 
3207 873 1075 1076 1138 
3208 873 1138 1076 959 
3209 550 1053 663 954 
3210 1053 764 945 1024 
3211 663 945 527 1014 
3212 954 1024 1014 781 
3213 1053 663 954 1024 
3214 1053 1024 945 663 
3215 663 954 1024 1014 
3216 663 1014 1024 945 
3217 695 722 717 1055 
3218 722 702 721 1056 
3219 717 721 94 1141 
3220 1055 1056 1141 784 
3221 722 717 1055 1056 
3222 722 1056 721 717 
3223 717 1055 1056 1141 
3224 717 1141 1056 721 
3225 703 751 752 1109 
3226 751 694 748 1088 
3227 752 748 701 1066 
3228 1109 1088 1066 780 
3229 751 752 1109 1088 
3230 751 1088 748 752 
3231 752 1109 1088 1066 
3232 752 1066 1088 748 
3233 301 1020 479 1033 
3234 1020 768 1125 1034 
3235 479 1125 276 1142 
3236 1033 1034 1142 786 
3237 1020 479 1033 1034 
3238 1020 1034 1125 479 
3239 479 1033 1034 1142 
3240 479 1142 1034 1125 
3241 247 1143 1144 1145 
3242 1143 772 1046 1057 
3243 1144 1046 695 1055 
3244 1145 1057 1055 784 
3245 1143 1144 1145 1057 
3246 1143 1057 1046 1144 
3247 1144 1145 1057 1055 
3248 1144 1055 1057 1046 
3249 260 365 1146 1147 
3250 365 41 1135 1134 
3251 1146 1135 520 1133 
3252 1147 1134 1133 774 
3253 365 1146 1147 1134 
3254 365 1134 1135 1146 
3255 1146 1147 1134 1133 
3256 1146 1133 1134 1135 
3257 696 1148 1149 1150 
3258 1148 248 905 936 
3259 1149 905 766 875 
3260 1150 936 875 775 
3261 1148 1149 1150 936 
3262 1148 936 905 1149 
3263 1149 1150 936 875 
3264 1149 875 936 905 
3265 532 1151 1152 1153 
3266 1151 777 888 1154 
3267 1152 888 770 998 
3268 1153 1154 998 785 
3269 1151 1152 1153 1154 
3270 1151 1154 888 1152 
3271 1152 1153 1154 998 
3272 1152 998 1154 888 
3273 261 501 502 1093 
3274 501 273 425 877 
3275 502 425 266 903 
3276 1093 877 903 765 
3277 501 502 1093 877 
3278 501 877 425 502 
3279 502 1093 877 903 
3280 502 903 877 425 
3281 260 365 1147 1155 
3282 365 41 1134 1137 
3283 1147 1134 774 1138 
3284 1155 1137 1138 789 
3285 365 1147 1155 1137 
3286 365 1137 1134 1147 
3287 1147 1155 1137 1138 
3288 1147 1138 1137 1134 
3289 763 901 931 922 
3290 901 772 930 1050 
3291 931 930 770 1000 
3292 922 1050 1000 787 
3293 901 931 922 1050 
3294 901 1050 930 931 
3295 931 922 1050 1000 
3296 931 1000 1050 930 
3297 696 738 733 1150 
3298 738 706 737 1157 
3299 733 737 106 1156 
3300 1150 1157 1156 775 
3301 738 733 1150 1157 
3302 738 1157 737 733 
3303 733 1150 1157 1156 
3304 733 1156 1157 737 
3305 295 460 466 918 
3306 460 272 445 874 
3307 466 445 252 1158 
3308 918 874 1158 775 
3309 460 466 918 874 
3310 460 874 445 466 
3311 466 918 874 1158 
3312 466 1158 874 445 
3313 532 654 1152 1151 
3314 654 535 929 1010 
3315 1152 929 770 888 
3316 1151 1010 888 777 
3317 654 1152 1151 1010 
3318 654 1010 929 1152 
3319 1152 1151 1010 888 
3320 1152 888 1010 929 
3321 536 679 1037 895 
3322 679 529 1159 1054 
3323 1037 1159 770 998 
3324 895 1054 998 785 
3325 679 1037 895 1054 
3326 679 1054 1159 1037 
3327 1037 895 1054 998 
3328 1037 998 1054 1159 
3329 290 500 512 1160 
3330 500 274 511 1092 
3331 512 511 265 1074 
3332 1160 1092 1074 789 
3333 500 512 1160 1092 
3334 500 1092 511 512 
3335 512 1160 1092 1074 
3336 512 1074 1092 511 
3337 534 649 652 950 
3338 649 521 598 908 
3339 652 598 544 842 
3340 950 908 842 773 
3341 649 652 950 908 
3342 649 908 598 652 
3343 652 950 908 842 
3344 652 842 908 598 
3345 707 712 710 926 
3346 712 694 709 1089 
3347 710 709 3 1011 
3348 926 1089 1011 791 
3349 712 710 926 1089 
3350 712 1089 709 710 
3351 710 926 1089 1011 
3352 710 1011 1089 709 
3353 701 748 749 1065 
3354 748 694 750 1087 
3355 749 750 697 835 
3356 1065 1087 835 769 
3357 748 749 1065 1087 
3358 748 1087 750 749 
3359 749 1065 1087 835 
3360 749 835 1087 750 
3361 700 743 744 989 
3362 743 699 745 1029 
3363 744 745 693 1058 
3364 989 1029 1058 780 
3365 743 744 989 1029 
3366 743 1029 745 744 
3367 744 989 1029 1058 
3368 744 1058 1029 745 
3369 532 1152 654 1153 
3370 1152 770 929 998 
3371 654 929 535 1161 
3372 1153 998 1161 785 
3373 1152 654 1153 998 
3374 1152 998 929 654 
3375 654 1153 998 1161 
3376 654 1161 998 929 
3377 265 1073 1120 1074 
3378 1073 767 1130 1075 
3379 1120 1130 777 1162 
3380 1074 1075 1162 789 
3381 1073 1120 1074 1075 
3382 1073 1075 1130 1120 
3383 1120 1074 1075 1162 
3384 1120 1162 1075 1130 
3385 524 658 645 1104 
3386 658 526 657 871 
3387 645 657 525 916 
3388 1104 871 916 774 
3389 658 645 1104 871 
3390 658 871 657 645 
3391 645 1104 871 916 
3392 645 916 871 657 
3393 247 1144 379 1145 
3394 1144 695 717 1055 
3395 379 717 94 1141 
3396 1145 1055 1141 784 
3397 1144 379 1145 1055 
3398 1144 1055 717 379 
3399 379 1145 1055 1141 
3400 379 1141 1055 717 
3401 301 479 480 1033 
3402 479 276 478 1142 
3403 480 478 255 1163 
3404 1033 1142 1163 786 
3405 479 480 1033 1142 
3406 479 1142 478 480 
3407 480 1033 1142 1163 
3408 480 1163 1142 478 
3409 537 639 684 1139 
3410 639 540 683 927 
3411 684 683 530 801 
3412 1139 927 801 768 
3413 639 684 1139 927 
3414 639 927 683 684 
3415 684 1139 927 801 
3416 684 801 927 683 
3417 536 679 681 1037 
3418 679 529 680 1159 
3419 681 680 535 929 
3420 1037 1159 929 770 
3421 679 681 1037 1159 
3422 679 1159 680 681 
3423 681 1037 1159 929 
3424 681 929 1159 680 
3425 696 735 759 1149 
3426 735 698 760 807 
3427 759 760 699 809 
3428 1149 807 809 766 
3429 735 759 1149 807 
3430 735 807 760 759 
3431 759 1149 807 809 
3432 759 809 807 760 
3433 15 1164 326 1166 
3434 1164 776 1165 1035 
3435 326 1165 287 1167 
3436 1166 1035 1167 786 
3437 1164 326 1166 1035 
3438 1164 1035 1165 326 
3439 326 1166 1035 1167 
3440 326 1167 1035 1165 
3441 246 407 1095 405 
3442 407 292 834 310 
3443 1095 834 697 739 
3444 405 310 739 110 
3445 407 1095 405 310 
3446 407 310 834 1095 
3447 1095 405 310 739 
3448 1095 739 310 834 
3449 276 1168 1125 1126 
3450 1168 784 812 1124 
3451 1125 812 768 920 
3452 1126 1124 920 787 
3453 1168 1125 1126 1124 
3454 1168 1124 812 1125 
3455 1125 1126 1124 920 
3456 1125 920 1124 812 
3457 19 1026 178 995 
3458 1026 519 1169 1027 
3459 178 1169 124 1170 
3460 995 1027 1170 786 
3461 1026 178 995 1027 
3462 1026 1027 1169 178 
3463 178 995 1027 1170 
3464 178 1170 1027 1169 
3465 516 1171 1172 1173 
3466 1171 138 142 1175 
3467 1172 142 1 1174 
3468 1173 1175 1174 789 
3469 1171 1172 1173 1175 
3470 1171 1175 142 1172 
3471 1172 1173 1175 1174 
3472 1172 1174 1175 142 
3473 122 218 1177 1178 
3474 218 35 1176 1112 
3475 1177 1176 518 1179 
3476 1178 1112 1179 781 
3477 218 1177 1178 1112 
3478 218 1112 1176 1177 
3479 1177 1178 1112 1179 
3480 1177 1179 1112 1176 
3481 696 1149 759 1180 
3482 1149 766 809 1028 
3483 759 809 699 1029 
3484 1180 1028 1029 780 
3485 1149 759 1180 1028 
3486 1149 1028 809 759 
3487 759 1180 1028 1029 
3488 759 1029 1028 809 
3489 275 939 432 942 
3490 939 782 1181 827 
3491 432 1181 279 1182 
3492 942 827 1182 791 
3493 939 432 942 827 
3494 939 827 1181 432 
3495 432 942 827 1182 
3496 432 1182 827 1181 
3497 297 451 452 957 
3498 451 270 450 859 
3499 452 450 249 907 
3500 957 859 907 773 
3501 451 452 957 859 
3502 451 859 450 452 
3503 452 957 859 907 
3504 452 907 859 450 
3505 273 426 424 843 
3506 426 296 390 1042 
3507 424 390 244 855 
3508 843 1042 855 771 
3509 426 424 843 1042 
3510 426 1042 390 424 
3511 424 843 1042 855 
3512 424 855 1042 390 
3513 277 513 492 881 
3514 513 300 487 934 
3515 492 487 291 971 
3516 881 934 971 773 
3517 513 492 881 934 
3518 513 934 487 492 
3519 492 881 934 971 
3520 492 971 934 487 
3521 269 482 455 938 
3522 482 263 507 1098 
3523 455 507 280 811 
3524 938 1098 811 784 
3525 482 455 938 1098 
3526 482 1098 507 455 
3527 455 938 1098 811 
3528 455 811 1098 507 
3529 696 757 1150 1180 
3530 757 701 1064 1066 
3531 1150 1064 775 1007 
3532 1180 1066 1007 780 
3533 757 1150 1180 1066 
3534 757 1066 1064 1150 
3535 1150 1180 1066 1007 
3536 1150 1007 1066 1064 
3537 767 873 1103 1075 
3538 873 774 1104 1138 
3539 1103 1104 524 1183 
3540 1075 1138 1183 789 
3541 873 1103 1075 1138 
3542 873 1138 1104 1103 
3543 1103 1075 1138 1183 
3544 1103 1183 1138 1104 
3545 261 1093 502 1129 
3546 1093 765 903 944 
3547 502 903 266 1184 
3548 1129 944 1184 788 
3549 1093 502 1129 944 
3550 1093 944 903 502 
3551 502 1129 944 1184 
3552 502 1184 944 903 
3553 289 885 315 886 
3554 885 522 1185 887 
3555 315 1185 5 1186 
3556 886 887 1186 777 
3557 885 315 886 887 
3558 885 887 1185 315 
3559 315 886 887 1186 
3560 315 1186 887 1185 
3561 696 1150 1149 1180 
3562 1150 775 875 1007 
3563 1149 875 766 1028 
3564 1180 1007 1028 780 
3565 1150 1149 1180 1007 
3566 1150 1007 875 1149 
3567 1149 1180 1007 1028 
3568 1149 1028 1007 875 
3569 538 646 664 951 
3570 646 525 662 916 
3571 664 662 550 952 
3572 951 916 952 774 
3573 646 664 951 916 
3574 646 916 662 664 
3575 664 951 916 952 
3576 664 952 916 662 
3577 21 1132 335 1115 
3578 1132 541 977 979 
3579 335 977 250 978 
3580 1115 979 978 778 
3581 1132 335 1115 979 
3582 1132 979 977 335 
3583 335 1115 979 978 
3584 335 978 979 977 
3585 117 1187 923 925 
3586 1187 782 822 827 
3587 923 822 769 825 
3588 925 827 825 791 
3589 1187 923 925 827 
3590 1187 827 822 923 
3591 923 925 827 825 
3592 923 825 827 822 
3593 262 397 488 819 
3594 397 258 489 1049 
3595 488 489 270 856 
3596 819 1049 856 766 
3597 397 488 819 1049 
3598 397 1049 489 488 
3599 488 819 1049 856 
3600 488 856 1049 489 
3601 122 1177 217 1178 
3602 1177 518 1188 1179 
3603 217 1188 33 1189 
3604 1178 1179 1189 781 
3605 1177 217 1178 1179 
3606 1177 1179 1188 217 
3607 217 1178 1179 1189 
3608 217 1189 1179 1188 
3609 283 1190 1191 1192 
3610 1190 770 1000 1018 
3611 1191 1000 787 1193 
3612 1192 1018 1193 790 
3613 1190 1191 1192 1018 
3614 1190 1018 1000 1191 
3615 1191 1192 1018 1193 
3616 1191 1193 1018 1000 
3617 707 710 833 924 
3618 710 3 311 118 
3619 833 311 292 312 
3620 924 118 312 117 
3621 710 833 924 118 
3622 710 118 311 833 
3623 833 924 118 312 
3624 833 312 118 311 
3625 769 822 1194 852 
3626 822 782 1127 1081 
3627 1194 1127 278 1128 
3628 852 1081 1128 783 
3629 822 1194 852 1081 
3630 822 1081 1127 1194 
3631 1194 852 1081 1128 
3632 1194 1128 1081 1127 
3633 293 313 308 1195 
3634 313 117 118 925 
3635 308 118 3 1011 
3636 1195 925 1011 791 
3637 313 308 1195 925 
3638 313 925 118 308 
3639 308 1195 925 1011 
3640 308 1011 925 118 
3641 265 419 410 1068 
3642 419 278 415 1127 
3643 410 415 115 1067 
3644 1068 1127 1067 782 
3645 419 410 1068 1127 
3646 419 1127 415 410 
3647 410 1068 1127 1067 
3648 410 1067 1127 415 
3649 94 721 381 1141 
3650 721 702 1196 1056 
3651 381 1196 256 1197 
3652 1141 1056 1197 784 
3653 721 381 1141 1056 
3654 721 1056 1196 381 
3655 381 1141 1056 1197 
3656 381 1197 1056 1196 
3657 260 1146 366 1147 
3658 1146 520 1198 1133 
3659 366 1198 39 1199 
3660 1147 1133 1199 774 
3661 1146 366 1147 1133 
3662 1146 1133 1198 366 
3663 366 1147 1133 1199 
3664 366 1199 1133 1198 
3665 703 1109 1200 1110 
3666 1109 780 1047 1090 
3667 1200 1047 772 902 
3668 1110 1090 902 791 
3669 1109 1200 1110 1090 
3670 1109 1090 1047 1200 
3671 1200 1110 1090 902 
3672 1200 902 1090 1047 
3673 533 647 648 947 
3674 647 521 649 908 
3675 648 649 534 950 
3676 947 908 950 773 
3677 647 648 947 908 
3678 647 908 649 648 
3679 648 947 908 950 
3680 648 950 908 649 
3681 117 414 923 1187 
3682 414 278 1194 1127 
3683 923 1194 769 822 
3684 1187 1127 822 782 
3685 414 923 1187 1127 
3686 414 1127 1194 923 
3687 923 1187 1127 822 
3688 923 822 1127 1194 
3689 702 1201 1202 1056 
3690 1201 771 1097 813 
3691 1202 1097 263 1098 
3692 1056 813 1098 784 
3693 1201 1202 1056 813 
3694 1201 813 1097 1202 
3695 1202 1056 813 1098 
3696 1202 1098 813 1097 
3697 763 914 1005 1078 
3698 914 771 1030 813 
3699 1005 1030 780 1203 
3700 1078 813 1203 784 
3701 914 1005 1078 813 
3702 914 813 1030 1005 
3703 1005 1078 813 1203 
3704 1005 1203 813 1030 
3705 259 317 897 1017 
3706 317 9 1204 1205 
3707 897 1204 539 1016 
3708 1017 1205 1016 790 
3709 317 897 1017 1205 
3710 317 1205 1204 897 
3711 897 1017 1205 1016 
3712 897 1016 1205 1204 
3713 763 914 928 1005 
3714 914 771 810 1030 
3715 928 810 766 1028 
3716 1005 1030 1028 780 
3717 914 928 1005 1030 
3718 914 1030 810 928 
3719 928 1005 1030 1028 
3720 928 1028 1030 810 
3721 278 420 1194 1128 
3722 420 292 836 1206 
3723 1194 836 769 852 
3724 1128 1206 852 783 
3725 420 1194 1128 1206 
3726 420 1206 836 1194 
3727 1194 1128 1206 852 
3728 1194 852 1206 836 
3729 537 639 1139 1207 
3730 639 540 927 1008 
3731 1139 927 768 1034 
3732 1207 1008 1034 786 
3733 639 1139 1207 1008 
3734 639 1008 927 1139 
3735 1139 1207 1008 1034 
3736 1139 1034 1008 927 
3737 297 453 505 861 
3738 453 281 503 1036 
3739 505 503 266 903 
3740 861 1036 903 765 
3741 453 505 861 1036 
3742 453 1036 503 505 
3743 505 861 1036 903 
3744 505 903 1036 503 
3745 266 903 503 1184 
3746 903 765 1036 944 
3747 503 1036 281 1059 
3748 1184 944 1059 788 
3749 903 503 1184 944 
3750 903 944 1036 503 
3751 503 1184 944 1059 
3752 503 1059 944 1036 
3753 259 319 493 899 
3754 319 289 496 883 
3755 493 496 275 940 
3756 899 883 940 770 
3757 319 493 899 883 
3758 319 883 496 493 
3759 493 899 883 940 
3760 493 940 883 496 
3761 764 872 869 890 
3762 872 774 873 959 
3763 869 873 767 893 
3764 890 959 893 783 
3765 872 869 890 959 
3766 872 959 873 869 
3767 869 890 959 893 
3768 869 893 959 873 
3769 524 625 658 1103 
3770 625 532 659 1208 
3771 658 659 526 868 
3772 1103 1208 868 767 
3773 625 658 1103 1208 
3774 625 1208 659 658 
3775 658 1103 1208 868 
3776 658 868 1208 659 
3777 696 759 757 1180 
3778 759 699 761 1029 
3779 757 761 701 1066 
3780 1180 1029 1066 780 
3781 759 757 1180 1029 
3782 759 1029 761 757 
3783 757 1180 1029 1066 
3784 757 1066 1029 761 
3785 102 395 393 806 
3786 395 258 397 1049 
3787 393 397 262 819 
3788 806 1049 819 766 
3789 395 393 806 1049 
3790 395 1049 397 393 
3791 393 806 1049 819 
3792 393 819 1049 397 
3793 537 684 685 1140 
3794 684 530 678 862 
3795 685 678 536 894 
3796 1140 862 894 776 
3797 684 685 1140 862 
3798 684 862 678 685 
3799 685 1140 862 894 
3800 685 894 862 678 
3801 529 680 1159 1054 
3802 680 535 929 1161 
3803 1159 929 770 998 
3804 1054 1161 998 785 
3805 680 1159 1054 1161 
3806 680 1161 929 1159 
3807 1159 1054 1161 998 
3808 1159 998 1161 929 
3809 133 1209 172 1211 
3810 1209 549 1210 1212 
3811 172 1210 15 1166 
3812 1211 1212 1166 786 
3813 1209 172 1211 1212 
3814 1209 1212 1210 172 
3815 172 1211 1212 1166 
3816 172 1166 1212 1210 
3817 763 1005 901 1078 
3818 1005 780 1047 1203 
3819 901 1047 772 1057 
3820 1078 1203 1057 784 
3821 1005 901 1078 1203 
3822 1005 1203 1047 901 
3823 901 1078 1203 1057 
3824 901 1057 1203 1047 
3825 298 316 302 1213 
3826 316 289 315 886 
3827 302 315 5 1186 
3828 1213 886 1186 777 
3829 316 302 1213 886 
3830 316 886 315 302 
3831 302 1213 886 1186 
3832 302 1186 886 315 
3833 280 507 508 797 
3834 507 263 391 1097 
3835 508 391 296 1042 
3836 797 1097 1042 771 
3837 507 508 797 1097 
3838 507 1097 391 508 
3839 508 797 1097 1042 
3840 508 1042 1097 391 
3841 295 467 464 958 
3842 467 267 499 1083 
3843 464 499 282 1085 
3844 958 1083 1085 774 
3845 467 464 958 1083 
3846 467 1083 499 464 
3847 464 958 1083 1085 
3848 464 1085 1083 499 
3849 542 1214 1215 1216 
3850 1214 287 326 1165 
3851 1215 326 15 1164 
3852 1216 1165 1164 776 
3853 1214 1215 1216 1165 
3854 1214 1165 326 1215 
3855 1215 1216 1165 1164 
3856 1215 1164 1165 326 
3857 23 1106 338 1102 
3858 1106 778 1116 1107 
3859 338 1116 284 1217 
3860 1102 1107 1217 788 
3861 1106 338 1102 1107 
3862 1106 1107 1116 338 
3863 338 1102 1107 1217 
3864 338 1217 1107 1116 
3865 276 1125 483 1142 
3866 1125 768 937 1034 
3867 483 937 269 1218 
3868 1142 1034 1218 786 
3869 1125 483 1142 1034 
3870 1125 1034 937 483 
3871 483 1142 1034 1218 
3872 483 1218 1034 937 
3873 37 36 359 963 
3874 36 35 360 1038 
3875 359 360 251 962 
3876 963 1038 962 552 
3877 36 359 963 1038 
3878 36 1038 360 359 
3879 359 963 1038 962 
3880 359 962 1038 360 
3881 530 673 674 864 
3882 673 528 667 1051 
3883 674 667 529 1054 
3884 864 1051 1054 785 
3885 673 674 864 1051 
3886 673 1051 667 674 
3887 674 864 1051 1054 
3888 674 1054 1051 667 
3889 532 1208 625 1219 
3890 1208 767 1103 1075 
3891 625 1103 524 1183 
3892 1219 1075 1183 789 
3893 1208 625 1219 1075 
3894 1208 1075 1103 625 
3895 625 1219 1075 1183 
3896 625 1183 1075 1103 
3897 545 1220 1221 1222 
3898 1220 1 141 1224 
3899 1221 141 120 1223 
3900 1222 1224 1223 777 
3901 1220 1221 1222 1224 
3902 1220 1224 141 1221 
3903 1221 1222 1224 1223 
3904 1221 1223 1224 141 
3905 268 1080 428 1001 
3906 1080 772 1225 1050 
3907 428 1225 254 1226 
3908 1001 1050 1226 787 
3909 1080 428 1001 1050 
3910 1080 1050 1225 428 
3911 428 1001 1050 1226 
3912 428 1226 1050 1225 
3913 526 868 659 1227 
3914 868 767 1208 976 
3915 659 1208 532 1153 
3916 1227 976 1153 785 
3917 868 659 1227 976 
3918 868 976 1208 659 
3919 659 1227 976 1153 
3920 659 1153 976 1208 
3921 763 1078 901 922 
3922 1078 784 1057 1124 
3923 901 1057 772 1050 
3924 922 1124 1050 787 
3925 1078 901 922 1124 
3926 1078 1124 1057 901 
3927 901 922 1124 1050 
3928 901 1050 1124 1057 
3929 770 888 1228 998 
3930 888 777 1130 1154 
3931 1228 1130 767 976 
3932 998 1154 976 785 
3933 888 1228 998 1154 
3934 888 1154 1130 1228 
3935 1228 998 1154 976 
3936 1228 976 1154 1130 
3937 521 595 1122 909 
3938 595 546 1229 1230 
3939 1122 1229 27 1123 
3940 909 1230 1123 788 
3941 595 1122 909 1230 
3942 595 1230 1229 1122 
3943 1122 909 1230 1123 
3944 1122 1123 1230 1229 
3945 248 400 398 905 
3946 400 258 396 1049 
3947 398 396 104 1111 
3948 905 1049 1111 766 
3949 400 398 905 1049 
3950 400 1049 396 398 
3951 398 905 1049 1111 
3952 398 1111 1049 396 
3953 532 1208 1151 1153 
3954 1208 767 1130 976 
3955 1151 1130 777 1154 
3956 1153 976 1154 785 
3957 1208 1151 1153 976 
3958 1208 976 1130 1151 
3959 1151 1153 976 1154 
3960 1151 1154 976 1130 
3961 246 1096 407 1231 
3962 1096 769 836 852 
3963 407 836 292 1206 
3964 1231 852 1206 783 
3965 1096 407 1231 852 
3966 1096 852 836 407 
3967 407 1231 852 1206 
3968 407 1206 852 836 
3969 265 1120 411 1074 
3970 1120 777 1119 1162 
3971 411 1119 113 1232 
3972 1074 1162 1232 789 
3973 1120 411 1074 1162 
3974 1120 1162 1119 411 
3975 411 1074 1162 1232 
3976 411 1232 1162 1119 
3977 547 692 622 1121 
3978 692 541 586 979 
3979 622 586 553 1105 
3980 1121 979 1105 778 
3981 692 622 1121 979 
3982 692 979 586 622 
3983 622 1121 979 1105 
3984 622 1105 979 586 
3985 292 312 420 836 
3986 312 117 414 923 
3987 420 414 278 1194 
3988 836 923 1194 769 
3989 312 420 836 923 
3990 312 923 414 420 
3991 420 836 923 1194 
3992 420 1194 923 414 
3993 702 1202 1196 1056 
3994 1202 263 386 1098 
3995 1196 386 256 1197 
3996 1056 1098 1197 784 
3997 1202 1196 1056 1098 
3998 1202 1098 386 1196 
3999 1196 1056 1098 1197 
4000 1196 1197 1098 386 
4001 532 1151 1208 1219 
4002 1151 777 1130 1162 
4003 1208 1130 767 1075 
4004 1219 1162 1075 789 
4005 1151 1208 1219 1162 
4006 1151 1162 1130 1208 
4007 1208 1219 1162 1075 
4008 1208 1075 1162 1130 
4009 704 1233 713 1235 
4010 1233 772 1234 902 
4011 713 1234 90 1236 
4012 1235 902 1236 791 
4013 1233 713 1235 902 
4014 1233 902 1234 713 
4015 713 1235 902 1236 
4016 713 1236 902 1234 
4017 98 725 387 1237 
4018 725 693 854 794 
4019 387 854 244 855 
4020 1237 794 855 771 
4021 725 387 1237 794 
4022 725 794 854 387 
4023 387 1237 794 855 
4024 387 855 794 854 
4025 268 495 972 1001 
4026 495 283 1190 1191 
4027 972 1190 770 1000 
4028 1001 1191 1000 787 
4029 495 972 1001 1191 
4030 495 1191 1190 972 
4031 972 1001 1191 1000 
4032 972 1000 1191 1190 
4033 264 408 409 1040 
4034 408 113 114 1069 
4035 409 114 115 1067 
4036 1040 1069 1067 782 
4037 408 409 1040 1069 
4038 408 1069 114 409 
4039 409 1040 1069 1067 
4040 409 1067 1069 114 
4041 531 677 675 804 
4042 677 533 671 1052 
4043 675 671 528 974 
4044 804 1052 974 779 
4045 677 675 804 1052 
4046 677 1052 671 675 
4047 675 804 1052 974 
4048 675 974 1052 671 
4049 248 447 400 905 
4050 447 277 446 831 
4051 400 446 258 1049 
4052 905 831 1049 766 
4053 447 400 905 831 
4054 447 831 446 400 
4055 400 905 831 1049 
4056 400 1049 831 446 
4057 123 163 1239 1240 
4058 163 13 1238 1242 
4059 1239 1238 517 1241 
4060 1240 1242 1241 790 
4061 163 1239 1240 1242 
4062 163 1242 1238 1239 
4063 1239 1240 1242 1241 
4064 1239 1241 1242 1238 
4065 257 983 486 984 
4066 983 773 934 880 
4067 486 934 300 1043 
4068 984 880 1043 781 
4069 983 486 984 880 
4070 983 880 934 486 
4071 486 984 880 1043 
4072 486 1043 880 934 
4073 283 1191 473 1192 
4074 1191 787 1243 1193 
4075 473 1243 294 1244 
4076 1192 1193 1244 790 
4077 1191 473 1192 1193 
4078 1191 1193 1243 473 
4079 473 1192 1193 1244 
4080 473 1244 1193 1243 
4081 265 411 413 1074 
4082 411 113 307 1232 
4083 413 307 299 1245 
4084 1074 1232 1245 789 
4085 411 413 1074 1232 
4086 411 1232 307 413 
4087 413 1074 1232 1245 
4088 413 1245 1232 307 
4089 284 458 504 1116 
4090 458 280 514 798 
4091 504 514 273 844 
4092 1116 798 844 778 
4093 458 504 1116 798 
4094 458 798 514 504 
4095 504 1116 798 844 
4096 504 844 798 514 
4097 523 616 1246 1247 
4098 616 520 1135 1136 
4099 1246 1135 41 1137 
4100 1247 1136 1137 789 
4101 616 1246 1247 1136 
4102 616 1136 1135 1246 
4103 1246 1247 1136 1137 
4104 1246 1137 1136 1135 
4105 15 1215 1164 1166 
4106 1215 542 1216 1248 
4107 1164 1216 776 1035 
4108 1166 1248 1035 786 
4109 1215 1164 1166 1248 
4110 1215 1248 1216 1164 
4111 1164 1166 1248 1035 
4112 1164 1035 1248 1216 
4113 696 733 1148 1150 
4114 733 106 399 1156 
4115 1148 399 248 936 
4116 1150 1156 936 775 
4117 733 1148 1150 1156 
4118 733 1156 399 1148 
4119 1148 1150 1156 936 
4120 1148 936 1156 399 
4121 260 370 365 1155 
4122 370 290 369 1160 
4123 365 369 41 1137 
4124 1155 1160 1137 789 
4125 370 365 1155 1160 
4126 370 1160 369 365 
4127 365 1155 1160 1137 
4128 365 1137 1160 369 
4129 139 1249 192 1250 
4130 1249 515 1100 1060 
4131 192 1100 23 1102 
4132 1250 1060 1102 788 
4133 1249 192 1250 1060 
4134 1249 1060 1100 192 
4135 192 1250 1060 1102 
4136 192 1102 1060 1100 
4137 768 863 1139 1034 
4138 863 776 1140 1035 
4139 1139 1140 537 1207 
4140 1034 1035 1207 786 
4141 863 1139 1034 1035 
4142 863 1035 1140 1139 
4143 1139 1034 1035 1207 
4144 1139 1207 1035 1140 
4145 35 1038 1176 1112 
4146 1038 552 607 956 
4147 1176 607 518 1179 
4148 1112 956 1179 781 
4149 1038 1176 1112 956 
4150 1038 956 607 1176 
4151 1176 1112 956 1179 
4152 1176 1179 956 607 
4153 15 1210 1215 1166 
4154 1210 549 577 1212 
4155 1215 577 542 1248 
4156 1166 1212 1248 786 
4157 1210 1215 1166 1212 
4158 1210 1212 577 1215 
4159 1215 1166 1212 1248 
4160 1215 1248 1212 577 
4161 767 1130 1228 996 
4162 1130 777 888 1041 
4163 1228 888 770 932 
4164 996 1041 932 782 
4165 1130 1228 996 1041 
4166 1130 1041 888 1228 
4167 1228 996 1041 932 
4168 1228 932 1041 888 
4169 247 1143 1145 1251 
4170 1143 772 1057 1050 
4171 1145 1057 784 1124 
4172 1251 1050 1124 787 
4173 1143 1145 1251 1050 
4174 1143 1050 1057 1145 
4175 1145 1251 1050 1124 
4176 1145 1124 1050 1057 
4177 246 1131 1096 1231 
4178 1131 775 848 851 
4179 1096 848 769 852 
4180 1231 851 852 783 
4181 1131 1096 1231 851 
4182 1131 851 848 1096 
4183 1096 1231 851 852 
4184 1096 852 851 848 
4185 259 899 322 1017 
4186 899 770 1190 1018 
4187 322 1190 283 1192 
4188 1017 1018 1192 790 
4189 899 322 1017 1018 
4190 899 1018 1190 322 
4191 322 1017 1018 1192 
4192 322 1192 1018 1190 
4193 520 613 1198 1133 
4194 613 538 1071 951 
4195 1198 1071 39 1199 
4196 1133 951 1199 774 
4197 613 1198 1133 951 
4198 613 951 1071 1198 
4199 1198 1133 951 1199 
4200 1198 1199 951 1071 
4201 247 378 1144 1143 
4202 378 92 718 1252 
4203 1144 718 695 1046 
4204 1143 1252 1046 772 
4205 378 1144 1143 1252 
4206 378 1252 718 1144 
4207 1144 1143 1252 1046 
4208 1144 1046 1252 718 
4209 255 330 331 1163 
4210 330 15 326 1166 
4211 331 326 287 1167 
4212 1163 1166 1167 786 
4213 330 331 1163 1166 
4214 330 1166 326 331 
4215 331 1163 1166 1167 
4216 331 1167 1166 326 
4217 268 475 495 1001 
4218 475 294 473 1243 
4219 495 473 283 1191 
4220 1001 1243 1191 787 
4221 475 495 1001 1243 
4222 475 1243 473 495 
4223 495 1001 1243 1191 
4224 495 1191 1243 473 
4225 256 383 381 1197 
4226 383 247 379 1145 
4227 381 379 94 1141 
4228 1197 1145 1141 784 
4229 383 381 1197 1145 
4230 383 1145 379 381 
4231 381 1197 1145 1141 
4232 381 1141 1145 379 
4233 293 421 313 1195 
4234 421 279 417 1182 
4235 313 417 117 925 
4236 1195 1182 925 791 
4237 421 313 1195 1182 
4238 421 1182 417 313 
4239 313 1195 1182 925 
4240 313 925 1182 417 
4241 272 444 445 874 
4242 444 248 403 936 
4243 445 403 252 1158 
4244 874 936 1158 775 
4245 444 445 874 936 
4246 444 936 403 445 
4247 445 874 936 1158 
4248 445 1158 936 403 
4249 767 996 1228 976 
4250 996 782 932 1079 
4251 1228 932 770 998 
4252 976 1079 998 785 
4253 996 1228 976 1079 
4254 996 1079 932 1228 
4255 1228 976 1079 998 
4256 1228 998 1079 932 
4257 547 687 688 1121 
4258 687 531 682 818 
4259 688 682 540 949 
4260 1121 818 949 778 
4261 687 688 1121 818 
4262 687 818 682 688 
4263 688 1121 818 949 
4264 688 949 818 682 
4265 264 1032 408 1040 
4266 1032 777 1119 1041 
4267 408 1119 113 1069 
4268 1040 1041 1069 782 
4269 1032 408 1040 1041 
4270 1032 1041 1119 408 
4271 408 1040 1041 1069 
4272 408 1069 1041 1119 
4273 245 429 431 1063 
4274 429 275 432 942 
4275 431 432 279 1182 
4276 1063 942 1182 791 
4277 429 431 1063 942 
4278 429 942 432 431 
4279 431 1063 942 1182 
4280 431 1182 942 432 
4281 33 1188 1253 1189 
4282 1188 518 604 1179 
4283 1253 604 548 878 
4284 1189 1179 878 781 
4285 1188 1253 1189 1179 
4286 1188 1179 604 1253 
4287 1253 1189 1179 878 
4288 1253 878 1179 604 
4289 261 502 346 1129 
4290 502 266 503 1184 
4291 346 503 281 1059 
4292 1129 1184 1059 788 
4293 502 346 1129 1184 
4294 502 1184 503 346 
4295 346 1129 1184 1059 
4296 346 1059 1184 503 
4297 542 1254 1214 1216 
4298 1254 13 327 1255 
4299 1214 327 287 1165 
4300 1216 1255 1165 776 
4301 1254 1214 1216 1255 
4302 1254 1255 327 1214 
4303 1214 1216 1255 1165 
4304 1214 1165 1255 327 
4305 5 1185 1256 1186 
4306 1185 522 562 887 
4307 1256 562 545 1222 
4308 1186 887 1222 777 
4309 1185 1256 1186 887 
4310 1185 887 562 1256 
4311 1256 1186 887 1222 
4312 1256 1222 887 562 
4313 250 336 337 982 
4314 336 19 332 995 
4315 337 332 285 1257 
4316 982 995 1257 786 
4317 336 337 982 995 
4318 336 995 332 337 
4319 337 982 995 1257 
4320 337 1257 995 332 
4321 257 484 486 983 
4322 484 291 487 971 
4323 486 487 300 934 
4324 983 971 934 773 
4325 484 486 983 971 
4326 484 971 487 486 
4327 486 983 971 934 
4328 486 934 971 487 
4329 119 1258 237 1259 
4330 1258 523 1246 1247 
4331 237 1246 41 1137 
4332 1259 1247 1137 789 
4333 1258 237 1259 1247 
4334 1258 1247 1246 237 
4335 237 1259 1247 1137 
4336 237 1137 1247 1246 
4337 90 1234 375 1236 
4338 1234 772 1225 902 
4339 375 1225 254 1260 
4340 1236 902 1260 791 
4341 1234 375 1236 902 
4342 1234 902 1225 375 
4343 375 1236 902 1260 
4344 375 1260 902 1225 
4345 706 738 741 1157 
4346 738 696 758 1150 
4347 741 758 697 1099 
4348 1157 1150 1099 775 
4349 738 741 1157 1150 
4350 738 1150 758 741 
4351 741 1157 1150 1099 
4352 741 1099 1150 758 
4353 702 720 1196 1202 
4354 720 96 382 384 
4355 1196 382 256 386 
4356 1202 384 386 263 
4357 720 1196 1202 384 
4358 720 384 382 1196 
4359 1196 1202 384 386 
4360 1196 386 384 382 
4361 121 198 1261 1262 
4362 198 27 1229 1123 
4363 1261 1229 546 1230 
4364 1262 1123 1230 788 
4365 198 1261 1262 1123 
4366 198 1123 1229 1261 
4367 1261 1262 1123 1230 
4368 1261 1230 1123 1229 
4369 259 494 322 899 
4370 494 268 495 972 
4371 322 495 283 1190 
4372 899 972 1190 770 
4373 494 322 899 972 
4374 494 972 495 322 
4375 322 899 972 1190 
4376 322 1190 972 495 
4377 697 758 749 1099 
4378 758 696 757 1150 
4379 749 757 701 1064 
4380 1099 1150 1064 775 
4381 758 749 1099 1150 
4382 758 1150 757 749 
4383 749 1099 1150 1064 
4384 749 1064 1150 757 
4385 517 1238 1263 1241 
4386 1238 13 1255 1242 
4387 1263 1255 776 1118 
4388 1241 1242 1118 790 
4389 1238 1263 1241 1242 
4390 1238 1242 1255 1263 
4391 1263 1241 1242 1118 
4392 1263 1118 1242 1255 
4393 279 1181 417 1182 
4394 1181 782 1187 827 
4395 417 1187 117 925 
4396 1182 827 925 791 
4397 1181 417 1182 827 
4398 1181 827 1187 417 
4399 417 1182 827 925 
4400 417 925 827 1187 
4401 98 723 725 1237 
4402 723 702 726 1201 
4403 725 726 693 794 
4404 1237 1201 794 771 
4405 723 725 1237 1201 
4406 723 1201 726 725 
4407 725 1237 1201 794 
4408 725 794 1201 726 
4409 247 1145 440 1251 
4410 1145 784 1264 1124 
4411 440 1264 271 1265 
4412 1251 1124 1265 787 
4413 1145 440 1251 1124 
4414 1145 1124 1264 440 
4415 440 1251 1124 1265 
4416 440 1265 1124 1264 
4417 261 343 501 1094 
4418 343 284 504 1116 
4419 501 504 273 844 
4420 1094 1116 844 778 
4421 343 501 1094 1116 
4422 343 1116 504 501 
4423 501 1094 1116 844 
4424 501 844 1116 504 
4425 767 996 892 893 
4426 996 782 822 1081 
4427 892 822 769 852 
4428 893 1081 852 783 
4429 996 892 893 1081 
4430 996 1081 822 892 
4431 892 893 1081 852 
4432 892 852 1081 822 
4433 117 116 414 1187 
4434 116 115 415 1067 
4435 414 415 278 1127 
4436 1187 1067 1127 782 
4437 116 414 1187 1067 
4438 116 1067 415 414 
4439 414 1187 1067 1127 
4440 414 1127 1067 415 
4441 532 653 654 1151 
4442 653 522 655 887 
4443 654 655 535 1010 
4444 1151 887 1010 777 
4445 653 654 1151 887 
4446 653 887 655 654 
4447 654 1151 887 1010 
4448 654 1010 887 655 
4449 269 937 483 938 
4450 937 768 1125 812 
4451 483 1125 276 1168 
4452 938 812 1168 784 
4453 937 483 938 812 
4454 937 812 1125 483 
4455 483 938 812 1168 
4456 483 1168 812 1125 
4457 275 430 493 940 
4458 430 268 494 972 
4459 493 494 259 899 
4460 940 972 899 770 
4461 430 493 940 972 
4462 430 972 494 493 
4463 493 940 972 899 
4464 493 899 972 494 
4465 260 1147 498 1266 
4466 1147 774 1083 959 
4467 498 1083 267 1084 
4468 1266 959 1084 783 
4469 1147 498 1266 959 
4470 1147 959 1083 498 
4471 498 1266 959 1084 
4472 498 1084 959 1083 
4473 23 338 342 1102 
4474 338 284 343 1217 
4475 342 343 261 1129 
4476 1102 1217 1129 788 
4477 338 342 1102 1217 
4478 338 1217 343 342 
4479 342 1102 1217 1129 
4480 342 1129 1217 343 
4481 249 348 349 911 
4482 348 27 344 1123 
4483 349 344 281 1059 
4484 911 1123 1059 788 
4485 348 349 911 1123 
4486 348 1123 344 349 
4487 349 911 1123 1059 
4488 349 1059 1123 344 
4489 516 1172 1267 1173 
4490 1172 1 1224 1174 
4491 1267 1224 777 1162 
4492 1173 1174 1162 789 
4493 1172 1267 1173 1174 
4494 1172 1174 1224 1267 
4495 1267 1173 1174 1162 
4496 1267 1162 1174 1224 
4497 265 511 419 1072 
4498 511 274 437 1091 
4499 419 437 278 1128 
4500 1072 1091 1128 783 
4501 511 419 1072 1091 
4502 511 1091 437 419 
4503 419 1072 1091 1128 
4504 419 1128 1091 437 
4505 35 356 360 1112 
4506 356 288 361 1268 
4507 360 361 251 1025 
4508 1112 1268 1025 781 
4509 356 360 1112 1268 
4510 356 1268 361 360 
4511 360 1112 1268 1025 
4512 360 1025 1268 361 
4513 704 719 716 1233 
4514 719 695 718 1046 
4515 716 718 92 1252 
4516 1233 1046 1252 772 
4517 719 716 1233 1046 
4518 719 1046 718 716 
4519 716 1233 1046 1252 
4520 716 1252 1046 718 
4521 541 692 642 979 
4522 692 547 688 1121 
4523 642 688 540 949 
4524 979 1121 949 778 
4525 692 642 979 1121 
4526 692 1121 688 642 
4527 642 979 1121 949 
4528 642 949 1121 688 
4529 130 1269 157 1271 
4530 1269 554 1270 1272 
4531 157 1270 9 1205 
4532 1271 1272 1205 790 
4533 1269 157 1271 1272 
4534 1269 1272 1270 157 
4535 157 1271 1272 1205 
4536 157 1205 1272 1270 
4537 249 450 352 907 
4538 450 270 449 859 
4539 352 449 286 993 
4540 907 859 993 773 
4541 450 352 907 859 
4542 450 859 449 352 
4543 352 907 859 993 
4544 352 993 859 449 
4545 542 574 1254 1216 
4546 574 517 1238 1263 
4547 1254 1238 13 1255 
4548 1216 1263 1255 776 
4549 574 1254 1216 1263 
4550 574 1263 1238 1254 
4551 1254 1216 1263 1255 
4552 1254 1255 1263 1238 
4553 296 389 390 1042 
4554 389 98 387 1237 
4555 390 387 244 855 
4556 1042 1237 855 771 
4557 389 390 1042 1237 
4558 389 1237 387 390 
4559 390 1042 1237 855 
4560 390 855 1237 387 
4561 247 380 1143 1251 
4562 380 254 1225 1226 
4563 1143 1225 772 1050 
4564 1251 1226 1050 787 
4565 380 1143 1251 1226 
4566 380 1226 1225 1143 
4567 1143 1251 1226 1050 
4568 1143 1050 1226 1225 
4569 21 335 339 1115 
4570 335 250 340 978 
4571 339 340 284 1116 
4572 1115 978 1116 778 
4573 335 339 1115 978 
4574 335 978 340 339 
4575 339 1115 978 1116 
4576 339 1116 978 340 
4577 284 1116 343 1217 
4578 1116 778 1094 1107 
4579 343 1094 261 1129 
4580 1217 1107 1129 788 
4581 1116 343 1217 1107 
4582 1116 1107 1094 343 
4583 343 1217 1107 1129 
4584 343 1129 1107 1094 
4585 702 723 1202 1201 
4586 723 98 385 1237 
4587 1202 385 263 1097 
4588 1201 1237 1097 771 
4589 723 1202 1201 1237 
4590 723 1237 385 1202 
4591 1202 1201 1237 1097 
4592 1202 1097 1237 385 
4593 260 498 497 1266 
4594 498 267 435 1084 
4595 497 435 274 1091 
4596 1266 1084 1091 783 
4597 498 497 1266 1084 
4598 498 1084 435 497 
4599 497 1266 1084 1091 
4600 497 1091 1084 435 
4601 253 469 1273 1274 
4602 469 294 1243 1244 
4603 1273 1243 787 1193 
4604 1274 1244 1193 790 
4605 469 1273 1274 1244 
4606 469 1244 1243 1273 
4607 1273 1274 1244 1193 
4608 1273 1193 1244 1243 
4609 697 740 741 1099 
4610 740 108 736 1275 
4611 741 736 706 1157 
4612 1099 1275 1157 775 
4613 740 741 1099 1275 
4614 740 1275 736 741 
4615 741 1099 1275 1157 
4616 741 1157 1275 736 
4617 124 1169 177 1170 
4618 1169 519 1276 1027 
4619 177 1276 17 1277 
4620 1170 1027 1277 786 
4621 1169 177 1170 1027 
4622 1169 1027 1276 177 
4623 177 1170 1027 1277 
4624 177 1277 1027 1276 
4625 524 1104 643 1183 
4626 1104 774 1133 1138 
4627 643 1133 520 1136 
4628 1183 1138 1136 789 
4629 1104 643 1183 1138 
4630 1104 1138 1133 643 
4631 643 1183 1138 1136 
4632 643 1136 1138 1133 
4633 264 510 412 1032 
4634 510 289 316 886 
4635 412 316 298 1213 
4636 1032 886 1213 777 
4637 510 412 1032 886 
4638 510 886 316 412 
4639 412 1032 886 1213 
4640 412 1213 886 316 
4641 776 948 999 1118 
4642 948 787 1000 1193 
4643 999 1000 770 1018 
4644 1118 1193 1018 790 
4645 948 999 1118 1193 
4646 948 1193 1000 999 
4647 999 1118 1193 1018 
4648 999 1018 1193 1000 
4649 528 974 666 1051 
4650 974 779 968 867 
4651 666 968 526 1227 
4652 1051 867 1227 785 
4653 974 666 1051 867 
4654 974 867 968 666 
4655 666 1051 867 1227 
4656 666 1227 867 968 
4657 296 391 389 1042 
4658 391 263 385 1097 
4659 389 385 98 1237 
4660 1042 1097 1237 771 
4661 391 389 1042 1097 
4662 391 1097 385 389 
4663 389 1042 1097 1237 
4664 389 1237 1097 385 
4665 516 1278 1171 1173 
4666 1278 43 145 1279 
4667 1171 145 138 1175 
4668 1173 1279 1175 789 
4669 1278 1171 1173 1279 
4670 1278 1279 145 1171 
4671 1171 1173 1279 1175 
4672 1171 1175 1279 145 
4673 539 1204 568 1016 
4674 1204 9 1270 1205 
4675 568 1270 554 1272 
4676 1016 1205 1272 790 
4677 1204 568 1016 1205 
4678 1204 1205 1270 568 
4679 568 1016 1205 1272 
4680 568 1272 1205 1270 
4681 257 358 353 984 
4682 358 288 357 1268 
4683 353 357 33 1189 
4684 984 1268 1189 781 
4685 358 353 984 1268 
4686 358 1268 357 353 
4687 353 984 1268 1189 
4688 353 1189 1268 357 
4689 17 1280 173 1277 
4690 1280 549 1209 1212 
4691 173 1209 133 1211 
4692 1277 1212 1211 786 
4693 1280 173 1277 1212 
4694 1280 1212 1209 173 
4695 173 1277 1212 1211 
4696 173 1211 1212 1209 
4697 550 636 637 954 
4698 636 518 607 1179 
4699 637 607 552 956 
4700 954 1179 956 781 
4701 636 637 954 1179 
4702 636 1179 607 637 
4703 637 954 1179 956 
4704 637 956 1179 607 
4705 301 472 479 1022 
4706 472 271 443 1265 
4707 479 443 276 1126 
4708 1022 1265 1126 787 
4709 472 479 1022 1265 
4710 472 1265 443 479 
4711 479 1022 1265 1126 
4712 479 1126 1265 443 
4713 260 366 367 1147 
4714 366 39 362 1199 
4715 367 362 282 1085 
4716 1147 1199 1085 774 
4717 366 367 1147 1199 
4718 366 1199 362 367 
4719 367 1147 1199 1085 
4720 367 1085 1199 362 
4721 293 308 1281 1195 
4722 308 3 709 1011 
4723 1281 709 694 1089 
4724 1195 1011 1089 791 
4725 308 1281 1195 1011 
4726 308 1011 709 1281 
4727 1281 1195 1011 1089 
4728 1281 1089 1011 709 
4729 131 202 1282 1283 
4730 202 27 1122 1229 
4731 1282 1122 521 595 
4732 1283 1229 595 546 
4733 202 1282 1283 1229 
4734 202 1229 1122 1282 
4735 1282 1283 1229 595 
4736 1282 595 1229 1122 
4737 252 401 1284 1158 
4738 401 106 737 1156 
4739 1284 737 706 1157 
4740 1158 1156 1157 775 
4741 401 1284 1158 1156 
4742 401 1156 737 1284 
4743 1284 1158 1156 1157 
4744 1284 1157 1156 737 
4745 253 328 323 1285 
4746 328 287 327 1165 
4747 323 327 13 1255 
4748 1285 1165 1255 776 
4749 328 323 1285 1165 
4750 328 1165 327 323 
4751 323 1285 1165 1255 
4752 323 1255 1165 327 
4753 1 1220 1172 1224 
4754 1220 545 559 1222 
4755 1172 559 516 1267 
4756 1224 1222 1267 777 
4757 1220 1172 1224 1222 
4758 1220 1222 559 1172 
4759 1172 1224 1222 1267 
4760 1172 1267 1222 559 
4761 247 380 378 1143 
4762 380 254 376 1225 
4763 378 376 92 1252 
4764 1143 1225 1252 772 
4765 380 378 1143 1225 
4766 380 1225 376 378 
4767 378 1143 1225 1252 
4768 378 1252 1225 376 
4769 543 619 650 992 
4770 619 546 595 1230 
4771 650 595 521 909 
4772 992 1230 909 788 
4773 619 650 992 1230 
4774 619 1230 595 650 
4775 650 992 1230 909 
4776 650 909 1230 595 
4777 276 483 477 1142 
4778 483 269 457 1218 
4779 477 457 285 1257 
4780 1142 1218 1257 786 
4781 483 477 1142 1218 
4782 483 1218 457 477 
4783 477 1142 1218 1257 
4784 477 1257 1218 457 
4785 550 663 635 954 
4786 663 527 672 1014 
4787 635 672 534 1009 
4788 954 1014 1009 781 
4789 663 635 954 1014 
4790 663 1014 672 635 
4791 635 954 1014 1009 
4792 635 1009 1014 672 
4793 528 665 666 974 
4794 665 527 661 967 
4795 666 661 526 968 
4796 974 967 968 779 
4797 665 666 974 967 
4798 665 967 661 666 
4799 666 974 967 968 
4800 666 968 967 661 
4801 25 193 24 1286 
4802 193 139 192 1250 
4803 24 192 23 1102 
4804 1286 1250 1102 788 
4805 193 24 1286 1250 
4806 193 1250 192 24 
4807 24 1286 1250 1102 
4808 24 1102 1250 192 
4809 123 162 163 1240 
4810 162 11 12 1287 
4811 163 12 13 1242 
4812 1240 1287 1242 790 
4813 162 163 1240 1287 
4814 162 1287 12 163 
4815 163 1240 1287 1242 
4816 163 1242 1287 12 
4817 301 1021 471 1022 
4818 1021 776 1285 948 
4819 471 1285 253 1273 
4820 1022 948 1273 787 
4821 1021 471 1022 948 
4822 1021 948 1285 471 
4823 471 1022 948 1273 
4824 471 1273 948 1285 
4825 245 373 377 1063 
4826 373 90 375 1236 
4827 377 375 254 1260 
4828 1063 1236 1260 791 
4829 373 377 1063 1236 
4830 373 1236 375 377 
4831 377 1063 1236 1260 
4832 377 1260 1236 375 
4833 529 669 680 1054 
4834 669 532 654 1153 
4835 680 654 535 1161 
4836 1054 1153 1161 785 
4837 669 680 1054 1153 
4838 669 1153 654 680 
4839 680 1054 1153 1161 
4840 680 1161 1153 654 
4841 250 454 340 978 
4842 454 280 458 798 
4843 340 458 284 1116 
4844 978 798 1116 778 
4845 454 340 978 798 
4846 454 798 458 340 
4847 340 978 798 1116 
4848 340 1116 798 458 
4849 253 1273 1285 1274 
4850 1273 787 948 1193 
4851 1285 948 776 1118 
4852 1274 1193 1118 790 
4853 1273 1285 1274 1193 
4854 1273 1193 948 1285 
4855 1285 1274 1193 1118 
4856 1285 1118 1193 948 
4857 278 438 420 1128 
4858 438 246 407 1231 
4859 420 407 292 1206 
4860 1128 1231 1206 783 
4861 438 420 1128 1231 
4862 438 1231 407 420 
4863 420 1128 1231 1206 
4864 420 1206 1231 407 
4865 255 478 334 1163 
4866 478 276 477 1142 
4867 334 477 285 1257 
4868 1163 1142 1257 786 
4869 478 334 1163 1142 
4870 478 1142 477 334 
4871 334 1163 1142 1257 
4872 334 1257 1142 477 
4873 27 202 205 1229 
4874 202 131 206 1283 
4875 205 206 69 591 
4876 1229 1283 591 546 
4877 202 205 1229 1283 
4878 202 1283 206 205 
4879 205 1229 1283 591 
4880 205 591 1283 206 
4881 520 643 644 1133 
4882 643 524 645 1104 
4883 644 645 525 916 
4884 1133 1104 916 774 
4885 643 644 1133 1104 
4886 643 1104 645 644 
4887 644 1133 1104 916 
4888 644 916 1104 645 
4889 252 1158 406 1288 
4890 1158 775 1131 851 
4891 406 1131 246 1231 
4892 1288 851 1231 783 
4893 1158 406 1288 851 
4894 1158 851 1131 406 
4895 406 1288 851 1231 
4896 406 1231 851 1131 
4897 253 1285 323 1274 
4898 1285 776 1255 1118 
4899 323 1255 13 1242 
4900 1274 1118 1242 790 
4901 1285 323 1274 1118 
4902 1285 1118 1255 323 
4903 323 1274 1118 1242 
4904 323 1242 1118 1255 
4905 271 1264 443 1265 
4906 1264 784 1168 1124 
4907 443 1168 276 1126 
4908 1265 1124 1126 787 
4909 1264 443 1265 1124 
4910 1264 1124 1168 443 
4911 443 1265 1124 1126 
4912 443 1126 1124 1168 
4913 528 671 665 974 
4914 671 533 670 1052 
4915 665 670 527 967 
4916 974 1052 967 779 
4917 671 665 974 1052 
4918 671 1052 670 665 
4919 665 974 1052 967 
4920 665 967 1052 670 
4921 119 238 1258 1259 
4922 238 43 1289 1279 
4923 1258 1289 523 1247 
4924 1259 1279 1247 789 
4925 238 1258 1259 1279 
4926 238 1279 1289 1258 
4927 1258 1259 1279 1247 
4928 1258 1247 1279 1289 
4929 251 361 463 1025 
4930 361 288 465 1268 
4931 463 465 300 1043 
4932 1025 1268 1043 781 
4933 361 463 1025 1268 
4934 361 1268 465 463 
4935 463 1025 1268 1043 
4936 463 1043 1268 465 
4937 7 1290 152 155 
4938 1290 539 1291 563 
4939 152 1291 129 156 
4940 155 563 156 49 
4941 1290 152 155 563 
4942 1290 563 1291 152 
4943 152 155 563 156 
4944 152 156 563 1291 
4945 121 197 198 1262 
4946 197 25 26 1286 
4947 198 26 27 1123 
4948 1262 1286 1123 788 
4949 197 198 1262 1286 
4950 197 1286 26 198 
4951 198 1262 1286 1123 
4952 198 1123 1286 26 
4953 697 1095 740 1099 
4954 1095 246 404 1131 
4955 740 404 108 1275 
4956 1099 1131 1275 775 
4957 1095 740 1099 1131 
4958 1095 1131 404 740 
4959 740 1099 1131 1275 
4960 740 1275 1131 404 
4961 96 382 95 720 
4962 382 256 381 1196 
4963 95 381 94 721 
4964 720 1196 721 702 
4965 382 95 720 1196 
4966 382 1196 381 95 
4967 95 720 1196 721 
4968 95 721 1196 381 
4969 247 440 380 1251 
4970 440 271 439 1265 
4971 380 439 254 1226 
4972 1251 1265 1226 787 
4973 440 380 1251 1265 
4974 440 1265 439 380 
4975 380 1251 1265 1226 
4976 380 1226 1265 439 
4977 521 593 1282 595 
4978 593 69 206 591 
4979 1282 206 131 1283 
4980 595 591 1283 546 
4981 593 1282 595 591 
4982 593 591 206 1282 
4983 1282 595 591 1283 
4984 1282 1283 591 206 
4985 271 472 470 1265 
4986 472 301 471 1022 
4987 470 471 253 1273 
4988 1265 1022 1273 787 
4989 472 470 1265 1022 
4990 472 1022 471 470 
4991 470 1265 1022 1273 
4992 470 1273 1022 471 
4993 703 1200 753 1110 
4994 1200 772 1233 902 
4995 753 1233 704 1235 
4996 1110 902 1235 791 
4997 1200 753 1110 902 
4998 1200 902 1233 753 
4999 753 1110 902 1235 
5000 753 1235 902 1233 
5001 252 403 401 1158 
5002 403 248 399 936 
5003 401 399 106 1156 
5004 1158 936 1156 775 
5005 403 401 1158 936 
5006 403 936 399 401 
5007 401 1158 936 1156 
5008 401 1156 936 399 
5009 134 182 1292 186 
5010 182 19 994 185 
5011 1292 994 541 581 
5012 186 185 581 61 
5013 182 1292 186 185 
5014 182 185 994 1292 
5015 1292 186 185 581 
5016 1292 581 185 994 
5017 291 485 490 971 
5018 485 286 449 993 
5019 490 449 270 859 
5020 971 993 859 773 
5021 485 490 971 993 
5022 485 993 449 490 
5023 490 971 993 859 
5024 490 859 993 449 
5025 543 621 618 992 
5026 621 547 620 1062 
5027 618 620 515 1060 
5028 992 1062 1060 788 
5029 621 618 992 1062 
5030 621 1062 620 618 
5031 618 992 1062 1060 
5032 618 1060 1062 620 
5033 39 235 228 1071 
5034 235 81 234 609 
5035 228 234 136 1070 
5036 1071 609 1070 538 
5037 235 228 1071 609 
5038 235 609 234 228 
5039 228 1071 609 1070 
5040 228 1070 609 234 
5041 252 1284 402 1158 
5042 1284 706 736 1157 
5043 402 736 108 1275 
5044 1158 1157 1275 775 
5045 1284 402 1158 1157 
5046 1284 1157 736 402 
5047 402 1158 1157 1275 
5048 402 1275 1157 736 
5049 517 628 630 1241 
5050 628 536 631 1117 
5051 630 631 551 1086 
5052 1241 1117 1086 790 
5053 628 630 1241 1117 
5054 628 1117 631 630 
5055 630 1241 1117 1086 
5056 630 1086 1117 631 
5057 252 406 433 1288 
5058 406 246 434 1231 
5059 433 434 267 1084 
5060 1288 1231 1084 783 
5061 406 433 1288 1231 
5062 406 1231 434 433 
5063 433 1288 1231 1084 
5064 433 1084 1231 434 
5065 539 568 690 1016 
5066 568 554 632 1272 
5067 690 632 551 1086 
5068 1016 1272 1086 790 
5069 568 690 1016 1272 
5070 568 1272 632 690 
5071 690 1016 1272 1086 
5072 690 1086 1272 632 
5073 538 613 646 951 
5074 613 520 644 1133 
5075 646 644 525 916 
5076 951 1133 916 774 
5077 613 646 951 1133 
5078 613 1133 644 646 
5079 646 951 1133 916 
5080 646 916 1133 644 
5081 518 607 1176 1177 
5082 607 552 1038 1293 
5083 1176 1038 35 218 
5084 1177 1293 218 122 
5085 607 1176 1177 1293 
5086 607 1293 1038 1176 
5087 1176 1177 1293 218 
5088 1176 218 1293 1038 
5089 25 1294 193 1286 
5090 1294 515 1249 1060 
5091 193 1249 139 1250 
5092 1286 1060 1250 788 
5093 1294 193 1286 1060 
5094 1294 1060 1249 193 
5095 193 1286 1060 1250 
5096 193 1250 1060 1249 
5097 1 112 303 1224 
5098 112 113 306 1119 
5099 303 306 298 1213 
5100 1224 1119 1213 777 
5101 112 303 1224 1119 
5102 112 1119 306 303 
5103 303 1224 1119 1213 
5104 303 1213 1119 306 
5105 247 441 440 1145 
5106 441 276 443 1168 
5107 440 443 271 1264 
5108 1145 1168 1264 784 
5109 441 440 1145 1168 
5110 441 1168 443 440 
5111 440 1145 1168 1264 
5112 440 1264 1168 443 
5113 138 142 143 1171 
5114 142 1 45 1172 
5115 143 45 2 558 
5116 1171 1172 558 516 
5117 142 143 1171 1172 
5118 142 1172 45 143 
5119 143 1171 1172 558 
5120 143 558 1172 45 
5121 516 1171 1278 557 
5122 1171 138 145 147 
5123 1278 145 43 243 
5124 557 147 243 85 
5125 1171 1278 557 147 
5126 1171 147 145 1278 
5127 1278 557 147 243 
5128 1278 243 147 145 
5129 259 322 317 1017 
5130 322 283 321 1192 
5131 317 321 9 1205 
5132 1017 1192 1205 790 
5133 322 317 1017 1192 
5134 322 1192 321 317 
5135 317 1017 1192 1205 
5136 317 1205 1192 321 
5137 267 498 499 1083 
5138 498 260 367 1147 
5139 499 367 282 1085 
5140 1083 1147 1085 774 
5141 498 499 1083 1147 
5142 498 1147 367 499 
5143 499 1083 1147 1085 
5144 499 1085 1147 367 
5145 288 358 465 1268 
5146 358 257 486 984 
5147 465 486 300 1043 
5148 1268 984 1043 781 
5149 358 465 1268 984 
5150 358 984 486 465 
5151 465 1268 984 1043 
5152 465 1043 984 486 
5153 537 1140 691 1207 
5154 1140 776 1216 1035 
5155 691 1216 542 1248 
5156 1207 1035 1248 786 
5157 1140 691 1207 1035 
5158 1140 1035 1216 691 
5159 691 1207 1035 1248 
5160 691 1248 1035 1216 
5161 83 240 612 241 
5162 240 41 1135 233 
5163 612 1135 520 1295 
5164 241 233 1295 137 
5165 240 612 241 233 
5166 240 233 1135 612 
5167 612 241 233 1295 
5168 612 1295 233 1135 
5169 529 668 669 1054 
5170 668 526 659 1227 
5171 669 659 532 1153 
5172 1054 1227 1153 785 
5173 668 669 1054 1227 
5174 668 1227 659 669 
5175 669 1054 1227 1153 
5176 669 1153 1227 659 
5177 548 604 634 878 
5178 604 518 633 1179 
5179 634 633 534 1009 
5180 878 1179 1009 781 
5181 604 634 878 1179 
5182 604 1179 633 634 
5183 634 878 1179 1009 
5184 634 1009 1179 633 
5185 246 1095 404 405 
5186 1095 697 740 739 
5187 404 740 108 109 
5188 405 739 109 110 
5189 1095 404 405 739 
5190 1095 739 740 404 
5191 404 405 739 109 
5192 404 109 739 740 
5193 124 1169 178 184 
5194 1169 519 1026 579 
5195 178 1026 19 185 
5196 184 579 185 61 
5197 1169 178 184 579 
5198 1169 579 1026 178 
5199 178 184 579 185 
5200 178 185 579 1026 
5201 522 1185 560 1296 
5202 1185 5 150 148 
5203 560 150 47 151 
5204 1296 148 151 128 
5205 1185 560 1296 148 
5206 1185 148 150 560 
5207 560 1296 148 151 
5208 560 151 148 150 
5209 298 306 412 1213 
5210 306 113 408 1119 
5211 412 408 264 1032 
5212 1213 1119 1032 777 
5213 306 412 1213 1119 
5214 306 1119 408 412 
5215 412 1213 1119 1032 
5216 412 1032 1119 408 
5217 121 1261 197 1262 
5218 1261 546 1297 1230 
5219 197 1297 25 1286 
5220 1262 1230 1286 788 
5221 1261 197 1262 1230 
5222 1261 1230 1297 197 
5223 197 1262 1230 1286 
5224 197 1286 1230 1297 
5225 537 691 641 1207 
5226 691 542 577 1248 
5227 641 577 549 1212 
5228 1207 1248 1212 786 
5229 691 641 1207 1248 
5230 691 1248 577 641 
5231 641 1207 1248 1212 
5232 641 1212 1248 577 
5233 2 143 558 86 
5234 143 138 1171 147 
5235 558 1171 516 557 
5236 86 147 557 85 
5237 143 558 86 147 
5238 143 147 1171 558 
5239 558 86 147 557 
5240 558 557 147 1171 
5241 537 638 639 1207 
5242 638 519 640 1027 
5243 639 640 540 1008 
5244 1207 1027 1008 786 
5245 638 639 1207 1027 
5246 638 1027 640 639 
5247 639 1207 1027 1008 
5248 639 1008 1027 640 
5249 703 756 753 1200 
5250 756 695 719 1046 
5251 753 719 704 1233 
5252 1200 1046 1233 772 
5253 756 753 1200 1046 
5254 756 1046 719 753 
5255 753 1200 1046 1233 
5256 753 1233 1046 719 
5257 700 762 743 989 
5258 762 701 761 1066 
5259 743 761 699 1029 
5260 989 1066 1029 780 
5261 762 743 989 1066 
5262 762 1066 761 743 
5263 743 989 1066 1029 
5264 743 1029 1066 761 
5265 13 170 163 1238 
5266 170 55 169 570 
5267 163 169 123 1239 
5268 1238 570 1239 517 
5269 170 163 1238 570 
5270 170 570 169 163 
5271 163 1238 570 1239 
5272 163 1239 570 169 
5273 13 170 1254 167 
5274 170 55 572 171 
5275 1254 572 542 1298 
5276 167 171 1298 132 
5277 170 1254 167 171 
5278 170 171 572 1254 
5279 1254 167 171 1298 
5280 1254 1298 171 572 
5281 517 1263 628 1241 
5282 1263 776 894 1118 
5283 628 894 536 1117 
5284 1241 1118 1117 790 
5285 1263 628 1241 1118 
5286 1263 1118 894 628 
5287 628 1241 1118 1117 
5288 628 1117 1118 894 
5289 523 623 616 1247 
5290 623 524 643 1183 
5291 616 643 520 1136 
5292 1247 1183 1136 789 
5293 623 616 1247 1183 
5294 623 1183 643 616 
5295 616 1247 1183 1136 
5296 616 1136 1183 643 
5297 98 99 387 725 
5298 99 100 388 724 
5299 387 388 244 854 
5300 725 724 854 693 
5301 99 387 725 724 
5302 99 724 388 387 
5303 387 725 724 854 
5304 387 854 724 388 
5305 287 328 474 1165 
5306 328 253 471 1285 
5307 474 471 301 1021 
5308 1165 1285 1021 776 
5309 328 474 1165 1285 
5310 328 1285 471 474 
5311 474 1165 1285 1021 
5312 474 1021 1285 471 
5313 522 561 1299 1296 
5314 561 49 155 154 
5315 1299 155 7 149 
5316 1296 154 149 128 
5317 561 1299 1296 154 
5318 561 154 155 1299 
5319 1299 1296 154 149 
5320 1299 149 154 155 
5321 519 580 1276 1027 
5322 580 549 1280 1212 
5323 1276 1280 17 1277 
5324 1027 1212 1277 786 
5325 580 1276 1027 1212 
5326 580 1212 1280 1276 
5327 1276 1027 1212 1277 
5328 1276 1277 1212 1280 
5329 59 578 180 179 
5330 578 519 1276 1169 
5331 180 1276 17 177 
5332 179 1169 177 124 
5333 578 180 179 1169 
5334 578 1169 1276 180 
5335 180 179 1169 177 
5336 180 177 1169 1276 
5337 286 485 355 993 
5338 485 291 484 971 
5339 355 484 257 983 
5340 993 971 983 773 
5341 485 355 993 971 
5342 485 971 484 355 
5343 355 993 971 983 
5344 355 983 971 484 
5345 248 399 1148 398 
5346 399 106 733 105 
5347 1148 733 696 734 
5348 398 105 734 104 
5349 399 1148 398 105 
5350 399 105 733 1148 
5351 1148 398 105 734 
5352 1148 734 105 733 
5353 124 179 1169 184 
5354 179 59 578 60 
5355 1169 578 519 579 
5356 184 60 579 61 
5357 179 1169 184 60 
5358 179 60 578 1169 
5359 1169 184 60 579 
5360 1169 579 60 578 
5361 529 667 668 1054 
5362 667 528 666 1051 
5363 668 666 526 1227 
5364 1054 1051 1227 785 
5365 667 668 1054 1051 
5366 667 1051 666 668 
5367 668 1054 1051 1227 
5368 668 1227 1051 666 
5369 532 625 626 1219 
5370 625 524 624 1183 
5371 626 624 516 1173 
5372 1219 1183 1173 789 
5373 625 626 1219 1183 
5374 625 1183 624 626 
5375 626 1219 1183 1173 
5376 626 1173 1183 624 
5377 125 207 1300 209 
5378 207 29 986 210 
5379 1300 986 544 596 
5380 209 210 596 71 
5381 207 1300 209 210 
5382 207 210 986 1300 
5383 1300 209 210 596 
5384 1300 596 210 986 
5385 29 210 203 988 
5386 210 71 211 594 
5387 203 211 131 1282 
5388 988 594 1282 521 
5389 210 203 988 594 
5390 210 594 211 203 
5391 203 988 594 1282 
5392 203 1282 594 211 
5393 47 48 560 151 
5394 48 49 561 154 
5395 560 561 522 1296 
5396 151 154 1296 128 
5397 48 560 151 154 
5398 48 154 561 560 
5399 560 151 154 1296 
5400 560 1296 154 561 
5401 532 626 1151 1219 
5402 626 516 1267 1173 
5403 1151 1267 777 1162 
5404 1219 1173 1162 789 
5405 626 1151 1219 1173 
5406 626 1173 1267 1151 
5407 1151 1219 1173 1162 
5408 1151 1162 1173 1267 
5409 279 432 418 1181 
5410 432 275 509 939 
5411 418 509 264 1040 
5412 1181 939 1040 782 
5413 432 418 1181 939 
5414 432 939 509 418 
5415 418 1181 939 1040 
5416 418 1040 939 509 
5417 518 603 1177 602 
5418 603 77 224 76 
5419 1177 224 122 219 
5420 602 76 219 75 
5421 603 1177 602 76 
5422 603 76 224 1177 
5423 1177 602 76 219 
5424 1177 219 76 224 
5425 520 612 1295 611 
5426 612 83 241 82 
5427 1295 241 137 236 
5428 611 82 236 81 
5429 612 1295 611 82 
5430 612 82 241 1295 
5431 1295 611 82 236 
5432 1295 236 82 241 
5433 43 1278 1289 1279 
5434 1278 516 617 1173 
5435 1289 617 523 1247 
5436 1279 1173 1247 789 
5437 1278 1289 1279 1173 
5438 1278 1173 617 1289 
5439 1289 1279 1173 1247 
5440 1289 1247 1173 617 
5441 279 416 417 1181 
5442 416 115 116 1067 
5443 417 116 117 1187 
5444 1181 1067 1187 782 
5445 416 417 1181 1067 
5446 416 1067 116 417 
5447 417 1181 1067 1187 
5448 417 1187 1067 116 
5449 11 158 10 1287 
5450 158 130 157 1271 
5451 10 157 9 1205 
5452 1287 1271 1205 790 
5453 158 10 1287 1271 
5454 158 1271 157 10 
5455 10 1287 1271 1205 
5456 10 1205 1271 157 
5457 122 217 1177 219 
5458 217 33 1188 220 
5459 1177 1188 518 602 
5460 219 220 602 75 
5461 217 1177 219 220 
5462 217 220 1188 1177 
5463 1177 219 220 602 
5464 1177 602 220 1188 
5465 263 1202 384 385 
5466 1202 702 720 723 
5467 384 720 96 97 
5468 385 723 97 98 
5469 1202 384 385 723 
5470 1202 723 720 384 
5471 384 385 723 97 
5472 384 97 723 720 
5473 253 325 469 1274 
5474 325 283 473 1192 
5475 469 473 294 1244 
5476 1274 1192 1244 790 
5477 325 469 1274 1192 
5478 325 1192 473 469 
5479 469 1274 1192 1244 
5480 469 1244 1192 473 
5481 247 378 379 1144 
5482 378 92 93 718 
5483 379 93 94 717 
5484 1144 718 717 695 
5485 378 379 1144 718 
5486 378 718 93 379 
5487 379 1144 718 717 
5488 379 717 718 93 
5489 123 169 164 1239 
5490 169 55 54 570 
5491 164 54 53 569 
5492 1239 570 569 517 
5493 169 164 1239 570 
5494 169 570 54 164 
5495 164 1239 570 569 
5496 164 569 570 54 
5497 703 753 751 1110 
5498 753 704 715 1235 
5499 751 715 694 1089 
5500 1110 1235 1089 791 
5501 753 751 1110 1235 
5502 753 1235 715 751 
5503 751 1110 1235 1089 
5504 751 1089 1235 715 
5505 77 225 605 224 
5506 225 35 1038 218 
5507 605 1038 552 1293 
5508 224 218 1293 122 
5509 225 605 224 218 
5510 225 218 1038 605 
5511 605 224 218 1293 
5512 605 1293 218 1038 
5513 518 603 607 1177 
5514 603 77 605 224 
5515 607 605 552 1293 
5516 1177 224 1293 122 
5517 603 607 1177 224 
5518 603 224 605 607 
5519 607 1177 224 1293 
5520 607 1293 224 605 
5521 69 206 70 593 
5522 206 131 211 1282 
5523 70 211 71 594 
5524 593 1282 594 521 
5525 206 70 593 1282 
5526 206 1282 211 70 
5527 70 593 1282 594 
5528 70 594 1282 211 
5529 137 232 1295 236 
5530 232 39 1198 235 
5531 1295 1198 520 611 
5532 236 235 611 81 
5533 232 1295 236 235 
5534 232 235 1198 1295 
5535 1295 236 235 611 
5536 1295 611 235 1198 
5537 256 386 481 1197 
5538 386 263 482 1098 
5539 481 482 269 938 
5540 1197 1098 938 784 
5541 386 481 1197 1098 
5542 386 1098 482 481 
5543 481 1197 1098 938 
5544 481 938 1098 482 
5545 519 583 1026 579 
5546 583 541 994 581 
5547 1026 994 19 185 
5548 579 581 185 61 
5549 583 1026 579 581 
5550 583 581 994 1026 
5551 1026 579 581 185 
5552 1026 185 581 994 
5553 536 629 685 894 
5554 629 542 691 1216 
5555 685 691 537 1140 
5556 894 1216 1140 776 
5557 629 685 894 1216 
5558 629 1216 691 685 
5559 685 894 1216 1140 
5560 685 1140 1216 691 
5561 515 588 1249 587 
5562 588 67 201 66 
5563 1249 201 139 196 
5564 587 66 196 65 
5565 588 1249 587 66 
5566 588 66 201 1249 
5567 1249 587 66 196 
5568 1249 196 66 201 
5569 81 80 234 609 
5570 80 79 231 608 
5571 234 231 136 1070 
5572 609 608 1070 538 
5573 80 234 609 608 
5574 80 608 231 234 
5575 234 609 608 1070 
5576 234 1070 608 231 
5577 541 582 1292 581 
5578 582 63 191 62 
5579 1292 191 134 186 
5580 581 62 186 61 
5581 582 1292 581 62 
5582 582 62 191 1292 
5583 1292 581 62 186 
5584 1292 186 62 191 
5585 294 468 469 1243 
5586 468 271 470 1265 
5587 469 470 253 1273 
5588 1243 1265 1273 787 
5589 468 469 1243 1265 
5590 468 1265 470 469 
5591 469 1243 1265 1273 
5592 469 1273 1265 470 
5593 55 572 171 56 
5594 572 542 1298 573 
5595 171 1298 132 174 
5596 56 573 174 57 
5597 572 171 56 573 
5598 572 573 1298 171 
5599 171 56 573 174 
5600 171 174 573 1298 
5601 539 1291 563 564 
5602 1291 129 156 159 
5603 563 156 49 50 
5604 564 159 50 51 
5605 1291 563 564 159 
5606 1291 159 156 563 
5607 563 564 159 50 
5608 563 50 159 156 
5609 88 309 708 1301 
5610 309 293 1281 1195 
5611 708 1281 694 1089 
5612 1301 1195 1089 791 
5613 309 708 1301 1195 
5614 309 1195 1281 708 
5615 708 1301 1195 1089 
5616 708 1089 1195 1281 
5617 88 309 87 708 
5618 309 293 308 1281 
5619 87 308 3 709 
5620 708 1281 709 694 
5621 309 87 708 1281 
5622 309 1281 308 87 
5623 87 708 1281 709 
5624 87 709 1281 308 
5625 517 574 628 1263 
5626 574 542 629 1216 
5627 628 629 536 894 
5628 1263 1216 894 776 
5629 574 628 1263 1216 
5630 574 1216 629 628 
5631 628 1263 1216 894 
5632 628 894 1216 629 
5633 548 1302 599 600 
5634 1302 135 216 221 
5635 599 216 73 74 
5636 600 221 74 75 
5637 1302 599 600 221 
5638 1302 221 216 599 
5639 599 600 221 74 
5640 599 74 221 216 
5641 57 575 175 176 
5642 575 549 1210 1209 
5643 175 1210 15 172 
5644 176 1209 172 133 
5645 575 175 176 1209 
5646 575 1209 1210 175 
5647 175 176 1209 172 
5648 175 172 1209 1210 
5649 701 762 752 1066 
5650 762 700 755 989 
5651 752 755 703 1109 
5652 1066 989 1109 780 
5653 762 752 1066 989 
5654 762 989 755 752 
5655 752 1066 989 1109 
5656 752 1109 989 755 
5657 7 1290 155 1299 
5658 1290 539 563 565 
5659 155 563 49 561 
5660 1299 565 561 522 
5661 1290 155 1299 565 
5662 1290 565 563 155 
5663 155 1299 565 561 
5664 155 561 565 563 
5665 51 161 52 566 
5666 161 130 166 1269 
5667 52 166 53 567 
5668 566 1269 567 554 
5669 161 52 566 1269 
5670 161 1269 166 52 
5671 52 566 1269 567 
5672 52 567 1269 166 
5673 133 176 1209 181 
5674 176 57 575 58 
5675 1209 575 549 576 
5676 181 58 576 59 
5677 176 1209 181 58 
5678 176 58 575 1209 
5679 1209 181 58 576 
5680 1209 576 58 575 
5681 123 1239 162 1240 
5682 1239 517 1303 1241 
5683 162 1303 11 1287 
5684 1240 1241 1287 790 
5685 1239 162 1240 1241 
5686 1239 1241 1303 162 
5687 162 1240 1241 1287 
5688 162 1287 1241 1303 
5689 127 1304 194 189 
5690 1304 553 585 584 
5691 194 585 65 64 
5692 189 584 64 63 
5693 1304 194 189 584 
5694 1304 584 585 194 
5695 194 189 584 64 
5696 194 64 584 585 
5697 545 555 556 1221 
5698 555 2 46 140 
5699 556 46 47 146 
5700 1221 140 146 120 
5701 555 556 1221 140 
5702 555 140 46 556 
5703 556 1221 140 146 
5704 556 146 140 46 
5705 132 1298 168 174 
5706 1298 542 1215 573 
5707 168 1215 15 175 
5708 174 573 175 57 
5709 1298 168 174 573 
5710 1298 573 1215 168 
5711 168 174 573 175 
5712 168 175 573 1215 
5713 47 150 556 146 
5714 150 5 1256 144 
5715 556 1256 545 1221 
5716 146 144 1221 120 
5717 150 556 146 144 
5718 150 144 1256 556 
5719 556 146 144 1221 
5720 556 1221 144 1256 
5721 252 402 406 1158 
5722 402 108 404 1275 
5723 406 404 246 1131 
5724 1158 1275 1131 775 
5725 402 406 1158 1275 
5726 402 1275 404 406 
5727 406 1158 1275 1131 
5728 406 1131 1275 404 
5729 11 1305 158 1287 
5730 1305 554 1269 1272 
5731 158 1269 130 1271 
5732 1287 1272 1271 790 
5733 1305 158 1287 1272 
5734 1305 1272 1269 158 
5735 158 1287 1272 1271 
5736 158 1271 1272 1269 
5737 523 617 1289 615 
5738 617 516 1278 557 
5739 1289 1278 43 243 
5740 615 557 243 85 
5741 617 1289 615 557 
5742 617 557 1278 1289 
5743 1289 615 557 243 
5744 1289 243 557 1278 
5745 515 1249 1100 587 
5746 1249 139 192 196 
5747 1100 192 23 195 
5748 587 196 195 65 
5749 1249 1100 587 196 
5750 1249 196 192 1100 
5751 1100 587 196 195 
5752 1100 195 196 192 
5753 245 431 374 1063 
5754 431 279 421 1182 
5755 374 421 293 1195 
5756 1063 1182 1195 791 
5757 431 374 1063 1182 
5758 431 1182 421 374 
5759 374 1063 1182 1195 
5760 374 1195 1182 421 
5761 523 1246 616 614 
5762 1246 41 1135 240 
5763 616 1135 520 612 
5764 614 240 612 83 
5765 1246 616 614 240 
5766 1246 240 1135 616 
5767 616 614 240 612 
5768 616 612 240 1135 
5769 545 1220 555 1221 
5770 1220 1 45 141 
5771 555 45 2 140 
5772 1221 141 140 120 
5773 1220 555 1221 141 
5774 1220 141 45 555 
5775 555 1221 141 140 
5776 555 140 141 45 
5777 532 627 653 1151 
5778 627 545 562 1222 
5779 653 562 522 887 
5780 1151 1222 887 777 
5781 627 653 1151 1222 
5782 627 1222 562 653 
5783 653 1151 1222 887 
5784 653 887 1222 562 
5785 523 615 1258 614 
5786 615 85 242 84 
5787 1258 242 119 239 
5788 614 84 239 83 
5789 615 1258 614 84 
5790 615 84 242 1258 
5791 1258 614 84 239 
5792 1258 239 84 242 
5793 548 604 1253 600 
5794 604 518 1188 602 
5795 1253 1188 33 220 
5796 600 602 220 75 
5797 604 1253 600 602 
5798 604 602 1188 1253 
5799 1253 600 602 220 
5800 1253 220 602 1188 
5801 550 635 636 954 
5802 635 534 633 1009 
5803 636 633 518 1179 
5804 954 1009 1179 781 
5805 635 636 954 1009 
5806 635 1009 633 636 
5807 636 954 1009 1179 
5808 636 1179 1009 633 
5809 253 323 324 1274 
5810 323 13 12 1242 
5811 324 12 11 1287 
5812 1274 1242 1287 790 
5813 323 324 1274 1242 
5814 323 1242 12 324 
5815 324 1274 1242 1287 
5816 324 1287 1242 12 
5817 127 187 1304 189 
5818 187 21 1114 190 
5819 1304 1114 553 584 
5820 189 190 584 63 
5821 187 1304 189 190 
5822 187 190 1114 1304 
5823 1304 189 190 584 
5824 1304 584 190 1114 
5825 281 344 345 1059 
5826 344 27 26 1123 
5827 345 26 25 1286 
5828 1059 1123 1286 788 
5829 344 345 1059 1123 
5830 344 1123 26 345 
5831 345 1059 1123 1286 
5832 345 1286 1123 26 
5833 81 235 611 609 
5834 235 39 1198 1071 
5835 611 1198 520 613 
5836 609 1071 613 538 
5837 235 611 609 1071 
5838 235 1071 1198 611 
5839 611 609 1071 613 
5840 611 613 1071 1198 
5841 519 1276 580 578 
5842 1276 17 1280 180 
5843 580 1280 549 576 
5844 578 180 576 59 
5845 1276 580 578 180 
5846 1276 180 1280 580 
5847 580 578 180 576 
5848 580 576 180 1280 
5849 71 210 596 594 
5850 210 29 986 988 
5851 596 986 544 598 
5852 594 988 598 521 
5853 210 596 594 988 
5854 210 988 986 596 
5855 596 594 988 598 
5856 596 598 988 986 
5857 546 592 1297 1230 
5858 592 515 1294 1060 
5859 1297 1294 25 1286 
5860 1230 1060 1286 788 
5861 592 1297 1230 1060 
5862 592 1060 1294 1297 
5863 1297 1230 1060 1286 
5864 1297 1286 1060 1294 
5865 135 212 1302 216 
5866 212 31 839 215 
5867 1302 839 548 599 
5868 216 215 599 73 
5869 212 1302 216 215 
5870 212 215 839 1302 
5871 1302 216 215 599 
5872 1302 599 215 839 
5873 102 731 103 395 
5874 731 698 730 1048 
5875 103 730 104 396 
5876 395 1048 396 258 
5877 731 103 395 1048 
5878 731 1048 730 103 
5879 103 395 1048 396 
5880 103 396 1048 730 
5881 545 555 1220 559 
5882 555 2 45 558 
5883 1220 45 1 1172 
5884 559 558 1172 516 
5885 555 1220 559 558 
5886 555 558 45 1220 
5887 1220 559 558 1172 
5888 1220 1172 558 45 
5889 544 597 1300 596 
5890 597 73 214 72 
5891 1300 214 125 209 
5892 596 72 209 71 
5893 597 1300 596 72 
5894 597 72 214 1300 
5895 1300 596 72 209 
5896 1300 209 72 214 
5897 13 170 1238 1254 
5898 170 55 570 572 
5899 1238 570 517 574 
5900 1254 572 574 542 
5901 170 1238 1254 572 
5902 170 572 570 1238 
5903 1238 1254 572 574 
5904 1238 574 572 570 
5905 47 150 560 556 
5906 150 5 1185 1256 
5907 560 1185 522 562 
5908 556 1256 562 545 
5909 150 560 556 1256 
5910 150 1256 1185 560 
5911 560 556 1256 562 
5912 560 562 1256 1185 
5913 100 392 728 101 
5914 392 262 820 393 
5915 728 820 705 727 
5916 101 393 727 102 
5917 392 728 101 393 
5918 392 393 820 728 
5919 728 101 393 727 
5920 728 727 393 820 
5921 704 713 714 1235 
5922 713 90 89 1236 
5923 714 89 88 1301 
5924 1235 1236 1301 791 
5925 713 714 1235 1236 
5926 713 1236 89 714 
5927 714 1235 1236 1301 
5928 714 1301 1236 89 
5929 67 201 200 588 
5930 201 139 193 1249 
5931 200 193 25 1294 
5932 588 1249 1294 515 
5933 201 200 588 1249 
5934 201 1249 193 200 
5935 200 588 1249 1294 
5936 200 1294 1249 193 
5937 135 1302 213 221 
5938 1302 548 1253 600 
5939 213 1253 33 220 
5940 221 600 220 75 
5941 1302 213 221 600 
5942 1302 600 1253 213 
5943 213 221 600 220 
5944 213 220 600 1253 
5945 294 475 476 1243 
5946 475 268 428 1001 
5947 476 428 254 1226 
5948 1243 1001 1226 787 
5949 475 476 1243 1001 
5950 475 1001 428 476 
5951 476 1243 1001 1226 
5952 476 1226 1001 428 
5953 706 737 1284 736 
5954 737 106 401 107 
5955 1284 401 252 402 
5956 736 107 402 108 
5957 737 1284 736 107 
5958 737 107 401 1284 
5959 1284 736 107 402 
5960 1284 402 107 401 
5961 123 164 162 1239 
5962 164 53 165 569 
5963 162 165 11 1303 
5964 1239 569 1303 517 
5965 164 162 1239 569 
5966 164 569 165 162 
5967 162 1239 569 1303 
5968 162 1303 569 165 
5969 261 341 342 1129 
5970 341 25 24 1286 
5971 342 24 23 1102 
5972 1129 1286 1102 788 
5973 341 342 1129 1286 
5974 341 1286 24 342 
5975 342 1129 1286 1102 
5976 342 1102 1286 24 
5977 77 605 226 78 
5978 605 552 1039 606 
5979 226 1039 126 229 
5980 78 606 229 79 
5981 605 226 78 606 
5982 605 606 1039 226 
5983 226 78 606 229 
5984 226 229 606 1039 
5985 265 413 512 1074 
5986 413 299 371 1245 
5987 512 371 290 1160 
5988 1074 1245 1160 789 
5989 413 512 1074 1245 
5990 413 1245 371 512 
5991 512 1074 1245 1160 
5992 512 1160 1245 371 
5993 278 437 438 1128 
5994 437 274 436 1091 
5995 438 436 246 1231 
5996 1128 1091 1231 783 
5997 437 438 1128 1091 
5998 437 1091 436 438 
5999 438 1128 1091 1231 
6000 438 1231 1091 436 
6001 130 161 157 1269 
6002 161 51 160 566 
6003 157 160 9 1270 
6004 1269 566 1270 554 
6005 161 157 1269 566 
6006 161 566 160 157 
6007 157 1269 566 1270 
6008 157 1270 566 160 
6009 133 1209 173 181 
6010 1209 549 1280 576 
6011 173 1280 17 180 
6012 181 576 180 59 
6013 1209 173 181 576 
6014 1209 576 1280 173 
6015 173 181 576 180 
6016 173 180 576 1280 
6017 85 243 615 242 
6018 243 43 1289 238 
6019 615 1289 523 1258 
6020 242 238 1258 119 
6021 243 615 242 238 
6022 243 238 1289 615 
6023 615 242 238 1258 
6024 615 1258 238 1289 
6025 542 577 1215 573 
6026 577 549 1210 575 
6027 1215 1210 15 175 
6028 573 575 175 57 
6029 577 1215 573 575 
6030 577 575 1210 1215 
6031 1215 573 575 175 
6032 1215 175 575 1210 
6033 65 195 587 585 
6034 195 23 1100 1101 
6035 587 1100 515 589 
6036 585 1101 589 553 
6037 195 587 585 1101 
6038 195 1101 1100 587 
6039 587 585 1101 589 
6040 587 589 1101 1100 
6041 67 199 68 590 
6042 199 121 204 1261 
6043 68 204 69 591 
6044 590 1261 591 546 
6045 199 68 590 1261 
6046 199 1261 204 68 
6047 68 590 1261 591 
6048 68 591 1261 204 
6049 41 1246 237 240 
6050 1246 523 1258 614 
6051 237 1258 119 239 
6052 240 614 239 83 
6053 1246 237 240 614 
6054 1246 614 1258 237 
6055 237 240 614 239 
6056 237 239 614 1258 
6057 264 409 418 1040 
6058 409 115 416 1067 
6059 418 416 279 1181 
6060 1040 1067 1181 782 
6061 409 418 1040 1067 
6062 409 1067 416 418 
6063 418 1040 1067 1181 
6064 418 1181 1067 416 
6065 541 582 1132 1292 
6066 582 63 190 191 
6067 1132 190 21 183 
6068 1292 191 183 134 
6069 582 1132 1292 191 
6070 582 191 190 1132 
6071 1132 1292 191 183 
6072 1132 183 191 190 
6073 552 963 1039 606 
6074 963 37 223 230 
6075 1039 223 126 229 
6076 606 230 229 79 
6077 963 1039 606 230 
6078 963 230 223 1039 
6079 1039 606 230 229 
6080 1039 229 230 223 
6081 517 571 1303 1241 
6082 571 554 1305 1272 
6083 1303 1305 11 1287 
6084 1241 1272 1287 790 
6085 571 1303 1241 1272 
6086 571 1272 1305 1303 
6087 1303 1241 1272 1287 
6088 1303 1287 1272 1305 
6089 276 441 442 1168 
6090 441 247 383 1145 
6091 442 383 256 1197 
6092 1168 1145 1197 784 
6093 441 442 1168 1145 
6094 441 1145 383 442 
6095 442 1168 1145 1197 
6096 442 1197 1145 383 
6097 88 89 372 1301 
6098 89 90 373 1236 
6099 372 373 245 1063 
6100 1301 1236 1063 791 
6101 89 372 1301 1236 
6102 89 1236 373 372 
6103 372 1301 1236 1063 
6104 372 1063 1236 373 
6105 694 715 708 1089 
6106 715 704 714 1235 
6107 708 714 88 1301 
6108 1089 1235 1301 791 
6109 715 708 1089 1235 
6110 715 1235 714 708 
6111 708 1089 1235 1301 
6112 708 1301 1235 714 
6113 271 468 439 1265 
6114 468 294 476 1243 
6115 439 476 254 1226 
6116 1265 1243 1226 787 
6117 468 439 1265 1243 
6118 468 1243 476 439 
6119 439 1265 1243 1226 
6120 439 1226 1243 476 
6121 63 190 584 582 
6122 190 21 1114 1132 
6123 584 1114 553 586 
6124 582 1132 586 541 
6125 190 584 582 1132 
6126 190 1132 1114 584 
6127 584 582 1132 586 
6128 584 586 1132 1114 
6129 69 204 205 591 
6130 204 121 198 1261 
6131 205 198 27 1229 
6132 591 1261 1229 546 
6133 204 205 591 1261 
6134 204 1261 198 205 
6135 205 591 1261 1229 
6136 205 1229 1261 198 
6137 516 559 626 1267 
6138 559 545 627 1222 
6139 626 627 532 1151 
6140 1267 1222 1151 777 
6141 559 626 1267 1222 
6142 559 1222 627 626 
6143 626 1267 1222 1151 
6144 626 1151 1222 627 
6145 256 481 442 1197 
6146 481 269 483 938 
6147 442 483 276 1168 
6148 1197 938 1168 784 
6149 481 442 1197 938 
6150 481 938 483 442 
6151 442 1197 938 1168 
6152 442 1168 938 483 
6153 129 1291 153 159 
6154 1291 539 1204 564 
6155 153 1204 9 160 
6156 159 564 160 51 
6157 1291 153 159 564 
6158 1291 564 1204 153 
6159 153 159 564 160 
6160 153 160 564 1204 
6161 546 590 1297 592 
6162 590 67 200 588 
6163 1297 200 25 1294 
6164 592 588 1294 515 
6165 590 1297 592 588 
6166 590 588 200 1297 
6167 1297 592 588 1294 
6168 1297 1294 588 200 
6169 31 838 839 215 
6170 838 544 601 597 
6171 839 601 548 599 
6172 215 597 599 73 
6173 838 839 215 597 
6174 838 597 601 839 
6175 839 215 597 599 
6176 839 599 597 601 
6177 283 320 321 1192 
6178 320 11 10 1287 
6179 321 10 9 1205 
6180 1192 1287 1205 790 
6181 320 321 1192 1287 
6182 320 1287 10 321 
6183 321 1192 1287 1205 
6184 321 1205 1287 10 
6185 543 618 619 992 
6186 618 515 592 1060 
6187 619 592 546 1230 
6188 992 1060 1230 788 
6189 618 619 992 1060 
6190 618 1060 592 619 
6191 619 992 1060 1230 
6192 619 1230 1060 592 
6193 517 569 1303 571 
6194 569 53 165 567 
6195 1303 165 11 1305 
6196 571 567 1305 554 
6197 569 1303 571 567 
6198 569 567 165 1303 
6199 1303 571 567 1305 
6200 1303 1305 567 165 
6201 136 231 227 1070 
6202 231 79 230 608 
6203 227 230 37 964 
6204 1070 608 964 538 
6205 231 227 1070 608 
6206 231 608 230 227 
6207 227 1070 608 964 
6208 227 964 608 230 
6209 246 436 434 1231 
6210 436 274 435 1091 
6211 434 435 267 1084 
6212 1231 1091 1084 783 
6213 436 434 1231 1091 
6214 436 1091 435 434 
6215 434 1231 1091 1084 
6216 434 1084 1091 435 
6217 67 200 199 590 
6218 200 25 197 1297 
6219 199 197 121 1261 
6220 590 1297 1261 546 
6221 200 199 590 1297 
6222 200 1297 197 199 
6223 199 590 1297 1261 
6224 199 1261 1297 197 
6225 553 585 1101 1304 
6226 585 65 195 194 
6227 1101 195 23 188 
6228 1304 194 188 127 
6229 585 1101 1304 194 
6230 585 194 195 1101 
6231 1101 1304 194 188 
6232 1101 188 194 195 
6233 549 580 641 1212 
6234 580 519 638 1027 
6235 641 638 537 1207 
6236 1212 1027 1207 786 
6237 580 641 1212 1027 
6238 580 1027 638 641 
6239 641 1212 1027 1207 
6240 641 1207 1027 638 
6241 516 624 617 1173 
6242 624 524 623 1183 
6243 617 623 523 1247 
6244 1173 1183 1247 789 
6245 624 617 1173 1183 
6246 624 1183 623 617 
6247 617 1173 1183 1247 
6248 617 1247 1183 623 
6249 51 564 160 566 
6250 564 539 1204 568 
6251 160 1204 9 1270 
6252 566 568 1270 554 
6253 564 160 566 568 
6254 564 568 1204 160 
6255 160 566 568 1270 
6256 160 1270 568 1204 
6257 73 215 597 214 
6258 215 31 838 208 
6259 597 838 544 1300 
6260 214 208 1300 125 
6261 215 597 214 208 
6262 215 208 838 597 
6263 597 214 208 1300 
6264 597 1300 208 838 
6265 53 166 165 567 
6266 166 130 158 1269 
6267 165 158 11 1305 
6268 567 1269 1305 554 
6269 166 165 567 1269 
6270 166 1269 158 165 
6271 165 567 1269 1305 
6272 165 1305 1269 158 
6273 253 324 325 1274 
6274 324 11 320 1287 
6275 325 320 283 1192 
6276 1274 1287 1192 790 
6277 324 325 1274 1287 
6278 324 1287 320 325 
6279 325 1274 1287 1192 
6280 325 1192 1287 320 
6281 299 305 371 1245 
6282 305 43 368 1279 
6283 371 368 290 1160 
6284 1245 1279 1160 789 
6285 305 371 1245 1279 
6286 305 1279 368 371 
6287 371 1245 1279 1160 
6288 371 1160 1279 368 
6289 3 710 311 111 
6290 710 707 833 711 
6291 311 833 292 310 
6292 111 711 310 110 
6293 710 311 111 711 
6294 710 711 833 311 
6295 311 111 711 310 
6296 311 310 711 833 
6297 88 372 309 1301 
6298 372 245 374 1063 
6299 309 374 293 1195 
6300 1301 1063 1195 791 
6301 372 309 1301 1063 
6302 372 1063 374 309 
6303 309 1301 1063 1195 
6304 309 1195 1063 374 
6305 551 632 630 1086 
6306 632 554 571 1272 
6307 630 571 517 1241 
6308 1086 1272 1241 790 
6309 632 630 1086 1272 
6310 632 1272 571 630 
6311 630 1086 1272 1241 
6312 630 1241 1272 571 
6313 79 606 230 608 
6314 606 552 963 610 
6315 230 963 37 964 
6316 608 610 964 538 
6317 606 230 608 610 
6318 606 610 963 230 
6319 230 608 610 964 
6320 230 964 610 963 
6321 552 1039 1038 605 
6322 1039 126 222 226 
6323 1038 222 35 225 
6324 605 226 225 77 
6325 1039 1038 605 226 
6326 1039 226 222 1038 
6327 1038 605 226 225 
6328 1038 225 226 222 
6329 261 346 341 1129 
6330 346 281 345 1059 
6331 341 345 25 1286 
6332 1129 1059 1286 788 
6333 346 341 1129 1059 
6334 346 1059 345 341 
6335 341 1129 1059 1286 
6336 341 1286 1059 345 
6337 285 333 334 1257 
6338 333 17 329 1277 
6339 334 329 255 1163 
6340 1257 1277 1163 786 
6341 333 334 1257 1277 
6342 333 1277 329 334 
6343 334 1257 1277 1163 
6344 334 1163 1277 329 
6345 781 953 1025 956 
6346 953 538 965 610 
6347 1025 965 251 962 
6348 956 610 962 552 
6349 953 1025 956 610 
6350 953 610 965 1025 
6351 1025 956 610 962 
6352 1025 962 610 965 
6353 781 1025 953 955 
6354 1025 251 965 1003 
6355 953 965 538 951 
6356 955 1003 951 774 
6357 1025 953 955 1003 
6358 1025 1003 965 953 
6359 953 955 1003 951 
6360 953 951 1003 965 
6361 763 826 1005 824 
6362 826 791 1090 825 
6363 1005 1090 780 1006 
6364 824 825 1006 769 
6365 826 1005 824 825 
6366 826 825 1090 1005 
6367 1005 824 825 1006 
6368 1005 1006 825 1090 
6369 780 1090 1005 1047 
6370 1090 791 826 902 
6371 1005 826 763 901 
6372 1047 902 901 772 
6373 1090 1005 1047 902 
6374 1090 902 826 1005 
6375 1005 1047 902 901 
6376 1005 901 902 826 
6377 781 1189 1306 878 
6378 1189 33 213 1253 
6379 1306 213 135 1302 
6380 878 1253 1302 548 
6381 1189 1306 878 1253 
6382 1189 1253 213 1306 
6383 1306 878 1253 1302 
6384 1306 1302 1253 213 
6385 135 212 1306 1302 
6386 212 31 879 839 
6387 1306 879 781 878 
6388 1302 839 878 548 
6389 212 1306 1302 839 
6390 212 839 879 1306 
6391 1306 1302 839 878 
6392 1306 878 839 879 
6393 259 896 318 319 
6394 896 522 1299 885 
6395 318 1299 7 314 
6396 319 885 314 289 
6397 896 318 319 885 
6398 896 885 1299 318 
6399 318 319 885 314 
6400 318 314 885 1299 
6401 7 1299 318 1290 
6402 1299 522 896 565 
6403 318 896 259 897 
6404 1290 565 897 539 
6405 1299 318 1290 565 
6406 1299 565 896 318 
6407 318 1290 565 897 
6408 318 897 565 896 
6409 788 961 1108 944 
6410 961 533 677 946 
6411 1108 677 531 815 
6412 944 946 815 765 
6413 961 1108 944 946 
6414 961 946 677 1108 
6415 1108 944 946 815 
6416 1108 815 946 677 
6417 788 1108 961 992 
6418 1108 531 677 686 
6419 961 677 533 651 
6420 992 686 651 543 
6421 1108 961 992 686 
6422 1108 686 677 961 
6423 961 992 686 651 
6424 961 651 686 677 
6425 766 1111 1149 807 
6426 1111 104 734 730 
6427 1149 734 696 735 
6428 807 730 735 698 
6429 1111 1149 807 730 
6430 1111 730 734 1149 
6431 1149 807 730 735 
6432 1149 735 730 734 
6433 766 1149 1111 905 
6434 1149 696 734 1148 
6435 1111 734 104 398 
6436 905 1148 398 248 
6437 1149 1111 905 1148 
6438 1149 1148 734 1111 
6439 1111 905 1148 398 
6440 1111 398 1148 734 
6441 785 975 1227 976 
6442 975 764 870 869 
6443 1227 870 526 868 
6444 976 869 868 767 
6445 975 1227 976 869 
6446 975 869 870 1227 
6447 1227 976 869 868 
6448 1227 868 869 870 
6449 785 1227 975 867 
6450 1227 526 870 968 
6451 975 870 764 969 
6452 867 968 969 779 
6453 1227 975 867 968 
6454 1227 968 870 975 
6455 975 867 968 969 
6456 975 969 968 870 
6457 695 990 756 754 
6458 990 780 1109 989 
6459 756 1109 703 755 
6460 754 989 755 700 
6461 990 756 754 989 
6462 990 989 1109 756 
6463 756 754 989 755 
6464 756 755 989 1109 
6465 703 1109 756 1200 
6466 1109 780 990 1047 
6467 756 990 695 1046 
6468 1200 1047 1046 772 
6469 1109 756 1200 1047 
6470 1109 1047 990 756 
6471 756 1200 1047 1046 
6472 756 1046 1047 990 
6473 790 1077 1117 1086 
6474 1077 535 681 689 
6475 1117 681 536 631 
6476 1086 689 631 551 
6477 1077 1117 1086 689 
6478 1077 689 681 1117 
6479 1117 1086 689 631 
6480 1117 631 689 681 
6481 790 1117 1077 1018 
6482 1117 536 681 1037 
6483 1077 681 535 929 
6484 1018 1037 929 770 
6485 1117 1077 1018 1037 
6486 1117 1037 681 1077 
6487 1077 1018 1037 929 
6488 1077 929 1037 681 
6489 780 991 1058 989 
6490 991 702 726 747 
6491 1058 726 693 744 
6492 989 747 744 700 
6493 991 1058 989 747 
6494 991 747 726 1058 
6495 1058 989 747 744 
6496 1058 744 747 726 
6497 780 1058 991 1030 
6498 1058 693 726 794 
6499 991 726 702 1201 
6500 1030 794 1201 771 
6501 1058 991 1030 794 
6502 1058 794 726 991 
6503 991 1030 794 1201 
6504 991 1201 794 726 
6505 23 22 1101 188 
6506 22 21 1114 187 
6507 1101 1114 553 1304 
6508 188 187 1304 127 
6509 22 1101 188 187 
6510 22 187 1114 1101 
6511 1101 188 187 1304 
6512 1101 1304 187 1114 
6513 23 1101 22 338 
6514 1101 553 1114 1113 
6515 22 1114 21 339 
6516 338 1113 339 284 
6517 1101 22 338 1113 
6518 1101 1113 1114 22 
6519 22 338 1113 339 
6520 22 339 1113 1114 
6521 531 1108 687 686 
6522 1108 788 1062 992 
6523 687 1062 547 621 
6524 686 992 621 543 
6525 1108 687 686 992 
6526 1108 992 1062 687 
6527 687 686 992 621 
6528 687 621 992 1062 
6529 547 1062 687 1121 
6530 1062 788 1108 1107 
6531 687 1108 531 818 
6532 1121 1107 818 778 
6533 1062 687 1121 1107 
6534 1062 1107 1108 687 
6535 687 1121 1107 818 
6536 687 818 1107 1108 
6537 786 1033 1167 1163 
6538 1033 301 474 480 
6539 1167 474 287 331 
6540 1163 480 331 255 
6541 1033 1167 1163 480 
6542 1033 480 474 1167 
6543 1167 1163 480 331 
6544 1167 331 480 474 
6545 786 1167 1033 1035 
6546 1167 287 474 1165 
6547 1033 474 301 1021 
6548 1035 1165 1021 776 
6549 1167 1033 1035 1165 
6550 1167 1165 474 1033 
6551 1033 1035 1165 1021 
6552 1033 1021 1165 474 
6553 120 1223 144 1221 
6554 1223 777 1186 1222 
6555 144 1186 5 1256 
6556 1221 1222 1256 545 
6557 1223 144 1221 1222 
6558 1223 1222 1186 144 
6559 144 1221 1222 1256 
6560 144 1256 1222 1186 
6561 774 1004 1199 1085 
6562 1004 37 38 363 
6563 1199 38 39 362 
6564 1085 363 362 282 
6565 1004 1199 1085 363 
6566 1004 363 38 1199 
6567 1199 1085 363 362 
6568 1199 362 363 38 
6569 774 1199 1004 951 
6570 1199 39 38 1071 
6571 1004 38 37 964 
6572 951 1071 964 538 
6573 1199 1004 951 1071 
6574 1199 1071 38 1004 
6575 1004 951 1071 964 
6576 1004 964 1071 38 
6577 789 1092 1155 1160 
6578 1092 274 497 500 
6579 1155 497 260 370 
6580 1160 500 370 290 
6581 1092 1155 1160 500 
6582 1092 500 497 1155 
6583 1155 1160 500 370 
6584 1155 370 500 497 
6585 27 28 1122 348 
6586 28 29 988 347 
6587 1122 988 521 906 
6588 348 347 906 249 
6589 28 1122 348 347 
6590 28 347 988 1122 
6591 1122 348 347 906 
6592 1122 906 347 988 
6593 27 1122 28 202 
6594 1122 521 988 1282 
6595 28 988 29 203 
6596 202 1282 203 131 
6597 1122 28 202 1282 
6598 1122 1282 988 28 
6599 28 202 1282 203 
6600 28 203 1282 988 
6601 254 1260 428 377 
6602 1260 791 973 1063 
6603 428 973 268 427 
6604 377 1063 427 245 
6605 1260 428 377 1063 
6606 1260 1063 973 428 
6607 428 377 1063 427 
6608 428 427 1063 973 
6609 268 973 428 1080 
6610 973 791 1260 902 
6611 428 1260 254 1225 
6612 1080 902 1225 772 
6613 973 428 1080 902 
6614 973 902 1260 428 
6615 428 1080 902 1225 
6616 428 1225 902 1260 
6617 783 1266 1076 1091 
6618 1266 260 1155 497 
6619 1076 1155 789 1092 
6620 1091 497 1092 274 
6621 1266 1076 1091 497 
6622 1266 497 1155 1076 
6623 1076 1091 497 1092 
6624 1076 1092 497 1155 
6625 783 1076 1266 959 
6626 1076 789 1155 1138 
6627 1266 1155 260 1147 
6628 959 1138 1147 774 
6629 1076 1266 959 1138 
6630 1076 1138 1155 1266 
6631 1266 959 1138 1147 
6632 1266 1147 1138 1155 
6633 33 32 1189 213 
6634 32 31 879 212 
6635 1189 879 781 1306 
6636 213 212 1306 135 
6637 32 1189 213 212 
6638 32 212 879 1189 
6639 1189 213 212 1306 
6640 1189 1306 212 879 
6641 33 1189 32 353 
6642 1189 781 879 984 
6643 32 879 31 354 
6644 353 984 354 257 
6645 1189 32 353 984 
6646 1189 984 879 32 
6647 32 353 984 354 
6648 32 354 984 879 
6649 41 40 1135 233 
6650 40 39 1198 232 
6651 1135 1198 520 1295 
6652 233 232 1295 137 
6653 40 1135 233 232 
6654 40 232 1198 1135 
6655 1135 233 232 1295 
6656 1135 1295 232 1198 
6657 41 1135 40 365 
6658 1135 520 1198 1146 
6659 40 1198 39 366 
6660 365 1146 366 260 
6661 1135 40 365 1146 
6662 1135 1146 1198 40 
6663 40 365 1146 366 
6664 40 366 1146 1198 
6665 786 1218 982 1034 
6666 1218 269 456 937 
6667 982 456 250 1082 
6668 1034 937 1082 768 
6669 1218 982 1034 937 
6670 1218 937 456 982 
6671 982 1034 937 1082 
6672 982 1082 937 456 
6673 786 982 1218 1257 
6674 982 250 456 337 
6675 1218 456 269 457 
6676 1257 337 457 285 
6677 982 1218 1257 337 
6678 982 337 456 1218 
6679 1218 1257 337 457 
6680 1218 457 337 456 
6681 780 1203 991 1047 
6682 1203 784 1056 1057 
6683 991 1056 702 1045 
6684 1047 1057 1045 772 
6685 1203 991 1047 1057 
6686 1203 1057 1056 991 
6687 991 1047 1057 1045 
6688 991 1045 1057 1056 
6689 702 1056 991 1201 
6690 1056 784 1203 813 
6691 991 1203 780 1030 
6692 1201 813 1030 771 
6693 1056 991 1201 813 
6694 1056 813 1203 991 
6695 991 1201 813 1030 
6696 991 1030 813 1203 
6697 772 1234 1252 1233 
6698 1234 90 91 713 
6699 1252 91 92 716 
6700 1233 713 716 704 
6701 1234 1252 1233 713 
6702 1234 713 91 1252 
6703 1252 1233 713 716 
6704 1252 716 713 91 
6705 772 1252 1234 1225 
6706 1252 92 91 376 
6707 1234 91 90 375 
6708 1225 376 375 254 
6709 1252 1234 1225 376 
6710 1252 376 91 1234 
6711 1234 1225 376 375 
6712 1234 375 376 91 
6713 7 8 1290 318 
6714 8 9 1204 317 
6715 1290 1204 539 897 
6716 318 317 897 259 
6717 8 1290 318 317 
6718 8 317 1204 1290 
6719 1290 318 317 897 
6720 1290 897 317 1204 
6721 7 1290 8 152 
6722 1290 539 1204 1291 
6723 8 1204 9 153 
6724 152 1291 153 129 
6725 1290 8 152 1291 
6726 1290 1291 1204 8 
6727 8 152 1291 153 
6728 8 153 1291 1204 
6729 21 20 1132 183 
6730 20 19 994 182 
6731 1132 994 541 1292 
6732 183 182 1292 134 
6733 20 1132 183 182 
6734 20 182 994 1132 
6735 1132 183 182 1292 
6736 1132 1292 182 994 
6737 21 1132 20 335 
6738 1132 541 994 977 
6739 20 994 19 336 
6740 335 977 336 250 
6741 1132 20 335 977 
6742 1132 977 994 20 
6743 20 335 977 336 
6744 20 336 977 994 
6745 783 1288 935 1084 
6746 1288 252 466 433 
6747 935 466 295 467 
6748 1084 433 467 267 
6749 1288 935 1084 433 
6750 1288 433 466 935 
6751 935 1084 433 467 
6752 935 467 433 466 
6753 783 935 1288 851 
6754 935 295 466 918 
6755 1288 466 252 1158 
6756 851 918 1158 775 
6757 935 1288 851 918 
6758 935 918 466 1288 
6759 1288 851 918 1158 
6760 1288 1158 918 466 
6761 789 1232 1174 1162 
6762 1232 113 112 1119 
6763 1174 112 1 1224 
6764 1162 1119 1224 777 
6765 1232 1174 1162 1119 
6766 1232 1119 112 1174 
6767 1174 1162 1119 1224 
6768 1174 1224 1119 112 
6769 789 1174 1232 1245 
6770 1174 1 112 304 
6771 1232 112 113 307 
6772 1245 304 307 299 
6773 1174 1232 1245 304 
6774 1174 304 112 1232 
6775 1232 1245 304 307 
6776 1232 307 304 112 
6777 17 16 1277 173 
6778 16 15 1166 172 
6779 1277 1166 786 1211 
6780 173 172 1211 133 
6781 16 1277 173 172 
6782 16 172 1166 1277 
6783 1277 173 172 1211 
6784 1277 1211 172 1166 
6785 17 1277 16 329 
6786 1277 786 1166 1163 
6787 16 1166 15 330 
6788 329 1163 330 255 
6789 1277 16 329 1163 
6790 1277 1163 1166 16 
6791 16 329 1163 330 
6792 16 330 1163 1166 
6793 29 30 986 351 
6794 30 31 838 350 
6795 986 838 544 985 
6796 351 350 985 286 
6797 30 986 351 350 
6798 30 350 838 986 
6799 986 351 350 985 
6800 986 985 350 838 
6801 29 986 30 207 
6802 986 544 838 1300 
6803 30 838 31 208 
6804 207 1300 208 125 
6805 986 30 207 1300 
6806 986 1300 838 30 
6807 30 207 1300 208 
6808 30 208 1300 838 
6809 15 14 1215 168 
6810 14 13 1254 167 
6811 1215 1254 542 1298 
6812 168 167 1298 132 
6813 14 1215 168 167 
6814 14 167 1254 1215 
6815 1215 168 167 1298 
6816 1215 1298 167 1254 
6817 15 1215 14 326 
6818 1215 542 1254 1214 
6819 14 1254 13 327 
6820 326 1214 327 287 
6821 1215 14 326 1214 
6822 1215 1214 1254 14 
6823 14 326 1214 327 
6824 14 327 1214 1254 
6825 1 4 1224 303 
6826 4 5 1186 302 
6827 1224 1186 777 1213 
6828 303 302 1213 298 
6829 4 1224 303 302 
6830 4 302 1186 1224 
6831 1224 303 302 1213 
6832 1224 1213 302 1186 
6833 1 1224 4 141 
6834 1224 777 1186 1223 
6835 4 1186 5 144 
6836 141 1223 144 120 
6837 1224 4 141 1223 
6838 1224 1223 1186 4 
6839 4 141 1223 144 
6840 4 144 1223 1186 
6841 1 44 1174 142 
6842 44 43 1279 145 
6843 1174 1279 789 1175 
6844 142 145 1175 138 
6845 44 1174 142 145 
6846 44 145 1279 1174 
6847 1174 142 145 1175 
6848 1174 1175 145 1279 
6849 1 1174 44 304 
6850 1174 789 1279 1245 
6851 44 1279 43 305 
6852 304 1245 305 299 
6853 1174 44 304 1245 
6854 1174 1245 1279 44 
6855 44 304 1245 305 
6856 44 305 1245 1279 
6857 35 34 1112 218 
6858 34 33 1189 217 
6859 1112 1189 781 1178 
6860 218 217 1178 122 
6861 34 1112 218 217 
6862 34 217 1189 1112 
6863 1112 218 217 1178 
6864 1112 1178 217 1189 
6865 35 1112 34 356 
6866 1112 781 1189 1268 
6867 34 1189 33 357 
6868 356 1268 357 288 
6869 1112 34 356 1268 
6870 1112 1268 1189 34 
6871 34 356 1268 357 
6872 34 357 1268 1189 
6873 43 42 1279 238 
6874 42 41 1137 237 
6875 1279 1137 789 1259 
6876 238 237 1259 119 
6877 42 1279 238 237 
6878 42 237 1137 1279 
6879 1279 238 237 1259 
6880 1279 1259 237 1137 
6881 43 1279 42 368 
6882 1279 789 1137 1160 
6883 42 1137 41 369 
6884 368 1160 369 290 
6885 1279 42 368 1160 
6886 1279 1160 1137 42 
6887 42 368 1160 369 
6888 42 369 1160 1137 
6889 5 6 1185 315 
6890 6 7 1299 314 
6891 1185 1299 522 885 
6892 315 314 885 289 
6893 6 1185 315 314 
6894 6 314 1299 1185 
6895 1185 315 314 885 
6896 1185 885 314 1299 
6897 5 1185 6 148 
6898 1185 522 1299 1296 
6899 6 1299 7 149 
6900 148 1296 149 128 
6901 1185 6 148 1296 
6902 1185 1296 1299 6 
6903 6 148 1296 149 
6904 6 149 1296 1299 
6905 19 18 995 178 
6906 18 17 1277 177 
6907 995 1277 786 1170 
6908 178 177 1170 124 
6909 18 995 178 177 
6910 18 177 1277 995 
6911 995 178 177 1170 
6912 995 1170 177 1277 
6913 19 995 18 332 
6914 995 786 1277 1257 
6915 18 1277 17 333 
6916 332 1257 333 285 
6917 995 18 332 1257 
6918 995 1257 1277 18 
6919 18 332 1257 333 
6920 18 333 1257 1277 
$EndElements
