$MeshFormat
4.1 0 8
$EndMeshFormat
$PhysicalNames
7
2 1 "Slope"
2 2 "WarmingPatch"
2 3 "Wall"
2 4 "Bottom"
2 5 "FresheningPatch"
2 6 "CoolingPatch"
3 7 "ArcticBasin"
$EndPhysicalNames
$Entities
9 14 8 1
1 -1 -2.449293598294706e-16 -0.1 0 
2 -0.5999999999999999 -1.469576158976824e-16 -0.6000000000000001 0 
3 1 1.224646799147353e-16 -0.1 0 
4 0.8660254037844387 0.4999999999999999 -0.1 0 
5 -1 -2.449293598294706e-16 0 0 
6 1 1.224646799147353e-16 0 0 
7 0.8660254037844387 0.4999999999999999 0 0 
8 0.7048734418489653 0.2588190451025207 0 0 
9 -0.6 -1.469576158976824e-16 0 0 
1 -1.0000001 -1.000000002449294e-07 -0.6000001 -0.5999998999999999 9.999999985304237e-08 -0.09999989999999997 0 2 1 -2 
2 -1.000000100000001 -1.000000100000001 -0.1000001000000004 1.000000100000001 1.000000005024759e-07 -0.0999998999999996 0 2 3 -1 
3 0.8660253037844388 -9.999999989185326e-08 -0.1000001 1.0000001 0.5000000999999999 -0.0999999 0 2 4 -3 
4 -1.0000001 -9.999999994736442e-08 -0.1000001 0.8660255037844387 1.0000001 -0.0999999 0 2 1 -4 
5 -0.6000000999999998 -0.6000000999999998 -0.6000001 0.6000000999999998 0.6000000999999998 -0.5999999000000001 0 2 2 -2 
6 -1.0000001 -1.000000002449294e-07 -0.1000001 -0.9999999000000001 9.999999975507064e-08 1.000000000028756e-07 0 2 5 -1 
7 -1.0000001 -1.0000001 -1e-07 1.0000001 1.000000001138979e-07 1e-07 0 2 6 -5 
8 0.9999998999999999 -9.999999987753531e-08 -0.1000001 1.0000001 1.000000001550911e-07 1.000000000167534e-07 0 2 6 -3 
9 0.8660253037844388 -9.999999989185326e-08 -1e-07 1.0000001 0.5000000999999999 1e-07 0 2 7 -6 
10 0.8660253037844386 0.4999998999999996 -0.1000001000000002 0.866025503784439 0.5000000999999999 1.000000001971646e-07 0 2 7 -4 
11 -1.0000001 -9.999999994736442e-08 -1e-07 0.8660255037844387 1.0000001 1e-07 0 2 5 -7 
12 0.7048733418489653 -0.002233439337582355 -1e-07 1.0000001 0.2588191451025207 1e-07 0 2 6 -8 
13 0.7048733418489653 0.2588189451025207 -1e-07 0.8660255037844387 0.5000000999999998 1e-07 0 2 8 -7 
14 -0.6000000999999999 -0.6000000999999999 -1e-07 0.6000000999999999 0.6000000999999999 1e-07 0 2 9 -9 
1 -1.0000001 -1.0000001 -0.6000000999999999 1.0000001 1.0000001 -0.09999990000000003 1 1 6 1 -5 -1 4 3 2 
2 -1.0000001 -1.0000001 -0.1000001 1.0000001 1.000000001138979e-07 1.000000000028756e-07 1 3 4 6 -2 -8 7 
3 0.8660253037844388 -9.999999989185326e-08 -0.1000001 1.0000001 0.5000000999999999 1.000000000028756e-07 1 2 4 -3 -10 9 8 
4 -1.0000001 -9.999999994736442e-08 -0.1000001 0.8660255037844389 1.0000001 1.000000000028756e-07 1 3 4 -4 -6 11 10 
5 -0.6000000999999998 -0.6000000999999998 -0.6000001 0.6000000999999998 0.6000000999999998 -0.5999999000000001 1 4 1 5 
6 -1.0000001 -1.0000001 -1e-07 1.0000001 1.0000001 1e-07 1 5 5 7 11 -13 -12 -14 
7 0.7048733418489653 -0.002233439337582355 -1e-07 1.0000001 0.5000000999999999 1e-07 1 2 3 13 9 12 
8 -0.6000000999999999 -0.6000000999999999 -1e-07 0.6000000999999999 0.6000000999999999 1e-07 1 6 1 14 
1 -1.0000001 -1.0000001 -0.6000001 1.0000001 1.0000001 1.000000000028756e-07 1 7 8 1 2 3 4 5 -6 -7 -8 
$EndEntities
$Nodes
32 1827 1 1827
0 1 0 1
1
-1 -2.449293598294706e-16 -0.1
0 2 0 1
2
-0.5999999999999999 -1.469576158976824e-16 -0.6000000000000001
0 3 0 1
3
1 1.224646799147353e-16 -0.1
0 4 0 1
4
0.8660254037844387 0.4999999999999999 -0.1
0 5 0 1
5
-1 -2.449293598294706e-16 0
0 6 0 1
6
1 1.224646799147353e-16 0
0 7 0 1
7
0.8660254037844387 0.4999999999999999 0
0 8 0 1
8
0.7048734418489653 0.2588190451025207 0
0 9 0 1
9
-0.6 0 0
1 1 0 8
10
11
12
13
14
15
16
17
-0.9555555555555556 -2.340436105037164e-16 -0.1555555555555555
-0.9111111111111112 -2.231578611779622e-16 -0.211111111111111
-0.8666666666666669 -2.122721118522079e-16 -0.2666666666666664
-0.8222222222222226 -2.013863625264537e-16 -0.3222222222222217
-0.7777777777777781 -1.905006132006995e-16 -0.3777777777777774
-0.7333333333333334 -1.796148638749452e-16 -0.4333333333333331
-0.6888888888888889 -1.687291145491909e-16 -0.4888888888888888
-0.6444444444444444 -1.578433652234366e-16 -0.5444444444444445
1 2 0 41
18
19
20
21
22
23
24
25
26
27
28
29
30
31
32
33
34
35
36
37
38
39
40
41
42
43
44
45
46
47
48
49
50
51
52
53
54
55
56
57
58
0.9972037971811801 -0.07473009358642398 -0.1
0.9888308262251286 -0.149042266176174 -0.1
0.9749279121818236 -0.2225209339563143 -0.1
0.9555728057861408 -0.2947551744109039 -0.1
0.9308737486442044 -0.3653410243663946 -0.1
0.9009688679024191 -0.433883739117558 -0.1
0.8660254037844388 -0.4999999999999998 -0.1
0.8262387743159951 -0.5633200580636216 -0.1
0.7818314824680302 -0.623489801858733 -0.1
0.7330518718298266 -0.6801727377709191 -0.1
0.6801727377709197 -0.733051871829826 -0.1
0.6234898018587336 -0.7818314824680297 -0.1
0.5633200580636226 -0.8262387743159945 -0.1
0.5000000000000004 -0.8660254037844384 -0.1
0.4338837391175583 -0.900968867902419 -0.1
0.3653410243663949 -0.9308737486442042 -0.1
0.2947551744109047 -0.9555728057861406 -0.1
0.2225209339563146 -0.9749279121818236 -0.1
0.1490422661761752 -0.9888308262251284 -0.1
0.07473009358642561 -0.99720379718118 -0.1
1.960053859272354e-15 -1 -0.1
-0.07473009358642259 -0.9972037971811802 -0.1
-0.1490422661761722 -0.9888308262251289 -0.1
-0.2225209339563125 -0.9749279121818241 -0.1
-0.2947551744109018 -0.9555728057861415 -0.1
-0.3653410243663921 -0.9308737486442055 -0.1
-0.4338837391175547 -0.9009688679024207 -0.1
-0.499999999999997 -0.8660254037844404 -0.1
-0.5633200580636187 -0.8262387743159971 -0.1
-0.6234898018587299 -0.7818314824680327 -0.1
-0.6801727377709162 -0.7330518718298292 -0.1
-0.733051871829823 -0.680172737770923 -0.1
-0.7818314824680269 -0.6234898018587371 -0.1
-0.8262387743159929 -0.563320058063625 -0.1
-0.866025403784437 -0.5000000000000028 -0.1
-0.9009688679024178 -0.4338837391175607 -0.1
-0.9308737486442032 -0.3653410243663974 -0.1
-0.95557280578614 -0.2947551744109064 -0.1
-0.9749279121818234 -0.2225209339563155 -0.1
-0.9888308262251283 -0.1490422661761761 -0.1
-0.99720379718118 -0.07473009358642568 -0.1
1 3 0 6
59
60
61
62
63
64
0.900968867902419 0.4338837391175582 -0.1
0.9308737486442041 0.3653410243663953 -0.1
0.9555728057861408 0.2947551744109042 -0.1
0.9749279121818235 0.2225209339563149 -0.1
0.9888308262251285 0.1490422661761747 -0.1
0.9972037971811801 0.07473009358642423 -0.1
1 4 0 34
65
66
67
68
69
70
71
72
73
74
75
76
77
78
79
80
81
82
83
84
85
86
87
88
89
90
91
92
93
94
95
96
97
98
-0.9972037971811801 0.0747300935864242 -0.1
-0.9888308262251285 0.1490422661761744 -0.1
-0.9749279121818236 0.2225209339563142 -0.1
-0.9555728057861408 0.294755174410904 -0.1
-0.9308737486442044 0.3653410243663947 -0.1
-0.9009688679024194 0.4338837391175577 -0.1
-0.8660254037844389 0.4999999999999994 -0.1
-0.8262387743159954 0.5633200580636214 -0.1
-0.7818314824680302 0.623489801858733 -0.1
-0.7330518718298267 0.680172737770919 -0.1
-0.6801727377709197 0.733051871829826 -0.1
-0.6234898018587338 0.7818314824680296 -0.1
-0.5633200580636222 0.8262387743159948 -0.1
-0.5000000000000001 0.8660254037844386 -0.1
-0.433883739117558 0.9009688679024193 -0.1
-0.3653410243663948 0.9308737486442044 -0.1
-0.2947551744109039 0.9555728057861408 -0.1
-0.222520933956314 0.9749279121818237 -0.1
-0.149042266176174 0.9888308262251286 -0.1
-0.0747300935864235 0.9972037971811802 -0.1
6.049014748177263e-16 1 -0.1
0.07473009358642493 0.9972037971811801 -0.1
0.1490422661761754 0.9888308262251284 -0.1
0.2225209339563152 0.9749279121818234 -0.1
0.2947551744109053 0.9555728057861405 -0.1
0.3653410243663961 0.9308737486442038 -0.1
0.4338837391175597 0.9009688679024184 -0.1
0.5000000000000013 0.8660254037844379 -0.1
0.5633200580636232 0.8262387743159941 -0.1
0.6234898018587349 0.7818314824680287 -0.1
0.6801727377709206 0.7330518718298252 -0.1
0.7330518718298276 0.680172737770918 -0.1
0.7818314824680308 0.6234898018587323 -0.1
0.8262387743159955 0.5633200580636212 -0.1
1 5 0 50
99
100
101
102
103
104
105
106
107
108
109
110
111
112
113
114
115
116
117
118
119
120
121
122
123
124
125
126
127
128
129
130
131
132
133
134
135
136
137
138
139
140
141
142
143
144
145
146
147
148
-0.5954523058031613 0.07373297439882846 -0.6000000000000001
-0.5818781616210056 0.1463482320650263 -0.6000000000000001
-0.5594833376426134 0.2167449997122917 -0.6000000000000001
-0.5286073165714705 0.283856134101606 -0.6000000000000001
-0.4897181474137329 0.3466642988449506 -0.6000000000000001
-0.4434053503323954 0.4042173861879342 -0.6000000000000001
-0.3903709801225452 0.4556429499928242 -0.6000000000000001
-0.3314189837763034 0.5001614311326716 -0.6000000000000001
-0.2674430134659228 0.5370979748130373 -0.6000000000000001
-0.1994128796877957 0.5658926606827663 -0.6000000000000001
-0.1283598499238985 0.5861089906557603 -0.6000000000000001
-0.0553610156779812 0.5974405057770206 -0.6000000000000001
0.01847703513370225 0.5997154318280195 -0.6000000000000001
0.09203499292721116 0.5928992832487555 -0.6000000000000001
0.1641977940432496 0.5770953859036914 -0.6000000000000001
0.2338715239756075 0.5525433107669721 -0.6000000000000001
0.3 0.519615242270663 -0.6000000000000001
0.3615807818275539 0.4788103363681435 -0.6000000000000001
0.4176803675777558 0.4307471538386651 -0.6000000000000001
0.4674483447154022 0.3761542835364638 -0.6000000000000001
0.5101302814377684 0.3158592977264134 -0.6000000000000001
0.5450791630917141 0.2507762069320701 -0.6000000000000001
0.5717652002562937 0.1818916044678262 -0.6000000000000001
0.589783859810341 0.1102497106899422 -0.6000000000000001
0.5988619972422263 0.03693654368036566 -0.6000000000000001
0.5988619972422263 -0.03693654368036578 -0.6000000000000001
0.589783859810341 -0.110249710689942 -0.6000000000000001
0.5717652002562938 -0.181891604467826 -0.6000000000000001
0.5450791630917141 -0.25077620693207 -0.6000000000000001
0.5101302814377685 -0.3158592977264132 -0.6000000000000001
0.4674483447154023 -0.3761542835364636 -0.6000000000000001
0.417680367577756 -0.430747153838665 -0.6000000000000001
0.3615807818275538 -0.4788103363681435 -0.6000000000000001
0.2999999999999997 -0.5196152422706631 -0.6000000000000001
0.2338715239756075 -0.5525433107669721 -0.6000000000000001
0.1641977940432493 -0.5770953859036915 -0.6000000000000001
0.09203499292721105 -0.5928992832487555 -0.6000000000000001
0.01847703513370227 -0.5997154318280195 -0.6000000000000001
-0.05536101567798145 -0.5974405057770206 -0.6000000000000001
-0.1283598499238985 -0.5861089906557603 -0.6000000000000001
-0.1994128796877956 -0.5658926606827664 -0.6000000000000001
-0.2674430134659231 -0.5370979748130372 -0.6000000000000001
-0.3314189837763034 -0.5001614311326716 -0.6000000000000001
-0.390370980122545 -0.4556429499928243 -0.6000000000000001
-0.4434053503323954 -0.4042173861879342 -0.6000000000000001
-0.4897181474137328 -0.3466642988449507 -0.6000000000000001
-0.5286073165714706 -0.2838561341016058 -0.6000000000000001
-0.5594833376426134 -0.2167449997122918 -0.6000000000000001
-0.5818781616210055 -0.1463482320650265 -0.6000000000000001
-0.5954523058031613 -0.07373297439882839 -0.6000000000000001
1 6 0 1
149
-1 -2.449293598294706e-16 -0.04999999999999993
1 7 0 41
150
151
152
153
154
155
156
157
158
159
160
161
162
163
164
165
166
167
168
169
170
171
172
173
174
175
176
177
178
179
180
181
182
183
184
185
186
187
188
189
190
0.9972037971811801 -0.07473009358642398 0
0.9888308262251286 -0.149042266176174 0
0.9749279121818236 -0.2225209339563143 0
0.9555728057861408 -0.2947551744109039 0
0.9308737486442044 -0.3653410243663946 0
0.9009688679024191 -0.433883739117558 0
0.8660254037844388 -0.4999999999999998 0
0.8262387743159951 -0.5633200580636216 0
0.7818314824680302 -0.623489801858733 0
0.7330518718298266 -0.6801727377709191 0
0.6801727377709197 -0.733051871829826 0
0.6234898018587336 -0.7818314824680297 0
0.5633200580636226 -0.8262387743159945 0
0.5000000000000004 -0.8660254037844384 0
0.4338837391175583 -0.900968867902419 0
0.3653410243663949 -0.9308737486442042 0
0.2947551744109047 -0.9555728057861406 0
0.2225209339563146 -0.9749279121818236 0
0.1490422661761752 -0.9888308262251284 0
0.07473009358642561 -0.99720379718118 0
1.960053859272354e-15 -1 0
-0.07473009358642259 -0.9972037971811802 0
-0.1490422661761722 -0.9888308262251289 0
-0.2225209339563125 -0.9749279121818241 0
-0.2947551744109018 -0.9555728057861415 0
-0.3653410243663921 -0.9308737486442055 0
-0.4338837391175547 -0.9009688679024207 0
-0.499999999999997 -0.8660254037844404 0
-0.5633200580636187 -0.8262387743159971 0
-0.6234898018587299 -0.7818314824680327 0
-0.6801727377709162 -0.7330518718298292 0
-0.733051871829823 -0.680172737770923 0
-0.7818314824680269 -0.6234898018587371 0
-0.8262387743159929 -0.563320058063625 0
-0.866025403784437 -0.5000000000000028 0
-0.9009688679024178 -0.4338837391175607 0
-0.9308737486442032 -0.3653410243663974 0
-0.95557280578614 -0.2947551744109064 0
-0.9749279121818234 -0.2225209339563155 0
-0.9888308262251283 -0.1490422661761761 0
-0.99720379718118 -0.07473009358642568 0
1 8 0 1
191
1 1.387778780781446e-16 -0.04999999999999993
1 9 0 6
192
193
194
195
196
197
0.900968867902419 0.4338837391175582 0
0.9308737486442041 0.3653410243663953 0
0.9555728057861408 0.2947551744109042 0
0.9749279121818235 0.2225209339563149 0
0.9888308262251285 0.1490422661761747 0
0.9972037971811801 0.07473009358642423 0
1 10 0 1
198
0.8660254037844388 0.4999999999999998 -0.04999999999999993
1 11 0 34
199
200
201
202
203
204
205
206
207
208
209
210
211
212
213
214
215
216
217
218
219
220
221
222
223
224
225
226
227
228
229
230
231
232
-0.9972037971811801 0.0747300935864242 0
-0.9888308262251285 0.1490422661761744 0
-0.9749279121818236 0.2225209339563142 0
-0.9555728057861408 0.294755174410904 0
-0.9308737486442044 0.3653410243663947 0
-0.9009688679024194 0.4338837391175577 0
-0.8660254037844389 0.4999999999999994 0
-0.8262387743159954 0.5633200580636214 0
-0.7818314824680302 0.623489801858733 0
-0.7330518718298267 0.680172737770919 0
-0.6801727377709197 0.733051871829826 0
-0.6234898018587338 0.7818314824680296 0
-0.5633200580636222 0.8262387743159948 0
-0.5000000000000001 0.8660254037844386 0
-0.433883739117558 0.9009688679024193 0
-0.3653410243663948 0.9308737486442044 0
-0.2947551744109039 0.9555728057861408 0
-0.222520933956314 0.9749279121818237 0
-0.149042266176174 0.9888308262251286 0
-0.0747300935864235 0.9972037971811802 0
6.049014748177263e-16 1 0
0.07473009358642493 0.9972037971811801 0
0.1490422661761754 0.9888308262251284 0
0.2225209339563152 0.9749279121818234 0
0.2947551744109053 0.9555728057861405 0
0.3653410243663961 0.9308737486442038 0
0.4338837391175597 0.9009688679024184 0
0.5000000000000013 0.8660254037844379 0
0.5633200580636232 0.8262387743159941 0
0.6234898018587349 0.7818314824680287 0
0.6801727377709206 0.7330518718298252 0
0.7330518718298276 0.680172737770918 0
0.7818314824680308 0.6234898018587323 0
0.8262387743159955 0.5633200580636212 0
1 12 0 5
233
234
235
236
237
0.9262136535950879 0.0008049161060899035 0
0.8556003213537271 0.02222523625997014 0
0.7938020290865918 0.06254947064314584 0
0.7457564783432282 0.1185557011848493 0
0.7153025226202478 0.1857690137542073 0
1 13 0 4
238
239
240
241
0.7120863400114216 0.3197605139735922 0
0.7333264485980064 0.3773343475726834 0
0.7674200358267012 0.4283590066890864 0
0.8124830846393907 0.4700148605366663 0
1 14 0 50
242
243
244
245
246
247
248
249
250
251
252
253
254
255
256
257
258
259
260
261
262
263
264
265
266
267
268
269
270
271
272
273
274
275
276
277
278
279
280
281
282
283
284
285
286
287
288
289
290
291
-0.5954523058031614 0.07373297439882846 0
-0.5818781616210057 0.1463482320650263 0
-0.5594833376426135 0.2167449997122917 0
-0.5286073165714706 0.283856134101606 0
-0.489718147413733 0.3466642988449506 0
-0.4434053503323954 0.4042173861879343 0
-0.3903709801225453 0.4556429499928242 0
-0.3314189837763035 0.5001614311326716 0
-0.267443013465923 0.5370979748130373 0
-0.1994128796877958 0.5658926606827664 0
-0.1283598499238985 0.5861089906557604 0
-0.05536101567798121 0.5974405057770207 0
0.01847703513370212 0.5997154318280196 0
0.09203499292721118 0.5928992832487556 0
0.1641977940432496 0.5770953859036915 0
0.2338715239756076 0.5525433107669722 0
0.2999999999999999 0.5196152422706632 0
0.3615807818275538 0.4788103363681437 0
0.4176803675777559 0.4307471538386652 0
0.4674483447154023 0.3761542835364639 0
0.5101302814377684 0.3158592977264136 0
0.5450791630917141 0.2507762069320701 0
0.5717652002562938 0.1818916044678262 0
0.5897838598103411 0.1102497106899422 0
0.5988619972422264 0.03693654368036567 0
0.5988619972422264 -0.03693654368036552 0
0.5897838598103411 -0.1102497106899421 0
0.571765200256294 -0.181891604467826 0
0.5450791630917142 -0.25077620693207 0
0.5101302814377686 -0.3158592977264133 0
0.4674483447154023 -0.3761542835364637 0
0.4176803675777561 -0.430747153838665 0
0.3615807818275539 -0.4788103363681436 0
0.3000000000000003 -0.519615242270663 0
0.2338715239756076 -0.5525433107669722 0
0.1641977940432499 -0.5770953859036914 0
0.0920349929272116 -0.5928992832487555 0
0.01847703513370227 -0.5997154318280196 0
-0.05536101567798093 -0.5974405057770207 0
-0.1283598499238985 -0.5861089906557604 0
-0.1994128796877956 -0.5658926606827666 0
-0.2674430134659226 -0.5370979748130376 0
-0.3314189837763035 -0.5001614311326716 0
-0.3903709801225451 -0.4556429499928245 0
-0.4434053503323955 -0.4042173861879342 0
-0.4897181474137329 -0.3466642988449508 0
-0.5286073165714705 -0.2838561341016064 0
-0.5594833376426135 -0.2167449997122918 0
-0.5818781616210056 -0.1463482320650265 0
-0.5954523058031614 -0.07373297439882841 0
2 1 0 626
292
293
294
295
296
297
298
299
300
301
302
303
304
305
306
307
308
309
310
311
312
313
314
315
316
317
318
319
320
321
322
323
324
325
326
327
328
329
330
331
332
333
334
335
336
337
338
339
340
341
342
343
344
345
346
347
348
349
350
351
352
353
354
355
356
357
358
359
360
361
362
363
364
365
366
367
368
369
370
371
372
373
374
375
376
377
378
379
380
381
382
383
384
385
386
387
388
389
390
391
392
393
394
395
396
397
398
399
400
401
402
403
404
405
406
407
408
409
410
411
412
413
414
415
416
417
418
419
420
421
422
423
424
425
426
427
428
429
430
431
432
433
434
435
436
437
438
439
440
441
442
443
444
445
446
447
448
449
450
451
452
453
454
455
456
457
458
459
460
461
462
463
464
465
466
467
468
469
470
471
472
473
474
475
476
477
478
479
480
481
482
483
484
485
486
487
488
489
490
491
492
493
494
495
496
497
498
499
500
501
502
503
504
505
506
507
508
509
510
511
512
513
514
515
516
517
518
519
520
521
522
523
524
525
526
527
528
529
530
531
532
533
534
535
536
537
538
539
540
541
542
543
544
545
546
547
548
549
550
551
552
553
554
555
556
557
558
559
560
561
562
563
564
565
566
567
568
569
570
571
572
573
574
575
576
577
578
579
580
581
582
583
584
585
586
587
588
589
590
591
592
593
594
595
596
597
598
599
600
601
602
603
604
605
606
607
608
609
610
611
612
613
614
615
616
617
618
619
620
621
622
623
624
625
626
627
628
629
630
631
632
633
634
635
636
637
638
639
640
641
642
643
644
645
646
647
648
649
650
651
652
653
654
655
656
657
658
659
660
661
662
663
664
665
666
667
668
669
670
671
672
673
674
675
676
677
678
679
680
681
682
683
684
685
686
687
688
689
690
691
692
693
694
695
696
697
698
699
700
701
702
703
704
705
706
707
708
709
710
711
712
713
714
715
716
717
718
719
720
721
722
723
724
725
726
727
728
729
730
731
732
733
734
735
736
737
738
739
740
741
742
743
744
745
746
747
748
749
750
751
752
753
754
755
756
757
758
759
760
761
762
763
764
765
766
767
768
769
770
771
772
773
774
775
776
777
778
779
780
781
782
783
784
785
786
787
788
789
790
791
792
793
794
795
796
797
798
799
800
801
802
803
804
805
806
807
808
809
810
811
812
813
814
815
816
817
818
819
820
821
822
823
824
825
826
827
828
829
830
831
832
833
834
835
836
837
838
839
840
841
842
843
844
845
846
847
848
849
850
851
852
853
854
855
856
857
858
859
860
861
862
863
864
865
866
867
868
869
870
871
872
873
874
875
876
877
878
879
880
881
882
883
884
885
886
887
888
889
890
891
892
893
894
895
896
897
898
899
900
901
902
903
904
905
906
907
908
909
910
911
912
913
914
915
916
917
-0.7985540770180489 0.06158626112481499 -0.3488432616144385
-0.8502527815611796 0.4471165396248203 -0.1491910327313479
0.212546716339252 -0.603163782685024 -0.5506031029489468
0.4194741047552701 -0.4839742496148468 -0.5494244269252967
0.4156734922485213 0.488885733118263 -0.5478605636675218
0.2092316223572383 0.6045406880872496 -0.5503444927782503
0.5683220361672547 0.3008416551939865 -0.5462046685672713
-0.02055213205749053 -0.6413793048486349 -0.547864371252215
0.5629068390224595 -0.302478233949212 -0.5512146022795654
-0.54372875209751 -0.3366625900096266 -0.5506031029489467
-0.7985540770180487 -0.06158626112481564 -0.3488432616144386
-0.02123054247720916 0.6407778154724731 -0.5485882137444575
-0.252779763755943 -0.5886038688190915 -0.5492658414058064
0.6346703008012561 -0.07858921459302427 -0.5506031029489468
-0.252351957897531 0.5900102606514555 -0.5478606550987427
-0.4466837624867144 0.4586888696808941 -0.5496857425454443
-0.6257204866945556 -0.727100396706975 -0.1509110786982426
0.9423089005189854 0.1830484509131374 -0.1500958375646474
-0.5128726210010898 0.812766382683226 -0.1486807263779596
-0.1684454279217167 -0.9508877961415474 -0.1428847254723744
0.9096750985650555 -0.3134128318573446 -0.147310053903787
-0.1806577182635667 0.9379957621706775 -0.1559566714975669
0.1783396387923647 -0.9425476579972605 -0.1509110786982426
0.7253974572675969 0.6241663458888361 -0.1537917337801568
0.7236994031577614 -0.6332669003255305 -0.147939403839439
0.1819418154132493 0.9435717297319727 -0.1488089027544526
0.4514391983898625 0.8552423823207737 -0.1411544231422989
0.5063856901156719 -0.8115505314479358 -0.1542779820809152
-0.7271003967069726 0.6257204866945579 -0.1509110786982429
-0.3873306741269753 -0.5126031133187019 -0.5468937230745827
0.6346703008012563 0.07858921459302418 -0.5506031029489464
-0.4449974182843834 -0.8520814518276439 -0.1483959270335809
0.9598950015312926 -0.03646673205624962 -0.1492656956889213
-0.5809794554969352 0.2672929622343063 -0.5506031029489465
0.8811099617080137 0.3817589900102126 -0.1496779787056133
-0.772528177858705 -0.5711671853796578 -0.1490682398392362
-0.8788104228587866 -0.3864643741879586 -0.1499593289172642
-0.6075077038156965 -0.1949446110523598 -0.5524754984428223
-0.7094846972943019 0.06157887732308539 -0.4598099800576645
-0.9282528722390418 0.2451423483654273 -0.149903541778993
-0.8875874153356963 -0.06159154495151577 -0.2378477100460958
-0.9265847656819733 -0.2482776396834675 -0.1509110786982431
-0.04210017035993841 -0.9589449760720498 -0.1501641443786468
0.8486342856907911 -0.4472572821513285 -0.1508992775265183
0.3279662954743213 -0.8992555368718314 -0.1535061562777244
0.6314732257044108 -0.7226395344305204 -0.1504126155322374
0.03578681652066457 0.9621372704168683 -0.1464967650633516
0.6274649366896302 0.723092484359138 -0.1532759640170329
-0.3812698752704309 0.8823469304176388 -0.1485017013860884
0.3168271713027028 0.9054400354993358 -0.1509110786982433
-0.3180085544604701 -0.9024991212117129 -0.1538903527359836
-0.6292274191535988 0.7270419257804953 -0.148102342350004
0.9431322552909873 -0.1777786891598837 -0.1503231468369867
0.8088494556515876 0.5166795922990172 -0.150263542607333
-0.7097036681970094 -0.06073880262968738 -0.4596274491143654
-0.884318938162746 0.06245606524041915 -0.2418478609650136
-0.6323620250677399 0.11599174829297 -0.5463600226743394
-0.9567820672806163 0.1065405277837526 -0.1466305064461898
-0.9561703655965945 -0.1089274188928327 -0.1470563768978381
-0.6112866166707775 0.1914001563003289 -0.549311480317763
-0.63406946778769 0.2445897291956096 -0.5004889038315312
-0.6056777168522418 0.3133580865638345 -0.4975780945719537
-0.6580442545743148 0.2926478602410028 -0.4497699850507796
-0.6281929073024202 0.3599530310322246 -0.4449857448167314
-0.6818302335173091 0.3399542112719084 -0.3976498369988084
-0.6500023292929625 0.4063580500442944 -0.3917872325570134
-0.7043317694534995 0.3867031077225471 -0.3456169998889139
-0.7337080707493435 0.3189306127047649 -0.3499654155957276
-0.6713272820405292 0.4525300623278299 -0.3379910319363874
-0.614710735297784 0.4707829020141862 -0.3821529781590925
-0.6349204452838778 0.5162026245808462 -0.3271446816450898
-0.5762700736724876 0.5329744394076981 -0.3688105505366488
-0.5956422729430909 0.5776561452119743 -0.312819070585765
-0.534458570690986 0.5920943031084371 -0.352956223097409
-0.5531976553624081 0.6361770519765837 -0.2961759461370561
-0.4904795280420414 0.6488087510462135 -0.3333242259832083
-0.4720818648342583 0.6052203431623404 -0.3905462565842054
-0.4258494706789756 0.6590474590842218 -0.3691749925103447
-0.4438810780225499 0.7022724661648126 -0.3115087354727134
-0.3777895205035673 0.710105121760044 -0.344566165037324
-0.6923360767660515 0.4984497569358212 -0.283623686129936
-0.4094712550335879 0.6170503279713684 -0.4243095347691517
-0.7573529858539675 0.36626436953061 -0.2984140447864183
-0.7846381426263405 0.2977573117836847 -0.3009554707491263
-0.7595816273617249 0.2499895937034431 -0.3504227099781919
-0.8080694025275295 0.2281603989384085 -0.3004217164253746
-0.3956753975798239 0.7530898510828065 -0.2866155563089237
-0.3282900364422576 0.7584476035343517 -0.316939380912339
-0.3103016597046078 0.7153452581866919 -0.3753157895810408
-0.2594066083336602 0.7605735837208344 -0.3455069961191818
-0.2413010404294109 0.7202578958228159 -0.4004955004324079
-0.1900800048347137 0.7611613554893089 -0.3693297753192216
-0.2774865861761002 0.8037143675887034 -0.2871650600162439
-0.1714179445736437 0.7196457948501309 -0.4252752252635098
-0.1191072320584347 0.7574066299457293 -0.3916067027519698
-0.137095571462875 0.7991480733622739 -0.3364720967138424
-0.06590969432564014 0.7928552476505331 -0.3555124344565945
-0.08400321598941571 0.8364045897901821 -0.2992345214985477
-0.01254706792003531 0.8260798879284628 -0.3172810385373385
0.005510481518081531 0.7812539028302676 -0.3734083295603992
0.05884974429916988 0.8117699819657218 -0.332624549987271
0.07691764633449912 0.7660066705431758 -0.3876765229775575
0.1299443595640184 0.7944248406645232 -0.3437722331281083
0.1478222741287789 0.746458296098929 -0.3988071530445308
0.2004680544474695 0.7719774768881249 -0.3530227985959031
0.2179293900639516 0.7230073637590729 -0.4060779402677339
0.2699027324995036 0.7466109410580202 -0.3576264388486301
0.2867515222923316 0.6953382987967404 -0.4098190123451341
0.3379811217924706 0.7165065075108793 -0.3597247746889263
0.3538669119657493 0.663546971762312 -0.4099897148841353
0.4041631967449471 0.6827858957502457 -0.3582020201307371
0.4198193457008899 0.6298664528380079 -0.4038069440553356
0.4682133703354947 0.6454513505153184 -0.3532621912247219
0.4829026219521602 0.5905812627202012 -0.3964038704032162
0.5302398926912036 0.6051866648719417 -0.3442312927883195
0.5418713164965151 0.5463291358213037 -0.3881495306174479
0.5890091878123223 0.5612314514404315 -0.3330248855265796
0.5982137898919884 0.4998995750702686 -0.3755134977426164
0.644931290692608 0.5145015620831364 -0.3187324038619233
0.6523007872626773 0.4517560132768227 -0.3581741800194347
0.4537290197187686 0.7007499049645831 -0.3064779795067011
0.5576567309478521 0.4813765345543886 -0.4291440822604244
0.3214012605495086 0.7679354798587479 -0.3093994586142378
0.6977943011082444 0.4653586134009265 -0.3015819016507714
0.7030224898917496 0.4012330503194674 -0.3381726138732801
0.6575437213145165 0.3875409841838191 -0.3959365195203974
0.7055547909602072 0.3354829862121609 -0.3734336323398744
0.7503937855869796 0.3487227505385314 -0.3156687016854828
0.7503370400495 0.2818376452785442 -0.348097020067562
0.7057225969841593 0.2687151371852259 -0.4060619319453632
0.747457525397519 0.2139625771200082 -0.378151940340259
0.794960905825675 0.294981456218032 -0.2900936794758635
0.1828570666934316 0.8203391017200763 -0.2994101741085602
0.09484894731505099 0.7192409550980693 -0.4431649523814672
0.376036295140701 0.6109045699958885 -0.4532979793074671
0.5774461776691012 0.6201939885560593 -0.2907515403408882
-0.5711863533561511 0.3797530989883873 -0.4926182056221413
0.704862889896108 0.2029811197900707 -0.4331158158742834
0.742960834584789 0.1457091579449898 -0.4036072098852432
0.7866523130478249 0.1583579584002276 -0.3469584500348286
0.7767934638163283 0.0868310029284193 -0.3729606995995147
0.8220681181728877 0.1019642482960496 -0.3145406372298971
0.8097896702562154 0.03215442730754963 -0.3369652513601563
0.7658254050250164 0.01283588656632303 -0.392583790410949
0.7943484791160722 -0.03809376646531535 -0.3559232916627398
0.8402428059931769 -0.0246669163445392 -0.2992439999983673
0.8213059580405084 -0.0944253468983537 -0.3166047896846654
0.7757470730605858 -0.1082477212677753 -0.3709211196536788
0.7996354649606555 -0.164172250113204 -0.3296068431343515
0.753900076817563 -0.1788175921644257 -0.3814790132847773
0.7737544359788819 -0.2328665483201949 -0.3399545519789412
0.7237126985989091 -0.2451008250677522 -0.3948867176463043
0.7431204513650702 -0.2999357734229428 -0.3482909343465753
0.6906045922793782 -0.3115668927154569 -0.4029580332740237
0.7083144278291645 -0.365893588704907 -0.3534532696243677
0.6568856034223023 -0.3776248760943299 -0.4028832874284148
0.6710213492349494 -0.4302981037585702 -0.3535797595052191
0.6174002449875498 -0.4409608305565496 -0.401621847741656
0.6290852606841661 -0.4917930890241487 -0.3518699455184494
0.5722839568181575 -0.5000097832195282 -0.4000668522315913
0.5841147029369957 -0.5506840331553167 -0.3465349948807221
0.5256172185917241 -0.5574739333226055 -0.3922596199139832
0.536078970072397 -0.6066834880566681 -0.3380051284448689
0.4754373396775706 -0.6109653684128628 -0.3823035201447211
0.4854160025879546 -0.6596823469328064 -0.3262129933251156
0.4232930022371478 -0.6619161257586876 -0.3678865874408197
0.4323894334795459 -0.7094439863818333 -0.3114678387276367
0.3691902104984416 -0.7097686808049214 -0.3499429767981337
0.6844487145946211 -0.4821581624864647 -0.3034681259612827
0.3603976228808881 -0.6628774426679633 -0.4068561958665401
0.3045522081972484 -0.707477288317108 -0.3871947229235968
0.312982705656424 -0.7538149751292975 -0.3297402362256592
0.2475745888491022 -0.7492929753503831 -0.3635819693573495
0.2555958638693709 -0.7948455600618634 -0.306337047060041
0.1890814806378701 -0.787246026180032 -0.3379568067082215
0.1807355479717083 -0.7412315039860057 -0.3963151391821779
0.1216423012751902 -0.7761959939188674 -0.3679127215185836
0.1298118809883192 -0.8219037255648168 -0.3098851787069286
0.06227975522623819 -0.8091613230519692 -0.3355567916999883
0.05383012297415904 -0.7621670529321477 -0.3949179528743615
-0.006098459385835986 -0.791208165931171 -0.3609604145284362
0.002178428791870838 -0.8373324671434832 -0.3033308739113504
-0.0659173829912288 -0.8166872334365828 -0.3258211073630803
-0.07402995211282702 -0.769979946044466 -0.3830867807162174
-0.1335998620276213 -0.7931876436674755 -0.3445495713980339
-0.1416868857867435 -0.7456683745357121 -0.4012372379097173
-0.2006924814450325 -0.7652010464528394 -0.361147987562499
-0.1928608337295588 -0.8133671806299372 -0.3051005792177042
-0.2592863871163599 -0.7829966231078386 -0.3189862828703084
-0.2668599960698492 -0.7339865138896771 -0.3737584346760651
-0.3244587823980292 -0.7489089864613591 -0.3297838989047225
-0.331418746870642 -0.6983152444134948 -0.383787544101336
-0.3880159862862669 -0.7111426642551613 -0.3373608934002933
-0.3942193961964132 -0.6590809663555465 -0.390022255670065
-0.4497356943626369 -0.6702862982344459 -0.3410200723745481
-0.4556243802562855 -0.6179153142225629 -0.390334603042963
-0.509438424906878 -0.625721400154363 -0.3414004299101021
-0.5140765883835183 -0.5716664350975543 -0.388980642314839
-0.5664429978618855 -0.5779982322524211 -0.3383957462944658
-0.5681906246215578 -0.5203797895158938 -0.3869030169191471
-0.6192002750583234 -0.5259218392717445 -0.3344930748210665
-0.6199220438513302 -0.4675261187251961 -0.3794299257789132
-0.6698014110550614 -0.4722912273572812 -0.325539064243725
-0.6680154843116493 -0.4120547458588549 -0.3689022404207328
-0.7171035242017533 -0.4164275417555886 -0.3134421733183602
-0.7132099394342513 -0.3550139904766291 -0.3541466040830635
-0.7620985298482094 -0.3595165221350962 -0.2966969372456553
-0.7546947338552854 -0.2965404331225572 -0.3364200437115435
-0.7075393241375773 -0.2928948092995644 -0.3927911143299169
-0.6176756387529374 -0.583673614116382 -0.2877220213406588
0.7593078614001341 -0.3540315175802233 -0.3027664839085247
0.594963449511574 -0.601690285118903 -0.2922808254157955
-0.5043444971160578 -0.6799524440192521 -0.2917742606290504
-0.8015961149824716 -0.3001061080563812 -0.2800846940296657
0.8208011759736231 -0.2196791563314734 -0.2878872012836052
0.5596371922091824 -0.4522013457231986 -0.4506253526949535
-0.7458514934231496 -0.2334747750830244 -0.3730748806510205
-0.5205182917697596 -0.5114944207230329 -0.4377861454666151
-0.7658194263510503 -0.4205232091057941 -0.2578982682651486
0.3215826515414019 -0.8003442108224086 -0.2718315171309736
0.7048876111501728 -0.1782110571199679 -0.4411668493742804
-0.3814982517811493 -0.7626135698626054 -0.2841080810458987
0.4948573118882771 -0.707724925669084 -0.2705337476741963
0.04080103520140173 0.8577582566113279 -0.2765898738873074
-0.6197789300560712 -0.4087623448586594 -0.4219538529154736
0.867608021915401 -0.08123659450027701 -0.2607463392461982
-0.05768887414847751 -0.8635756258797834 -0.2681245538604483
-0.2894456659521585 0.667969883962934 -0.4400184072775634
-0.7029186481314168 -0.2284315152142528 -0.4261192725840686
-0.8091873869975637 0.3453873234297599 -0.2502296898457627
-0.2736334568123473 -0.6894552003104659 -0.422786649819219
-0.686853812584347 0.2218176031084029 -0.4477708085400275
-0.6592660501168016 -0.2879401845171317 -0.4507457302224933
-0.5565313719802217 0.4878619979421303 -0.4248847225258601
-0.6146853419269996 0.6220278282524722 -0.2568703983084284
0.441547776553515 -0.7570598992285493 -0.2544806240308221
0.8307077268226442 0.171491881786623 -0.2897193819842124
0.8667530297038215 0.1152155246030478 -0.257028540221151
-0.1552087401026028 0.8429485271545377 -0.2786019848200074
-0.1020593705126858 0.8800678559800078 -0.2425426459687223
0.01036087854185317 -0.8831424816157505 -0.2459959305451861
-0.08239361227333668 -0.723749781311406 -0.4394692024602516
-0.1483546918320308 -0.7004244781717101 -0.455045772634599
0.6910755929078469 0.5286132023603715 -0.262415669345433
-0.1011616647586154 0.7119416674350089 -0.4511338563858672
-0.1548340960085622 0.6733572134272786 -0.486338161010288
-0.2516628371226589 -0.8319606185119367 -0.2635114945791892
-0.4027545871937103 -0.599890777962487 -0.446811029090868
-0.454523916391018 0.5619189440703707 -0.4465821060787144
-0.3851598594099606 0.5718838090777953 -0.4881350087727369
0.4614399112326669 -0.5586799139458039 -0.4442457925807577
0.2964469442662453 -0.6615405857163043 -0.4438433347074223
0.3508778901492696 -0.6188912745802968 -0.4607045419026685
0.7952338083387457 0.3620084299892858 -0.2578068842717674
0.2643577048478099 -0.8405005542148531 -0.2486328256521088
-0.7803137749580645 0.4132881704715893 -0.2462445503807676
0.8375708442937025 0.3094618700947269 -0.2338601900317667
0.6621435753590234 0.2559081153252419 -0.4626557549714816
0.8856380151252925 -0.01126355132441125 -0.2428629535038459
-0.4619596742443297 0.7454878759064961 -0.253728681969318
-0.1848923680302975 -0.8613627172308842 -0.2487713407351376
-0.7380003254353148 -0.1717207635985816 -0.4028558542637978
-0.6926675115817519 -0.1675833605100521 -0.4591853585054343
-0.7837004371998699 -0.175169349085371 -0.3462019966909273
0.6673888282634454 0.184547303104189 -0.4844568584067033
0.7432193357054426 0.4775544074583341 -0.2457233751728861
-0.7820677502703656 0.1829097872384683 -0.3460344594118806
-0.8288789651321358 0.1606391058001222 -0.2946229486348972
-0.8559027501389483 0.2061855856727099 -0.2495157220606995
0.6385933497099923 -0.3294921258222279 -0.4517669017100508
-0.5703784432756309 0.6801343924620508 -0.2404432470271808
0.2358228813453226 0.6748984389631176 -0.4563589801750098
-0.4106996745122467 0.7944745212827746 -0.2320610568355325
0.8759948432129373 0.1891079643731653 -0.2297818379851873
0.7402312336519975 0.5427097777428995 -0.2026687337212544
0.6812228596228523 0.5947910900512884 -0.2195679578163376
-0.09028756902287353 -0.676328997143725 -0.4970888477749636
-0.1622921343751836 -0.6597103705547643 -0.5007756205130866
-0.0199049899005191 -0.6970924530413762 -0.4782792728690792
0.04170312888103353 -0.671944488033173 -0.5084532971621623
-0.2439494409932348 -0.8806762999384077 -0.2077010057603981
-0.3137584807298421 -0.8494305746997614 -0.2180929494704347
-0.170483419726303 0.888486532546501 -0.2191313385014601
-0.3897292137583547 0.5108296472363575 -0.5468462665136825
-0.3279920622540735 0.5531124800085407 -0.546188563348345
-0.3039894192351769 0.6090253164802062 -0.4991535435954495
0.2875778300960799 -0.6146579426230607 -0.5017431524808659
0.3528163705003441 -0.57810403964363 -0.5034226335327866
0.2286244179175807 -0.6561835662413656 -0.481410988771346
0.1604294408992344 -0.6525653427959246 -0.510004527425144
-0.2357570627307619 0.6400132014642811 -0.4974319210870948
0.6616529904356208 0.6574208725623034 -0.1840864074194729
0.3280624793894056 -0.8474732242075146 -0.2140561082492038
-0.6628125560940786 0.1719400272616919 -0.4940613180085585
-0.7097799248906779 0.1570600572748797 -0.4413132730340614
-0.1803178186182904 0.6183211221017761 -0.5449034163642439
-0.1013066913163213 0.6334518676153296 -0.5481229888072674
0.6229880760653854 0.2401208621083629 -0.5154228509492499
0.6164775047972531 0.3093241764025678 -0.4878388708924405
0.5696607076604013 0.3693111331924828 -0.5013760817578841
0.5037723197378497 -0.7564312980093211 -0.2139605126649147
0.5536218730674499 -0.7055618609022428 -0.2289550648094071
-0.6333185454612708 -0.1163329114302908 -0.5451070273913863
-0.5807849471602551 -0.2675351908481526 -0.5506973418288115
-0.6011376989531781 -0.3167099598331664 -0.500669627956596
-0.5619511630727563 -0.3807155796180781 -0.5015331268963406
-0.5041779277876205 -0.3992167723839447 -0.546132965149015
-0.5273145714140514 -0.4490684907311113 -0.4842243663617442
-0.4576343373957275 -0.462949571388284 -0.5362975317143881
-0.4321102942128159 -0.5328356363681678 -0.4924661798318856
0.4800712453700503 -0.4366452620710369 -0.538820799005936
0.4727124476067063 -0.4875008671619977 -0.5011826668773718
0.5224433158446397 -0.3698082084332118 -0.549897341259296
0.5808670527925917 -0.3516865404130686 -0.5012049388548048
0.05418235861657175 0.6389024910338704 -0.5485051845978863
0.01537734949222817 0.6758086149288324 -0.505020574502113
0.1325554042370208 0.624985268715188 -0.5513903475185025
0.2799692231624472 0.5740048392105593 -0.5516967981288723
0.349915244115617 0.5342967962816021 -0.5516484321376683
0.3985531801140845 0.551603285034573 -0.4993469223590782
0.4656670183649092 0.499232395400217 -0.4966254883095148
0.4697041414510417 0.4388910590488893 -0.546446036533914
0.5958719639846695 -0.230667577092986 -0.5512989758902899
0.6202021291488043 -0.1559870968022527 -0.5506031029489467
0.6674916840003727 -0.1247758205398299 -0.5011826668819568
0.6796989201996844 -0.04939882038518988 -0.4981354406581984
0.7132904575883412 -0.09294920002252946 -0.4508486373673878
0.6395175176408426 7.831830809775189e-17 -0.5506031029489467
0.6828833453739505 0.02824191232182222 -0.4956661321160141
0.6796825726405398 0.1036904197601823 -0.490566954050061
-0.5099450496416582 0.4052636827744848 -0.5357877597122905
-0.4962855465359512 0.4613305800965811 -0.5030152305155365
-0.5469983087548896 0.335884703441196 -0.5476346649334917
-0.319932799018214 -0.5539088478158757 -0.5504180705906173
-0.3024996891015016 -0.6011957442164346 -0.5087375699558191
0.7225170856238269 -0.01557480984597482 -0.4466438325955617
0.647098949921497 -0.2058569954902929 -0.5011826668996715
0.4183776571209175 -0.538084480636194 -0.4980034731956149
-0.3774017651056627 -0.8558537310618481 -0.1807870560732452
-0.2324181913845102 -0.6314279681611826 -0.508944585410496
-0.6649319999086162 -0.06157403205516779 -0.5152789332601103
0.7257738647656791 0.06827102922668479 -0.4387777471572
-0.6262921271464522 0.6738290602351649 -0.200076476087001
-0.6780811715849263 0.6115700541772546 -0.2085836605173128
-0.04963780863546623 -0.9099143681686304 -0.2109158905027517
0.4484844717759096 -0.8056589156274744 -0.1974046882184249
-0.8732389624818935 0.1372686913884856 -0.2450473856088039
-0.9018319901131345 0.1905499702541419 -0.1978212015142307
-0.6649319999085612 0.06157403205513595 -0.5152789332601824
-0.3738540818762155 -0.5642024198354584 -0.50396952156363
0.1714569940948144 -0.696407935487415 -0.4534950559308519
0.9158055601436889 -0.06351347599431507 -0.2024933376943294
0.9021129414046551 -0.1410426036323641 -0.2086597960832167
0.9137495655988277 0.1309752354507679 -0.1961391027474391
0.9025290988567122 0.2469666433299646 -0.1803637736987551
-0.8393589973763497 0.09621082952395461 -0.2939311914327636
0.5227177402887964 0.4476550056825469 -0.4897412815346017
0.6200723556473424 0.155954457456492 -0.5507703718593749
0.04600793418473172 -0.7161086141399189 -0.4530187107813526
-0.6298348861195613 -0.2433637813636931 -0.5059788270457199
-0.4691671025964043 -0.5568659440789701 -0.4397996015354061
-0.7919877746795673 -0.2368649018963957 -0.3166879578024646
-0.8279429634225661 -0.1778468586771433 -0.29146397098526
-0.8370252962270046 -0.2409482431459393 -0.261231054700554
-0.8717046041462948 -0.1829284928069601 -0.2366353427767404
-0.8479075761283028 -0.3030314858840124 -0.2244616988602424
-0.7101560111063558 0.2715179497867958 -0.399635302595206
-0.667361883136079 -0.3529123364926072 -0.4063377521661247
0.5143886188820698 -0.508932944637242 -0.4454901246284871
-0.8327496914161049 0.3926165038141648 -0.199171651849148
-0.8601103354931801 0.3239810214286955 -0.2011190965034635
-0.8344610555292139 0.2759574991504851 -0.2513660509720494
0.6722808452590933 -0.2582537478199631 -0.4497773425030669
0.6612567591375916 0.3220155950901973 -0.4306298479168905
-0.01424792653288712 -0.7450926761546921 -0.418463886678763
0.4128943776943019 -0.6178683005925422 -0.4210868211917952
0.2390645561743411 -0.7041351839955828 -0.4204854935242001
-0.2067569338316078 -0.7209501987356532 -0.4124853178279472
-0.5736723888168993 -0.4640945785010102 -0.4276356913099983
-0.5164740597898027 0.5503428337885111 -0.406583097576513
0.02414834101031922 0.7370757523504494 -0.4281609692809266
-0.3610663559098349 0.6682144211943225 -0.4005927621815885
-0.3389449918018598 -0.6486126856485538 -0.4352065435884308
0.1636180565689871 0.7007521869804004 -0.4504997081771367
-0.04728186828965831 0.7510550689338751 -0.4093226412909382
0.6061779102845953 0.4377588502574611 -0.415350608938259
0.3070930708479584 0.6463290913145688 -0.4555313654514401
-0.1241003357563052 -0.8404392615286591 -0.2880596726586506
0.5027872667315976 0.5257867441198615 -0.4406331736796927
0.8456211696824165 -0.1505707999047392 -0.2763476991486233
-0.3172606575485862 -0.7989521245691462 -0.2754515321964636
-0.2086300093823111 0.8033468006480713 -0.3125056002211724
-0.6548987170272027 0.5612812337869445 -0.2718585487014075
0.6354480523671782 0.5756307100350316 -0.2782425781742613
0.5458602432607267 -0.6569074263075847 -0.2823721008185991
0.1126246098075892 -0.7304660352802123 -0.4261282798120861
0.3786116586633272 -0.7563457975165779 -0.2927292258656135
0.7475076669213162 0.4155985400309798 -0.2809102450989327
0.1104934468935178 0.8409872275159452 -0.2897315208435361
0.09280057087313023 0.8856339118008509 -0.2368966722449065
0.02171491473531406 0.9001530357325074 -0.2244813520117084
-0.02986566145391178 0.8700593447593289 -0.2617852771503511
0.1986469397200931 -0.8324238868991851 -0.2802525603701871
0.1393058082160752 -0.8676509482611933 -0.2515463452672421
0.07144155301586738 -0.8545394303966547 -0.2780992833989082
0.07762042300057188 -0.9004106926563041 -0.2203123042762319
-0.346310630156686 0.801191710048176 -0.2589574876455307
-0.2959162155996236 0.8464786093690045 -0.2291099778147231
0.8555560179079322 0.04519859762574035 -0.2790636303581894
-0.5095756429881633 0.6916002910643295 -0.2761792088767607
0.7925669328487405 0.2268432032562467 -0.3195115069868449
0.7929226581226965 -0.2863114608739243 -0.2962117486241875
0.8111465734715422 -0.3402491271043474 -0.2504772113620337
0.7774629541510037 -0.4067253666988584 -0.2532190788254998
0.8298793409456893 -0.3935729234196667 -0.2019041807072771
0.7944473532326423 -0.4591478929855556 -0.2030179650141188
0.7403812615578329 -0.4713954052772811 -0.2528602238501436
0.7553804392517783 -0.5228202750447168 -0.2016719708623357
0.7000497789680934 -0.5339999021414773 -0.249413800712048
0.6421175611635834 -0.5442445253220889 -0.2978318028220442
0.6507477462542839 -0.5974441993645442 -0.2457382269352334
0.7239601530442782 -0.4190429729503176 -0.3043876522172109
-0.5964342772227889 0.4240104026734723 -0.4352607367554209
0.253373016316664 0.7971214172302538 -0.3044734884962768
0.2363326402812993 0.8460388597083472 -0.2519656276733277
-0.4422648393662126 -0.7234494664294306 -0.2900933718772606
-0.4972705712486391 -0.7342032613046842 -0.2415576455981812
-0.5574624190551369 -0.6901475167660824 -0.2410393777017522
-0.5589121445139092 -0.7431411378530248 -0.1876737118668647
-0.4865279439941795 -0.793675279773321 -0.1863380202389751
-0.563335221878973 -0.6340909171914635 -0.289768698972555
-0.6172271750368297 -0.6397093269365297 -0.2388368927577981
-0.6697025535352057 -0.5868427593056613 -0.2369482166407746
-0.6717586945468677 -0.6367409867487139 -0.1930246681101531
0.5173978363476288 0.6616220812660059 -0.3001158549957993
0.5051789377948562 0.7168455557205732 -0.2537896886119174
0.4412110101605836 0.7549296870865269 -0.2569924034376779
0.492851497360505 0.7712846333800705 -0.2058691999090522
0.5603851891769414 0.7276455154502601 -0.2019721010006504
0.3884328822570569 0.7361646638559618 -0.3095534940403849
0.3748976199913914 0.7885828129643994 -0.2585480725356198
0.4298423644510266 0.8147049422322239 -0.1985684174319803
0.3557334445494065 0.843273898833955 -0.2059548522719885
0.5660223127895483 0.6746759436868214 -0.2491701372051941
0.3063217012020361 0.819908270163633 -0.255923223022295
0.2865748600105781 0.8708989377159453 -0.2039537325924317
0.210989589714731 0.8962256786707596 -0.1990920200793267
0.1634080901194204 0.8683157018082804 -0.2455527669892373
-0.7185199464480121 -0.4756820968147177 -0.2728623211596128
-0.7661737271153949 -0.4805451332186541 -0.2194955459632539
-0.8221634147407419 -0.4212145301801342 -0.1952717033776487
-0.8125981152302976 -0.4989605171145454 -0.1580495930284011
-0.810068873765185 -0.3635222390536167 -0.2401295130950034
-0.6690653908818956 -0.5301411117720648 -0.2829523091822577
-0.8426994119463133 -0.06038395706785153 -0.2939249248648957
0.3864744053957723 -0.8031169819520545 -0.2359145056890605
-0.7541115879974712 0.05981004498939903 -0.4044003815090876
0.8366600673114756 0.2397824075862064 -0.2620721594317189
-0.1162327214554329 -0.8868558430498167 -0.2319497077162228
-0.7534227408586393 -0.06001932087067309 -0.4052380050702575
0.9006057722300383 0.05973146872806143 -0.2217694957018457
0.9453624662479999 0.07116075765290111 -0.1649538207704231
-0.225216290217464 0.8461937188288391 -0.2554351698301103
-0.2422534700497199 0.8884922820545114 -0.1988421053256015
-0.3100957778142676 0.8862109139214995 -0.1763776857444893
0.5682467157152787 -0.7593241649472126 -0.1644901430489507
-0.7257587773177635 0.4330469113526529 -0.2935795771466566
0.7921455641065676 0.4261615606324766 -0.2256194271299723
-0.5216115557054027 0.73399295100924 -0.2244277377868908
-0.711254640584717 0.5454568013571396 -0.229588324891766
-0.7475898118961842 0.4806471224976261 -0.2390374505522952
-0.7639786353959654 0.5260395238965559 -0.190540982799793
0.3896288251862762 -0.8504227590983787 -0.1807123625575104
-0.06458223378084073 0.6775147896501862 -0.4992676361704772
-0.882847910489347 0.2601026750912122 -0.1995423229719274
0.8675015807979195 -0.2051905203187128 -0.2357021953857881
-0.3726806978575742 -0.8119539041298969 -0.2332524590164538
0.8422487531421744 -0.2728907031550442 -0.2433070815784634
-0.1097864640500145 -0.9311086575958694 -0.1780515690082424
-0.7351144519552302 0.2033129457997455 -0.3966101504014669
-0.4363173948582747 -0.774582405286858 -0.2387290696319499
-0.9462161797544216 0.174968431476137 -0.1471784403158341
-0.04646518925235969 0.912971698471767 -0.2073083202213125
-0.1081038896843557 0.9255436095241972 -0.1852056082080631
-0.4459672658425613 0.5135427763742578 -0.4998042639253679
0.8111637418411379 -0.5101586378067688 -0.1521839849343423
0.01879371814917703 -0.9270835312376823 -0.1909074955123827
0.08997047540071766 -0.9477581715883843 -0.159976209365709
0.2044952309682674 -0.875603408605549 -0.2260424074875943
0.1838080792115432 0.6502079229186813 -0.5053886313353352
-0.3608048952749126 0.841839388718062 -0.2051243729860729
0.09617654221996867 0.6747783976047638 -0.4980025187579025
0.8890609437563717 -0.2589771915359716 -0.1924847817895454
0.6157284725877219 0.3756351643355167 -0.4484186387236558
-0.1002147867000761 -0.6307036267476764 -0.5517303202139973
0.5086167912077162 0.8145537326985838 -0.1496167124156048
-0.7177526738826359 -0.532439573741429 -0.2329021972710183
-0.9455695444083512 -0.1779708775769258 -0.1472847148417423
-0.8975288514178498 -0.3146278337182181 -0.161152926625401
-0.8829156937171645 -0.2482938497720299 -0.203544894272814
0.7686312798546595 -0.5743114127815221 -0.1506332118427816
0.6023579693577569 -0.6514104410073237 -0.2409669992637192
0.6590697129162626 -0.6525052059630959 -0.1907060808052258
-0.9080530690612401 0.3124645891905446 -0.1496130209064134
-0.8820899016630674 0.3798689165706928 -0.1494903501581661
0.8812777339128878 -0.3819583969119519 -0.1493864450947754
0.2502479962940764 -0.9284945530603662 -0.1479664400535849
0.3834263070740338 0.8812560074563668 -0.1486804887213815
0.9528291897225311 -0.1073248695863184 -0.1514317835831323
-0.4540200257464274 0.8481847530116289 -0.1474301222095083
0.1099087591456203 0.955980412536383 -0.1471528018838469
0.7739816764241451 0.5723572589250027 -0.1467229204659516
0.2527661148918741 0.9260695857834339 -0.1500679794315997
-0.6802567233806853 0.6788804562879613 -0.1486804887213753
-0.5738136530992777 0.7747576117724745 -0.1448603131518539
-0.2449609288146718 -0.9288839041322859 -0.1491987284513777
0.8401067822286777 0.4461516699726483 -0.1609676214945263
-0.7280991808263952 -0.6308590326251816 -0.1457681804330304
0.9142841928451163 0.3129552968728214 -0.1420467962763406
0.5651949538678429 0.7752688158637778 -0.1507247809037839
-0.04355055610267509 0.9580665000547012 -0.1511802226617337
-0.2590763935962084 0.9286200973735351 -0.1448963588626162
0.1046464547736663 -0.6864470510508128 -0.4820278352739951
-0.9102679534039818 -0.1327945391834052 -0.2001208374414901
0.6230572734792427 0.6353408567125329 -0.2376696967601622
0.6162394804074389 -0.2817666191860197 -0.5029983721049903
0.5140546959804752 0.3826977083947533 -0.5489169767685452
-0.8613073793260276 -0.1221258830714811 -0.2625968915307766
-0.7606436345010174 0.1282177921036301 -0.3857819384673929
0.8603765023876073 -0.3267590694630209 -0.1995794143165836
0.7070881086964711 -0.5864241953496212 -0.2017221247998952
0.2857400612293099 -0.5697085257893554 -0.5533123387381406
0.535465153019698 -0.4186513328466222 -0.5003752035892347
0.835332267675977 0.3773001694481995 -0.2042637361133711
-0.7993959346690801 0.4597723314885508 -0.1972692359771095
0.4452775123581079 -0.8553159079325079 -0.1446490621411362
-0.5045071691358515 0.5044057142289992 -0.4582385686740387
0.1456958116703444 -0.9095720750004913 -0.1985412586371556
0.266430758905217 -0.8844847691751128 -0.1953229237997138
0.258215156074563 0.6262925044960155 -0.5032069984213022
-0.928226871130214 0.05789419018231554 -0.1874617872241165
-0.9304373519847845 -0.05877545966981736 -0.1846351023258744
0.6006539564521004 -0.3958878469539985 -0.450770848546314
0.441973016297885 0.5706307166521337 -0.4477808938491074
-0.8162828725013146 -0.117925037716224 -0.3190538004615536
-0.4733690602135106 0.7926363970780002 -0.1959644684709286
0.9304694772850288 0.006876849113047119 -0.1868813882410801
-0.8154353294034348 0.5118875529250941 -0.1465131107389134
-0.7715236912763501 -0.1147281876761248 -0.3749908948757412
0.1389970846928435 0.9140360294177544 -0.1943196993850309
-0.3498504904353303 0.6287885102886606 -0.4505467317509676
0.6085169880805336 0.6846905224872621 -0.2049740475331435
0.32955429458876 0.5912269323313754 -0.5039103562233861
0.9309905512718734 -0.2449148498869752 -0.1466669399040884
0.686441512205292 -0.6852010542392949 -0.1376273040996935
0.09801684658823134 -0.6431780944028063 -0.5367451935521628
-0.1847631646790176 -0.6108604946941191 -0.5522610359975302
-0.1731883308646795 -0.9041181120256646 -0.1993047221078236
-0.9157981914000783 0.1215617006926444 -0.1952113461445217
-0.6166232013033469 -0.6890703956617711 -0.1941438626477871
0.7541937739178283 -0.06113776384666812 -0.4041653200210316
-0.5396783400779889 -0.7930139674416226 -0.1509614116230738
-0.2203015006570114 0.6854609148264891 -0.4500091867252733
-0.7269118757140792 -0.1136112575710506 -0.4303292089514478
-0.02141811081769832 0.7128117616789015 -0.4585831651077363
-0.8573721553814659 -0.4486475679559182 -0.1404212684160054
-0.71869002236268 -0.5828626065609396 -0.1933317200017151
-0.7729922420592138 0.5758174458000374 -0.145138274808961
-0.8034576546633352 0.1263742181811602 -0.333330617086786
-0.6770112057783664 -0.6840262890685824 -0.1469854681322338
0.3625459703276794 -0.5254760228467625 -0.5519901402671985
0.5755146778183957 0.4225184707269706 -0.4575498941731132
-0.5761864450674831 0.7280015976885406 -0.1894659461342195
-0.6538055096826708 -0.1730197962738712 -0.5046103945572001
-0.6186928981494533 -0.3587886824684694 -0.4560007158070277
-0.6824585183425065 -0.1136724896835939 -0.4851742731831784
0.02872437325975775 -0.9656362479372452 -0.1424207757941622
0.0665199137742537 0.9270211542576622 -0.1882441095414138
0.7849866839796085 0.4811996951799297 -0.1990783308402355
-0.1099716574057425 0.9628127366272069 -0.1386589744960487
-0.4229147480888504 -0.818516922584594 -0.1983525138494459
-0.6852896910800111 0.11105074558992 -0.482213457989403
-0.8517913028197308 -0.3572371549846297 -0.1954121349069734
0.6057950693347829 -0.6956241391915727 -0.1969601257326145
0.703447714571838 0.1425248906410184 -0.4528238470862309
-0.2143894857996847 -0.6779153997249268 -0.4612402068000351
-0.5452491892672783 0.4381915850347933 -0.4756175897455457
0.6858447851825022 0.6858447851825 -0.1375862538900562
0.143405371914425 -0.6151506045286776 -0.5604437886679711
0.3930470461413122 -0.8885360754082116 -0.1355155814977508
0.04353456751394908 -0.6319969533605694 -0.5581317505953993
0.9049771918452538 -0.2000127199753723 -0.1914793876509549
-0.6296430488771487 0.05345045332962038 -0.5601153961253525
-0.6300167475963223 -0.05141192567472146 -0.5598612776529451
0.9677978574158349 0.02319040177713804 -0.1399054223731198
-0.9070833995118401 -0.1975217259135191 -0.1895750200103062
0.9392095237421875 0.2524210844628386 -0.1343270039234555
-0.7309842892180067 0.5780805853175127 -0.1850729675448869
0.5854566487551296 0.2266206428244966 -0.565266363536949
0.9583605247825434 0.1229661678069326 -0.1422285670716482
-0.4836967417700969 -0.4967709666145758 -0.4833037483583604
0.3985325051223883 -0.5825258512446565 -0.4677403611611136
-0.9653881079928375 0.05290799873085403 -0.1414539627978492
-0.9649440378186781 -0.05424839020136752 -0.1419153304964672
-0.7574308170716113 -0.532561443183775 -0.1926031812890984
-0.7288239438441819 0.1025077550533869 -0.4300032430707019
0.8744298220810863 0.3156397612069952 -0.1879328947144117
-0.3489116604447972 -0.6077754299328221 -0.4739913670299353
-0.3888714537105912 -0.8910444506957859 -0.1347446123430326
0.7425917649699612 -0.1239898870720586 -0.4089101883509736
-0.6681648306185725 -0.218307583475833 -0.4713447402790342
-0.5860697276349446 -0.7704269988576833 -0.139992583817307
0.8659255900578985 0.2604675179794487 -0.219685846048007
-0.1094082610488771 -0.9677150994560748 -0.1326497260308174
0.0001525423749224192 0.933981506568802 -0.1825231012177738
-0.285527924407552 -0.6456041974322794 -0.4675929799701783
-0.50476446675386 -0.8276618614737334 -0.1382016696277683
0.2102618028064355 -0.9101581428236759 -0.1823381598603938
-0.4160260929387768 0.8317563245292171 -0.1875024909971205
-0.5284558490999659 0.7713026311414836 -0.1812845371053863
0.04905134674287666 0.7052162406013419 -0.4663499166939193
0.9086974878245723 0.1901583725751687 -0.1895237164212991
0.5149076191909504 -0.4648827050015272 -0.482851488975189
-0.8433964934775088 0.04390408800961846 -0.294326922235959
-0.5785682776325626 -0.4165460697597243 -0.4588526706095893
-0.3222488115847246 0.9195867558712669 -0.1319815669103102
2 2 0 42
918
919
920
921
922
923
924
925
926
927
928
929
930
931
932
933
934
935
936
937
938
939
940
941
942
943
944
945
946
947
948
949
950
951
952
953
954
955
956
957
958
959
-0.6522876079954084 -0.7579715538564943 -0.05000197943834506
-0.9659258262890676 -0.2588190451025233 -0.05000163012569572
-0.1859119641722264 -0.9825664056834148 -0.0500008150628479
-0.03739145362603948 -0.9993006950841832 -0.05000197943834495
0.2588190451025206 -0.9659258262890683 -0.04999999999999995
-0.4672688577285765 -0.8841152722337915 -0.05000197943834495
0.6522874112781217 -0.7579717231454525 -0.04999999999999998
0.3998916912926059 -0.9165624011681579 -0.0500008150628479
-0.7579721971542716 -0.6522868604694764 -0.05
-0.5938204192510176 -0.8045976073047606 -0.05000163289801857
-0.2588191035963597 -0.9659258106156895 -0.04999932078096004
-0.330279071481665 -0.9438833269749017 -0.05000070185967458
-0.3998920537396496 -0.9165622430342008 -0.0500017164527416
0.1119644761033098 -0.9937122098932424 -0.04999999999999995
0.03739116340136068 -0.9993007059436577 -0.05000163289801842
-0.9937122098932424 -0.1119644761033099 -0.04999510962291244
0.5320317688634102 -0.8467243925387239 -0.0500008150628479
0.185911607162915 -0.9825664732332882 -0.04999999999999998
-0.707106897413507 -0.707106664959569 -0.05000032990639084
-0.9825664732332879 -0.185911607162916 -0.04999945662476802
0.5938201368492471 -0.8045978157268023 -0.05000013584380798
0.3302790047961586 -0.9438833503091677 -0.05000013584380797
-0.1119645792630355 -0.9937121982699274 -0.0500004657501988
-0.5320321541259265 -0.8467241504623134 -0.05000060205606058
0.982566424983392 -0.1859118621695679 -0.05000197943834497
0.9165622558699765 -0.3998920243197403 -0.05000163012569586
0.7579717231454532 -0.6522874112781208 -0.04999510962291244
0.8841152237254466 -0.4672689495107754 -0.05000027168761598
0.8467230393633027 -0.5320339224254135 -0.05
0.8045977797666688 -0.593820185573501 -0.04999510962291243
-0.8045990743296393 -0.5938184314989622 -0.05
0.9438832103034938 -0.3302794049091929 -0.05000027168761598
0.7071067811865479 -0.7071067811865471 -0.04999617046064665
0.9659257994204159 -0.2588191453776757 -0.05000037518766015
0.9937122098932426 -0.1119644761033073 -0.0500048903770876
0.4672685211938106 -0.8841154500976381 -0.05000027168761596
-0.8467243925387206 -0.5320317688634155 -0.05000081506284788
-0.9438833303083666 -0.3302790619551698 -0.05000390026186878
-0.8841154008704235 -0.4672686143362619 -0.05000386490061099
-0.9165622561434597 -0.3998920236929102 -0.05000395426105735
-0.9987356011735899 -0.05027125369858958 -0.04999970296543442
0.9987356011735905 -0.05027125369857812 -0.05000029703456557
2 3 0 7
960
961
962
963
964
965
966
0.9438833303083674 0.3302790619551676 -0.05000000000000005
0.9825664732332882 0.185911607162915 -0.05000163012569595
0.9659258262890681 0.2588190451025215 -0.050000271687616
0.916562255869976 0.3998920243197414 -0.04999510962291244
0.9937122098932426 0.111964476103308 -0.05000489037708777
0.8900660291295419 0.455831617803734 -0.04999970296543442
0.9987356011735905 0.05027125369857792 -0.05000029703456559
2 4 0 35
967
968
969
970
971
972
973
974
975
976
977
978
979
980
981
982
983
984
985
986
987
988
989
990
991
992
993
994
995
996
997
998
999
1000
1001
0.8045977797666691 0.5938201855735005 -0.05000489037708766
0.5938204779189855 0.8045975640058002 -0.05000081506284793
0.757971723145454 0.65228741127812 -0.05000489037708759
0.399892024319742 0.9165622558699758 -0.05000000000000002
0.7071067811865487 0.7071067811865464 -0.05000489037708777
0.5320320952016769 0.8467241874868781 -0.05000345471002064
0.2588190451025215 0.9659258262890681 -0.05000000000000002
-0.1119644761033073 0.9937122098932426 -0.05000489037708766
0.1119644761033087 0.9937122098932425 -0.05000163012569586
0.4672686299322069 0.8841153926277261 -0.0500026890545957
-0.9438833303083677 0.3302790619551669 -0.05000489037708757
-0.9165622558699764 0.3998920243197405 -0.05
-0.804597564005801 0.5938204779189844 -0.05000081506284793
-0.8467241670098671 0.5320321277906501 -0.04999932078096005
-0.8841153887885238 0.4672686371963322 -0.04999988679682667
0.03739119427632637 0.9993007047883985 -0.050003900261869
-0.03739119427632494 0.9993007047883986 -0.0500039987510477
0.1859116071629152 0.9825664732332882 -0.05000027168761598
0.6522890637020072 0.7579703011165798 -0.05
-0.4672686282730621 0.8841153935046097 -0.05000163012569585
-0.982566424983392 0.185911862169568 -0.05000197943834497
-0.9937122098932426 0.1119644761033078 -0.05000489037708758
-0.9659254635940199 0.2588203986950752 -0.05000041726284211
-0.5938201855735018 0.8045977797666681 -0.05000489037708762
-0.3998920243197411 0.9165622558699761 -0.04999945662476805
-0.2588190451025205 0.9659258262890683 -0.05
0.330279061955168 0.9438833303083672 -0.05
-0.6522874112781214 0.7579717231454528 -0.05000489037708757
-0.3302790619551669 0.9438833303083676 -0.04999990943746134
-0.1859116071629145 0.9825664732332883 -0.05000382953935338
-0.7071067811865478 0.7071067811865472 -0.05000489037708757
-0.7579703011165798 0.6522890637020072 -0.05
-0.532032076515337 0.8467241992282839 -0.050003900261869
0.8397947754309631 0.5429039833698571 -0.05000029703456557
-0.9985363671569673 0.05408441055393298 -0.05
2 5 0 230
1002
1003
1004
1005
1006
1007
1008
1009
1010
1011
1012
1013
1014
1015
1016
1017
1018
1019
1020
1021
1022
1023
1024
1025
1026
1027
1028
1029
1030
1031
1032
1033
1034
1035
1036
1037
1038
1039
1040
1041
1042
1043
1044
1045
1046
1047
1048
1049
1050
1051
1052
1053
1054
1055
1056
1057
1058
1059
1060
1061
1062
1063
1064
1065
1066
1067
1068
1069
1070
1071
1072
1073
1074
1075
1076
1077
1078
1079
1080
1081
1082
1083
1084
1085
1086
1087
1088
1089
1090
1091
1092
1093
1094
1095
1096
1097
1098
1099
1100
1101
1102
1103
1104
1105
1106
1107
1108
1109
1110
1111
1112
1113
1114
1115
1116
1117
1118
1119
1120
1121
1122
1123
1124
1125
1126
1127
1128
1129
1130
1131
1132
1133
1134
1135
1136
1137
1138
1139
1140
1141
1142
1143
1144
1145
1146
1147
1148
1149
1150
1151
1152
1153
1154
1155
1156
1157
1158
1159
1160
1161
1162
1163
1164
1165
1166
1167
1168
1169
1170
1171
1172
1173
1174
1175
1176
1177
1178
1179
1180
1181
1182
1183
1184
1185
1186
1187
1188
1189
1190
1191
1192
1193
1194
1195
1196
1197
1198
1199
1200
1201
1202
1203
1204
1205
1206
1207
1208
1209
1210
1211
1212
1213
1214
1215
1216
1217
1218
1219
1220
1221
1222
1223
1224
1225
1226
1227
1228
1229
1230
1231
-0.4551191486647073 -0.2806807818697255 -0.6000000000000001
0.471241112280031 0.2530511329830689 -0.6000000000000001
-0.2664166313137545 0.4634835723672784 -0.6000000000000001
0.238419218172446 -0.4788103363681437 -0.6000000000000001
-0.1399559665773856 -0.5267793659017382 -0.6000000000000001
0.1844103912145249 0.5058257096762825 -0.6000000000000001
-0.5257785758708035 0.09828504953554773 -0.6000000000000001
0.5183008026906991 -0.1197191068180618 -0.6000000000000001
0.3480066376453981 0.4061950787019459 -0.6000000000000001
-0.5215439128012124 -0.08880843329118407 -0.6000000000000001
-0.3261454112600114 -0.4255641695508708 -0.6000000000000001
-0.4173085024743129 0.3378706972439646 -0.6000000000000001
0.3931518818486439 -0.3673282547277905 -0.6000000000000001
0.04961342050052087 -0.5302147087933704 -0.6000000000000001
-0.08304049781296938 0.5291481545192778 -0.6000000000000001
0.5320538396412935 0.06475212425690753 -0.6000000000000001
0.4684835483403676 -0.2584018584159123 -0.6000000000000001
0.0493530562048449 0.5326042974387053 -0.6000000000000001
-0.4893644673943535 0.2261998200056398 -0.6000000000000001
0.1735873713013979 -0.5123581130397348 -0.6000000000000001
0.1762534080762345 -0.4414294500801459 -0.6000000000000001
0.2411052016056274 -0.4057195714924395 -0.6000000000000001
0.17932177418096 -0.3666731145035141 -0.6000000000000001
0.2445756969984471 -0.3317594324772893 -0.6000000000000001
0.1820550361148499 -0.2926311711950577 -0.6000000000000001
0.1169197641971942 -0.3274089841991106 -0.6000000000000001
0.1194640480593996 -0.2534839978099218 -0.6000000000000001
0.1846364203039668 -0.2187453409949329 -0.6000000000000001
0.1219587064638924 -0.179655494482363 -0.6000000000000001
0.056772936858286 -0.2144064094006171 -0.6000000000000001
0.05927005812542996 -0.1405754969092113 -0.6000000000000001
0.12445807516069 -0.1058227620884347 -0.6000000000000001
0.06176782562978097 -0.06674415434651813 -0.6000000000000001
-0.003420299238581563 -0.1014969610277755 -0.6000000000000001
-0.0009229537733276467 -0.02766602917024916 -0.6000000000000001
0.0642651011437438 0.007086708515979038 -0.6000000000000001
0.00157433490062579 0.04616484667651923 -0.6000000000000001
-0.06361370879621622 0.01141212005544075 -0.6000000000000001
0.06676238035336662 0.08091757502813224 -0.6000000000000001
-0.06111642833464921 0.08524298780401916 -0.6000000000000001
-0.1263044724183379 0.05049026080137396 -0.6000000000000001
-0.1238071942781031 0.124321126260788 -0.6000000000000001
-0.1889952379249873 0.08956839968889763 -0.6000000000000001
-0.1914925156928924 0.01573753459665215 -0.6000000000000001
0.1294531469030968 0.04183943716866687 -0.6000000000000001
0.1319504246455739 0.1156703022344794 -0.6000000000000001
0.1946411906467713 0.07659216383419125 -0.6000000000000001
0.06925965877338894 0.1547484407621215 -0.6000000000000001
0.1344477025174297 0.1895011674278816 -0.6000000000000001
0.07175693666697538 0.2285793059768148 -0.6000000000000001
-0.1864979600855936 0.163399264851639 -0.6000000000000001
-0.2541832815014966 0.05481567318640571 -0.6000000000000001
-0.2566805592576749 -0.01901519189427355 -0.6000000000000001
0.1369449803231065 0.2633320325559997 -0.6000000000000001
0.1996357461977513 0.2242538940309287 -0.6000000000000001
0.07425421446165315 0.3024101710940658 -0.6000000000000001
-0.1939897933874875 -0.05809333042329735 -0.6000000000000001
-0.2591778370036846 -0.09284605696492462 -0.6000000000000001
-0.1964870711381425 -0.1319241954985275 -0.6000000000000001
-0.2615327464192454 -0.1666817375662655 -0.6000000000000001
-0.1989606208430634 -0.2057558631714191 -0.6000000000000001
-0.1213099164521722 0.1981519914102522 -0.6000000000000001
-0.1840006823059687 0.237230129955439 -0.6000000000000001
-0.1188126386725765 0.2719828565129512 -0.6000000000000001
-0.2491887259426729 0.2024774033935872 -0.6000000000000001
-0.319371325114648 0.02006294664777959 -0.6000000000000001
-0.3243971246908356 -0.1278455518114077 -0.6000000000000001
-0.2637045203015054 -0.2403129877726169 -0.6000000000000001
-0.2013996932848118 -0.2795535928780895 -0.6000000000000001
-0.1362759727923883 -0.2448279440809818 -0.6000000000000001
-0.1387742701945327 -0.3186577995676686 -0.6000000000000001
-0.2466914481749279 0.2763082684856719 -0.6000000000000001
0.2021330239692015 0.2980847591253127 -0.6000000000000001
0.2648237898409148 0.2590066205973585 -0.6000000000000001
-0.07360133300554678 -0.2839108379505746 -0.6000000000000001
-0.07609708246929492 -0.3577410753479372 -0.6000000000000001
0.1921439128776153 0.002761298741978408 -0.6000000000000001
0.2573319565394245 0.037514025326879 -0.6000000000000001
0.2548346786146949 -0.03631684001328268 -0.6000000000000001
0.320022722381028 -0.001564113246545768 -0.6000000000000001
0.3175254444563836 -0.07539497858923438 -0.6000000000000001
0.3225200001700926 0.07226675187833476 -0.6000000000000001
0.3827134882401516 -0.04064225179261251 -0.6000000000000001
0.380216210507972 -0.1144731168267822 -0.6000000000000001
0.31502815862265 -0.1492258565884569 -0.6000000000000001
-0.3168740473450923 0.09389381174165104 -0.6000000000000001
-0.3116750653869071 0.2411720854358865 -0.6000000000000001
-0.3820620909771272 0.05914108518440266 -0.6000000000000001
-0.3848501155851607 -0.01515620801385141 -0.6000000000000001
-0.2035624350262887 -0.3527685831244107 -0.6000000000000001
-0.3792943217691919 0.1324645711542994 -0.6000000000000001
-0.01091084411869775 -0.3229894240347002 -0.6000000000000001
-0.01340826694440562 -0.3968202245811213 -0.6000000000000001
-0.131299027500704 -0.0971714689359498 -0.6000000000000001
-0.07110235521210891 -0.2100795142893115 -0.6000000000000001
0.009066170827021127 0.2676574445362839 -0.6000000000000001
0.0115634486015119 0.3414883096334085 -0.6000000000000001
0.07675149223575484 0.3762410361910545 -0.6000000000000001
0.0131308054255518 0.4138273570904892 -0.6000000000000001
-0.05128230408984345 0.3803178118932591 -0.6000000000000001
0.2623265120724105 0.1851757555058642 -0.6000000000000001
0.3275145557085676 0.2199284820653904 -0.6000000000000001
-0.3072856612594436 0.3119950875820695 -0.6000000000000001
-0.2426928692008749 0.3474132623037378 -0.6000000000000001
0.3767613743959977 -0.1860891595108944 -0.6000000000000001
0.3123759255694956 -0.2227047772903595 -0.6000000000000001
0.3284462634467685 0.2912477949724875 -0.6000000000000001
-0.4443304920996594 0.0229606436193196 -0.6000000000000001
-0.07683423810408359 -0.4287454564913671 -0.6000000000000001
0.3831052868521096 -0.2591391114477509 -0.6000000000000001
0.07744657569697162 0.4588773666512583 -0.6000000000000001
0.140209855821192 0.408962307019511 -0.6000000000000001
-0.4508581132750683 -0.05172961943158232 -0.6000000000000001
0.4454042541430114 -0.07972039026838898 -0.6000000000000001
0.4446801927574758 -0.006561388246772913 -0.6000000000000001
-0.01477399934053122 -0.4719776057687977 -0.6000000000000001
0.04947174926580204 -0.4411079612921847 -0.6000000000000001
0.500835782978917 -0.04072357959313728 -0.6000000000000001
0.3152556327087179 -0.3680331922948943 -0.6000000000000001
-0.5124381782438187 -0.01036436793267966 -0.6000000000000001
-0.4524605991947003 -0.1271259393055765 -0.6000000000000001
-0.3056054741337847 0.3880522202958827 -0.6000000000000001
-0.0502410682650247 0.4634129347288669 -0.6000000000000001
-0.1140473665695666 0.4185084972379725 -0.6000000000000001
0.1136846628562835 -0.4779732765449263 -0.6000000000000001
0.442976775172004 -0.1513070890672025 -0.6000000000000001
0.4013631918771921 0.254656666443118 -0.6000000000000001
0.3902053215766615 0.1808503435338822 -0.6000000000000001
0.3945457581412316 0.3275788880368091 -0.6000000000000001
-0.3877480293282692 -0.09047601106045418 -0.6000000000000001
-0.3893739152175318 -0.1649828023906471 -0.6000000000000001
-0.45013007565928 -0.2012683697343292 -0.6000000000000001
-0.3892523870109038 -0.2393693298395332 -0.6000000000000001
-0.3850938948903598 -0.3136916149441485 -0.6000000000000001
0.3107948854313891 -0.2925720058924407 -0.6000000000000001
0.1145720377021312 -0.4027768134567203 -0.6000000000000001
0.2473796732094363 -0.2570652292075937 -0.6000000000000001
0.1871462186651253 -0.1449032529349772 -0.6000000000000001
0.05426866791885979 -0.28825258708747 -0.6000000000000001
0.1896460257785991 -0.07107011506910615 -0.6000000000000001
0.2498172994095332 -0.1837986938905513 -0.6000000000000001
-0.005917114366057886 -0.1753277670090385 -0.6000000000000001
-0.05612187280538695 0.2329047179803251 -0.6000000000000001
-0.1163794059456984 0.3455829339839209 -0.6000000000000001
-0.1776529222404283 0.3820490840439352 -0.6000000000000001
-0.180987163896216 0.4545675128427653 -0.6000000000000001
0.004071614698615118 0.1199957137697952 -0.6000000000000001
-0.06611100010895449 -0.06241875839859548 -0.6000000000000001
0.006568892931966372 0.1938265793199256 -0.6000000000000001
0.1269558692669437 -0.03199142779293347 -0.6000000000000001
-0.06860768361548972 -0.1362494672811359 -0.6000000000000001
-0.05861915070662164 0.1590738527575175 -0.6000000000000001
-0.3142976165989034 0.1675762042329944 -0.6000000000000001
-0.3745627630151353 0.2042633614893742 -0.6000000000000001
0.1971384683977589 0.1504230289084005 -0.6000000000000001
0.2598292342946859 0.111344890404851 -0.6000000000000001
-0.1815034045401401 0.3110609950456337 -0.6000000000000001
-0.1288017529840987 -0.0233406070507293 -0.6000000000000001
0.2523329709244976 -0.1101182895142681 -0.6000000000000001
-0.26502706581379 -0.3133760399304915 -0.6000000000000001
-0.4545416383287665 0.1002674034918889 -0.6000000000000001
-0.1337887885169828 -0.1710014088762209 -0.6000000000000001
-0.3220374984967121 -0.05421267884952197 -0.6000000000000001
-0.2516728115664577 0.1286217928491958 -0.6000000000000001
-0.1396211812893968 -0.3898282021528415 -0.6000000000000001
-0.205325683908008 -0.425789891850998 -0.6000000000000001
0.3846738761726027 0.03307663615799633 -0.6000000000000001
0.457510769860371 0.07016337195035383 -0.6000000000000001
0.1391539780918509 0.336824321700865 -0.6000000000000001
0.2046405454579636 0.3708705333658114 -0.6000000000000001
0.2654962765263903 0.3297331596641804 -0.6000000000000001
0.2759348464666502 0.4027651209062456 -0.6000000000000001
0.3888038888609879 0.1073711542496769 -0.6000000000000001
0.4528960874445425 0.1417722050020584 -0.6000000000000001
-0.05366110034749538 0.3066556790900248 -0.6000000000000001
0.3251999187805676 0.1461562296063332 -0.6000000000000001
-0.00841500698754425 -0.249161089961952 -0.6000000000000001
0.05181885133681398 -0.3632259991085511 -0.6000000000000001
-0.3259723671532557 -0.2022082692814111 -0.6000000000000001
-0.3264740760495805 -0.2757072068446515 -0.6000000000000001
-0.3802370144917862 0.2792922860881898 -0.6000000000000001
-0.4405762489749683 0.177478622384076 -0.6000000000000001
0.3020256351168805 -0.4440385125166902 -0.6000000000000001
0.2006871328537365 0.4374296023934746 -0.6000000000000001
-0.2666875142665476 -0.3856718408168012 -0.6000000000000001
-0.3246932674773226 -0.3507651370252863 -0.6000000000000001
-0.07874642300543414 -0.4957148307299115 -0.6000000000000001
-0.02527212959211944 -0.5408289455171622 -0.6000000000000001
-0.5114882325225213 -0.1686520079273298 -0.6000000000000001
-0.2056857649582299 -0.4976322571592979 -0.6000000000000001
0.4962233275172721 -0.1956232260778549 -0.6000000000000001
0.4307379031986065 -0.3154756147539047 -0.6000000000000001
0.1168707192256037 0.5225054974048919 -0.6000000000000001
-0.3751740780624492 0.39401935168744 -0.6000000000000001
-0.4617692163784637 0.2859153939771965 -0.6000000000000001
-0.1528627278429922 0.5200427882206178 -0.6000000000000001
-0.5086037383054184 0.1608873545324117 -0.6000000000000001
0.5184088817924384 0.1275043810966864 -0.6000000000000001
0.504406469837039 0.1948559606831296 -0.6000000000000001
-0.2671177286058372 -0.4619862608872793 -0.6000000000000001
-0.01785415942013218 0.53635574095772 -0.6000000000000001
-0.3823090412751121 -0.3851774474823424 -0.6000000000000001
0.01221337769314256 0.4804966578329001 -0.6000000000000001
0.3579388598159104 -0.4177914899492366 -0.6000000000000001
0.2556173311012128 0.475257308122646 -0.6000000000000001
0.5469424622100969 -0.003357600547813171 -0.6000000000000001
-0.2346710121570117 0.4071131303707199 -0.6000000000000001
-0.1395866868128057 -0.4587655650424525 -0.6000000000000001
-0.2134244832413362 0.508216901785293 -0.6000000000000001
-0.5451602716981608 0.04340405824518641 -0.6000000000000001
-0.4293019420509414 0.2346298967888953 -0.6000000000000001
0.4512026755594398 0.3089020671366339 -0.6000000000000001
0.3290199442993175 0.3545945610842637 -0.6000000000000001
0.4448600370217756 0.2026213477537685 -0.6000000000000001
-0.333429513145427 0.4415320320325234 -0.6000000000000001
-0.1147199721672606 0.4773519638869635 -0.6000000000000001
-0.5034333082163167 -0.2316160734555709 -0.6000000000000001
0.1185843052257673 -0.540180950610236 -0.6000000000000001
0.4307344755525538 -0.211643490766057 -0.6000000000000001
0.1364219232425558 0.4674678102940887 -0.6000000000000001
-0.4327311004275572 -0.3482174209952017 -0.6000000000000001
-0.358984596083641 0.3395789387633467 -0.6000000000000001
0.3632797341633579 -0.3171523573552332 -0.6000000000000001
0.4944495531654284 0.02275543059963596 -0.6000000000000001
-0.4937057434255065 0.05374270015412512 -0.6000000000000001
0.3104291195175521 0.4545967831096563 -0.6000000000000001
0.3956983821803201 0.3819916169856979 -0.6000000000000001
-0.08565864355104369 -0.5506240368187316 -0.6000000000000001
-0.557358599212048 -0.04322644390567303 -0.6000000000000001
0.5540476591116059 -0.06553226142980834 -0.6000000000000001
2 6 0 350
1232
1233
1234
1235
1236
1237
1238
1239
1240
1241
1242
1243
1244
1245
1246
1247
1248
1249
1250
1251
1252
1253
1254
1255
1256
1257
1258
1259
1260
1261
1262
1263
1264
1265
1266
1267
1268
1269
1270
1271
1272
1273
1274
1275
1276
1277
1278
1279
1280
1281
1282
1283
1284
1285
1286
1287
1288
1289
1290
1291
1292
1293
1294
1295
1296
1297
1298
1299
1300
1301
1302
1303
1304
1305
1306
1307
1308
1309
1310
1311
1312
1313
1314
1315
1316
1317
1318
1319
1320
1321
1322
1323
1324
1325
1326
1327
1328
1329
1330
1331
1332
1333
1334
1335
1336
1337
1338
1339
1340
1341
1342
1343
1344
1345
1346
1347
1348
1349
1350
1351
1352
1353
1354
1355
1356
1357
1358
1359
1360
1361
1362
1363
1364
1365
1366
1367
1368
1369
1370
1371
1372
1373
1374
1375
1376
1377
1378
1379
1380
1381
1382
1383
1384
1385
1386
1387
1388
1389
1390
1391
1392
1393
1394
1395
1396
1397
1398
1399
1400
1401
1402
1403
1404
1405
1406
1407
1408
1409
1410
1411
1412
1413
1414
1415
1416
1417
1418
1419
1420
1421
1422
1423
1424
1425
1426
1427
1428
1429
1430
1431
1432
1433
1434
1435
1436
1437
1438
1439
1440
1441
1442
1443
1444
1445
1446
1447
1448
1449
1450
1451
1452
1453
1454
1455
1456
1457
1458
1459
1460
1461
1462
1463
1464
1465
1466
1467
1468
1469
1470
1471
1472
1473
1474
1475
1476
1477
1478
1479
1480
1481
1482
1483
1484
1485
1486
1487
1488
1489
1490
1491
1492
1493
1494
1495
1496
1497
1498
1499
1500
1501
1502
1503
1504
1505
1506
1507
1508
1509
1510
1511
1512
1513
1514
1515
1516
1517
1518
1519
1520
1521
1522
1523
1524
1525
1526
1527
1528
1529
1530
1531
1532
1533
1534
1535
1536
1537
1538
1539
1540
1541
1542
1543
1544
1545
1546
1547
1548
1549
1550
1551
1552
1553
1554
1555
1556
1557
1558
1559
1560
1561
1562
1563
1564
1565
1566
1567
1568
1569
1570
1571
1572
1573
1574
1575
1576
1577
1578
1579
1580
1581
0.7033272890488691 0.4280723467428045 0
-0.6479543025831509 -0.1224735409221949 0
0.4259185613342157 -0.5030615574802091 0
0.2211178442709144 -0.6194201762873665 0
0.2139434224114817 0.6289270612279158 0
-0.6532981872897629 0.1161760792287707 0
0.4267302848189035 0.4982540120289696 0
-0.01974037372207514 -0.6622254195625206 0
0.5840007889540384 -0.3128500931396048 0
-0.02163317170233309 0.6590728640013517 0
-0.5605948249127467 0.3439541752772867 0
-0.5622922604856606 -0.3469739981916554 0
-0.2601442644107158 -0.6117828820471792 0
-0.3979463738594302 -0.5291032689647817 0
-0.2558912129130688 0.6087715884855615 0
-0.4006473630105624 0.5263657037834243 0
0.6428182300201913 -0.1616752744948321 0
-0.708352814687887 -0.609586887815432 0
-0.1768100422332902 -0.9198438289464239 0
-0.1625851916796553 0.9267461438827853 0
-0.7083528146878901 0.6095868878154282 0
0.1747009749998306 -0.9153718107195921 0
0.7056735401943148 -0.6230984299923896 0
-0.891809990637103 -0.300135992097902 0
-0.8830174704353615 0.3107582719292963 0
0.1688288146844573 0.9200317663367238 0
0.4380984726809414 0.8284451523797097 0
0.497781475874961 -0.7909341089550563 0
-0.9297923694081517 0.02648752699728114 0
0.8806765276745835 -0.3027572864325614 0
-0.4972037971811773 -0.7912953101980168 0
-0.4366799419363778 0.8262387743159949 0
0.6643964845896864 0.6643574699866583 0
-0.3734667172612515 -0.8586009978983099 0
-0.5549470871075706 0.7519266017262445 0
0.8234356304532614 -0.4362652693043736 0
0.9224103438041913 -0.1714437316478561 0
-0.9242892181391877 -0.1045843943316501 0
0.3790660022697607 -0.8538302659932798 0
0.6090680119140064 -0.7064327738621488 0
0.5575998152349849 0.7531997295037162 0
0.03494844406783354 0.9345705091346941 0
0.03494346411798194 -0.9338837391175585 0
-0.8267116159847751 0.4386203479440734 0
0.3086580884542101 0.8820941380060003 0
-0.9182449762696377 0.173741323318111 0
-0.8262387743159931 -0.4366799419363805 0
-0.6095868878154258 -0.708352814687893 0
-0.3086580884542088 0.8820941380060008 0
0.7854498623494672 -0.01140421818534581 0
0.5391067085430098 0.3834363748870626 0
0.7558130196112181 0.557020951428049 0
0.6569849224189435 0.3013533488086038 0
0.6586376693945196 0.005803527632019348 0
0.8738865620896672 -0.04997180359107195 0
0.8032171964848573 -0.0893274339529298 0
0.6756927743289765 0.3660387516698727 0
0.6391663790650688 0.421493667815359 0
0.6665930982855901 0.4835493641491054 0
0.5999869683477427 0.4802935444217061 0
0.6255082318413849 0.5411264135578987 0
0.5575967226021152 0.5375249777634954 0
0.5831618493496087 0.5988766684007768 0
0.5133991997000468 0.5909572407582222 0
0.5411962454245748 0.4659553513069044 0
0.7335316822271551 -0.07506471801898063 0
0.7491772170257602 -0.137953168914243 0
0.8107439611952421 -0.1631858715725437 0
0.7575486898955999 -0.2062532851049042 0
0.652309142876677 0.2370993774881536 0
0.6511004264221396 0.08052382950713011 0
-0.4570667183565536 -0.4792724934554947 0
-0.4690562193549845 -0.5567593580398166 0
-0.5285387725637871 -0.5069244915764827 0
-0.4069417397551548 -0.6024403086642136 0
-0.4786610813565215 -0.6309932252518948 0
-0.4174353583908573 -0.6761663887060758 0
-0.3490991358408883 -0.6471195960346093 0
-0.3594189955870554 -0.7194292085385104 0
-0.2873611697837042 -0.6935721715027887 0
-0.2186003819619995 -0.6740791363290983 0
-0.2374055013729053 -0.7455669617043788 0
-0.1712822658123971 -0.7268772519275811 0
-0.1871074846796966 -0.7977913158773333 0
-0.1073269573041749 -0.7792648678312257 0
-0.2576642671137608 -0.8269389264921135 0
-0.4588805719867277 0.4762142026975114 0
-0.4718217810525075 0.5531267546318819 0
-0.4110011305166191 0.6018596073230987 0
-0.5293888089115657 0.5020598522442397 0
-0.5410550393515308 0.5792661179597369 0
-0.5987120588632238 0.5306935422320201 0
-0.5883485902976335 0.4580904288492985 0
-0.6568611895601985 0.4843827948588938 0
-0.648662164773415 0.4145423124820452 0
-0.7129619813056065 0.4365030886829302 0
-0.7015303003317594 0.3696468003111231 0
-0.7275640838877231 0.49803081726624 0
-0.6236418951405771 0.6091488737266085 0
-0.5602432233522595 0.6696574440265506 0
-0.1859700501049413 0.6353990168650776 0
-0.2448989067347584 0.6825646845746217 0
-0.1811379816049935 0.7127664352751025 0
-0.2395792855948594 0.7572773494301208 0
-0.3107865325904042 0.7180817645648947 0
-0.1713014411722218 0.785132216842173 0
-0.1127217998699535 0.7416460867173774 0
-0.1028926801568711 0.8138903753565981 0
-0.04519744218834274 0.7727936813390068 0
-0.04128828191582343 0.8498465923822149 0
0.02772101741102922 0.8043870316165528 0
-0.2341796618273645 0.8311933241716454 0
0.05864131894647696 -0.6588542731802902 0
0.02022379140415143 -0.7252237617190619 0
0.09753269773106343 -0.722811121641406 0
0.05681458453281094 -0.7907311780625076 0
0.133457192087498 -0.7887437160642025 0
0.1711874375185047 -0.7257462358489075 0
0.2080305682999991 -0.7891106110346287 0
0.2454700214580428 -0.7296205953544359 0
0.2817244932802708 -0.7868142772237607 0
0.3184041212622781 -0.7303930545739636 0
0.0976358543409078 -0.867718385918657 0
-0.02497090200767843 -0.7891474937348689 0
0.2443062264536445 -0.8537927670254783 0
-0.5993490307187681 -0.2813559975995486 0
-0.6368931596333662 -0.3475722524941812 0
-0.6765447680479161 -0.2883274711851233 0
-0.7115592038278213 -0.3530477521743998 0
-0.661527298250542 -0.4204033178811383 0
-0.7495618385917491 -0.2897320477183596 0
-0.7155756999334798 -0.2251508091550881 0
-0.788473980145153 -0.2265253909605527 0
-0.7567134108136238 -0.1632045240356427 0
-0.8281442431209439 -0.1689074072433865 0
-0.7970464819600642 -0.095169264727651 0
0.05382355257557545 0.6637302274009235 0
0.1337973660398469 0.6595400095522035 0
0.1971529022538377 0.7022194148991336 0
0.2692317117491594 0.6806574197874495 0
0.2506530421291205 0.7540962377069764 0
0.1832888899673055 0.7767224253860002 0
0.3223855071501375 0.7345148764362222 0
0.3417447923326919 0.6612706166992847 0
0.3938470548990958 0.7139572847957922 0
0.4112221934723498 0.6461699161970345 0
0.4627179039912886 0.6945260095286039 0
0.08081040999858066 0.7316144765558614 0
0.2394803957211134 0.8276689464399627 0
0.3589967791686655 0.589604976003701 0
0.5437303547598589 -0.3782699139803026 0
0.6223722519912883 -0.3749497170447602 0
0.5829691161722886 -0.44187705374305 0
0.6611821792586096 -0.4392559505641532 0
0.6971770972160628 -0.3740574590322762 0
0.6248052287044958 -0.5042230120001541 0
0.5527739663410494 -0.507133186814033 0
0.590265053165867 -0.5695711816541313 0
0.5178753855556235 -0.5761979985434227 0
0.701989932856288 -0.5013576642688254 0
-0.09031424890573991 -0.6562089291209849 0
-0.5951532093066689 0.273164644126209 0
0.61560321256913 -0.2413881305306611 0
-0.5236293742905621 -0.4200151070494732 0
-0.5880639043358528 -0.458679480665113 0
-0.6002375809960412 -0.5321183125964543 0
-0.6641313438263031 -0.04862408422051902 0
-0.672185080293034 0.03113618893645462 0
-0.7241506247187758 0.08710514335116029 0
-0.7127310278391279 0.1630887756441546 0
-0.7835912457982084 0.1321276936261533 0
-0.7956426879764562 0.0619915334155004 0
-0.7752367739341539 0.2061980881632222 0
-0.7052466136016703 0.2339573404846098 0
-0.7606035205175965 0.2765224058488263 0
-0.7349936117601159 -0.03221781742468444 0
-0.8544687372960151 0.1106718561206513 0
0.2944745387394359 -0.5894920380098112 0
0.3633500857713624 -0.5522416802918332 0
0.3586665164423189 -0.6251687242391637 0
-0.3312235550740787 0.5822292550312853 0
-0.356888516794732 0.6545463462579376 0
-0.4247836391259925 0.6752585146786609 0
0.4386877091392091 -0.5822301545698013 0
0.4185947114181917 -0.6650587796370602 0
0.8299860791005655 -0.2427648493594277 0
0.7680102934559071 -0.2815356555655145 0
-0.7856680749088569 -0.3591968236819149 0
0.5610783054300685 -0.6384789113858842 0
0.5384797695481148 0.6730873450825682 0
-0.1050154011527449 0.6609185531258416 0
0.49528046271217 -0.4493903889129293 0
-0.6369873592104729 -0.2051646659509225 0
-0.4858358601284646 -0.7052026417538102 0
-0.5486570504618995 -0.5922857988038776 0
-0.6314183442925752 -0.6010048401409314 0
0.6076289928632096 0.3541359996858078 0
-0.09440961696762948 0.8891936149020501 0
-0.6331326254881292 0.2007975367615757 0
0.1447445775120428 -0.6540724999106067 0
-0.5228755040568126 0.4187959452261182 0
0.6547360656335055 -0.3096886101847143 0
-0.8577476748850168 -0.2332302671530445 0
0.6379418287501768 0.1648191943179201 0
0.6310142308561751 -0.6335686974156727 0
0.5309571688625671 -0.7101308729758216 0
-0.6272101467841569 0.6799234117083836 0
0.6606469427053184 -0.07548009189709871 0
-0.05839099426308213 -0.7242368882943647 0
-0.06823787645519165 -0.8562894152720608 0
0.009456997175590988 -0.8597815581167902 0
0.7403697920901323 0.4847950032902655 0
-0.03572853090935109 -0.927598910719545 0
-0.5452095383117375 -0.6604039604931665 0
-0.3354989185180691 -0.5712842436094154 0
-0.8294039348445983 0.2581148584583685 0
0.7202884516851782 0.05319898284011618 0
-0.4281393881251246 -0.7518715204031531 0
0.7384895978000916 -0.4371491251697355 0
0.7727780261917753 -0.3605896343605083 0
0.7756610590715955 -0.5002999828382612 0
-0.7456519907063963 -0.4223299132833412 0
-0.7084660759702179 -0.4864303883994665 0
-0.3033858861969613 0.8013132837181709 0
-0.368058820895199 0.7732198890380226 0
-0.8447859932608802 0.1873483560310292 0
0.006040663234633842 0.7236973569198737 0
0.1117681122441533 0.8035557508652578 0
0.05928271624258221 0.8643076577090867 0
-0.7156534636891221 -0.1048778033970371 0
-0.8098032780665853 -0.01484457193415787 0
0.2862980382729343 0.6054364377926643 0
0.3796436729501446 0.7840356321628692 0
0.3127727359363486 0.807298097702446 0
-0.862417131986322 -0.07381449272835955 0
0.6916045428307603 -0.2389569553947232 0
-0.4825568820446454 0.6324908692434859 0
-0.4926024881904503 0.7056803702480041 0
0.2861809792881183 -0.6656980054683025 0
-0.6342241687242165 0.3364721808990906 0
0.4348819082045892 0.5756828578823791 0
-0.4328527827196271 0.7474880817478897 0
0.7129054326049762 0.6114402395962386 0
-0.7700473496331903 0.3930133419380626 0
0.855019197135408 -0.3682283464993403 0
0.3532008562320202 -0.7887686612004812 0
0.3905129863146451 -0.7286833995463005 0
0.4215115462529231 -0.7894186048863043 0
0.4589513096709248 -0.7225497460551991 0
-0.1403951612372007 -0.8562608068972313 0
-0.3685016548218162 0.8461577657512317 0
-0.546841643584648 -0.7409441157464779 0
-0.9060390755328209 -0.1759032083372699 0
-0.9258063624632809 -0.03784280237341628 0
-0.6699789381999584 -0.5500367184900969 0
0.9045573461101764 -0.2376823967888698 0
-0.4337500319785524 -0.826168708461843 0
-0.4967337263362747 0.7872663343564277 0
0.1005757762021914 0.9302244040678265 0
0.1062105306442643 -0.9406017118324232 0
-0.8530291186551344 0.3795665193128236 0
-0.859621873325302 -0.3673400940952617 0
0.6130151170117645 0.7123364892864711 0
0.5006787027490225 0.7956624442968534 0
-0.6603390330017649 -0.6644896967978685 0
-0.2340524252298857 0.9049644445866092 0
0.3730662889176 0.8556192727996079 0
-0.927118212566759 0.09768231501718669 0
0.2432363164996698 0.9077702914226679 0
-0.9009921821297402 0.2412064863506705 0
-0.753407346714385 -0.5569672879600303 0
-0.781984709025805 -0.4916723966363724 0
-0.2432363164996667 -0.9077702914226681 0
-0.310393937258822 -0.8870549088793147 0
0.9338837391175576 -0.1052234264112832 0
-0.03950401248720484 0.9289502383839967 0
0.3080107776858528 -0.890576258303395 0
-0.7968185240533232 0.5021258484103017 0
0.167834806187633 0.8451009809921619 0
-0.8624497559803164 0.04072302107402943 0
-0.6756430016941866 0.5507408660193207 0
0.1713607945180327 -0.844622412666019 0
0.4874944632397399 -0.6421840867197663 0
-0.3046866401997838 -0.7649565613692996 0
-0.1074906617662714 -0.9243379308735948 0
-0.3698689129067592 -0.788981011498782 0
-0.8069969464495019 0.3319242507393058 0
0.8672120876951653 -0.1251539967504687 0
0.4920519828154397 0.5174319494076438 0
-0.8194829531247116 -0.291218564973 0
0.6587916513288029 -0.5641416218778058 0
-0.1613952801578599 0.8540806051476759 0
-0.7009680603575524 0.3005073755129348 0
0.4459593418505428 0.7594962776729393 0
0.6909623669539284 0.5447338780349306 0
0.751691294173542 -0.5629551961984836 0
0.6008806620753789 0.2837455024335875 0
-0.1543805514670737 -0.6625033368757476 0
-0.645043538814274 -0.4881744982931525 0
-0.3765484655294162 0.7126523813243641 0
0.6468718648452852 0.6028075350294868 0
-0.7557877484403138 0.5594638214440878 0
-0.2007605133088039 -0.8617336697771366 0
0.5649233033147781 -0.7631136025154102 0
0.2488588175013094 -0.9180483108032859 0
-0.05834979621634035 0.7108565415236905 0
-0.6934708481985803 -0.1666916768380378 0
0.4916669513360711 -0.5164397186395423 0
0.4790788569913879 0.4385893405932639 0
0.5823991669235631 0.4237175257818667 0
0.7066981771102138 -0.1737274430423841 0
-0.3208149637290801 -0.8253199585620118 0
-0.5990027946952995 -0.3983810582171005 0
0.7168612050656021 -0.3129656629075473 0
0.8212940247116479 -0.3111751544434705 0
0.3764379508039424 0.5323934849107713 0
0.4725011787624073 0.6370918244948729 0
-0.104818127120943 0.9464852050765411 0
-0.9172194918045808 -0.2453091151910877 0
0.674143834758397 -0.6741438347583953 0
-0.6777063202193735 0.6599247719542223 0
0.7921881094722496 0.5143585435951923 0
0.119191568709006 0.8744846454599755 0
0.2104096564408461 -0.6806717227208613 0
-0.5902108992695911 0.3981845873741581 0
-0.2980835043895842 0.6516418626582221 0
0.8669819635810682 -0.1880461692238332 0
0.008231976663683341 0.8764124058453091 0
0.4465300709906244 -0.8425871292767809 0
-0.6537257895954607 0.2612739437224045 0
0.6060782352980036 0.6541175963426827 0
-0.7688519205864566 0.4515563638112275 0
0.6907874842090821 0.1260741496386677 0
-0.7487345719044116 0.334001605375504 0
0.599580618166165 0.2260836049997979 0
0.3566338556969593 -0.6841104265495472 0
0.9465780313719236 -0.04911335154111592 0
0.3160021177987473 -0.833541388802606 0
0.5009965744342119 0.7366677274046137 0
-0.1126180205771464 -0.7121035576016798 0
0.6985744498177278 -0.1247801392735077 0
0.7117109216723277 -0.02058930352585792 0
0.5605651616022161 0.3175906763329883 0
-0.5993023539910463 -0.6513209212690778 0
-0.1921795854902966 -0.6200734013181104 0
-0.6061642502524247 0.7286183434411486 0
-0.8734809237229574 -0.01579142030350783 0
-0.7461665359929059 0.02946628457464118 0
0.1456493932336277 0.7318220680737846 0
-0.8665641612731311 -0.1267374877119959 0
2 7 0 17
1582
1583
1584
1585
1586
1587
1588
1589
1590
1591
1592
1593
1594
1595
1596
1597
1598
0.7673034873699807 0.2838828855380277 0
0.8182820721342328 0.1321612533965647 0
0.7936672749665507 0.3750476065810479 0
0.9032915571815219 0.2429185126269782 0
0.9223714387440884 0.1110235532656863 0
0.8631424914643867 0.3765852193645685 0
0.8826590725698884 0.3096494671580725 0
0.833050124333389 0.2619624991211256 0
0.8552299301720092 0.1927441965866079 0
0.7825305588999408 0.2120954286767199 0
0.9187994287888002 0.1742881472103068 0
0.8168465336367792 0.3235755218430978 0
0.8339511930973145 0.4306484053814879 0
0.7646460169165477 0.3359201751016898 0
0.8616379979852106 0.08581145056106493 0
0.8755301722278821 0.1376117485000478 0
0.9126054417718589 0.0589190499558471 0
2 8 0 229
1599
1600
1601
1602
1603
1604
1605
1606
1607
1608
1609
1610
1611
1612
1613
1614
1615
1616
1617
1618
1619
1620
1621
1622
1623
1624
1625
1626
1627
1628
1629
1630
1631
1632
1633
1634
1635
1636
1637
1638
1639
1640
1641
1642
1643
1644
1645
1646
1647
1648
1649
1650
1651
1652
1653
1654
1655
1656
1657
1658
1659
1660
1661
1662
1663
1664
1665
1666
1667
1668
1669
1670
1671
1672
1673
1674
1675
1676
1677
1678
1679
1680
1681
1682
1683
1684
1685
1686
1687
1688
1689
1690
1691
1692
1693
1694
1695
1696
1697
1698
1699
1700
1701
1702
1703
1704
1705
1706
1707
1708
1709
1710
1711
1712
1713
1714
1715
1716
1717
1718
1719
1720
1721
1722
1723
1724
1725
1726
1727
1728
1729
1730
1731
1732
1733
1734
1735
1736
1737
1738
1739
1740
1741
1742
1743
1744
1745
1746
1747
1748
1749
1750
1751
1752
1753
1754
1755
1756
1757
1758
1759
1760
1761
1762
1763
1764
1765
1766
1767
1768
1769
1770
1771
1772
1773
1774
1775
1776
1777
1778
1779
1780
1781
1782
1783
1784
1785
1786
1787
1788
1789
1790
1791
1792
1793
1794
1795
1796
1797
1798
1799
1800
1801
1802
1803
1804
1805
1806
1807
1808
1809
1810
1811
1812
1813
1814
1815
1816
1817
1818
1819
1820
1821
1822
1823
1824
1825
1826
1827
-0.2680013706484946 0.4733267217854671 0
0.2897885730155377 -0.4522204886401833 0
-0.4674512979733019 -0.2763431605347723 0
0.4773497735369306 0.2606077797049592 0
-0.08116354812182286 -0.5264533530035487 0
-0.5257785758708036 0.09828504953554777 0
0.1776436269256887 0.5053741212872366 0
0.5169309364398984 -0.1301965187260366 0
-0.3221790707203729 -0.4327230025406587 0
0.1144298169056037 -0.5225025156014902 0
-0.5251073351484525 -0.1031766482981881 0
0.3555965853480989 0.4068723372447642 0
-0.4174662704693114 0.3339176072185073 0
0.5308318634640994 0.06573122955009476 0
-0.08742730293360459 0.5317755151701062 0
0.4346417353845451 -0.3139403907805213 0
0.04853407451099612 0.5334209757025465 0
-0.2084910171196809 -0.4925794936731903 0
-0.4859253798491044 0.2235611482915557 0
0.04337332744323752 -0.5392236696765719 0
0.06325931578361747 -0.4710875526089986 0
0.1348625157757436 -0.4522744639839138 0
0.08446910374278051 -0.3993375040088344 0
0.1562680842211419 -0.3813946492201795 0
0.1051796586280674 -0.3281985343365413 0
0.03352888574746563 -0.3460385643461641 0
0.05402764288058415 -0.2749669247913414 0
0.1257048448128107 -0.257173917612654 0
0.07445473985437392 -0.2039767498840639 0
0.002761555282891739 -0.2217783771335689 0
0.02319162836145078 -0.1507864665525655 0
0.09488743638276149 -0.1329836227759681 0
0.04362243305916075 -0.0797942965158667 0
-0.02807349689792513 -0.09759718459237395 0
-0.007643201808163601 -0.02660530934928583 0
0.06405264362544918 -0.008802471707086187 0
0.01278702465978009 0.04438652495449317 0
-0.05890880721606188 0.02658369539763952 0
0.08448285865826749 0.06218935577134727 0
-0.03847859067191269 0.09757552378564882 0
-0.1101744230156452 0.07977269395132233 0
-0.08974420927520144 0.1507645206634542 0
-0.1614400410921968 0.132961691147475 0
-0.1818702543827651 0.06196986470403494 0
0.1357484779295767 0.009000359291106002 0
0.1561786912434892 0.07999218574428404 0
0.2074443099573987 0.02680318893136979 0
0.1049130727352909 0.1331811826799403 0
0.1766089046686306 0.1509840122638543 0
0.1253432861789937 0.2041730092106055 0
-0.1410098277147764 0.2039535176403673 0
-0.2331358728240956 0.1151588616823354 0
-0.2535660861011394 0.04416703525001622 0
0.1970391180067546 0.2219758387315006 0
0.2483047365272387 0.1687868418031582 0
0.1457734995026179 0.2751648356695845 0
-0.2023004675863988 -0.009021961684803266 0
-0.2739962993660622 -0.02682479117430355 0
-0.2227306808576149 -0.08001378811053396 0
-0.2944265126555385 -0.09781661761422239 0
-0.2431608941425464 -0.1510056145467144 0
-0.06931399591358625 0.2217563471464345 0
-0.1205796144094521 0.2749453440897007 0
-0.04888378261011232 0.2927481735946815 0
-0.1922754462140434 0.2571425145811326 0
-0.3048317046003539 0.09735603219121376 0
-0.3456921311680111 -0.04462762068130317 0
-0.36612234445673 -0.1156194471205989 0
0.2687349498225757 0.2397786682452688 0
-0.1001494011211671 0.3459371705286599 0
-0.02845356931941653 0.3637400000354984 0
0.3200005683395015 0.1865896713148025 0
0.1870140966295216 -0.04418863776024315 0
0.2587099284632354 -0.0263858080440681 0
0.2382797152643517 -0.0973776347463181 0
0.3099755469947882 -0.07957480499319539 0
0.289545333691703 -0.1505666313741794 0
0.3304057602719906 -0.008582978500702398 0
0.3612411654960386 -0.1327638018782418 0
-0.1714650623398184 -0.133202785039074 0
-0.1918952758809166 -0.2041946117216045 0
-0.263591107472553 -0.2219974410259113 0
-0.2138546794972419 -0.2769700810333249 0
-0.140884521223171 -0.2576808831915947 0
-0.1628864033829847 -0.3305058975678157 0
-0.2844014913093388 0.1683478586319606 0
-0.3560973231065115 0.150545029127941 0
-0.3765275363944343 0.07955320268914182 0
0.3406886072782823 -0.2032629189210332 0
0.2690947187011689 -0.2214763501596835 0
-0.2848234355822977 -0.2931356884415498 0
0.33950737678595 0.2578472376114222 0
0.3196496393634556 -0.2739906001882235 0
-0.3355285447748412 0.2209788242770431 0
-0.3340650199330094 -0.2385180892045851 0
0.408686862333375 -0.1843281577684336 0
0.2485599517181053 -0.2924282708341053 0
-0.08971054762817759 -0.3109775523311022 0
-0.1101560970420001 -0.3819871650823877 0
0.02281204919512502 0.3105510031028788 0
0.04324226248377453 0.3815428295423771 0
0.05364745438025206 0.1863701797069095 0
0.2995703550478386 0.1155978448748825 0
0.3712661868513848 0.1334006743813263 0
-0.007987392512823831 0.4297551212002764 0
0.2871409578274456 0.3090121126518012 0
-0.415181541734784 -0.06030381581194905 0
-0.3557171525208511 -0.3107920969314151 0
-0.4219331432805549 0.1321389167647876 0
-0.4492312135106328 -0.1288923981344243 0
0.2982935812823211 -0.341622211535192 0
-0.1814900836927886 -0.3993672612892931 0
-0.4587921076205264 0.0666089604226599 0
0.4406226322348955 -0.1131506830875162 0
-0.1314101654303157 -0.4595877728212111 0
-0.05999395384783134 -0.4408591317955819 0
0.2156952421432407 -0.4338257127797006 0
0.06452522797662386 0.4611632954681189 0
0.1138145103849814 0.3995638259364269 0
0.3621276904916454 0.3293375747686491 0
-0.00638838063716152 -0.4914593519836832 0
-0.2541481073069533 -0.422490703603623 0
-0.2340259881285001 -0.3460626499761884 0
0.2283182612812841 -0.3590651419154114 0
0.01279642029972263 -0.4187574495188189 0
0.1769083372386293 -0.309603644090817 0
0.1461499382733774 -0.1861742612104733 0
-0.01773712172034687 -0.2928507989571837 0
-0.04850380095371416 -0.1685890923492457 0
0.1665831589755492 -0.1151808474244919 0
0.1973778821975304 -0.239204317491036 0
-0.07933903670863912 -0.04440814149022726 0
-0.09976928188288393 -0.1153999909177704 0
0.1153182648621917 -0.0619914670154655 0
0.03321724039655953 0.1153783528538684 0
-0.0180483775293372 0.1685673501366562 0
0.3508359735616913 0.06240884794258425 0
0.419801349946655 0.07957981137089985 0
0.445934415649393 0.1503988261680758 0
0.4018187200290343 0.009068676179065177 0
0.2791401417582568 0.04460601842905918 0
-0.1306046396610872 0.00878086537874859 0
-0.2639481838414673 0.239246679859527 0
-0.3143444959530101 0.2876407229063064 0
-0.243388482267385 0.3095013507951839 0
-0.2974708889304714 0.3615096034061131 0
-0.2217993940343694 0.376533608720326 0
0.2278745232234522 0.09779501535539735 0
-0.3866418212141817 -0.1860190043419186 0
-0.4543142897595736 -0.2064221141927064 0
-0.2127018104993197 0.186135187257133 0
0.07407766770242211 0.257362006165227 0
-0.1716012262800486 0.3271976926960612 0
-0.1504468148204735 0.3979677446082267 0
0.3881859545063554 0.2017457777447817 0
0.2171319637612579 0.2926746015055349 0
0.2356356446493654 0.3618149119907806 0
0.1655829042320153 0.3457867493775012 0
0.1879962578759448 0.4289147759410271 0
0.2532671127144577 0.4234173154397916 0
-0.3252619178851673 0.02636420575432562 0
-0.415876787210022 0.2083195890515551 0
-0.3146679499790931 -0.1684960356423251 0
-0.3983514693809576 0.009725579852861831 0
0.3829051726021347 -0.06149545636745377 0
0.4535331667556233 -0.04056004784290423 0
-0.07894544483652274 0.4134644461764311 0
-0.1202152992409407 0.4660249684795004 0
-0.4720580781050209 -0.008573791495722818 0
0.0942171489168227 0.3283285416323325 0
0.002381835870793907 0.2395591766421312 0
-0.1510348615060737 -0.06221096697727671 0
0.2178384578506134 -0.168330007067697 0
-0.06904564693045193 -0.239711414565487 0
-0.1202431259556454 -0.186442745002062 0
-0.03809644899053496 -0.363762592369651 0
0.4709575308359172 0.0265957413871576 0
0.5269374221673853 -0.01974831072184417 0
0.3891360912845734 -0.2569037092258273 0
0.4630131270424642 -0.238973789997795 0
-0.386101338077159 0.2713776647560104 0
0.3667599525641606 -0.3260336066225853 0
0.3451406438701815 -0.3994178179432099 0
0.1845513901694688 -0.5042975645453206 0
-0.1984268733100238 0.4510910048354153 0
0.410505045649329 0.2622289177966066 0
-0.3736265600055731 -0.3829626723784321 0
-0.5350920046140721 -0.03658699666942984 0
-0.02040725752461938 0.5376894455251968 0
-0.5126942574379382 -0.1724084829476351 0
-0.5160755242258424 0.1636983831883933 0
-0.4214612747632461 -0.3284572010155878 0
-0.3217500359321404 0.4304316562367591 0
-0.3721007811415907 0.3843513919374371 0
-0.1494429552484317 -0.5250563058806573 0
0.5021108074361103 0.1969013537631522 0
-0.4539492065984667 0.2779494070440308 0
0.1135200647251461 0.5245570237014859 0
-0.5311955120022641 0.03224436603198057 0
0.5267152970456457 0.1324742147213323 0
-0.3040867190440913 -0.3646944689786445 0
0.1277740519526138 0.4630178473306594 0
-0.4032751426940272 -0.2577586110368308 0
0.244781345860771 -0.4925004638005679 0
0.5119374405114909 -0.1927714429323754 0
-0.1581682123225405 0.5182075714986667 0
0.4105782943342622 0.3723373991507441 0
-0.05099972472154349 0.4782041824066193 0
0.2983735495163783 0.3709462890597464 0
0.2415689602084354 0.4849914150667357 0
0.4473446636428307 0.3187956664302883 0
0.4070421465318883 -0.3704741066749873 0
-0.2173980695875339 0.5089029302788939 0
0.4788480913883421 0.09095596463951208 0
-0.4758452673617402 -0.06747347343790989 0
0.008398300412939449 0.4898728985369828 0
-0.01684429423460496 -0.5531358537324347 0
-0.2773303176945471 -0.480350200726174 0
0.4981793034680507 -0.07500613804487954 0
0.3057296706439601 0.4593318040416269 0
0.464288671599986 -0.1645870412177311 0
-0.5045100998769796 -0.2311549782978024 0
0.2744519375923453 -0.3953961697187251 0
-0.3588237280995575 0.325653612484192 0
-0.4638087590328791 0.1728167741247082 0
0.4454551802841111 0.2085820271921081 0
0.5461387038255804 -0.07442744437261359 0
-0.2614897125710999 0.4185785189968161 0
-0.4779426229666602 0.1258013615364674 0
3 1 0 0
$EndNodes
$Elements
8 3650 1 3650
2 1 2 1403
1 36 779 314 
2 790 791 657 
3 601 641 539 
4 605 834 824 
5 824 834 507 
6 539 652 601 
7 566 567 315 
8 644 800 344 
9 299 570 568 
10 621 649 556 
11 733 787 729 
12 428 878 622 
13 318 787 733 
14 616 618 512 
15 734 799 733 
16 292 820 748 
17 808 825 759 
18 51 743 327 
19 733 799 318 
20 322 649 621 
21 30 757 29 
22 584 764 336 
23 622 624 428 
24 541 577 576 
25 292 860 820 
26 512 628 616 
27 574 755 313 
28 342 573 572 
29 37 779 36 
30 519 582 577 
31 320 805 635 
32 542 629 603 
33 591 818 648 
34 611 835 612 
35 612 835 680 
36 643 800 644 
37 321 600 142 
38 432 633 430 
39 648 680 413 
40 764 881 336 
41 315 803 566 
42 110 588 303 
43 781 783 675 
44 142 600 143 
45 578 580 294 
46 759 870 808 
47 299 571 570 
48 612 680 648 
49 536 765 537 
50 541 576 575 
51 333 791 790 
52 603 660 542 
53 119 818 298 
54 635 805 634 
55 132 862 823 
56 537 765 588 
57 566 803 345 
58 828 878 525 
59 52 743 51 
60 332 819 815 
61 568 786 299 
62 623 878 828 
63 345 870 566 
64 657 874 790 
65 322 621 620 
66 572 849 807 
67 109 588 110 
68 851 861 725 
69 308 861 851 
70 823 862 579 
71 611 844 426 
72 322 620 619 
73 815 833 332 
74 580 581 294 
75 572 807 342 
76 567 583 315 
77 341 799 734 
78 648 863 591 
79 575 776 541 
80 537 587 582 
81 352 585 523 
82 786 848 138 
83 622 878 623 
84 734 737 341 
85 807 849 311 
86 298 818 591 
87 755 813 313 
88 524 651 596 
89 29 757 337 
90 107 576 306 
91 113 608 297 
92 116 610 296 
93 435 633 432 
94 779 829 314 
95 319 757 30 
96 342 630 573 
97 729 811 730 
98 587 588 109 
99 541 842 577 
100 787 811 729 
101 646 898 810 
102 646 904 898 
103 321 601 600 
104 556 649 589 
105 576 577 306 
106 610 611 296 
107 775 812 774 
108 337 875 794 
109 794 846 337 
110 610 844 611 
111 328 874 742 
112 313 775 574 
113 792 822 709 
114 608 783 781 
115 569 848 786 
116 618 901 512 
117 344 883 644 
118 294 823 578 
119 664 817 628 
120 298 590 589 
121 351 585 352 
122 742 857 328 
123 737 804 341 
124 577 842 519 
125 738 804 737 
126 326 825 808 
127 605 817 561 
128 649 890 589 
129 675 783 425 
130 633 876 430 
131 585 586 523 
132 428 624 353 
133 519 854 582 
134 353 624 325 
135 775 871 812 
136 351 352 325 
137 143 600 598 
138 743 896 327 
139 108 587 109 
140 117 613 118 
141 509 670 599 
142 101 351 325 
143 627 633 435 
144 537 588 587 
145 305 619 617 
146 301 598 597 
147 598 599 597 
148 619 620 617 
149 588 765 303 
150 319 637 592 
151 648 818 613 
152 608 781 297 
153 593 875 757 
154 766 795 662 
155 582 854 537 
156 616 628 615 
157 620 633 627 
158 316 822 792 
159 596 651 595 
160 106 576 107 
161 112 608 113 
162 115 610 116 
163 773 850 349 
164 592 757 319 
165 298 591 590 
166 594 867 632 
167 426 835 611 
168 308 851 720 
169 639 850 773 
170 541 776 540 
171 824 914 602 
172 561 817 664 
173 626 641 625 
174 730 811 339 
175 794 822 316 
176 602 914 603 
177 331 795 766 
178 336 830 584 
179 579 862 629 
180 593 757 592 
181 72 859 839 
182 596 866 524 
183 815 819 656 
184 509 892 652 
185 589 890 298 
186 678 844 831 
187 450 711 452 
188 118 818 119 
189 334 770 636 
190 628 817 614 
191 300 817 605 
192 512 664 628 
193 621 633 620 
194 301 596 595 
195 556 876 621 
196 575 576 106 
197 606 608 112 
198 609 610 115 
199 605 824 604 
200 622 623 307 
201 350 833 815 
202 615 628 614 
203 305 616 615 
204 300 605 604 
205 602 603 295 
206 304 626 625 
207 25 777 24 
208 639 773 331 
209 708 710 460 
210 652 892 601 
211 710 712 711 
212 706 821 797 
213 640 873 348 
214 757 875 337 
215 561 834 605 
216 865 867 594 
217 571 650 570 
218 715 736 414 
219 445 664 443 
220 306 587 108 
221 296 613 117 
222 580 642 581 
223 460 711 450 
224 716 736 715 
225 801 837 310 
226 146 595 329 
227 577 582 306 
228 611 612 296 
229 339 843 730 
230 547 762 758 
231 808 870 345 
232 617 627 618 
233 710 711 460 
234 147 594 148 
235 642 668 467 
236 100 351 101 
237 301 595 145 
238 460 713 708 
239 638 647 347 
240 105 575 106 
241 111 606 112 
242 114 609 115 
243 103 624 622 
244 325 624 102 
245 104 622 307 
246 561 664 445 
247 144 598 301 
248 124 619 305 
249 322 619 123 
250 126 615 614 
251 127 614 300 
252 305 615 125 
253 129 604 602 
254 130 602 295 
255 300 604 128 
256 304 625 140 
257 141 625 321 
258 613 818 118 
259 631 848 569 
260 331 766 639 
261 122 649 322 
262 595 651 329 
263 498 744 505 
264 348 873 585 
265 623 776 307 
266 352 353 325 
267 662 796 661 
268 598 600 599 
269 488 722 490 
270 321 641 601 
271 719 723 722 
272 708 713 705 
273 620 627 617 
274 716 737 736 
275 471 666 650 
276 423 749 702 
277 690 739 424 
278 629 893 579 
279 699 782 756 
280 831 844 609 
281 479 679 552 
282 339 879 583 
283 335 707 706 
284 452 711 503 
285 472 666 471 
286 467 668 464 
287 467 687 642 
288 586 771 523 
289 717 718 504 
290 324 800 643 
291 636 778 334 
292 387 683 530 
293 418 665 417 
294 716 738 737 
295 758 762 372 
296 703 704 502 
297 607 783 606 
298 470 696 473 
299 510 744 498 
300 709 822 710 
301 583 843 339 
302 299 786 137 
303 630 768 573 
304 523 771 658 
305 412 731 728 
306 801 910 837 
307 728 733 729 
308 731 732 728 
309 504 722 488 
310 679 750 552 
311 522 669 481 
312 414 732 731 
313 455 667 542 
314 398 715 414 
315 486 717 504 
316 567 816 583 
317 444 703 502 
318 419 689 545 
319 363 671 525 
320 698 699 384 
321 394 690 424 
322 694 695 469 
323 370 701 551 
324 705 713 502 
325 625 641 321 
326 508 653 555 
327 529 752 700 
328 305 617 616 
329 603 629 295 
330 304 631 626 
331 473 696 532 
332 699 754 384 
333 301 597 596 
334 476 679 479 
335 463 688 511 
336 423 702 420 
337 443 664 512 
338 414 736 732 
339 490 722 501 
340 523 658 354 
341 475 666 472 
342 580 668 642 
343 700 752 550 
344 663 766 662 
345 756 782 340 
346 383 683 387 
347 653 654 555 
348 582 587 306 
349 612 613 296 
350 464 668 462 
351 716 739 738 
352 421 665 418 
353 574 775 531 
354 316 846 794 
355 655 656 654 
356 847 882 135 
357 369 673 373 
358 468 687 467 
359 738 841 317 
360 720 903 308 
361 354 658 356 
362 379 698 384 
363 466 694 469 
364 691 739 690 
365 695 697 696 
366 797 821 312 
367 702 749 528 
368 14 751 302 
369 499 653 508 
370 529 700 433 
371 352 354 353 
372 495 659 516 
373 376 558 377 
374 66 349 65 
375 457 667 455 
376 365 671 363 
377 481 669 478 
378 559 647 638 
379 58 350 57 
380 683 754 530 
381 703 769 704 
382 416 689 419 
383 367 701 370 
384 469 696 470 
385 508 553 520 
386 558 559 377 
387 498 499 497 
388 459 688 463 
389 508 555 553 
390 25 792 777 
391 688 747 511 
392 359 376 375 
393 531 693 389 
394 376 377 375 
395 352 523 354 
396 99 348 100 
397 56 333 55 
398 499 508 500 
399 505 744 657 
400 371 673 369 
401 451 660 507 
402 24 777 335 
403 348 585 351 
404 718 719 504 
405 521 663 662 
406 706 797 335 
407 704 705 502 
408 68 331 67 
409 348 351 100 
410 496 497 495 
411 386 676 536 
412 329 594 147 
413 547 758 374 
414 388 676 386 
415 499 500 497 
416 839 859 763 
417 356 658 359 
418 573 682 538 
419 644 681 517 
420 721 872 323 
421 553 554 520 
422 146 329 147 
423 496 498 497 
424 516 670 493 
425 359 658 376 
426 54 328 53 
427 658 771 376 
428 508 520 500 
429 483 674 522 
430 395 675 425 
431 399 678 563 
432 742 744 510 
433 498 505 499 
434 356 359 358 
435 548 749 423 
436 417 677 411 
437 71 293 70 
438 612 648 613 
439 359 375 374 
440 617 618 616 
441 650 687 471 
442 497 659 495 
443 505 653 499 
444 493 670 491 
445 719 722 504 
446 559 638 560 
447 494 495 493 
448 495 516 493 
449 724 745 501 
450 376 771 558 
451 534 568 533 
452 543 578 544 
453 145 595 146 
454 556 589 549 
455 429 556 549 
456 477 533 475 
457 578 579 544 
458 373 541 540 
459 491 670 509 
460 429 549 421 
461 536 537 385 
462 534 569 568 
463 443 512 441 
464 483 522 481 
465 395 425 393 
466 477 534 533 
467 382 519 380 
468 399 563 397 
469 543 544 461 
470 447 561 445 
471 487 539 485 
472 407 680 405 
473 403 426 401 
474 451 507 449 
475 491 509 489 
476 391 676 388 
477 462 543 461 
478 401 678 399 
479 373 540 368 
480 413 680 407 
481 359 374 358 
482 485 674 483 
483 455 542 453 
484 397 675 395 
485 525 714 361 
486 409 413 407 
487 393 672 391 
488 426 678 401 
489 422 429 421 
490 459 461 457 
491 369 373 368 
492 416 417 411 
493 539 674 485 
494 563 675 397 
495 12 746 332 
496 381 382 380 
497 420 421 418 
498 383 385 382 
499 466 467 464 
500 386 536 385 
501 425 672 393 
502 492 493 491 
503 494 496 495 
504 476 477 475 
505 470 471 468 
506 379 380 371 
507 367 368 365 
508 363 525 361 
509 568 570 533 
510 699 755 754 
511 409 677 413 
512 39 334 38 
513 48 308 47 
514 41 311 40 
515 20 344 19 
516 29 337 28 
517 45 323 44 
518 90 341 89 
519 80 340 79 
520 86 338 85 
521 95 339 94 
522 43 342 42 
523 76 343 75 
524 51 327 50 
525 97 315 96 
526 63 309 62 
527 24 335 23 
528 27 316 26 
529 31 319 30 
530 74 320 73 
531 34 336 33 
532 78 310 77 
533 83 313 82 
534 36 314 35 
535 22 312 21 
536 18 324 3 
537 92 318 91 
538 60 326 59 
539 88 317 87 
540 4 345 98 
541 543 580 578 
542 474 475 472 
543 392 393 391 
544 434 435 432 
545 440 441 439 
546 411 677 409 
547 459 462 461 
548 394 395 393 
549 442 443 441 
550 482 483 481 
551 438 439 436 
552 390 391 388 
553 416 418 417 
554 396 397 395 
555 444 445 443 
556 484 485 483 
557 480 481 478 
558 361 714 357 
559 398 399 397 
560 446 447 445 
561 486 487 485 
562 589 590 549 
563 420 422 421 
564 466 468 467 
565 422 430 429 
566 526 684 635 
567 492 494 493 
568 400 401 399 
569 448 449 447 
570 488 489 487 
571 367 369 368 
572 354 355 353 
573 381 383 382 
574 379 381 380 
575 402 403 401 
576 709 710 708 
577 450 451 449 
578 707 708 705 
579 490 491 489 
580 470 472 471 
581 383 386 385 
582 404 405 403 
583 452 453 451 
584 434 436 435 
585 474 476 475 
586 406 407 405 
587 454 455 453 
588 718 720 719 
589 476 478 477 
590 591 785 590 
591 704 706 705 
592 408 409 407 
593 456 457 455 
594 438 440 439 
595 390 392 391 
596 392 394 393 
597 440 442 441 
598 410 411 409 
599 458 459 457 
600 480 482 481 
601 357 714 355 
602 672 676 391 
603 394 396 395 
604 415 416 411 
605 442 444 443 
606 482 484 483 
607 463 464 462 
608 396 398 397 
609 444 446 445 
610 484 486 485 
611 419 420 418 
612 465 466 464 
613 398 400 399 
614 446 448 447 
615 486 488 487 
616 370 371 369 
617 490 492 491 
618 103 622 104 
619 400 402 401 
620 469 470 468 
621 448 450 449 
622 488 490 489 
623 707 709 708 
624 378 379 371 
625 366 367 365 
626 102 624 103 
627 431 432 430 
628 402 404 403 
629 450 452 451 
630 364 365 363 
631 473 474 472 
632 101 325 102 
633 404 406 405 
634 452 454 453 
635 433 434 432 
636 387 388 386 
637 143 598 144 
638 406 408 407 
639 454 456 455 
640 459 463 462 
641 437 438 436 
642 706 707 705 
643 389 390 388 
644 408 410 409 
645 416 419 418 
646 718 721 720 
647 456 458 457 
648 123 619 124 
649 126 614 127 
650 125 615 126 
651 129 602 130 
652 128 604 129 
653 144 301 145 
654 136 299 137 
655 139 304 140 
656 133 294 134 
657 110 303 111 
658 104 307 105 
659 119 298 120 
660 122 322 123 
661 113 297 114 
662 141 321 142 
663 127 300 128 
664 140 625 141 
665 107 306 108 
666 130 295 131 
667 116 296 117 
668 124 305 125 
669 471 687 468 
670 362 363 361 
671 479 480 478 
672 410 685 535 
673 410 415 411 
674 535 567 566 
675 367 370 369 
676 643 644 517 
677 456 686 514 
678 466 469 468 
679 514 593 592 
680 647 860 292 
681 526 635 634 
682 572 573 538 
683 422 431 430 
684 307 575 105 
685 463 465 464 
686 379 384 381 
687 303 606 111 
688 297 609 114 
689 470 473 472 
690 419 423 420 
691 383 387 386 
692 402 731 412 
693 355 428 353 
694 535 685 567 
695 434 437 436 
696 448 713 460 
697 370 378 371 
698 408 685 410 
699 476 479 478 
700 741 742 510 
701 454 686 456 
702 514 686 593 
703 431 433 432 
704 412 728 727 
705 390 515 392 
706 440 506 442 
707 729 730 727 
708 364 366 365 
709 473 518 474 
710 375 521 374 
711 394 424 396 
712 490 501 492 
713 482 513 484 
714 400 731 402 
715 446 713 448 
716 360 361 357 
717 387 389 388 
718 444 502 446 
719 437 517 438 
720 398 414 400 
721 486 504 488 
722 479 552 538 
723 362 364 363 
724 448 460 450 
725 479 538 480 
726 437 550 517 
727 514 527 458 
728 402 412 404 
729 387 530 389 
730 473 532 518 
731 535 557 415 
732 452 503 454 
733 592 637 527 
734 431 528 433 
735 406 427 408 
736 511 747 584 
737 456 514 458 
738 410 535 415 
739 419 545 423 
740 354 356 355 
741 463 511 465 
742 650 666 570 
743 511 546 465 
744 530 574 531 
745 303 607 606 
746 545 548 423 
747 528 565 529 
748 728 729 727 
749 370 551 378 
750 528 529 433 
751 532 636 518 
752 511 584 546 
753 550 643 517 
754 552 572 538 
755 535 566 557 
756 514 592 527 
757 732 734 733 
758 530 531 389 
759 551 564 378 
760 364 526 366 
761 526 562 366 
762 723 725 724 
763 360 362 361 
764 412 727 726 
765 360 372 362 
766 723 724 501 
767 526 634 562 
768 356 358 357 
769 559 560 377 
770 500 659 497 
771 356 357 355 
772 375 663 521 
773 364 684 526 
774 358 360 357 
775 520 524 500 
776 740 741 510 
777 741 743 742 
778 732 733 728 
779 496 510 498 
780 565 645 529 
781 380 673 371 
782 727 735 726 
783 502 713 446 
784 565 904 646 
785 414 731 400 
786 503 686 454 
787 427 685 408 
788 14 302 13 
789 653 655 654 
790 521 547 374 
791 121 649 122 
792 362 684 364 
793 355 714 428 
794 722 723 501 
795 732 736 734 
796 695 696 469 
797 638 639 560 
798 377 663 375 
799 762 763 761 
800 368 671 365 
801 730 735 727 
802 524 659 500 
803 461 667 457 
804 15 330 16 
805 372 684 362 
806 635 889 320 
807 13 292 14 
808 16 346 15 
809 637 747 527 
810 478 669 477 
811 417 785 677 
812 696 697 532 
813 736 737 734 
814 519 673 380 
815 517 681 438 
816 11 347 12 
817 372 762 761 
818 440 681 506 
819 795 796 662 
820 538 682 480 
821 482 682 513 
822 515 692 691 
823 642 814 581 
824 560 663 377 
825 424 739 716 
826 521 662 661 
827 530 754 574 
828 16 640 17 
829 563 781 675 
830 12 332 11 
831 569 786 568 
832 69 795 68 
833 712 822 794 
834 458 688 459 
835 762 826 763 
836 665 785 417 
837 699 756 755 
838 17 632 16 
839 509 652 489 
840 415 689 416 
841 389 693 390 
842 366 701 367 
843 528 749 565 
844 549 665 421 
845 634 805 343 
846 533 666 475 
847 645 753 752 
848 462 668 543 
849 343 864 634 
850 540 671 368 
851 515 693 692 
852 374 758 358 
853 527 747 688 
854 61 810 60 
855 438 681 440 
856 544 667 461 
857 465 694 466 
858 360 758 372 
859 433 700 434 
860 293 796 70 
861 711 712 503 
862 378 698 379 
863 480 682 482 
864 477 669 534 
865 437 700 550 
866 521 661 547 
867 347 850 638 
868 646 888 309 
869 330 640 16 
870 384 754 683 
871 645 752 529 
872 381 683 383 
873 636 750 518 
874 16 632 346 
875 474 679 476 
876 313 813 82 
877 327 809 50 
878 338 812 85 
879 339 811 94 
880 420 702 422 
881 790 874 328 
882 431 702 528 
883 392 690 394 
884 826 839 763 
885 350 789 57 
886 93 787 92 
887 597 866 596 
888 527 688 458 
889 646 913 565 
890 304 848 631 
891 442 703 444 
892 717 772 718 
893 484 717 486 
894 396 715 398 
895 390 693 515 
896 712 793 503 
897 562 701 366 
898 64 886 753 
899 138 848 139 
900 557 689 415 
901 687 814 642 
902 133 823 294 
903 590 785 665 
904 569 877 631 
905 13 746 12 
906 15 751 14 
907 718 772 721 
908 753 891 64 
909 621 876 633 
910 590 665 549 
911 333 790 55 
912 501 745 492 
913 358 758 360 
914 406 726 427 
915 412 726 404 
916 654 836 555 
917 68 795 331 
918 570 666 533 
919 543 668 580 
920 496 740 510 
921 836 840 555 
922 518 750 679 
923 15 748 330 
924 372 761 684 
925 292 748 14 
926 434 700 437 
927 522 907 877 
928 780 829 695 
929 546 694 465 
930 712 794 793 
931 135 880 847 
932 542 893 629 
933 564 698 378 
934 309 913 646 
935 644 767 681 
936 710 822 712 
937 505 657 655 
938 531 774 693 
939 629 862 295 
940 573 768 682 
941 515 691 690 
942 626 899 641 
943 656 819 654 
944 303 765 607 
945 643 838 324 
946 651 865 329 
947 606 783 608 
948 312 821 784 
949 131 862 132 
950 384 683 381 
951 637 764 747 
952 599 892 509 
953 424 716 715 
954 506 769 703 
955 661 796 293 
956 60 810 326 
957 614 817 300 
958 92 787 318 
959 505 655 653 
960 70 796 69 
961 503 793 686 
962 723 851 725 
963 314 798 35 
964 344 800 19 
965 335 797 23 
966 342 807 42 
967 345 803 98 
968 326 808 59 
969 318 799 91 
970 341 804 89 
971 317 802 87 
972 340 801 79 
973 310 806 77 
974 343 805 75 
975 518 679 474 
976 453 660 451 
977 422 702 431 
978 14 748 15 
979 720 851 719 
980 82 813 81 
981 50 809 49 
982 85 812 84 
983 94 811 93 
984 293 826 661 
985 560 766 663 
986 542 660 453 
987 57 789 56 
988 557 759 689 
989 317 804 738 
990 562 760 701 
991 650 814 687 
992 26 792 25 
993 515 690 392 
994 685 816 567 
995 739 841 738 
996 627 852 618 
997 292 915 647 
998 754 755 574 
999 689 759 545 
1000 55 790 54 
1001 742 874 744 
1002 506 703 442 
1003 701 760 551 
1004 555 840 553 
1005 684 761 635 
1006 707 777 709 
1007 513 717 484 
1008 426 844 678 
1009 424 715 396 
1010 307 776 575 
1011 777 792 709 
1012 302 746 13 
1013 694 780 695 
1014 531 775 774 
1015 35 798 34 
1016 19 800 18 
1017 23 797 22 
1018 42 807 41 
1019 59 808 4 
1020 98 803 97 
1021 91 799 90 
1022 89 804 88 
1023 87 802 86 
1024 79 801 78 
1025 77 806 76 
1026 75 805 74 
1027 698 782 699 
1028 726 735 427 
1029 52 857 743 
1030 532 778 636 
1031 298 890 120 
1032 494 740 496 
1033 553 855 554 
1034 597 916 866 
1035 536 856 765 
1036 492 745 494 
1037 494 745 740 
1038 334 905 770 
1039 404 726 406 
1040 121 890 649 
1041 346 751 15 
1042 56 789 333 
1043 335 777 707 
1044 137 786 138 
1045 680 835 405 
1046 447 834 561 
1047 507 834 449 
1048 697 779 778 
1049 37 868 779 
1050 697 829 779 
1051 403 835 426 
1052 545 825 548 
1053 604 824 602 
1054 747 764 584 
1055 636 770 750 
1056 317 841 802 
1057 54 790 328 
1058 66 773 349 
1059 316 792 26 
1060 725 858 724 
1061 639 766 560 
1062 513 772 717 
1063 768 772 513 
1064 681 767 506 
1065 373 842 541 
1066 677 863 413 
1067 350 815 789 
1068 435 852 627 
1069 724 788 745 
1070 670 916 599 
1071 682 768 513 
1072 623 828 776 
1073 1 895 58 
1074 563 831 781 
1075 10 895 1 
1076 519 842 673 
1077 784 821 769 
1078 571 814 650 
1079 746 819 332 
1080 413 863 648 
1081 693 774 692 
1082 41 807 311 
1083 22 797 312 
1084 90 799 341 
1085 4 808 345 
1086 97 803 315 
1087 88 804 317 
1088 86 802 338 
1089 18 800 324 
1090 34 798 336 
1091 76 806 343 
1092 78 801 310 
1093 74 805 320 
1094 704 821 706 
1095 550 838 643 
1096 740 788 741 
1097 634 864 562 
1098 487 652 539 
1099 767 769 506 
1100 655 791 656 
1101 566 870 557 
1102 686 793 593 
1103 661 826 547 
1104 32 827 31 
1105 676 856 536 
1106 559 860 647 
1107 10 832 11 
1108 11 833 10 
1109 583 879 315 
1110 382 854 519 
1111 436 852 435 
1112 537 854 385 
1113 632 885 594 
1114 767 784 769 
1115 697 778 532 
1116 552 849 572 
1117 69 796 795 
1118 323 908 721 
1119 671 828 525 
1120 578 823 579 
1121 855 867 554 
1122 841 869 802 
1123 522 877 669 
1124 753 838 752 
1125 65 894 1 
1126 647 915 347 
1127 427 816 685 
1128 771 820 558 
1129 524 866 659 
1130 311 849 770 
1131 667 893 542 
1132 819 836 654 
1133 581 880 294 
1134 741 896 743 
1135 745 788 740 
1136 32 881 827 
1137 342 900 630 
1138 489 652 487 
1139 546 780 694 
1140 584 830 546 
1141 297 831 609 
1142 630 900 323 
1143 93 811 787 
1144 564 782 698 
1145 1 894 10 
1146 810 888 646 
1147 429 876 556 
1148 347 915 12 
1149 72 839 71 
1150 840 855 553 
1151 809 858 725 
1152 594 885 148 
1153 534 877 569 
1154 832 850 347 
1155 899 907 674 
1156 525 878 714 
1157 20 845 344 
1158 312 845 21 
1159 760 837 551 
1160 657 791 655 
1161 547 826 762 
1162 337 846 28 
1163 27 846 316 
1164 781 831 297 
1165 524 902 651 
1166 132 823 133 
1167 331 773 67 
1168 599 916 597 
1169 512 901 441 
1170 579 893 544 
1171 626 907 899 
1172 695 829 697 
1173 586 820 771 
1174 756 813 755 
1175 520 902 524 
1176 53 857 52 
1177 769 821 704 
1178 877 907 631 
1179 73 859 72 
1180 340 917 756 
1181 678 831 563 
1182 17 884 2 
1183 2 885 17 
1184 48 861 308 
1185 319 827 637 
1186 293 839 826 
1187 135 882 136 
1188 2 884 99 
1189 148 885 2 
1190 784 845 312 
1191 46 908 45 
1192 299 882 571 
1193 83 871 313 
1194 735 816 427 
1195 651 902 865 
1196 770 849 750 
1197 749 904 565 
1198 751 840 302 
1199 449 834 447 
1200 743 857 742 
1201 302 840 836 
1202 95 879 339 
1203 315 879 96 
1204 336 881 33 
1205 313 871 775 
1206 405 835 403 
1207 820 860 558 
1208 80 917 340 
1209 309 891 645 
1210 772 872 721 
1211 39 905 334 
1212 637 827 764 
1213 31 827 319 
1214 323 872 630 
1215 309 888 62 
1216 3 886 64 
1217 780 909 829 
1218 673 842 373 
1219 64 891 63 
1220 746 836 819 
1221 43 900 342 
1222 323 900 44 
1223 13 915 292 
1224 827 881 764 
1225 47 903 46 
1226 814 847 581 
1227 585 873 586 
1228 67 773 66 
1229 770 905 311 
1230 719 851 723 
1231 311 905 40 
1232 61 888 810 
1233 71 839 293 
1234 38 868 37 
1235 852 901 618 
1236 759 825 545 
1237 820 897 748 
1238 551 837 564 
1239 327 858 809 
1240 11 832 347 
1241 845 883 344 
1242 332 833 11 
1243 776 828 540 
1244 546 830 780 
1245 645 891 753 
1246 752 838 550 
1247 21 845 20 
1248 302 836 746 
1249 28 846 27 
1250 798 830 336 
1251 607 912 783 
1252 609 844 610 
1253 641 899 539 
1254 294 880 134 
1255 348 884 640 
1256 601 892 600 
1257 691 841 739 
1258 540 828 671 
1259 730 843 735 
1260 809 861 49 
1261 439 852 436 
1262 756 917 813 
1263 591 863 785 
1264 385 854 382 
1265 812 871 84 
1266 672 856 676 
1267 139 848 304 
1268 328 857 53 
1269 134 880 135 
1270 873 897 586 
1271 638 850 639 
1272 558 860 559 
1273 750 849 552 
1274 816 843 583 
1275 794 875 793 
1276 785 863 677 
1277 765 856 607 
1278 334 868 38 
1279 320 859 73 
1280 659 866 516 
1281 898 904 548 
1282 853 908 46 
1283 721 853 720 
1284 751 855 840 
1285 725 861 809 
1286 778 868 334 
1287 49 861 48 
1288 644 883 767 
1289 735 843 816 
1290 600 892 599 
1291 813 917 81 
1292 691 869 841 
1293 806 864 343 
1294 571 847 814 
1295 554 867 865 
1296 630 872 768 
1297 99 884 348 
1298 333 887 791 
1299 866 916 516 
1300 784 883 845 
1301 295 862 131 
1302 856 912 607 
1303 753 886 838 
1304 346 867 855 
1305 329 865 594 
1306 439 901 852 
1307 672 912 856 
1308 84 871 83 
1309 837 910 564 
1310 346 855 751 
1311 136 882 299 
1312 562 864 760 
1313 645 913 309 
1314 330 897 873 
1315 674 907 522 
1316 46 903 853 
1317 632 867 346 
1318 557 870 759 
1319 692 869 691 
1320 869 906 338 
1321 430 876 429 
1322 724 858 788 
1323 349 850 832 
1324 761 889 635 
1325 96 879 95 
1326 330 873 640 
1327 779 868 778 
1328 33 881 32 
1329 789 887 333 
1330 763 889 761 
1331 768 872 772 
1332 692 906 869 
1333 669 877 534 
1334 714 878 428 
1335 340 910 801 
1336 802 869 338 
1337 660 914 507 
1338 565 913 645 
1339 349 894 65 
1340 829 909 314 
1341 744 874 657 
1342 324 886 3 
1343 806 911 864 
1344 783 912 425 
1345 62 888 61 
1346 58 895 350 
1347 833 895 10 
1348 539 899 674 
1349 10 894 832 
1350 640 884 17 
1351 17 885 632 
1352 63 891 309 
1353 810 898 326 
1354 791 887 656 
1355 760 911 837 
1356 812 906 774 
1357 120 890 121 
1358 441 901 439 
1359 44 900 43 
1360 544 893 667 
1361 825 898 548 
1362 308 903 47 
1363 554 902 520 
1364 548 904 749 
1365 40 905 39 
1366 830 909 780 
1367 631 907 626 
1368 748 897 330 
1369 516 916 670 
1370 45 908 323 
1371 656 887 815 
1372 425 912 672 
1373 81 917 80 
1374 838 886 324 
1375 327 896 858 
1376 793 875 593 
1377 12 915 13 
1378 815 887 789 
1379 767 883 784 
1380 782 910 340 
1381 798 909 830 
1382 338 906 812 
1383 864 911 760 
1384 326 898 825 
1385 788 896 741 
1386 603 914 660 
1387 314 909 798 
1388 847 880 581 
1389 310 911 806 
1390 586 897 820 
1391 865 902 554 
1392 774 906 692 
1393 832 894 349 
1394 564 910 782 
1395 853 903 720 
1396 350 895 833 
1397 859 889 763 
1398 571 882 847 
1399 721 908 853 
1400 837 911 310 
1401 858 896 788 
1402 507 914 824 
1403 320 889 859 
2 2 2 170
1404 149 958 5 
1405 1 958 149 
1406 6 959 191 
1407 191 959 3 
1408 5 958 190 
1409 58 958 1 
1410 150 959 6 
1411 3 959 18 
1412 171 940 921 
1413 934 953 31 
1414 177 941 923 
1415 152 951 942 
1416 182 948 926 
1417 156 946 945 
1418 180 936 918 
1419 55 919 56 
1420 180 918 179 
1421 167 922 166 
1422 922 939 166 
1423 171 921 170 
1424 923 930 176 
1425 40 920 41 
1426 161 938 924 
1427 921 932 170 
1428 177 923 176 
1429 918 927 179 
1430 161 924 160 
1431 26 947 944 
1432 152 942 151 
1433 22 943 23 
1434 182 926 181 
1435 26 944 27 
1436 57 933 58 
1437 942 952 151 
1438 32 925 33 
1439 42 929 43 
1440 30 934 31 
1441 179 927 178 
1442 35 935 36 
1443 162 938 161 
1444 174 928 173 
1445 169 931 168 
1446 166 939 165 
1447 169 932 931 
1448 154 949 153 
1449 170 932 169 
1450 151 952 150 
1451 176 930 175 
1452 25 947 26 
1453 944 950 27 
1454 156 945 155 
1455 51 954 52 
1456 189 937 188 
1457 27 950 28 
1458 185 956 184 
1459 186 957 185 
1460 955 957 186 
1461 185 957 956 
1462 187 955 186 
1463 921 940 39 
1464 163 953 934 
1465 923 941 45 
1466 942 951 20 
1467 926 948 50 
1468 945 946 24 
1469 918 936 48 
1470 55 955 919 
1471 919 937 56 
1472 925 939 33 
1473 165 939 925 
1474 919 955 187 
1475 943 945 23 
1476 155 945 943 
1477 188 937 919 
1478 36 935 931 
1479 928 929 42 
1480 922 935 35 
1481 929 930 43 
1482 57 937 933 
1483 167 935 922 
1484 931 935 168 
1485 920 928 41 
1486 174 929 928 
1487 175 930 929 
1488 954 956 52 
1489 173 928 920 
1490 943 949 154 
1491 22 949 943 
1492 30 938 934 
1493 934 938 162 
1494 924 950 160 
1495 28 950 924 
1496 933 937 189 
1497 184 956 954 
1498 50 948 51 
1499 183 948 182 
1500 48 936 49 
1501 181 936 180 
1502 178 941 177 
1503 45 941 46 
1504 172 940 171 
1505 39 940 40 
1506 24 946 25 
1507 153 951 152 
1508 31 953 32 
1509 157 946 156 
1510 20 951 21 
1511 164 953 163 
1512 926 936 181 
1513 946 947 25 
1514 948 954 51 
1515 949 951 153 
1516 927 941 178 
1517 32 953 925 
1518 40 940 920 
1519 38 921 39 
1520 38 932 921 
1521 34 939 922 
1522 44 930 923 
1523 44 923 45 
1524 47 918 48 
1525 173 920 172 
1526 47 927 918 
1527 188 919 187 
1528 34 922 35 
1529 924 938 29 
1530 944 947 158 
1531 28 924 29 
1532 19 942 20 
1533 163 934 162 
1534 49 926 50 
1535 159 944 158 
1536 165 925 164 
1537 56 937 57 
1538 19 952 942 
1539 190 933 189 
1540 155 943 154 
1541 43 930 44 
1542 36 931 37 
1543 41 928 42 
1544 37 932 38 
1545 931 932 37 
1546 46 927 47 
1547 21 949 22 
1548 33 939 34 
1549 29 938 30 
1550 53 957 54 
1551 168 935 167 
1552 18 952 19 
1553 175 929 174 
1554 956 957 53 
1555 54 957 955 
1556 159 950 944 
1557 54 955 55 
1558 52 956 53 
1559 184 954 183 
1560 23 945 24 
1561 160 950 159 
1562 158 947 157 
1563 49 936 926 
1564 157 947 946 
1565 183 954 948 
1566 21 951 949 
1567 46 941 927 
1568 925 953 164 
1569 920 940 172 
1570 952 959 150 
1571 933 958 58 
1572 18 959 952 
1573 190 958 933 
2 3 2 30
1574 198 965 4 
1575 7 965 198 
1576 191 966 6 
1577 3 966 191 
1578 192 965 7 
1579 4 965 59 
1580 6 966 197 
1581 64 966 3 
1582 60 960 61 
1583 60 963 960 
1584 62 961 63 
1585 195 962 194 
1586 197 964 196 
1587 59 963 60 
1588 961 962 195 
1589 194 962 960 
1590 960 962 61 
1591 62 962 961 
1592 196 964 961 
1593 961 964 63 
1594 194 960 193 
1595 960 963 193 
1596 196 961 195 
1597 63 964 64 
1598 61 962 62 
1599 193 963 192 
1600 197 966 964 
1601 59 965 963 
1602 964 966 64 
1603 963 965 192 
2 4 2 142
1604 4 1000 198 
1605 198 1000 7 
1606 5 1001 149 
1607 149 1001 1 
1608 199 1001 5 
1609 7 1000 232 
1610 1 1001 65 
1611 98 1000 4 
1612 201 989 987 
1613 979 998 73 
1614 968 985 94 
1615 967 969 231 
1616 232 967 231 
1617 230 971 229 
1618 969 971 230 
1619 90 970 91 
1620 93 968 94 
1621 972 976 226 
1622 90 993 970 
1623 231 969 230 
1624 218 974 217 
1625 212 999 211 
1626 974 996 217 
1627 88 973 89 
1628 72 979 73 
1629 86 975 87 
1630 218 983 974 
1631 982 983 219 
1632 211 990 210 
1633 226 976 225 
1634 70 981 71 
1635 204 978 203 
1636 203 977 202 
1637 220 982 219 
1638 203 978 977 
1639 994 997 209 
1640 214 991 213 
1641 78 986 79 
1642 200 988 199 
1643 222 984 221 
1644 219 983 218 
1645 987 988 200 
1646 217 996 216 
1647 80 995 81 
1648 216 996 992 
1649 201 987 200 
1650 209 997 208 
1651 211 999 990 
1652 216 992 215 
1653 227 972 226 
1654 89 993 90 
1655 973 993 89 
1656 210 994 209 
1657 206 980 205 
1658 990 994 210 
1659 207 998 979 
1660 987 989 67 
1661 228 985 968 
1662 980 981 205 
1663 221 984 975 
1664 213 991 986 
1665 78 999 986 
1666 986 991 79 
1667 986 999 212 
1668 88 984 973 
1669 71 981 980 
1670 975 984 87 
1671 979 980 206 
1672 973 984 222 
1673 225 976 970 
1674 975 982 220 
1675 978 981 70 
1676 214 995 991 
1677 968 972 227 
1678 204 981 978 
1679 991 995 80 
1680 970 976 91 
1681 93 972 968 
1682 72 980 979 
1683 86 982 975 
1684 81 995 992 
1685 992 995 215 
1686 67 989 68 
1687 202 989 201 
1688 229 985 228 
1689 208 998 207 
1690 94 985 95 
1691 73 998 74 
1692 971 985 229 
1693 977 989 202 
1694 997 998 208 
1695 225 970 224 
1696 97 969 967 
1697 970 993 224 
1698 92 976 972 
1699 228 968 227 
1700 221 975 220 
1701 95 971 96 
1702 223 973 222 
1703 83 974 84 
1704 96 971 969 
1705 207 979 206 
1706 85 983 982 
1707 96 969 97 
1708 213 986 212 
1709 83 996 974 
1710 92 972 93 
1711 69 978 70 
1712 71 980 72 
1713 974 983 84 
1714 85 982 86 
1715 977 978 69 
1716 68 977 69 
1717 79 991 80 
1718 87 984 88 
1719 91 976 92 
1720 65 988 66 
1721 992 996 82 
1722 84 983 85 
1723 97 967 98 
1724 66 987 67 
1725 66 988 987 
1726 81 992 82 
1727 223 993 973 
1728 74 997 75 
1729 75 997 994 
1730 82 996 83 
1731 205 981 204 
1732 75 994 76 
1733 215 995 214 
1734 224 993 223 
1735 76 994 990 
1736 76 990 77 
1737 990 999 77 
1738 77 999 78 
1739 95 985 971 
1740 74 998 997 
1741 68 989 977 
1742 988 1001 199 
1743 232 1000 967 
1744 65 1001 988 
1745 967 1000 98 
2 5 2 509
1746 1117 1118 1015 
1747 114 1206 1007 
1748 1175 1199 1169 
1749 1169 1199 1017 
1750 1008 1198 1162 
1751 1162 1198 1183 
1752 1118 1126 1015 
1753 1018 1193 1111 
1754 1011 1121 1114 
1755 1011 1230 1121 
1756 1115 1119 1009 
1757 1111 1220 1018 
1758 1016 1202 1124 
1759 1114 1122 1011 
1760 1019 1194 1112 
1761 1007 1206 1185 
1762 1202 1204 1124 
1763 1009 1127 1115 
1764 1167 1209 1191 
1765 1167 1201 1186 
1766 1126 1137 1022 
1767 1147 1208 1004 
1768 1004 1210 1147 
1769 1015 1189 1117 
1770 115 1206 114 
1771 1118 1137 1126 
1772 1182 1196 1013 
1773 1112 1204 1019 
1774 1120 1224 1014 
1775 1133 1134 1002 
1776 1021 1126 1022 
1777 1191 1209 1006 
1778 1182 1212 1196 
1779 1014 1205 1120 
1780 1194 1221 1112 
1781 1193 1224 1111 
1782 2 1211 1121 
1783 1121 1230 2 
1784 1085 1127 1106 
1785 1115 1127 1085 
1786 1186 1201 1012 
1787 1090 1164 1131 
1788 1134 1135 1002 
1789 1114 1131 1122 
1790 118 1213 1130 
1791 1004 1208 1123 
1792 1130 1228 118 
1793 1090 1131 1114 
1794 1131 1164 1068 
1795 1119 1231 1009 
1796 1068 1132 1131 
1797 1068 1180 1132 
1798 1137 1179 1027 
1799 1118 1179 1137 
1800 1128 1213 1003 
1801 1024 1137 1027 
1802 1136 1138 1107 
1803 1131 1132 1122 
1804 1111 1136 1107 
1805 1025 1138 1136 
1806 1029 1142 1138 
1807 1132 1133 1122 
1808 1138 1142 1107 
1809 1029 1138 1026 
1810 1132 1134 1133 
1811 1093 1179 1094 
1812 1140 1179 1093 
1813 1140 1178 1031 
1814 1094 1179 1118 
1815 1093 1178 1140 
1816 1028 1140 1031 
1817 1142 1160 1086 
1818 1107 1142 1086 
1819 1139 1160 1142 
1820 1139 1142 1029 
1821 1030 1139 1029 
1822 1096 1178 1076 
1823 1143 1178 1096 
1824 1143 1152 1035 
1825 1076 1178 1093 
1826 1096 1152 1143 
1827 1082 1160 1080 
1828 1032 1143 1035 
1829 1033 1141 1139 
1830 1086 1160 1082 
1831 1080 1160 1141 
1832 1141 1160 1139 
1833 1033 1151 1141 
1834 1034 1151 1033 
1835 1152 1163 1095 
1836 1149 1152 1095 
1837 1096 1163 1152 
1838 1035 1152 1149 
1839 1146 1158 1105 
1840 1145 1158 1146 
1841 1065 1158 1145 
1842 1078 1151 1046 
1843 1035 1149 1036 
1844 1145 1176 1065 
1845 1097 1150 1144 
1846 1141 1151 1078 
1847 1150 1153 1144 
1848 1144 1176 1097 
1849 1065 1176 1144 
1850 1046 1151 1037 
1851 1098 1176 1101 
1852 1148 1153 1150 
1853 1040 1148 1049 
1854 1101 1176 1145 
1855 1097 1176 1098 
1856 1148 1150 1049 
1857 1038 1148 1040 
1858 1095 1159 1149 
1859 1051 1150 1097 
1860 1049 1150 1051 
1861 1149 1159 1039 
1862 1129 1175 1174 
1863 1103 1177 1102 
1864 1048 1157 1079 
1865 1174 1177 1129 
1866 1041 1153 1148 
1867 1102 1177 1157 
1868 1079 1157 1083 
1869 1129 1177 1103 
1870 1156 1157 1048 
1871 1045 1159 1058 
1872 1056 1156 1050 
1873 1058 1159 1095 
1874 1102 1156 1056 
1875 1157 1177 1083 
1876 1050 1156 1047 
1877 1042 1159 1045 
1878 1083 1177 1174 
1879 1144 1153 1063 
1880 1066 1154 1088 
1881 1092 1155 1154 
1882 1154 1155 1088 
1883 1063 1153 1043 
1884 1066 1165 1154 
1885 1102 1157 1156 
1886 1052 1165 1066 
1887 145 1002 144 
1888 1044 1165 1052 
1889 1074 1172 1075 
1890 148 1011 147 
1891 107 1004 106 
1892 1099 1170 1057 
1893 1077 1166 1072 
1894 1075 1172 1108 
1895 1110 1166 1077 
1896 1075 1108 1103 
1897 1090 1114 1109 
1898 114 1007 113 
1899 1068 1164 1059 
1900 1067 1090 1089 
1901 1071 1072 1070 
1902 1145 1146 1125 
1903 104 1013 103 
1904 117 1010 116 
1905 136 1015 135 
1906 1054 1067 1053 
1907 1087 1165 1053 
1908 1059 1164 1054 
1909 1057 1170 1055 
1910 1073 1158 1064 
1911 1067 1089 1087 
1912 1071 1076 1072 
1913 1105 1158 1073 
1914 1114 1121 1109 
1915 1146 1147 1125 
1916 133 1005 132 
1917 1079 1083 1081 
1918 1084 1168 1116 
1919 1098 1100 1099 
1920 1064 1158 1065 
1921 1075 1103 1102 
1922 1094 1110 1077 
1923 1085 1086 1082 
1924 1106 1107 1086 
1925 1094 1118 1117 
1926 1106 1111 1107 
1927 1113 1171 1170 
1928 1168 1169 1116 
1929 110 1016 109 
1930 126 1009 125 
1931 139 1006 138 
1932 1067 1087 1053 
1933 1058 1059 1054 
1934 1055 1074 1056 
1935 1058 1060 1059 
1936 1061 1068 1059 
1937 1060 1062 1061 
1938 1062 1071 1070 
1939 1067 1164 1090 
1940 1072 1091 1070 
1941 1091 1161 1070 
1942 1104 1105 1073 
1943 1171 1172 1074 
1944 1093 1094 1077 
1945 1081 1082 1080 
1946 1081 1168 1084 
1947 1108 1128 1103 
1948 123 1017 122 
1949 142 1012 141 
1950 1045 1058 1054 
1951 1055 1056 1050 
1952 1054 1164 1067 
1953 1095 1163 1060 
1954 1071 1163 1096 
1955 1088 1104 1073 
1956 1154 1165 1087 
1957 1094 1117 1110 
1958 1098 1101 1100 
1959 1116 1119 1115 
1960 100 1008 99 
1961 1053 1165 1044 
1962 1045 1054 1053 
1963 1051 1055 1050 
1964 1051 1057 1055 
1965 1055 1170 1074 
1966 1075 1102 1056 
1967 1097 1098 1057 
1968 1058 1095 1060 
1969 1060 1061 1059 
1970 1062 1163 1071 
1971 1070 1161 1069 
1972 1071 1096 1076 
1973 1080 1141 1078 
1974 1084 1116 1115 
1975 1089 1092 1087 
1976 1089 1162 1092 
1977 102 1020 101 
1978 1052 1063 1043 
1979 1045 1053 1044 
1980 1074 1075 1056 
1981 1098 1099 1057 
1982 1064 1065 1063 
1983 1065 1144 1063 
1984 1066 1073 1064 
1985 1081 1084 1082 
1986 1092 1154 1087 
1987 1090 1109 1089 
1988 1100 1112 1099 
1989 1112 1113 1099 
1990 1113 1170 1099 
1991 1101 1124 1100 
1992 1101 1125 1124 
1993 1128 1129 1103 
1994 1104 1123 1105 
1995 1052 1066 1064 
1996 1066 1088 1073 
1997 1170 1171 1074 
1998 1079 1081 1080 
1999 1085 1106 1086 
2000 1109 1162 1089 
2001 1171 1173 1172 
2002 112 1019 111 
2003 130 1014 129 
2004 1052 1064 1063 
2005 1060 1163 1062 
2006 1062 1070 1069 
2007 1076 1077 1072 
2008 1084 1085 1082 
2009 1084 1115 1085 
2010 1101 1145 1125 
2011 1108 1130 1128 
2012 1168 1174 1169 
2013 128 1018 127 
2014 1062 1069 1061 
2015 1076 1093 1077 
2016 1166 1167 1091 
2017 1174 1175 1169 
2018 1051 1097 1057 
2019 1079 1080 1078 
2020 1083 1168 1081 
2021 120 1003 119 
2022 1072 1166 1091 
2023 1042 1045 1044 
2024 1083 1174 1168 
2025 1049 1051 1050 
2026 1044 1052 1043 
2027 1048 1079 1078 
2028 1049 1050 1047 
2029 1048 1078 1046 
2030 1042 1044 1043 
2031 1043 1153 1041 
2032 1047 1156 1048 
2033 1047 1048 1046 
2034 1040 1049 1047 
2035 1039 1159 1042 
2036 1042 1043 1041 
2037 1040 1047 1046 
2038 1041 1148 1038 
2039 1039 1042 1041 
2040 1039 1041 1038 
2041 1040 1046 1037 
2042 1036 1149 1039 
2043 1038 1040 1037 
2044 1036 1039 1038 
2045 1037 1151 1034 
2046 1036 1038 1037 
2047 1036 1037 1034 
2048 1035 1036 1034 
2049 1032 1035 1034 
2050 1032 1034 1033 
2051 1033 1139 1030 
2052 1031 1143 1032 
2053 1032 1033 1030 
2054 1031 1178 1143 
2055 1031 1032 1030 
2056 1028 1031 1030 
2057 1028 1030 1029 
2058 1028 1029 1026 
2059 1027 1140 1028 
2060 1027 1179 1140 
2061 1027 1028 1026 
2062 1024 1027 1026 
2063 1026 1138 1025 
2064 1025 1136 1120 
2065 1024 1026 1025 
2066 1025 1120 1023 
2067 1022 1137 1024 
2068 1024 1025 1023 
2069 1132 1180 1134 
2070 1022 1024 1023 
2071 1061 1180 1068 
2072 1123 1216 1004 
2073 1069 1180 1061 
2074 147 1190 146 
2075 1088 1182 1104 
2076 1191 1201 1167 
2077 1022 1023 1005 
2078 1120 1184 1023 
2079 1092 1183 1155 
2080 1180 1181 1134 
2081 1161 1181 1069 
2082 132 1184 131 
2083 1005 1184 132 
2084 1175 1200 1199 
2085 1012 1187 1186 
2086 1161 1187 1181 
2087 1134 1181 1135 
2088 1113 1185 1171 
2089 1167 1186 1091 
2090 1069 1181 1180 
2091 1003 1215 1128 
2092 1155 1182 1088 
2093 1130 1213 1128 
2094 1181 1187 1135 
2095 1010 1214 1173 
2096 1113 1221 1185 
2097 1183 1198 1020 
2098 1009 1192 1127 
2099 1011 1190 147 
2100 1162 1183 1092 
2101 1122 1190 1011 
2102 1187 1203 1135 
2103 1100 1204 1112 
2104 1171 1185 1173 
2105 1091 1186 1161 
2106 1124 1217 1016 
2107 137 1189 136 
2108 136 1189 1015 
2109 1023 1184 1005 
2110 1214 1228 1130 
2111 1002 1218 1133 
2112 1012 1203 1187 
2113 1117 1188 1110 
2114 1146 1208 1147 
2115 1123 1208 1105 
2116 1185 1221 1007 
2117 1166 1209 1167 
2118 1014 1224 1193 
2119 1173 1214 1172 
2120 1108 1214 1130 
2121 1128 1215 1129 
2122 1021 1022 1005 
2123 1136 1224 1120 
2124 1162 1226 1008 
2125 1192 1220 1127 
2126 1106 1220 1111 
2127 1133 1190 1122 
2128 1186 1187 1161 
2129 1017 1225 1169 
2130 1104 1223 1123 
2131 1117 1189 1188 
2132 140 1191 139 
2133 139 1191 1006 
2134 134 1021 133 
2135 1013 1196 103 
2136 109 1197 108 
2137 103 1196 102 
2138 1018 1192 127 
2139 100 1198 1008 
2140 102 1196 1020 
2141 112 1194 1019 
2142 120 1200 1003 
2143 113 1194 112 
2144 121 1200 120 
2145 1007 1194 113 
2146 127 1192 126 
2147 1016 1197 109 
2148 128 1193 1018 
2149 1020 1198 101 
2150 104 1195 1013 
2151 111 1202 110 
2152 1014 1193 129 
2153 101 1198 100 
2154 105 1195 104 
2155 133 1021 1005 
2156 1012 1201 141 
2157 1017 1199 122 
2158 126 1192 1009 
2159 129 1193 128 
2160 1019 1202 111 
2161 141 1201 140 
2162 110 1202 1016 
2163 122 1199 121 
2164 1126 1219 1015 
2165 142 1203 1012 
2166 1203 1222 1135 
2167 1021 1219 1126 
2168 1188 1209 1110 
2169 1006 1209 1188 
2170 143 1203 142 
2171 1018 1220 1192 
2172 1123 1223 1195 
2173 124 1207 123 
2174 130 1205 1014 
2175 1120 1205 1184 
2176 131 1205 130 
2177 107 1210 1004 
2178 1135 1222 1002 
2179 1124 1204 1100 
2180 99 1211 2 
2181 1183 1212 1155 
2182 119 1213 118 
2183 1116 1225 1119 
2184 1173 1227 1010 
2185 1004 1216 106 
2186 145 1218 1002 
2187 1015 1219 135 
2188 1002 1222 144 
2189 1009 1231 125 
2190 2 1230 148 
2191 1006 1229 138 
2192 118 1228 117 
2193 116 1227 115 
2194 1010 1228 1214 
2195 1147 1217 1125 
2196 124 1231 1207 
2197 1175 1215 1200 
2198 1125 1217 1124 
2199 1155 1212 1182 
2200 1121 1226 1109 
2201 1020 1212 1183 
2202 1184 1205 131 
2203 1199 1200 121 
2204 140 1201 1191 
2205 1019 1204 1202 
2206 123 1207 1017 
2207 1190 1218 146 
2208 1127 1220 1106 
2209 1105 1208 1146 
2210 1110 1209 1166 
2211 1195 1216 1123 
2212 108 1210 107 
2213 1147 1210 1197 
2214 1188 1229 1006 
2215 1008 1211 99 
2216 1207 1231 1119 
2217 1197 1217 1147 
2218 1109 1226 1162 
2219 1003 1213 119 
2220 1172 1214 1108 
2221 1129 1215 1175 
2222 1197 1210 108 
2223 106 1216 105 
2224 1189 1229 1188 
2225 1169 1225 1116 
2226 146 1218 145 
2227 135 1219 134 
2228 1182 1223 1104 
2229 1185 1206 1173 
2230 105 1216 1195 
2231 1112 1221 1113 
2232 1133 1218 1190 
2233 134 1219 1021 
2234 144 1222 143 
2235 137 1229 1189 
2236 143 1222 1203 
2237 1111 1224 1136 
2238 1119 1225 1207 
2239 1010 1227 116 
2240 117 1228 1010 
2241 138 1229 137 
2242 148 1230 1011 
2243 125 1231 124 
2244 115 1227 1206 
2245 1013 1223 1182 
2246 1007 1221 1194 
2247 1200 1215 1003 
2248 1211 1226 1121 
2249 1196 1212 1020 
2250 1016 1217 1197 
2251 1195 1223 1013 
2252 1206 1227 1173 
2253 1207 1225 1017 
2254 1008 1226 1211 
2 6 2 839
2255 1342 1379 1459 
2256 1367 1407 1462 
2257 1408 1499 1511 
2258 1499 1260 1511 
2259 1274 1354 1442 
2260 1379 1342 1458 
2261 1407 1367 1461 
2262 1355 1316 1441 
2263 1334 1332 1422 
2264 1359 1357 1424 
2265 1384 1382 1423 
2266 1305 1303 1395 
2267 1316 1355 1440 
2268 1380 1500 1510 
2269 256 1236 1369 
2270 242 1237 1399 
2271 1338 1334 1422 
2272 1363 1359 1424 
2273 1388 1384 1423 
2274 1266 1331 1469 
2275 1305 1395 1396 
2276 1244 1309 1311 
2277 1331 1266 1577 
2278 1500 1257 1510 
2279 1415 1390 1539 
2280 1234 1415 1539 
2281 1369 1236 1370 
2282 1399 1237 1400 
2283 1354 1274 1491 
2284 1497 1343 1523 
2285 1480 1437 1514 
2286 1309 1244 1446 
2287 1253 1354 1491 
2288 189 188 1484 
2289 1296 1520 1540 
2290 1354 1253 1513 
2291 1520 1238 1540 
2292 1486 1454 1502 
2293 1251 1497 1523 
2294 1493 1419 1521 
2295 1391 1522 1527 
2296 1428 1289 1541 
2297 1252 1330 1552 
2298 1408 1277 1499 
2299 241 7 1553 
2300 258 1381 1463 
2301 1354 1347 1442 
2302 1329 1512 1533 
2303 1512 1252 1533 
2304 1330 1252 1512 
2305 1405 1401 1430 
2306 1441 1481 1516 
2307 1277 1408 1457 
2308 1416 1480 1514 
2309 1401 1237 1430 
2310 1504 1317 1505 
2311 1255 1493 1521 
2312 1288 1289 1428 
2313 155 154 1476 
2314 1380 1276 1500 
2315 1429 1341 1507 
2316 1286 1281 1287 
2317 1450 1267 1451 
2318 1346 1349 1431 
2319 1321 1324 1432 
2320 1361 1396 1544 
2321 1396 1361 1530 
2322 1343 1280 1455 
2323 184 183 1503 
2324 1276 1380 1465 
2325 1522 1254 1527 
2326 1381 258 1547 
2327 7 232 1553 
2328 1344 1346 1431 
2329 1318 1321 1432 
2330 1320 1247 1412 
2331 1234 1410 1415 
2332 1320 1412 1413 
2333 1332 252 1422 
2334 1357 289 1424 
2335 1382 272 1423 
2336 1303 286 1395 
2337 1253 1356 1513 
2338 214 213 1482 
2339 179 178 1483 
2340 1417 1261 1487 
2341 1256 1447 1518 
2342 1271 1420 1437 
2343 1507 1341 1559 
2344 1248 1394 1467 
2345 156 1267 1452 
2346 1419 1278 1453 
2347 171 170 1444 
2348 1282 1296 1540 
2349 1267 1450 1452 
2350 5 190 1485 
2351 157 156 1452 
2352 237 8 1301 
2353 1272 1421 1494 
2354 1356 1253 1536 
2355 1438 1331 1577 
2356 1435 1301 1566 
2357 1469 1473 1489 
2358 1280 1343 1497 
2359 1457 1447 1501 
2360 234 1281 1286 
2361 1277 1457 1501 
2362 1307 1304 1426 
2363 1244 1311 1312 
2364 1421 1272 1570 
2365 1420 1271 1436 
2366 1285 1439 1573 
2367 1425 1262 1449 
2368 1296 1282 1541 
2369 255 256 1369 
2370 9 242 1399 
2371 1465 1464 1498 
2372 1347 1355 1442 
2373 1484 188 1550 
2374 1475 1275 1492 
2375 1439 1297 1573 
2376 1282 1428 1541 
2377 1269 189 1484 
2378 1266 1469 1489 
2379 1278 1419 1493 
2380 1276 1465 1498 
2381 237 1301 1435 
2382 1375 1371 1463 
2383 1317 1504 1534 
2384 1444 1441 1516 
2385 1475 1492 1518 
2386 1390 1415 1514 
2387 1418 1467 1545 
2388 1261 1417 1546 
2389 264 1435 1566 
2390 1378 1421 1570 
2391 170 1274 1444 
2392 1281 235 1448 
2393 1336 1413 1557 
2394 1447 1406 1518 
2395 1418 1300 1467 
2396 1411 1409 1470 
2397 1245 1306 1446 
2398 1413 1336 1531 
2399 1456 1263 1473 
2400 1427 1249 1496 
2401 1502 1454 1503 
2402 1418 1451 1546 
2403 1437 1420 1514 
2404 1322 1319 1468 
2405 1481 1250 1516 
2406 154 1261 1476 
2407 1267 155 1476 
2408 1383 1386 1433 
2409 1451 1418 1545 
2410 1278 184 1503 
2411 1459 1379 1580 
2412 1462 1407 1579 
2413 1373 1459 1580 
2414 1403 1462 1579 
2415 1307 1426 1445 
2416 240 241 1443 
2417 1249 1427 1486 
2418 1248 1467 1542 
2419 1288 1232 1289 
2420 1249 1486 1502 
2421 1368 255 1369 
2422 1398 9 1399 
2423 1304 1305 1426 
2424 1355 1345 1440 
2425 1371 1236 1463 
2426 1318 1247 1319 
2427 1394 1240 1433 
2428 1344 1239 1345 
2429 1259 1437 1480 
2430 1449 1262 1488 
2431 1410 1409 1411 
2432 213 1263 1482 
2433 1280 214 1482 
2434 178 1262 1483 
2435 1279 179 1483 
2436 1284 1288 1428 
2437 1355 1441 1442 
2438 1260 5 1485 
2439 190 1269 1485 
2440 1305 1396 1397 
2441 1449 1488 1517 
2442 1240 1383 1433 
2443 1306 1309 1446 
2444 1345 1239 1440 
2445 1370 1236 1371 
2446 1400 1237 1401 
2447 1395 1243 1544 
2448 183 1502 1503 
2449 1448 236 1564 
2450 1290 1443 1526 
2451 1412 1246 1557 
2452 1302 1285 1448 
2453 1262 1425 1483 
2454 1263 1456 1482 
2455 1445 1279 1483 
2456 239 1232 1288 
2457 1455 1280 1482 
2458 1473 1263 1489 
2459 266 1285 1302 
2460 1396 1395 1544 
2461 1285 267 1439 
2462 285 286 1303 
2463 251 252 1332 
2464 288 289 1357 
2465 271 272 1382 
2466 254 255 1368 
2467 291 9 1398 
2468 280 281 1392 
2469 1393 1471 1561 
2470 268 1248 1439 
2471 1295 1472 1520 
2472 253 1241 1422 
2473 290 1233 1424 
2474 273 1234 1423 
2475 1235 277 1431 
2476 1242 246 1432 
2477 248 1247 1318 
2478 279 1239 1344 
2479 1244 283 1446 
2480 284 1245 1446 
2481 245 1242 1393 
2482 276 1235 1409 
2483 1248 269 1394 
2484 287 1243 1395 
2485 270 1240 1394 
2486 247 1318 1432 
2487 278 1344 1431 
2488 1237 243 1430 
2489 1247 249 1412 
2490 250 1246 1412 
2491 1234 274 1410 
2492 244 1393 1430 
2493 275 1409 1410 
2494 1381 1375 1463 
2495 1529 1314 1571 
2496 1453 1278 1503 
2497 265 1302 1435 
2498 1312 1314 1529 
2499 1368 1379 1458 
2500 1398 1407 1461 
2501 257 258 1463 
2502 1471 1524 1561 
2503 1411 1470 1567 
2504 1284 238 1288 
2505 1319 1320 1468 
2506 1302 1448 1564 
2507 1287 1281 1297 
2508 1437 1259 1535 
2509 1281 1448 1573 
2510 264 265 1435 
2511 1451 1267 1476 
2512 1409 1235 1470 
2513 1393 1242 1471 
2514 1338 1422 1537 
2515 1388 1423 1539 
2516 1363 1424 1538 
2517 1320 1413 1414 
2518 1413 1412 1557 
2519 1472 1295 1548 
2520 1429 1251 1523 
2521 1421 1378 1548 
2522 1342 1459 1460 
2523 1273 1460 1490 
2524 1341 1342 1559 
2525 1312 1311 1313 
2526 1342 1460 1559 
2527 1443 1283 1526 
2528 1330 1438 1552 
2529 1331 1468 1469 
2530 1331 1322 1468 
2531 1367 1462 1466 
2532 1445 1426 1575 
2533 235 236 1448 
2534 1426 1427 1575 
2535 1290 1232 1443 
2536 1477 1270 1479 
2537 232 231 1283 
2538 261 1282 1540 
2539 1425 1445 1483 
2540 1274 1442 1444 
2541 1456 1455 1482 
2542 171 1444 1516 
2543 1318 1319 1321 
2544 1344 1345 1346 
2545 1319 1247 1320 
2546 1410 1411 1415 
2547 1368 1369 1379 
2548 1398 1399 1407 
2549 261 262 1282 
2550 1442 1441 1444 
2551 1305 1397 1426 
2552 1370 1371 1372 
2553 1400 1401 1402 
2554 1505 1317 1543 
2555 1287 1297 1298 
2556 1441 1316 1481 
2557 1312 1313 1314 
2558 1434 1255 1521 
2559 1436 1254 1522 
2560 1511 1260 1578 
2561 1467 1433 1545 
2562 1506 1286 1519 
2563 1454 1453 1503 
2564 1431 1349 1555 
2565 1432 1324 1556 
2566 1238 260 1540 
2567 1406 1405 1524 
2568 1346 1345 1347 
2569 1415 1411 1416 
2570 1321 1319 1322 
2571 1400 1402 1403 
2572 1370 1372 1373 
2573 1372 1371 1374 
2574 1402 1401 1404 
2575 1426 1397 1427 
2576 1377 1375 1381 
2577 1404 1401 1405 
2578 1374 1371 1375 
2579 230 229 1264 
2580 213 212 1263 
2581 178 177 1262 
2582 154 153 1261 
2583 163 162 1259 
2584 199 5 1260 
2585 226 225 1258 
2586 159 158 1254 
2587 203 202 1256 
2588 187 186 1255 
2589 222 221 1257 
2590 168 167 1253 
2591 173 172 1250 
2592 182 181 1249 
2593 208 207 1252 
2594 217 216 1251 
2595 152 151 1268 
2596 156 155 1267 
2597 211 210 1266 
2598 176 175 1265 
2599 185 184 1278 
2600 220 219 1273 
2601 205 204 1275 
2602 170 169 1274 
2603 165 164 1270 
2604 190 189 1269 
2605 228 227 1272 
2606 180 179 1279 
2607 215 214 1280 
2608 161 160 1271 
2609 224 223 1276 
2610 201 200 1277 
2611 1376 1375 1377 
2612 1314 1313 1315 
2613 1287 1298 1299 
2614 1251 1429 1549 
2615 1346 1348 1349 
2616 1321 1323 1324 
2617 1309 1310 1311 
2618 265 266 1302 
2619 1306 1308 1309 
2620 266 267 1285 
2621 1324 1325 1326 
2622 1349 1350 1351 
2623 1452 1391 1527 
2624 1339 1338 1340 
2625 1364 1363 1365 
2626 1337 1334 1338 
2627 1387 1384 1388 
2628 1362 1359 1363 
2629 1389 1388 1390 
2630 1326 1327 1328 
2631 1351 1352 1353 
2632 1314 1315 1316 
2633 1341 1340 1342 
2634 1366 1365 1367 
2635 1347 1345 1355 
2636 1346 1347 1348 
2637 267 268 1439 
2638 234 235 1281 
2639 1321 1322 1323 
2640 1376 1377 1378 
2641 1404 1405 1406 
2642 1374 1375 1376 
2643 1309 1308 1310 
2644 1403 1402 1408 
2645 1349 1348 1350 
2646 1324 1323 1325 
2647 1373 1372 1380 
2648 1417 1300 1418 
2649 268 269 1248 
2650 284 285 1245 
2651 248 249 1247 
2652 282 283 1244 
2653 250 251 1246 
2654 287 288 1243 
2655 279 280 1239 
2656 245 246 1242 
2657 253 254 1241 
2658 270 271 1240 
2659 290 291 1233 
2660 273 274 1234 
2661 256 257 1236 
2662 276 277 1235 
2663 242 243 1237 
2664 259 260 1238 
2665 1337 1338 1339 
2666 1362 1363 1364 
2667 252 253 1422 
2668 289 290 1424 
2669 272 273 1423 
2670 277 278 1431 
2671 246 247 1432 
2672 247 248 1318 
2673 1387 1388 1389 
2674 278 279 1344 
2675 1326 1325 1327 
2676 1351 1350 1352 
2677 283 284 1446 
2678 244 245 1393 
2679 275 276 1409 
2680 286 287 1395 
2681 269 270 1394 
2682 243 244 1430 
2683 1339 1340 1341 
2684 249 250 1412 
2685 1364 1365 1366 
2686 1389 1390 1420 
2687 274 275 1410 
2688 1299 1298 1300 
2689 1315 1313 1317 
2690 1330 1322 1331 
2691 1245 285 1303 
2692 1246 251 1332 
2693 1240 271 1382 
2694 1243 288 1357 
2695 1241 254 1368 
2696 1233 291 1398 
2697 1239 280 1392 
2698 1383 1385 1386 
2699 1333 1335 1336 
2700 1358 1360 1361 
2701 1425 1307 1445 
2702 1245 1304 1306 
2703 1306 1307 1308 
2704 1358 1357 1359 
2705 1383 1382 1384 
2706 1304 1303 1305 
2707 1333 1332 1334 
2708 1335 1334 1337 
2709 233 234 1286 
2710 1360 1359 1362 
2711 1385 1384 1387 
2712 1404 1406 1447 
2713 1348 1347 1354 
2714 1323 1322 1330 
2715 1327 1325 1329 
2716 1352 1350 1356 
2717 1339 1341 1429 
2718 1364 1366 1434 
2719 1330 1331 1438 
2720 1389 1420 1436 
2721 1310 1308 1449 
2722 1308 1307 1425 
2723 1243 1357 1358 
2724 1240 1382 1383 
2725 1245 1303 1304 
2726 1246 1332 1333 
2727 1299 1300 1417 
2728 1385 1387 1391 
2729 1358 1359 1360 
2730 1360 1362 1419 
2731 1383 1384 1385 
2732 1386 1450 1451 
2733 1333 1334 1335 
2734 1335 1337 1343 
2735 1336 1455 1456 
2736 1306 1304 1307 
2737 1239 1392 1440 
2738 1361 1453 1454 
2739 1308 1425 1449 
2740 1386 1385 1450 
2741 1336 1335 1455 
2742 1361 1360 1453 
2743 1385 1391 1450 
2744 1450 1391 1452 
2745 1360 1419 1453 
2746 1335 1343 1455 
2747 258 259 1547 
2748 1459 1373 1510 
2749 1462 1403 1511 
2750 281 282 1576 
2751 1402 1404 1457 
2752 1394 1433 1467 
2753 1372 1374 1465 
2754 1408 1402 1457 
2755 1380 1372 1465 
2756 1488 1265 1517 
2757 1404 1447 1457 
2758 1260 1485 1578 
2759 1289 1232 1290 
2760 1241 1368 1458 
2761 1233 1398 1461 
2762 1374 1376 1464 
2763 1236 257 1463 
2764 1295 1294 1421 
2765 1342 1340 1458 
2766 1367 1365 1461 
2767 1291 1293 1296 
2768 1374 1464 1465 
2769 1235 1431 1555 
2770 1286 1506 1568 
2771 1242 1432 1556 
2772 1320 1414 1468 
2773 1301 1284 1528 
2774 1454 1486 1530 
2775 1293 1294 1295 
2776 1468 1414 1469 
2777 1405 1430 1561 
2778 1283 231 1474 
2779 1492 1256 1518 
2780 1479 1270 1560 
2781 157 1452 1527 
2782 1293 1292 1294 
2783 1443 241 1553 
2784 239 240 1232 
2785 1494 1421 1562 
2786 1422 1241 1537 
2787 1424 1233 1538 
2788 1423 1234 1539 
2789 1351 1353 1470 
2790 1291 1292 1293 
2791 1326 1328 1471 
2792 1529 281 1576 
2793 1329 1325 1512 
2794 1323 1330 1512 
2795 1356 1350 1513 
2796 1348 1354 1513 
2797 1291 1290 1292 
2798 238 239 1288 
2799 1268 1506 1519 
2800 1377 1381 1472 
2801 8 238 1284 
2802 1464 1258 1498 
2803 1289 1290 1291 
2804 1392 281 1529 
2805 1313 1311 1515 
2806 1255 1434 1550 
2807 1254 1436 1551 
2808 1447 1256 1501 
2809 1391 1387 1522 
2810 1419 1362 1521 
2811 1343 1337 1523 
2812 1364 1434 1521 
2813 1339 1429 1523 
2814 1389 1436 1522 
2815 1328 1327 1475 
2816 1311 1310 1515 
2817 1316 1440 1571 
2818 1469 1414 1473 
2819 1286 1287 1519 
2820 230 1264 1474 
2821 1428 1282 1574 
2822 231 230 1474 
2823 1415 1416 1514 
2824 1232 240 1443 
2825 1490 1460 1554 
2826 1353 1352 1477 
2827 8 1284 1301 
2828 1478 1479 1480 
2829 1434 1484 1550 
2830 1316 1315 1481 
2831 1438 209 1552 
2832 1479 1259 1480 
2833 1258 1464 1525 
2834 1271 1437 1535 
2835 1297 1439 1572 
2836 1417 1487 1558 
2837 1464 1376 1525 
2838 1434 1366 1484 
2839 1399 1400 1579 
2840 1369 1370 1580 
2841 1268 151 1506 
2842 1296 1293 1520 
2843 1427 1397 1486 
2844 209 1438 1577 
2845 1262 177 1488 
2846 1261 153 1487 
2847 1263 212 1489 
2848 182 1249 1502 
2849 152 1268 1487 
2850 176 1265 1488 
2851 211 1266 1489 
2852 173 1250 1504 
2853 1255 186 1493 
2854 1257 221 1490 
2855 168 1253 1491 
2856 203 1256 1492 
2857 185 1278 1493 
2858 1274 169 1491 
2859 220 1273 1490 
2860 1275 204 1492 
2861 1265 175 1505 
2862 165 1270 1508 
2863 1273 219 1507 
2864 1264 229 1494 
2865 226 1258 1495 
2866 1249 181 1496 
2867 1251 216 1497 
2868 222 1257 1500 
2869 1258 225 1498 
2870 199 1260 1499 
2871 1256 202 1501 
2872 151 150 1506 
2873 1272 227 1495 
2874 228 1272 1494 
2875 180 1279 1496 
2876 215 1280 1497 
2877 1276 223 1500 
2878 224 1276 1498 
2879 1277 200 1499 
2880 201 1277 1501 
2881 153 152 1487 
2882 177 176 1488 
2883 212 211 1489 
2884 183 182 1502 
2885 174 173 1504 
2886 186 185 1493 
2887 169 168 1491 
2888 221 220 1490 
2889 204 203 1492 
2890 166 165 1508 
2891 219 218 1507 
2892 175 174 1505 
2893 227 226 1495 
2894 181 180 1496 
2895 216 215 1497 
2896 229 228 1494 
2897 223 222 1500 
2898 225 224 1498 
2899 200 199 1499 
2900 202 201 1501 
2901 205 1275 1509 
2902 206 205 1509 
2903 1478 1477 1479 
2904 1403 1408 1511 
2905 1373 1380 1510 
2906 1283 1474 1526 
2907 1325 1323 1512 
2908 1268 1519 1558 
2909 1451 1476 1546 
2910 1386 1451 1545 
2911 1269 1466 1485 
2912 1358 1361 1544 
2913 1361 1454 1530 
2914 1350 1348 1513 
2915 1420 1390 1514 
2916 172 171 1516 
2917 1233 1461 1538 
2918 1241 1458 1537 
2919 1416 1478 1480 
2920 1439 1248 1572 
2921 1461 1365 1538 
2922 1458 1340 1537 
2923 1430 1393 1561 
2924 1315 1317 1534 
2925 1417 1418 1546 
2926 1436 1271 1551 
2927 1406 1524 1565 
2928 1333 1336 1557 
2929 1295 1421 1548 
2930 1317 1313 1515 
2931 1392 1529 1571 
2932 1472 1238 1520 
2933 1291 1296 1541 
2934 1470 1235 1555 
2935 1471 1242 1556 
2936 1353 1477 1478 
2937 1250 172 1516 
2938 1327 1329 1563 
2939 158 157 1527 
2940 1429 1507 1549 
2941 1310 1449 1517 
2942 1352 1356 1569 
2943 1366 1367 1581 
2944 1433 1386 1545 
2945 262 263 1574 
2946 1287 1299 1519 
2947 1351 1470 1555 
2948 1326 1471 1556 
2949 1367 1466 1581 
2950 1377 1472 1548 
2951 1252 207 1533 
2952 1259 162 1535 
2953 161 1271 1535 
2954 174 1504 1505 
2955 1253 167 1536 
2956 1356 1508 1569 
2957 1362 1364 1521 
2958 1387 1389 1522 
2959 1337 1339 1523 
2960 1293 1295 1520 
2961 1298 1297 1572 
2962 1470 1353 1567 
2963 1473 1414 1531 
2964 1284 1428 1528 
2965 1456 1473 1531 
2966 1526 1474 1532 
2967 217 1251 1549 
2968 233 1286 1568 
2969 1279 1445 1575 
2970 187 1255 1550 
2971 159 1254 1551 
2972 1271 160 1551 
2973 1297 1281 1573 
2974 232 1283 1553 
2975 209 208 1552 
2976 150 6 1568 
2977 163 1259 1560 
2978 1270 164 1560 
2979 1510 1257 1554 
2980 6 233 1568 
2981 1435 1302 1564 
2982 210 209 1577 
2983 1376 1378 1525 
2984 1515 1310 1517 
2985 1329 1509 1563 
2986 1254 158 1527 
2987 1508 1356 1536 
2988 1397 1396 1530 
2989 1486 1397 1530 
2990 1314 1316 1571 
2991 1407 1399 1579 
2992 1379 1369 1580 
2993 1471 1328 1524 
2994 1460 1459 1554 
2995 1292 1290 1526 
2996 1416 1411 1567 
2997 1259 1479 1560 
2998 1301 1528 1566 
2999 1414 1413 1531 
3000 1336 1456 1531 
3001 1294 1292 1532 
3002 1509 1329 1533 
3003 206 1509 1533 
3004 263 1528 1574 
3005 1250 1481 1534 
3006 166 1508 1536 
3007 1519 1299 1558 
3008 1495 1258 1525 
3009 1507 218 1549 
3010 1244 1312 1576 
3011 1283 1443 1553 
3012 207 206 1533 
3013 1294 1532 1562 
3014 162 161 1535 
3015 1300 1298 1542 
3016 1340 1338 1537 
3017 1365 1363 1538 
3018 1390 1388 1539 
3019 167 166 1536 
3020 1282 262 1574 
3021 260 261 1540 
3022 1459 1510 1554 
3023 1478 1416 1567 
3024 1257 1490 1554 
3025 237 1435 1564 
3026 1427 1496 1575 
3027 236 237 1564 
3028 1243 1358 1544 
3029 1467 1300 1542 
3030 1289 1291 1541 
3031 1292 1526 1532 
3032 259 1238 1547 
3033 1532 1264 1562 
3034 1378 1377 1548 
3035 1238 1472 1547 
3036 1472 1381 1547 
3037 218 217 1549 
3038 188 187 1550 
3039 160 159 1551 
3040 208 1252 1552 
3041 1481 1315 1534 
3042 1474 1264 1532 
3043 1273 1507 1559 
3044 1515 1517 1543 
3045 1487 1268 1558 
3046 263 264 1566 
3047 1349 1351 1555 
3048 1324 1326 1556 
3049 1421 1294 1562 
3050 1466 1269 1581 
3051 1504 1250 1534 
3052 1246 1333 1557 
3053 164 163 1560 
3054 1299 1417 1558 
3055 1317 1515 1543 
3056 1265 1505 1543 
3057 1448 1285 1573 
3058 1460 1273 1559 
3059 1476 1261 1546 
3060 1266 210 1577 
3061 1400 1403 1579 
3062 1370 1373 1580 
3063 1440 1392 1571 
3064 282 1244 1576 
3065 1524 1328 1565 
3066 1328 1475 1565 
3067 1496 1279 1575 
3068 1269 1484 1581 
3069 1517 1265 1543 
3070 1466 1462 1578 
3071 1270 1477 1569 
3072 1275 1475 1563 
3073 1475 1327 1563 
3074 1508 1270 1569 
3075 1475 1518 1565 
3076 1353 1478 1567 
3077 1264 1494 1562 
3078 1477 1352 1569 
3079 1509 1275 1563 
3080 1506 150 1568 
3081 1272 1495 1570 
3082 1485 1466 1578 
3083 1462 1511 1578 
3084 1524 1405 1561 
3085 1484 1366 1581 
3086 1518 1406 1565 
3087 1525 1378 1570 
3088 1495 1525 1570 
3089 1248 1542 1572 
3090 1528 1428 1574 
3091 1312 1529 1576 
3092 1528 263 1566 
3093 1542 1298 1572 
2 7 2 50
3094 192 7 1594 
3095 236 1583 1591 
3096 233 197 1598 
3097 197 233 6 
3098 1582 8 1591 
3099 237 236 1591 
3100 8 237 1591 
3101 197 1586 1598 
3102 1588 1587 1593 
3103 1589 1582 1591 
3104 1583 1590 1591 
3105 1587 1584 1593 
3106 1589 1588 1593 
3107 196 195 1592 
3108 195 194 1585 
3109 197 196 1586 
3110 236 235 1583 
3111 1585 1588 1589 
3112 1582 1589 1593 
3113 1590 1589 1591 
3114 195 1585 1592 
3115 238 8 1582 
3116 1586 196 1592 
3117 1585 1589 1590 
3118 240 239 1584 
3119 1585 194 1588 
3120 1587 192 1594 
3121 194 193 1588 
3122 193 192 1587 
3123 193 1587 1588 
3124 1596 1586 1597 
3125 1586 1596 1598 
3126 1585 1590 1592 
3127 241 240 1594 
3128 240 1584 1594 
3129 1584 1587 1594 
3130 239 238 1595 
3131 235 234 1596 
3132 1583 235 1596 
3133 1590 1583 1597 
3134 1592 1590 1597 
3135 238 1582 1595 
3136 1584 239 1595 
3137 234 233 1598 
3138 1586 1592 1597 
3139 1582 1593 1595 
3140 1593 1584 1595 
3141 1596 234 1598 
3142 1583 1596 1597 
3143 7 241 1594 
2 8 2 507
3144 266 1612 1776 
3145 1713 1603 1714 
3146 1710 1616 1713 
3147 1767 1711 1797 
3148 1711 1604 1797 
3149 1617 1760 1795 
3150 1760 1779 1795 
3151 1714 1603 1719 
3152 267 266 1776 
3153 1616 1710 1720 
3154 1708 1609 1788 
3155 1607 1720 1799 
3156 1720 1721 1799 
3157 1615 1716 1796 
3158 271 270 1778 
3159 1790 1706 1801 
3160 1683 1681 1721 
3161 248 247 1792 
3162 1609 1708 1813 
3163 1605 1757 1808 
3164 1796 1716 1800 
3165 1601 1790 1801 
3166 1612 1775 1776 
3167 1614 271 1778 
3168 1758 1807 1818 
3169 1807 1610 1818 
3170 1681 1689 1721 
3171 1719 1619 1723 
3172 1783 1766 1804 
3173 1603 1713 1793 
3174 1783 1804 1811 
3175 1757 1758 1808 
3176 1710 1683 1721 
3177 1714 1719 1723 
3178 1794 1737 1798 
3179 1748 1708 1788 
3180 1757 1605 1800 
3181 1805 1718 1809 
3182 1718 1784 1809 
3183 1713 1616 1793 
3184 247 1611 1792 
3185 1786 1767 1797 
3186 1715 1600 1821 
3187 1618 1619 1719 
3188 1600 1715 1802 
3189 274 273 1781 
3190 1712 1606 1817 
3191 1706 1785 1799 
3192 1600 274 1781 
3193 1606 1712 1819 
3194 1791 248 1792 
3195 1785 1706 1790 
3196 1798 1737 1812 
3197 1604 1711 1827 
3198 1785 1607 1799 
3199 1723 1624 1774 
3200 1714 1723 1774 
3201 1621 1624 1723 
3202 1722 1695 1724 
3203 1709 1695 1722 
3204 1622 1722 1724 
3205 1720 1710 1721 
3206 1626 1724 1729 
3207 1724 1695 1729 
3208 1626 1623 1724 
3209 1696 1697 1774 
3210 1726 1696 1774 
3211 1726 1628 1772 
3212 1697 1714 1774 
3213 1696 1726 1772 
3214 1625 1628 1726 
3215 1729 1688 1771 
3216 1725 1729 1771 
3217 1695 1688 1729 
3218 1725 1626 1729 
3219 1627 1626 1725 
3220 1682 1772 1773 
3221 1772 1727 1773 
3222 1731 1730 1770 
3223 1682 1696 1772 
3224 1678 1731 1770 
3225 1632 1730 1731 
3226 1727 1632 1731 
3227 1629 1632 1727 
3228 1728 1671 1732 
3229 1673 1671 1728 
3230 1728 1725 1771 
3231 1630 1728 1732 
3232 1727 1731 1773 
3233 1631 1630 1732 
3234 1639 1642 1740 
3235 1642 1655 1740 
3236 1636 1639 1740 
3237 1730 1636 1740 
3238 1717 1756 1757 
3239 1633 1636 1730 
3240 1699 1698 1768 
3241 1698 1750 1768 
3242 1671 1643 1732 
3243 1756 1717 1768 
3244 1717 1699 1768 
3245 1662 1660 1769 
3246 1750 1698 1769 
3247 1660 1734 1769 
3248 1643 1634 1732 
3249 1698 1662 1769 
3250 1730 1740 1770 
3251 1733 1700 1734 
3252 1660 1640 1734 
3253 1638 1733 1734 
3254 1734 1700 1769 
3255 1640 1638 1734 
3256 1700 1750 1769 
3257 1638 1635 1733 
3258 1646 1700 1733 
3259 1637 1646 1733 
3260 1674 1677 1763 
3261 1738 1763 1764 
3262 1735 1676 1738 
3263 1676 1674 1763 
3264 1677 1712 1763 
3265 1676 1735 1739 
3266 1738 1676 1763 
3267 1645 1739 1746 
3268 1739 1701 1746 
3269 1735 1701 1739 
3270 1672 1676 1739 
3271 1645 1672 1739 
3272 1644 1645 1746 
3273 1745 1751 1752 
3274 1745 1743 1751 
3275 1743 1663 1751 
3276 1741 1663 1743 
3277 1663 1741 1749 
3278 1701 1653 1746 
3279 291 290 1609 
3280 281 280 1603 
3281 1649 1663 1749 
3282 1747 1693 1761 
3283 1641 1649 1749 
3284 1653 1647 1746 
3285 1652 1667 1754 
3286 1667 1704 1754 
3287 1684 1650 1749 
3288 1650 1641 1749 
3289 1702 1737 1753 
3290 255 254 1615 
3291 1666 1747 1761 
3292 1754 1755 1756 
3293 1756 1755 1757 
3294 266 265 1612 
3295 1741 1684 1749 
3296 260 259 1610 
3297 272 271 1614 
3298 1663 1661 1751 
3299 1672 1674 1676 
3300 1754 1704 1755 
3301 253 252 1613 
3302 1666 1708 1747 
3303 1677 1675 1687 
3304 1687 1675 1688 
3305 1686 1707 1711 
3306 1648 1654 1750 
3307 1656 1651 1759 
3308 1655 1656 1657 
3309 1689 1680 1693 
3310 1697 1683 1710 
3311 1686 1711 1762 
3312 1689 1693 1706 
3313 1702 1736 1737 
3314 1736 1735 1738 
3315 245 244 1617 
3316 247 246 1611 
3317 1651 1664 1759 
3318 1658 1656 1665 
3319 1658 1666 1761 
3320 1751 1668 1752 
3321 1703 1699 1716 
3322 263 262 1602 
3323 275 274 1600 
3324 1642 1650 1651 
3325 1642 1651 1655 
3326 1667 1653 1670 
3327 1661 1668 1751 
3328 1668 1662 1669 
3329 1667 1670 1690 
3330 1681 1680 1689 
3331 1686 1685 1707 
3332 1742 1741 1743 
3333 257 256 1605 
3334 1652 1647 1653 
3335 1648 1652 1654 
3336 1655 1651 1656 
3337 1654 1652 1754 
3338 1659 1658 1761 
3339 1666 1705 1708 
3340 1670 1701 1702 
3341 1670 1702 1753 
3342 1679 1680 1681 
3343 1679 1681 1682 
3344 1682 1683 1696 
3345 1707 1685 1760 
3346 1687 1688 1691 
3347 1702 1735 1736 
3348 1757 1755 1758 
3349 243 242 1604 
3350 250 249 1599 
3351 283 282 1616 
3352 1649 1661 1663 
3353 1654 1754 1756 
3354 1657 1658 1659 
3355 1666 1665 1705 
3356 1665 1759 1762 
3357 1685 1692 1760 
3358 1691 1688 1695 
3359 1702 1701 1735 
3360 1747 1708 1748 
3361 1742 1743 1744 
3362 285 284 1607 
3363 1648 1647 1652 
3364 1664 1650 1684 
3365 1652 1653 1667 
3366 1670 1653 1701 
3367 1665 1656 1759 
3368 1679 1659 1680 
3369 1669 1698 1699 
3370 1693 1680 1761 
3371 1682 1681 1683 
3372 1696 1683 1697 
3373 1759 1686 1762 
3374 1704 1690 1718 
3375 1697 1710 1713 
3376 1716 1699 1717 
3377 269 268 1606 
3378 1700 1648 1750 
3379 1649 1660 1661 
3380 1651 1650 1664 
3381 1678 1659 1679 
3382 1680 1659 1761 
3383 1664 1684 1685 
3384 1692 1684 1741 
3385 1697 1713 1714 
3386 1744 1743 1745 
3387 288 287 1601 
3388 1649 1640 1660 
3389 1646 1648 1700 
3390 1661 1660 1662 
3391 1669 1662 1698 
3392 1668 1669 1765 
3393 1669 1699 1703 
3394 1690 1670 1753 
3395 1672 1673 1674 
3396 1674 1675 1677 
3397 278 277 1608 
3398 1642 1641 1650 
3399 1657 1656 1658 
3400 1657 1659 1678 
3401 1658 1665 1666 
3402 1661 1662 1668 
3403 1669 1703 1765 
3404 1677 1687 1694 
3405 1685 1684 1692 
3406 1691 1695 1709 
3407 1692 1741 1742 
3408 1664 1685 1686 
3409 1667 1690 1704 
3410 1674 1673 1675 
3411 1705 1665 1762 
3412 1677 1694 1712 
3413 1763 1712 1764 
3414 1752 1765 1766 
3415 1664 1686 1759 
3416 1752 1668 1765 
3417 1672 1671 1673 
3418 1762 1711 1767 
3419 1646 1647 1648 
3420 1645 1671 1672 
3421 1639 1641 1642 
3422 1705 1762 1767 
3423 1641 1640 1649 
3424 1647 1644 1746 
3425 1639 1640 1641 
3426 1646 1644 1647 
3427 1645 1643 1671 
3428 1637 1644 1646 
3429 1639 1638 1640 
3430 1644 1643 1645 
3431 1636 1638 1639 
3432 1637 1643 1644 
3433 1654 1756 1768 
3434 1750 1654 1768 
3435 1635 1637 1733 
3436 1636 1635 1638 
3437 1637 1634 1643 
3438 1633 1635 1636 
3439 1635 1634 1637 
3440 1634 1631 1732 
3441 1633 1634 1635 
3442 1740 1655 1770 
3443 1655 1657 1770 
3444 1633 1631 1634 
3445 1632 1633 1730 
3446 1657 1678 1770 
3447 1632 1631 1633 
3448 1629 1631 1632 
3449 1630 1725 1728 
3450 1673 1728 1771 
3451 1675 1673 1771 
3452 1630 1627 1725 
3453 1629 1630 1631 
3454 1688 1675 1771 
3455 1731 1678 1773 
3456 1678 1679 1773 
3457 1629 1627 1630 
3458 1628 1629 1727 
3459 1628 1727 1772 
3460 1679 1682 1773 
3461 1628 1627 1629 
3462 1625 1627 1628 
3463 1625 1626 1627 
3464 1625 1623 1626 
3465 1624 1625 1726 
3466 1624 1726 1774 
3467 1624 1623 1625 
3468 1622 1715 1722 
3469 1621 1623 1624 
3470 1623 1622 1724 
3471 1621 1622 1623 
3472 1622 1620 1715 
3473 1777 1691 1780 
3474 1621 1620 1622 
3475 1619 1621 1723 
3476 1619 1620 1621 
3477 1778 270 1803 
3478 1777 1614 1778 
3479 1736 1738 1775 
3480 1687 1691 1777 
3481 1619 1608 1620 
3482 1715 1620 1782 
3483 1614 1777 1780 
3484 1692 1742 1779 
3485 1608 277 1782 
3486 277 276 1782 
3487 1775 1764 1776 
3488 1718 1610 1807 
3489 1745 1752 1783 
3490 1748 1601 1801 
3491 1694 1777 1778 
3492 1784 1753 1824 
3493 1690 1753 1784 
3494 1738 1764 1775 
3495 1780 1709 1781 
3496 1694 1687 1777 
3497 1745 1783 1826 
3498 1779 1611 1795 
3499 1760 1692 1779 
3500 1691 1709 1780 
3501 1613 1766 1806 
3502 1742 1744 1822 
3503 1717 1757 1800 
3504 1602 1784 1824 
3505 1752 1766 1783 
3506 1747 1748 1801 
3507 1706 1693 1801 
3508 1744 1791 1792 
3509 1767 1786 1813 
3510 1716 1615 1814 
3511 1620 1608 1782 
3512 1783 1599 1826 
3513 1787 1613 1806 
3514 1766 1765 1806 
3515 1758 1755 1807 
3516 1704 1718 1807 
3517 1610 1718 1805 
3518 1718 1690 1784 
3519 1708 1705 1813 
3520 1618 1608 1619 
3521 1722 1715 1821 
3522 1764 1712 1817 
3523 1787 1806 1814 
3524 1760 1617 1823 
3525 1600 1781 1821 
3526 1694 1778 1819 
3527 1744 1792 1822 
3528 1781 1709 1821 
3529 1721 1689 1799 
3530 1766 1613 1804 
3531 1601 1748 1820 
3532 286 285 1785 
3533 279 278 1618 
3534 253 1613 1787 
3535 263 1602 1794 
3536 285 1607 1785 
3537 243 1604 1789 
3538 1609 290 1788 
3539 282 281 1793 
3540 9 291 1786 
3541 1604 242 1797 
3542 278 1608 1618 
3543 264 263 1794 
3544 287 286 1790 
3545 291 1609 1786 
3546 256 255 1796 
3547 254 253 1787 
3548 281 1603 1793 
3549 242 9 1797 
3550 255 1615 1796 
3551 1601 287 1790 
3552 1611 246 1795 
3553 1615 254 1787 
3554 290 289 1788 
3555 246 245 1795 
3556 245 1617 1795 
3557 1616 282 1793 
3558 1599 249 1791 
3559 244 243 1789 
3560 1617 244 1789 
3561 249 248 1791 
3562 265 264 1798 
3563 1605 256 1796 
3564 1612 265 1798 
3565 1719 1603 1815 
3566 1618 1719 1815 
3567 1736 1775 1812 
3568 270 269 1803 
3569 275 1600 1802 
3570 1613 252 1804 
3571 260 1610 1805 
3572 1715 1782 1802 
3573 1689 1706 1799 
3574 276 275 1802 
3575 1716 1717 1800 
3576 258 257 1808 
3577 1602 262 1809 
3578 272 1614 1810 
3579 250 1599 1811 
3580 258 1808 1818 
3581 1603 280 1815 
3582 1720 1607 1816 
3583 1616 1720 1816 
3584 283 1616 1816 
3585 1607 284 1816 
3586 1693 1747 1801 
3587 1775 1612 1812 
3588 1610 259 1818 
3589 269 1606 1803 
3590 288 1601 1820 
3591 1778 1803 1819 
3592 1737 1794 1824 
3593 1786 1609 1813 
3594 1791 1744 1826 
3595 1737 1736 1812 
3596 1703 1716 1814 
3597 1614 1780 1810 
3598 1782 276 1802 
3599 264 1794 1798 
3600 286 1785 1790 
3601 9 1786 1797 
3602 1711 1707 1827 
3603 1605 1796 1800 
3604 1606 268 1825 
3605 1599 1783 1811 
3606 252 251 1804 
3607 1781 273 1810 
3608 261 260 1805 
3609 1765 1703 1806 
3610 1808 1758 1818 
3611 1748 1788 1820 
3612 1784 1602 1809 
3613 1755 1704 1807 
3614 257 1605 1808 
3615 1780 1781 1810 
3616 262 261 1809 
3617 273 272 1810 
3618 251 250 1811 
3619 1707 1760 1823 
3620 1705 1767 1813 
3621 267 1776 1825 
3622 280 279 1815 
3623 284 283 1816 
3624 279 1618 1815 
3625 259 258 1818 
3626 1788 289 1820 
3627 1712 1694 1819 
3628 289 288 1820 
3629 268 267 1825 
3630 1709 1722 1821 
3631 1776 1764 1817 
3632 1779 1742 1822 
3633 1753 1737 1824 
3634 1744 1745 1826 
3635 261 1805 1809 
3636 1804 251 1811 
3637 1611 1779 1822 
3638 1806 1703 1814 
3639 1612 1798 1812 
3640 1599 1791 1826 
3641 1803 1606 1819 
3642 1615 1787 1814 
3643 1794 1602 1824 
3644 1817 1606 1825 
3645 1792 1611 1822 
3646 1617 1789 1823 
3647 1789 1604 1827 
3648 1776 1817 1825 
3649 1823 1789 1827 
3650 1707 1823 1827 
$EndElements
