$MeshFormat
4.1 0 8
$EndMeshFormat
$PhysicalNames
4
2 1 "Top"
2 2 "Bottom"
2 4 "Wall"
3 3 "ArcticBasin"
$EndPhysicalNames
$Entities
2 3 3 1
1 1 0 0 0 
2 1 0 -0.2 0 
1 -1.0000001 -1.0000001 -1e-07 1.0000001 1.0000001 1e-07 0 2 1 -1 
2 0.9999999000000001 -1e-07 -0.2000001 1.0000001 1e-07 1.000000000028756e-07 0 2 1 -2 
3 -1.0000001 -1.0000001 -0.2000001 1.0000001 1.0000001 -0.1999999 0 2 2 -2 
1 -1.0000001 -1.0000001 -1e-07 1.0000001 1.0000001 1e-07 1 1 1 1 
2 -1.0000001 -1.0000001 -0.2000001 1.0000001 1.0000001 1.000000000028756e-07 1 4 4 2 3 -2 -1 
3 -1.0000001 -1.0000001 -0.2000001 1.0000001 1.0000001 -0.1999999 1 2 1 3 
1 -1.0000001 -1.0000001 -0.2000001 1.0000001 1.0000001 1.000000000028756e-07 1 3 3 2 1 -3 
$EndEntities
$Nodes
9 927 1 927
0 1 0 1
1
1 0 0
0 2 0 1
2
1 0 -0.2
1 1 0 45
3
4
5
6
7
8
9
10
11
12
13
14
15
16
17
18
19
20
21
22
23
24
25
26
27
28
29
30
31
32
33
34
35
36
37
38
39
40
41
42
43
44
45
46
47
0.9906859460363308 0.1361666490962468 0
0.9629172873477991 0.2697967711570247 0
0.9172113015054527 0.3984010898462421 0
0.8544194045464881 0.5195839500354343 0
0.7757112907044191 0.6310879443260535 0
0.6825531432186532 0.7308359642781249 0
0.5766803221148662 0.8169698930104428 0
0.460065037731151 0.8878852184023758 0
0.3348796121709846 0.9422609221188211 0
0.2034560130526316 0.9790840876823234 0
0.06824241336466835 0.9976687691905394 0
-0.06824241336467421 0.9976687691905389 0
-0.2034560130526373 0.9790840876823221 0
-0.3348796121709899 0.9422609221188192 0
-0.4600650377311564 0.887885218402373 0
-0.5766803221148714 0.816969893010439 0
-0.6825531432186576 0.7308359642781209 0
-0.7757112907044228 0.6310879443260492 0
-0.8544194045464909 0.5195839500354297 0
-0.9172113015054548 0.3984010898462373 0
-0.9629172873478004 0.2697967711570204 0
-0.9906859460363313 0.1361666490962427 0
-1 -3.874338208735828e-15 0
-0.9906859460363302 -0.1361666490962504 0
-0.9629172873477984 -0.2697967711570274 0
-0.9172113015054517 -0.3984010898462444 0
-0.8544194045464869 -0.5195839500354363 0
-0.7757112907044181 -0.6310879443260549 0
-0.6825531432186525 -0.7308359642781256 0
-0.5766803221148658 -0.816969893010443 0
-0.4600650377311511 -0.8878852184023758 0
-0.3348796121709847 -0.942260922118821 0
-0.2034560130526319 -0.9790840876823232 0
-0.06824241336466869 -0.9976687691905394 0
0.06824241336467275 -0.997668769190539 0
0.203456013052635 -0.9790840876823226 0
0.3348796121709877 -0.94226092211882 0
0.4600650377311531 -0.8878852184023747 0
0.5766803221148684 -0.8169698930104412 0
0.6825531432186549 -0.7308359642781234 0
0.7757112907044207 -0.6310879443260518 0
0.854419404546489 -0.5195839500354328 0
0.9172113015054532 -0.3984010898462411 0
0.9629172873477992 -0.2697967711570244 0
0.9906859460363306 -0.1361666490962472 0
1 2 0 1
48
1 0 -0.1
1 3 0 45
49
50
51
52
53
54
55
56
57
58
59
60
61
62
63
64
65
66
67
68
69
70
71
72
73
74
75
76
77
78
79
80
81
82
83
84
85
86
87
88
89
90
91
92
93
0.9906859460363308 0.1361666490962468 -0.2
0.9629172873477991 0.2697967711570247 -0.2
0.9172113015054527 0.3984010898462421 -0.2
0.8544194045464881 0.5195839500354343 -0.2
0.7757112907044191 0.6310879443260535 -0.2
0.6825531432186532 0.7308359642781249 -0.2
0.5766803221148662 0.8169698930104428 -0.2
0.460065037731151 0.8878852184023758 -0.2
0.3348796121709846 0.9422609221188211 -0.2
0.2034560130526316 0.9790840876823234 -0.2
0.06824241336466835 0.9976687691905394 -0.2
-0.06824241336467421 0.9976687691905389 -0.2
-0.2034560130526373 0.9790840876823221 -0.2
-0.3348796121709899 0.9422609221188192 -0.2
-0.4600650377311564 0.887885218402373 -0.2
-0.5766803221148714 0.816969893010439 -0.2
-0.6825531432186576 0.7308359642781209 -0.2
-0.7757112907044228 0.6310879443260492 -0.2
-0.8544194045464909 0.5195839500354297 -0.2
-0.9172113015054548 0.3984010898462373 -0.2
-0.9629172873478004 0.2697967711570204 -0.2
-0.9906859460363313 0.1361666490962427 -0.2
-1 -3.874338208735828e-15 -0.2
-0.9906859460363302 -0.1361666490962504 -0.2
-0.9629172873477984 -0.2697967711570274 -0.2
-0.9172113015054517 -0.3984010898462444 -0.2
-0.8544194045464869 -0.5195839500354363 -0.2
-0.7757112907044181 -0.6310879443260549 -0.2
-0.6825531432186525 -0.7308359642781256 -0.2
-0.5766803221148658 -0.816969893010443 -0.2
-0.4600650377311511 -0.8878852184023758 -0.2
-0.3348796121709847 -0.942260922118821 -0.2
-0.2034560130526319 -0.9790840876823232 -0.2
-0.06824241336466869 -0.9976687691905394 -0.2
0.06824241336467275 -0.997668769190539 -0.2
0.203456013052635 -0.9790840876823226 -0.2
0.3348796121709877 -0.94226092211882 -0.2
0.4600650377311531 -0.8878852184023747 -0.2
0.5766803221148684 -0.8169698930104412 -0.2
0.6825531432186549 -0.7308359642781234 -0.2
0.7757112907044207 -0.6310879443260518 -0.2
0.854419404546489 -0.5195839500354328 -0.2
0.9172113015054532 -0.3984010898462411 -0.2
0.9629172873477992 -0.2697967711570244 -0.2
0.9906859460363306 -0.1361666490962472 -0.2
2 1 0 212
94
95
96
97
98
99
100
101
102
103
104
105
106
107
108
109
110
111
112
113
114
115
116
117
118
119
120
121
122
123
124
125
126
127
128
129
130
131
132
133
134
135
136
137
138
139
140
141
142
143
144
145
146
147
148
149
150
151
152
153
154
155
156
157
158
159
160
161
162
163
164
165
166
167
168
169
170
171
172
173
174
175
176
177
178
179
180
181
182
183
184
185
186
187
188
189
190
191
192
193
194
195
196
197
198
199
200
201
202
203
204
205
206
207
208
209
210
211
212
213
214
215
216
217
218
219
220
221
222
223
224
225
226
227
228
229
230
231
232
233
234
235
236
237
238
239
240
241
242
243
244
245
246
247
248
249
250
251
252
253
254
255
256
257
258
259
260
261
262
263
264
265
266
267
268
269
270
271
272
273
274
275
276
277
278
279
280
281
282
283
284
285
286
287
288
289
290
291
292
293
294
295
296
297
298
299
300
301
302
303
304
305
0.7350344374651204 -0.1076597250749524 0
-0.7743179652232316 -0.006708944202007003 0
0.06619562310028707 0.7891553213728745 0
-0.1535764096347156 -0.73905025789449 0
-0.5152173167440102 0.55166304372987 0
0.4353004467579044 -0.6166802399482006 0
0.586774415259906 0.4716198008682436 0
-0.5165137979171278 -0.5568751379843085 0
0.07750969025402622 -0.7808378214526277 0
0.02271105624151434 -0.5422136178858706 0
-0.2609437816839257 -0.4872800761512245 0
-0.04202694900891402 -0.2897462823482385 0
-0.2970666240600894 -0.2061269685271968 0
-0.1037061552445617 -0.02462352974240985 0
0.1581633556861671 -0.09988880018680055 0
0.09173942560566935 0.1641584109751616 0
0.3393545708999479 0.09434916948639169 0
-0.169150869840378 0.2365185344260022 0
0.4326142643663672 -0.1692718612965708 0
0.3167738807901131 0.3810764416774252 0
0.2209631871932559 -0.3591860502767138 0
-0.3514393315582077 0.05072865567016592 0
0.0241040405008132 0.4185292865668234 0
-0.2495583456420855 0.4697899802401048 0
-0.4253159761815462 0.3037152456367661 0
-0.5368062683457625 -0.1005512054825868 0
-0.6682841026162877 0.3652739128176639 0
0.1980152992420484 0.5869771656477798 0
-0.3164829824015964 0.697324141124444 0
0.506704230187413 0.2610478666520096 0
0.7174187007135329 0.2789892212085059 0
0.5906963353827156 0.07589508857101653 0
0.6522513233628499 -0.3429598319197504 0
-0.5923400520009032 0.1350410801556872 0
-0.7305850619415172 -0.2365947476014177 0
-0.3717391708789562 -0.7160354043572613 0
0.2818404513604699 -0.7666641379486614 0
0.4201444075348169 0.639485106028027 0
-0.4890759385062222 -0.3394231232668317 0
0.274093782365411 0.7777876686661019 0
-0.6928232156756341 -0.4360500093995291 0
-0.147130626197865 0.8048239005357237 0
0.8045957683195705 0.1018361538232893 0
0.4311670569131394 -0.4178049977853535 0
0.2328710690066306 -0.5688333222577818 0
-0.7885678734764416 0.2056347575427648 0
-0.07018381238376051 0.6195944133727717 0
0.6148292099457523 -0.5398865125987586 0
0.8837565278336849 0.185816462490157 0
0.9022978841597852 0.05091807691164466 0
0.8675172187325602 -0.05382986253747618 0
0.8489758624064598 -0.1887282481159884 0
0.7698151028923454 -0.002911785625831536 0
0.7859190526300105 0.3992865856219701 0
0.840167994030666 0.2743929961827652 0
0.7610072345165516 0.1904126875158976 0
0.6346637792392796 0.6012278825731843 0
0.7205969099031971 0.495601875451839 0
0.6520965579867194 0.3753045110383748 0
0.4401047226329839 0.7636851622152013 0
0.5513487753767351 0.685160535153076 0
0.5034594113973615 0.5555524534481353 0
0.2387748977090213 0.8784358781742126 0
0.367079410048281 0.8328364435342389 0
0.3471190949501139 0.7086363873470645 0
-0.001023395132193567 0.8934120452817067 0
0.1348258180764593 0.8841197045275989 0
0.170144702732849 0.7834714950194882 0
-0.2410051191844275 0.8735424113272715 0
-0.1076865197812696 0.9012463348631313 0
-0.04046750154878895 0.7969896109542991 0
-0.4465816522582339 0.7571470170674415 0
-0.3256812972862932 0.8197925316216316 0
-0.2318068042997307 0.7510740208300838 0
-0.6454643037242165 0.5913754940279595 0
-0.5459488194294407 0.6843164683701545 0
-0.4158501495728033 0.624493592427157 0
-0.7927477020608712 0.3818375013319506 0
-0.7219976966603553 0.4981809285718566 0
-0.591750709680149 0.4584684782737669 0
-0.8896269097563865 0.1709007033195037 0
-0.8528895874909482 0.3020179236945011 0
-0.7284259880463647 0.2854543351802143 0
-0.882501955629781 -0.07143779664912869 0
-0.8825019556297814 0.06472885244711785 0
-0.7814429193498366 0.09946290667037891 0
-0.8238981817234844 -0.317497918723831 0
-0.8606355039889236 -0.186380698348834 0
-0.7524515135823744 -0.1216518459017124 0
-0.7342672531900262 -0.5335689768627919 0
-0.805017258590543 -0.4172255496228868 0
-0.7117041388085756 -0.3363223785004734 0
-0.5465970600159967 -0.6869225154973758 0
-0.646112544310773 -0.5939815411551818 0
-0.604668506796381 -0.4964625736919188 0
-0.3533093915249705 -0.8291481632380412 0
-0.474209746496911 -0.7665026486838521 0
-0.444126484398042 -0.6364552711707849 0
-0.1109094114996921 -0.8683595135425147 0
-0.2442280109028501 -0.8406555900066555 0
-0.2626577902568359 -0.7275428311258757 0
0.1404828516533306 -0.8799609545674751 0
0.004633638444678781 -0.8892532953215836 0
-0.03803335969034467 -0.7599440396735588 0
0.3709527445458115 -0.827274678175518 0
0.2426482322065525 -0.872874112815492 0
0.179675070807248 -0.7737509797006445 0
0.5589267949882796 -0.673758102113162 0
0.4476827422445288 -0.7522827291752877 0
0.3585704490591872 -0.6916721889484311 0
0.7346243072461206 -0.5297352313170957 0
0.6486911765822035 -0.6353612384384409 0
0.5250648283518283 -0.5782833762734797 0
0.8075843053553245 -0.3063783015383874 0
0.7533353639546695 -0.4312718909775916 0
0.6335402666543011 -0.4414231722592545 0
0.6936428804139851 -0.2253097784973514 0
0.662865386423918 -0.01588231825196792 0
0.5116552998745414 -0.04668838636277712 0
0.5838243509157438 -0.1384657931857615 0
0.5424327938646085 -0.2561158466081606 0
0.697646051851143 0.08886562119715291 0
-0.5645731601733329 0.01724493733655021 0
-0.6833290086120675 0.06416606797684012 0
-0.6555621167844971 -0.05363007484229692 0
-0.6336956651436398 -0.1685729765420023 0
-0.6904539627386724 0.170337918849226 0
0.2360545408037297 0.6823824171569409 0
0.1321054611711677 0.6880662435103272 0
-0.001994094641736716 0.7043748673728231 0
0.06391574342914391 0.6032857895102758 0
-0.1086572192908127 0.7122091569542477 0
0.05011037324777028 -0.6615257196692491 0
-0.06543267669660062 -0.6406319378901802 0
-0.1191163627212057 -0.5147468470185476 0
-0.2072600956593206 -0.6131651670228573 0
-0.316341476281441 -0.6016577402542429 0
-0.4702666464627782 0.427689144683318 0
-0.3374371609118158 0.3867526129384354 0
-0.3823878311930478 0.5107265119849874 0
-0.283020664021841 0.5835570606822744 0
-0.546800039398917 0.334494579227215 0
0.3340857578822675 -0.5927567811029912 0
0.2573557601835502 -0.6677487301032216 0
0.332019062959885 -0.4933191600215676 0
0.4332337518355219 -0.517242618866777 0
0.5229981334294459 -0.4788457551920561 0
0.4117390554887631 0.3210621541647174 0
0.5467393227236595 0.3663338337601266 0
0.4517741480250096 0.4263481212728344 0
0.368459144162465 0.5102807738527261 0
0.6120614654504729 0.2700185439302577 0
-0.3887287898005268 -0.5220776070677665 0
-0.3750098600950739 -0.4133515997090281 0
-0.5027948682116751 -0.4481491306255701 0
-0.5909495770909282 -0.3877365663331804 0
0.1551903796303284 -0.6748355718552047 0
0.1277910626240725 -0.5555234700718262 0
-0.009657946383699845 -0.4159799501170546 0
-0.1514853653464199 -0.3885131792497315 0
0.1218371217173851 -0.4506998340812922 0
0.08946811909217091 -0.3244661663124762 0
0.2269171280999432 -0.4640096862672478 0
-0.1695467865345017 -0.2479366254377177 0
-0.2790052028720075 -0.3467035223392106 0
-0.3930712812831558 -0.2727750458970142 0
-0.07286655212673789 -0.1571849060453242 0
-0.2003863896523256 -0.1153752491348033 0
0.05806820333862652 -0.1948175412675195 0
0.02722860022080267 -0.06225616496460519 0
0.1895632714397115 -0.2295374252317572 0
-0.2275727434013847 0.01305256296387804 0
-0.3242529778091485 -0.07769915642851546 0
-0.4441227999519851 -0.02491127490621045 0
-0.4169364462029259 -0.1533390870048918 0
-0.5129411034259924 -0.2199871643747092 0
0.1249513906459182 0.03213480539418052 0
-0.005983364819446191 0.06976744061637585 0
-0.03870572211735433 0.2003384727005819 0
-0.1364285125424698 0.1059475023417962 0
-0.2602951006992928 0.1436235950480841 0
0.2487589632930575 -0.002769815350204426 0
0.2155469982528086 0.1292537902307766 0
0.2953888100262672 -0.1345803307416857 0
0.3859844176331576 -0.03746134590508953 0
0.3267887257798116 -0.2642289557866423 0
0.3280642258450305 0.2377128055819084 0
0.2042566531978913 0.2726174263262934 0
0.05792173305324128 0.2913438487709925 0
-0.0725234146697824 0.3275239104964128 0
0.1704389606454632 0.3998028641221243 0
0.4650254531413318 0.08512212902870411 0
0.4230294005436804 0.1776985180692006 0
0.5487002827850643 0.168471477611513 0
-0.2972334230109621 0.2701168900313842 0
-0.3883776538698769 0.177221950653466 0
-0.1127271525706361 0.4441596334034641 0
-0.2093546077412317 0.3531542573330535 0
0.3260651220531977 -0.3884955240310336 0
0.4318906606397533 -0.2935384295409621 0
0.5417091901379946 -0.380382414852552 0
0.2573945900160807 0.4840268036626025 0
0.1110596698714308 0.5027532261073017 0
0.3090798533884326 0.6132311358379033 0
-0.5088280140912248 0.2193781628962266 0
-0.4718896917795554 0.09288486791292658 0
-0.02303988594147365 0.5190618499697975 0
-0.159871079012923 0.5446921968064382 0
-0.1933333973926785 0.6584592772486079 0
-0.6303120773085954 0.2501574964866756 0
-0.6098305002238696 -0.2880089354341246 0
0.6540575180481242 0.1774421548897612 0
2 2 0 137
306
307
308
309
310
311
312
313
314
315
316
317
318
319
320
321
322
323
324
325
326
327
328
329
330
331
332
333
334
335
336
337
338
339
340
341
342
343
344
345
346
347
348
349
350
351
352
353
354
355
356
357
358
359
360
361
362
363
364
365
366
367
368
369
370
371
372
373
374
375
376
377
378
379
380
381
382
383
384
385
386
387
388
389
390
391
392
393
394
395
396
397
398
399
400
401
402
403
404
405
406
407
408
409
410
411
412
413
414
415
416
417
418
419
420
421
422
423
424
425
426
427
428
429
430
431
432
433
434
435
436
437
438
439
440
441
442
-0.460065037731156 0.8878852184023732 -0.1
0.06824241336466813 0.9976687691905394 -0.1
0.3348796121709846 0.9422609221188211 -0.09999999999999999
-0.2034560130526371 0.9790840876823221 -0.09999999999999999
-0.2034560130526319 -0.9790840876823232 -0.1
0.9172113015054528 0.398401089846242 -0.1
0.9906859460363308 0.1361666490962468 -0.1
0.7757112907044191 0.6310879443260535 -0.1
0.5766803221148661 0.8169698930104428 -0.1
0.9906859460363306 -0.1361666490962472 -0.1
-1 -3.874338208735828e-15 -0.1
0.3348796121709869 -0.9422609221188203 -0.1
0.5766803221148676 -0.8169698930104417 -0.1
-0.4600650377311511 -0.8878852184023758 -0.1
0.7757112907044196 -0.6310879443260531 -0.1
-0.8544194045464909 0.5195839500354297 -0.1
-0.9629172873478002 0.2697967711570208 -0.1
-0.9629172873477981 -0.2697967711570283 -0.1
-0.8544194045464869 -0.5195839500354363 -0.1
-0.6825531432186576 0.7308359642781209 -0.09999999999999999
-0.6825531432186525 -0.7308359642781256 -0.1
0.06824241336467275 -0.997668769190539 -0.1
0.9172113015054532 -0.3984010898462411 -0.1
0.9976687691905392 0.0682424133646711 -0.15
0.9976687691905392 0.0682424133646711 -0.05
0.9976687691905392 -0.06824241336467141 -0.05
0.9976687691905392 -0.06824241336467141 -0.15
0.9790840876823228 0.2034560130526341 -0.05
0.9790840876823227 -0.2034560130526346 -0.05
0.9790840876823228 0.2034560130526341 -0.15
0.9790840876823227 -0.2034560130526346 -0.15
0.9422609221188204 0.3348796121709866 -0.05
0.8878852184023749 0.4600650377311528 -0.05
0.9422609221188204 0.3348796121709866 -0.15
0.9629172873477991 0.2697967711570247 -0.1
0.8169698930104414 0.576680322114868 -0.05
0.7308359642781234 0.6825531432186548 -0.05
0.8878852184023749 0.4600650377311528 -0.15
0.854419404546488 0.5195839500354344 -0.1
0.8169698930104414 0.576680322114868 -0.15
0.6310879443260519 0.7757112907044206 -0.05000000000000001
0.5195839500354325 0.8544194045464892 -0.05000000000000001
0.7308359642781234 0.6825531432186548 -0.15
0.6825531432186533 0.7308359642781248 -0.1
0.6310879443260519 0.7757112907044206 -0.15
0.3984010898462401 0.9172113015054536 -0.05
0.2697967711570225 0.9629172873477998 -0.05
0.3984010898462401 0.9172113015054536 -0.15
0.4600650377311508 0.8878852184023759 -0.1
0.5195839500354325 0.8544194045464892 -0.15
0.136166649096244 0.9906859460363311 -0.05
6.123233995736766e-17 1 -0.05
0.136166649096244 0.9906859460363311 -0.15
0.2034560130526316 0.9790840876823234 -0.1
0.2697967711570225 0.9629172873477998 -0.15
-0.13616664909625 0.9906859460363303 -0.05
-0.2697967711570279 0.9629172873477982 -0.05
6.123233995736766e-17 1 -0.15
-0.06824241336467421 0.9976687691905389 -0.1
-0.13616664909625 0.9906859460363303 -0.15
-0.3984010898462453 0.9172113015054514 -0.05
-0.5195839500354379 0.854419404546486 -0.05
-0.3984010898462453 0.9172113015054514 -0.15
-0.3348796121709899 0.9422609221188192 -0.1
-0.2697967711570279 0.9629172873477982 -0.15
-0.6310879443260566 0.7757112907044167 -0.05
-0.7308359642781275 0.6825531432186505 -0.05
-0.5195839500354379 0.854419404546486 -0.15
-0.5766803221148714 0.816969893010439 -0.1
-0.6310879443260566 0.7757112907044167 -0.15
-0.8169698930104445 0.5766803221148635 -0.05
-0.8878852184023774 0.4600650377311479 -0.05
-0.8169698930104445 0.5766803221148635 -0.15
-0.7757112907044228 0.6310879443260492 -0.1
-0.7308359642781275 0.6825531432186505 -0.15
-0.942260922118822 0.3348796121709822 -0.05
-0.9790840876823237 0.2034560130526301 -0.05
-0.8878852184023774 0.4600650377311479 -0.15
-0.9172113015054548 0.3984010898462373 -0.1
-0.942260922118822 0.3348796121709822 -0.15
-0.9976687691905395 0.06824241336466685 -0.05
-0.9976687691905389 -0.06824241336467458 -0.05
-0.9976687691905395 0.06824241336466685 -0.15
-0.9906859460363313 0.1361666490962427 -0.1
-0.9790840876823237 0.2034560130526301 -0.15
-0.979084087682322 -0.2034560130526377 -0.05000000000000001
-0.9422609221188193 -0.3348796121709894 -0.05000000000000001
-0.9976687691905389 -0.06824241336467458 -0.15
-0.9906859460363302 -0.1361666490962504 -0.1
-0.979084087682322 -0.2034560130526377 -0.15
-0.8878852184023739 -0.4600650377311548 -0.05
-0.8169698930104405 -0.5766803221148692 -0.05
-0.9422609221188193 -0.3348796121709894 -0.15
-0.9172113015054517 -0.3984010898462444 -0.1
-0.8878852184023739 -0.4600650377311548 -0.15
-0.7308359642781228 -0.6825531432186556 -0.05000000000000001
-0.6310879443260516 -0.7757112907044207 -0.05000000000000001
-0.8169698930104405 -0.5766803221148692 -0.15
-0.7757112907044181 -0.6310879443260549 -0.1
-0.7308359642781228 -0.6825531432186556 -0.15
-0.519583950035432 -0.8544194045464896 -0.05
-0.3984010898462402 -0.9172113015054536 -0.05
-0.519583950035432 -0.8544194045464896 -0.15
-0.5766803221148658 -0.816969893010443 -0.1
-0.6310879443260516 -0.7757112907044207 -0.15
-0.2697967711570226 -0.9629172873477998 -0.05
-0.1361666490962445 -0.9906859460363311 -0.05
-0.2697967711570226 -0.9629172873477998 -0.15
-0.3348796121709847 -0.942260922118821 -0.1
-0.3984010898462402 -0.9172113015054536 -0.15
-1.83697019872103e-16 -1 -0.05
0.1361666490962477 -0.9906859460363306 -0.05
-0.1361666490962445 -0.9906859460363311 -0.15
-0.06824241336466869 -0.9976687691905394 -0.1
-1.83697019872103e-16 -1 -0.15
0.2697967711570248 -0.9629172873477991 -0.05000000000000002
0.3984010898462423 -0.9172113015054526 -0.05000000000000002
0.2697967711570248 -0.9629172873477991 -0.15
0.203456013052635 -0.9790840876823226 -0.1
0.1361666490962477 -0.9906859460363306 -0.15
0.519583950035434 -0.8544194045464883 -0.05
0.6310879443260534 -0.7757112907044192 -0.05
0.3984010898462423 -0.9172113015054526 -0.15
0.4600650377311531 -0.8878852184023747 -0.1
0.519583950035434 -0.8544194045464883 -0.15
0.7308359642781243 -0.6825531432186538 -0.05
0.8169698930104419 -0.5766803221148673 -0.05
0.6310879443260534 -0.7757112907044192 -0.15
0.6825531432186549 -0.7308359642781234 -0.1
0.7308359642781243 -0.6825531432186538 -0.15
0.8878852184023753 -0.460065037731152 -0.05000000000000001
0.9422609221188204 -0.3348796121709864 -0.05000000000000001
0.8169698930104419 -0.5766803221148673 -0.15
0.854419404546489 -0.5195839500354328 -0.1
0.8878852184023753 -0.460065037731152 -0.15
0.9629172873477992 -0.2697967711570244 -0.1
0.9422609221188204 -0.3348796121709864 -0.15
2 3 0 212
443
444
445
446
447
448
449
450
451
452
453
454
455
456
457
458
459
460
461
462
463
464
465
466
467
468
469
470
471
472
473
474
475
476
477
478
479
480
481
482
483
484
485
486
487
488
489
490
491
492
493
494
495
496
497
498
499
500
501
502
503
504
505
506
507
508
509
510
511
512
513
514
515
516
517
518
519
520
521
522
523
524
525
526
527
528
529
530
531
532
533
534
535
536
537
538
539
540
541
542
543
544
545
546
547
548
549
550
551
552
553
554
555
556
557
558
559
560
561
562
563
564
565
566
567
568
569
570
571
572
573
574
575
576
577
578
579
580
581
582
583
584
585
586
587
588
589
590
591
592
593
594
595
596
597
598
599
600
601
602
603
604
605
606
607
608
609
610
611
612
613
614
615
616
617
618
619
620
621
622
623
624
625
626
627
628
629
630
631
632
633
634
635
636
637
638
639
640
641
642
643
644
645
646
647
648
649
650
651
652
653
654
0.7350344374651204 -0.1076597250749524 -0.2
-0.7743179652232316 -0.006708944202007003 -0.2
0.06619562310028707 0.7891553213728745 -0.2
-0.1535764096347156 -0.73905025789449 -0.2
-0.5152173167440102 0.55166304372987 -0.2
0.4353004467579044 -0.6166802399482006 -0.2
0.586774415259906 0.4716198008682436 -0.2
-0.5165137979171278 -0.5568751379843085 -0.2
0.07750969025402622 -0.7808378214526277 -0.2
0.02271105624151434 -0.5422136178858706 -0.2
-0.2609437816839257 -0.4872800761512245 -0.2
-0.04202694900891402 -0.2897462823482385 -0.2
-0.2970666240600894 -0.2061269685271968 -0.2
-0.1037061552445617 -0.02462352974240985 -0.2
0.1581633556861671 -0.09988880018680055 -0.2
0.09173942560566935 0.1641584109751616 -0.2
0.3393545708999479 0.09434916948639169 -0.2
-0.169150869840378 0.2365185344260022 -0.2
0.4326142643663672 -0.1692718612965708 -0.2
0.3167738807901131 0.3810764416774252 -0.2
0.2209631871932559 -0.3591860502767138 -0.2
-0.3514393315582077 0.05072865567016592 -0.2
0.0241040405008132 0.4185292865668234 -0.2
-0.2495583456420855 0.4697899802401048 -0.2
-0.4253159761815462 0.3037152456367661 -0.2
-0.5368062683457625 -0.1005512054825868 -0.2
-0.6682841026162877 0.3652739128176639 -0.2
0.1980152992420484 0.5869771656477798 -0.2
-0.3164829824015964 0.697324141124444 -0.2
0.506704230187413 0.2610478666520096 -0.2
0.7174187007135329 0.2789892212085059 -0.2
0.5906963353827156 0.07589508857101653 -0.2
0.6522513233628499 -0.3429598319197504 -0.2
-0.5923400520009032 0.1350410801556872 -0.2
-0.7305850619415172 -0.2365947476014177 -0.2
-0.3717391708789562 -0.7160354043572613 -0.2
0.2818404513604699 -0.7666641379486614 -0.2
0.4201444075348169 0.639485106028027 -0.2
-0.4890759385062222 -0.3394231232668317 -0.2
0.274093782365411 0.7777876686661019 -0.2
-0.6928232156756341 -0.4360500093995291 -0.2
-0.147130626197865 0.8048239005357237 -0.2
0.8045957683195705 0.1018361538232893 -0.2
0.4311670569131394 -0.4178049977853535 -0.2
0.2328710690066306 -0.5688333222577818 -0.2
-0.7885678734764416 0.2056347575427648 -0.2
-0.07018381238376051 0.6195944133727717 -0.2
0.6148292099457523 -0.5398865125987586 -0.2
0.9022978841597852 0.05091807691164465 -0.2
0.8837565278336849 0.185816462490157 -0.2
0.8489758624064598 -0.1887282481159884 -0.2
0.8675172187325602 -0.05382986253747617 -0.2
0.7698151028923454 -0.002911785625831522 -0.2
0.840167994030666 0.2743929961827652 -0.2
0.7859190526300105 0.3992865856219701 -0.2
0.7610072345165516 0.1904126875158976 -0.2
0.7205969099031971 0.495601875451839 -0.2
0.6346637792392796 0.6012278825731843 -0.2
0.6520965579867194 0.3753045110383748 -0.2
0.5513487753767351 0.685160535153076 -0.2
0.4401047226329839 0.7636851622152013 -0.2
0.5034594113973615 0.5555524534481353 -0.2
0.367079410048281 0.8328364435342389 -0.2
0.2387748977090213 0.8784358781742126 -0.2
0.3471190949501139 0.7086363873470645 -0.2
0.1348258180764593 0.8841197045275989 -0.2
-0.001023395132193567 0.8934120452817067 -0.2
0.170144702732849 0.7834714950194882 -0.2
-0.1076865197812696 0.9012463348631313 -0.2
-0.2410051191844275 0.8735424113272715 -0.2
-0.04046750154878894 0.7969896109542991 -0.2
-0.3256812972862932 0.8197925316216316 -0.2
-0.4465816522582339 0.7571470170674415 -0.2
-0.2318068042997307 0.7510740208300838 -0.2
-0.5459488194294407 0.6843164683701545 -0.2
-0.6454643037242165 0.5913754940279595 -0.2
-0.4158501495728033 0.624493592427157 -0.2
-0.7219976966603553 0.4981809285718566 -0.2
-0.7927477020608712 0.3818375013319506 -0.2
-0.591750709680149 0.4584684782737669 -0.2
-0.8528895874909482 0.3020179236945011 -0.2
-0.8896269097563865 0.1709007033195037 -0.2
-0.7284259880463647 0.2854543351802143 -0.2
-0.8825019556297814 0.06472885244711783 -0.2
-0.882501955629781 -0.07143779664912868 -0.2
-0.7814429193498366 0.09946290667037889 -0.2
-0.8606355039889236 -0.186380698348834 -0.2
-0.8238981817234844 -0.317497918723831 -0.2
-0.7524515135823744 -0.1216518459017123 -0.2
-0.805017258590543 -0.4172255496228868 -0.2
-0.7342672531900262 -0.5335689768627919 -0.2
-0.7117041388085756 -0.3363223785004734 -0.2
-0.646112544310773 -0.5939815411551818 -0.2
-0.5465970600159967 -0.6869225154973758 -0.2
-0.604668506796381 -0.4964625736919188 -0.2
-0.474209746496911 -0.7665026486838521 -0.2
-0.3533093915249705 -0.8291481632380412 -0.2
-0.444126484398042 -0.6364552711707849 -0.2
-0.2442280109028501 -0.8406555900066555 -0.2
-0.1109094114996921 -0.8683595135425147 -0.2
-0.2626577902568359 -0.7275428311258757 -0.2
0.004633638444678767 -0.8892532953215836 -0.2
0.1404828516533306 -0.8799609545674751 -0.2
-0.03803335969034467 -0.7599440396735588 -0.2
0.2426482322065525 -0.872874112815492 -0.2
0.3709527445458115 -0.827274678175518 -0.2
0.179675070807248 -0.7737509797006445 -0.2
0.4476827422445288 -0.7522827291752877 -0.2
0.5589267949882796 -0.673758102113162 -0.2
0.3585704490591872 -0.6916721889484311 -0.2
0.6486911765822035 -0.6353612384384409 -0.2
0.7346243072461206 -0.5297352313170957 -0.2
0.5250648283518283 -0.5782833762734797 -0.2
0.7533353639546695 -0.4312718909775916 -0.2
0.8075843053553245 -0.3063783015383874 -0.2
0.6335402666543011 -0.4414231722592545 -0.2
0.6936428804139851 -0.2253097784973514 -0.2
0.5838243509157438 -0.1384657931857615 -0.2
0.5116552998745414 -0.04668838636277711 -0.2
0.662865386423918 -0.01588231825196791 -0.2
0.5424327938646085 -0.2561158466081606 -0.2
0.697646051851143 0.08886562119715291 -0.2
-0.6555621167844971 -0.05363007484229691 -0.2
-0.6833290086120675 0.06416606797684013 -0.2
-0.5645731601733329 0.01724493733655021 -0.2
-0.6336956651436398 -0.1685729765420023 -0.2
-0.6904539627386724 0.170337918849226 -0.2
0.1321054611711677 0.6880662435103272 -0.2
0.2360545408037297 0.6823824171569409 -0.2
0.06391574342914393 0.6032857895102758 -0.2
-0.001994094641736716 0.7043748673728231 -0.2
-0.1086572192908127 0.7122091569542477 -0.2
-0.06543267669660062 -0.6406319378901802 -0.2
0.05011037324777028 -0.6615257196692491 -0.2
-0.2072600956593206 -0.6131651670228573 -0.2
-0.1191163627212057 -0.5147468470185476 -0.2
-0.316341476281441 -0.6016577402542429 -0.2
-0.3823878311930478 0.5107265119849874 -0.2
-0.3374371609118158 0.3867526129384354 -0.2
-0.4702666464627782 0.427689144683318 -0.2
-0.283020664021841 0.5835570606822744 -0.2
-0.546800039398917 0.334494579227215 -0.2
0.2573557601835502 -0.6677487301032216 -0.2
0.3340857578822675 -0.5927567811029912 -0.2
0.4332337518355219 -0.517242618866777 -0.2
0.332019062959885 -0.4933191600215676 -0.2
0.5229981334294459 -0.4788457551920561 -0.2
0.4517741480250096 0.4263481212728344 -0.2
0.5467393227236595 0.3663338337601266 -0.2
0.4117390554887631 0.3210621541647174 -0.2
0.368459144162465 0.5102807738527261 -0.2
0.6120614654504729 0.2700185439302577 -0.2
-0.3887287898005268 -0.5220776070677665 -0.2
-0.5027948682116751 -0.4481491306255701 -0.2
-0.3750098600950739 -0.4133515997090281 -0.2
-0.5909495770909282 -0.3877365663331804 -0.2
0.1277910626240725 -0.5555234700718262 -0.2
0.1551903796303284 -0.6748355718552047 -0.2
-0.1514853653464199 -0.3885131792497315 -0.2
-0.009657946383699845 -0.4159799501170546 -0.2
0.08946811909217094 -0.3244661663124762 -0.2
0.1218371217173851 -0.4506998340812922 -0.2
0.2269171280999432 -0.4640096862672478 -0.2
-0.2790052028720075 -0.3467035223392106 -0.2
-0.1695467865345017 -0.2479366254377177 -0.2
-0.3930712812831558 -0.2727750458970142 -0.2
-0.2003863896523256 -0.1153752491348033 -0.2
-0.07286655212673789 -0.1571849060453242 -0.2
0.02722860022080267 -0.0622561649646052 -0.2
0.05806820333862652 -0.1948175412675195 -0.2
0.1895632714397115 -0.2295374252317572 -0.2
-0.3242529778091485 -0.07769915642851546 -0.2
-0.2275727434013847 0.01305256296387803 -0.2
-0.4169364462029259 -0.1533390870048918 -0.2
-0.4441227999519851 -0.02491127490621046 -0.2
-0.5129411034259924 -0.2199871643747092 -0.2
-0.005983364819446191 0.06976744061637587 -0.2
0.1249513906459182 0.03213480539418052 -0.2
-0.1364285125424698 0.1059475023417962 -0.2
-0.0387057221173543 0.2003384727005819 -0.2
-0.2602951006992928 0.1436235950480841 -0.2
0.2155469982528086 0.1292537902307766 -0.2
0.2487589632930575 -0.002769815350204426 -0.2
0.3859844176331576 -0.03746134590508953 -0.2
0.2953888100262672 -0.1345803307416857 -0.2
0.3267887257798116 -0.2642289557866423 -0.2
0.2042566531978913 0.2726174263262934 -0.2
0.3280642258450305 0.2377128055819084 -0.2
-0.07252341466978239 0.3275239104964128 -0.2
0.05792173305324128 0.2913438487709925 -0.2
0.1704389606454632 0.3998028641221243 -0.2
0.4650254531413318 0.08512212902870411 -0.2
0.4230294005436804 0.1776985180692006 -0.2
0.5487002827850643 0.168471477611513 -0.2
-0.3883776538698769 0.177221950653466 -0.2
-0.2972334230109621 0.2701168900313842 -0.2
-0.2093546077412317 0.3531542573330535 -0.2
-0.1127271525706361 0.4441596334034641 -0.2
0.4318906606397533 -0.2935384295409621 -0.2
0.3260651220531977 -0.3884955240310336 -0.2
0.5417091901379946 -0.380382414852552 -0.2
0.1110596698714308 0.5027532261073017 -0.2
0.2573945900160807 0.4840268036626025 -0.2
0.3090798533884326 0.6132311358379033 -0.2
-0.4718896917795554 0.09288486791292658 -0.2
-0.5088280140912248 0.2193781628962266 -0.2
-0.159871079012923 0.5446921968064382 -0.2
-0.02303988594147365 0.5190618499697975 -0.2
-0.1933333973926784 0.6584592772486079 -0.2
-0.6303120773085954 0.2501574964866756 -0.2
-0.6098305002238696 -0.2880089354341246 -0.2
0.6540575180481242 0.1774421548897612 -0.2
3 1 0 273
655
656
657
658
659
660
661
662
663
664
665
666
667
668
669
670
671
672
673
674
675
676
677
678
679
680
681
682
683
684
685
686
687
688
689
690
691
692
693
694
695
696
697
698
699
700
701
702
703
704
705
706
707
708
709
710
711
712
713
714
715
716
717
718
719
720
721
722
723
724
725
726
727
728
729
730
731
732
733
734
735
736
737
738
739
740
741
742
743
744
745
746
747
748
749
750
751
752
753
754
755
756
757
758
759
760
761
762
763
764
765
766
767
768
769
770
771
772
773
774
775
776
777
778
779
780
781
782
783
784
785
786
787
788
789
790
791
792
793
794
795
796
797
798
799
800
801
802
803
804
805
806
807
808
809
810
811
812
813
814
815
816
817
818
819
820
821
822
823
824
825
826
827
828
829
830
831
832
833
834
835
836
837
838
839
840
841
842
843
844
845
846
847
848
849
850
851
852
853
854
855
856
857
858
859
860
861
862
863
864
865
866
867
868
869
870
871
872
873
874
875
876
877
878
879
880
881
882
883
884
885
886
887
888
889
890
891
892
893
894
895
896
897
898
899
900
901
902
903
904
905
906
907
908
909
910
911
912
913
914
915
916
917
918
919
920
921
922
923
924
925
926
927
0.3157315373376463 -0.6492912107010638 -0.09832323913589426
0.3585704490591871 -0.691672188948431 -0.1
0.2818404513604699 -0.7666641379486614 -0.1
0.3755159920477754 -0.6329857253246323 -0.04916161956794713
0.2987859943490581 -0.7079776743248626 -0.04916161956794713
0.2987859943490581 -0.7079776743248626 -0.1491616195679471
0.2573557601835502 -0.6677487301032217 -0.1
0.2743013031721384 -0.6090622664794227 -0.1491616195679471
0.4353004467579044 -0.6166802399482006 -0.1
0.3755159920477754 -0.6329857253246323 -0.1491616195679471
0.2328710690066306 -0.5688333222577818 -0.1
0.2743013031721384 -0.6090622664794227 -0.04916161956794713
0.3340857578822675 -0.5927567811029912 -0.1
0.4292603867376688 -0.7918170154795515 -0.15
0.4292603867376688 -0.7918170154795515 -0.05
0.505990384436386 -0.7168250664793212 -0.05
0.3709527445458115 -0.827274678175518 -0.1
-0.604668506796381 -0.4964625736919188 -0.1
-0.6876881794471432 -0.5834429868388273 -0.15
-0.5995334705678901 -0.6438555511312171 -0.05000000000000001
-0.6876881794471432 -0.5834429868388273 -0.05000000000000001
-0.6928232156756341 -0.4360500093995291 -0.1
-0.8942839367382208 0.1028173787713805 -0.05
-0.8942839367382208 0.1028173787713805 -0.15
-0.7885678734764416 0.2056347575427648 -0.1
-0.7814429193498367 0.09946290667037891 -0.1
-0.8871589826116157 -0.003354472101005439 -0.05
-0.7342672531900261 -0.533568976862792 -0.1
-0.147130626197865 0.8048239005357237 -0.1
-0.03944410641659842 0.9012463348631315 -0.15
-0.03944410641659842 0.9012463348631315 -0.05
-0.04046750154878895 0.7969896109542991 -0.1
0.0672190182324776 0.8934120452817069 -0.15
0.9022978841597853 0.05091807691164465 -0.1
0.8045957683195705 0.1018361538232893 -0.1
0.8976408571779506 -0.01716524763647895 -0.15
0.8976408571779506 -0.01716524763647895 -0.05
-0.8467511746446577 -0.253195759379223 -0.15
-0.8686176262855149 -0.1382528576795177 -0.15
-0.8686176262855149 -0.1382528576795177 -0.05000000000000001
-0.7743179652232316 -0.006708944202007003 -0.1
-0.7524515135823744 -0.1216518459017124 -0.1
-0.8825019556297808 -0.07143779664912869 -0.1
0.7698151028923454 -0.002911785625831532 -0.1
0.8628601917507255 -0.1219131870855998 -0.05
-0.8896269097563865 0.1709007033195037 -0.1
0.0672190182324776 0.8934120452817069 -0.05
0.06619562310028707 0.7891553213728745 -0.1
-0.8871589826116157 -0.003354472101005439 -0.15
0.6952702503250859 -0.5854872284624059 -0.05
0.7346243072461207 -0.5297352313170958 -0.1
0.6148292099457523 -0.5398865125987586 -0.1
0.6952702503250859 -0.5854872284624059 -0.15
-0.8467511746446577 -0.253195759379223 -0.05000000000000001
-0.7305850619415172 -0.2365947476014177 -0.1
0.505990384436386 -0.7168250664793212 -0.15
-0.1076865197812696 0.9012463348631313 -0.1
-0.5995334705678901 -0.6438555511312171 -0.15
-0.5165137979171278 -0.5568751379843085 -0.1
-0.4465816522582339 0.7571470170674415 -0.1
-0.3882740100663762 0.7926046797634085 -0.15
-0.3882740100663762 0.7926046797634085 -0.05
-0.3164829824015964 0.697324141124444 -0.1
0.8173150011094928 0.3386951555273739 -0.05
0.7859190526300105 0.3992865856219701 -0.1
0.8173150011094928 0.3386951555273739 -0.15
0.7174187007135329 0.2789892212085059 -0.1
-0.2410051191844275 0.8735424113272714 -0.1
-0.175293319625251 0.8919539941090229 -0.15
-0.175293319625251 0.8919539941090229 -0.05
-0.7613517535813893 0.4424289314265468 -0.15
-0.7219976966603552 0.4981809285718566 -0.1
-0.7613517535813893 0.4424289314265468 -0.05
-0.6682841026162877 0.3652739128176639 -0.1
0.07287605180934949 -0.8892532953215834 -0.05
0.07287605180934949 -0.8892532953215834 -0.15
0.07750969025402622 -0.7808378214526277 -0.1
0.004633638444678768 -0.8892532953215835 -0.1
0.4984123648248415 0.7282274995192348 -0.05000000000000001
0.5513487753767351 0.685160535153076 -0.1
0.4984123648248415 0.7282274995192348 -0.15
0.4201444075348169 0.639485106028027 -0.1
-0.8757425804121209 0.2377157643498928 -0.15
-0.8757425804121209 0.2377157643498928 -0.05
-0.8528895874909482 0.3020179236945011 -0.1
0.5250648283518283 -0.5782833762734796 -0.1
0.59575476603031 -0.6784282028046001 -0.05
0.59575476603031 -0.6784282028046001 -0.15
-0.8050172585905429 -0.4172255496228868 -0.1
-0.7736213101110605 -0.4778169797174827 -0.05
-0.7736213101110605 -0.4778169797174827 -0.15
0.3083600317657283 -0.8544625300337408 -0.15
0.3083600317657283 -0.8544625300337408 -0.05000000000000002
0.2426482322065525 -0.872874112815492 -0.1
0.8976408571779506 0.1190014014597681 -0.05
0.8976408571779506 0.1190014014597681 -0.15
0.8837565278336847 0.185816462490157 -0.1
0.3044866972681978 0.8600242953924615 -0.15
0.3044866972681978 0.8600242953924615 -0.05
0.274093782365411 0.7777876686661019 -0.1
0.367079410048281 0.8328364435342388 -0.1
-0.2442280109028501 -0.8406555900066555 -0.1
-0.1785162113436737 -0.8590671727884066 -0.05
-0.1109094114996921 -0.8683595135425146 -0.1
-0.1785162113436737 -0.8590671727884066 -0.15
-0.1535764096347156 -0.73905025789449 -0.1
-0.5465970600159968 -0.6869225154973757 -0.1
0.2387748977090213 0.8784358781742126 -0.1
0.6812428529821626 0.5513538725971485 -0.05
0.6346637792392796 0.6012278825731843 -0.1
0.6486911765822037 -0.6353612384384411 -0.1
0.7847313124341515 -0.3706804608829958 -0.05000000000000001
0.8261228694852868 -0.2530304074605967 -0.05000000000000001
0.8261228694852868 -0.2530304074605967 -0.15
0.7350344374651204 -0.1076597250749524 -0.1
0.6936428804139851 -0.2253097784973514 -0.1
0.586774415259906 0.4716198008682436 -0.1
0.6812428529821626 0.5513538725971485 -0.15
-0.3883776538698769 0.177221950653466 -0.1
-0.2602951006992928 0.1436235950480841 -0.1
-0.3514393315582077 0.05072865567016592 -0.1
-0.4253159761815462 0.3037152456367661 -0.1
-0.2972334230109621 0.2701168900313841 -0.1
0.1551903796303284 -0.6748355718552048 -0.1
0.179675070807248 -0.7737509797006445 -0.1
0.2360545408037297 0.6823824171569408 -0.1
0.170144702732849 0.7834714950194882 -0.1
-0.4718896917795554 0.09288486791292658 -0.1
-0.5923400520009032 0.1350410801556872 -0.1
-0.5088280140912247 0.2193781628962266 -0.1
0.8628601917507255 -0.1219131870855998 -0.15
-0.169150869840378 0.2365185344260022 -0.1
-0.5988852299813339 0.6412495040039954 -0.15
-0.5459488194294408 0.6843164683701545 -0.1
-0.5988852299813339 0.6412495040039954 -0.05
-0.5152173167440102 0.55166304372987 -0.1
0.720596909903197 0.495601875451839 -0.1
-0.2275727434013847 0.01305256296387804 -0.1
-0.6454643037242165 0.5913754940279596 -0.1
0.6522513233628499 -0.3429598319197504 -0.1
0.7847313124341515 -0.3706804608829958 -0.15
0.8489758624064598 -0.1887282481159884 -0.1
-0.1364285125424698 0.1059475023417962 -0.1
-0.1037061552445617 -0.02462352974240985 -0.1
-0.001994094641736721 0.7043748673728231 -0.1
0.1321054611711677 0.6880662435103271 -0.1
-0.5645731601733328 0.01724493733655021 -0.1
-0.7117041388085756 -0.3363223785004734 -0.1
-0.5909495770909281 -0.3877365663331804 -0.1
-0.3242529778091485 -0.07769915642851546 -0.1
0.3471190949501139 0.7086363873470645 -0.1
-0.03803335969034467 -0.7599440396735588 -0.1
-0.6833290086120674 0.06416606797684013 -0.1
-0.6555621167844971 -0.05363007484229692 -0.1
-0.4702666464627782 0.427689144683318 -0.1
-0.3374371609118159 0.3867526129384354 -0.1
0.1348258180764593 0.8841197045275989 -0.1
-0.4441227999519851 -0.02491127490621046 -0.1
-0.5368062683457625 -0.1005512054825868 -0.1
-0.07286655212673789 -0.1571849060453241 -0.1
0.02722860022080267 -0.0622561649646052 -0.1
-0.06543267669660061 -0.6406319378901804 -0.1
-0.1191163627212057 -0.5147468470185476 -0.1
-0.2072600956593206 -0.6131651670228573 -0.1
-0.4169364462029259 -0.1533390870048918 -0.1
-0.2003863896523256 -0.1153752491348033 -0.1
0.4117390554887631 0.3210621541647174 -0.1
0.3280642258450305 0.2377128055819084 -0.1
0.4230294005436804 0.1776985180692006 -0.1
0.506704230187413 0.2610478666520096 -0.1
-0.1695467865345017 -0.2479366254377177 -0.1
-0.2790052028720076 -0.3467035223392107 -0.1
-0.2970666240600894 -0.2061269685271968 -0.1
-0.3823878311930478 0.5107265119849874 -0.1
-0.2495583456420855 0.4697899802401048 -0.1
0.1404828516533306 -0.8799609545674751 -0.1
0.05806820333862653 -0.1948175412675195 -0.1
0.1581633556861671 -0.09988880018680055 -0.1
0.5467393227236594 0.3663338337601266 -0.1
-0.005983364819446196 0.06976744061637585 -0.1
-0.03870572211735431 0.2003384727005819 -0.1
-0.4159021043050537 -0.8019603113798186 -0.15
-0.4159021043050537 -0.8019603113798186 -0.05
-0.3717391708789562 -0.7160354043572613 -0.1
-0.3533093915249705 -0.8291481632380411 -0.1
-0.6904539627386724 0.170337918849226 -0.1
0.02271105624151434 -0.5422136178858706 -0.1
0.06391574342914393 0.6032857895102757 -0.1
0.1980152992420484 0.5869771656477798 -0.1
-0.07018381238376051 0.6195944133727717 -0.1
-0.474209746496911 -0.7665026486838522 -0.1
-0.2626577902568359 -0.7275428311258756 -0.1
-0.4158501495728033 0.624493592427157 -0.1
-0.04202694900891402 -0.2897462823482385 -0.1
-0.1514853653464199 -0.3885131792497315 -0.1
-0.2609437816839257 -0.4872800761512245 -0.1
-0.316341476281441 -0.6016577402542429 -0.1
-0.009657946383699843 -0.4159799501170546 -0.1
-0.2093546077412317 0.3531542573330535 -0.1
-0.07252341466978239 0.3275239104964128 -0.1
0.5034594113973615 0.5555524534481353 -0.1
-0.5917507096801489 0.4584684782737669 -0.1
0.1895632714397115 -0.2295374252317572 -0.1
0.2953888100262672 -0.1345803307416857 -0.1
0.4318906606397533 -0.2935384295409621 -0.1
0.3260651220531977 -0.3884955240310336 -0.1
0.4311670569131394 -0.4178049977853535 -0.1
0.7610072345165517 0.1904126875158976 -0.1
0.3267887257798116 -0.2642289557866423 -0.1
0.2209631871932559 -0.3591860502767138 -0.1
-0.375009860095074 -0.4133515997090281 -0.1
-0.4890759385062222 -0.3394231232668317 -0.1
-0.3930712812831558 -0.2727750458970142 -0.1
-0.444126484398042 -0.6364552711707849 -0.1
0.4401047226329839 0.7636851622152014 -0.1
0.6520965579867195 0.3753045110383748 -0.1
-0.7927477020608713 0.3818375013319506 -0.1
-0.7284259880463646 0.2854543351802143 -0.1
-0.6336956651436398 -0.1685729765420023 -0.1
-0.5129411034259923 -0.2199871643747092 -0.1
-0.6098305002238696 -0.2880089354341246 -0.1
-0.1127271525706361 0.4441596334034641 -0.1
-0.6303120773085955 0.2501574964866756 -0.1
0.08946811909217094 -0.3244661663124762 -0.1
0.7533353639546694 -0.4312718909775916 -0.1
0.3859844176331576 -0.03746134590508954 -0.1
0.2487589632930575 -0.00276981535020443 -0.1
0.2155469982528086 0.1292537902307766 -0.1
0.2042566531978912 0.2726174263262934 -0.1
0.3393545708999479 0.09434916948639169 -0.1
0.1249513906459182 0.03213480539418051 -0.1
-0.3256812972862931 0.8197925316216316 -0.1
-0.2318068042997307 0.7510740208300839 -0.1
0.3090798533884326 0.6132311358379035 -0.1
-0.546800039398917 0.334494579227215 -0.1
0.1704389606454632 0.3998028641221243 -0.1
0.0241040405008132 0.4185292865668234 -0.1
0.05792173305324128 0.2913438487709925 -0.1
-0.1086572192908127 0.7122091569542477 -0.1
0.05011037324777028 -0.6615257196692492 -0.1
-0.3887287898005268 -0.5220776070677665 -0.1
-0.502794868211675 -0.4481491306255701 -0.1
-0.8238981817234845 -0.317497918723831 -0.1
0.840167994030666 0.2743929961827652 -0.1
0.5116552998745414 -0.04668838636277712 -0.1
0.4650254531413317 0.08512212902870411 -0.1
0.3684591441624651 0.5102807738527261 -0.1
0.4517741480250096 0.4263481212728344 -0.1
0.6335402666543011 -0.4414231722592545 -0.1
0.4326142643663672 -0.1692718612965708 -0.1
0.1218371217173851 -0.4506998340812922 -0.1
0.1277910626240724 -0.5555234700718262 -0.1
0.5906963353827156 0.07589508857101653 -0.1
0.662865386423918 -0.01588231825196792 -0.1
0.5487002827850642 0.168471477611513 -0.1
-0.2830206640218409 0.5835570606822744 -0.1
0.09173942560566935 0.1641584109751616 -0.1
0.3167738807901131 0.3810764416774252 -0.1
0.5417091901379947 -0.380382414852552 -0.1
0.2573945900160808 0.4840268036626025 -0.1
0.1110596698714308 0.5027532261073016 -0.1
0.332019062959885 -0.4933191600215676 -0.1
0.6120614654504729 0.2700185439302577 -0.1
-0.02303988594147366 0.5190618499697975 -0.1
0.4332337518355219 -0.517242618866777 -0.1
-0.159871079012923 0.5446921968064382 -0.1
0.5838243509157438 -0.1384657931857616 -0.1
0.697646051851143 0.08886562119715291 -0.1
0.6540575180481243 0.1774421548897612 -0.1
-0.1933333973926785 0.6584592772486078 -0.1
0.2269171280999432 -0.4640096862672478 -0.1
0.5229981334294459 -0.4788457551920561 -0.1
0.5424327938646085 -0.2561158466081606 -0.1
$EndNodes
$Elements
4 4768 1 4768
2 1 2 468
1 4 142 3 
2 142 143 3 
3 142 136 143 
4 3 143 1 
5 1 144 47 
6 144 145 47 
7 144 94 145 
8 47 145 46 
9 1 143 144 
10 143 146 144 
11 143 136 146 
12 144 146 94 
13 6 147 5 
14 147 148 5 
15 147 124 148 
16 5 148 4 
17 124 149 148 
18 149 142 148 
19 149 136 142 
20 148 142 4 
21 8 150 7 
22 150 151 7 
23 150 100 151 
24 7 151 6 
25 100 152 151 
26 152 147 151 
27 152 124 147 
28 151 147 6 
29 10 153 9 
30 153 154 9 
31 153 131 154 
32 9 154 8 
33 8 154 150 
34 154 155 150 
35 154 131 155 
36 150 155 100 
37 12 156 11 
38 156 157 11 
39 156 133 157 
40 11 157 10 
41 10 157 153 
42 157 158 153 
43 157 133 158 
44 153 158 131 
45 14 159 13 
46 159 160 13 
47 159 96 160 
48 13 160 12 
49 96 161 160 
50 161 156 160 
51 161 133 156 
52 160 156 12 
53 16 162 15 
54 162 163 15 
55 162 135 163 
56 15 163 14 
57 14 163 159 
58 163 164 159 
59 163 135 164 
60 159 164 96 
61 18 165 17 
62 165 166 17 
63 165 122 166 
64 17 166 16 
65 122 167 166 
66 167 162 166 
67 167 135 162 
68 166 162 16 
69 20 168 19 
70 168 169 19 
71 168 98 169 
72 19 169 18 
73 98 170 169 
74 170 165 169 
75 170 122 165 
76 169 165 18 
77 22 171 21 
78 171 172 21 
79 171 120 172 
80 21 172 20 
81 20 172 168 
82 172 173 168 
83 172 120 173 
84 168 173 98 
85 24 174 23 
86 174 175 23 
87 174 139 175 
88 23 175 22 
89 22 175 171 
90 175 176 171 
91 175 139 176 
92 171 176 120 
93 26 177 25 
94 177 178 25 
95 177 95 178 
96 25 178 24 
97 95 179 178 
98 179 174 178 
99 179 139 174 
100 178 174 24 
101 28 180 27 
102 180 181 27 
103 180 128 181 
104 27 181 26 
105 26 181 177 
106 181 182 177 
107 181 128 182 
108 177 182 95 
109 30 183 29 
110 183 184 29 
111 183 134 184 
112 29 184 28 
113 28 184 180 
114 184 185 180 
115 184 134 185 
116 180 185 128 
117 32 186 31 
118 186 187 31 
119 186 101 187 
120 31 187 30 
121 101 188 187 
122 188 183 187 
123 188 134 183 
124 187 183 30 
125 34 189 33 
126 189 190 33 
127 189 129 190 
128 33 190 32 
129 32 190 186 
130 190 191 186 
131 190 129 191 
132 186 191 101 
133 36 192 35 
134 192 193 35 
135 192 97 193 
136 35 193 34 
137 97 194 193 
138 194 189 193 
139 194 129 189 
140 193 189 34 
141 38 195 37 
142 195 196 37 
143 195 102 196 
144 37 196 36 
145 36 196 192 
146 196 197 192 
147 196 102 197 
148 192 197 97 
149 40 198 39 
150 198 199 39 
151 198 130 199 
152 39 199 38 
153 38 199 195 
154 199 200 195 
155 199 130 200 
156 195 200 102 
157 42 201 41 
158 201 202 41 
159 201 99 202 
160 41 202 40 
161 99 203 202 
162 203 198 202 
163 203 130 198 
164 202 198 40 
165 44 204 43 
166 204 205 43 
167 204 141 205 
168 43 205 42 
169 42 205 201 
170 205 206 201 
171 205 141 206 
172 201 206 99 
173 46 207 45 
174 207 208 45 
175 207 126 208 
176 45 208 44 
177 126 209 208 
178 209 204 208 
179 209 141 204 
180 208 204 44 
181 94 210 145 
182 210 207 145 
183 210 126 207 
184 145 207 46 
185 94 211 213 
186 211 212 213 
187 211 125 212 
188 213 212 112 
189 112 214 213 
190 214 210 213 
191 214 126 210 
192 213 210 94 
193 94 146 211 
194 146 215 211 
195 146 136 215 
196 211 215 125 
197 119 216 218 
198 216 217 218 
199 216 127 217 
200 218 217 95 
201 95 182 218 
202 182 219 218 
203 182 128 219 
204 218 219 119 
205 127 220 217 
206 220 179 217 
207 220 139 179 
208 217 179 95 
209 121 221 222 
210 221 161 222 
211 221 133 161 
212 222 161 96 
213 96 223 222 
214 223 224 222 
215 223 140 224 
216 222 224 121 
217 135 225 164 
218 225 223 164 
219 225 140 223 
220 164 223 96 
221 102 226 197 
222 226 227 197 
223 226 103 227 
224 197 227 97 
225 103 228 227 
226 228 229 227 
227 228 104 229 
228 227 229 97 
229 104 230 229 
230 230 194 229 
231 230 129 194 
232 229 194 97 
233 98 231 233 
234 231 232 233 
235 231 118 232 
236 233 232 117 
237 117 234 233 
238 234 170 233 
239 234 122 170 
240 233 170 98 
241 98 173 231 
242 173 235 231 
243 173 120 235 
244 231 235 118 
245 99 236 203 
246 236 237 203 
247 236 138 237 
248 203 237 130 
249 137 238 239 
250 238 236 239 
251 238 138 236 
252 239 236 99 
253 99 206 239 
254 206 240 239 
255 206 141 240 
256 239 240 137 
257 113 241 243 
258 241 242 243 
259 241 123 242 
260 243 242 100 
261 100 155 243 
262 155 244 243 
263 155 131 244 
264 243 244 113 
265 123 245 242 
266 245 152 242 
267 245 124 152 
268 242 152 100 
269 101 191 246 
270 191 230 246 
271 191 129 230 
272 246 230 104 
273 104 247 246 
274 247 248 246 
275 247 132 248 
276 246 248 101 
277 132 249 248 
278 249 188 248 
279 249 134 188 
280 248 188 101 
281 102 250 226 
282 250 251 226 
283 250 138 251 
284 226 251 103 
285 130 237 200 
286 237 250 200 
287 237 138 250 
288 200 250 102 
289 103 252 228 
290 252 253 228 
291 252 105 253 
292 228 253 104 
293 103 254 252 
294 254 255 252 
295 254 114 255 
296 252 255 105 
297 103 251 254 
298 251 256 254 
299 251 138 256 
300 254 256 114 
301 105 257 253 
302 257 258 253 
303 257 106 258 
304 253 258 104 
305 106 259 258 
306 259 247 258 
307 259 132 247 
308 258 247 104 
309 105 260 257 
310 260 261 257 
311 260 107 261 
312 257 261 106 
313 105 262 260 
314 262 263 260 
315 262 108 263 
316 260 263 107 
317 105 255 262 
318 255 264 262 
319 255 114 264 
320 262 264 108 
321 107 265 261 
322 265 266 261 
323 265 115 266 
324 261 266 106 
325 115 267 266 
326 267 268 266 
327 267 119 268 
328 266 268 106 
329 119 269 268 
330 269 259 268 
331 269 132 259 
332 268 259 106 
333 108 270 263 
334 270 271 263 
335 270 109 271 
336 263 271 107 
337 109 272 271 
338 272 273 271 
339 272 111 273 
340 271 273 107 
341 111 274 273 
342 274 265 273 
343 274 115 265 
344 273 265 107 
345 108 275 270 
346 275 276 270 
347 275 110 276 
348 270 276 109 
349 108 277 275 
350 277 278 275 
351 277 112 278 
352 275 278 110 
353 108 264 277 
354 264 279 277 
355 264 114 279 
356 277 279 112 
357 110 280 276 
358 280 281 276 
359 280 113 281 
360 276 281 109 
361 109 282 272 
362 282 283 272 
363 282 116 283 
364 272 283 111 
365 113 284 281 
366 284 282 281 
367 284 116 282 
368 281 282 109 
369 112 212 278 
370 212 285 278 
371 212 125 285 
372 278 285 110 
373 110 286 280 
374 286 241 280 
375 286 123 241 
376 280 241 113 
377 110 285 286 
378 285 287 286 
379 285 125 287 
380 286 287 123 
381 111 288 274 
382 288 289 274 
383 288 118 289 
384 274 289 115 
385 116 290 283 
386 290 291 283 
387 290 117 291 
388 283 291 111 
389 117 232 291 
390 232 288 291 
391 232 118 288 
392 291 288 111 
393 114 292 279 
394 292 293 279 
395 292 137 293 
396 279 293 112 
397 112 293 214 
398 293 294 214 
399 293 137 294 
400 214 294 126 
401 113 295 284 
402 295 296 284 
403 295 121 296 
404 284 296 116 
405 113 244 295 
406 244 297 295 
407 244 131 297 
408 295 297 121 
409 114 256 292 
410 256 238 292 
411 256 138 238 
412 292 238 137 
413 118 298 289 
414 298 299 289 
415 298 127 299 
416 289 299 115 
417 115 299 267 
418 299 216 267 
419 299 127 216 
420 267 216 119 
421 116 300 290 
422 300 301 290 
423 300 140 301 
424 290 301 117 
425 121 224 296 
426 224 300 296 
427 224 140 300 
428 296 300 116 
429 117 301 234 
430 301 302 234 
431 301 140 302 
432 234 302 122 
433 120 303 235 
434 303 298 235 
435 303 127 298 
436 235 298 118 
437 128 304 219 
438 304 269 219 
439 304 132 269 
440 219 269 119 
441 120 176 303 
442 176 220 303 
443 176 139 220 
444 303 220 127 
445 131 158 297 
446 158 221 297 
447 158 133 221 
448 297 221 121 
449 122 302 167 
450 302 225 167 
451 302 140 225 
452 167 225 135 
453 123 287 245 
454 287 305 245 
455 287 125 305 
456 245 305 124 
457 125 215 305 
458 215 149 305 
459 215 136 149 
460 305 149 124 
461 137 240 294 
462 240 209 294 
463 240 141 209 
464 294 209 126 
465 128 185 304 
466 185 249 304 
467 185 134 249 
468 304 249 132 
2 2 2 368
469 2 329 48 
470 329 330 48 
471 329 312 330 
472 48 330 1 
473 1 331 48 
474 331 332 48 
475 331 315 332 
476 48 332 2 
477 1 330 3 
478 330 333 3 
479 330 312 333 
480 3 333 4 
481 46 334 47 
482 334 331 47 
483 334 315 331 
484 47 331 1 
485 50 335 49 
486 335 329 49 
487 335 312 329 
488 49 329 2 
489 2 332 93 
490 332 336 93 
491 332 315 336 
492 93 336 92 
493 4 337 5 
494 337 338 5 
495 337 311 338 
496 5 338 6 
497 50 339 340 
498 339 337 340 
499 339 311 337 
500 340 337 4 
501 4 333 340 
502 333 335 340 
503 333 312 335 
504 340 335 50 
505 6 341 7 
506 341 342 7 
507 341 313 342 
508 7 342 8 
509 6 338 344 
510 338 343 344 
511 338 311 343 
512 344 343 52 
513 52 345 344 
514 345 341 344 
515 345 313 341 
516 344 341 6 
517 8 346 9 
518 346 347 9 
519 346 314 347 
520 9 347 10 
521 8 342 349 
522 342 348 349 
523 342 313 348 
524 349 348 54 
525 54 350 349 
526 350 346 349 
527 350 314 346 
528 349 346 8 
529 10 351 11 
530 351 352 11 
531 351 308 352 
532 11 352 12 
533 56 353 354 
534 353 351 354 
535 353 308 351 
536 354 351 10 
537 10 347 354 
538 347 355 354 
539 347 314 355 
540 354 355 56 
541 12 356 13 
542 356 357 13 
543 356 307 357 
544 13 357 14 
545 58 358 359 
546 358 356 359 
547 358 307 356 
548 359 356 12 
549 12 352 359 
550 352 360 359 
551 352 308 360 
552 359 360 58 
553 14 361 15 
554 361 362 15 
555 361 309 362 
556 15 362 16 
557 14 357 364 
558 357 363 364 
559 357 307 363 
560 364 363 60 
561 60 365 364 
562 365 361 364 
563 365 309 361 
564 364 361 14 
565 16 366 17 
566 366 367 17 
567 366 306 367 
568 17 367 18 
569 62 368 369 
570 368 366 369 
571 368 306 366 
572 369 366 16 
573 16 362 369 
574 362 370 369 
575 362 309 370 
576 369 370 62 
577 18 371 19 
578 371 372 19 
579 371 325 372 
580 19 372 20 
581 18 367 374 
582 367 373 374 
583 367 306 373 
584 374 373 64 
585 64 375 374 
586 375 371 374 
587 375 325 371 
588 374 371 18 
589 20 376 21 
590 376 377 21 
591 376 321 377 
592 21 377 22 
593 66 378 379 
594 378 376 379 
595 378 321 376 
596 379 376 20 
597 20 372 379 
598 372 380 379 
599 372 325 380 
600 379 380 66 
601 22 381 23 
602 381 382 23 
603 381 322 382 
604 23 382 24 
605 22 377 384 
606 377 383 384 
607 377 321 383 
608 384 383 68 
609 68 385 384 
610 385 381 384 
611 385 322 381 
612 384 381 22 
613 24 386 25 
614 386 387 25 
615 386 316 387 
616 25 387 26 
617 70 388 389 
618 388 386 389 
619 388 316 386 
620 389 386 24 
621 24 382 389 
622 382 390 389 
623 382 322 390 
624 389 390 70 
625 26 391 27 
626 391 392 27 
627 391 323 392 
628 27 392 28 
629 26 387 394 
630 387 393 394 
631 387 316 393 
632 394 393 72 
633 72 395 394 
634 395 391 394 
635 395 323 391 
636 394 391 26 
637 28 396 29 
638 396 397 29 
639 396 324 397 
640 29 397 30 
641 28 392 399 
642 392 398 399 
643 392 323 398 
644 399 398 74 
645 74 400 399 
646 400 396 399 
647 400 324 396 
648 399 396 28 
649 30 401 31 
650 401 402 31 
651 401 326 402 
652 31 402 32 
653 30 397 404 
654 397 403 404 
655 397 324 403 
656 404 403 76 
657 76 405 404 
658 405 401 404 
659 405 326 401 
660 404 401 30 
661 32 406 33 
662 406 407 33 
663 406 319 407 
664 33 407 34 
665 78 408 409 
666 408 406 409 
667 408 319 406 
668 409 406 32 
669 32 402 409 
670 402 410 409 
671 402 326 410 
672 409 410 78 
673 34 411 35 
674 411 412 35 
675 411 310 412 
676 35 412 36 
677 80 413 414 
678 413 411 414 
679 413 310 411 
680 414 411 34 
681 34 407 414 
682 407 415 414 
683 407 319 415 
684 414 415 80 
685 36 416 37 
686 416 417 37 
687 416 327 417 
688 37 417 38 
689 36 412 419 
690 412 418 419 
691 412 310 418 
692 419 418 82 
693 82 420 419 
694 420 416 419 
695 420 327 416 
696 419 416 36 
697 38 421 39 
698 421 422 39 
699 421 317 422 
700 39 422 40 
701 84 423 424 
702 423 421 424 
703 423 317 421 
704 424 421 38 
705 38 417 424 
706 417 425 424 
707 417 327 425 
708 424 425 84 
709 40 426 41 
710 426 427 41 
711 426 318 427 
712 41 427 42 
713 40 422 429 
714 422 428 429 
715 422 317 428 
716 429 428 86 
717 86 430 429 
718 430 426 429 
719 430 318 426 
720 429 426 40 
721 42 431 43 
722 431 432 43 
723 431 320 432 
724 43 432 44 
725 42 427 434 
726 427 433 434 
727 427 318 433 
728 434 433 88 
729 88 435 434 
730 435 431 434 
731 435 320 431 
732 434 431 42 
733 44 436 45 
734 436 437 45 
735 436 328 437 
736 45 437 46 
737 44 432 439 
738 432 438 439 
739 432 320 438 
740 439 438 90 
741 90 440 439 
742 440 436 439 
743 440 328 436 
744 439 436 44 
745 92 336 441 
746 336 334 441 
747 336 315 334 
748 441 334 46 
749 46 437 441 
750 437 442 441 
751 437 328 442 
752 441 442 92 
753 52 343 51 
754 343 339 51 
755 343 311 339 
756 51 339 50 
757 54 348 53 
758 348 345 53 
759 348 313 345 
760 53 345 52 
761 56 355 55 
762 355 350 55 
763 355 314 350 
764 55 350 54 
765 58 360 57 
766 360 353 57 
767 360 308 353 
768 57 353 56 
769 60 363 59 
770 363 358 59 
771 363 307 358 
772 59 358 58 
773 62 370 61 
774 370 365 61 
775 370 309 365 
776 61 365 60 
777 64 373 63 
778 373 368 63 
779 373 306 368 
780 63 368 62 
781 66 380 65 
782 380 375 65 
783 380 325 375 
784 65 375 64 
785 68 383 67 
786 383 378 67 
787 383 321 378 
788 67 378 66 
789 70 390 69 
790 390 385 69 
791 390 322 385 
792 69 385 68 
793 72 393 71 
794 393 388 71 
795 393 316 388 
796 71 388 70 
797 74 398 73 
798 398 395 73 
799 398 323 395 
800 73 395 72 
801 76 403 75 
802 403 400 75 
803 403 324 400 
804 75 400 74 
805 78 410 77 
806 410 405 77 
807 410 326 405 
808 77 405 76 
809 80 415 79 
810 415 408 79 
811 415 319 408 
812 79 408 78 
813 82 418 81 
814 418 413 81 
815 418 310 413 
816 81 413 80 
817 84 425 83 
818 425 420 83 
819 425 327 420 
820 83 420 82 
821 86 428 85 
822 428 423 85 
823 428 317 423 
824 85 423 84 
825 88 433 87 
826 433 430 87 
827 433 318 430 
828 87 430 86 
829 90 438 89 
830 438 435 89 
831 438 320 435 
832 89 435 88 
833 92 442 91 
834 442 440 91 
835 442 328 440 
836 91 440 90 
2 3 2 468
837 50 49 492 
838 49 491 492 
839 49 2 491 
840 492 491 485 
841 2 93 494 
842 93 493 494 
843 93 92 493 
844 494 493 443 
845 2 494 491 
846 494 495 491 
847 494 443 495 
848 491 495 485 
849 52 51 497 
850 51 496 497 
851 51 50 496 
852 497 496 473 
853 473 496 498 
854 496 492 498 
855 496 50 492 
856 498 492 485 
857 54 53 500 
858 53 499 500 
859 53 52 499 
860 500 499 449 
861 449 499 501 
862 499 497 501 
863 499 52 497 
864 501 497 473 
865 56 55 503 
866 55 502 503 
867 55 54 502 
868 503 502 480 
869 54 500 502 
870 500 504 502 
871 500 449 504 
872 502 504 480 
873 58 57 506 
874 57 505 506 
875 57 56 505 
876 506 505 482 
877 56 503 505 
878 503 507 505 
879 503 480 507 
880 505 507 482 
881 60 59 509 
882 59 508 509 
883 59 58 508 
884 509 508 445 
885 445 508 510 
886 508 506 510 
887 508 58 506 
888 510 506 482 
889 62 61 512 
890 61 511 512 
891 61 60 511 
892 512 511 484 
893 60 509 511 
894 509 513 511 
895 509 445 513 
896 511 513 484 
897 64 63 515 
898 63 514 515 
899 63 62 514 
900 515 514 471 
901 471 514 516 
902 514 512 516 
903 514 62 512 
904 516 512 484 
905 66 65 518 
906 65 517 518 
907 65 64 517 
908 518 517 447 
909 447 517 519 
910 517 515 519 
911 517 64 515 
912 519 515 471 
913 68 67 521 
914 67 520 521 
915 67 66 520 
916 521 520 469 
917 66 518 520 
918 518 522 520 
919 518 447 522 
920 520 522 469 
921 70 69 524 
922 69 523 524 
923 69 68 523 
924 524 523 488 
925 68 521 523 
926 521 525 523 
927 521 469 525 
928 523 525 488 
929 72 71 527 
930 71 526 527 
931 71 70 526 
932 527 526 444 
933 444 526 528 
934 526 524 528 
935 526 70 524 
936 528 524 488 
937 74 73 530 
938 73 529 530 
939 73 72 529 
940 530 529 477 
941 72 527 529 
942 527 531 529 
943 527 444 531 
944 529 531 477 
945 76 75 533 
946 75 532 533 
947 75 74 532 
948 533 532 483 
949 74 530 532 
950 530 534 532 
951 530 477 534 
952 532 534 483 
953 78 77 536 
954 77 535 536 
955 77 76 535 
956 536 535 450 
957 450 535 537 
958 535 533 537 
959 535 76 533 
960 537 533 483 
961 80 79 539 
962 79 538 539 
963 79 78 538 
964 539 538 478 
965 78 536 538 
966 536 540 538 
967 536 450 540 
968 538 540 478 
969 82 81 542 
970 81 541 542 
971 81 80 541 
972 542 541 446 
973 446 541 543 
974 541 539 543 
975 541 80 539 
976 543 539 478 
977 84 83 545 
978 83 544 545 
979 83 82 544 
980 545 544 451 
981 82 542 544 
982 542 546 544 
983 542 446 546 
984 544 546 451 
985 86 85 548 
986 85 547 548 
987 85 84 547 
988 548 547 479 
989 84 545 547 
990 545 549 547 
991 545 451 549 
992 547 549 479 
993 88 87 551 
994 87 550 551 
995 87 86 550 
996 551 550 448 
997 448 550 552 
998 550 548 552 
999 550 86 548 
1000 552 548 479 
1001 90 89 554 
1002 89 553 554 
1003 89 88 553 
1004 554 553 490 
1005 88 551 553 
1006 551 555 553 
1007 551 448 555 
1008 553 555 490 
1009 92 91 557 
1010 91 556 557 
1011 91 90 556 
1012 557 556 475 
1013 475 556 558 
1014 556 554 558 
1015 556 90 554 
1016 558 554 490 
1017 443 493 559 
1018 493 557 559 
1019 493 92 557 
1020 559 557 475 
1021 443 560 562 
1022 560 561 562 
1023 560 461 561 
1024 562 561 474 
1025 461 560 563 
1026 560 559 563 
1027 560 443 559 
1028 563 559 475 
1029 443 562 495 
1030 562 564 495 
1031 562 474 564 
1032 495 564 485 
1033 468 565 567 
1034 565 566 567 
1035 565 444 566 
1036 567 566 476 
1037 444 565 531 
1038 565 568 531 
1039 565 468 568 
1040 531 568 477 
1041 476 566 569 
1042 566 528 569 
1043 566 444 528 
1044 569 528 488 
1045 470 570 571 
1046 570 510 571 
1047 570 445 510 
1048 571 510 482 
1049 445 570 573 
1050 570 572 573 
1051 570 470 572 
1052 573 572 489 
1053 484 513 574 
1054 513 573 574 
1055 513 445 573 
1056 574 573 489 
1057 451 546 576 
1058 546 575 576 
1059 546 446 575 
1060 576 575 452 
1061 452 575 578 
1062 575 577 578 
1063 575 446 577 
1064 578 577 453 
1065 453 577 579 
1066 577 543 579 
1067 577 446 543 
1068 579 543 478 
1069 447 580 582 
1070 580 581 582 
1071 580 466 581 
1072 582 581 467 
1073 466 580 583 
1074 580 519 583 
1075 580 447 519 
1076 583 519 471 
1077 447 582 522 
1078 582 584 522 
1079 582 467 584 
1080 522 584 469 
1081 448 552 586 
1082 552 585 586 
1083 552 479 585 
1084 586 585 487 
1085 486 587 588 
1086 587 586 588 
1087 587 448 586 
1088 588 586 487 
1089 448 587 555 
1090 587 589 555 
1091 587 486 589 
1092 555 589 490 
1093 462 590 592 
1094 590 591 592 
1095 590 449 591 
1096 592 591 472 
1097 449 590 504 
1098 590 593 504 
1099 590 462 593 
1100 504 593 480 
1101 472 591 594 
1102 591 501 594 
1103 591 449 501 
1104 594 501 473 
1105 450 595 540 
1106 595 579 540 
1107 595 453 579 
1108 540 579 478 
1109 453 595 597 
1110 595 596 597 
1111 595 450 596 
1112 597 596 481 
1113 481 596 598 
1114 596 537 598 
1115 596 450 537 
1116 598 537 483 
1117 451 576 600 
1118 576 599 600 
1119 576 452 599 
1120 600 599 487 
1121 479 549 585 
1122 549 600 585 
1123 549 451 600 
1124 585 600 487 
1125 452 578 602 
1126 578 601 602 
1127 578 453 601 
1128 602 601 454 
1129 452 602 604 
1130 602 603 604 
1131 602 454 603 
1132 604 603 463 
1133 452 604 599 
1134 604 605 599 
1135 604 463 605 
1136 599 605 487 
1137 454 601 607 
1138 601 606 607 
1139 601 453 606 
1140 607 606 455 
1141 455 606 608 
1142 606 597 608 
1143 606 453 597 
1144 608 597 481 
1145 454 607 610 
1146 607 609 610 
1147 607 455 609 
1148 610 609 456 
1149 454 610 612 
1150 610 611 612 
1151 610 456 611 
1152 612 611 457 
1153 454 612 603 
1154 612 613 603 
1155 612 457 613 
1156 603 613 463 
1157 456 609 615 
1158 609 614 615 
1159 609 455 614 
1160 615 614 464 
1161 464 614 617 
1162 614 616 617 
1163 614 455 616 
1164 617 616 468 
1165 468 616 618 
1166 616 608 618 
1167 616 455 608 
1168 618 608 481 
1169 457 611 620 
1170 611 619 620 
1171 611 456 619 
1172 620 619 458 
1173 458 619 622 
1174 619 621 622 
1175 619 456 621 
1176 622 621 460 
1177 460 621 623 
1178 621 615 623 
1179 621 456 615 
1180 623 615 464 
1181 457 620 625 
1182 620 624 625 
1183 620 458 624 
1184 625 624 459 
1185 457 625 627 
1186 625 626 627 
1187 625 459 626 
1188 627 626 461 
1189 457 627 613 
1190 627 628 613 
1191 627 461 628 
1192 613 628 463 
1193 459 624 630 
1194 624 629 630 
1195 624 458 629 
1196 630 629 462 
1197 458 622 632 
1198 622 631 632 
1199 622 460 631 
1200 632 631 465 
1201 462 629 633 
1202 629 632 633 
1203 629 458 632 
1204 633 632 465 
1205 461 626 561 
1206 626 634 561 
1207 626 459 634 
1208 561 634 474 
1209 459 630 635 
1210 630 592 635 
1211 630 462 592 
1212 635 592 472 
1213 459 635 634 
1214 635 636 634 
1215 635 472 636 
1216 634 636 474 
1217 460 623 638 
1218 623 637 638 
1219 623 464 637 
1220 638 637 467 
1221 465 631 640 
1222 631 639 640 
1223 631 460 639 
1224 640 639 466 
1225 466 639 581 
1226 639 638 581 
1227 639 460 638 
1228 581 638 467 
1229 463 628 642 
1230 628 641 642 
1231 628 461 641 
1232 642 641 486 
1233 461 563 641 
1234 563 643 641 
1235 563 475 643 
1236 641 643 486 
1237 462 633 645 
1238 633 644 645 
1239 633 465 644 
1240 645 644 470 
1241 462 645 593 
1242 645 646 593 
1243 645 470 646 
1244 593 646 480 
1245 463 642 605 
1246 642 588 605 
1247 642 486 588 
1248 605 588 487 
1249 467 637 648 
1250 637 647 648 
1251 637 464 647 
1252 648 647 476 
1253 464 617 647 
1254 617 567 647 
1255 617 468 567 
1256 647 567 476 
1257 465 640 650 
1258 640 649 650 
1259 640 466 649 
1260 650 649 489 
1261 470 644 572 
1262 644 650 572 
1263 644 465 650 
1264 572 650 489 
1265 466 583 649 
1266 583 651 649 
1267 583 471 651 
1268 649 651 489 
1269 469 584 652 
1270 584 648 652 
1271 584 467 648 
1272 652 648 476 
1273 477 568 653 
1274 568 618 653 
1275 568 468 618 
1276 653 618 481 
1277 469 652 525 
1278 652 569 525 
1279 652 476 569 
1280 525 569 488 
1281 480 646 507 
1282 646 571 507 
1283 646 470 571 
1284 507 571 482 
1285 471 516 651 
1286 516 574 651 
1287 516 484 574 
1288 651 574 489 
1289 472 594 636 
1290 594 654 636 
1291 594 473 654 
1292 636 654 474 
1293 474 654 564 
1294 654 498 564 
1295 654 473 498 
1296 564 498 485 
1297 486 643 589 
1298 643 558 589 
1299 643 475 558 
1300 589 558 490 
1301 477 653 534 
1302 653 598 534 
1303 653 481 598 
1304 534 598 483 
3 1 4 3464
1305 99 656 203 658 
1306 656 479 657 660 
1307 203 657 130 659 
1308 658 660 659 655 
1309 656 203 658 660 
1310 656 660 657 203 
1311 203 658 660 659 
1312 203 659 660 657 
1313 487 661 585 662 
1314 661 130 657 659 
1315 585 657 479 660 
1316 662 659 660 655 
1317 661 585 662 659 
1318 661 659 657 585 
1319 585 662 659 660 
1320 585 660 659 657 
1321 99 663 656 658 
1322 663 448 552 664 
1323 656 552 479 660 
1324 658 664 660 655 
1325 663 656 658 664 
1326 663 664 552 656 
1327 656 658 664 660 
1328 656 660 664 552 
1329 138 237 665 666 
1330 237 130 661 659 
1331 665 661 487 662 
1332 666 659 662 655 
1333 237 665 666 659 
1334 237 659 661 665 
1335 665 666 659 662 
1336 665 662 659 661 
1337 138 665 667 666 
1338 665 487 586 662 
1339 667 586 448 664 
1340 666 662 664 655 
1341 665 667 666 662 
1342 665 662 586 667 
1343 667 666 662 664 
1344 667 664 662 586 
1345 99 236 663 658 
1346 236 138 667 666 
1347 663 667 448 664 
1348 658 666 664 655 
1349 236 663 658 666 
1350 236 666 667 663 
1351 663 658 666 664 
1352 663 664 666 667 
1353 479 656 657 668 
1354 656 99 203 670 
1355 657 203 130 669 
1356 668 670 669 318 
1357 656 657 668 670 
1358 656 670 203 657 
1359 657 668 670 669 
1360 657 669 670 203 
1361 479 657 671 668 
1362 657 130 198 669 
1363 671 198 40 426 
1364 668 669 426 318 
1365 657 671 668 669 
1366 657 669 198 671 
1367 671 668 669 426 
1368 671 426 669 198 
1369 101 672 674 188 
1370 672 483 673 676 
1371 674 673 326 675 
1372 188 676 675 134 
1373 672 674 188 676 
1374 672 676 673 674 
1375 674 188 676 675 
1376 674 675 676 673 
1377 139 677 679 179 
1378 677 316 678 681 
1379 679 678 488 680 
1380 179 681 680 95 
1381 677 679 179 681 
1382 677 681 678 679 
1383 679 179 681 680 
1384 679 680 681 678 
1385 30 682 183 401 
1386 682 483 676 673 
1387 183 676 134 675 
1388 401 673 675 326 
1389 682 183 401 673 
1390 682 673 676 183 
1391 183 401 673 675 
1392 183 675 673 676 
1393 135 683 685 686 
1394 683 484 684 513 
1395 685 684 307 687 
1396 686 513 687 445 
1397 683 685 686 513 
1398 683 513 684 685 
1399 685 686 513 687 
1400 685 687 513 684 
1401 2 688 491 332 
1402 688 136 689 691 
1403 491 689 485 690 
1404 332 691 690 315 
1405 688 491 332 691 
1406 688 691 689 491 
1407 491 332 691 690 
1408 491 690 691 689 
1409 323 692 693 694 
1410 692 477 531 696 
1411 693 531 444 695 
1412 694 696 695 95 
1413 692 693 694 696 
1414 692 696 531 693 
1415 693 694 696 695 
1416 693 695 696 531 
1417 323 693 395 694 
1418 693 444 527 695 
1419 395 527 72 697 
1420 694 695 697 95 
1421 693 395 694 695 
1422 693 695 527 395 
1423 395 694 695 697 
1424 395 697 695 527 
1425 485 689 698 690 
1426 689 136 146 691 
1427 698 146 94 699 
1428 690 691 699 315 
1429 689 698 690 691 
1430 689 691 146 698 
1431 698 690 691 699 
1432 698 699 691 146 
1433 488 700 678 679 
1434 700 24 386 174 
1435 678 386 316 677 
1436 679 174 677 139 
1437 700 678 679 174 
1438 700 174 386 678 
1439 678 679 174 677 
1440 678 677 174 386 
1441 307 701 685 687 
1442 701 96 164 702 
1443 685 164 135 686 
1444 687 702 686 445 
1445 701 685 687 702 
1446 701 702 164 685 
1447 685 687 702 686 
1448 685 686 702 164 
1449 316 703 678 681 
1450 703 444 528 695 
1451 678 528 488 680 
1452 681 695 680 95 
1453 703 678 681 695 
1454 703 695 528 678 
1455 678 681 695 680 
1456 678 680 695 528 
1457 90 438 705 554 
1458 438 320 704 707 
1459 705 704 141 706 
1460 554 707 706 490 
1461 438 705 554 707 
1462 438 707 704 705 
1463 705 554 707 706 
1464 705 706 707 704 
1465 323 692 694 708 
1466 692 477 696 709 
1467 694 696 95 182 
1468 708 709 182 128 
1469 692 694 708 709 
1470 692 709 696 694 
1471 694 708 709 182 
1472 694 182 709 696 
1473 72 394 395 697 
1474 394 26 391 177 
1475 395 391 323 694 
1476 697 177 694 95 
1477 394 395 697 177 
1478 394 177 391 395 
1479 395 697 177 694 
1480 395 694 177 391 
1481 448 663 552 710 
1482 663 99 656 670 
1483 552 656 479 668 
1484 710 670 668 318 
1485 663 552 710 670 
1486 663 670 656 552 
1487 552 710 670 668 
1488 552 668 670 656 
1489 26 391 177 181 
1490 391 323 694 708 
1491 177 694 95 182 
1492 181 708 182 128 
1493 391 177 181 708 
1494 391 708 694 177 
1495 177 181 708 182 
1496 177 182 708 694 
1497 444 531 693 527 
1498 531 477 692 529 
1499 693 692 323 395 
1500 527 529 395 72 
1501 531 693 527 529 
1502 531 529 692 693 
1503 693 527 529 395 
1504 693 395 529 692 
1505 135 683 163 685 
1506 683 484 711 684 
1507 163 711 14 357 
1508 685 684 357 307 
1509 683 163 685 684 
1510 683 684 711 163 
1511 163 685 684 357 
1512 163 357 684 711 
1513 483 672 673 537 
1514 672 101 674 713 
1515 673 674 326 712 
1516 537 713 712 450 
1517 672 673 537 713 
1518 672 713 674 673 
1519 673 537 713 712 
1520 673 712 713 674 
1521 479 671 548 668 
1522 671 40 429 426 
1523 548 429 86 430 
1524 668 426 430 318 
1525 671 548 668 426 
1526 671 426 429 548 
1527 548 668 426 430 
1528 548 430 426 429 
1529 18 714 367 165 
1530 714 471 715 717 
1531 367 715 306 716 
1532 165 717 716 122 
1533 714 367 165 717 
1534 714 717 715 367 
1535 367 165 717 716 
1536 367 716 717 715 
1537 18 714 374 367 
1538 714 471 515 715 
1539 374 515 64 373 
1540 367 715 373 306 
1541 714 374 367 715 
1542 714 715 515 374 
1543 374 367 715 373 
1544 374 373 715 515 
1545 479 548 552 668 
1546 548 86 550 430 
1547 552 550 448 710 
1548 668 430 710 318 
1549 548 552 668 430 
1550 548 430 550 552 
1551 552 668 430 710 
1552 552 710 430 550 
1553 99 202 203 670 
1554 202 40 198 426 
1555 203 198 130 669 
1556 670 426 669 318 
1557 202 203 670 426 
1558 202 426 198 203 
1559 203 670 426 669 
1560 203 669 426 198 
1561 311 718 338 343 
1562 718 124 147 719 
1563 338 147 6 344 
1564 343 719 344 52 
1565 718 338 343 719 
1566 718 719 147 338 
1567 338 343 719 344 
1568 338 344 719 147 
1569 311 718 343 720 
1570 718 124 719 721 
1571 343 719 52 497 
1572 720 721 497 473 
1573 718 343 720 721 
1574 718 721 719 343 
1575 343 720 721 497 
1576 343 497 721 719 
1577 16 722 362 162 
1578 722 484 723 683 
1579 362 723 309 724 
1580 162 683 724 135 
1581 722 362 162 683 
1582 722 683 723 362 
1583 362 162 683 724 
1584 362 724 683 723 
1585 316 703 388 678 
1586 703 444 526 528 
1587 388 526 70 524 
1588 678 528 524 488 
1589 703 388 678 528 
1590 703 528 526 388 
1591 388 678 528 524 
1592 388 524 528 526 
1593 24 386 174 178 
1594 386 316 677 681 
1595 174 677 139 179 
1596 178 681 179 95 
1597 386 174 178 681 
1598 386 681 677 174 
1599 174 178 681 179 
1600 174 179 681 677 
1601 321 725 376 727 
1602 725 469 726 728 
1603 376 726 20 172 
1604 727 728 172 120 
1605 725 376 727 728 
1606 725 728 726 376 
1607 376 727 728 172 
1608 376 172 728 726 
1609 66 520 379 378 
1610 520 469 726 725 
1611 379 726 20 376 
1612 378 725 376 321 
1613 520 379 378 725 
1614 520 725 726 379 
1615 379 378 725 376 
1616 379 376 725 726 
1617 327 416 729 730 
1618 416 36 196 732 
1619 729 196 102 731 
1620 730 732 731 451 
1621 416 729 730 732 
1622 416 732 196 729 
1623 729 730 732 731 
1624 729 731 732 196 
1625 30 404 682 401 
1626 404 76 533 405 
1627 682 533 483 673 
1628 401 405 673 326 
1629 404 682 401 405 
1630 404 405 533 682 
1631 682 401 405 673 
1632 682 673 405 533 
1633 8 154 346 349 
1634 154 131 733 734 
1635 346 733 314 350 
1636 349 734 350 54 
1637 154 346 349 734 
1638 154 734 733 346 
1639 346 349 734 350 
1640 346 350 734 733 
1641 54 734 350 502 
1642 734 131 733 736 
1643 350 733 314 735 
1644 502 736 735 480 
1645 734 350 502 736 
1646 734 736 733 350 
1647 350 502 736 735 
1648 350 735 736 733 
1649 488 523 737 679 
1650 523 68 385 739 
1651 737 385 322 738 
1652 679 739 738 139 
1653 523 737 679 739 
1654 523 739 385 737 
1655 737 679 739 738 
1656 737 738 739 385 
1657 96 164 159 701 
1658 164 135 163 685 
1659 159 163 14 357 
1660 701 685 357 307 
1661 164 159 701 685 
1662 164 685 163 159 
1663 159 701 685 357 
1664 159 357 685 163 
1665 307 684 363 687 
1666 684 484 511 513 
1667 363 511 60 509 
1668 687 513 509 445 
1669 684 363 687 513 
1670 684 513 511 363 
1671 363 687 513 509 
1672 363 509 513 511 
1673 448 740 710 555 
1674 740 141 741 706 
1675 710 741 318 742 
1676 555 706 742 490 
1677 740 710 555 706 
1678 740 706 741 710 
1679 710 555 706 742 
1680 710 742 706 741 
1681 483 533 537 673 
1682 533 76 535 405 
1683 537 535 450 712 
1684 673 405 712 326 
1685 533 537 673 405 
1686 533 405 535 537 
1687 537 673 405 712 
1688 537 712 405 535 
1689 101 187 188 674 
1690 187 30 183 401 
1691 188 183 134 675 
1692 674 401 675 326 
1693 187 188 674 401 
1694 187 401 183 188 
1695 188 674 401 675 
1696 188 675 401 183 
1697 28 743 184 396 
1698 743 483 676 745 
1699 184 676 134 744 
1700 396 745 744 324 
1701 743 184 396 745 
1702 743 745 676 184 
1703 184 396 745 744 
1704 184 744 745 676 
1705 70 389 388 524 
1706 389 24 386 700 
1707 388 386 316 678 
1708 524 700 678 488 
1709 389 388 524 700 
1710 389 700 386 388 
1711 388 524 700 678 
1712 388 678 700 386 
1713 82 419 420 544 
1714 419 36 416 732 
1715 420 416 327 730 
1716 544 732 730 451 
1717 419 420 544 732 
1718 419 732 416 420 
1719 420 544 732 730 
1720 420 730 732 416 
1721 479 746 657 547 
1722 746 317 747 423 
1723 657 747 130 748 
1724 547 423 748 84 
1725 746 657 547 423 
1726 746 423 747 657 
1727 657 547 423 748 
1728 657 748 423 747 
1729 320 704 432 438 
1730 704 141 204 705 
1731 432 204 44 439 
1732 438 705 439 90 
1733 704 432 438 705 
1734 704 705 204 432 
1735 432 438 705 439 
1736 432 439 705 204 
1737 136 142 749 689 
1738 142 4 333 751 
1739 749 333 312 750 
1740 689 751 750 485 
1741 142 749 689 751 
1742 142 751 333 749 
1743 749 689 751 750 
1744 749 750 751 333 
1745 136 688 143 691 
1746 688 2 48 332 
1747 143 48 1 331 
1748 691 332 331 315 
1749 688 143 691 332 
1750 688 332 48 143 
1751 143 691 332 331 
1752 143 331 332 48 
1753 482 752 754 505 
1754 752 308 753 353 
1755 754 753 133 755 
1756 505 353 755 56 
1757 752 754 505 353 
1758 752 353 753 754 
1759 754 505 353 755 
1760 754 755 353 753 
1761 34 411 414 193 
1762 411 310 413 757 
1763 414 413 80 756 
1764 193 757 756 97 
1765 411 414 193 757 
1766 411 757 413 414 
1767 414 193 757 756 
1768 414 756 757 413 
1769 82 418 419 542 
1770 418 310 412 759 
1771 419 412 36 758 
1772 542 759 758 446 
1773 418 419 542 759 
1774 418 759 412 419 
1775 419 542 759 758 
1776 419 758 759 412 
1777 446 541 759 760 
1778 541 80 413 756 
1779 759 413 310 757 
1780 760 756 757 97 
1781 541 759 760 756 
1782 541 756 413 759 
1783 759 760 756 757 
1784 759 757 756 413 
1785 446 759 758 760 
1786 759 310 412 757 
1787 758 412 36 192 
1788 760 757 192 97 
1789 759 758 760 757 
1790 759 757 412 758 
1791 758 760 757 192 
1792 758 192 757 412 
1793 101 713 186 674 
1794 713 450 761 712 
1795 186 761 32 402 
1796 674 712 402 326 
1797 713 186 674 712 
1798 713 712 761 186 
1799 186 674 712 402 
1800 186 402 712 761 
1801 484 511 711 684 
1802 511 60 364 363 
1803 711 364 14 357 
1804 684 363 357 307 
1805 511 711 684 363 
1806 511 363 364 711 
1807 711 684 363 357 
1808 711 357 363 364 
1809 308 753 352 752 
1810 753 133 156 754 
1811 352 156 12 762 
1812 752 754 762 482 
1813 753 352 752 754 
1814 753 754 156 352 
1815 352 752 754 762 
1816 352 762 754 156 
1817 450 536 761 712 
1818 536 78 409 410 
1819 761 409 32 402 
1820 712 410 402 326 
1821 536 761 712 410 
1822 536 410 409 761 
1823 761 712 410 402 
1824 761 402 410 409 
1825 313 763 342 348 
1826 763 100 150 764 
1827 342 150 8 349 
1828 348 764 349 54 
1829 763 342 348 764 
1830 763 764 150 342 
1831 342 348 764 349 
1832 342 349 764 150 
1833 88 433 765 553 
1834 433 318 741 742 
1835 765 741 141 706 
1836 553 742 706 490 
1837 433 765 553 742 
1838 433 742 741 765 
1839 765 553 742 706 
1840 765 706 742 741 
1841 328 766 767 768 
1842 766 126 210 770 
1843 767 210 94 769 
1844 768 770 769 443 
1845 766 767 768 770 
1846 766 770 210 767 
1847 767 768 770 769 
1848 767 769 770 210 
1849 54 348 764 500 
1850 348 313 763 772 
1851 764 763 100 771 
1852 500 772 771 449 
1853 348 764 500 772 
1854 348 772 763 764 
1855 764 500 772 771 
1856 764 771 772 763 
1857 111 288 774 274 
1858 288 118 773 289 
1859 774 773 464 775 
1860 274 289 775 115 
1861 288 774 274 289 
1862 288 289 773 774 
1863 774 274 289 775 
1864 774 775 289 773 
1865 16 722 369 362 
1866 722 484 512 723 
1867 369 512 62 370 
1868 362 723 370 309 
1869 722 369 362 723 
1870 722 723 512 369 
1871 369 362 723 370 
1872 369 370 723 512 
1873 464 623 637 773 
1874 623 460 638 777 
1875 637 638 467 776 
1876 773 777 776 118 
1877 623 637 773 777 
1878 623 777 638 637 
1879 637 773 777 776 
1880 637 776 777 638 
1881 141 740 741 206 
1882 740 448 710 663 
1883 741 710 318 670 
1884 206 663 670 99 
1885 740 741 206 663 
1886 740 663 710 741 
1887 741 206 663 670 
1888 741 670 663 710 
1889 487 661 778 585 
1890 661 130 200 657 
1891 778 200 102 779 
1892 585 657 779 479 
1893 661 778 585 657 
1894 661 657 200 778 
1895 778 585 657 779 
1896 778 779 657 200 
1897 121 222 221 780 
1898 222 96 161 781 
1899 221 161 133 754 
1900 780 781 754 482 
1901 222 221 780 781 
1902 222 781 161 221 
1903 221 780 781 754 
1904 221 754 781 161 
1905 115 782 299 289 
1906 782 476 783 784 
1907 299 783 127 298 
1908 289 784 298 118 
1909 782 299 289 784 
1910 782 784 783 299 
1911 299 289 784 298 
1912 299 298 784 783 
1913 443 495 769 785 
1914 495 485 698 690 
1915 769 698 94 699 
1916 785 690 699 315 
1917 495 769 785 690 
1918 495 690 698 769 
1919 769 785 690 699 
1920 769 699 690 698 
1921 464 623 773 774 
1922 623 460 777 786 
1923 773 777 118 288 
1924 774 786 288 111 
1925 623 773 774 786 
1926 623 786 777 773 
1927 773 774 786 288 
1928 773 288 786 777 
1929 325 787 371 789 
1930 787 447 788 790 
1931 371 788 18 169 
1932 789 790 169 98 
1933 787 371 789 790 
1934 787 790 788 371 
1935 371 789 790 169 
1936 371 169 790 788 
1937 6 341 344 791 
1938 341 313 345 772 
1939 344 345 52 499 
1940 791 772 499 449 
1941 341 344 791 772 
1942 341 772 345 344 
1943 344 791 772 499 
1944 344 499 772 345 
1945 464 774 775 792 
1946 774 111 274 273 
1947 775 274 115 265 
1948 792 273 265 107 
1949 774 775 792 273 
1950 774 273 274 775 
1951 775 792 273 265 
1952 775 265 273 274 
1953 20 793 372 168 
1954 793 447 787 790 
1955 372 787 325 789 
1956 168 790 789 98 
1957 793 372 168 790 
1958 793 790 787 372 
1959 372 168 790 789 
1960 372 789 790 787 
1961 443 768 770 559 
1962 768 328 766 795 
1963 770 766 126 794 
1964 559 795 794 475 
1965 768 770 559 795 
1966 768 795 766 770 
1967 770 559 795 794 
1968 770 794 795 766 
1969 133 161 156 754 
1970 161 96 160 781 
1971 156 160 12 762 
1972 754 781 762 482 
1973 161 156 754 781 
1974 161 781 160 156 
1975 156 754 781 762 
1976 156 762 781 160 
1977 322 385 381 738 
1978 385 68 384 739 
1979 381 384 22 175 
1980 738 739 175 139 
1981 385 381 738 739 
1982 385 739 384 381 
1983 381 738 739 175 
1984 381 175 739 384 
1985 1 144 143 331 
1986 144 94 146 699 
1987 143 146 136 691 
1988 331 699 691 315 
1989 144 143 331 699 
1990 144 699 146 143 
1991 143 331 699 691 
1992 143 691 699 146 
1993 443 494 495 785 
1994 494 2 491 332 
1995 495 491 485 690 
1996 785 332 690 315 
1997 494 495 785 332 
1998 494 332 491 495 
1999 495 785 332 690 
2000 495 690 332 491 
2001 72 527 393 697 
2002 527 444 703 695 
2003 393 703 316 681 
2004 697 695 681 95 
2005 527 393 697 695 
2006 527 695 703 393 
2007 393 697 695 681 
2008 393 681 695 703 
2009 115 782 289 775 
2010 782 476 784 647 
2011 289 784 118 773 
2012 775 647 773 464 
2013 782 289 775 647 
2014 782 647 784 289 
2015 289 775 647 773 
2016 289 773 647 784 
2017 94 145 767 769 
2018 145 46 437 796 
2019 767 437 328 768 
2020 769 796 768 443 
2021 145 767 769 796 
2022 145 796 437 767 
2023 767 769 796 768 
2024 767 768 796 437 
2025 476 647 648 784 
2026 647 464 637 773 
2027 648 637 467 776 
2028 784 773 776 118 
2029 647 648 784 773 
2030 647 773 637 648 
2031 648 784 773 776 
2032 648 776 773 637 
2033 111 797 774 786 
2034 797 456 615 621 
2035 774 615 464 623 
2036 786 621 623 460 
2037 797 774 786 621 
2038 797 621 615 774 
2039 774 786 621 623 
2040 774 623 621 615 
2041 313 341 763 772 
2042 341 6 151 791 
2043 763 151 100 771 
2044 772 791 771 449 
2045 341 763 772 791 
2046 341 791 151 763 
2047 763 772 791 771 
2048 763 771 791 151 
2049 447 788 517 787 
2050 788 18 374 371 
2051 517 374 64 375 
2052 787 371 375 325 
2053 788 517 787 371 
2054 788 371 374 517 
2055 517 787 371 375 
2056 517 375 371 374 
2057 456 797 615 798 
2058 797 111 774 273 
2059 615 774 464 792 
2060 798 273 792 107 
2061 797 615 798 273 
2062 797 273 774 615 
2063 615 798 273 792 
2064 615 792 273 774 
2065 447 518 793 787 
2066 518 66 379 380 
2067 793 379 20 372 
2068 787 380 372 325 
2069 518 793 787 380 
2070 518 380 379 793 
2071 793 787 380 372 
2072 793 372 380 379 
2073 483 743 532 745 
2074 743 28 399 396 
2075 532 399 74 400 
2076 745 396 400 324 
2077 743 532 745 396 
2078 743 396 399 532 
2079 532 745 396 400 
2080 532 400 396 399 
2081 317 747 422 746 
2082 747 130 198 657 
2083 422 198 40 671 
2084 746 657 671 479 
2085 747 422 746 657 
2086 747 657 198 422 
2087 422 746 657 671 
2088 422 671 657 198 
2089 50 335 340 492 
2090 335 312 333 750 
2091 340 333 4 751 
2092 492 750 751 485 
2093 335 340 492 750 
2094 335 750 333 340 
2095 340 492 750 751 
2096 340 751 750 333 
2097 489 799 572 573 
2098 799 96 800 702 
2099 572 800 470 570 
2100 573 702 570 445 
2101 799 572 573 702 
2102 799 702 800 572 
2103 572 573 702 570 
2104 572 570 702 800 
2105 476 801 782 783 
2106 801 119 267 216 
2107 782 267 115 299 
2108 783 216 299 127 
2109 801 782 783 216 
2110 801 216 267 782 
2111 782 783 216 299 
2112 782 299 216 267 
2113 483 802 676 803 
2114 802 128 185 304 
2115 676 185 134 249 
2116 803 304 249 132 
2117 802 676 803 304 
2118 802 304 185 676 
2119 676 803 304 249 
2120 676 249 304 185 
2121 464 775 804 792 
2122 775 115 266 265 
2123 804 266 106 261 
2124 792 265 261 107 
2125 775 804 792 265 
2126 775 265 266 804 
2127 804 792 265 261 
2128 804 261 265 266 
2129 133 754 755 805 
2130 754 482 505 507 
2131 755 505 56 503 
2132 805 507 503 480 
2133 754 755 805 507 
2134 754 507 505 755 
2135 755 805 507 503 
2136 755 503 507 505 
2137 443 796 768 493 
2138 796 46 437 441 
2139 768 437 328 442 
2140 493 441 442 92 
2141 796 768 493 441 
2142 796 441 437 768 
2143 768 493 441 442 
2144 768 442 441 437 
2145 446 806 758 546 
2146 806 102 196 731 
2147 758 196 36 732 
2148 546 731 732 451 
2149 806 758 546 731 
2150 806 731 196 758 
2151 758 546 731 732 
2152 758 732 731 196 
2153 444 566 807 808 
2154 566 476 783 801 
2155 807 783 127 216 
2156 808 801 216 119 
2157 566 807 808 801 
2158 566 801 783 807 
2159 807 808 801 216 
2160 807 216 801 783 
2161 467 809 776 810 
2162 809 98 231 233 
2163 776 231 118 232 
2164 810 233 232 117 
2165 809 776 810 233 
2166 809 233 231 776 
2167 776 810 233 232 
2168 776 232 233 231 
2169 317 421 747 423 
2170 421 38 199 424 
2171 747 199 130 748 
2172 423 424 748 84 
2173 421 747 423 424 
2174 421 424 199 747 
2175 747 423 424 748 
2176 747 748 424 199 
2177 445 687 702 508 
2178 687 307 701 358 
2179 702 701 96 811 
2180 508 358 811 58 
2181 687 702 508 358 
2182 687 358 701 702 
2183 702 508 358 811 
2184 702 811 358 701 
2185 119 812 813 801 
2186 812 464 617 647 
2187 813 617 468 567 
2188 801 647 567 476 
2189 812 813 801 647 
2190 812 647 617 813 
2191 813 801 647 567 
2192 813 567 647 617 
2193 444 807 695 808 
2194 807 127 217 216 
2195 695 217 95 218 
2196 808 216 218 119 
2197 807 695 808 216 
2198 807 216 217 695 
2199 695 808 216 218 
2200 695 218 216 217 
2201 107 260 798 263 
2202 260 105 814 262 
2203 798 814 456 815 
2204 263 262 815 108 
2205 260 798 263 262 
2206 260 262 814 798 
2207 798 263 262 815 
2208 798 815 262 814 
2209 446 816 577 760 
2210 816 103 817 227 
2211 577 817 453 818 
2212 760 227 818 97 
2213 816 577 760 227 
2214 816 227 817 577 
2215 577 760 227 818 
2216 577 818 227 817 
2217 455 819 614 616 
2218 819 119 812 813 
2219 614 812 464 617 
2220 616 813 617 468 
2221 819 614 616 813 
2222 819 813 812 614 
2223 614 616 813 617 
2224 614 617 813 812 
2225 119 812 801 267 
2226 812 464 647 775 
2227 801 647 476 782 
2228 267 775 782 115 
2229 812 801 267 775 
2230 812 775 647 801 
2231 801 267 775 782 
2232 801 782 775 647 
2233 106 820 804 261 
2234 820 456 615 798 
2235 804 615 464 792 
2236 261 798 792 107 
2237 820 804 261 798 
2238 820 798 615 804 
2239 804 261 798 792 
2240 804 792 798 615 
2241 462 821 822 592 
2242 821 123 286 824 
2243 822 286 110 823 
2244 592 824 823 472 
2245 821 822 592 824 
2246 821 824 286 822 
2247 822 592 824 823 
2248 822 823 824 286 
2249 476 566 567 801 
2250 566 444 565 808 
2251 567 565 468 813 
2252 801 808 813 119 
2253 566 567 801 808 
2254 566 808 565 567 
2255 567 801 808 813 
2256 567 813 808 565 
2257 318 741 427 433 
2258 741 141 205 765 
2259 427 205 42 434 
2260 433 765 434 88 
2261 741 427 433 765 
2262 741 765 205 427 
2263 427 433 765 434 
2264 427 434 765 205 
2265 106 804 268 266 
2266 804 464 812 775 
2267 268 812 119 267 
2268 266 775 267 115 
2269 804 268 266 775 
2270 804 775 812 268 
2271 268 266 775 267 
2272 268 267 775 812 
2273 316 387 393 681 
2274 387 26 394 177 
2275 393 394 72 697 
2276 681 177 697 95 
2277 387 393 681 177 
2278 387 177 394 393 
2279 393 681 177 697 
2280 393 697 177 394 
2281 36 419 758 732 
2282 419 82 542 544 
2283 758 542 446 546 
2284 732 544 546 451 
2285 419 758 732 544 
2286 419 544 542 758 
2287 758 732 544 546 
2288 758 546 544 542 
2289 312 329 749 750 
2290 329 2 688 491 
2291 749 688 136 689 
2292 750 491 689 485 
2293 329 749 750 491 
2294 329 491 688 749 
2295 749 750 491 689 
2296 749 689 491 688 
2297 134 676 183 744 
2298 676 483 682 745 
2299 183 682 30 397 
2300 744 745 397 324 
2301 676 183 744 745 
2302 676 745 682 183 
2303 183 744 745 397 
2304 183 397 745 682 
2305 104 253 826 258 
2306 253 105 825 257 
2307 826 825 455 827 
2308 258 257 827 106 
2309 253 826 258 257 
2310 253 257 825 826 
2311 826 258 257 827 
2312 826 827 257 825 
2313 102 806 196 197 
2314 806 446 758 760 
2315 196 758 36 192 
2316 197 760 192 97 
2317 806 196 197 760 
2318 806 760 758 196 
2319 196 197 760 192 
2320 196 192 760 758 
2321 447 582 580 790 
2322 582 467 581 809 
2323 580 581 466 828 
2324 790 809 828 98 
2325 582 580 790 809 
2326 582 809 581 580 
2327 580 790 809 828 
2328 580 828 809 581 
2329 98 809 828 233 
2330 809 467 581 810 
2331 828 581 466 829 
2332 233 810 829 117 
2333 809 828 233 810 
2334 809 810 581 828 
2335 828 233 810 829 
2336 828 829 810 581 
2337 479 779 547 657 
2338 779 102 830 200 
2339 547 830 84 748 
2340 657 200 748 130 
2341 779 547 657 200 
2342 779 200 830 547 
2343 547 657 200 748 
2344 547 748 200 830 
2345 105 831 814 262 
2346 831 457 611 832 
2347 814 611 456 815 
2348 262 832 815 108 
2349 831 814 262 832 
2350 831 832 611 814 
2351 814 262 832 815 
2352 814 815 832 611 
2353 472 592 824 591 
2354 592 462 821 590 
2355 824 821 123 833 
2356 591 590 833 449 
2357 592 824 591 590 
2358 592 590 821 824 
2359 824 591 590 833 
2360 824 833 590 821 
2361 470 800 571 570 
2362 800 96 781 702 
2363 571 781 482 510 
2364 570 702 510 445 
2365 800 571 570 702 
2366 800 702 781 571 
2367 571 570 702 510 
2368 571 510 702 781 
2369 456 621 797 834 
2370 621 460 786 835 
2371 797 786 111 272 
2372 834 835 272 109 
2373 621 797 834 835 
2374 621 835 786 797 
2375 797 834 835 272 
2376 797 272 835 786 
2377 319 415 836 837 
2378 415 80 539 839 
2379 836 539 478 838 
2380 837 839 838 129 
2381 415 836 837 839 
2382 415 839 539 836 
2383 836 837 839 838 
2384 836 838 839 539 
2385 456 820 615 609 
2386 820 106 804 827 
2387 615 804 464 614 
2388 609 827 614 455 
2389 820 615 609 827 
2390 820 827 804 615 
2391 615 609 827 614 
2392 615 614 827 804 
2393 456 797 798 834 
2394 797 111 273 272 
2395 798 273 107 271 
2396 834 272 271 109 
2397 797 798 834 272 
2398 797 272 273 798 
2399 798 834 272 271 
2400 798 271 272 273 
2401 488 840 679 680 
2402 840 127 220 217 
2403 679 220 139 179 
2404 680 217 179 95 
2405 840 679 680 217 
2406 840 217 220 679 
2407 679 680 217 179 
2408 679 179 217 220 
2409 24 700 382 174 
2410 700 488 737 679 
2411 382 737 322 738 
2412 174 679 738 139 
2413 700 382 174 679 
2414 700 679 737 382 
2415 382 174 679 738 
2416 382 738 679 737 
2417 456 820 814 798 
2418 820 106 257 261 
2419 814 257 105 260 
2420 798 261 260 107 
2421 820 814 798 261 
2422 820 261 257 814 
2423 814 798 261 260 
2424 814 260 261 257 
2425 128 180 802 185 
2426 180 28 743 184 
2427 802 743 483 676 
2428 185 184 676 134 
2429 180 802 185 184 
2430 180 184 743 802 
2431 802 185 184 676 
2432 802 676 184 743 
2433 479 779 585 549 
2434 779 102 778 731 
2435 585 778 487 600 
2436 549 731 600 451 
2437 779 585 549 731 
2438 779 731 778 585 
2439 585 549 731 600 
2440 585 600 731 778 
2441 102 250 200 778 
2442 250 138 237 665 
2443 200 237 130 661 
2444 778 665 661 487 
2445 250 200 778 665 
2446 250 665 237 200 
2447 200 778 665 661 
2448 200 661 665 237 
2449 126 207 766 210 
2450 207 46 437 145 
2451 766 437 328 767 
2452 210 145 767 94 
2453 207 766 210 145 
2454 207 145 437 766 
2455 766 210 145 767 
2456 766 767 145 437 
2457 475 559 795 557 
2458 559 443 768 493 
2459 795 768 328 442 
2460 557 493 442 92 
2461 559 795 557 493 
2462 559 493 768 795 
2463 795 557 493 442 
2464 795 442 493 768 
2465 103 816 817 841 
2466 816 446 577 575 
2467 817 577 453 578 
2468 841 575 578 452 
2469 816 817 841 575 
2470 816 575 577 817 
2471 817 841 575 578 
2472 817 578 575 577 
2473 96 223 800 222 
2474 223 140 842 224 
2475 800 842 470 843 
2476 222 224 843 121 
2477 223 800 222 224 
2478 223 224 842 800 
2479 800 222 224 843 
2480 800 843 224 842 
2481 96 799 800 223 
2482 799 489 572 844 
2483 800 572 470 842 
2484 223 844 842 140 
2485 799 800 223 844 
2486 799 844 572 800 
2487 800 223 844 842 
2488 800 842 844 572 
2489 32 406 845 190 
2490 406 319 836 837 
2491 845 836 478 838 
2492 190 837 838 129 
2493 406 845 190 837 
2494 406 837 836 845 
2495 845 190 837 838 
2496 845 838 837 836 
2497 129 839 838 194 
2498 839 80 539 756 
2499 838 539 478 846 
2500 194 756 846 97 
2501 839 838 194 756 
2502 839 756 539 838 
2503 838 194 756 846 
2504 838 846 756 539 
2505 471 847 714 519 
2506 847 98 169 790 
2507 714 169 18 788 
2508 519 790 788 447 
2509 847 714 519 790 
2510 847 790 169 714 
2511 714 519 790 788 
2512 714 788 790 169 
2513 96 781 702 811 
2514 781 482 510 506 
2515 702 510 445 508 
2516 811 506 508 58 
2517 781 702 811 506 
2518 781 506 510 702 
2519 702 811 506 508 
2520 702 508 506 510 
2521 455 606 607 825 
2522 606 453 601 849 
2523 607 601 454 848 
2524 825 849 848 105 
2525 606 607 825 849 
2526 606 849 601 607 
2527 607 825 849 848 
2528 607 848 849 601 
2529 455 606 825 826 
2530 606 453 849 850 
2531 825 849 105 253 
2532 826 850 253 104 
2533 606 825 826 850 
2534 606 850 849 825 
2535 825 826 850 253 
2536 825 253 850 849 
2537 478 838 846 851 
2538 838 129 194 230 
2539 846 194 97 229 
2540 851 230 229 104 
2541 838 846 851 230 
2542 838 230 194 846 
2543 846 851 230 229 
2544 846 229 230 194 
2545 453 849 817 578 
2546 849 105 252 852 
2547 817 252 103 841 
2548 578 852 841 452 
2549 849 817 578 852 
2550 849 852 252 817 
2551 817 578 852 841 
2552 817 841 852 252 
2553 308 351 753 353 
2554 351 10 157 354 
2555 753 157 133 755 
2556 353 354 755 56 
2557 351 753 353 354 
2558 351 354 157 753 
2559 753 353 354 755 
2560 753 755 354 157 
2561 111 786 291 283 
2562 786 460 853 854 
2563 291 853 117 290 
2564 283 854 290 116 
2565 786 291 283 854 
2566 786 854 853 291 
2567 291 283 854 290 
2568 291 290 854 853 
2569 118 777 776 232 
2570 777 460 638 853 
2571 776 638 467 810 
2572 232 853 810 117 
2573 777 776 232 853 
2574 777 853 638 776 
2575 776 232 853 810 
2576 776 810 853 638 
2577 131 154 155 734 
2578 154 8 150 349 
2579 155 150 100 764 
2580 734 349 764 54 
2581 154 155 734 349 
2582 154 349 150 155 
2583 155 734 349 764 
2584 155 764 349 150 
2585 480 502 736 504 
2586 502 54 734 500 
2587 736 734 131 855 
2588 504 500 855 449 
2589 502 736 504 500 
2590 502 500 734 736 
2591 736 504 500 855 
2592 736 855 500 734 
2593 98 856 168 790 
2594 856 469 726 522 
2595 168 726 20 793 
2596 790 522 793 447 
2597 856 168 790 522 
2598 856 522 726 168 
2599 168 790 522 793 
2600 168 793 522 726 
2601 97 818 229 227 
2602 818 453 850 817 
2603 229 850 104 228 
2604 227 817 228 103 
2605 818 229 227 817 
2606 818 817 850 229 
2607 229 227 817 228 
2608 229 228 817 850 
2609 318 430 710 433 
2610 430 86 550 87 
2611 710 550 448 551 
2612 433 87 551 88 
2613 430 710 433 87 
2614 430 87 550 710 
2615 710 433 87 551 
2616 710 551 87 550 
2617 40 202 41 426 
2618 202 99 201 670 
2619 41 201 42 427 
2620 426 670 427 318 
2621 202 41 426 670 
2622 202 670 201 41 
2623 41 426 670 427 
2624 41 427 670 201 
2625 108 277 264 832 
2626 277 112 279 858 
2627 264 279 114 857 
2628 832 858 857 457 
2629 277 264 832 858 
2630 277 858 279 264 
2631 264 832 858 857 
2632 264 857 858 279 
2633 108 815 263 270 
2634 815 456 798 834 
2635 263 798 107 271 
2636 270 834 271 109 
2637 815 263 270 834 
2638 815 834 798 263 
2639 263 270 834 271 
2640 263 271 834 798 
2641 457 831 611 612 
2642 831 105 814 848 
2643 611 814 456 610 
2644 612 848 610 454 
2645 831 611 612 848 
2646 831 848 814 611 
2647 611 612 848 610 
2648 611 610 848 814 
2649 112 293 279 859 
2650 293 137 292 861 
2651 279 292 114 860 
2652 859 861 860 486 
2653 293 279 859 861 
2654 293 861 292 279 
2655 279 859 861 860 
2656 279 860 861 292 
2657 4 142 148 751 
2658 142 136 149 689 
2659 148 149 124 862 
2660 751 689 862 485 
2661 142 148 751 689 
2662 142 689 149 148 
2663 148 751 689 862 
2664 148 862 689 149 
2665 114 857 863 864 
2666 857 457 627 613 
2667 863 627 461 628 
2668 864 613 628 463 
2669 857 863 864 613 
2670 857 613 627 863 
2671 863 864 613 628 
2672 863 628 613 627 
2673 310 418 413 759 
2674 418 82 81 542 
2675 413 81 80 541 
2676 759 542 541 446 
2677 418 413 759 542 
2678 418 542 81 413 
2679 413 759 542 541 
2680 413 541 542 81 
2681 34 35 411 193 
2682 35 36 412 192 
2683 411 412 310 757 
2684 193 192 757 97 
2685 35 411 193 192 
2686 35 192 412 411 
2687 411 193 192 757 
2688 411 757 192 412 
2689 104 850 253 228 
2690 850 453 849 817 
2691 253 849 105 252 
2692 228 817 252 103 
2693 850 253 228 817 
2694 850 817 849 253 
2695 253 228 817 252 
2696 253 252 817 849 
2697 105 849 848 852 
2698 849 453 601 578 
2699 848 601 454 602 
2700 852 578 602 452 
2701 849 848 852 578 
2702 849 578 601 848 
2703 848 852 578 602 
2704 848 602 578 601 
2705 104 826 865 247 
2706 826 455 608 867 
2707 865 608 481 866 
2708 247 867 866 132 
2709 826 865 247 867 
2710 826 867 608 865 
2711 865 247 867 866 
2712 865 866 867 608 
2713 119 819 812 268 
2714 819 455 614 827 
2715 812 614 464 804 
2716 268 827 804 106 
2717 819 812 268 827 
2718 819 827 614 812 
2719 812 268 827 804 
2720 812 804 827 614 
2721 478 868 845 838 
2722 868 101 186 191 
2723 845 186 32 190 
2724 838 191 190 129 
2725 868 845 838 191 
2726 868 191 186 845 
2727 845 838 191 190 
2728 845 190 191 186 
2729 314 733 347 355 
2730 733 131 153 869 
2731 347 153 10 354 
2732 355 869 354 56 
2733 733 347 355 869 
2734 733 869 153 347 
2735 347 355 869 354 
2736 347 354 869 153 
2737 98 847 169 170 
2738 847 471 714 717 
2739 169 714 18 165 
2740 170 717 165 122 
2741 847 169 170 717 
2742 847 717 714 169 
2743 169 170 717 165 
2744 169 165 717 714 
2745 64 515 374 517 
2746 515 471 714 519 
2747 374 714 18 788 
2748 517 519 788 447 
2749 515 374 517 519 
2750 515 519 714 374 
2751 374 517 519 788 
2752 374 788 519 714 
2753 124 719 870 147 
2754 719 52 499 344 
2755 870 499 449 791 
2756 147 344 791 6 
2757 719 870 147 344 
2758 719 344 499 870 
2759 870 147 344 791 
2760 870 791 344 499 
2761 52 719 499 497 
2762 719 124 870 721 
2763 499 870 449 501 
2764 497 721 501 473 
2765 719 499 497 721 
2766 719 721 870 499 
2767 499 497 721 501 
2768 499 501 721 870 
2769 120 871 872 176 
2770 871 68 523 739 
2771 872 523 488 679 
2772 176 739 679 139 
2773 871 872 176 739 
2774 871 739 523 872 
2775 872 176 739 679 
2776 872 679 739 523 
2777 455 825 609 827 
2778 825 105 814 257 
2779 609 814 456 820 
2780 827 257 820 106 
2781 825 609 827 257 
2782 825 257 814 609 
2783 609 827 257 820 
2784 609 820 257 814 
2785 119 873 813 269 
2786 873 477 568 875 
2787 813 568 468 874 
2788 269 875 874 132 
2789 873 813 269 875 
2790 873 875 568 813 
2791 813 269 875 874 
2792 813 874 875 568 
2793 117 232 853 291 
2794 232 118 777 288 
2795 853 777 460 786 
2796 291 288 786 111 
2797 232 853 291 288 
2798 232 288 777 853 
2799 853 291 288 786 
2800 853 786 288 777 
2801 116 876 854 290 
2802 876 466 639 829 
2803 854 639 460 853 
2804 290 829 853 117 
2805 876 854 290 829 
2806 876 829 639 854 
2807 854 290 829 853 
2808 854 853 829 639 
2809 127 298 783 303 
2810 298 118 784 235 
2811 783 784 476 877 
2812 303 235 877 120 
2813 298 783 303 235 
2814 298 235 784 783 
2815 783 303 235 877 
2816 783 877 235 784 
2817 54 764 734 500 
2818 764 100 155 771 
2819 734 155 131 855 
2820 500 771 855 449 
2821 764 734 500 771 
2822 764 771 155 734 
2823 734 500 771 855 
2824 734 855 771 155 
2825 307 356 701 358 
2826 356 12 160 359 
2827 701 160 96 811 
2828 358 359 811 58 
2829 356 701 358 359 
2830 356 359 160 701 
2831 701 358 359 811 
2832 701 811 359 160 
2833 477 531 696 873 
2834 531 444 695 808 
2835 696 695 95 218 
2836 873 808 218 119 
2837 531 696 873 808 
2838 531 808 695 696 
2839 696 873 808 218 
2840 696 218 808 695 
2841 478 868 838 851 
2842 868 101 191 246 
2843 838 191 129 230 
2844 851 246 230 104 
2845 868 838 851 246 
2846 868 246 191 838 
2847 838 851 246 230 
2848 838 230 246 191 
2849 105 262 255 831 
2850 262 108 264 832 
2851 255 264 114 857 
2852 831 832 857 457 
2853 262 255 831 832 
2854 262 832 264 255 
2855 255 831 832 857 
2856 255 857 832 264 
2857 78 536 77 410 
2858 536 450 535 712 
2859 77 535 76 405 
2860 410 712 405 326 
2861 536 77 410 712 
2862 536 712 535 77 
2863 77 410 712 405 
2864 77 405 712 535 
2865 101 186 187 674 
2866 186 32 31 402 
2867 187 31 30 401 
2868 674 402 401 326 
2869 186 187 674 402 
2870 186 402 31 187 
2871 187 674 402 401 
2872 187 401 402 31 
2873 457 857 831 613 
2874 857 114 255 864 
2875 831 255 105 878 
2876 613 864 878 463 
2877 857 831 613 864 
2878 857 864 255 831 
2879 831 613 864 878 
2880 831 878 864 255 
2881 469 856 726 728 
2882 856 98 168 173 
2883 726 168 20 172 
2884 728 173 172 120 
2885 856 726 728 173 
2886 856 173 168 726 
2887 726 728 173 172 
2888 726 172 173 168 
2889 66 379 520 518 
2890 379 20 726 793 
2891 520 726 469 522 
2892 518 793 522 447 
2893 379 520 518 793 
2894 379 793 726 520 
2895 520 518 793 522 
2896 520 522 793 726 
2897 444 531 565 808 
2898 531 477 568 873 
2899 565 568 468 813 
2900 808 873 813 119 
2901 531 565 808 873 
2902 531 873 568 565 
2903 565 808 873 813 
2904 565 813 873 568 
2905 483 676 672 803 
2906 676 134 188 249 
2907 672 188 101 248 
2908 803 249 248 132 
2909 676 672 803 249 
2910 676 249 188 672 
2911 672 803 249 248 
2912 672 248 249 188 
2913 126 766 208 879 
2914 766 328 436 440 
2915 208 436 44 439 
2916 879 440 439 90 
2917 766 208 879 440 
2918 766 440 436 208 
2919 208 879 440 439 
2920 208 439 440 436 
2921 457 858 625 832 
2922 858 112 880 277 
2923 625 880 459 881 
2924 832 277 881 108 
2925 858 625 832 277 
2926 858 277 880 625 
2927 625 832 277 881 
2928 625 881 277 880 
2929 482 762 752 506 
2930 762 12 352 359 
2931 752 352 308 360 
2932 506 359 360 58 
2933 762 752 506 359 
2934 762 359 352 752 
2935 752 506 359 360 
2936 752 360 359 352 
2937 314 733 355 735 
2938 733 131 869 736 
2939 355 869 56 503 
2940 735 736 503 480 
2941 733 355 735 736 
2942 733 736 869 355 
2943 355 735 736 503 
2944 355 503 736 869 
2945 109 882 883 276 
2946 882 459 630 884 
2947 883 630 462 822 
2948 276 884 822 110 
2949 882 883 276 884 
2950 882 884 630 883 
2951 883 276 884 822 
2952 883 822 884 630 
2953 108 815 270 832 
2954 815 456 834 611 
2955 270 834 109 885 
2956 832 611 885 457 
2957 815 270 832 611 
2958 815 611 834 270 
2959 270 832 611 885 
2960 270 885 611 834 
2961 99 206 201 670 
2962 206 141 205 741 
2963 201 205 42 427 
2964 670 741 427 318 
2965 206 201 670 741 
2966 206 741 205 201 
2967 201 670 741 427 
2968 201 427 741 205 
2969 448 710 551 555 
2970 710 318 433 742 
2971 551 433 88 553 
2972 555 742 553 490 
2973 710 551 555 742 
2974 710 742 433 551 
2975 551 555 742 553 
2976 551 553 742 433 
2977 484 722 516 683 
2978 722 16 886 162 
2979 516 886 471 887 
2980 683 162 887 135 
2981 722 516 683 162 
2982 722 162 886 516 
2983 516 683 162 887 
2984 516 887 162 886 
2985 124 152 147 870 
2986 152 100 151 771 
2987 147 151 6 791 
2988 870 771 791 449 
2989 152 147 870 771 
2990 152 771 151 147 
2991 147 870 771 791 
2992 147 791 771 151 
2993 119 813 819 269 
2994 813 468 616 874 
2995 819 616 455 867 
2996 269 874 867 132 
2997 813 819 269 874 
2998 813 874 616 819 
2999 819 269 874 867 
3000 819 867 874 616 
3001 460 639 638 853 
3002 639 466 581 829 
3003 638 581 467 810 
3004 853 829 810 117 
3005 639 638 853 829 
3006 639 829 581 638 
3007 638 853 829 810 
3008 638 810 829 581 
3009 482 754 780 507 
3010 754 133 221 805 
3011 780 221 121 888 
3012 507 805 888 480 
3013 754 780 507 805 
3014 754 805 221 780 
3015 780 507 805 888 
3016 780 888 805 221 
3017 118 231 776 235 
3018 231 98 809 173 
3019 776 809 467 889 
3020 235 173 889 120 
3021 231 776 235 173 
3022 231 173 809 776 
3023 776 235 173 889 
3024 776 889 173 809 
3025 80 415 414 839 
3026 415 319 407 837 
3027 414 407 34 189 
3028 839 837 189 129 
3029 415 414 839 837 
3030 415 837 407 414 
3031 414 839 837 189 
3032 414 189 837 407 
3033 465 633 891 632 
3034 633 462 890 629 
3035 891 890 116 892 
3036 632 629 892 458 
3037 633 891 632 629 
3038 633 629 890 891 
3039 891 632 629 892 
3040 891 892 629 890 
3041 110 278 275 884 
3042 278 112 277 880 
3043 275 277 108 881 
3044 884 880 881 459 
3045 278 275 884 880 
3046 278 880 277 275 
3047 275 884 880 881 
3048 275 881 880 277 
3049 309 723 361 724 
3050 723 484 711 683 
3051 361 711 14 163 
3052 724 683 163 135 
3053 723 361 724 683 
3054 723 683 711 361 
3055 361 724 683 163 
3056 361 163 683 711 
3057 132 247 867 259 
3058 247 104 826 258 
3059 867 826 455 827 
3060 259 258 827 106 
3061 247 867 259 258 
3062 247 258 826 867 
3063 867 259 258 827 
3064 867 827 258 826 
3065 471 651 516 887 
3066 651 489 574 893 
3067 516 574 484 683 
3068 887 893 683 135 
3069 651 516 887 893 
3070 651 893 574 516 
3071 516 887 893 683 
3072 516 683 893 574 
3073 129 189 839 194 
3074 189 34 414 193 
3075 839 414 80 756 
3076 194 193 756 97 
3077 189 839 194 193 
3078 189 193 414 839 
3079 839 194 193 756 
3080 839 756 193 414 
3081 481 618 653 866 
3082 618 468 568 874 
3083 653 568 477 875 
3084 866 874 875 132 
3085 618 653 866 874 
3086 618 874 568 653 
3087 653 866 874 875 
3088 653 875 874 568 
3089 470 800 843 571 
3090 800 96 222 781 
3091 843 222 121 780 
3092 571 781 780 482 
3093 800 843 571 781 
3094 800 781 222 843 
3095 843 571 781 780 
3096 843 780 781 222 
3097 105 825 814 848 
3098 825 455 609 607 
3099 814 609 456 610 
3100 848 607 610 454 
3101 825 814 848 607 
3102 825 607 609 814 
3103 814 848 607 610 
3104 814 610 607 609 
3105 446 543 541 760 
3106 543 478 539 846 
3107 541 539 80 756 
3108 760 846 756 97 
3109 543 541 760 846 
3110 543 846 539 541 
3111 541 760 846 756 
3112 541 756 846 539 
3113 118 776 784 235 
3114 776 467 648 889 
3115 784 648 476 877 
3116 235 889 877 120 
3117 776 784 235 889 
3118 776 889 648 784 
3119 784 235 889 877 
3120 784 877 889 648 
3121 478 543 579 846 
3122 543 446 577 760 
3123 579 577 453 818 
3124 846 760 818 97 
3125 543 579 846 760 
3126 543 760 577 579 
3127 579 846 760 818 
3128 579 818 760 577 
3129 78 409 408 538 
3130 409 32 406 845 
3131 408 406 319 836 
3132 538 845 836 478 
3133 409 408 538 845 
3134 409 845 406 408 
3135 408 538 845 836 
3136 408 836 845 406 
3137 102 806 894 731 
3138 806 446 575 546 
3139 894 575 452 576 
3140 731 546 576 451 
3141 806 894 731 546 
3142 806 546 575 894 
3143 894 731 546 576 
3144 894 576 546 575 
3145 321 377 383 727 
3146 377 22 384 171 
3147 383 384 68 871 
3148 727 171 871 120 
3149 377 383 727 171 
3150 377 171 384 383 
3151 383 727 171 871 
3152 383 871 171 384 
3153 453 597 595 895 
3154 597 481 596 896 
3155 595 596 450 713 
3156 895 896 713 101 
3157 597 595 895 896 
3158 597 896 596 595 
3159 595 895 896 713 
3160 595 713 896 596 
3161 457 831 612 613 
3162 831 105 848 878 
3163 612 848 454 603 
3164 613 878 603 463 
3165 831 612 613 878 
3166 831 878 848 612 
3167 612 613 878 603 
3168 612 603 878 848 
3169 74 398 399 897 
3170 398 323 392 708 
3171 399 392 28 180 
3172 897 708 180 128 
3173 398 399 897 708 
3174 398 708 392 399 
3175 399 897 708 180 
3176 399 180 708 392 
3177 488 840 872 679 
3178 840 127 303 220 
3179 872 303 120 176 
3180 679 220 176 139 
3181 840 872 679 220 
3182 840 220 303 872 
3183 872 679 220 176 
3184 872 176 220 303 
3185 102 830 729 731 
3186 830 84 425 545 
3187 729 425 327 730 
3188 731 545 730 451 
3189 830 729 731 545 
3190 830 545 425 729 
3191 729 731 545 730 
3192 729 730 545 425 
3193 101 868 186 713 
3194 868 478 845 540 
3195 186 845 32 761 
3196 713 540 761 450 
3197 868 186 713 540 
3198 868 540 845 186 
3199 186 713 540 761 
3200 186 761 540 845 
3201 311 337 720 339 
3202 337 4 898 340 
3203 720 898 473 496 
3204 339 340 496 50 
3205 337 720 339 340 
3206 337 340 898 720 
3207 720 339 340 496 
3208 720 496 340 898 
3209 476 569 566 783 
3210 569 488 528 840 
3211 566 528 444 807 
3212 783 840 807 127 
3213 569 566 783 840 
3214 569 840 528 566 
3215 566 783 840 807 
3216 566 807 840 528 
3217 477 534 653 875 
3218 534 483 598 803 
3219 653 598 481 866 
3220 875 803 866 132 
3221 534 653 875 803 
3222 534 803 598 653 
3223 653 875 803 866 
3224 653 866 803 598 
3225 104 865 246 247 
3226 865 481 896 866 
3227 246 896 101 248 
3228 247 866 248 132 
3229 865 246 247 866 
3230 865 866 896 246 
3231 246 247 866 248 
3232 246 248 866 896 
3233 100 150 151 763 
3234 150 8 7 342 
3235 151 7 6 341 
3236 763 342 341 313 
3237 150 151 763 342 
3238 150 342 7 151 
3239 151 763 342 341 
3240 151 341 342 7 
3241 54 53 348 500 
3242 53 52 345 499 
3243 348 345 313 772 
3244 500 499 772 449 
3245 53 348 500 499 
3246 53 499 345 348 
3247 348 500 499 772 
3248 348 772 499 345 
3249 489 574 893 573 
3250 574 484 683 513 
3251 893 683 135 686 
3252 573 513 686 445 
3253 574 893 573 513 
3254 574 513 683 893 
3255 893 573 513 686 
3256 893 686 513 683 
3257 466 876 639 640 
3258 876 116 854 891 
3259 639 854 460 631 
3260 640 891 631 465 
3261 876 639 640 891 
3262 876 891 854 639 
3263 639 640 891 631 
3264 639 631 891 854 
3265 32 409 761 845 
3266 409 78 536 538 
3267 761 536 450 540 
3268 845 538 540 478 
3269 409 761 845 538 
3270 409 538 536 761 
3271 761 845 538 540 
3272 761 540 538 536 
3273 477 873 709 875 
3274 873 119 219 269 
3275 709 219 128 304 
3276 875 269 304 132 
3277 873 709 875 269 
3278 873 269 219 709 
3279 709 875 269 304 
3280 709 304 269 219 
3281 450 540 595 713 
3282 540 478 579 868 
3283 595 579 453 895 
3284 713 868 895 101 
3285 540 595 713 868 
3286 540 868 579 595 
3287 595 713 868 895 
3288 595 895 868 579 
3289 482 781 762 506 
3290 781 96 160 811 
3291 762 160 12 359 
3292 506 811 359 58 
3293 781 762 506 811 
3294 781 811 160 762 
3295 762 506 811 359 
3296 762 359 811 160 
3297 481 608 618 866 
3298 608 455 616 867 
3299 618 616 468 874 
3300 866 867 874 132 
3301 608 618 866 867 
3302 608 867 616 618 
3303 618 866 867 874 
3304 618 874 867 616 
3305 459 884 880 634 
3306 884 110 278 900 
3307 880 278 112 899 
3308 634 900 899 474 
3309 884 880 634 900 
3310 884 900 278 880 
3311 880 634 900 899 
3312 880 899 900 278 
3313 480 736 901 504 
3314 736 131 244 855 
3315 901 244 113 902 
3316 504 855 902 449 
3317 736 901 504 855 
3318 736 855 244 901 
3319 901 504 855 902 
3320 901 902 855 244 
3321 90 705 556 554 
3322 705 141 903 706 
3323 556 903 475 558 
3324 554 706 558 490 
3325 705 556 554 706 
3326 705 706 903 556 
3327 556 554 706 558 
3328 556 558 706 903 
3329 127 840 807 217 
3330 840 488 528 680 
3331 807 528 444 695 
3332 217 680 695 95 
3333 840 807 217 680 
3334 840 680 528 807 
3335 807 217 680 695 
3336 807 695 680 528 
3337 311 337 718 720 
3338 337 4 148 898 
3339 718 148 124 721 
3340 720 898 721 473 
3341 337 718 720 898 
3342 337 898 148 718 
3343 718 720 898 721 
3344 718 721 898 148 
3345 457 858 857 627 
3346 858 112 279 904 
3347 857 279 114 863 
3348 627 904 863 461 
3349 858 857 627 904 
3350 858 904 279 857 
3351 857 627 904 863 
3352 857 863 904 279 
3353 481 597 608 865 
3354 597 453 606 850 
3355 608 606 455 826 
3356 865 850 826 104 
3357 597 608 865 850 
3358 597 850 606 608 
3359 608 865 850 826 
3360 608 826 850 606 
3361 86 428 429 548 
3362 428 317 422 746 
3363 429 422 40 671 
3364 548 746 671 479 
3365 428 429 548 746 
3366 428 746 422 429 
3367 429 548 746 671 
3368 429 671 746 422 
3369 460 835 854 786 
3370 835 109 282 272 
3371 854 282 116 283 
3372 786 272 283 111 
3373 835 854 786 272 
3374 835 272 282 854 
3375 854 786 272 283 
3376 854 283 272 282 
3377 323 398 692 708 
3378 398 74 530 897 
3379 692 530 477 709 
3380 708 897 709 128 
3381 398 692 708 897 
3382 398 897 530 692 
3383 692 708 897 709 
3384 692 709 897 530 
3385 105 255 252 878 
3386 255 114 254 864 
3387 252 254 103 905 
3388 878 864 905 463 
3389 255 252 878 864 
3390 255 864 254 252 
3391 252 878 864 905 
3392 252 905 864 254 
3393 102 226 250 778 
3394 226 103 251 906 
3395 250 251 138 665 
3396 778 906 665 487 
3397 226 250 778 906 
3398 226 906 251 250 
3399 250 778 906 665 
3400 250 665 906 251 
3401 102 894 778 731 
3402 894 452 599 576 
3403 778 599 487 600 
3404 731 576 600 451 
3405 894 778 731 576 
3406 894 576 599 778 
3407 778 731 576 600 
3408 778 600 576 599 
3409 469 584 522 856 
3410 584 467 582 809 
3411 522 582 447 790 
3412 856 809 790 98 
3413 584 522 856 809 
3414 584 809 582 522 
3415 522 856 809 790 
3416 522 790 809 582 
3417 119 218 873 219 
3418 218 95 696 182 
3419 873 696 477 709 
3420 219 182 709 128 
3421 218 873 219 182 
3422 218 182 696 873 
3423 873 219 182 709 
3424 873 709 182 696 
3425 483 534 802 803 
3426 534 477 709 875 
3427 802 709 128 304 
3428 803 875 304 132 
3429 534 802 803 875 
3430 534 875 709 802 
3431 802 803 875 304 
3432 802 304 875 709 
3433 125 211 212 907 
3434 211 94 213 908 
3435 212 213 112 899 
3436 907 908 899 474 
3437 211 212 907 908 
3438 211 908 213 212 
3439 212 907 908 899 
3440 212 899 908 213 
3441 110 285 278 900 
3442 285 125 212 907 
3443 278 212 112 899 
3444 900 907 899 474 
3445 285 278 900 907 
3446 285 907 212 278 
3447 278 900 907 899 
3448 278 899 907 212 
3449 474 900 909 636 
3450 900 110 286 823 
3451 909 286 123 824 
3452 636 823 824 472 
3453 900 909 636 823 
3454 900 823 286 909 
3455 909 636 823 824 
3456 909 824 823 286 
3457 103 227 816 226 
3458 227 97 760 197 
3459 816 760 446 806 
3460 226 197 806 102 
3461 227 816 226 197 
3462 227 197 760 816 
3463 816 226 197 806 
3464 816 806 197 760 
3465 466 583 580 828 
3466 583 471 519 847 
3467 580 519 447 790 
3468 828 847 790 98 
3469 583 580 828 847 
3470 583 847 519 580 
3471 580 828 847 790 
3472 580 790 847 519 
3473 102 779 830 731 
3474 779 479 547 549 
3475 830 547 84 545 
3476 731 549 545 451 
3477 779 830 731 549 
3478 779 549 547 830 
3479 830 731 549 545 
3480 830 545 549 547 
3481 466 910 828 829 
3482 910 122 170 234 
3483 828 170 98 233 
3484 829 234 233 117 
3485 910 828 829 234 
3486 910 234 170 828 
3487 828 829 234 233 
3488 828 233 234 170 
3489 462 883 890 629 
3490 883 109 282 911 
3491 890 282 116 892 
3492 629 911 892 458 
3493 883 890 629 911 
3494 883 911 282 890 
3495 890 629 911 892 
3496 890 892 911 282 
3497 109 883 282 281 
3498 883 462 890 912 
3499 282 890 116 284 
3500 281 912 284 113 
3501 883 282 281 912 
3502 883 912 890 282 
3503 282 281 912 284 
3504 282 284 912 890 
3505 84 830 425 424 
3506 830 102 729 195 
3507 425 729 327 417 
3508 424 195 417 38 
3509 830 425 424 195 
3510 830 195 729 425 
3511 425 424 195 417 
3512 425 417 195 729 
3513 100 243 155 771 
3514 243 113 244 902 
3515 155 244 131 855 
3516 771 902 855 449 
3517 243 155 771 902 
3518 243 902 244 155 
3519 155 771 902 855 
3520 155 855 902 244 
3521 463 905 878 604 
3522 905 103 252 841 
3523 878 252 105 852 
3524 604 841 852 452 
3525 905 878 604 841 
3526 905 841 252 878 
3527 878 604 841 852 
3528 878 852 841 252 
3529 131 153 154 733 
3530 153 10 9 347 
3531 154 9 8 346 
3532 733 347 346 314 
3533 153 154 733 347 
3534 153 347 9 154 
3535 154 733 347 346 
3536 154 346 347 9 
3537 56 55 355 503 
3538 55 54 350 502 
3539 355 350 314 735 
3540 503 502 735 480 
3541 55 355 503 502 
3542 55 502 350 355 
3543 355 503 502 735 
3544 355 735 502 350 
3545 456 621 834 619 
3546 621 460 835 622 
3547 834 835 109 911 
3548 619 622 911 458 
3549 621 834 619 622 
3550 621 622 835 834 
3551 834 619 622 911 
3552 834 911 622 835 
3553 126 294 214 913 
3554 294 137 293 861 
3555 214 293 112 859 
3556 913 861 859 486 
3557 294 214 913 861 
3558 294 861 293 214 
3559 214 913 861 859 
3560 214 859 861 293 
3561 62 514 369 368 
3562 514 471 886 715 
3563 369 886 16 366 
3564 368 715 366 306 
3565 514 369 368 715 
3566 514 715 886 369 
3567 369 368 715 366 
3568 369 366 715 886 
3569 121 843 914 915 
3570 843 470 645 644 
3571 914 645 462 633 
3572 915 644 633 465 
3573 843 914 915 644 
3574 843 644 645 914 
3575 914 915 644 633 
3576 914 633 644 645 
3577 316 703 393 388 
3578 703 444 527 526 
3579 393 527 72 71 
3580 388 526 71 70 
3581 703 393 388 526 
3582 703 526 527 393 
3583 393 388 526 71 
3584 393 71 526 527 
3585 316 386 387 681 
3586 386 24 25 178 
3587 387 25 26 177 
3588 681 178 177 95 
3589 386 387 681 178 
3590 386 178 25 387 
3591 387 681 178 177 
3592 387 177 178 25 
3593 68 521 383 871 
3594 521 469 725 728 
3595 383 725 321 727 
3596 871 728 727 120 
3597 521 383 871 728 
3598 521 728 725 383 
3599 383 871 728 727 
3600 383 727 728 725 
3601 110 276 280 822 
3602 276 109 281 883 
3603 280 281 113 912 
3604 822 883 912 462 
3605 276 280 822 883 
3606 276 883 281 280 
3607 280 822 883 912 
3608 280 912 883 281 
3609 459 882 630 624 
3610 882 109 883 911 
3611 630 883 462 629 
3612 624 911 629 458 
3613 882 630 624 911 
3614 882 911 883 630 
3615 630 624 911 629 
3616 630 629 911 883 
3617 459 630 884 635 
3618 630 462 822 592 
3619 884 822 110 823 
3620 635 592 823 472 
3621 630 884 635 592 
3622 630 592 822 884 
3623 884 635 592 823 
3624 884 823 592 822 
3625 112 858 880 904 
3626 858 457 625 627 
3627 880 625 459 626 
3628 904 627 626 461 
3629 858 880 904 627 
3630 858 627 625 880 
3631 880 904 627 626 
3632 880 626 627 625 
3633 133 157 158 755 
3634 157 10 153 354 
3635 158 153 131 869 
3636 755 354 869 56 
3637 157 158 755 354 
3638 157 354 153 158 
3639 158 755 354 869 
3640 158 869 354 153 
3641 132 867 269 259 
3642 867 455 819 827 
3643 269 819 119 268 
3644 259 827 268 106 
3645 867 269 259 827 
3646 867 827 819 269 
3647 269 259 827 268 
3648 269 268 827 819 
3649 6 5 147 338 
3650 5 4 148 337 
3651 147 148 124 718 
3652 338 337 718 311 
3653 5 147 338 337 
3654 5 337 148 147 
3655 147 338 337 718 
3656 147 718 337 148 
3657 473 497 720 496 
3658 497 52 343 51 
3659 720 343 311 339 
3660 496 51 339 50 
3661 497 720 496 51 
3662 497 51 343 720 
3663 720 496 51 339 
3664 720 339 51 343 
3665 477 530 692 529 
3666 530 74 398 73 
3667 692 398 323 395 
3668 529 73 395 72 
3669 530 692 529 73 
3670 530 73 398 692 
3671 692 529 73 395 
3672 692 395 73 398 
3673 323 391 392 708 
3674 391 26 27 181 
3675 392 27 28 180 
3676 708 181 180 128 
3677 391 392 708 181 
3678 391 181 27 392 
3679 392 708 181 180 
3680 392 180 181 27 
3681 98 856 809 173 
3682 856 469 584 728 
3683 809 584 467 889 
3684 173 728 889 120 
3685 856 809 173 728 
3686 856 728 584 809 
3687 809 173 728 889 
3688 809 889 728 584 
3689 463 878 603 604 
3690 878 105 848 852 
3691 603 848 454 602 
3692 604 852 602 452 
3693 878 603 604 852 
3694 878 852 848 603 
3695 603 604 852 602 
3696 603 602 852 848 
3697 138 256 238 916 
3698 256 114 292 860 
3699 238 292 137 861 
3700 916 860 861 486 
3701 256 238 916 860 
3702 256 860 292 238 
3703 238 916 860 861 
3704 238 861 860 292 
3705 328 795 442 440 
3706 795 475 557 556 
3707 442 557 92 91 
3708 440 556 91 90 
3709 795 442 440 556 
3710 795 556 557 442 
3711 442 440 556 91 
3712 442 91 556 557 
3713 46 437 45 207 
3714 437 328 436 766 
3715 45 436 44 208 
3716 207 766 208 126 
3717 437 45 207 766 
3718 437 766 436 45 
3719 45 207 766 208 
3720 45 208 766 436 
3721 321 376 377 727 
3722 376 20 21 172 
3723 377 21 22 171 
3724 727 172 171 120 
3725 376 377 727 172 
3726 376 172 21 377 
3727 377 727 172 171 
3728 377 171 172 21 
3729 68 521 67 383 
3730 521 469 520 725 
3731 67 520 66 378 
3732 383 725 378 321 
3733 521 67 383 725 
3734 521 725 520 67 
3735 67 383 725 378 
3736 67 378 725 520 
3737 486 860 641 642 
3738 860 114 863 864 
3739 641 863 461 628 
3740 642 864 628 463 
3741 860 641 642 864 
3742 860 864 863 641 
3743 641 642 864 628 
3744 641 628 864 863 
3745 122 910 170 717 
3746 910 466 828 583 
3747 170 828 98 847 
3748 717 583 847 471 
3749 910 170 717 583 
3750 910 583 828 170 
3751 170 717 583 847 
3752 170 847 583 828 
3753 97 818 846 229 
3754 818 453 579 850 
3755 846 579 478 851 
3756 229 850 851 104 
3757 818 846 229 850 
3758 818 850 579 846 
3759 846 229 850 851 
3760 846 851 850 579 
3761 472 917 591 824 
3762 917 124 870 245 
3763 591 870 449 833 
3764 824 245 833 123 
3765 917 591 824 245 
3766 917 245 870 591 
3767 591 824 245 833 
3768 591 833 245 870 
3769 325 371 372 789 
3770 371 18 19 169 
3771 372 19 20 168 
3772 789 169 168 98 
3773 371 372 789 169 
3774 371 169 19 372 
3775 372 789 169 168 
3776 372 168 169 19 
3777 64 65 517 375 
3778 65 66 518 380 
3779 517 518 447 787 
3780 375 380 787 325 
3781 65 517 375 380 
3782 65 380 518 517 
3783 517 375 380 787 
3784 517 787 380 518 
3785 469 652 584 728 
3786 652 476 648 877 
3787 584 648 467 889 
3788 728 877 889 120 
3789 652 584 728 877 
3790 652 877 648 584 
3791 584 728 877 889 
3792 584 889 877 648 
3793 96 799 164 702 
3794 799 489 893 573 
3795 164 893 135 686 
3796 702 573 686 445 
3797 799 164 702 573 
3798 799 573 893 164 
3799 164 702 573 686 
3800 164 686 573 893 
3801 458 911 619 620 
3802 911 109 834 885 
3803 619 834 456 611 
3804 620 885 611 457 
3805 911 619 620 885 
3806 911 885 834 619 
3807 619 620 885 611 
3808 619 611 885 834 
3809 100 242 243 771 
3810 242 123 241 833 
3811 243 241 113 902 
3812 771 833 902 449 
3813 242 243 771 833 
3814 242 833 241 243 
3815 243 771 833 902 
3816 243 902 833 241 
3817 140 844 842 918 
3818 844 489 572 650 
3819 842 572 470 644 
3820 918 650 644 465 
3821 844 842 918 650 
3822 844 650 572 842 
3823 842 918 650 644 
3824 842 644 650 572 
3825 470 843 842 644 
3826 843 121 224 915 
3827 842 224 140 918 
3828 644 915 918 465 
3829 843 842 644 915 
3830 843 915 224 842 
3831 842 644 915 918 
3832 842 918 915 224 
3833 102 200 195 830 
3834 200 130 199 748 
3835 195 199 38 424 
3836 830 748 424 84 
3837 200 195 830 748 
3838 200 748 199 195 
3839 195 830 748 424 
3840 195 424 748 199 
3841 486 861 916 587 
3842 861 137 238 919 
3843 916 238 138 667 
3844 587 919 667 448 
3845 861 916 587 919 
3846 861 919 238 916 
3847 916 587 919 667 
3848 916 667 919 238 
3849 483 533 682 745 
3850 533 76 404 403 
3851 682 404 30 397 
3852 745 403 397 324 
3853 533 682 745 403 
3854 533 403 404 682 
3855 682 745 403 397 
3856 682 397 403 404 
3857 56 869 755 503 
3858 869 131 158 736 
3859 755 158 133 805 
3860 503 736 805 480 
3861 869 755 503 736 
3862 869 736 158 755 
3863 755 503 736 805 
3864 755 805 736 158 
3865 443 769 796 785 
3866 769 94 145 699 
3867 796 145 46 334 
3868 785 699 334 315 
3869 769 796 785 699 
3870 769 699 145 796 
3871 796 785 699 334 
3872 796 334 699 145 
3873 466 649 920 640 
3874 649 489 844 650 
3875 920 844 140 918 
3876 640 650 918 465 
3877 649 920 640 650 
3878 649 650 844 920 
3879 920 640 650 918 
3880 920 918 650 844 
3881 471 514 515 715 
3882 514 62 63 368 
3883 515 63 64 373 
3884 715 368 373 306 
3885 514 515 715 368 
3886 514 368 63 515 
3887 515 715 368 373 
3888 515 373 368 63 
3889 306 366 367 716 
3890 366 16 17 166 
3891 367 17 18 165 
3892 716 166 165 122 
3893 366 367 716 166 
3894 366 166 17 367 
3895 367 716 166 165 
3896 367 165 166 17 
3897 488 524 700 737 
3898 524 70 389 390 
3899 700 389 24 382 
3900 737 390 382 322 
3901 524 700 737 390 
3902 524 390 389 700 
3903 700 737 390 382 
3904 700 382 390 389 
3905 483 532 743 802 
3906 532 74 399 897 
3907 743 399 28 180 
3908 802 897 180 128 
3909 532 743 802 897 
3910 532 897 399 743 
3911 743 802 897 180 
3912 743 180 897 399 
3913 481 865 896 597 
3914 865 104 246 850 
3915 896 246 101 895 
3916 597 850 895 453 
3917 865 896 597 850 
3918 865 850 246 896 
3919 896 597 850 895 
3920 896 895 850 246 
3921 474 908 899 562 
3922 908 94 213 769 
3923 899 213 112 921 
3924 562 769 921 443 
3925 908 899 562 769 
3926 908 769 213 899 
3927 899 562 769 921 
3928 899 921 769 213 
3929 443 921 562 560 
3930 921 112 899 904 
3931 562 899 474 561 
3932 560 904 561 461 
3933 921 562 560 904 
3934 921 904 899 562 
3935 562 560 904 561 
3936 562 561 904 899 
3937 112 880 899 904 
3938 880 459 634 626 
3939 899 634 474 561 
3940 904 626 561 461 
3941 880 899 904 626 
3942 880 626 634 899 
3943 899 904 626 561 
3944 899 561 626 634 
3945 102 806 226 894 
3946 806 446 816 575 
3947 226 816 103 841 
3948 894 575 841 452 
3949 806 226 894 575 
3950 806 575 816 226 
3951 226 894 575 841 
3952 226 841 575 816 
3953 127 840 303 783 
3954 840 488 872 569 
3955 303 872 120 877 
3956 783 569 877 476 
3957 840 303 783 569 
3958 840 569 872 303 
3959 303 783 569 877 
3960 303 877 569 872 
3961 14 13 159 357 
3962 13 12 160 356 
3963 159 160 96 701 
3964 357 356 701 307 
3965 13 159 357 356 
3966 13 356 160 159 
3967 159 357 356 701 
3968 159 701 356 160 
3969 445 509 687 508 
3970 509 60 363 59 
3971 687 363 307 358 
3972 508 59 358 58 
3973 509 687 508 59 
3974 509 59 363 687 
3975 687 508 59 358 
3976 687 358 59 363 
3977 459 881 882 625 
3978 881 108 270 832 
3979 882 270 109 885 
3980 625 832 885 457 
3981 881 882 625 832 
3982 881 832 270 882 
3983 882 625 832 885 
3984 882 885 832 270 
3985 102 195 196 729 
3986 195 38 37 417 
3987 196 37 36 416 
3988 729 417 416 327 
3989 195 196 729 417 
3990 195 417 37 196 
3991 196 729 417 416 
3992 196 416 417 37 
3993 82 420 83 544 
3994 420 327 425 730 
3995 83 425 84 545 
3996 544 730 545 451 
3997 420 83 544 730 
3998 420 730 425 83 
3999 83 544 730 545 
4000 83 545 730 425 
4001 136 922 149 689 
4002 922 474 923 564 
4003 149 923 124 862 
4004 689 564 862 485 
4005 922 149 689 564 
4006 922 564 923 149 
4007 149 689 564 862 
4008 149 862 564 923 
4009 50 340 496 492 
4010 340 4 898 751 
4011 496 898 473 498 
4012 492 751 498 485 
4013 340 496 492 751 
4014 340 751 898 496 
4015 496 492 751 498 
4016 496 498 751 898 
4017 120 171 871 176 
4018 171 22 384 175 
4019 871 384 68 739 
4020 176 175 739 139 
4021 171 871 176 175 
4022 171 175 384 871 
4023 871 176 175 739 
4024 871 739 175 384 
4025 101 868 895 246 
4026 868 478 579 851 
4027 895 579 453 850 
4028 246 851 850 104 
4029 868 895 246 851 
4030 868 851 579 895 
4031 895 246 851 850 
4032 895 850 851 579 
4033 306 715 366 716 
4034 715 471 886 717 
4035 366 886 16 166 
4036 716 717 166 122 
4037 715 366 716 717 
4038 715 717 886 366 
4039 366 716 717 166 
4040 366 166 717 886 
4041 465 891 631 632 
4042 891 116 854 892 
4043 631 854 460 622 
4044 632 892 622 458 
4045 891 631 632 892 
4046 891 892 854 631 
4047 631 632 892 622 
4048 631 622 892 854 
4049 74 532 530 897 
4050 532 483 534 802 
4051 530 534 477 709 
4052 897 802 709 128 
4053 532 530 897 802 
4054 532 802 534 530 
4055 530 897 802 709 
4056 530 709 802 534 
4057 140 844 920 302 
4058 844 489 649 924 
4059 920 649 466 910 
4060 302 924 910 122 
4061 844 920 302 924 
4062 844 924 649 920 
4063 920 302 924 910 
4064 920 910 924 649 
4065 136 143 688 749 
4066 143 1 48 330 
4067 688 48 2 329 
4068 749 330 329 312 
4069 143 688 749 330 
4070 143 330 48 688 
4071 688 749 330 329 
4072 688 329 330 48 
4073 109 276 270 882 
4074 276 110 275 884 
4075 270 275 108 881 
4076 882 884 881 459 
4077 276 270 882 884 
4078 276 884 275 270 
4079 270 882 884 881 
4080 270 881 884 275 
4081 466 920 829 876 
4082 920 140 301 300 
4083 829 301 117 290 
4084 876 300 290 116 
4085 920 829 876 300 
4086 920 300 301 829 
4087 829 876 300 290 
4088 829 290 300 301 
4089 463 642 925 605 
4090 642 486 916 588 
4091 925 916 138 665 
4092 605 588 665 487 
4093 642 925 605 588 
4094 642 588 916 925 
4095 925 605 588 665 
4096 925 665 588 916 
4097 473 898 721 498 
4098 898 4 148 751 
4099 721 148 124 862 
4100 498 751 862 485 
4101 898 721 498 751 
4102 898 751 148 721 
4103 721 498 751 862 
4104 721 862 751 148 
4105 121 843 888 914 
4106 843 470 646 645 
4107 888 646 480 593 
4108 914 645 593 462 
4109 843 888 914 645 
4110 843 645 646 888 
4111 888 914 645 593 
4112 888 593 645 646 
4113 452 894 599 841 
4114 894 102 778 226 
4115 599 778 487 906 
4116 841 226 906 103 
4117 894 599 841 226 
4118 894 226 778 599 
4119 599 841 226 906 
4120 599 906 226 778 
4121 92 493 441 336 
4122 493 443 796 785 
4123 441 796 46 334 
4124 336 785 334 315 
4125 493 441 336 785 
4126 493 785 796 441 
4127 441 336 785 334 
4128 441 334 785 796 
4129 487 588 665 586 
4130 588 486 916 587 
4131 665 916 138 667 
4132 586 587 667 448 
4133 588 665 586 587 
4134 588 587 916 665 
4135 665 586 587 667 
4136 665 667 587 916 
4137 140 225 844 302 
4138 225 135 893 167 
4139 844 893 489 924 
4140 302 167 924 122 
4141 225 844 302 167 
4142 225 167 893 844 
4143 844 302 167 924 
4144 844 924 167 893 
4145 471 886 516 514 
4146 886 16 722 369 
4147 516 722 484 512 
4148 514 369 512 62 
4149 886 516 514 369 
4150 886 369 722 516 
4151 516 514 369 512 
4152 516 512 369 722 
4153 450 596 537 713 
4154 596 481 598 896 
4155 537 598 483 672 
4156 713 896 672 101 
4157 596 537 713 896 
4158 596 896 598 537 
4159 537 713 896 672 
4160 537 672 896 598 
4161 141 704 765 706 
4162 704 320 435 707 
4163 765 435 88 553 
4164 706 707 553 490 
4165 704 765 706 707 
4166 704 707 435 765 
4167 765 706 707 553 
4168 765 553 707 435 
4169 462 593 912 590 
4170 593 480 901 504 
4171 912 901 113 902 
4172 590 504 902 449 
4173 593 912 590 504 
4174 593 504 901 912 
4175 912 590 504 902 
4176 912 902 504 901 
4177 126 208 209 879 
4178 208 44 204 439 
4179 209 204 141 705 
4180 879 439 705 90 
4181 208 209 879 439 
4182 208 439 204 209 
4183 209 879 439 705 
4184 209 705 439 204 
4185 133 156 157 753 
4186 156 12 11 352 
4187 157 11 10 351 
4188 753 352 351 308 
4189 156 157 753 352 
4190 156 352 11 157 
4191 157 753 352 351 
4192 157 351 352 11 
4193 56 505 353 57 
4194 505 482 752 506 
4195 353 752 308 360 
4196 57 506 360 58 
4197 505 353 57 506 
4198 505 506 752 353 
4199 353 57 506 360 
4200 353 360 506 752 
4201 474 909 923 636 
4202 909 123 245 824 
4203 923 245 124 917 
4204 636 824 917 472 
4205 909 923 636 824 
4206 909 824 245 923 
4207 923 636 824 917 
4208 923 917 824 245 
4209 462 890 914 633 
4210 890 116 296 891 
4211 914 296 121 915 
4212 633 891 915 465 
4213 890 914 633 891 
4214 890 891 296 914 
4215 914 633 891 915 
4216 914 915 891 296 
4217 101 896 672 248 
4218 896 481 598 866 
4219 672 598 483 803 
4220 248 866 803 132 
4221 896 672 248 866 
4222 896 866 598 672 
4223 672 248 866 803 
4224 672 803 866 598 
4225 122 910 302 234 
4226 910 466 920 829 
4227 302 920 140 301 
4228 234 829 301 117 
4229 910 302 234 829 
4230 910 829 920 302 
4231 302 234 829 301 
4232 302 301 829 920 
4233 123 286 241 821 
4234 286 110 280 822 
4235 241 280 113 912 
4236 821 822 912 462 
4237 286 241 821 822 
4238 286 822 280 241 
4239 241 821 822 912 
4240 241 912 822 280 
4241 328 766 795 440 
4242 766 126 794 879 
4243 795 794 475 556 
4244 440 879 556 90 
4245 766 795 440 879 
4246 766 879 794 795 
4247 795 440 879 556 
4248 795 556 879 794 
4249 486 926 587 589 
4250 926 141 740 706 
4251 587 740 448 555 
4252 589 706 555 490 
4253 926 587 589 706 
4254 926 706 740 587 
4255 587 589 706 555 
4256 587 555 706 740 
4257 479 548 746 547 
4258 548 86 428 85 
4259 746 428 317 423 
4260 547 85 423 84 
4261 548 746 547 85 
4262 548 85 428 746 
4263 746 547 85 423 
4264 746 423 85 428 
4265 130 198 199 747 
4266 198 40 39 422 
4267 199 39 38 421 
4268 747 422 421 317 
4269 198 199 747 422 
4270 198 422 39 199 
4271 199 747 422 421 
4272 199 421 422 39 
4273 121 297 295 888 
4274 297 131 244 736 
4275 295 244 113 901 
4276 888 736 901 480 
4277 297 295 888 736 
4278 297 736 244 295 
4279 295 888 736 901 
4280 295 901 736 244 
4281 461 904 863 641 
4282 904 112 279 859 
4283 863 279 114 860 
4284 641 859 860 486 
4285 904 863 641 859 
4286 904 859 279 863 
4287 863 641 859 860 
4288 863 860 859 279 
4289 14 364 711 361 
4290 364 60 511 365 
4291 711 511 484 723 
4292 361 365 723 309 
4293 364 711 361 365 
4294 364 365 511 711 
4295 711 361 365 723 
4296 711 723 365 511 
4297 70 524 69 390 
4298 524 488 523 737 
4299 69 523 68 385 
4300 390 737 385 322 
4301 524 69 390 737 
4302 524 737 523 69 
4303 69 390 737 385 
4304 69 385 737 523 
4305 322 381 382 738 
4306 381 22 23 175 
4307 382 23 24 174 
4308 738 175 174 139 
4309 381 382 738 175 
4310 381 175 23 382 
4311 382 738 175 174 
4312 382 174 175 23 
4313 138 251 925 665 
4314 251 103 905 906 
4315 925 905 463 605 
4316 665 906 605 487 
4317 251 925 665 906 
4318 251 906 905 925 
4319 925 665 906 605 
4320 925 605 906 905 
4321 30 29 183 397 
4322 29 28 184 396 
4323 183 184 134 744 
4324 397 396 744 324 
4325 29 183 397 396 
4326 29 396 184 183 
4327 183 397 396 744 
4328 183 744 396 184 
4329 483 532 533 745 
4330 532 74 75 400 
4331 533 75 76 403 
4332 745 400 403 324 
4333 532 533 745 400 
4334 532 400 75 533 
4335 533 745 400 403 
4336 533 403 400 75 
4337 469 521 525 728 
4338 521 68 523 871 
4339 525 523 488 872 
4340 728 871 872 120 
4341 521 525 728 871 
4342 521 871 523 525 
4343 525 728 871 872 
4344 525 872 871 523 
4345 489 893 844 799 
4346 893 135 225 164 
4347 844 225 140 223 
4348 799 164 223 96 
4349 893 844 799 164 
4350 893 164 225 844 
4351 844 799 164 223 
4352 844 223 164 225 
4353 99 236 239 663 
4354 236 138 238 667 
4355 239 238 137 919 
4356 663 667 919 448 
4357 236 239 663 667 
4358 236 667 238 239 
4359 239 663 667 919 
4360 239 919 667 238 
4361 121 296 224 915 
4362 296 116 300 891 
4363 224 300 140 918 
4364 915 891 918 465 
4365 296 224 915 891 
4366 296 891 300 224 
4367 224 915 891 918 
4368 224 918 891 300 
4369 109 835 282 911 
4370 835 460 854 622 
4371 282 854 116 892 
4372 911 622 892 458 
4373 835 282 911 622 
4374 835 622 854 282 
4375 282 911 622 892 
4376 282 892 622 854 
4377 489 651 649 924 
4378 651 471 583 717 
4379 649 583 466 910 
4380 924 717 910 122 
4381 651 649 924 717 
4382 651 717 583 649 
4383 649 924 717 910 
4384 649 910 717 583 
4385 116 876 300 891 
4386 876 466 920 640 
4387 300 920 140 918 
4388 891 640 918 465 
4389 876 300 891 640 
4390 876 640 920 300 
4391 300 891 640 918 
4392 300 918 640 920 
4393 462 912 821 590 
4394 912 113 241 902 
4395 821 241 123 833 
4396 590 902 833 449 
4397 912 821 590 902 
4398 912 902 241 821 
4399 821 590 902 833 
4400 821 833 902 241 
4401 309 361 362 724 
4402 361 14 15 163 
4403 362 15 16 162 
4404 724 163 162 135 
4405 361 362 724 163 
4406 361 163 15 362 
4407 362 724 163 162 
4408 362 162 163 15 
4409 62 512 61 370 
4410 512 484 511 723 
4411 61 511 60 365 
4412 370 723 365 309 
4413 512 61 370 723 
4414 512 723 511 61 
4415 61 370 723 365 
4416 61 365 723 511 
4417 474 922 908 564 
4418 922 136 146 689 
4419 908 146 94 698 
4420 564 689 698 485 
4421 922 908 564 689 
4422 922 689 146 908 
4423 908 564 689 698 
4424 908 698 689 146 
4425 475 903 643 558 
4426 903 141 926 706 
4427 643 926 486 589 
4428 558 706 589 490 
4429 903 643 558 706 
4430 903 706 926 643 
4431 643 558 706 589 
4432 643 589 706 926 
4433 112 921 927 904 
4434 921 443 559 560 
4435 927 559 475 563 
4436 904 560 563 461 
4437 921 927 904 560 
4438 921 560 559 927 
4439 927 904 560 563 
4440 927 563 560 559 
4441 94 210 213 769 
4442 210 126 214 770 
4443 213 214 112 921 
4444 769 770 921 443 
4445 210 213 769 770 
4446 210 770 214 213 
4447 213 769 770 921 
4448 213 921 770 214 
4449 141 926 740 240 
4450 926 486 587 861 
4451 740 587 448 919 
4452 240 861 919 137 
4453 926 740 240 861 
4454 926 861 587 740 
4455 740 240 861 919 
4456 740 919 861 587 
4457 135 162 887 167 
4458 162 16 886 166 
4459 887 886 471 717 
4460 167 166 717 122 
4461 162 887 167 166 
4462 162 166 886 887 
4463 887 167 166 717 
4464 887 717 166 886 
4465 471 651 887 717 
4466 651 489 893 924 
4467 887 893 135 167 
4468 717 924 167 122 
4469 651 887 717 924 
4470 651 924 893 887 
4471 887 717 924 167 
4472 887 167 924 893 
4473 4 3 142 333 
4474 3 1 143 330 
4475 142 143 136 749 
4476 333 330 749 312 
4477 3 142 333 330 
4478 3 330 143 142 
4479 142 333 330 749 
4480 142 749 330 143 
4481 2 329 49 491 
4482 329 312 335 750 
4483 49 335 50 492 
4484 491 750 492 485 
4485 329 49 491 750 
4486 329 750 335 49 
4487 49 491 750 492 
4488 49 492 750 335 
4489 470 571 843 646 
4490 571 482 780 507 
4491 843 780 121 888 
4492 646 507 888 480 
4493 571 843 646 507 
4494 571 507 780 843 
4495 843 646 507 888 
4496 843 888 507 780 
4497 44 43 204 432 
4498 43 42 205 431 
4499 204 205 141 704 
4500 432 431 704 320 
4501 43 204 432 431 
4502 43 431 205 204 
4503 204 432 431 704 
4504 204 704 431 205 
4505 320 438 435 707 
4506 438 90 89 554 
4507 435 89 88 553 
4508 707 554 553 490 
4509 438 435 707 554 
4510 438 554 89 435 
4511 435 707 554 553 
4512 435 553 554 89 
4513 486 916 860 642 
4514 916 138 256 925 
4515 860 256 114 864 
4516 642 925 864 463 
4517 916 860 642 925 
4518 916 925 256 860 
4519 860 642 925 864 
4520 860 864 925 256 
4521 109 911 882 885 
4522 911 458 624 620 
4523 882 624 459 625 
4524 885 620 625 457 
4525 911 882 885 620 
4526 911 620 624 882 
4527 882 885 620 625 
4528 882 625 620 624 
4529 116 890 296 284 
4530 890 462 914 912 
4531 296 914 121 295 
4532 284 912 295 113 
4533 890 296 284 912 
4534 890 912 914 296 
4535 296 284 912 295 
4536 296 295 912 914 
4537 126 209 294 913 
4538 209 141 240 926 
4539 294 240 137 861 
4540 913 926 861 486 
4541 209 294 913 926 
4542 209 926 240 294 
4543 294 913 926 861 
4544 294 861 926 240 
4545 443 770 921 559 
4546 770 126 214 794 
4547 921 214 112 927 
4548 559 794 927 475 
4549 770 921 559 794 
4550 770 794 214 921 
4551 921 559 794 927 
4552 921 927 794 214 
4553 476 569 877 652 
4554 569 488 872 525 
4555 877 872 120 728 
4556 652 525 728 469 
4557 569 877 652 525 
4558 569 525 872 877 
4559 877 652 525 728 
4560 877 728 525 872 
4561 80 79 415 539 
4562 79 78 408 538 
4563 415 408 319 836 
4564 539 538 836 478 
4565 79 415 539 538 
4566 79 538 408 415 
4567 415 539 538 836 
4568 415 836 538 408 
4569 319 406 407 837 
4570 406 32 33 190 
4571 407 33 34 189 
4572 837 190 189 129 
4573 406 407 837 190 
4574 406 190 33 407 
4575 407 837 190 189 
4576 407 189 190 33 
4577 92 93 493 336 
4578 93 2 494 332 
4579 493 494 443 785 
4580 336 332 785 315 
4581 93 493 336 332 
4582 93 332 494 493 
4583 493 336 332 785 
4584 493 785 332 494 
4585 1 47 144 331 
4586 47 46 145 334 
4587 144 145 94 699 
4588 331 334 699 315 
4589 47 144 331 334 
4590 47 334 145 144 
4591 144 331 334 699 
4592 144 699 334 145 
4593 124 917 870 721 
4594 917 472 591 594 
4595 870 591 449 501 
4596 721 594 501 473 
4597 917 870 721 594 
4598 917 594 591 870 
4599 870 721 594 501 
4600 870 501 594 591 
4601 474 634 900 636 
4602 634 459 884 635 
4603 900 884 110 823 
4604 636 635 823 472 
4605 634 900 636 635 
4606 634 635 884 900 
4607 900 636 635 823 
4608 900 823 635 884 
4609 131 297 158 736 
4610 297 121 221 888 
4611 158 221 133 805 
4612 736 888 805 480 
4613 297 158 736 888 
4614 297 888 221 158 
4615 158 736 888 805 
4616 158 805 888 221 
4617 114 256 254 864 
4618 256 138 251 925 
4619 254 251 103 905 
4620 864 925 905 463 
4621 256 254 864 925 
4622 256 925 251 254 
4623 254 864 925 905 
4624 254 905 925 251 
4625 123 287 286 909 
4626 287 125 285 907 
4627 286 285 110 900 
4628 909 907 900 474 
4629 287 286 909 907 
4630 287 907 285 286 
4631 286 909 907 900 
4632 286 900 907 285 
4633 103 905 906 841 
4634 905 463 605 604 
4635 906 605 487 599 
4636 841 604 599 452 
4637 905 906 841 604 
4638 905 604 605 906 
4639 906 841 604 599 
4640 906 599 604 605 
4641 100 152 242 771 
4642 152 124 245 870 
4643 242 245 123 833 
4644 771 870 833 449 
4645 152 242 771 870 
4646 152 870 245 242 
4647 242 771 870 833 
4648 242 833 870 245 
4649 112 927 859 904 
4650 927 475 643 563 
4651 859 643 486 641 
4652 904 563 641 461 
4653 927 859 904 563 
4654 927 563 643 859 
4655 859 904 563 641 
4656 859 641 563 643 
4657 480 901 888 593 
4658 901 113 295 912 
4659 888 295 121 914 
4660 593 912 914 462 
4661 901 888 593 912 
4662 901 912 295 888 
4663 888 593 912 914 
4664 888 914 912 295 
4665 320 431 704 435 
4666 431 42 205 434 
4667 704 205 141 765 
4668 435 434 765 88 
4669 431 704 435 434 
4670 431 434 205 704 
4671 704 435 434 765 
4672 704 765 434 205 
4673 141 206 240 740 
4674 206 99 239 663 
4675 240 239 137 919 
4676 740 663 919 448 
4677 206 240 740 663 
4678 206 663 239 240 
4679 240 740 663 919 
4680 240 919 663 239 
4681 473 721 654 498 
4682 721 124 923 862 
4683 654 923 474 564 
4684 498 862 564 485 
4685 721 654 498 862 
4686 721 862 923 654 
4687 654 498 862 564 
4688 654 564 862 923 
4689 472 917 636 594 
4690 917 124 923 721 
4691 636 923 474 654 
4692 594 721 654 473 
4693 917 636 594 721 
4694 917 721 923 636 
4695 636 594 721 654 
4696 636 654 721 923 
4697 475 927 643 794 
4698 927 112 859 214 
4699 643 859 486 913 
4700 794 214 913 126 
4701 927 643 794 214 
4702 927 214 859 643 
4703 643 794 214 913 
4704 643 913 214 859 
4705 475 794 903 556 
4706 794 126 209 879 
4707 903 209 141 705 
4708 556 879 705 90 
4709 794 903 556 879 
4710 794 879 209 903 
4711 903 556 879 705 
4712 903 705 879 209 
4713 474 922 923 907 
4714 922 136 149 215 
4715 923 149 124 305 
4716 907 215 305 125 
4717 922 923 907 215 
4718 922 215 149 923 
4719 923 907 215 305 
4720 923 305 215 149 
4721 123 909 245 287 
4722 909 474 923 907 
4723 245 923 124 305 
4724 287 907 305 125 
4725 909 245 287 907 
4726 909 907 923 245 
4727 245 287 907 305 
4728 245 305 907 923 
4729 125 215 211 907 
4730 215 136 146 922 
4731 211 146 94 908 
4732 907 922 908 474 
4733 215 211 907 922 
4734 215 922 146 211 
4735 211 907 922 908 
4736 211 908 922 146 
4737 94 908 698 769 
4738 908 474 564 562 
4739 698 564 485 495 
4740 769 562 495 443 
4741 908 698 769 562 
4742 908 562 564 698 
4743 698 769 562 495 
4744 698 495 562 564 
4745 141 903 926 209 
4746 903 475 643 794 
4747 926 643 486 913 
4748 209 794 913 126 
4749 903 926 209 794 
4750 903 794 643 926 
4751 926 209 794 913 
4752 926 913 794 643 
4753 99 203 236 658 
4754 203 130 237 659 
4755 236 237 138 666 
4756 658 659 666 655 
4757 203 236 658 659 
4758 203 659 237 236 
4759 236 658 659 666 
4760 236 666 659 237 
4761 448 586 552 664 
4762 586 487 585 662 
4763 552 585 479 660 
4764 664 662 660 655 
4765 586 552 664 662 
4766 586 662 585 552 
4767 552 664 662 660 
4768 552 660 662 585 
$EndElements
