$MeshFormat
4.1 0 8
$EndMeshFormat
$PhysicalNames
6
0 6 "boundary2"
1 4 "boundary2"
1 5 "boundary1"
2 1 "boundary1"
2 2 "boundary2"
3 3 "volume"
$EndPhysicalNames
$Entities
58 86 40 4
1 -1 0 0 0 
2 -0.8 0 0 0 
3 -0.7 0 0 0 
5 -1.2 0 0 1 6 
6 -1.3 0 0 0 
7 -1.4 0 0 0 
8 -1 0.2 0 0 
9 -1 0.3 0 0 
10 -1 0.4 0 0 
11 -1 -0.2 0 0 
12 -1 -0.3 0 0 
13 -1 -0.4 0 0 
14 0.6 0 0 0 
15 1.1 0 0 0 
16 0.9 0 0 0 
17 0.6 0.5 0 0 
18 0.6 0.3 0 0 
19 0.6 -0.3 0 0 
20 0.3 0 0 0 
21 0.6 -0.5 0 0 
22 -1 0.4 0.1 0 
23 0.6 0.5 0.1 0 
27 0.6 0 0.1 0 
28 1.1 0 0.1 0 
33 0.6 -0.5 0.1 0 
37 -1 -0.4 0.1 0 
41 -1 0 0.1 0 
42 -1.4 0 0.1 0 
50 0.6 0.3 0.1 0 
52 0.9 0 0.1 0 
57 0.6 -0.3 0.1 0 
62 0.3 0 0.1 0 
70 -0.7 0 0.1 0 
72 -1 -0.3 0.1 0 
77 -1.3 0 0.1 0 
82 -1 0.3 0.1 0 
103 -0.8 0 0.1 0 
105 -1 -0.2 0.1 0 
110 -1.2 0 0.1 1 6 
115 -1 0.2 0.1 0 
116 -0.7 0 0.2 0 
117 -1 0 0.2 0 
118 -1 0.3 0.2 0 
123 -1.3 0 0.2 0 
128 -1 -0.3 0.2 0 
136 -0.8 0 0.2 0 
138 -1 -0.2 0.2 0 
143 -1.2 0 0.2 0 
148 -1 0.2 0.2 0 
149 -0.7 0 -0.1 0 
150 -1 0 -0.1 0 
151 -1 0.3 -0.1 0 
156 -1.3 0 -0.1 0 
161 -1 -0.3 -0.1 0 
169 -0.8 0 -0.1 0 
171 -1 -0.2 -0.1 0 
176 -1.2 0 -0.1 0 
181 -1 0.2 -0.1 0 
1 -1 0.4 0 0.6000000000000001 0.5 0 0 2 10 -17 
2 -1 -0.5 0 0.6000000000000001 -0.4 0 0 2 13 -21 
3 -1.4 2.775557561562891e-17 0 -1 0.4 0 0 2 10 -7 
4 -1.4 -0.3999999999999999 0 -1 0 0 0 2 7 -13 
5 0.6 -0.5 0 1.1 -2.775557561562891e-17 0 0 2 21 -15 
6 0.6 0 0 1.1 0.5000000000000001 0 0 2 15 -17 
7 0.6 0 0 0.9 0.3 0 0 2 16 -18 
8 0.3 2.775557561562891e-17 0 0.6 0.3 0 0 2 18 -20 
9 0.3 -0.3 0 0.6 0 0 0 2 20 -19 
10 0.6 -0.3 0 0.8999999999999999 -2.775557561562891e-17 0 0 2 19 -16 
11 -1 0 0 -0.8 0.2 0 0 2 2 -8 
12 -1.2 1.387778780781446e-17 0 -1 0.2 0 1 4 2 8 -5 
13 -1.2 -0.2 0 -1 0 0 1 4 2 5 -11 
14 -1 -0.2 0 -0.8 -1.387778780781446e-17 0 0 2 11 -2 
15 -1 0 0 -0.7 0.3 0 0 2 3 -9 
16 -1.3 2.775557561562891e-17 0 -1 0.3 0 0 2 9 -6 
17 -1.3 -0.3 0 -1 0 0 0 2 6 -12 
18 -1 -0.3 0 -0.7 -2.775557561562891e-17 0 0 2 12 -3 
20 -1 0.4 0.1 0.6000000000000001 0.5 0.1 0 2 22 -23 
21 0.6 0 0.1 1.1 0.5000000000000001 0.1 0 2 23 -28 
22 0.6 -0.5 0.1 1.1 -2.775557561562891e-17 0.1 0 2 28 -33 
23 -1 -0.5 0.1 0.6000000000000001 -0.4 0.1 0 2 33 -37 
24 -1.4 -0.3999999999999999 0.1 -1 0 0.1 0 2 37 -42 
25 -1.4 2.775557561562891e-17 0.1 -1 0.4 0.1 0 2 42 -22 
26 0.6 0 0.1 0.9 0.3 0.1 0 2 50 -52 
27 0.6 -0.3 0.1 0.8999999999999999 -2.775557561562891e-17 0.1 0 2 52 -57 
28 0.3 -0.3 0.1 0.6 0 0.1 0 2 57 -62 
29 0.3 2.775557561562891e-17 0.1 0.6 0.3 0.1 0 2 62 -50 
30 -1 -0.3 0.1 -0.7 -2.775557561562891e-17 0.1 0 2 70 -72 
31 -1.3 -0.3 0.1 -1 0 0.1 0 2 72 -77 
32 -1.3 2.775557561562891e-17 0.1 -1 0.3 0.1 0 2 77 -82 
33 -1 0 0.1 -0.7 0.3 0.1 0 2 82 -70 
35 -1 0.4 0 -1 0.4 0.1 0 2 10 -22 
36 0.6 0.5 0 0.6 0.5 0.1 0 2 17 -23 
40 1.1 0 0 1.1 0 0.1 0 2 15 -28 
44 0.6 -0.5 0 0.6 -0.5 0.1 0 2 21 -33 
48 -1 -0.4 0 -1 -0.4 0.1 0 2 13 -37 
52 -1.4 0 0 -1.4 0 0.1 0 2 7 -42 
59 0.6 0.3 0 0.6 0.3 0.1 0 2 18 -50 
60 0.9 0 0 0.9 0 0.1 1 5 2 16 -52 
64 0.6 -0.3 0 0.6 -0.3 0.1 0 2 19 -57 
68 0.3 0 0 0.3 0 0.1 0 2 20 -62 
75 -0.7 0 0 -0.7 0 0.1 0 2 3 -70 
76 -1 -0.3 0 -1 -0.3 0.1 0 2 12 -72 
80 -1.3 0 0 -1.3 0 0.1 0 2 6 -77 
84 -1 0.3 0 -1 0.3 0.1 0 2 9 -82 
96 -1 -0.2 0.1 -0.8 -1.387778780781446e-17 0.1 0 2 103 -105 
97 -1.2 -0.2 0.1 -1 0 0.1 1 4 2 105 -110 
98 -1.2 1.387778780781446e-17 0.1 -1 0.2 0.1 1 4 2 110 -115 
99 -1 0 0.1 -0.8 0.2 0.1 0 2 115 -103 
117 -0.8 0 0 -0.8 0 0.1 0 2 2 -103 
118 -1 -0.2 0 -1 -0.2 0.1 0 2 11 -105 
122 -1.2 0 0 -1.2 0 0.1 1 4 2 5 -110 
126 -1 0.2 0 -1 0.2 0.1 0 2 8 -115 
134 -1 0 0.2 -0.7 0.3 0.2 0 2 116 -118 
135 -1.3 2.775557561562891e-17 0.2 -1 0.3 0.2 0 2 118 -123 
136 -1.3 -0.3 0.2 -1 0 0.2 0 2 123 -128 
137 -1 -0.3 0.2 -0.7 -2.775557561562891e-17 0.2 0 2 128 -116 
138 -1 -0.2 0.2 -0.8 -1.387778780781446e-17 0.2 0 2 136 -138 
139 -1.2 -0.2 0.2 -1 0 0.2 0 2 138 -143 
140 -1.2 1.387778780781446e-17 0.2 -1 0.2 0.2 0 2 143 -148 
141 -1 0 0.2 -0.8 0.2 0.2 0 2 148 -136 
143 -0.7 0 0.1 -0.7 0 0.2 0 2 70 -116 
144 -1 0.3 0.1 -1 0.3 0.2 0 2 82 -118 
148 -1.3 0 0.1 -1.3 0 0.2 0 2 77 -123 
152 -1 -0.3 0.1 -1 -0.3 0.2 0 2 72 -128 
159 -0.8 0 0.1 -0.8 0 0.2 0 2 103 -136 
160 -1 -0.2 0.1 -1 -0.2 0.2 0 2 105 -138 
164 -1.2 0 0.1 -1.2 0 0.2 1 4 2 110 -143 
168 -1 0.2 0.1 -1 0.2 0.2 0 2 115 -148 
176 -1 0 -0.1 -0.7 0.3 -0.1 0 2 149 -151 
177 -1.3 2.775557561562891e-17 -0.1 -1 0.3 -0.1 0 2 151 -156 
178 -1.3 -0.3 -0.1 -1 0 -0.1 0 2 156 -161 
179 -1 -0.3 -0.1 -0.7 -2.775557561562891e-17 -0.1 0 2 161 -149 
180 -1 -0.2 -0.1 -0.8 -1.387778780781446e-17 -0.1 0 2 169 -171 
181 -1.2 -0.2 -0.1 -1 0 -0.1 0 2 171 -176 
182 -1.2 1.387778780781446e-17 -0.1 -1 0.2 -0.1 0 2 176 -181 
183 -1 0 -0.1 -0.8 0.2 -0.1 0 2 181 -169 
185 -0.7 0 -0.1 -0.7 0 0 0 2 3 -149 
186 -1 0.3 -0.1 -1 0.3 0 0 2 9 -151 
190 -1.3 0 -0.1 -1.3 0 0 0 2 6 -156 
194 -1 -0.3 -0.1 -1 -0.3 0 0 2 12 -161 
201 -0.8 0 -0.1 -0.8 0 0 0 2 2 -169 
202 -1 -0.2 -0.1 -1 -0.2 0 0 2 11 -171 
206 -1.2 0 -0.1 -1.2 0 0 1 4 2 5 -176 
210 -1 0.2 -0.1 -1 0.2 0 0 2 8 -181 
1 -1.4 -0.4999999999999999 0 1.1 0.5 0 0 14 1 -6 -5 -2 -4 -3 -7 -10 -9 -8 -18 -17 -16 -15 
2 -1.3 -0.3 0 -0.7 0.3 0 0 8 15 16 17 18 -14 -13 -12 -11 
37 -1 0.4 0 0.6000000000000001 0.5 0.1 0 4 1 36 -20 -35 
41 0.6 0 0 1.1 0.5000000000000001 0.1 0 4 -6 40 -21 -36 
45 0.6 -0.5 0 1.1 0 0.1 0 4 -5 44 -22 -40 
49 -1 -0.5 0 0.6000000000000001 -0.4 0.1 0 4 -2 48 -23 -44 
53 -1.4 -0.4 0 -1 0 0.1 0 4 -4 52 -24 -48 
57 -1.4 0 0 -1 0.4 0.1 0 4 -3 35 -25 -52 
61 0.6 0 0 0.9 0.3 0.1 1 1 4 -7 60 -26 -59 
65 0.6 -0.3 0 0.9 0 0.1 1 1 4 -10 64 -27 -60 
69 0.3 -0.3 0 0.6 0 0.1 0 4 -9 68 -28 -64 
73 0.3 0 0 0.6 0.3 0.1 0 4 -8 59 -29 -68 
77 -1 -0.3 0 -0.7 0 0.1 0 4 -18 76 -30 -75 
81 -1.3 -0.3 0 -1 0 0.1 0 4 -17 80 -31 -76 
85 -1.3 0 0 -1 0.3 0.1 0 4 -16 84 -32 -80 
89 -1 0 0 -0.7 0.3 0.1 0 4 -15 75 -33 -84 
90 -1.4 -0.4999999999999999 0.1 1.1 0.5 0.1 0 14 20 21 22 23 24 25 26 27 28 29 30 31 32 33 
119 -1 -0.2 0 -0.8 0 0.1 0 4 -14 118 -96 -117 
123 -1.2 -0.2 0 -1 0 0.1 1 2 4 -13 122 -97 -118 
127 -1.2 0 0 -1 0.2 0.1 1 2 4 -12 126 -98 -122 
131 -1 0 0 -0.8 0.2 0.1 0 4 -11 117 -99 -126 
132 -1.3 -0.3 0.1 -0.7 0.3 0.1 0 8 -33 -32 -31 -30 96 97 98 99 
145 -1 0 0.1 -0.7 0.3 0.2 0 4 -33 144 -134 -143 
149 -1.3 0 0.1 -1 0.3 0.2 0 4 -32 148 -135 -144 
153 -1.3 -0.3 0.1 -1 0 0.2 0 4 -31 152 -136 -148 
157 -1 -0.3 0.1 -0.7 0 0.2 0 4 -30 143 -137 -152 
161 -1 -0.2 0.1 -0.8 0 0.2 0 4 96 160 -138 -159 
165 -1.2 -0.2 0.1 -1 0 0.2 1 2 4 97 164 -139 -160 
169 -1.2 0 0.1 -1 0.2 0.2 1 2 4 98 168 -140 -164 
173 -1 0 0.1 -0.8 0.2 0.2 0 4 99 159 -141 -168 
174 -1.3 -0.3 0.2 -0.7 0.3 0.2 0 8 134 135 136 137 138 139 140 141 
187 -1 0 -0.1 -0.7 0.3 0 0 4 15 186 -176 -185 
191 -1.3 0 -0.1 -1 0.3 0 0 4 16 190 -177 -186 
195 -1.3 -0.3 -0.1 -1 0 0 0 4 17 194 -178 -190 
199 -1 -0.3 -0.1 -0.7 0 0 0 4 18 185 -179 -194 
203 -1 -0.2 -0.1 -0.8 0 0 0 4 -14 202 -180 -201 
207 -1.2 -0.2 -0.1 -1 0 0 1 2 4 -13 206 -181 -202 
211 -1.2 0 -0.1 -1 0.2 0 1 2 4 -12 210 -182 -206 
215 -1 0 -0.1 -0.8 0.2 0 0 4 -11 201 -183 -210 
216 -1.3 -0.3 -0.1 -0.7 0.3 -0.1 0 8 176 177 178 179 180 181 182 183 
1 -1.4 -0.4999999999999999 0 1.1 0.5 0.1 1 3 16 -1 90 37 -41 -45 -49 -53 -57 -61 -65 -69 -73 -77 -81 -85 -89 
2 -1.3 -0.3 0 -0.7 0.3 0.1 1 3 10 -2 132 89 85 81 77 -119 -123 -127 -131 
3 -1.3 -0.3 0.1 -0.7 0.3 0.2 1 3 10 -132 174 -145 -149 -153 -157 161 165 169 173 
4 -1.3 -0.3 -0.1 -0.7 0.3 0 1 3 10 -2 216 187 191 195 199 -203 -207 -211 -215 
$EndEntities
$Nodes
182 982 1 982
0 2 0 1
1
-0.8 0 0
0 3 0 1
2
-0.7 0 0
0 5 0 1
3
-1.2 0 0
0 6 0 1
4
-1.3 0 0
0 7 0 1
5
-1.4 0 0
0 8 0 1
6
-1 0.2 0
0 9 0 1
7
-1 0.3 0
0 10 0 1
8
-1 0.4 0
0 11 0 1
9
-1 -0.2 0
0 12 0 1
10
-1 -0.3 0
0 13 0 1
11
-1 -0.4 0
0 15 0 1
12
1.1 0 0
0 16 0 1
13
0.9 0 0
0 17 0 1
14
0.6 0.5 0
0 18 0 1
15
0.6 0.3 0
0 19 0 1
16
0.6 -0.3 0
0 20 0 1
17
0.3 0 0
0 21 0 1
18
0.6 -0.5 0
0 22 0 1
19
-1 0.4 0.1
0 23 0 1
20
0.6 0.5 0.1
0 28 0 1
21
1.1 0 0.1
0 33 0 1
22
0.6 -0.5 0.1
0 37 0 1
23
-1 -0.4 0.1
0 42 0 1
24
-1.4 0 0.1
0 50 0 1
25
0.6 0.3 0.1
0 52 0 1
26
0.9 0 0.1
0 57 0 1
27
0.6 -0.3 0.1
0 62 0 1
28
0.3 0 0.1
0 70 0 1
29
-0.7 0 0.1
0 72 0 1
30
-1 -0.3 0.1
0 77 0 1
31
-1.3 0 0.1
0 82 0 1
32
-1 0.3 0.1
0 103 0 1
33
-0.8 0 0.1
0 105 0 1
34
-1 -0.2 0.1
0 110 0 1
35
-1.2 0 0.1
0 115 0 1
36
-1 0.2 0.1
0 116 0 1
37
-0.7 0 0.2
0 118 0 1
38
-1 0.3 0.2
0 123 0 1
39
-1.3 0 0.2
0 128 0 1
40
-1 -0.3 0.2
0 136 0 1
41
-0.8 0 0.2
0 138 0 1
42
-1 -0.2 0.2
0 143 0 1
43
-1.2 0 0.2
0 148 0 1
44
-1 0.2 0.2
0 149 0 1
45
-0.7 0 -0.1
0 151 0 1
46
-1 0.3 -0.1
0 156 0 1
47
-1.3 0 -0.1
0 161 0 1
48
-1 -0.3 -0.1
0 169 0 1
49
-0.8 0 -0.1
0 171 0 1
50
-1 -0.2 -0.1
0 176 0 1
51
-1.2 0 -0.1
0 181 0 1
52
-1 0.2 -0.1
1 1 0 3
53
54
55
-0.6000000000008805 0.424999999999945 0
-0.2000000000021229 0.4499999999998673 0
0.1999999999990592 0.4749999999999412 0
1 2 0 3
56
57
58
-0.6000000000008805 -0.424999999999945 0
-0.2000000000021229 -0.4499999999998673 0
0.1999999999990592 -0.4749999999999412 0
1 3 0 3
59
60
61
-1.153073373480968 0.3695518127829387 0
-1.282842713259161 0.282842711690077 0
-1.369551813255629 0.1530733723397921 0
1 4 0 3
62
63
64
-1.369551812833655 -0.1530733733585282 0
-1.282842711814173 -0.2828427131350645 0
-1.153073372528792 -0.3695518131773428 0
1 5 0 3
65
66
67
0.7913417163814599 -0.4619397661732501 0
0.9535533914902319 -0.3535533896963156 0
1.061939766488393 -0.1913417156206372 0
1 6 0 3
68
69
70
1.061939765990835 0.1913417168218481 0
0.9535533897017401 0.3535533914848075 0
0.7913417158380458 0.4619397663983397 0
1 7 0 3
71
72
73
0.8771638596629963 0.1148050299277474 0
0.8121320338085318 0.2121320349033967 0
0.7148050294081314 0.2771638598782282 0
1 8 0 3
74
75
76
0.4851949700568213 0.2771638596566043 0
0.3878679651646335 0.2121320338765621 0
0.3228361401084197 0.1148050293758965 0
1 9 0 3
77
78
79
0.3228361404064859 -0.1148050300954921 0
0.3878679662110431 -0.2121320349229716 0
0.4851949706932963 -0.2771638599202409 0
1 10 0 3
80
81
82
0.7148050301438897 -0.277163859573467 0
0.8121320347774063 -0.2121320339345222 0
0.8771638599230014 -0.1148050293000392 0
1 11 0 3
83
84
85
-0.8152240935831726 0.07653668667926411 0
-0.8585786440929133 0.1414213565675323 0
-0.9234633137356041 0.1847759065886714 0
1 12 0 3
86
87
88
-1.076536686736242 0.1847759063932264 0
-1.141421356625675 0.1414213558489444 0
-1.184775906724404 0.07653668593670886 0
1 13 0 3
89
90
91
-1.184775906391141 -0.07653668674127552 0
-1.141421355900327 -0.1414213565742917 0
-1.076536686452961 -0.1847759065105653 0
1 14 0 3
92
93
94
-0.9234633132595161 -0.1847759063914693 0
-0.8585786433704194 -0.1414213558450385 0
-0.8152240933721855 -0.07653668616989606 0
1 15 0 3
95
96
97
-0.7228361403820311 0.1148050300364531 0
-0.7878679661086742 0.2121320348206027 0
-0.8851949706127885 0.2771638598868935 0
1 16 0 3
98
99
100
-1.114805029676267 0.2771638597671626 0
-1.212132034910748 0.2121320338011808 0
-1.277163859893322 0.1148050293716915 0
1 17 0 3
101
102
103
-1.277163859577709 -0.1148050301336484 0
-1.212132033987822 -0.212132034724107 0
-1.114805029555156 -0.2771638598173288 0
1 18 0 3
104
105
106
-0.8851949701261125 -0.2771638596853057 0
-0.7878679651620343 -0.2121320338739628 0
-0.7228361401266831 -0.114805029419988 0
1 20 0 3
107
108
109
-0.6000000000008805 0.424999999999945 0.1
-0.2000000000021229 0.4499999999998673 0.1
0.1999999999990592 0.4749999999999412 0.1
1 21 0 3
110
111
112
0.791341716979354 0.4619397659255944 0.1
0.9535533918591893 0.3535533893273583 0.1
1.061939766557889 0.1913417154528599 0.1
1 22 0 3
113
114
115
1.061939765856236 -0.1913417171468 0.1
0.9535533892317819 -0.3535533919547656 0.1
0.7913417154194581 -0.4619397665717243 0.1
1 23 0 3
116
117
118
0.2000000000009036 -0.4750000000000565 0.1
-0.199999999997888 -0.450000000000132 0.1
-0.5999999999991 -0.4250000000000563 0.1
1 24 0 3
119
120
121
-1.153073373578734 -0.3695518127424423 0.1
-1.282842713475168 -0.2828427114740696 0.1
-1.369551813256248 -0.1530733723382972 0.1
1 25 0 3
122
123
124
-1.369551812585715 0.1530733739571071 0.1
-1.282842711414461 0.2828427135347772 0.1
-1.153073372145039 0.3695518133362987 0.1
1 26 0 3
125
126
127
0.71480503020882 0.2771638595465721 0.1
0.8121320351809336 0.2121320335309949 0.1
0.8771638599721443 0.1148050291813977 0.1
1 27 0 3
128
129
130
0.8771638595393161 -0.1148050302263376 0.1
0.8121320334325406 -0.2121320352793879 0.1
0.7148050289013071 -0.2771638600881616 0.1
1 28 0 3
131
132
133
0.4851949697829776 -0.2771638595431745 0.1
0.3878679648323984 -0.2121320335443269 0.1
0.3228361400526243 -0.1148050292411945 0.1
1 29 0 3
134
135
136
0.3228361404435994 0.1148050301850919 0.1
0.3878679665320024 0.2121320352439309 0.1
0.4851949708719448 0.2771638599942395 0.1
1 30 0 3
137
138
139
-0.7228361405085821 -0.1148050303419741 0.1
-0.7878679664675164 -0.212132035179445 0.1
-0.8851949707881916 -0.2771638599595478 0.1
1 31 0 3
140
141
142
-1.114805030297692 -0.27716385950976 0.1
-1.212132035081484 -0.2121320336304446 0.1
-1.27716385984996 -0.1148050294763778 0.1
1 32 0 3
143
144
145
-1.277163859754444 0.1148050297069722 0.1
-1.212132033664588 0.2121320350473407 0.1
-1.114805029496744 0.2771638598415236 0.1
1 33 0 3
146
147
148
-0.8851949695634385 0.2771638594522385 0.1
-0.7878679648019704 0.212132033513899 0.1
-0.7228361399770211 0.1148050290586722 0.1
1 35 0 1
149
-1 0.4 0.04999999999985524
1 36 0 1
150
0.6 0.5 0.04999999999985524
1 40 0 1
151
1.1 0 0.04999999999985524
1 44 0 1
152
0.6 -0.5 0.04999999999985524
1 48 0 1
153
-1 -0.4 0.04999999999985524
1 52 0 1
154
-1.4 0 0.04999999999985524
1 59 0 1
155
0.6 0.3 0.04999999999985524
1 60 0 1
156
0.9 0 0.04999999999985524
1 64 0 1
157
0.6 -0.3 0.04999999999985524
1 68 0 1
158
0.3 0 0.04999999999985524
1 75 0 1
159
-0.7 0 0.04999999999985524
1 76 0 1
160
-1 -0.3 0.04999999999985524
1 80 0 1
161
-1.3 0 0.04999999999985524
1 84 0 1
162
-1 0.3 0.04999999999985524
1 96 0 3
163
164
165
-0.8152240937071423 -0.07653668697855354 0.1
-0.8585786442927696 -0.1414213567673886 0.1
-0.9234633139274807 -0.1847759066681493 0.1
1 97 0 3
166
167
168
-1.076536686963597 -0.1847759062990529 0.1
-1.141421357033819 -0.1414213554408002 0.1
-1.184775906749264 -0.07653668587669105 0.1
1 98 0 3
169
170
171
-1.184775906375019 0.07653668678019784 0.1
-1.141421355495602 0.1414213569790173 0.1
-1.076536685817614 0.1847759067737348 0.1
1 99 0 3
172
173
174
-0.9234633132106328 0.1847759063712212 0.1
-0.8585786432624158 0.1414213557370348 0.1
-0.8152240933718758 0.0765366861691486 0.1
1 117 0 1
175
-0.8 0 0.04999999999985524
1 118 0 1
176
-1 -0.2 0.04999999999985524
1 122 0 1
177
-1.2 0 0.04999999999985524
1 126 0 1
178
-1 0.2 0.04999999999985524
1 134 0 3
179
180
181
-0.7228361403820311 0.1148050300364531 0.2
-0.7878679661086742 0.2121320348206027 0.2
-0.8851949706127885 0.2771638598868935 0.2
1 135 0 3
182
183
184
-1.114805029676267 0.2771638597671626 0.2
-1.212132034910748 0.2121320338011808 0.2
-1.277163859893322 0.1148050293716915 0.2
1 136 0 3
185
186
187
-1.277163859577709 -0.1148050301336484 0.2
-1.212132033987822 -0.212132034724107 0.2
-1.114805029555156 -0.2771638598173288 0.2
1 137 0 3
188
189
190
-0.8851949701261125 -0.2771638596853057 0.2
-0.7878679651620343 -0.2121320338739628 0.2
-0.7228361401266831 -0.114805029419988 0.2
1 138 0 3
191
192
193
-0.8152240937071423 -0.07653668697855354 0.2
-0.8585786442927696 -0.1414213567673886 0.2
-0.9234633139274807 -0.1847759066681493 0.2
1 139 0 3
194
195
196
-1.076536686963597 -0.1847759062990529 0.2
-1.141421357033819 -0.1414213554408002 0.2
-1.184775906749264 -0.07653668587669105 0.2
1 140 0 3
197
198
199
-1.184775906375019 0.07653668678019784 0.2
-1.141421355495602 0.1414213569790173 0.2
-1.076536685817614 0.1847759067737348 0.2
1 141 0 3
200
201
202
-0.9234633132106328 0.1847759063712212 0.2
-0.8585786432624158 0.1414213557370348 0.2
-0.8152240933718758 0.0765366861691486 0.2
1 143 0 1
203
-0.7 0 0.1499999999997493
1 144 0 1
204
-1 0.3 0.1499999999997493
1 148 0 1
205
-1.3 0 0.1499999999997493
1 152 0 1
206
-1 -0.3 0.1499999999997493
1 159 0 1
207
-0.8 0 0.1499999999997493
1 160 0 1
208
-1 -0.2 0.1499999999997493
1 164 0 1
209
-1.2 0 0.1499999999997493
1 168 0 1
210
-1 0.2 0.1499999999997493
1 176 0 3
211
212
213
-0.7228361403820311 0.1148050300364531 -0.1
-0.7878679661086742 0.2121320348206027 -0.1
-0.8851949706127885 0.2771638598868935 -0.1
1 177 0 3
214
215
216
-1.114805029676267 0.2771638597671626 -0.1
-1.212132034910748 0.2121320338011808 -0.1
-1.277163859893322 0.1148050293716915 -0.1
1 178 0 3
217
218
219
-1.277163859577709 -0.1148050301336484 -0.1
-1.212132033987822 -0.212132034724107 -0.1
-1.114805029555156 -0.2771638598173288 -0.1
1 179 0 3
220
221
222
-0.8851949701261125 -0.2771638596853057 -0.1
-0.7878679651620343 -0.2121320338739628 -0.1
-0.7228361401266831 -0.114805029419988 -0.1
1 180 0 3
223
224
225
-0.8152240937071423 -0.07653668697855354 -0.1
-0.8585786442927696 -0.1414213567673886 -0.1
-0.9234633139274807 -0.1847759066681493 -0.1
1 181 0 3
226
227
228
-1.076536686963597 -0.1847759062990529 -0.1
-1.141421357033819 -0.1414213554408002 -0.1
-1.184775906749264 -0.07653668587669105 -0.1
1 182 0 3
229
230
231
-1.184775906375019 0.07653668678019784 -0.1
-1.141421355495602 0.1414213569790173 -0.1
-1.076536685817614 0.1847759067737348 -0.1
1 183 0 3
232
233
234
-0.9234633132106328 0.1847759063712212 -0.1
-0.8585786432624158 0.1414213557370348 -0.1
-0.8152240933718758 0.0765366861691486 -0.1
1 185 0 1
235
-0.7 0 -0.04999999999985524
1 186 0 1
236
-1 0.3 -0.04999999999985524
1 190 0 1
237
-1.3 0 -0.04999999999985524
1 194 0 1
238
-1 -0.3 -0.04999999999985524
1 201 0 1
239
-0.8 0 -0.04999999999985524
1 202 0 1
240
-1 -0.2 -0.04999999999985524
1 206 0 1
241
-1.2 0 -0.04999999999985524
1 210 0 1
242
-1 0.2 -0.04999999999985524
2 1 0 55
243
244
245
246
247
248
249
250
251
252
253
254
255
256
257
258
259
260
261
262
263
264
265
266
267
268
269
270
271
272
273
274
275
276
277
278
279
280
281
282
283
284
285
286
287
288
289
290
291
292
293
294
295
296
297
-0.5875672199498558 0.2260755191806439 0
-0.5875672200193847 -0.2260755202931055 0
0.160222253045432 -0.1821619079070461 0
0.1602222522887529 0.1821619069496998 0
-0.100759786278651 0.0007710325839279831 0
-0.3959823710420228 0.0001285052452444211 0
-0.6877175930292649 0.2191037770006233 0
-0.6437836099749279 0.113037759590322 0
-0.6437836100096923 -0.1130377601465527 0
-0.6877175925907095 -0.2191037770835341 0
-0.4917747954959393 0.1131020122129442 0
-0.5479911855210113 6.425262262221056e-05 0
-0.4917747955307037 -0.1129735075239305 0
-1.291421356629581 0.1414213558450385 0
-1.35 0 0
-1.306066016993911 -0.1060660173620535 0
-1.247487374084955 0.2474873727456289 0
-1.247487372900998 -0.2474873739295858 0
-1 0.35 0
-0.8939339830543371 0.3060660174103014 0
-1.106066017455374 0.3060660169005904 0
-0.3937836099759894 0.3380377595902556 0
-0.7937836099749279 0.313037759590322 0
-1.141421355907087 -0.2914213565675323 0
-1 -0.35 0
-0.8939339825810171 -0.3060660169369814 0
-0.7937836100096923 -0.3130377601465528 0
-0.3937836100107538 -0.3380377601464864 0
1 0 0
0.926776695745116 -0.1767766948481578 0
0.92677669485087 0.1767766957424038 0
0.882842713133819 -0.2828427118154189 0
0.882842711755136 0.2828427131941021 0
0.7060660169042658 0.3560660174516983 0
0.6 0.4 0
0.4939339825823167 0.356066016938281 0
0.3801111261443764 0.3410809534748499 0
-0.019888873856685 0.3160809534747836 0
0.2740451087266932 0.1971469704131309 0
0.4939339831055215 -0.3560660174614858 0
0.6 -0.4 0
0.7060660173887031 -0.3560660169672611 0
0.2301111261443765 0.09108095347484989 0
0.2740451096282375 -0.1971469714150089 0
0.230111126522716 -0.09108095395352304 0
0.1602222526670924 -4.786731566674973e-10 0
-0.01988887347834548 -0.3160809539534567 0
0.3801111265227159 -0.341080953953523 0
-0.2979911855220729 0.2250642526225559 0
0.02973123300505096 0.09146646976681388 0
-0.150379893140387 0.2253855162918977 0
-0.2483710786603369 0.0004497689145862021 0
-0.2979911855220729 -0.2249357473773115 0
-0.150379893140387 -0.2246144837079697 0
0.02973123338339048 -0.09069543766155906 0
2 2 0 16
298
299
300
301
302
303
304
305
306
307
308
309
310
311
312
313
-0.7792893216852097 -0.07071067792251925 0
-0.75 0 0
-0.793933983054337 0.1060660174103014 0
-0.8232233051007938 0.1767766956940675 0
-0.8232233042662269 -0.1767766948595006 0
-1.220710678312837 0.07071067792447221 0
-1.25 0 0
-1.206066016993911 -0.1060660173620535 0
-1.176776694944075 -0.1767766956491993 0
-1.176776695768211 0.1767766948250626 0
-0.9292893220464566 0.2207106782837661 0
-1 0.25 0
-1.106066017455374 0.2060660169005904 0
-1.070710677950164 -0.2207106782871458 0
-1 -0.25 0
-0.8939339825810171 -0.2060660169369814 0
2 37 0 3
314
315
316
-0.6000000000010615 0.4249999999999337 0.05
-0.200000000002123 0.4499999999998673 0.05
0.1999999999989386 0.4749999999999336 0.05
2 41 0 3
317
318
319
1.061939766598198 0.1913417153555458 0.05
0.9535533907804647 0.3535533904060829 0.05
0.7913417156001223 0.4619397664968908 0.05
2 45 0 3
320
321
322
1.061939766611721 -0.1913417153228973 0.05
0.7913417156001041 -0.4619397664968982 0.05
0.9535533903610069 -0.3535533908255406 0.05
2 49 0 3
323
324
325
-0.6000000000010615 -0.4249999999999337 0.05
0.2000000000010562 -0.475000000000066 0.05
-0.2000000000000055 -0.4499999999999997 0.05
2 53 0 3
326
327
328
-1.369551813275261 -0.1530733722923956 0.05
-1.282842712644671 -0.2828427123045671 0.05
-1.153073372514579 -0.3695518131832299 0.05
2 57 0 3
329
330
331
-1.36955181331022 0.1530733722079986 0.05
-1.153073372394189 0.369551813233097 0.05
-1.282842712336811 0.2828427126124272 0.05
2 61 0 11
332
333
334
335
336
337
338
339
340
341
342
0.7148050295290186 0.2771638598281551 0.0464288678288643
0.877163859771144 0.1148050296666553 0.05357113222593984
0.8942355841254956 0.05852709658208236 0.07678556611296992
0.8942355841254956 0.05852709658208236 0.02678556611296992
0.8494408834885965 0.1666710702084452 0.02678556611296992
0.6585270965090252 0.2942355841400277 0.02321443391443215
0.6585270965090252 0.2942355841400277 0.07321443391443215
0.7666710695087888 0.2494408839560918 0.02321443391443215
0.7666710703096847 0.2494408834209504 0.07321443391443215
0.849440884027741 0.1666710694015583 0.07678556611296992
0.8121320344947327 0.2121320342171958 0.05
2 65 0 11
343
344
345
346
347
348
349
350
351
352
353
0.8782430374215936 -0.1121642194570339 0.04999999993246634
0.7148050292292868 -0.277163859952308 0.05357113196142517
0.8945105356574514 -0.05712743987578089 0.02499999996623317
0.8945105356574514 -0.05712743987578089 0.07499999996623317
0.8502305313933433 -0.1654831748505117 0.02499999996623317
0.6585270963939134 -0.2942355841629247 0.07678556598071259
0.6585270963939134 -0.2942355841629247 0.02678556598071258
0.7666710700045427 -0.2494408836248397 0.02678556598071258
0.8502305308742587 -0.1654831756354302 0.07499999996623317
0.7666710691468626 -0.2494408841979232 0.07678556598071258
0.8121320341049734 -0.2121320346069551 0.05
2 69 0 11
354
355
356
357
358
359
360
361
362
363
364
0.4878357808297104 -0.2782430375371848 0.05000000013957329
0.322836140162423 -0.1148050295062719 0.05357113231126605
0.5428725602759735 -0.294510535686888 0.02500000006978664
0.5428725602759735 -0.294510535686888 0.07500000006978665
0.4345168253642805 -0.2502305315353903 0.02500000006978664
0.3057644158575707 -0.05852709649695131 0.07678556615563303
0.3057644158575707 -0.05852709649695131 0.02678556615563302
0.3505591164708707 -0.1666710701477834 0.02678556615563302
0.4345168245511573 -0.2502305309976533 0.07500000006978665
0.3505591159292736 -0.1666710693372261 0.07678556615563303
0.3878679655217208 -0.2121320342336493 0.05
2 73 0 11
365
366
367
368
369
370
371
372
373
374
375
0.3228361401116412 0.114805029383674 0.04642886791936873
0.4851949710403979 0.2771638600640151 0.05357113230730434
0.5414729037878128 0.2942355841990723 0.07678556615365217
0.5414729037878128 0.2942355841990723 0.02678556615365217
0.433328930075669 0.2494408836784354 0.02678556615365217
0.305764415832495 0.05852709637088715 0.02321443395968437
0.305764415832495 0.05852709637088715 0.07321443395968437
0.3505591160109404 0.1666710694594492 0.02321443395968437
0.4333289309404313 0.2494408842562511 0.07678556615365217
0.3505591165042126 0.1666710701976832 0.07321443395968437
0.387867965848318 0.2121320345602465 0.05
2 77 0 11
376
377
378
379
380
381
382
383
384
385
386
-0.7217569625987177 -0.1121642195074194 0.05000000003342631
-0.8851949704924238 -0.2771638598370368 0.05357113215237933
-0.705489464347721 -0.0571274399024466 0.02500000001671315
-0.705489464347721 -0.0571274399024466 0.07500000001671316
-0.7497694685739751 -0.165483174801093 0.02500000001671315
-0.9414729035023565 -0.2942355841422915 0.07678556607618968
-0.9414729035023565 -0.2942355841422915 0.02678556607618967
-0.8333289298978445 -0.2494408835596169 0.02678556607618967
-0.7497694690536477 -0.165483175526416 0.07500000001671316
-0.8333289306691503 -0.2494408840749869 0.07678556607618968
-0.7878679658147754 -0.2121320345267038 0.05
2 81 0 11
387
388
389
390
391
392
393
394
395
396
397
-1.114805030569315 -0.2771638593972503 0.04642886749728754
-1.277163859871079 -0.1148050294253922 0.05357113195321355
-1.294235584150969 -0.05852709645402056 0.07678556597660678
-1.294235584150969 -0.05852709645402056 0.02678556597660678
-1.249440883631571 -0.1666710699944684 0.02678556597660678
-1.058527097061212 -0.294235584030191 0.02321443374864377
-1.058527097061212 -0.294235584030191 0.07321443374864377
-1.16667107007633 -0.2494408835768731 0.02321443374864377
-1.166671070719335 -0.2494408831472305 0.07321443374864377
-1.249440884061214 -0.166671069351463 0.07678556597660678
-1.212132034534653 -0.2121320341772758 0.05
2 85 0 11
398
399
400
401
402
403
404
405
406
407
408
-1.278243037386638 0.1121642195437463 0.0500000002362424
-1.114805030925487 0.2771638592497188 0.05357113250682342
-1.29451053564855 0.05712743992167192 0.0250000001181212
-1.29451053564855 0.05712743992167192 0.0750000001181212
-1.250230531603563 0.1654831745326338 0.0250000001181212
-1.058527097250267 0.2942355839925854 0.07678556625341171
-1.058527097250267 0.2942355839925854 0.02678556625341171
-1.166671070830037 0.2494408830732624 0.02678556625341171
-1.250230530999235 0.1654831754464508 0.0750000001181212
-1.166671070046562 0.2494408835967633 0.07678556625341171
-1.212132034287668 0.2121320344242607 0.05
2 89 0 11
409
410
411
412
413
414
415
416
417
418
419
-0.8878357808382592 0.278243037540631 0.05000000005917635
-0.7217569624205369 0.1121642190654108 0.04999999993872981
-0.7054894643023454 0.05712743966852121 0.07499999996936491
-0.7054894643023454 0.05712743966852121 0.0249999999693649
-0.7497694688358126 0.1654831751970232 0.0249999999693649
-0.9428725602804978 0.2945105356877656 0.02500000002958818
-0.9428725602804978 0.2945105356877656 0.07500000002958818
-0.8345168253077475 0.2502305314980038 0.02500000002958818
-0.749769468326136 0.1654831744263306 0.07499999996936491
-0.8345168245370549 0.2502305309883271 0.07500000002958818
-0.7878679654553223 0.2121320341672509 0.05
2 90 0 55
420
421
422
423
424
425
426
427
428
429
430
431
432
433
434
435
436
437
438
439
440
441
442
443
444
445
446
447
448
449
450
451
452
453
454
455
456
457
458
459
460
461
462
463
464
465
466
467
468
469
470
471
472
473
474
-0.5875672199212503 -0.2260755187569662 0.1
-0.5875672200458307 0.2260755207162412 0.1
0.1602222536048987 0.1821619080650844 0.1
0.1602222524103594 -0.1821619064958581 0.1
-0.1007597860551592 -0.0007710323311974242 0.1
-0.3959823710037085 -0.0001285050620311987 0.1
-1.14142135570723 0.2914213567673886 0.1
-1 0.35 0.1
-0.8939339824009852 0.3060660167569496 0.1
-0.3937836100239768 0.3380377603580542 0.1
-0.7937836100229154 0.3130377603581206 0.1
-0.6877175924239005 0.2191037771150701 0.1
0.7767766959295946 0.3267766946636791 0.1
0.6 0.4 0.1
0.4939339832660012 0.3560660176219654 0.1
0.3801111268024494 0.3410809540325422 0.1
-0.0198888731986121 0.3160809540324759 0.1
0.2740451100684506 0.1971469716545076 0.1
0.926776694615891 -0.1767766959773828 0.1
1 0 0.1
0.9560660175904668 0.1060660167654975 0.1
0.8828427135200614 0.2828427114291766 0.1
0.7060660167162702 -0.3560660176396939 0.1
0.6 -0.4 0.1
0.4939339824161992 -0.3560660167721635 0.1
0.8828427113321613 -0.2828427136170767 0.1
-0.01988887379376431 -0.3160809532479951 0.1
0.3801111262051797 -0.3410809532479291 0.1
0.2740451086213789 -0.1971469700200925 0.1
-0.8939339832337583 -0.3060660175897225 0.1
-1 -0.35 0.1
-1.106066017540742 -0.3060660168152223 0.1
-0.7937836099606251 -0.3130377593784831 0.1
-0.3937836099595691 -0.3380377593785491 0.1
-1.247487374278326 -0.2474873725522571 0.1
-0.6877175931943833 -0.2191037769682056 0.1
-1.35 0 0.1
-1.291421356737584 -0.1414213557370348 0.1
-1.306066016832294 0.1060660175236704 0.1
-1.247487372539524 0.247487374291059 0.1
0.2301111262051797 -0.09108095324792906 0.1
0.2301111268024494 0.09108095403254221 0.1
0.160222253007629 7.846131522271094e-10 0.1
-0.6437836099606251 -0.1130377593784831 0.1
-0.6437836100229153 0.1130377603581206 0.1
-0.5479911855018542 -6.425253101559937e-05 0.1
-0.4917747954624794 -0.1131020119094987 0.1
-0.4917747955247696 0.112973507827105 0.1
-0.2979911855029157 0.2249357474689181 0.1
0.02973123377486975 0.09069543786694349 0.1
-0.1503798930286411 0.2246144838343349 0.1
-0.2483710785294339 -0.0004497686966143115 0.1
-0.2979911855007982 -0.2250642525310816 0.1
-0.1503798930265236 -0.2253855161656647 0.1
0.02973123317760007 -0.09146646941352776 0.1
2 119 0 11
475
476
477
478
479
480
481
482
483
484
485
-0.8152240934636797 -0.07653668639078293 0.05121484860435543
-0.9234633132334196 -0.1847759063806598 0.05121484779111236
-0.8038429439084358 -0.03901806434833644 0.02560742430217772
-0.8038429439084358 -0.03901806434833644 0.07560742430217772
-0.8337060773606625 -0.1111140463362847 0.02560742430217772
-0.9609819354120313 -0.1961570560438984 0.07560742389555619
-0.9609819354120313 -0.1961570560438984 0.02560742389555618
-0.8888859529974873 -0.1662939221941782 0.02560742389555618
-0.8337060777230054 -0.1111140468785692 0.07560742430217772
-0.8888859535718002 -0.1662939225779219 0.07560742389555619
-0.8585786438315945 -0.1414213563062136 0.05
2 123 0 11
486
487
488
489
490
491
492
493
494
495
496
-1.076536685614792 -0.1847759068577462 0.05121484827913245
-1.184775906660732 -0.07653668609042596 0.04878515174912501
-1.196157056124275 -0.03901806418388775 0.07439257587456251
-1.196157056124275 -0.03901806418388775 0.02439257587456251
-1.166293922443161 -0.1111140466298832 0.02439257587456251
-1.039018063947682 -0.1961570561712594 0.02560742413956623
-1.039018063947682 -0.1961570561712594 0.07560742413956623
-1.111114046019604 -0.1662939228509366 0.02560742413956623
-1.111114046693374 -0.1662939224007378 0.07560742413956623
-1.166293922888451 -0.1111140459634606 0.07439257587456251
-1.141421356467073 -0.1414213560075459 0.05
2 127 0 11
497
498
499
500
501
502
503
504
505
506
507
-1.184775906537628 0.07653668638762451 0.05121484820639036
-1.076574510068967 0.1847602349200109 0.04999999906316963
-1.196157056106768 0.0390180642719016 0.02560742410319518
-1.196157056106768 0.0390180642719016 0.07560742410319519
-1.166293922638753 0.1111140463371599 0.02560742410319518
-1.039038141747246 0.1961530613804483 0.0749999995315848
-1.039038141747246 0.1961530613804483 0.02499999953158481
-1.111131067140432 0.1662825484415874 0.02499999953158481
-1.166293922298766 0.1111140468459857 0.07560742410319519
-1.111131066498616 0.16628254887053 0.0749999995315848
-1.141421356060638 0.1414213564139809 0.05
2 131 0 11
508
509
510
511
512
513
514
515
516
517
518
-0.923463313673252 0.1847759065628443 0.051214848140888
-0.815224093327392 0.07653668606175502 0.04878515207896482
-0.8038429438759319 0.03901806418492847 0.07439257603948241
-0.8038429438759319 0.03901806418492847 0.02439257603948241
-0.8337060775455627 0.1111140466130075 0.02439257603948241
-0.960981935674414 0.1961570560960895 0.025607424070444
-0.960981935674414 0.1961570560960895 0.075607424070444
-0.8888859536560498 0.1662939226342156 0.025607424070444
-0.8337060772193039 0.1111140461247266 0.07439257603948241
-0.888885953167769 0.1662939223079567 0.075607424070444
-0.8585786436776646 0.1414213561522835 0.05
2 132 0 16
519
520
521
522
523
524
525
526
527
528
529
530
531
532
533
534
-0.75 0 0.1
-0.7939339824009852 0.1060660167569495 0.1
-0.7792893221463848 -0.07071067838369431 0.1
-0.823223305380143 -0.1767766959734168 0.1
-1 -0.25 0.1
-0.8939339832337583 -0.2060660175897225 0.1
-1.106066017540742 -0.2060660168152223 0.1
-1.25 0 0.1
-1.206066016832294 0.1060660175236704 0.1
-1.220710678516909 -0.07071067772040009 0.1
-1.176776696057651 -0.1767766945356224 0.1
-1 0.25 0.1
-1.070710677747801 0.2207106784895086 0.1
-0.9292893216312079 0.2207106778685174 0.1
-1.176776694580095 0.176776696013179 0.1
-0.8232233040321931 0.1767766946254669 0.1
2 145 0 11
535
536
537
538
539
540
541
542
543
544
545
-0.8878357808376705 0.2782430375403937 0.1500000000425518
-0.7217569624207733 0.1121642190659974 0.1500000001629984
-0.7054894643024057 0.05712743966883165 0.1250000000814992
-0.7054894643024057 0.05712743966883165 0.1750000000814992
-0.7497694682004082 0.1654831742362151 0.1250000000814992
-0.9428725602382779 0.294510535679576 0.1750000000212759
-0.9428725602382779 0.294510535679576 0.1250000000212759
-0.834516824261943 0.2502305308063894 0.125000000021276
-0.7497694688095526 0.1654831751573151 0.1750000000814992
-0.8345168252217968 0.2502305314411626 0.1750000000212759
-0.7878679654553223 0.2121320341672509 0.15
2 149 0 11
546
547
548
549
550
551
552
553
554
555
556
-1.277163859571115 0.1148050301495685 0.1535711311331677
-1.112164219924425 0.2782430372331809 0.1500000000060454
-1.294235584074509 0.05852709683841123 0.1767855655665839
-1.294235584074509 0.05852709683841123 0.1267855655665839
-1.24944088328685 0.1666710705103805 0.1267855655665839
-1.057127440123139 0.2945105356094704 0.1250000000030227
-1.057127440123139 0.2945105356094704 0.1750000000030227
-1.165483174901472 0.2502305313596419 0.1250000000030227
-1.165483175636456 0.2502305308735802 0.1750000000030227
-1.2494408837764 0.1666710697777159 0.1767855655665839
-1.212132034287668 0.2121320344242607 0.15
2 153 0 11
557
558
559
560
561
562
563
564
565
566
567
-1.112164219422928 -0.2782430374353421 0.1499999999239016
-1.27824303767868 -0.1121642188192856 0.1500000000247109
-1.057127439867657 -0.2945105356590274 0.1749999999619508
-1.057127439867657 -0.2945105356590274 0.1249999999619508
-1.165483175515694 -0.2502305309534427 0.1249999999619508
-1.294510535722921 -0.05712743953826376 0.1250000000123554
-1.294510535722921 -0.05712743953826376 0.1750000000123554
-1.250230531701596 -0.165483174384396 0.1250000000123554
-1.250230531310049 -0.1654831749764634 0.1750000000123554
-1.165483174866612 -0.250230531382696 0.1749999999619508
-1.212132034534653 -0.2121320341772758 0.15
2 157 0 11
568
569
570
571
572
573
574
575
576
577
578
-0.722836140416856 -0.1148050301205276 0.1535711310884583
-0.8851949702597189 -0.2771638597406472 0.1464288676668657
-0.7057644159224252 -0.05852709682299646 0.1767855655442291
-0.7057644159224252 -0.05852709682299646 0.1267855655442292
-0.7505591167563154 -0.1666710705749815 0.1267855655442292
-0.9414729033788373 -0.294235584117722 0.1232144338334328
-0.9414729033788373 -0.294235584117722 0.1732144338334328
-0.8333289305630566 -0.2494408840040974 0.1232144338334328
-0.7505591162434599 -0.1666710698074392 0.1767855655442291
-0.8333289297968934 -0.2494408834921636 0.1732144338334328
-0.7878679658147754 -0.2121320345267038 0.15
2 161 0 11
579
580
581
582
583
584
585
586
587
588
589
-0.815224093932454 -0.07653668752250414 0.1512148467206346
-0.9234254891172978 -0.1847602345827557 0.15
-0.8038429440291091 -0.03901806495500193 0.1256074233603173
-0.8038429440291091 -0.03901806495500193 0.1756074233603173
-0.8337060780632828 -0.1111140473878303 0.1256074233603173
-0.9609618578571635 -0.1961530613017184 0.175
-0.9609618578571635 -0.1961530613017184 0.125
-0.888868932988822 -0.1662825485279711 0.125
-0.8337060780632828 -0.1111140473878303 0.1756074233603173
-0.888868932988822 -0.1662825485279711 0.175
-0.8585786442927696 -0.1414213567673886 0.15
2 165 0 11
590
591
592
593
594
595
596
597
598
599
600
-1.076536686159058 -0.1847759066323038 0.1512148467314995
-1.184760234952332 -0.07657450999098335 0.15
-1.039018064236576 -0.1961570561137946 0.1256074233657497
-1.039018064236576 -0.1961570561137946 0.1756074233657497
-1.111114046938515 -0.16629392223694 0.1256074233657497
-1.196153061396536 -0.03903814166641179 0.175
-1.196153061396536 -0.03903814166641179 0.125
-1.166282548930587 -0.1111310664087545 0.125
-1.11111404693094 -0.1662939222420015 0.1756074233657497
-1.166282548930587 -0.1111310664087545 0.175
-1.141421357033819 -0.1414213554408002 0.15
2 169 0 11
601
602
603
604
605
606
607
608
609
610
611
-1.184775906344569 0.07653668685371151 0.1512148467152091
-1.076536685154169 0.1847759070485424 0.1487851525936968
-1.196157056043743 0.03901806458875012 0.1256074233576046
-1.196157056043743 0.03901806458875012 0.1756074233576045
-1.166293922054667 0.1111140472113061 0.1256074233576046
-1.03901806371128 0.1961570562182825 0.1743925762968484
-1.03901806371128 0.1961570562182825 0.1243925762968484
-1.111114045746806 0.1662939230332146 0.1243925762968484
-1.166293922054667 0.1111140472113061 0.1756074233576045
-1.111114045746806 0.1662939230332146 0.1743925762968484
-1.141421355495602 0.1414213569790173 0.15
2 173 0 11
612
613
614
615
616
617
618
619
620
621
622
-0.9235011403696056 0.1847915703576578 0.15
-0.8152240933381503 0.07653668608772765 0.1487851525971577
-0.8038429438780053 0.03901806419535173 0.1743925762985789
-0.8038429438780053 0.03901806419535173 0.1243925762985789
-0.8337060772271132 0.111114046136414 0.1243925762985789
-0.9610020133310165 0.1961610487221298 0.125
-0.9610020133310165 0.1961610487221298 0.175
-0.8889029745919075 0.1663052944000089 0.125
-0.8337060772271132 0.111114046136414 0.1743925762985789
-0.8889029745919075 0.1663052944000089 0.175
-0.8585786432624158 0.1414213557370348 0.15
2 174 0 16
623
624
625
626
627
628
629
630
631
632
633
634
635
636
637
638
-0.7939339825810172 -0.1060660169369814 0.2
-0.75 0 0.2
-0.7792893216312079 0.07071067786851741 0.2
-0.8232233046855451 0.1767766952788188 0.2
-0.8939339830543371 0.2060660174103014 0.2
-1 0.25 0.2
-1.070710677747801 0.2207106784895086 0.2
-1.176776695203175 0.176776695390099 0.2
-1.25 0 0.2
-1.206066017455374 0.1060660169005904 0.2
-1.220710678516909 -0.07071067772040009 0.2
-1.17677669551082 -0.1767766950824536 0.2
-1.106066016993911 -0.2060660173620535 0.2
-1 -0.25 0.2
-0.9292893221463848 -0.2207106783836943 0.2
-0.823223304727402 -0.1767766953206757 0.2
2 187 0 11
639
640
641
642
643
644
645
646
647
648
649
-0.7217569627137058 0.112164219792668 -0.04999999999895308
-0.8878357810497088 0.2782430376258698 -0.04999999999895309
-0.7054894643770038 0.05712744005340938 -0.02499999999947654
-0.7054894643770038 0.05712744005340938 -0.07499999999947654
-0.7497694690520783 0.1654831755240429 -0.02499999999947654
-0.9428725603645375 0.2945105357040672 -0.07499999999947654
-0.9428725603645375 0.2945105357040672 -0.02499999999947655
-0.8345168253979274 0.2502305315576417 -0.02499999999947655
-0.7497694690520783 0.1654831755240429 -0.07499999999947654
-0.8345168253979274 0.2502305315576417 -0.07499999999947654
-0.7878679661086742 0.2121320348206027 -0.05
2 191 0 11
650
651
652
653
654
655
656
657
658
659
660
-1.114805031141661 0.2771638591601767 -0.05357113243134124
-1.277163859821042 0.114805029546191 -0.04642886764850365
-1.294235584138214 0.05852709651814025 -0.07321443382425183
-1.294235584138214 0.05852709651814025 -0.02321443382425183
-1.249440883957819 0.1666710695062033 -0.02321443382425183
-1.058527097365011 0.2942355839697613 -0.02678556621567062
-1.058527097365011 0.2942355839697613 -0.07678556621567062
-1.166671070876945 0.2494408830419188 -0.02678556621567062
-1.166671070876945 0.2494408830419188 -0.07678556621567062
-1.249440883957819 0.1666710695062033 -0.07321443382425183
-1.212132034910748 0.2121320338011808 -0.05
2 195 0 11
661
662
663
664
665
666
667
668
669
670
671
-1.277163859999358 -0.1148050291156994 -0.05357113240288509
-1.114805029192074 -0.2771638599677222 -0.04642886766615632
-1.294235584183667 -0.0585270962896365 -0.02678556620144255
-1.294235584183667 -0.0585270962896365 -0.07678556620144256
-1.249440883825154 -0.166671069704752 -0.02678556620144255
-1.05852709643078 -0.2942355841555916 -0.07321443383307816
-1.05852709643078 -0.2942355841555916 -0.02321443383307816
-1.166671069532812 -0.2494408839400403 -0.02321443383307816
-1.249440883825301 -0.1666710697045308 -0.07678556620144256
-1.166671069532812 -0.2494408839400403 -0.07321443383307816
-1.212132033987822 -0.212132034724107 -0.05
2 199 0 11
672
673
674
675
676
677
678
679
680
681
682
-0.8878357805512348 -0.2782430374249268 -0.04999999999895308
-0.7228361399595942 -0.1148050290165999 -0.04642886765097821
-0.7057644158058702 -0.05852709623703477 -0.07321443382548912
-0.7057644158058702 -0.05852709623703477 -0.02321443382548911
-0.7505591159046798 -0.1666710693004189 -0.02321443382548911
-0.9428725601285952 -0.2945105356583004 -0.02499999999947654
-0.9428725601285952 -0.2945105356583004 -0.07499999999947654
-0.8345168246203563 -0.2502305310434162 -0.02499999999947654
-0.7505591159046798 -0.1666710693004189 -0.07321443382548912
-0.8345168246203563 -0.2502305310434162 -0.07499999999947654
-0.7878679651620343 -0.2121320338739628 -0.05
2 203 0 11
683
684
685
686
687
688
689
690
691
692
693
-0.8152240934636797 -0.07653668639078295 -0.05121484860435543
-0.9234633132334196 -0.1847759063806598 -0.05121484779111238
-0.8038429439021864 -0.03901806431691882 -0.02560742430217771
-0.8038429439021864 -0.03901806431691882 -0.07560742430217771
-0.8337060773138395 -0.1111140462662092 -0.02560742430217771
-0.9609819354150058 -0.1961570560444901 -0.07560742389555619
-0.9609819354150058 -0.1961570560444901 -0.02560742389555619
-0.8888859530333489 -0.1662939222181402 -0.02560742389555619
-0.8337060777230054 -0.1111140468785692 -0.07560742430217771
-0.8888859535756335 -0.1662939225804831 -0.07560742389555619
-0.8585786438315945 -0.1414213563062136 -0.05
2 207 0 11
694
695
696
697
698
699
700
701
702
703
704
-1.076498858829966 -0.1847915706890141 -0.05000000009070752
-1.184775906660732 -0.07653668609042595 -0.04878515174912498
-1.196157056137371 -0.03901806411804962 -0.07439257587456249
-1.196157056137371 -0.03901806411804962 -0.02439257587456249
-1.166293922443161 -0.1111140466298832 -0.02439257587456249
-1.038997986244146 -0.19616104880659 -0.02500000004535376
-1.038997986244146 -0.19616104880659 -0.07500000004535377
-1.111097024555627 -0.1663052949694822 -0.02500000004535376
-1.111097025229904 -0.1663052945190444 -0.07500000004535377
-1.166293922888451 -0.1111140459634606 -0.07439257587456249
-1.141421356467073 -0.1414213560075459 -0.05
2 211 0 11
705
706
707
708
709
710
711
712
713
714
715
-1.184775906537628 0.07653668638762445 -0.05121484820639038
-1.076536685434672 0.1847759069323545 -0.0487851516775063
-1.196157056106768 0.03901806427190157 -0.02560742410319519
-1.196157056106768 0.03901806427190157 -0.07560742410319519
-1.166293922638753 0.1111140463371599 -0.02560742410319519
-1.03901806387511 0.1961570561856948 -0.07439257583875315
-1.03901806387511 0.1961570561856948 -0.02439257583875315
-1.111114046371723 0.1662939226156584 -0.02439257583875315
-1.166293922246109 0.1111140469247935 -0.07560742410319519
-1.111114045781368 0.166293923010121 -0.07439257583875315
-1.141421356060638 0.1414213564139809 -0.05
2 215 0 11
716
717
718
719
720
721
722
723
724
725
726
-0.9235011407330435 0.1847915705081115 -0.050000000144554
-0.815224093327392 0.07653668606175502 -0.04878515207896483
-0.8038429438759319 0.03901806418492847 -0.07439257603948242
-0.8038429438759319 0.03901806418492847 -0.02439257603948242
-0.8337060775455627 0.1111140466130075 -0.02439257603948242
-0.9610020135239159 0.1961610487604793 -0.025000000072277
-0.9610020135239159 0.1961610487604793 -0.07500000007227701
-0.8889029752437617 0.1663052948354675 -0.025000000072277
-0.8337060772193039 0.1111140461247266 -0.07439257603948242
-0.8889029747554474 0.1663052945092586 -0.07500000007227701
-0.8585786436776646 0.1414213561522835 -0.05
2 216 0 16
727
728
729
730
731
732
733
734
735
736
737
738
739
740
741
742
-0.7939339825810172 -0.1060660169369814 -0.1
-0.75 0 -0.1
-0.7792893216312079 0.07071067786851741 -0.1
-0.8232233046855451 0.1767766952788188 -0.1
-0.8939339830543371 0.2060660174103014 -0.1
-1 0.25 -0.1
-1.070710677747801 0.2207106784895086 -0.1
-1.176776695203175 0.176776695390099 -0.1
-1.25 0 -0.1
-1.206066017455374 0.1060660169005904 -0.1
-1.220710678516909 -0.07071067772040009 -0.1
-1.17677669551082 -0.1767766950824536 -0.1
-1 -0.25 -0.1
-1.106066016993911 -0.2060660173620535 -0.1
-0.9292893221463848 -0.2207106783836943 -0.1
-0.823223304727402 -0.1767766953206757 -0.1
3 1 0 96
743
744
745
746
747
748
749
750
751
752
753
754
755
756
757
758
759
760
761
762
763
764
765
766
767
768
769
770
771
772
773
774
775
776
777
778
779
780
781
782
783
784
785
786
787
788
789
790
791
792
793
794
795
796
797
798
799
800
801
802
803
804
805
806
807
808
809
810
811
812
813
814
815
816
817
818
819
820
821
822
823
824
825
826
827
828
829
830
831
832
833
834
835
836
837
838
-1.198823871191744 -0.2800032862661574 0.02321443374864377
-1.198823871169974 0.280003286392248 0.07678556625341171
-1.280003286673123 -0.1988238704497309 0.07678556597660678
0.988581929885572 0.05740251483332767 0.07678556611296992
0.9153586258151667 0.2341792094970068 0.07678556611296992
-1.338581929935539 -0.05740251471269609 0.07678556597660678
-0.9425974852462119 -0.3385819299185184 0.07678556607618967
-0.7937836100096923 -0.3130377601465528 0.05
-0.7363810952559042 -0.2516196900650711 0.02678556607618967
-0.736381095206837 -0.2516196892970015 0.07678556607618967
-0.5875672199703175 -0.2260755195250359 0.05
-0.7937836100229154 0.3130377603581206 0.05
-0.5875672199978432 0.2260755199484425 0.05
-0.737701500442045 0.2521592791284361 0.07500000002958818
-0.7377015003940575 0.2521592783606375 0.02500000002958818
-0.9439178904191297 0.3391215187703155 0.02500000002958818
-0.6877175923759131 0.2191037763472715 0.05
-1.339121518693319 0.05608210977187315 0.0750000001181212
-1.2805428753229 0.1975034656169117 0.0250000001181212
0.9158982133266877 -0.2328588057058998 0.07499999996623317
0.9158982144559127 -0.2328588045766748 0.02499999996623317
-0.6877175932434505 -0.2191037777362752 0.05
0.5425974855201989 0.3885819300320075 0.07678556615365217
0.3227086123226484 0.2296628840645497 0.07678556615365217
0.9891215187107969 -0.05608210972851695 0.07499999996623317
0.9891215187107969 -0.05608210972851695 0.02499999996623317
-1.338581929935539 -0.05740251471269609 0.02678556597660678
-1.280003285842626 -0.1988238712802284 0.02678556597660678
-1.339121518693319 0.05608210977187315 0.0250000001181212
-1.28054287440055 0.1975034665392618 0.0750000001181212
0.8341792106941039 0.3153586245777567 0.07321443391443215
0.915358624736442 0.2341792105757314 0.02678556611296992
0.988581929885572 0.05740251483332767 0.02678556611296992
-0.9439178904191297 0.3391215187703155 0.07500000002958818
-0.9425974852462119 -0.3385819299185184 0.02678556607618967
0.6574025147645093 0.3885819299140776 0.02321443391443215
0.6574025146146434 -0.388581929976154 0.07678556598071259
0.5439178904148552 -0.3891215187685924 0.07500000006978665
0.5439178904148552 -0.3891215187685924 0.02500000006978664
0.5425974855201989 0.3885819300320075 0.02678556615365217
0.3801111268024494 0.3410809540325422 0.05
0.6574025146146434 -0.388581929976154 0.02678556598071258
-0.654662091259984 -0.1691198691321928 0.07500000001671316
-0.6546620911851964 0.1691198691230274 0.0249999999693649
-0.6546620913090512 -0.1691198699002625 0.02500000001671315
-0.6546620912331838 0.169119869890826 0.07499999996936491
0.8341792096153793 0.3153586256564813 0.02321443391443215
0.8341792092305343 -0.3153586259535368 0.07678556598071259
-0.0198888731986121 0.3160809540324759 0.05
0.1602222529468258 0.1821619075073921 0.05
-0.01988887379588176 -0.3160809532478627 0.05
0.3801111262051797 -0.3410809532479291 0.05
0.1602222527278957 -0.1821619072014521 0.05
0.2415291962001971 0.1484834681666869 0.02321443395968437
0.2415291962863912 -0.148483468001065 0.07678556615563303
0.6574025147645093 0.3885819299140776 0.07321443391443215
-1.057402515284657 -0.3385819296986252 0.02321443374864377
-1.057402515462744 0.3385819296248594 0.07678556625341171
0.24152919685827 0.1484834687243792 0.07321443395968437
0.2415291966039275 -0.148483468706659 0.02678556615563302
-1.057402515284657 -0.3385819296986252 0.07321443374864377
-1.057402515462744 0.3385819296248594 0.02678556625341171
-1.198823872022241 -0.28000328543566 0.07321443374864377
-1.198823872092324 0.2800032854698979 0.02678556625341171
-0.6437836100096923 -0.1130377601465527 0.05
-0.6437836099749279 0.113037759590322 0.05
0.2301111262051797 -0.09108095324792906 0.05
0.2301111261443765 0.09108095347484989 0.05
0.1602222523495561 2.269208293492753e-10 0.05
-0.248371078548591 -0.0003212635429765016 0.05
-0.2979911855220729 0.2250642526225559 0.05
-0.1007597861669051 1.263652794057137e-10 0.05
-0.150379893140387 0.2253855162918977 0.05
-0.1503798930286411 -0.2253855161655324 0.05
-0.3959823710228657 9.160661119912098e-11 0.05
-0.2979911855029157 -0.2250642525309493 0.05
-0.4917747955115466 -0.1131020126775683 0.05
-0.4917747955439268 0.1131020129807428 0.05
-0.5479911855210113 6.425262262221056e-05 0.05
0.02973123306585419 -0.09069543695596506 0.05
0.02973123366312386 0.09146647032450621 0.05
0.8828427120045941 -0.2828427129446439 0.05
0.8828427128338605 0.2828427121153775 0.05
1 0 0.05
0.6 -0.4 0.05
0.2740451093847661 0.1971469709708232 0.05
-1.247487373461874 0.2474873733687089 0.05
-1.35 0 0.05
-1.247487373731495 -0.2474873730990883 0.05
0.6 0.4 0.05
-1 0.35 0.05
-1 -0.35 0.05
-0.3937836099759894 0.3380377595902556 0.05
-0.3937836099616866 -0.3380377593784167 0.05
0.2740451093107013 -0.1971469707094149 0.05
0.3240290166200349 -0.2302024720165215 0.07500000006978665
3 2 0 48
839
840
841
842
843
844
845
846
847
848
849
850
851
852
853
854
855
856
857
858
859
860
861
862
863
864
865
866
867
868
869
870
871
872
873
874
875
876
877
878
879
880
881
882
883
884
885
886
-0.7901678034457437 -0.126792788137404 0.07500000001671316
-1.038287255034484 0.2423801174600055 0.02499999953158481
-1 0.25 0.05
-0.961731656836626 0.2423879532814222 0.025607424070444
-1.095689770497227 0.2309620470848648 0.05178556578499652
-1.038287255034484 0.2423801174600055 0.07499999953158482
-0.9617316566167098 -0.2423879531903299 0.02560742389555618
-0.9043291418629217 -0.2309698831088483 0.05239298997174585
-0.9617316566167098 -0.2423879531903299 0.07560742389555619
-1.038268342807396 -0.2423879534288731 0.02560742413956623
-1.038268342807396 -0.2423879534288731 0.07560742413956623
-1.095670858092053 -0.2309698831274983 0.04882185788820999
-0.9056495472557555 0.2315094720517377 0.05060742410003218
-0.961731656836626 0.2423879532814222 0.075607424070444
-0.801546029718033 0.1443343604411789 0.02439257603948241
-0.7684905278739644 0.09435045256358293 0.04939257600884731
-0.8015460290646812 0.144334359787827 0.07439257603948241
-0.8556656392376112 0.1984539700383717 0.075607424070444
-0.855665639890963 0.1984539706917235 0.025607424070444
-1.231509471962133 0.09435045296568541 0.05060742422131638
-1.198453970724188 0.1443343600944026 0.02560742410319518
-1.198453970101108 0.1443343607174826 0.07560742410319518
-1.144353272489858 0.1984461343605958 0.02499999953158481
-1.144353271866778 0.1984461349836758 0.07499999953158482
-1.230969883265905 -0.09567085775790907 0.05117814185116928
-1.242387953330366 -0.03826834304521298 0.02439257587456251
-1.242387953330366 -0.03826834304521298 0.07439257587456251
-1.144334360348138 -0.1984539702440954 0.07560742413956623
-1.144334359801307 -0.1984539707909266 0.02560742413956623
-1.198453970324277 -0.1443343604072665 0.02439257587456251
-1.198453970871108 -0.1443343598604353 0.07439257587456251
-0.8556656391977269 -0.1984539701273113 0.02560742389555618
-0.8556656398504681 -0.1984539707800524 0.07560742389555619
-1.242387953268814 0.03826834319381225 0.02560742410319518
-1.242387953268814 0.03826834319381225 0.07560742410319518
-1.176776695203175 0.176776695390099 0.05
-1.176776695490906 -0.1767766951023682 0.05
-0.8232233044474419 0.1767766950407156 0.05
-1 -0.25 0.05
-1.25 0 0.05
-0.823223304727402 -0.1767766953206757 0.05
-0.801546029312857 -0.1443343601323729 0.02560742430217772
-0.75 0 0.05
-0.7576120467318399 -0.03826834319539146 0.02560742430217772
-0.757612046663696 0.03826834303087751 0.02439257603948241
-0.7576120467318399 -0.03826834319539146 0.07560742430217772
-0.7684905280311987 -0.09435045294910119 0.05060742431889087
-0.757612046663696 0.03826834303087751 0.07439257603948241
3 3 0 48
887
888
889
890
891
892
893
894
895
896
897
898
899
900
901
902
903
904
905
906
907
908
909
910
911
912
913
914
915
916
917
918
919
920
921
922
923
924
925
926
927
928
929
930
931
932
933
934
-1.20983219735625 -0.1267927871300429 0.1750000000123554
-1.056082109711464 -0.2391215187176711 0.1749999999619508
-0.7907073923548128 -0.1281131934439581 0.1267855655442292
-0.9617127445586489 -0.2423801172913779 0.175
-0.9043102296885084 -0.2309620471617015 0.1482144338334328
-0.9617127445586489 -0.2423801172913779 0.125
-0.8556845532391399 0.1984618025891303 0.175
-0.855684552585788 0.1984618019357784 0.125
-0.905668460603638 0.2315173039490258 0.1500000000212759
-1.144334359409378 0.1984539710479415 0.1243925762968484
-1.094350452539297 0.2315094721408616 0.1493925762998711
-1.144334360032459 0.1984539704248616 0.1743925762968484
-0.8015460297234123 0.1443343604541652 0.1743925762985789
-0.7684905278794618 0.09435045257686253 0.1493925763800781
-0.8015460290700603 0.1443343598008133 0.1243925762985789
-1.14433436007344 -0.1984539706782054 0.1756074233657497
-1.094350452790993 -0.231509472033823 0.1506074233277006
-1.144334360620271 -0.1984539701313742 0.1256074233657498
-0.8556467271396661 -0.1984461342283593 0.175
-0.8556467277924071 -0.1984461348811004 0.125
-1.230969882957842 0.09567085850164 0.1523929889241884
-1.242387953172285 0.03826834342685576 0.1756074233576045
-1.242387953172285 0.03826834342685576 0.1256074233576046
-1.198453970004578 0.1443343609505261 0.1256074233576046
-1.198453970627658 0.1443343603274461 0.1756074233576045
-1.231501636315506 -0.09436936440513446 0.1500000000123555
-1.242380117476166 -0.03828725499549167 0.175
-1.242380117476166 -0.03828725499549167 0.125
-0.9617505701848028 0.2423957851788289 0.125
-0.9617505701848028 0.2423957851788289 0.175
-1.038268342577085 0.2423879535242712 0.1743925762968484
-1.038268342577085 0.2423879535242712 0.1243925762968484
-1 0.25 0.15
-1 -0.25 0.15
-1.25 0 0.15
-0.823223304727402 -0.1767766953206757 0.15
-1.038268343079529 -0.2423879533161519 0.1256074233657498
-0.8015460295472441 -0.1443343606982335 0.1756074233603173
-0.757612046966227 -0.03826834376125207 0.1756074233603173
-0.757612046966227 -0.03826834376125207 0.1256074233603173
-0.769030117174655 -0.09567085882151585 0.1523929889045465
-0.7576120466690751 0.03826834304386383 0.1243925762985789
-0.7576120466690751 0.03826834304386383 0.1743925762985789
-0.8232233040321931 0.1767766946254669 0.15
-1.198446135016908 -0.144353271810714 0.125
-1.176776696057651 -0.1767766945356224 0.15
-1.176776694580095 0.176776696013179 0.15
-0.75 0 0.15
3 4 0 48
935
936
937
938
939
940
941
942
943
944
945
946
947
948
949
950
951
952
953
954
955
956
957
958
959
960
961
962
963
964
965
966
967
968
969
970
971
972
973
974
975
976
977
978
979
980
981
982
-0.9439178905248544 0.2391215188129349 -0.07499999999947654
-1.038268342717336 0.2423879534661772 -0.07439257583875315
-1.038268342717336 0.2423879534661772 -0.02439257583875315
-1.095670858288166 0.2309698830462656 -0.05117814205442377
-0.8556845534208588 0.1984618026643571 -0.075000000072277
-0.9056684608913761 0.2315173040669907 -0.05000000007175355
-0.8556845534208588 0.1984618026643571 -0.025000000072277
-0.801546029718033 0.1443343604411789 -0.07439257603948242
-0.768490528020549 0.09435045292721153 -0.04939257603895895
-0.801546029718033 0.1443343604411789 -0.02439257603948242
-0.8556656391977269 -0.1984539701273113 -0.02560742389555619
-0.9056495468923271 -0.2315094719027933 -0.05060742389503273
-0.8556656391977269 -0.1984539701273113 -0.07560742389555619
-1.09565194401102 -0.2309777153283681 -0.04821443387843192
-1.144315446408894 -0.1984618027065605 -0.02500000004535376
-1.144315446408894 -0.1984618027065605 -0.07500000004535376
-1.038249429414983 -0.242395785344507 -0.02500000004535376
-1.038249429414983 -0.242395785344507 -0.07500000004535376
-1.230969883330045 -0.09567085760306267 -0.05117814207600504
-1.198453970324277 -0.1443343604072665 -0.02439257587456249
-1.198453970324277 -0.1443343604072665 -0.07439257587456249
-1.14433436017271 0.1984539703667676 -0.07439257583875315
-1.14433436017271 0.1984539703667676 -0.02439257583875315
-1.230969883179335 0.09567085796690775 -0.04882185792744702
-1.242387953268814 0.03826834319381223 -0.07560742410319519
-1.242387953268814 0.03826834319381223 -0.02560742410319519
-1.242387953330366 -0.03826834304521298 -0.02439257587456249
-1.242387953330366 -0.03826834304521298 -0.07439257587456249
-0.801546029312857 -0.1443343601323729 -0.02560742430217771
-0.7690301167116369 -0.09567085770369141 -0.04882185812766682
-0.801546029312857 -0.1443343601323729 -0.07560742430217772
-1.198453970724188 0.1443343600944026 -0.07560742410319519
-1.198453970724188 0.1443343600944026 -0.02560742410319519
-0.9617316566167098 -0.2423879531903299 -0.02560742389555619
-0.9617316566167098 -0.2423879531903299 -0.07560742389555619
-1.176776694944075 -0.1767766956491993 -0.05
-0.8232233051007938 0.1767766956940675 -0.05
-1 0.25 -0.05
-0.9617505703665217 0.2423957852540558 -0.025000000072277
-1 -0.25 -0.05
-1.176776695768211 0.1767766948250626 -0.05
-0.8232233042662269 -0.1767766948595006 -0.05
-1.25 0 -0.05
-0.7576120467318399 -0.03826834319539148 -0.02560742430217771
-0.7576120467318399 -0.03826834319539148 -0.07560742430217772
-0.757612046663696 0.03826834303087751 -0.02439257603948242
-0.757612046663696 0.03826834303087751 -0.07439257603948242
-0.75 0 -0.05
$EndNodes
$Elements
22 4050 1 4050
0 5 15 1
1 3 
0 110 15 1
2 35 
1 12 1 4
3 6 86 
4 86 87 
5 87 88 
6 88 3 
1 13 1 4
7 3 89 
8 89 90 
9 90 91 
10 91 9 
1 60 1 2
11 13 156 
12 156 26 
1 97 1 4
13 34 166 
14 166 167 
15 167 168 
16 168 35 
1 98 1 4
17 35 169 
18 169 170 
19 170 171 
20 171 36 
1 122 1 2
21 3 177 
22 177 35 
1 164 1 2
23 35 209 
24 209 43 
1 206 1 2
25 3 241 
26 241 51 
2 61 2 32
27 26 334 156 
28 334 335 156 
29 334 333 335 
30 156 335 13 
31 13 335 71 
32 335 336 71 
33 335 333 336 
34 71 336 72 
35 15 337 155 
36 337 338 155 
37 337 332 338 
38 155 338 25 
39 72 339 73 
40 339 337 73 
41 339 332 337 
42 73 337 15 
43 25 338 125 
44 338 340 125 
45 338 332 340 
46 125 340 126 
47 126 341 127 
48 341 334 127 
49 341 333 334 
50 127 334 26 
51 126 340 342 
52 340 339 342 
53 340 332 339 
54 342 339 72 
55 72 336 342 
56 336 341 342 
57 336 333 341 
58 342 341 126 
2 65 2 32
59 13 345 156 
60 345 346 156 
61 345 343 346 
62 156 346 26 
63 81 347 82 
64 347 345 82 
65 347 343 345 
66 82 345 13 
67 27 348 157 
68 348 349 157 
69 348 344 349 
70 157 349 16 
71 16 349 80 
72 349 350 80 
73 349 344 350 
74 80 350 81 
75 26 346 128 
76 346 351 128 
77 346 343 351 
78 128 351 129 
79 129 352 130 
80 352 348 130 
81 352 344 348 
82 130 348 27 
83 129 351 353 
84 351 347 353 
85 351 343 347 
86 353 347 81 
87 81 350 353 
88 350 352 353 
89 350 344 352 
90 353 352 129 
2 123 2 32
91 35 488 177 
92 488 489 177 
93 488 487 489 
94 177 489 3 
95 3 489 89 
96 489 490 89 
97 489 487 490 
98 89 490 90 
99 9 491 176 
100 491 492 176 
101 491 486 492 
102 176 492 34 
103 90 493 91 
104 493 491 91 
105 493 486 491 
106 91 491 9 
107 34 492 166 
108 492 494 166 
109 492 486 494 
110 166 494 167 
111 167 495 168 
112 495 488 168 
113 495 487 488 
114 168 488 35 
115 167 494 496 
116 494 493 496 
117 494 486 493 
118 496 493 90 
119 90 490 496 
120 490 495 496 
121 490 487 495 
122 496 495 167 
2 127 2 32
123 3 499 177 
124 499 500 177 
125 499 497 500 
126 177 500 35 
127 87 501 88 
128 501 499 88 
129 501 497 499 
130 88 499 3 
131 36 502 178 
132 502 503 178 
133 502 498 503 
134 178 503 6 
135 6 503 86 
136 503 504 86 
137 503 498 504 
138 86 504 87 
139 35 500 169 
140 500 505 169 
141 500 497 505 
142 169 505 170 
143 170 506 171 
144 506 502 171 
145 506 498 502 
146 171 502 36 
147 170 505 507 
148 505 501 507 
149 505 497 501 
150 507 501 87 
151 87 504 507 
152 504 506 507 
153 504 498 506 
154 507 506 170 
2 165 2 32
155 34 592 208 
156 592 593 208 
157 592 590 593 
158 208 593 42 
159 167 594 166 
160 594 592 166 
161 594 590 592 
162 166 592 34 
163 43 595 209 
164 595 596 209 
165 595 591 596 
166 209 596 35 
167 35 596 168 
168 596 597 168 
169 596 591 597 
170 168 597 167 
171 42 593 194 
172 593 598 194 
173 593 590 598 
174 194 598 195 
175 195 599 196 
176 599 595 196 
177 599 591 595 
178 196 595 43 
179 195 598 600 
180 598 594 600 
181 598 590 594 
182 600 594 167 
183 167 597 600 
184 597 599 600 
185 597 591 599 
186 600 599 195 
2 169 2 32
187 35 603 209 
188 603 604 209 
189 603 601 604 
190 209 604 43 
191 170 605 169 
192 605 603 169 
193 605 601 603 
194 169 603 35 
195 44 606 210 
196 606 607 210 
197 606 602 607 
198 210 607 36 
199 36 607 171 
200 607 608 171 
201 607 602 608 
202 171 608 170 
203 43 604 197 
204 604 609 197 
205 604 601 609 
206 197 609 198 
207 198 610 199 
208 610 606 199 
209 610 602 606 
210 199 606 44 
211 198 609 611 
212 609 605 611 
213 609 601 605 
214 611 605 170 
215 170 608 611 
216 608 610 611 
217 608 602 610 
218 611 610 198 
2 207 2 32
219 51 696 241 
220 696 697 241 
221 696 695 697 
222 241 697 3 
223 3 697 89 
224 697 698 89 
225 697 695 698 
226 89 698 90 
227 9 699 240 
228 699 700 240 
229 699 694 700 
230 240 700 50 
231 90 701 91 
232 701 699 91 
233 701 694 699 
234 91 699 9 
235 50 700 226 
236 700 702 226 
237 700 694 702 
238 226 702 227 
239 227 703 228 
240 703 696 228 
241 703 695 696 
242 228 696 51 
243 227 702 704 
244 702 701 704 
245 702 694 701 
246 704 701 90 
247 90 698 704 
248 698 703 704 
249 698 695 703 
250 704 703 227 
2 211 2 32
251 3 707 241 
252 707 708 241 
253 707 705 708 
254 241 708 51 
255 87 709 88 
256 709 707 88 
257 709 705 707 
258 88 707 3 
259 52 710 242 
260 710 711 242 
261 710 706 711 
262 242 711 6 
263 6 711 86 
264 711 712 86 
265 711 706 712 
266 86 712 87 
267 51 708 229 
268 708 713 229 
269 708 705 713 
270 229 713 230 
271 230 714 231 
272 714 710 231 
273 714 706 710 
274 231 710 52 
275 230 713 715 
276 713 709 715 
277 713 705 709 
278 715 709 87 
279 87 712 715 
280 712 714 715 
281 712 706 714 
282 715 714 230 
3 1 4 1464
283 10 103 266 392 
284 103 102 260 394 
285 266 260 63 743 
286 392 394 743 387 
287 103 266 392 394 
288 103 394 260 266 
289 266 392 394 743 
290 266 743 394 260 
291 32 145 426 403 
292 145 144 459 407 
293 426 459 123 744 
294 403 407 744 399 
295 145 426 403 407 
296 145 407 459 426 
297 426 403 407 744 
298 426 744 407 459 
299 31 142 457 389 
300 142 141 454 396 
301 457 454 120 745 
302 389 396 745 388 
303 142 457 389 396 
304 142 396 454 457 
305 457 389 396 745 
306 457 745 396 454 
307 21 439 440 746 
308 439 26 127 334 
309 440 127 126 341 
310 746 334 341 333 
311 439 440 746 334 
312 439 334 127 440 
313 440 746 334 341 
314 440 341 334 127 
315 126 441 440 341 
316 441 111 112 747 
317 440 112 21 746 
318 341 747 746 333 
319 441 440 341 747 
320 441 747 112 440 
321 440 341 747 746 
322 440 746 747 112 
323 31 457 456 389 
324 457 120 121 745 
325 456 121 24 748 
326 389 745 748 388 
327 457 456 389 745 
328 457 745 121 456 
329 456 389 745 748 
330 456 748 745 121 
331 377 749 751 752 
332 749 23 750 452 
333 751 750 244 753 
334 752 452 753 420 
335 749 751 752 452 
336 749 452 750 751 
337 751 752 452 753 
338 751 753 452 750 
339 421 754 755 756 
340 754 8 265 758 
341 755 265 243 757 
342 756 758 757 409 
343 754 755 756 758 
344 754 758 265 755 
345 755 756 758 757 
346 755 757 758 265 
347 243 759 757 249 
348 759 147 418 419 
349 757 418 409 416 
350 249 419 416 96 
351 759 757 249 419 
352 759 419 418 757 
353 757 249 419 416 
354 757 416 419 418 
355 144 143 458 406 
356 143 31 456 401 
357 458 456 24 760 
358 406 401 760 398 
359 143 458 406 401 
360 143 401 456 458 
361 458 406 401 760 
362 458 760 401 456 
363 4 100 256 400 
364 100 99 259 402 
365 256 259 60 761 
366 400 402 761 398 
367 100 256 400 402 
368 100 402 259 256 
369 256 400 402 761 
370 256 761 402 259 
371 26 438 128 346 
372 438 114 445 762 
373 128 445 129 351 
374 346 762 351 343 
375 438 128 346 762 
376 438 762 445 128 
377 128 346 762 351 
378 128 351 762 445 
379 81 82 347 274 
380 82 13 345 272 
381 347 345 343 763 
382 274 272 763 66 
383 82 347 274 272 
384 82 272 345 347 
385 347 274 272 763 
386 347 763 272 345 
387 377 751 383 385 
388 751 244 252 764 
389 383 252 105 386 
390 385 764 386 138 
391 751 383 385 764 
392 751 764 252 383 
393 383 385 764 386 
394 383 386 764 252 
395 20 765 434 435 
396 765 366 373 766 
397 434 373 135 437 
398 435 766 437 422 
399 765 434 435 766 
400 765 766 373 434 
401 434 435 766 437 
402 434 437 766 373 
403 21 113 439 767 
404 113 114 438 762 
405 439 438 26 346 
406 767 762 346 343 
407 113 439 767 762 
408 113 762 438 439 
409 439 767 762 346 
410 439 346 762 438 
411 13 271 345 272 
412 271 12 768 67 
413 345 768 343 763 
414 272 67 763 66 
415 271 345 272 67 
416 271 67 768 345 
417 345 272 67 763 
418 345 763 67 768 
419 388 769 745 748 
420 769 5 326 154 
421 745 326 120 121 
422 748 154 121 24 
423 769 745 748 154 
424 769 154 326 745 
425 745 748 154 121 
426 745 121 154 326 
427 120 327 326 745 
428 327 63 62 770 
429 326 62 5 769 
430 745 770 769 388 
431 327 326 745 770 
432 327 770 62 326 
433 326 745 770 769 
434 326 769 770 62 
435 398 761 771 760 
436 761 60 61 329 
437 771 61 5 154 
438 760 329 154 24 
439 761 771 760 329 
440 761 329 61 771 
441 771 760 329 154 
442 771 154 329 61 
443 60 761 331 329 
444 761 398 772 760 
445 331 772 123 122 
446 329 760 122 24 
447 761 331 329 760 
448 761 760 772 331 
449 331 329 760 122 
450 331 122 760 772 
451 144 458 459 406 
452 458 24 122 760 
453 459 122 123 772 
454 406 760 772 398 
455 458 459 406 760 
456 458 760 122 459 
457 459 406 760 772 
458 459 772 760 122 
459 4 256 257 400 
460 256 60 61 761 
461 257 61 5 771 
462 400 761 771 398 
463 256 257 400 761 
464 256 761 61 257 
465 257 400 761 771 
466 257 771 761 61 
467 126 125 441 340 
468 125 25 432 338 
469 441 432 111 773 
470 340 338 773 332 
471 125 441 340 338 
472 125 338 432 441 
473 441 340 338 773 
474 441 773 338 432 
475 72 336 71 275 
476 336 333 335 774 
477 71 335 13 273 
478 275 774 273 69 
479 336 71 275 774 
480 336 774 335 71 
481 71 275 774 273 
482 71 273 774 335 
483 102 101 258 391 
484 101 4 257 390 
485 258 257 5 769 
486 391 390 769 388 
487 101 258 391 390 
488 101 390 257 258 
489 258 391 390 769 
490 258 769 390 257 
491 333 775 335 774 
492 775 12 271 68 
493 335 271 13 273 
494 774 68 273 69 
495 775 335 774 68 
496 775 68 271 335 
497 335 774 68 273 
498 335 273 68 271 
499 23 449 452 749 
500 449 138 455 385 
501 452 455 420 752 
502 749 385 752 377 
503 449 452 749 385 
504 449 385 455 452 
505 452 749 385 752 
506 452 752 385 455 
507 147 428 431 418 
508 428 19 430 776 
509 431 430 421 756 
510 418 776 756 409 
511 428 431 418 776 
512 428 776 430 431 
513 431 418 776 756 
514 431 756 776 430 
515 11 268 777 269 
516 268 105 383 252 
517 777 383 377 751 
518 269 252 751 244 
519 268 777 269 252 
520 268 252 383 777 
521 777 269 252 751 
522 777 751 252 383 
523 5 258 769 62 
524 258 102 391 260 
525 769 391 388 770 
526 62 260 770 63 
527 258 769 62 260 
528 258 260 391 769 
529 769 62 260 770 
530 769 770 260 391 
531 96 262 416 249 
532 262 8 758 265 
533 416 758 409 757 
534 249 265 757 243 
535 262 416 249 265 
536 262 265 758 416 
537 416 249 265 757 
538 416 757 265 758 
539 147 759 418 431 
540 759 243 757 755 
541 418 757 409 756 
542 431 755 756 421 
543 759 418 431 755 
544 759 755 757 418 
545 418 431 755 756 
546 418 756 755 757 
547 138 385 764 455 
548 385 377 751 752 
549 764 751 244 753 
550 455 752 753 420 
551 385 764 455 752 
552 385 752 751 764 
553 764 455 752 753 
554 764 753 752 751 
555 14 277 276 778 
556 277 15 73 337 
557 276 73 72 339 
558 778 337 339 332 
559 277 276 778 337 
560 277 337 73 276 
561 276 778 337 339 
562 276 339 337 73 
563 129 352 442 130 
564 352 344 779 348 
565 442 779 22 443 
566 130 348 443 27 
567 352 442 130 348 
568 352 348 779 442 
569 442 130 348 443 
570 442 443 348 779 
571 244 269 750 751 
572 269 11 153 777 
573 750 153 23 749 
574 751 777 749 377 
575 269 750 751 777 
576 269 777 153 750 
577 750 751 777 749 
578 750 749 777 153 
579 421 430 754 756 
580 430 19 149 776 
581 754 149 8 758 
582 756 776 758 409 
583 430 754 756 776 
584 430 776 149 754 
585 754 756 776 758 
586 754 758 776 149 
587 421 754 430 429 
588 754 8 149 314 
589 430 149 19 107 
590 429 314 107 108 
591 754 430 429 314 
592 754 314 149 430 
593 430 429 314 107 
594 430 107 314 149 
595 244 269 270 750 
596 269 11 56 153 
597 270 56 57 323 
598 750 153 323 23 
599 269 270 750 153 
600 269 153 56 270 
601 270 750 153 323 
602 270 323 153 56 
603 354 362 780 357 
604 362 132 444 131 
605 780 444 22 443 
606 357 131 443 27 
607 362 780 357 131 
608 362 131 444 780 
609 780 357 131 443 
610 780 443 131 444 
611 16 283 356 79 
612 283 18 781 282 
613 356 781 354 358 
614 79 282 358 78 
615 283 356 79 282 
616 283 282 781 356 
617 356 79 282 358 
618 356 358 282 781 
619 366 765 782 766 
620 765 20 150 435 
621 782 150 14 783 
622 766 435 783 422 
623 765 782 766 435 
624 765 435 150 782 
625 782 766 435 783 
626 782 783 435 150 
627 366 782 368 369 
628 782 14 277 278 
629 368 277 15 74 
630 369 278 74 75 
631 782 368 369 278 
632 782 278 277 368 
633 368 369 278 74 
634 368 74 278 277 
635 366 367 765 373 
636 367 25 433 136 
637 765 433 20 434 
638 373 136 434 135 
639 367 765 373 136 
640 367 136 433 765 
641 765 373 136 434 
642 765 434 136 433 
643 18 283 784 284 
644 283 16 349 80 
645 784 349 344 350 
646 284 80 350 81 
647 283 784 284 80 
648 283 80 349 784 
649 784 284 80 350 
650 784 350 80 349 
651 138 137 455 384 
652 137 29 463 379 
653 455 463 420 785 
654 384 379 785 376 
655 137 455 384 379 
656 137 379 463 455 
657 455 384 379 785 
658 455 785 379 463 
659 96 95 249 413 
660 95 2 250 412 
661 249 250 243 786 
662 413 412 786 410 
663 95 249 413 412 
664 95 412 250 249 
665 249 413 412 786 
666 249 786 412 250 
667 2 106 251 378 
668 106 105 252 380 
669 251 252 244 787 
670 378 380 787 376 
671 106 251 378 380 
672 106 380 252 251 
673 251 378 380 787 
674 251 787 380 252 
675 29 148 464 411 
676 148 147 431 417 
677 464 431 421 788 
678 411 417 788 410 
679 148 464 411 417 
680 148 417 431 464 
681 464 411 417 788 
682 464 788 417 431 
683 14 276 70 778 
684 276 72 275 339 
685 70 275 69 789 
686 778 339 789 332 
687 276 70 778 339 
688 276 339 275 70 
689 70 778 339 789 
690 70 789 339 275 
691 22 779 442 115 
692 779 344 352 790 
693 442 352 129 445 
694 115 790 445 114 
695 779 442 115 790 
696 779 790 352 442 
697 442 115 790 445 
698 442 445 790 352 
699 422 791 783 792 
700 791 54 55 280 
701 783 55 14 279 
702 792 280 279 246 
703 791 783 792 280 
704 791 280 55 783 
705 783 792 280 279 
706 783 279 280 55 
707 57 793 58 289 
708 793 423 794 795 
709 58 794 18 290 
710 289 795 290 245 
711 793 58 289 795 
712 793 795 794 58 
713 58 289 795 290 
714 58 290 795 794 
715 246 796 285 281 
716 796 365 370 372 
717 285 370 17 76 
718 281 372 76 75 
719 796 285 281 372 
720 796 372 370 285 
721 285 281 372 76 
722 285 76 372 370 
723 28 133 460 359 
724 133 132 448 363 
725 460 448 423 797 
726 359 363 797 355 
727 133 460 359 363 
728 133 363 448 460 
729 460 359 363 797 
730 460 797 363 448 
731 30 139 450 381 
732 139 138 449 385 
733 450 449 23 749 
734 381 385 749 377 
735 139 450 381 385 
736 139 385 449 450 
737 450 381 385 749 
738 450 749 385 449 
739 111 317 112 747 
740 317 12 151 775 
741 112 151 21 746 
742 747 775 746 333 
743 317 112 747 775 
744 317 775 151 112 
745 112 747 775 746 
746 112 746 775 151 
747 333 747 775 774 
748 747 111 317 318 
749 775 317 12 68 
750 774 318 68 69 
751 747 775 774 318 
752 747 318 317 775 
753 775 774 318 68 
754 775 68 318 317 
755 21 113 767 320 
756 113 114 762 322 
757 767 762 343 763 
758 320 322 763 66 
759 113 767 320 322 
760 113 322 762 767 
761 767 320 322 763 
762 767 763 322 762 
763 343 768 767 763 
764 768 12 151 67 
765 767 151 21 320 
766 763 67 320 66 
767 768 767 763 67 
768 768 67 151 767 
769 767 763 67 320 
770 767 320 67 151 
771 20 110 433 798 
772 110 111 432 773 
773 433 432 25 338 
774 798 773 338 332 
775 110 433 798 773 
776 110 773 432 433 
777 433 798 773 338 
778 433 338 773 432 
779 7 97 261 414 
780 97 96 262 416 
781 261 262 8 758 
782 414 416 758 409 
783 97 261 414 416 
784 97 416 262 261 
785 261 414 416 758 
786 261 758 416 262 
787 10 266 267 392 
788 266 63 64 743 
789 267 64 11 799 
790 392 743 799 387 
791 266 267 392 743 
792 266 743 64 267 
793 267 392 743 799 
794 267 799 743 64 
795 123 426 744 124 
796 426 32 403 427 
797 744 403 399 800 
798 124 427 800 19 
799 426 744 124 427 
800 426 427 403 744 
801 744 124 427 800 
802 744 800 427 403 
803 54 316 791 55 
804 316 20 435 150 
805 791 435 422 783 
806 55 150 783 14 
807 316 791 55 150 
808 316 150 435 791 
809 791 55 150 783 
810 791 783 150 435 
811 117 324 446 116 
812 324 18 794 152 
813 446 794 423 447 
814 116 152 447 22 
815 324 446 116 152 
816 324 152 794 446 
817 446 116 152 447 
818 446 447 152 794 
819 20 316 435 109 
820 316 54 791 315 
821 435 791 422 436 
822 109 315 436 108 
823 316 435 109 315 
824 316 315 791 435 
825 435 109 315 436 
826 435 436 315 791 
827 423 793 794 446 
828 793 57 58 325 
829 794 58 18 324 
830 446 325 324 117 
831 793 794 446 325 
832 793 325 58 794 
833 794 446 325 324 
834 794 324 325 58 
835 147 146 428 418 
836 146 32 427 415 
837 428 427 19 776 
838 418 415 776 409 
839 146 428 418 415 
840 146 415 427 428 
841 428 418 415 776 
842 428 776 415 427 
843 422 437 461 801 
844 437 135 134 374 
845 461 134 28 371 
846 801 374 371 365 
847 437 461 801 374 
848 437 374 134 461 
849 461 801 374 371 
850 461 371 374 134 
851 78 361 77 286 
852 361 355 360 802 
853 77 360 17 287 
854 286 802 287 245 
855 361 77 286 802 
856 361 802 360 77 
857 77 286 802 287 
858 77 287 802 360 
859 141 140 451 395 
860 140 30 450 393 
861 451 450 23 803 
862 395 393 803 387 
863 140 451 395 393 
864 140 393 450 451 
865 451 395 393 803 
866 451 803 393 450 
867 99 98 263 405 
868 98 7 261 404 
869 263 261 8 804 
870 405 404 804 399 
871 98 263 405 404 
872 98 404 261 263 
873 263 405 404 804 
874 263 804 404 261 
875 120 327 805 119 
876 327 63 743 328 
877 805 743 387 803 
878 119 328 803 23 
879 327 805 119 328 
880 327 328 743 805 
881 805 119 328 803 
882 805 803 328 743 
883 8 59 804 330 
884 59 60 806 331 
885 804 806 399 744 
886 330 331 744 123 
887 59 804 330 331 
888 59 331 806 804 
889 804 330 331 744 
890 804 744 331 806 
891 29 807 379 159 
892 807 244 787 251 
893 379 787 376 378 
894 159 251 378 2 
895 807 379 159 251 
896 807 251 787 379 
897 379 159 251 378 
898 379 378 251 787 
899 410 412 786 411 
900 412 2 250 159 
901 786 250 243 808 
902 411 159 808 29 
903 412 786 411 159 
904 412 159 250 786 
905 786 411 159 808 
906 786 808 159 250 
907 105 104 268 383 
908 104 10 267 382 
909 268 267 11 777 
910 383 382 777 377 
911 104 268 383 382 
912 104 382 267 268 
913 268 383 382 777 
914 268 777 382 267 
915 23 451 803 119 
916 451 141 395 454 
917 803 395 387 805 
918 119 454 805 120 
919 451 803 119 454 
920 451 454 395 803 
921 803 119 454 805 
922 803 805 454 395 
923 99 263 259 405 
924 263 8 59 804 
925 259 59 60 806 
926 405 804 806 399 
927 263 259 405 804 
928 263 804 59 259 
929 259 405 804 806 
930 259 806 804 59 
931 28 158 460 810 
932 158 17 809 285 
933 460 809 423 811 
934 810 285 811 246 
935 158 460 810 285 
936 158 285 809 460 
937 460 810 285 811 
938 460 811 285 809 
939 29 807 463 379 
940 807 244 753 787 
941 463 753 420 785 
942 379 787 785 376 
943 807 463 379 787 
944 807 787 753 463 
945 463 379 787 785 
946 463 785 787 753 
947 29 808 411 464 
948 808 243 786 755 
949 411 786 410 788 
950 464 755 788 421 
951 808 411 464 755 
952 808 755 786 411 
953 411 464 755 788 
954 411 788 755 786 
955 111 110 318 773 
956 110 20 319 798 
957 318 319 69 789 
958 773 798 789 332 
959 110 318 773 798 
960 110 798 319 318 
961 318 773 798 789 
962 318 789 798 319 
963 17 158 370 285 
964 158 28 371 810 
965 370 371 365 796 
966 285 810 796 246 
967 158 370 285 810 
968 158 810 371 370 
969 370 285 810 796 
970 370 796 810 371 
971 423 809 460 797 
972 809 17 158 360 
973 460 158 28 359 
974 797 360 359 355 
975 809 460 797 360 
976 809 360 158 460 
977 460 797 360 359 
978 460 359 360 158 
979 424 812 470 814 
980 812 248 813 294 
981 470 813 108 815 
982 814 294 815 247 
983 812 470 814 294 
984 812 294 813 470 
985 470 814 294 815 
986 470 815 294 813 
987 57 295 816 296 
988 295 248 812 294 
989 816 812 424 814 
990 296 294 814 247 
991 295 816 296 294 
992 295 294 812 816 
993 816 296 294 814 
994 816 814 294 812 
995 248 812 813 817 
996 812 424 470 471 
997 813 470 108 468 
998 817 471 468 425 
999 812 813 817 471 
1000 812 471 470 813 
1001 813 817 471 468 
1002 813 468 471 470 
1003 57 295 818 816 
1004 295 248 817 812 
1005 818 817 425 471 
1006 816 812 471 424 
1007 295 818 816 812 
1008 295 812 817 818 
1009 818 816 812 471 
1010 818 471 812 817 
1011 248 255 295 817 
1012 255 244 270 819 
1013 295 270 57 818 
1014 817 819 818 425 
1015 255 295 817 819 
1016 255 819 270 295 
1017 295 817 819 818 
1018 295 818 819 270 
1019 108 429 813 468 
1020 429 421 820 467 
1021 813 820 248 817 
1022 468 467 817 425 
1023 429 813 468 467 
1024 429 467 820 813 
1025 813 468 467 817 
1026 813 817 467 820 
1027 29 821 807 159 
1028 821 248 255 254 
1029 807 255 244 251 
1030 159 254 251 2 
1031 821 807 159 254 
1032 821 254 255 807 
1033 807 159 254 251 
1034 807 251 254 255 
1035 248 253 254 821 
1036 253 243 250 808 
1037 254 250 2 159 
1038 821 808 159 29 
1039 253 254 821 808 
1040 253 808 250 254 
1041 254 821 808 159 
1042 254 159 808 250 
1043 423 822 793 474 
1044 822 247 296 814 
1045 793 296 57 816 
1046 474 814 816 424 
1047 822 793 474 814 
1048 822 814 296 793 
1049 793 474 814 816 
1050 793 816 814 296 
1051 422 469 436 823 
1052 469 424 470 814 
1053 436 470 108 815 
1054 823 814 815 247 
1055 469 436 823 814 
1056 469 814 470 436 
1057 436 823 814 815 
1058 436 815 814 470 
1059 11 799 64 153 
1060 799 387 743 803 
1061 64 743 63 328 
1062 153 803 328 23 
1063 799 64 153 803 
1064 799 803 743 64 
1065 64 153 803 328 
1066 64 328 803 743 
1067 399 800 804 744 
1068 800 19 149 124 
1069 804 149 8 330 
1070 744 124 330 123 
1071 800 804 744 124 
1072 800 124 149 804 
1073 804 744 124 330 
1074 804 330 124 149 
1075 81 824 347 353 
1076 824 114 762 445 
1077 347 762 343 351 
1078 353 445 351 129 
1079 824 347 353 445 
1080 824 445 762 347 
1081 347 353 445 351 
1082 347 351 445 762 
1083 72 825 339 342 
1084 825 111 773 441 
1085 339 773 332 340 
1086 342 441 340 126 
1087 825 339 342 441 
1088 825 441 773 339 
1089 339 342 441 340 
1090 339 340 441 773 
1091 114 790 445 824 
1092 790 344 352 350 
1093 445 352 129 353 
1094 824 350 353 81 
1095 790 445 824 350 
1096 790 350 352 445 
1097 445 824 350 353 
1098 445 353 350 352 
1099 333 341 747 336 
1100 341 126 441 342 
1101 747 441 111 825 
1102 336 342 825 72 
1103 341 747 336 342 
1104 341 342 441 747 
1105 747 336 342 825 
1106 747 825 342 441 
1107 26 826 156 334 
1108 826 12 271 775 
1109 156 271 13 335 
1110 334 775 335 333 
1111 826 156 334 775 
1112 826 775 271 156 
1113 156 334 775 335 
1114 156 335 775 271 
1115 247 822 296 297 
1116 822 423 793 795 
1117 296 793 57 289 
1118 297 795 289 245 
1119 822 296 297 795 
1120 822 795 793 296 
1121 296 297 795 289 
1122 296 289 795 793 
1123 54 791 293 280 
1124 791 422 823 792 
1125 293 823 247 292 
1126 280 792 292 246 
1127 791 293 280 792 
1128 791 792 823 293 
1129 293 280 792 292 
1130 293 292 792 823 
1131 246 285 811 288 
1132 285 17 809 287 
1133 811 809 423 795 
1134 288 287 795 245 
1135 285 811 288 287 
1136 285 287 809 811 
1137 811 288 287 795 
1138 811 795 287 809 
1139 422 461 462 792 
1140 461 28 460 810 
1141 462 460 423 811 
1142 792 810 811 246 
1143 461 462 792 810 
1144 461 810 460 462 
1145 462 792 810 811 
1146 462 811 810 460 
1147 26 156 826 346 
1148 156 13 271 345 
1149 826 271 12 768 
1150 346 345 768 343 
1151 156 826 346 345 
1152 156 345 271 826 
1153 826 346 345 768 
1154 826 768 345 271 
1155 114 824 762 322 
1156 824 81 347 274 
1157 762 347 343 763 
1158 322 274 763 66 
1159 824 762 322 274 
1160 824 274 347 762 
1161 762 322 274 763 
1162 762 763 274 347 
1163 111 825 773 318 
1164 825 72 339 275 
1165 773 339 332 789 
1166 318 275 789 69 
1167 825 773 318 275 
1168 825 275 339 773 
1169 773 318 275 789 
1170 773 789 275 339 
1171 111 747 825 318 
1172 747 333 336 774 
1173 825 336 72 275 
1174 318 774 275 69 
1175 747 825 318 774 
1176 747 774 336 825 
1177 825 318 774 275 
1178 825 275 774 336 
1179 26 439 826 334 
1180 439 21 151 746 
1181 826 151 12 775 
1182 334 746 775 333 
1183 439 826 334 746 
1184 439 746 151 826 
1185 826 334 746 775 
1186 826 775 746 151 
1187 244 819 807 753 
1188 819 425 465 466 
1189 807 465 29 463 
1190 753 466 463 420 
1191 819 807 753 466 
1192 819 466 465 807 
1193 807 753 466 463 
1194 807 463 466 465 
1195 29 821 808 464 
1196 821 248 253 820 
1197 808 253 243 755 
1198 464 820 755 421 
1199 821 808 464 820 
1200 821 820 253 808 
1201 808 464 820 755 
1202 808 755 820 253 
1203 26 826 439 346 
1204 826 12 151 768 
1205 439 151 21 767 
1206 346 768 767 343 
1207 826 439 346 768 
1208 826 768 151 439 
1209 439 346 768 767 
1210 439 767 768 151 
1211 422 823 462 469 
1212 823 247 822 814 
1213 462 822 423 474 
1214 469 814 474 424 
1215 823 462 469 814 
1216 823 814 822 462 
1217 462 469 814 474 
1218 462 474 814 822 
1219 248 821 255 817 
1220 821 29 807 465 
1221 255 807 244 819 
1222 817 465 819 425 
1223 821 255 817 465 
1224 821 465 807 255 
1225 255 817 465 819 
1226 255 819 465 807 
1227 57 818 325 816 
1228 818 425 472 471 
1229 325 472 117 473 
1230 816 471 473 424 
1231 818 325 816 471 
1232 818 471 472 325 
1233 325 816 471 473 
1234 325 473 471 472 
1235 108 813 315 815 
1236 813 248 291 294 
1237 315 291 54 293 
1238 815 294 293 247 
1239 813 315 815 294 
1240 813 294 291 315 
1241 315 815 294 293 
1242 315 293 294 291 
1243 421 464 820 467 
1244 464 29 821 465 
1245 820 821 248 817 
1246 467 465 817 425 
1247 464 820 467 465 
1248 464 465 821 820 
1249 820 467 465 817 
1250 820 817 465 821 
1251 244 764 787 252 
1252 764 138 384 386 
1253 787 384 376 380 
1254 252 386 380 105 
1255 764 787 252 386 
1256 764 386 384 787 
1257 787 252 386 380 
1258 787 380 386 384 
1259 96 413 249 419 
1260 413 410 786 417 
1261 249 786 243 759 
1262 419 417 759 147 
1263 413 249 419 417 
1264 413 417 786 249 
1265 249 419 417 759 
1266 249 759 417 786 
1267 247 823 822 292 
1268 823 422 462 792 
1269 822 462 423 811 
1270 292 792 811 246 
1271 823 822 292 792 
1272 823 792 462 822 
1273 822 292 792 811 
1274 822 811 792 462 
1275 423 822 811 795 
1276 822 247 292 297 
1277 811 292 246 288 
1278 795 297 288 245 
1279 822 811 795 297 
1280 822 297 292 811 
1281 811 795 297 288 
1282 811 288 297 292 
1283 422 791 823 436 
1284 791 54 293 315 
1285 823 293 247 815 
1286 436 315 815 108 
1287 791 823 436 315 
1288 791 315 293 823 
1289 823 436 315 815 
1290 823 815 315 293 
1291 424 473 816 474 
1292 473 117 325 446 
1293 816 325 57 793 
1294 474 446 793 423 
1295 473 816 474 446 
1296 473 446 325 816 
1297 816 474 446 793 
1298 816 793 446 325 
1299 69 319 70 789 
1300 319 20 150 798 
1301 70 150 14 778 
1302 789 798 778 332 
1303 319 70 789 798 
1304 319 798 150 70 
1305 70 789 798 778 
1306 70 778 798 150 
1307 22 152 779 115 
1308 152 18 784 321 
1309 779 784 344 790 
1310 115 321 790 114 
1311 152 779 115 321 
1312 152 321 784 779 
1313 779 115 321 790 
1314 779 790 321 784 
1315 22 779 827 443 
1316 779 344 349 348 
1317 827 349 16 157 
1318 443 348 157 27 
1319 779 827 443 348 
1320 779 348 349 827 
1321 827 443 348 157 
1322 827 157 348 349 
1323 365 801 374 372 
1324 801 422 437 828 
1325 374 437 135 375 
1326 372 828 375 75 
1327 801 374 372 828 
1328 801 828 437 374 
1329 374 372 828 375 
1330 374 375 828 437 
1331 22 827 780 443 
1332 827 16 356 157 
1333 780 356 354 357 
1334 443 157 357 27 
1335 827 780 443 157 
1336 827 157 356 780 
1337 780 443 157 357 
1338 780 357 157 356 
1339 398 402 761 406 
1340 402 99 259 408 
1341 761 259 60 829 
1342 406 408 829 144 
1343 402 761 406 408 
1344 402 408 259 761 
1345 761 406 408 829 
1346 761 829 408 259 
1347 365 371 801 796 
1348 371 28 461 810 
1349 801 461 422 792 
1350 796 810 792 246 
1351 371 801 796 810 
1352 371 810 461 801 
1353 801 796 810 792 
1354 801 792 810 461 
1355 355 797 360 802 
1356 797 423 809 795 
1357 360 809 17 287 
1358 802 795 287 245 
1359 797 360 802 795 
1360 797 795 809 360 
1361 360 802 795 287 
1362 360 287 795 809 
1363 388 390 769 389 
1364 390 4 257 161 
1365 769 257 5 830 
1366 389 161 830 31 
1367 390 769 389 161 
1368 390 161 257 769 
1369 769 389 161 830 
1370 769 830 161 257 
1371 388 745 391 396 
1372 745 120 831 454 
1373 391 831 102 397 
1374 396 454 397 141 
1375 745 391 396 454 
1376 745 454 831 391 
1377 391 396 454 397 
1378 391 397 454 831 
1379 102 831 394 397 
1380 831 120 805 454 
1381 394 805 387 395 
1382 397 454 395 141 
1383 831 394 397 454 
1384 831 454 805 394 
1385 394 397 454 395 
1386 394 395 454 805 
1387 144 829 407 408 
1388 829 60 806 259 
1389 407 806 399 405 
1390 408 259 405 99 
1391 829 407 408 259 
1392 829 259 806 407 
1393 407 408 259 405 
1394 407 405 259 806 
1395 5 257 771 830 
1396 257 4 400 161 
1397 771 400 398 401 
1398 830 161 401 31 
1399 257 771 830 161 
1400 257 161 400 771 
1401 771 830 161 401 
1402 771 401 161 400 
1403 60 761 829 331 
1404 761 398 406 772 
1405 829 406 144 459 
1406 331 772 459 123 
1407 761 829 331 772 
1408 761 772 406 829 
1409 829 331 772 459 
1410 829 459 772 406 
1411 120 831 327 745 
1412 831 102 260 391 
1413 327 260 63 770 
1414 745 391 770 388 
1415 831 327 745 391 
1416 831 391 260 327 
1417 327 745 391 770 
1418 327 770 391 260 
1419 31 830 389 456 
1420 830 5 769 154 
1421 389 769 388 748 
1422 456 154 748 24 
1423 830 389 456 154 
1424 830 154 769 389 
1425 389 456 154 748 
1426 389 748 154 769 
1427 120 831 805 327 
1428 831 102 394 260 
1429 805 394 387 743 
1430 327 260 743 63 
1431 831 805 327 260 
1432 831 260 394 805 
1433 805 327 260 743 
1434 805 743 260 394 
1435 60 829 806 331 
1436 829 144 407 459 
1437 806 407 399 744 
1438 331 459 744 123 
1439 829 806 331 459 
1440 829 459 407 806 
1441 806 331 459 744 
1442 806 744 459 407 
1443 25 155 832 338 
1444 155 15 277 337 
1445 832 277 14 778 
1446 338 337 778 332 
1447 155 832 338 337 
1448 155 337 277 832 
1449 832 338 337 778 
1450 832 778 337 277 
1451 25 832 155 367 
1452 832 14 277 782 
1453 155 277 15 368 
1454 367 782 368 366 
1455 832 155 367 782 
1456 832 782 277 155 
1457 155 367 782 368 
1458 155 368 782 277 
1459 31 401 830 456 
1460 401 398 771 760 
1461 830 771 5 154 
1462 456 760 154 24 
1463 401 830 456 760 
1464 401 760 771 830 
1465 830 456 760 154 
1466 830 154 760 771 
1467 138 764 384 455 
1468 764 244 787 753 
1469 384 787 376 785 
1470 455 753 785 420 
1471 764 384 455 753 
1472 764 753 787 384 
1473 384 455 753 785 
1474 384 785 753 787 
1475 147 417 759 431 
1476 417 410 786 788 
1477 759 786 243 755 
1478 431 788 755 421 
1479 417 759 431 788 
1480 417 788 786 759 
1481 759 431 788 755 
1482 759 755 788 786 
1483 422 801 792 828 
1484 801 365 796 372 
1485 792 796 246 281 
1486 828 372 281 75 
1487 801 792 828 372 
1488 801 372 796 792 
1489 792 828 372 281 
1490 792 281 372 796 
1491 16 283 349 827 
1492 283 18 784 152 
1493 349 784 344 779 
1494 827 152 779 22 
1495 283 349 827 152 
1496 283 152 784 349 
1497 349 827 152 779 
1498 349 779 152 784 
1499 18 283 781 152 
1500 283 16 356 827 
1501 781 356 354 780 
1502 152 827 780 22 
1503 283 781 152 827 
1504 283 827 356 781 
1505 781 152 827 780 
1506 781 780 827 356 
1507 7 833 404 162 
1508 833 19 800 427 
1509 404 800 399 403 
1510 162 427 403 32 
1511 833 404 162 427 
1512 833 427 800 404 
1513 404 162 427 403 
1514 404 403 427 800 
1515 30 834 393 160 
1516 834 11 799 267 
1517 393 799 387 392 
1518 160 267 392 10 
1519 834 393 160 267 
1520 834 267 799 393 
1521 393 160 267 392 
1522 393 392 267 799 
1523 30 834 160 381 
1524 834 11 267 777 
1525 160 267 10 382 
1526 381 777 382 377 
1527 834 160 381 777 
1528 834 777 267 160 
1529 160 381 777 382 
1530 160 382 777 267 
1531 19 833 776 427 
1532 833 7 414 162 
1533 776 414 409 415 
1534 427 162 415 32 
1535 833 776 427 162 
1536 833 162 414 776 
1537 776 427 162 415 
1538 776 415 162 414 
1539 25 832 433 338 
1540 832 14 150 778 
1541 433 150 20 798 
1542 338 778 798 332 
1543 832 433 338 778 
1544 832 778 150 433 
1545 433 338 778 798 
1546 433 798 778 150 
1547 25 433 832 367 
1548 433 20 150 765 
1549 832 150 14 782 
1550 367 765 782 366 
1551 433 832 367 765 
1552 433 765 150 832 
1553 832 367 765 782 
1554 832 782 765 150 
1555 8 261 149 804 
1556 261 7 833 404 
1557 149 833 19 800 
1558 804 404 800 399 
1559 261 149 804 404 
1560 261 404 833 149 
1561 149 804 404 800 
1562 149 800 404 833 
1563 11 834 799 153 
1564 834 30 393 450 
1565 799 393 387 803 
1566 153 450 803 23 
1567 834 799 153 450 
1568 834 450 393 799 
1569 799 153 450 803 
1570 799 803 450 393 
1571 11 834 153 777 
1572 834 30 450 381 
1573 153 450 23 749 
1574 777 381 749 377 
1575 834 153 777 381 
1576 834 381 450 153 
1577 153 777 381 749 
1578 153 749 381 450 
1579 7 833 414 261 
1580 833 19 776 149 
1581 414 776 409 758 
1582 261 149 758 8 
1583 833 414 261 149 
1584 833 149 776 414 
1585 414 261 149 758 
1586 414 758 149 776 
1587 366 373 766 369 
1588 373 135 437 375 
1589 766 437 422 828 
1590 369 375 828 75 
1591 373 766 369 375 
1592 373 375 437 766 
1593 766 369 375 828 
1594 766 828 375 437 
1595 75 828 278 281 
1596 828 422 783 792 
1597 278 783 14 279 
1598 281 792 279 246 
1599 828 278 281 792 
1600 828 792 783 278 
1601 278 281 792 279 
1602 278 279 792 783 
1603 75 278 828 369 
1604 278 14 783 782 
1605 828 783 422 766 
1606 369 782 766 366 
1607 278 828 369 782 
1608 278 782 783 828 
1609 828 369 782 766 
1610 828 766 782 783 
1611 243 265 835 264 
1612 265 8 314 53 
1613 835 314 108 315 
1614 264 53 315 54 
1615 265 835 264 53 
1616 265 53 314 835 
1617 835 264 53 315 
1618 835 315 53 314 
1619 108 314 835 429 
1620 314 8 265 754 
1621 835 265 243 755 
1622 429 754 755 421 
1623 314 835 429 754 
1624 314 754 265 835 
1625 835 429 754 755 
1626 835 755 754 265 
1627 108 813 835 315 
1628 813 248 253 291 
1629 835 253 243 264 
1630 315 291 264 54 
1631 813 835 315 291 
1632 813 291 253 835 
1633 835 315 291 264 
1634 835 264 291 253 
1635 243 253 835 755 
1636 253 248 813 820 
1637 835 813 108 429 
1638 755 820 429 421 
1639 253 835 755 820 
1640 253 820 813 835 
1641 835 755 820 429 
1642 835 429 820 813 
1643 23 452 323 750 
1644 452 420 836 753 
1645 323 836 57 270 
1646 750 753 270 244 
1647 452 323 750 753 
1648 452 753 836 323 
1649 323 750 753 270 
1650 323 270 753 836 
1651 23 323 452 118 
1652 323 57 836 325 
1653 452 836 420 453 
1654 118 325 453 117 
1655 323 452 118 325 
1656 323 325 836 452 
1657 452 118 325 453 
1658 452 453 325 836 
1659 425 818 466 819 
1660 818 57 836 270 
1661 466 836 420 753 
1662 819 270 753 244 
1663 818 466 819 270 
1664 818 270 836 466 
1665 466 819 270 753 
1666 466 753 270 836 
1667 425 466 818 472 
1668 466 420 836 453 
1669 818 836 57 325 
1670 472 453 325 117 
1671 466 818 472 453 
1672 466 453 836 818 
1673 818 472 453 325 
1674 818 325 453 836 
1675 81 284 824 350 
1676 284 18 321 784 
1677 824 321 114 790 
1678 350 784 790 344 
1679 284 824 350 784 
1680 284 784 321 824 
1681 824 350 784 790 
1682 824 790 784 321 
1683 114 321 824 322 
1684 321 18 284 65 
1685 824 284 81 274 
1686 322 65 274 66 
1687 321 824 322 65 
1688 321 65 284 824 
1689 824 322 65 274 
1690 824 274 65 284 
1691 423 797 837 795 
1692 797 355 361 802 
1693 837 361 78 286 
1694 795 802 286 245 
1695 797 837 795 802 
1696 797 802 361 837 
1697 837 795 802 286 
1698 837 286 802 361 
1699 78 361 837 364 
1700 361 355 797 363 
1701 837 797 423 448 
1702 364 363 448 132 
1703 361 837 364 363 
1704 361 363 797 837 
1705 837 364 363 448 
1706 837 448 363 797 
1707 78 282 837 286 
1708 282 18 794 290 
1709 837 794 423 795 
1710 286 290 795 245 
1711 282 837 286 290 
1712 282 290 794 837 
1713 837 286 290 795 
1714 837 795 290 794 
1715 78 358 837 282 
1716 358 354 838 781 
1717 837 838 423 794 
1718 282 781 794 18 
1719 358 837 282 781 
1720 358 781 838 837 
1721 837 282 781 794 
1722 837 794 781 838 
1723 78 837 358 364 
1724 837 423 838 448 
1725 358 838 354 362 
1726 364 448 362 132 
1727 837 358 364 448 
1728 837 448 838 358 
1729 358 364 448 362 
1730 358 362 448 838 
1731 22 447 780 152 
1732 447 423 838 794 
1733 780 838 354 781 
1734 152 794 781 18 
1735 447 780 152 794 
1736 447 794 838 780 
1737 780 152 794 781 
1738 780 781 794 838 
1739 22 780 447 444 
1740 780 354 838 362 
1741 447 838 423 448 
1742 444 362 448 132 
1743 780 447 444 362 
1744 780 362 838 447 
1745 447 444 362 448 
1746 447 448 362 838 
3 2 4 768
1747 138 137 384 522 
1748 137 29 379 521 
1749 384 379 376 839 
1750 522 521 839 164 
1751 137 384 522 521 
1752 137 521 379 384 
1753 384 522 521 839 
1754 384 839 521 379 
1755 498 503 840 502 
1756 503 6 309 178 
1757 840 309 7 841 
1758 502 178 841 36 
1759 503 840 502 178 
1760 503 178 309 840 
1761 840 502 178 841 
1762 840 841 178 309 
1763 36 178 841 514 
1764 178 6 309 513 
1765 841 309 7 842 
1766 514 513 842 508 
1767 178 841 514 513 
1768 178 513 309 841 
1769 841 514 513 842 
1770 841 842 513 309 
1771 399 843 404 403 
1772 843 498 840 844 
1773 404 840 7 162 
1774 403 844 162 32 
1775 843 404 403 844 
1776 843 844 840 404 
1777 404 403 844 162 
1778 404 162 844 840 
1779 10 160 382 845 
1780 160 30 381 847 
1781 382 381 377 846 
1782 845 847 846 476 
1783 160 382 845 847 
1784 160 847 381 382 
1785 382 845 847 846 
1786 382 846 847 381 
1787 10 392 160 848 
1788 392 387 393 850 
1789 160 393 30 849 
1790 848 850 849 486 
1791 392 160 848 850 
1792 392 850 393 160 
1793 160 848 850 849 
1794 160 849 850 393 
1795 409 414 851 415 
1796 414 7 842 162 
1797 851 842 508 852 
1798 415 162 852 32 
1799 414 851 415 162 
1800 414 162 842 851 
1801 851 415 162 852 
1802 851 852 162 842 
1803 36 841 502 530 
1804 841 7 840 162 
1805 502 840 498 844 
1806 530 162 844 32 
1807 841 502 530 162 
1808 841 162 840 502 
1809 502 530 162 844 
1810 502 844 162 840 
1811 7 841 842 162 
1812 841 36 514 530 
1813 842 514 508 852 
1814 162 530 852 32 
1815 841 842 162 530 
1816 841 530 514 842 
1817 842 162 530 852 
1818 842 852 530 514 
1819 96 853 413 419 
1820 853 509 854 855 
1821 413 854 410 417 
1822 419 855 417 147 
1823 853 413 419 855 
1824 853 855 854 413 
1825 413 419 855 417 
1826 413 417 855 854 
1827 508 856 857 851 
1828 856 147 419 418 
1829 857 419 96 416 
1830 851 418 416 409 
1831 856 857 851 418 
1832 856 418 419 857 
1833 857 851 418 416 
1834 857 416 418 419 
1835 99 402 859 408 
1836 402 398 858 406 
1837 859 858 497 860 
1838 408 406 860 144 
1839 402 859 408 406 
1840 402 406 858 859 
1841 859 408 406 860 
1842 859 860 406 858 
1843 498 861 862 843 
1844 861 99 408 405 
1845 862 408 144 407 
1846 843 405 407 399 
1847 861 862 843 405 
1848 861 405 408 862 
1849 862 843 405 407 
1850 862 407 405 408 
1851 388 863 390 389 
1852 863 487 864 865 
1853 390 864 4 161 
1854 389 865 161 31 
1855 863 390 389 865 
1856 863 865 864 390 
1857 390 389 865 161 
1858 390 161 865 864 
1859 141 395 397 866 
1860 395 387 394 850 
1861 397 394 102 867 
1862 866 850 867 486 
1863 395 397 866 850 
1864 395 850 394 397 
1865 397 866 850 867 
1866 397 867 850 394 
1867 388 391 863 396 
1868 391 102 868 397 
1869 863 868 487 869 
1870 396 397 869 141 
1871 391 863 396 397 
1872 391 397 868 863 
1873 863 396 397 869 
1874 863 869 397 868 
1875 105 383 386 870 
1876 383 377 385 846 
1877 386 385 138 871 
1878 870 846 871 476 
1879 383 386 870 846 
1880 383 846 385 386 
1881 386 870 846 871 
1882 386 871 846 385 
1883 497 858 872 873 
1884 858 398 400 401 
1885 872 400 4 161 
1886 873 401 161 31 
1887 858 872 873 401 
1888 858 401 400 872 
1889 872 873 401 161 
1890 872 161 401 400 
1891 170 874 506 507 
1892 874 99 861 307 
1893 506 861 498 504 
1894 507 307 504 87 
1895 874 506 507 307 
1896 874 307 861 506 
1897 506 507 307 504 
1898 506 504 307 861 
1899 167 529 496 494 
1900 529 141 875 866 
1901 496 875 90 493 
1902 494 866 493 486 
1903 529 496 494 866 
1904 529 866 875 496 
1905 496 494 866 493 
1906 496 493 866 875 
1907 141 875 869 529 
1908 875 90 490 496 
1909 869 490 487 495 
1910 529 496 495 167 
1911 875 869 529 496 
1912 875 496 490 869 
1913 869 529 496 495 
1914 869 495 496 490 
1915 87 307 501 507 
1916 307 99 859 874 
1917 501 859 497 505 
1918 507 874 505 170 
1919 307 501 507 874 
1920 307 874 859 501 
1921 501 507 874 505 
1922 501 505 874 859 
1923 84 876 515 518 
1924 876 147 856 534 
1925 515 856 508 517 
1926 518 534 517 173 
1927 876 515 518 534 
1928 876 534 856 515 
1929 515 518 534 517 
1930 515 517 534 856 
1931 34 877 176 480 
1932 877 10 312 845 
1933 176 312 9 481 
1934 480 845 481 476 
1935 877 176 480 845 
1936 877 845 312 176 
1937 176 480 845 481 
1938 176 481 845 312 
1939 4 304 872 878 
1940 304 3 499 177 
1941 872 499 497 500 
1942 878 177 500 35 
1943 304 872 878 177 
1944 304 177 499 872 
1945 872 878 177 500 
1946 872 500 177 499 
1947 105 302 879 880 
1948 302 93 485 479 
1949 879 485 164 483 
1950 880 479 483 475 
1951 302 879 880 479 
1952 302 479 485 879 
1953 879 880 479 483 
1954 879 483 479 485 
1955 147 876 855 534 
1956 876 84 512 518 
1957 855 512 509 516 
1958 534 518 516 173 
1959 876 855 534 518 
1960 876 518 512 855 
1961 855 534 518 516 
1962 855 516 518 512 
1963 3 304 489 177 
1964 304 4 864 878 
1965 489 864 487 488 
1966 177 878 488 35 
1967 304 489 177 878 
1968 304 878 864 489 
1969 489 177 878 488 
1970 489 488 878 864 
1971 164 879 484 485 
1972 879 105 870 302 
1973 484 870 476 482 
1974 485 302 482 93 
1975 879 484 485 302 
1976 879 302 870 484 
1977 484 485 302 482 
1978 484 482 302 870 
1979 34 176 877 492 
1980 176 9 312 491 
1981 877 312 10 848 
1982 492 491 848 486 
1983 176 877 492 491 
1984 176 491 312 877 
1985 877 492 491 848 
1986 877 848 491 312 
1987 30 160 523 847 
1988 160 10 877 845 
1989 523 877 34 480 
1990 847 845 480 476 
1991 160 523 847 845 
1992 160 845 877 523 
1993 523 847 845 480 
1994 523 480 845 877 
1995 34 877 523 492 
1996 877 10 160 848 
1997 523 160 30 849 
1998 492 848 849 486 
1999 877 523 492 848 
2000 877 848 160 523 
2001 523 492 848 849 
2002 523 849 848 160 
2003 1 299 175 477 
2004 299 2 881 882 
2005 175 881 33 478 
2006 477 882 478 475 
2007 299 175 477 882 
2008 299 882 881 175 
2009 175 477 882 478 
2010 175 478 882 881 
2011 509 511 883 510 
2012 511 1 299 175 
2013 883 299 2 881 
2014 510 175 881 33 
2015 511 883 510 175 
2016 511 175 299 883 
2017 883 510 175 881 
2018 883 881 175 299 
2019 2 159 882 378 
2020 159 29 884 379 
2021 882 884 475 885 
2022 378 379 885 376 
2023 159 882 378 379 
2024 159 379 884 882 
2025 882 378 379 885 
2026 882 885 379 884 
2027 2 412 883 159 
2028 412 410 854 411 
2029 883 854 509 886 
2030 159 411 886 29 
2031 412 883 159 411 
2032 412 411 854 883 
2033 883 159 411 886 
2034 883 886 411 854 
2035 99 874 861 408 
2036 874 170 506 533 
2037 861 506 498 862 
2038 408 533 862 144 
2039 874 861 408 533 
2040 874 533 506 861 
2041 861 408 533 862 
2042 861 862 533 506 
2043 141 397 875 866 
2044 397 102 306 867 
2045 875 306 90 493 
2046 866 867 493 486 
2047 397 875 866 867 
2048 397 867 306 875 
2049 875 866 867 493 
2050 875 493 867 306 
2051 147 876 856 419 
2052 876 84 515 301 
2053 856 515 508 857 
2054 419 301 857 96 
2055 876 856 419 301 
2056 876 301 515 856 
2057 856 419 301 857 
2058 856 857 301 515 
2059 96 301 853 419 
2060 301 84 512 876 
2061 853 512 509 855 
2062 419 876 855 147 
2063 301 853 419 876 
2064 301 876 512 853 
2065 853 419 876 855 
2066 853 855 876 512 
2067 35 500 878 526 
2068 500 497 872 873 
2069 878 872 4 161 
2070 526 873 161 31 
2071 500 878 526 873 
2072 500 873 872 878 
2073 878 526 873 161 
2074 878 161 873 872 
2075 90 875 490 306 
2076 875 141 869 397 
2077 490 869 487 868 
2078 306 397 868 102 
2079 875 490 306 397 
2080 875 397 869 490 
2081 490 306 397 868 
2082 490 868 397 869 
2083 170 874 505 533 
2084 874 99 859 408 
2085 505 859 497 860 
2086 533 408 860 144 
2087 874 505 533 408 
2088 874 408 859 505 
2089 505 533 408 860 
2090 505 860 408 859 
2091 35 878 488 526 
2092 878 4 864 161 
2093 488 864 487 865 
2094 526 161 865 31 
2095 878 488 526 161 
2096 878 161 864 488 
2097 488 526 161 865 
2098 488 865 161 864 
2099 105 879 870 386 
2100 879 164 484 522 
2101 870 484 476 871 
2102 386 522 871 138 
2103 879 870 386 522 
2104 879 522 484 870 
2105 870 386 522 871 
2106 870 871 522 484 
2107 29 519 159 884 
2108 519 33 881 478 
2109 159 881 2 882 
2110 884 478 882 475 
2111 519 159 884 478 
2112 519 478 881 159 
2113 159 884 478 882 
2114 159 882 478 881 
2115 33 881 510 519 
2116 881 2 883 159 
2117 510 883 509 886 
2118 519 159 886 29 
2119 881 510 519 159 
2120 881 159 883 510 
2121 510 519 159 886 
2122 510 886 159 883 
2123 170 506 531 171 
2124 506 498 844 502 
2125 531 844 32 530 
2126 171 502 530 36 
2127 506 531 171 502 
2128 506 502 844 531 
2129 531 171 502 530 
2130 531 530 502 844 
2131 32 852 532 530 
2132 852 508 517 514 
2133 532 517 173 172 
2134 530 514 172 36 
2135 852 532 530 514 
2136 852 514 517 532 
2137 532 530 514 172 
2138 532 172 514 517 
2139 84 515 308 85 
2140 515 508 842 513 
2141 308 842 7 309 
2142 85 513 309 6 
2143 515 308 85 513 
2144 515 513 842 308 
2145 308 85 513 309 
2146 308 309 513 842 
2147 90 493 311 91 
2148 493 486 848 491 
2149 311 848 10 312 
2150 91 491 312 9 
2151 493 311 91 491 
2152 493 491 848 311 
2153 311 91 491 312 
2154 311 312 491 848 
2155 34 524 480 165 
2156 524 138 871 522 
2157 480 871 476 484 
2158 165 522 484 164 
2159 524 480 165 522 
2160 524 522 871 480 
2161 480 165 522 484 
2162 480 484 522 871 
2163 487 865 495 488 
2164 865 31 528 526 
2165 495 528 167 168 
2166 488 526 168 35 
2167 865 495 488 526 
2168 865 526 528 495 
2169 495 488 526 168 
2170 495 168 526 528 
2171 138 139 871 385 
2172 139 30 847 381 
2173 871 847 476 846 
2174 385 381 846 377 
2175 139 871 385 381 
2176 139 381 847 871 
2177 871 385 381 846 
2178 871 846 381 847 
2179 138 871 139 524 
2180 871 476 847 480 
2181 139 847 30 523 
2182 524 480 523 34 
2183 871 139 524 480 
2184 871 480 847 139 
2185 139 524 480 523 
2186 139 523 480 847 
2187 96 300 853 301 
2188 300 1 511 83 
2189 853 511 509 512 
2190 301 83 512 84 
2191 300 853 301 83 
2192 300 83 511 853 
2193 853 301 83 512 
2194 853 512 83 511 
2195 35 500 527 169 
2196 500 497 860 505 
2197 527 860 144 533 
2198 169 505 533 170 
2199 500 527 169 505 
2200 500 505 860 527 
2201 527 169 505 533 
2202 527 533 505 860 
2203 87 501 303 88 
2204 501 497 872 499 
2205 303 872 4 304 
2206 88 499 304 3 
2207 501 303 88 499 
2208 501 499 872 303 
2209 303 88 499 304 
2210 303 304 499 872 
2211 33 520 510 174 
2212 520 147 855 534 
2213 510 855 509 516 
2214 174 534 516 173 
2215 520 510 174 534 
2216 520 534 855 510 
2217 510 174 534 516 
2218 510 516 534 855 
2219 29 521 884 379 
2220 521 164 483 839 
2221 884 483 475 885 
2222 379 839 885 376 
2223 521 884 379 839 
2224 521 839 483 884 
2225 884 379 839 885 
2226 884 885 839 483 
2227 29 884 521 519 
2228 884 475 483 478 
2229 521 483 164 163 
2230 519 478 163 33 
2231 884 521 519 478 
2232 884 478 483 521 
2233 521 519 478 163 
2234 521 163 478 483 
2235 475 882 479 477 
2236 882 2 298 299 
2237 479 298 93 94 
2238 477 299 94 1 
2239 882 479 477 299 
2240 882 299 298 479 
2241 479 477 299 94 
2242 479 94 299 298 
2243 10 103 848 311 
2244 103 102 867 306 
2245 848 867 486 493 
2246 311 306 493 90 
2247 103 848 311 306 
2248 103 306 867 848 
2249 848 311 306 493 
2250 848 493 306 867 
2251 486 867 848 850 
2252 867 102 103 394 
2253 848 103 10 392 
2254 850 394 392 387 
2255 867 848 850 394 
2256 867 394 103 848 
2257 848 850 394 392 
2258 848 392 394 103 
2259 144 145 862 407 
2260 145 32 844 403 
2261 862 844 498 843 
2262 407 403 843 399 
2263 145 862 407 403 
2264 145 403 844 862 
2265 862 407 403 843 
2266 862 843 403 844 
2267 144 862 145 533 
2268 862 498 844 506 
2269 145 844 32 531 
2270 533 506 531 170 
2271 862 145 533 506 
2272 862 506 844 145 
2273 145 533 506 531 
2274 145 531 506 844 
2275 141 142 869 396 
2276 142 31 865 389 
2277 869 865 487 863 
2278 396 389 863 388 
2279 142 869 396 389 
2280 142 389 865 869 
2281 869 396 389 863 
2282 869 863 389 865 
2283 141 869 142 529 
2284 869 487 865 495 
2285 142 865 31 528 
2286 529 495 528 167 
2287 869 142 529 495 
2288 869 495 865 142 
2289 142 529 495 528 
2290 142 528 495 865 
2291 102 305 868 306 
2292 305 3 489 89 
2293 868 489 487 490 
2294 306 89 490 90 
2295 305 868 306 89 
2296 305 89 489 868 
2297 868 306 89 490 
2298 868 490 89 489 
2299 105 313 870 302 
2300 313 9 481 92 
2301 870 481 476 482 
2302 302 92 482 93 
2303 313 870 302 92 
2304 313 92 481 870 
2305 870 302 92 482 
2306 870 482 92 481 
2307 6 503 310 86 
2308 503 498 861 504 
2309 310 861 99 307 
2310 86 504 307 87 
2311 503 310 86 504 
2312 503 504 861 310 
2313 310 86 504 307 
2314 310 307 504 861 
2315 141 525 866 529 
2316 525 34 492 166 
2317 866 492 486 494 
2318 529 166 494 167 
2319 525 866 529 166 
2320 525 166 492 866 
2321 866 529 166 494 
2322 866 494 166 492 
2323 30 849 140 523 
2324 849 486 866 492 
2325 140 866 141 525 
2326 523 492 525 34 
2327 849 140 523 492 
2328 849 492 866 140 
2329 140 523 492 525 
2330 140 525 492 866 
2331 30 140 849 393 
2332 140 141 866 395 
2333 849 866 486 850 
2334 393 395 850 387 
2335 140 849 393 395 
2336 140 395 866 849 
2337 849 393 395 850 
2338 849 850 395 866 
2339 7 840 98 309 
2340 840 498 861 503 
2341 98 861 99 310 
2342 309 503 310 6 
2343 840 98 309 503 
2344 840 503 861 98 
2345 98 309 503 310 
2346 98 310 503 861 
2347 7 98 840 404 
2348 98 99 861 405 
2349 840 861 498 843 
2350 404 405 843 399 
2351 98 840 404 405 
2352 98 405 861 840 
2353 840 404 405 843 
2354 840 843 405 861 
2355 4 864 101 304 
2356 864 487 868 489 
2357 101 868 102 305 
2358 304 489 305 3 
2359 864 101 304 489 
2360 864 489 868 101 
2361 101 304 489 305 
2362 101 305 489 868 
2363 4 101 864 390 
2364 101 102 868 391 
2365 864 868 487 863 
2366 390 391 863 388 
2367 101 864 390 391 
2368 101 391 868 864 
2369 864 390 391 863 
2370 864 863 391 868 
2371 376 839 380 384 
2372 839 164 879 522 
2373 380 879 105 386 
2374 384 522 386 138 
2375 839 380 384 522 
2376 839 522 879 380 
2377 380 384 522 386 
2378 380 386 522 879 
2379 376 380 839 885 
2380 380 105 879 880 
2381 839 879 164 483 
2382 885 880 483 475 
2383 380 839 885 880 
2384 380 880 879 839 
2385 839 885 880 483 
2386 839 483 880 879 
2387 508 856 852 517 
2388 856 147 146 534 
2389 852 146 32 532 
2390 517 534 532 173 
2391 856 852 517 534 
2392 856 534 146 852 
2393 852 517 534 532 
2394 852 532 534 146 
2395 32 146 852 415 
2396 146 147 856 418 
2397 852 856 508 851 
2398 415 418 851 409 
2399 146 852 415 418 
2400 146 418 856 852 
2401 852 415 418 851 
2402 852 851 418 856 
2403 508 857 842 851 
2404 857 96 97 416 
2405 842 97 7 414 
2406 851 416 414 409 
2407 857 842 851 416 
2408 857 416 97 842 
2409 842 851 416 414 
2410 842 414 416 97 
2411 508 842 857 515 
2412 842 7 97 308 
2413 857 97 96 301 
2414 515 308 301 84 
2415 842 857 515 308 
2416 842 308 97 857 
2417 857 515 308 301 
2418 857 301 308 97 
2419 99 859 100 307 
2420 859 497 872 501 
2421 100 872 4 303 
2422 307 501 303 87 
2423 859 100 307 501 
2424 859 501 872 100 
2425 100 307 501 303 
2426 100 303 501 872 
2427 4 872 100 400 
2428 872 497 859 858 
2429 100 859 99 402 
2430 400 858 402 398 
2431 872 100 400 858 
2432 872 858 859 100 
2433 100 400 858 402 
2434 100 402 858 859 
2435 105 880 106 302 
2436 880 475 882 479 
2437 106 882 2 298 
2438 302 479 298 93 
2439 880 106 302 479 
2440 880 479 882 106 
2441 106 302 479 298 
2442 106 298 479 882 
2443 105 106 880 380 
2444 106 2 882 378 
2445 880 882 475 885 
2446 380 378 885 376 
2447 106 880 380 378 
2448 106 378 882 880 
2449 880 380 378 885 
2450 880 885 378 882 
2451 476 845 870 846 
2452 845 10 104 382 
2453 870 104 105 383 
2454 846 382 383 377 
2455 845 870 846 382 
2456 845 382 104 870 
2457 870 846 382 383 
2458 870 383 382 104 
2459 476 870 845 481 
2460 870 105 104 313 
2461 845 104 10 312 
2462 481 313 312 9 
2463 870 845 481 313 
2464 870 313 104 845 
2465 845 481 313 312 
2466 845 312 313 104 
2467 497 873 860 858 
2468 873 31 143 401 
2469 860 143 144 406 
2470 858 401 406 398 
2471 873 860 858 401 
2472 873 401 143 860 
2473 860 858 401 406 
2474 860 406 401 143 
2475 144 143 860 527 
2476 143 31 873 526 
2477 860 873 497 500 
2478 527 526 500 35 
2479 143 860 527 526 
2480 143 526 873 860 
2481 860 527 526 500 
2482 860 500 526 873 
2483 509 886 855 510 
2484 886 29 148 519 
2485 855 148 147 520 
2486 510 519 520 33 
2487 886 855 510 519 
2488 886 519 148 855 
2489 855 510 519 520 
2490 855 520 519 148 
2491 147 148 855 417 
2492 148 29 886 411 
2493 855 886 509 854 
2494 417 411 854 410 
2495 148 855 417 411 
2496 148 411 886 855 
2497 855 417 411 854 
2498 855 854 411 886 
2499 2 883 95 299 
2500 883 509 853 511 
2501 95 853 96 300 
2502 299 511 300 1 
2503 883 95 299 511 
2504 883 511 853 95 
2505 95 299 511 300 
2506 95 300 511 853 
2507 2 95 883 412 
2508 95 96 853 413 
2509 883 853 509 854 
2510 412 413 854 410 
2511 95 883 412 413 
2512 95 413 853 883 
2513 883 412 413 854 
2514 883 854 413 853 
3 3 4 768
2515 186 565 185 634 
2516 565 558 563 887 
2517 185 563 39 633 
2518 634 887 633 195 
2519 565 185 634 887 
2520 565 887 563 185 
2521 185 634 887 633 
2522 185 633 887 563 
2523 40 187 636 559 
2524 187 186 635 566 
2525 636 635 42 888 
2526 559 566 888 557 
2527 187 636 559 566 
2528 187 566 635 636 
2529 636 559 566 888 
2530 636 888 566 635 
2531 138 137 522 572 
2532 137 29 521 571 
2533 522 521 164 889 
2534 572 571 889 568 
2535 137 522 572 571 
2536 137 571 521 522 
2537 522 572 571 889 
2538 522 889 571 521 
2539 569 574 891 573 
2540 574 40 890 206 
2541 891 890 580 892 
2542 573 206 892 30 
2543 574 891 573 206 
2544 574 206 890 891 
2545 891 573 206 892 
2546 891 892 206 890 
2547 180 544 545 893 
2548 544 535 542 895 
2549 545 542 147 894 
2550 893 895 894 612 
2551 544 545 893 895 
2552 544 895 542 545 
2553 545 893 895 894 
2554 545 894 895 542 
2555 547 553 897 554 
2556 553 144 896 556 
2557 897 896 602 898 
2558 554 556 898 183 
2559 553 897 554 556 
2560 553 556 896 897 
2561 897 554 556 898 
2562 897 898 556 896 
2563 180 545 543 899 
2564 545 147 539 901 
2565 543 539 536 900 
2566 899 901 900 613 
2567 545 543 899 901 
2568 545 901 539 543 
2569 543 899 901 900 
2570 543 900 901 539 
2571 557 566 903 561 
2572 566 186 902 567 
2573 903 902 590 904 
2574 561 567 904 141 
2575 566 903 561 567 
2576 566 567 902 903 
2577 903 561 567 904 
2578 903 904 567 902 
2579 569 891 577 575 
2580 891 580 905 906 
2581 577 905 189 578 
2582 575 906 578 138 
2583 891 577 575 906 
2584 891 906 905 577 
2585 577 575 906 578 
2586 577 578 906 905 
2587 546 907 548 549 
2588 907 601 908 909 
2589 548 908 39 205 
2590 549 909 205 31 
2591 907 548 549 909 
2592 907 909 908 548 
2593 548 549 909 205 
2594 548 205 909 908 
2595 601 910 907 911 
2596 910 144 550 556 
2597 907 550 546 555 
2598 911 556 555 183 
2599 910 907 911 556 
2600 910 556 550 907 
2601 907 911 556 555 
2602 907 555 556 550 
2603 591 912 913 914 
2604 912 558 563 562 
2605 913 563 39 205 
2606 914 562 205 31 
2607 912 913 914 562 
2608 912 562 563 913 
2609 913 914 562 205 
2610 913 205 562 563 
2611 32 541 204 915 
2612 541 535 540 895 
2613 204 540 38 916 
2614 915 895 916 612 
2615 541 204 915 895 
2616 541 895 540 204 
2617 204 915 895 916 
2618 204 916 895 540 
2619 38 552 204 917 
2620 552 547 551 897 
2621 204 551 32 918 
2622 917 897 918 602 
2623 552 204 917 897 
2624 552 897 551 204 
2625 204 917 897 918 
2626 204 918 897 551 
2627 44 210 919 618 
2628 210 36 530 617 
2629 919 530 32 915 
2630 618 617 915 612 
2631 210 919 618 617 
2632 210 617 530 919 
2633 919 618 617 915 
2634 919 915 617 530 
2635 44 919 210 606 
2636 919 32 530 918 
2637 210 530 36 607 
2638 606 918 607 602 
2639 919 210 606 918 
2640 919 918 530 210 
2641 210 606 918 607 
2642 210 607 918 530 
2643 30 920 892 523 
2644 920 42 584 208 
2645 892 584 580 585 
2646 523 208 585 34 
2647 920 892 523 208 
2648 920 208 584 892 
2649 892 523 208 585 
2650 892 585 208 584 
2651 39 631 913 921 
2652 631 43 595 209 
2653 913 595 591 596 
2654 921 209 596 35 
2655 631 913 921 209 
2656 631 209 595 913 
2657 913 921 209 596 
2658 913 596 209 595 
2659 189 922 905 638 
2660 922 164 586 589 
2661 905 586 580 588 
2662 638 589 588 192 
2663 922 905 638 589 
2664 922 589 586 905 
2665 905 638 589 588 
2666 905 588 589 586 
2667 43 631 604 209 
2668 631 39 908 921 
2669 604 908 601 603 
2670 209 921 603 35 
2671 631 604 209 921 
2672 631 921 908 604 
2673 604 209 921 603 
2674 604 603 921 908 
2675 30 923 920 523 
2676 923 590 593 592 
2677 920 593 42 208 
2678 523 592 208 34 
2679 923 920 523 592 
2680 923 592 593 920 
2681 920 523 592 208 
2682 920 208 592 593 
2683 189 638 924 922 
2684 638 192 587 589 
2685 924 587 579 583 
2686 922 589 583 164 
2687 638 924 922 589 
2688 638 589 587 924 
2689 924 922 589 583 
2690 924 583 589 587 
2691 37 925 203 570 
2692 925 579 926 927 
2693 203 926 29 571 
2694 570 927 571 568 
2695 925 203 570 927 
2696 925 927 926 203 
2697 203 570 927 571 
2698 203 571 927 926 
2699 613 928 900 929 
2700 928 29 537 203 
2701 900 537 536 538 
2702 929 203 538 37 
2703 928 900 929 203 
2704 928 203 537 900 
2705 900 929 203 538 
2706 900 538 203 537 
2707 42 584 636 920 
2708 584 580 890 892 
2709 636 890 40 206 
2710 920 892 206 30 
2711 584 636 920 892 
2712 584 892 890 636 
2713 636 920 892 206 
2714 636 206 892 890 
2715 147 930 894 534 
2716 930 201 621 622 
2717 894 621 612 619 
2718 534 622 619 173 
2719 930 894 534 622 
2720 930 622 621 894 
2721 894 534 622 619 
2722 894 619 622 621 
2723 141 931 932 529 
2724 931 591 599 597 
2725 932 599 195 600 
2726 529 597 600 167 
2727 931 932 529 597 
2728 931 597 599 932 
2729 932 529 597 600 
2730 932 600 597 599 
2731 141 932 904 529 
2732 932 195 598 600 
2733 904 598 590 594 
2734 529 600 594 167 
2735 932 904 529 600 
2736 932 600 598 904 
2737 904 529 600 594 
2738 904 594 600 598 
2739 602 896 608 610 
2740 896 144 533 933 
2741 608 533 170 611 
2742 610 933 611 198 
2743 896 608 610 933 
2744 896 933 533 608 
2745 608 610 933 611 
2746 608 611 933 533 
2747 144 933 910 533 
2748 933 198 609 611 
2749 910 609 601 605 
2750 533 611 605 170 
2751 933 910 533 611 
2752 933 611 609 910 
2753 910 533 611 605 
2754 910 605 611 609 
2755 201 622 930 620 
2756 622 173 534 616 
2757 930 534 147 901 
2758 620 616 901 613 
2759 622 930 620 616 
2760 622 616 534 930 
2761 930 620 616 901 
2762 930 901 616 534 
2763 35 596 921 526 
2764 596 591 913 914 
2765 921 913 39 205 
2766 526 914 205 31 
2767 596 921 526 914 
2768 596 914 913 921 
2769 921 526 914 205 
2770 921 205 914 913 
2771 201 930 621 626 
2772 930 147 894 545 
2773 621 894 612 893 
2774 626 545 893 180 
2775 930 621 626 545 
2776 930 545 894 621 
2777 621 626 545 893 
2778 621 893 545 894 
2779 44 919 628 618 
2780 919 32 204 915 
2781 628 204 38 916 
2782 618 915 916 612 
2783 919 628 618 915 
2784 919 915 204 628 
2785 628 618 915 916 
2786 628 916 915 204 
2787 164 922 586 522 
2788 922 189 905 578 
2789 586 905 580 906 
2790 522 578 906 138 
2791 922 586 522 578 
2792 922 578 905 586 
2793 586 522 578 906 
2794 586 906 578 905 
2795 198 610 933 630 
2796 610 602 896 898 
2797 933 896 144 556 
2798 630 898 556 183 
2799 610 933 630 898 
2800 610 898 896 933 
2801 933 630 898 556 
2802 933 556 898 896 
2803 35 921 603 526 
2804 921 39 908 205 
2805 603 908 601 909 
2806 526 205 909 31 
2807 921 603 526 205 
2808 921 205 908 603 
2809 603 526 205 909 
2810 603 909 205 908 
2811 195 932 598 634 
2812 932 141 904 567 
2813 598 904 590 902 
2814 634 567 902 186 
2815 932 598 634 567 
2816 932 567 904 598 
2817 598 634 567 902 
2818 598 902 567 904 
2819 180 626 545 899 
2820 626 201 930 620 
2821 545 930 147 901 
2822 899 620 901 613 
2823 626 545 899 620 
2824 626 620 930 545 
2825 545 899 620 901 
2826 545 901 620 930 
2827 198 933 609 630 
2828 933 144 910 556 
2829 609 910 601 911 
2830 630 556 911 183 
2831 933 609 630 556 
2832 933 556 910 609 
2833 609 630 556 911 
2834 609 911 556 910 
2835 44 628 919 606 
2836 628 38 204 917 
2837 919 204 32 918 
2838 606 917 918 602 
2839 628 919 606 917 
2840 628 917 204 919 
2841 919 606 917 918 
2842 919 918 917 204 
2843 29 519 926 934 
2844 519 33 581 207 
2845 926 581 579 582 
2846 934 207 582 41 
2847 519 926 934 207 
2848 519 207 581 926 
2849 926 934 207 582 
2850 926 582 207 581 
2851 33 519 615 207 
2852 519 29 928 934 
2853 615 928 613 614 
2854 207 934 614 41 
2855 519 615 207 934 
2856 519 934 928 615 
2857 615 207 934 614 
2858 615 614 934 928 
2859 41 582 934 624 
2860 582 579 926 925 
2861 934 926 29 203 
2862 624 925 203 37 
2863 582 934 624 925 
2864 582 925 926 934 
2865 934 624 925 203 
2866 934 203 925 926 
2867 29 928 934 203 
2868 928 613 614 929 
2869 934 614 41 624 
2870 203 929 624 37 
2871 928 934 203 929 
2872 928 929 614 934 
2873 934 203 929 624 
2874 934 624 929 614 
2875 189 623 924 638 
2876 623 41 582 191 
2877 924 582 579 587 
2878 638 191 587 192 
2879 623 924 638 191 
2880 623 191 582 924 
2881 924 638 191 587 
2882 924 587 191 582 
2883 43 604 632 197 
2884 604 601 911 609 
2885 632 911 183 630 
2886 197 609 630 198 
2887 604 632 197 609 
2888 604 609 911 632 
2889 632 197 609 630 
2890 632 630 609 911 
2891 39 184 908 548 
2892 184 183 911 555 
2893 908 911 601 907 
2894 548 555 907 546 
2895 184 908 548 555 
2896 184 555 911 908 
2897 908 548 555 907 
2898 908 907 555 911 
2899 601 911 908 604 
2900 911 183 184 632 
2901 908 184 39 631 
2902 604 632 631 43 
2903 911 908 604 632 
2904 911 632 184 908 
2905 908 604 632 631 
2906 908 631 632 184 
2907 189 190 924 623 
2908 190 37 925 624 
2909 924 925 579 582 
2910 623 624 582 41 
2911 190 924 623 624 
2912 190 624 925 924 
2913 924 623 624 582 
2914 924 582 624 925 
2915 189 924 190 576 
2916 924 579 925 927 
2917 190 925 37 570 
2918 576 927 570 568 
2919 924 190 576 927 
2920 924 927 925 190 
2921 190 576 927 570 
2922 190 570 927 925 
2923 32 532 915 530 
2924 532 173 619 172 
2925 915 619 612 617 
2926 530 172 617 36 
2927 532 915 530 172 
2928 532 172 619 915 
2929 915 530 172 617 
2930 915 617 172 619 
2931 170 531 608 171 
2932 531 32 918 530 
2933 608 918 602 607 
2934 171 530 607 36 
2935 531 608 171 530 
2936 531 530 918 608 
2937 608 171 530 607 
2938 608 607 530 918 
2939 37 625 929 624 
2940 625 201 620 202 
2941 929 620 613 614 
2942 624 202 614 41 
2943 625 929 624 202 
2944 625 202 620 929 
2945 929 624 202 614 
2946 929 614 202 620 
2947 38 629 917 628 
2948 629 198 610 199 
2949 917 610 602 606 
2950 628 199 606 44 
2951 629 917 628 199 
2952 629 199 610 917 
2953 917 628 199 606 
2954 917 606 199 610 
2955 195 633 599 887 
2956 633 39 913 563 
2957 599 913 591 912 
2958 887 563 912 558 
2959 633 599 887 563 
2960 633 563 913 599 
2961 599 887 563 912 
2962 599 912 563 913 
2963 195 599 633 196 
2964 599 591 913 595 
2965 633 913 39 631 
2966 196 595 631 43 
2967 599 633 196 595 
2968 599 595 913 633 
2969 633 196 595 631 
2970 633 631 595 913 
2971 180 627 893 626 
2972 627 44 618 200 
2973 893 618 612 621 
2974 626 200 621 201 
2975 627 893 626 200 
2976 627 200 618 893 
2977 893 626 200 621 
2978 893 621 200 618 
2979 186 635 902 634 
2980 635 42 593 194 
2981 902 593 590 598 
2982 634 194 598 195 
2983 635 902 634 194 
2984 635 194 593 902 
2985 902 634 194 598 
2986 902 598 194 593 
2987 186 902 635 566 
2988 902 590 593 903 
2989 635 593 42 888 
2990 566 903 888 557 
2991 902 635 566 903 
2992 902 903 593 635 
2993 635 566 903 888 
2994 635 888 903 593 
2995 34 585 524 165 
2996 585 580 906 586 
2997 524 906 138 522 
2998 165 586 522 164 
2999 585 524 165 586 
3000 585 586 906 524 
3001 524 165 586 522 
3002 524 522 586 906 
3003 138 139 906 524 
3004 139 30 892 523 
3005 906 892 580 585 
3006 524 523 585 34 
3007 139 906 524 523 
3008 139 523 892 906 
3009 906 524 523 585 
3010 906 585 523 892 
3011 138 906 139 575 
3012 906 580 892 891 
3013 139 892 30 573 
3014 575 891 573 569 
3015 906 139 575 891 
3016 906 891 892 139 
3017 139 575 891 573 
3018 139 573 891 892 
3019 40 637 890 636 
3020 637 192 588 193 
3021 890 588 580 584 
3022 636 193 584 42 
3023 637 890 636 193 
3024 637 193 588 890 
3025 890 636 193 584 
3026 890 584 193 588 
3027 34 525 592 166 
3028 525 141 904 529 
3029 592 904 590 594 
3030 166 529 594 167 
3031 525 592 166 529 
3032 525 529 904 592 
3033 592 166 529 594 
3034 592 594 529 904 
3035 167 528 597 168 
3036 528 31 914 526 
3037 597 914 591 596 
3038 168 526 596 35 
3039 528 597 168 526 
3040 528 526 914 597 
3041 597 168 526 596 
3042 597 596 526 914 
3043 33 615 520 174 
3044 615 613 901 616 
3045 520 901 147 534 
3046 174 616 534 173 
3047 615 520 174 616 
3048 615 616 901 520 
3049 520 174 616 534 
3050 520 534 616 901 
3051 35 527 603 169 
3052 527 144 910 533 
3053 603 910 601 605 
3054 169 533 605 170 
3055 527 603 169 533 
3056 527 533 910 603 
3057 603 169 533 605 
3058 603 605 533 910 
3059 164 521 583 889 
3060 521 29 926 571 
3061 583 926 579 927 
3062 889 571 927 568 
3063 521 583 889 571 
3064 521 571 926 583 
3065 583 889 571 927 
3066 583 927 571 926 
3067 164 583 521 163 
3068 583 579 926 581 
3069 521 926 29 519 
3070 163 581 519 33 
3071 583 521 163 581 
3072 583 581 926 521 
3073 521 163 581 519 
3074 521 519 581 926 
3075 195 887 932 634 
3076 887 558 564 565 
3077 932 564 141 567 
3078 634 565 567 186 
3079 887 932 634 565 
3080 887 565 564 932 
3081 932 634 565 567 
3082 932 567 565 564 
3083 195 932 887 599 
3084 932 141 564 931 
3085 887 564 558 912 
3086 599 931 912 591 
3087 932 887 599 931 
3088 932 931 564 887 
3089 887 599 931 912 
3090 887 912 931 564 
3091 189 905 188 638 
3092 905 580 890 588 
3093 188 890 40 637 
3094 638 588 637 192 
3095 905 188 638 588 
3096 905 588 890 188 
3097 188 638 588 637 
3098 188 637 588 890 
3099 189 188 905 577 
3100 188 40 890 574 
3101 905 890 580 891 
3102 577 574 891 569 
3103 188 905 577 574 
3104 188 574 890 905 
3105 905 577 574 891 
3106 905 891 574 890 
3107 613 899 929 900 
3108 899 180 179 543 
3109 929 179 37 538 
3110 900 543 538 536 
3111 899 929 900 543 
3112 899 543 179 929 
3113 929 900 543 538 
3114 929 538 543 179 
3115 613 929 899 620 
3116 929 37 179 625 
3117 899 179 180 626 
3118 620 625 626 201 
3119 929 899 620 625 
3120 929 625 179 899 
3121 899 620 625 626 
3122 899 626 625 179 
3123 183 898 182 630 
3124 898 602 917 610 
3125 182 917 38 629 
3126 630 610 629 198 
3127 898 182 630 610 
3128 898 610 917 182 
3129 182 630 610 629 
3130 182 629 610 917 
3131 183 182 898 554 
3132 182 38 917 552 
3133 898 917 602 897 
3134 554 552 897 547 
3135 182 898 554 552 
3136 182 552 917 898 
3137 898 554 552 897 
3138 898 897 552 917 
3139 30 923 140 560 
3140 923 590 904 903 
3141 140 904 141 561 
3142 560 903 561 557 
3143 923 140 560 903 
3144 923 903 904 140 
3145 140 560 903 561 
3146 140 561 903 904 
3147 141 904 140 525 
3148 904 590 923 592 
3149 140 923 30 523 
3150 525 592 523 34 
3151 904 140 525 592 
3152 904 592 923 140 
3153 140 525 592 523 
3154 140 523 592 923 
3155 38 916 181 628 
3156 916 612 893 618 
3157 181 893 180 627 
3158 628 618 627 44 
3159 916 181 628 618 
3160 916 618 893 181 
3161 181 628 618 627 
3162 181 627 618 893 
3163 180 893 181 544 
3164 893 612 916 895 
3165 181 916 38 540 
3166 544 895 540 535 
3167 893 181 544 895 
3168 893 895 916 181 
3169 181 544 895 540 
3170 181 540 895 916 
3171 42 888 920 636 
3172 888 557 560 559 
3173 920 560 30 206 
3174 636 559 206 40 
3175 888 920 636 559 
3176 888 559 560 920 
3177 920 636 559 206 
3178 920 206 559 560 
3179 30 560 920 923 
3180 560 557 888 903 
3181 920 888 42 593 
3182 923 903 593 590 
3183 560 920 923 903 
3184 560 903 888 920 
3185 920 923 903 593 
3186 920 593 903 888 
3187 144 896 145 553 
3188 896 602 918 897 
3189 145 918 32 551 
3190 553 897 551 547 
3191 896 145 553 897 
3192 896 897 918 145 
3193 145 553 897 551 
3194 145 551 897 918 
3195 32 918 145 531 
3196 918 602 896 608 
3197 145 896 144 533 
3198 531 608 533 170 
3199 918 145 531 608 
3200 918 608 896 145 
3201 145 531 608 533 
3202 145 533 608 896 
3203 141 931 142 564 
3204 931 591 914 912 
3205 142 914 31 562 
3206 564 912 562 558 
3207 931 142 564 912 
3208 931 912 914 142 
3209 142 564 912 562 
3210 142 562 912 914 
3211 141 142 931 529 
3212 142 31 914 528 
3213 931 914 591 597 
3214 529 528 597 167 
3215 142 931 529 528 
3216 142 528 914 931 
3217 931 529 528 597 
3218 931 597 528 914 
3219 612 894 915 895 
3220 894 147 146 542 
3221 915 146 32 541 
3222 895 542 541 535 
3223 894 915 895 542 
3224 894 542 146 915 
3225 915 895 542 541 
3226 915 541 542 146 
3227 612 915 894 619 
3228 915 32 146 532 
3229 894 146 147 534 
3230 619 532 534 173 
3231 915 894 619 532 
3232 915 532 146 894 
3233 894 619 532 534 
3234 894 534 532 146 
3235 164 889 922 522 
3236 889 568 576 572 
3237 922 576 189 578 
3238 522 572 578 138 
3239 889 922 522 572 
3240 889 572 576 922 
3241 922 522 572 578 
3242 922 578 572 576 
3243 189 576 922 924 
3244 576 568 889 927 
3245 922 889 164 583 
3246 924 927 583 579 
3247 576 922 924 927 
3248 576 927 889 922 
3249 922 924 927 583 
3250 922 583 927 889 
3251 601 909 910 603 
3252 909 31 143 526 
3253 910 143 144 527 
3254 603 526 527 35 
3255 909 910 603 526 
3256 909 526 143 910 
3257 910 603 526 527 
3258 910 527 526 143 
3259 601 910 909 907 
3260 910 144 143 550 
3261 909 143 31 549 
3262 907 550 549 546 
3263 910 909 907 550 
3264 910 550 143 909 
3265 909 907 550 549 
3266 909 549 550 143 
3267 29 928 148 519 
3268 928 613 901 615 
3269 148 901 147 520 
3270 519 615 520 33 
3271 928 148 519 615 
3272 928 615 901 148 
3273 148 519 615 520 
3274 148 520 615 901 
3275 147 901 148 539 
3276 901 613 928 900 
3277 148 928 29 537 
3278 539 900 537 536 
3279 901 148 539 900 
3280 901 900 928 148 
3281 148 539 900 537 
3282 148 537 900 928 
3 4 4 768
3283 46 732 213 644 
3284 732 52 731 935 
3285 213 731 212 648 
3286 644 935 648 640 
3287 732 213 644 935 
3288 732 935 731 213 
3289 213 644 935 648 
3290 213 648 935 731 
3291 46 936 236 656 
3292 936 706 937 938 
3293 236 937 7 655 
3294 656 938 655 650 
3295 936 236 656 938 
3296 936 938 937 236 
3297 236 656 938 655 
3298 236 655 938 937 
3299 716 939 940 941 
3300 939 212 648 649 
3301 940 648 640 646 
3302 941 649 646 96 
3303 939 940 941 649 
3304 939 649 648 940 
3305 940 941 649 646 
3306 940 646 649 648 
3307 639 647 943 643 
3308 647 212 942 649 
3309 943 942 717 944 
3310 643 649 944 96 
3311 647 943 643 649 
3312 647 649 942 943 
3313 943 643 649 944 
3314 943 944 649 942 
3315 684 945 946 947 
3316 945 105 679 682 
3317 946 679 672 681 
3318 947 682 681 221 
3319 945 946 947 682 
3320 945 682 679 946 
3321 946 947 682 681 
3322 946 681 682 679 
3323 694 948 949 950 
3324 948 662 668 670 
3325 949 668 102 671 
3326 950 670 671 218 
3327 948 949 950 670 
3328 948 670 668 949 
3329 949 950 670 671 
3330 949 671 670 668 
3331 10 238 667 951 
3332 238 48 666 952 
3333 667 666 662 948 
3334 951 952 948 694 
3335 238 667 951 952 
3336 238 952 666 667 
3337 667 951 952 948 
3338 667 948 952 666 
3339 102 665 954 671 
3340 665 661 953 669 
3341 954 953 695 955 
3342 671 669 955 218 
3343 665 954 671 669 
3344 665 669 953 954 
3345 954 671 669 955 
3346 954 955 669 953 
3347 650 658 938 657 
3348 658 215 956 660 
3349 938 956 706 957 
3350 657 660 957 99 
3351 658 938 657 660 
3352 658 660 956 938 
3353 938 657 660 957 
3354 938 957 660 956 
3355 651 653 652 958 
3356 653 4 237 960 
3357 652 237 47 959 
3358 958 960 959 705 
3359 653 652 958 960 
3360 653 960 237 652 
3361 652 958 960 959 
3362 652 959 960 237 
3363 695 953 961 962 
3364 953 661 663 664 
3365 961 663 4 237 
3366 962 664 237 47 
3367 953 961 962 664 
3368 953 664 663 961 
3369 961 962 664 237 
3370 961 237 664 663 
3371 673 676 964 680 
3372 676 105 963 682 
3373 964 963 683 965 
3374 680 682 965 221 
3375 676 964 680 682 
3376 676 682 963 964 
3377 964 680 682 965 
3378 964 965 682 963 
3379 215 659 966 660 
3380 659 651 958 654 
3381 966 958 705 967 
3382 660 654 967 99 
3383 659 966 660 654 
3384 659 654 958 966 
3385 966 660 654 967 
3386 966 967 654 958 
3387 672 678 677 946 
3388 678 48 238 969 
3389 677 238 10 968 
3390 946 969 968 684 
3391 678 677 946 969 
3392 678 969 238 677 
3393 677 946 969 968 
3394 677 968 969 238 
3395 90 701 970 704 
3396 701 694 950 702 
3397 970 950 218 738 
3398 704 702 738 227 
3399 701 970 704 702 
3400 701 702 950 970 
3401 970 704 702 738 
3402 970 738 702 950 
3403 233 730 725 726 
3404 730 212 939 971 
3405 725 939 716 723 
3406 726 971 723 84 
3407 730 725 726 971 
3408 730 971 939 725 
3409 725 726 971 723 
3410 725 723 971 939 
3411 7 972 973 309 
3412 972 52 722 242 
3413 973 722 716 721 
3414 309 242 721 6 
3415 972 973 309 242 
3416 972 242 722 973 
3417 973 309 242 721 
3418 973 721 242 722 
3419 9 974 699 240 
3420 974 48 952 739 
3421 699 952 694 700 
3422 240 739 700 50 
3423 974 699 240 739 
3424 974 739 952 699 
3425 699 240 739 700 
3426 699 700 739 952 
3427 87 975 712 715 
3428 975 215 956 734 
3429 712 956 706 714 
3430 715 734 714 230 
3431 975 712 715 734 
3432 975 734 956 712 
3433 712 715 734 714 
3434 712 714 734 956 
3435 90 970 698 704 
3436 970 218 955 738 
3437 698 955 695 703 
3438 704 738 703 227 
3439 970 698 704 738 
3440 970 738 955 698 
3441 698 704 738 703 
3442 698 703 738 955 
3443 84 971 720 726 
3444 971 212 942 730 
3445 720 942 717 724 
3446 726 730 724 233 
3447 971 720 726 730 
3448 971 730 942 720 
3449 720 726 730 724 
3450 720 724 730 942 
3451 93 976 690 693 
3452 976 221 947 742 
3453 690 947 684 692 
3454 693 742 692 224 
3455 976 690 693 742 
3456 976 742 947 690 
3457 690 693 742 692 
3458 690 692 742 947 
3459 684 969 689 688 
3460 969 48 974 739 
3461 689 974 9 240 
3462 688 739 240 50 
3463 969 689 688 739 
3464 969 739 974 689 
3465 689 688 739 240 
3466 689 240 739 974 
3467 3 241 977 707 
3468 241 51 735 708 
3469 977 735 47 959 
3470 707 708 959 705 
3471 241 977 707 708 
3472 241 708 735 977 
3473 977 707 708 959 
3474 977 959 708 735 
3475 51 696 241 735 
3476 696 695 697 962 
3477 241 697 3 977 
3478 735 962 977 47 
3479 696 241 735 962 
3480 696 962 697 241 
3481 241 735 962 977 
3482 241 977 962 697 
3483 221 976 965 742 
3484 976 93 687 693 
3485 965 687 683 691 
3486 742 693 691 224 
3487 976 965 742 693 
3488 976 693 687 965 
3489 965 742 693 691 
3490 965 691 693 687 
3491 230 734 713 715 
3492 734 215 966 975 
3493 713 966 705 709 
3494 715 975 709 87 
3495 734 713 715 975 
3496 734 975 966 713 
3497 713 715 975 709 
3498 713 709 975 966 
3499 706 937 711 710 
3500 937 7 309 972 
3501 711 309 6 242 
3502 710 972 242 52 
3503 937 711 710 972 
3504 937 972 309 711 
3505 711 710 972 242 
3506 711 242 972 309 
3507 2 675 978 235 
3508 675 673 964 674 
3509 978 964 683 979 
3510 235 674 979 45 
3511 675 978 235 674 
3512 675 674 964 978 
3513 978 235 674 979 
3514 978 979 674 964 
3515 639 641 943 642 
3516 641 2 980 235 
3517 943 980 717 981 
3518 642 235 981 45 
3519 641 943 642 235 
3520 641 235 980 943 
3521 943 642 235 981 
3522 943 981 235 980 
3523 52 710 972 732 
3524 710 706 937 936 
3525 972 937 7 236 
3526 732 936 236 46 
3527 710 972 732 936 
3528 710 936 937 972 
3529 972 732 936 236 
3530 972 236 936 937 
3531 102 306 949 671 
3532 306 90 701 970 
3533 949 701 694 950 
3534 671 970 950 218 
3535 306 949 671 970 
3536 306 970 701 949 
3537 949 671 970 950 
3538 949 950 970 701 
3539 212 939 971 649 
3540 939 716 723 941 
3541 971 723 84 301 
3542 649 941 301 96 
3543 939 971 649 941 
3544 939 941 723 971 
3545 971 649 941 301 
3546 971 301 941 723 
3547 48 974 952 238 
3548 974 9 699 312 
3549 952 699 694 951 
3550 238 312 951 10 
3551 974 952 238 312 
3552 974 312 699 952 
3553 952 238 312 951 
3554 952 951 312 699 
3555 215 975 956 660 
3556 975 87 712 307 
3557 956 712 706 957 
3558 660 307 957 99 
3559 975 956 660 307 
3560 975 307 712 956 
3561 956 660 307 957 
3562 956 957 307 712 
3563 212 971 942 649 
3564 971 84 720 301 
3565 942 720 717 944 
3566 649 301 944 96 
3567 971 942 649 301 
3568 971 301 720 942 
3569 942 649 301 944 
3570 942 944 301 720 
3571 218 970 955 671 
3572 970 90 698 306 
3573 955 698 695 954 
3574 671 306 954 102 
3575 970 955 671 306 
3576 970 306 698 955 
3577 955 671 306 954 
3578 955 954 306 698 
3579 48 974 238 969 
3580 974 9 312 689 
3581 238 312 10 968 
3582 969 689 968 684 
3583 974 238 969 689 
3584 974 689 312 238 
3585 238 969 689 968 
3586 238 968 689 312 
3587 4 304 237 960 
3588 304 3 977 707 
3589 237 977 47 959 
3590 960 707 959 705 
3591 304 237 960 707 
3592 304 707 977 237 
3593 237 960 707 959 
3594 237 959 707 977 
3595 221 976 947 682 
3596 976 93 690 302 
3597 947 690 684 945 
3598 682 302 945 105 
3599 976 947 682 302 
3600 976 302 690 947 
3601 947 682 302 945 
3602 947 945 302 690 
3603 695 961 697 962 
3604 961 4 304 237 
3605 697 304 3 977 
3606 962 237 977 47 
3607 961 697 962 237 
3608 961 237 304 697 
3609 697 962 237 977 
3610 697 977 237 304 
3611 105 302 963 682 
3612 302 93 687 976 
3613 963 687 683 965 
3614 682 976 965 221 
3615 302 963 682 976 
3616 302 976 687 963 
3617 963 682 976 965 
3618 963 965 976 687 
3619 87 975 709 307 
3620 975 215 966 660 
3621 709 966 705 967 
3622 307 660 967 99 
3623 975 709 307 660 
3624 975 660 966 709 
3625 709 307 660 967 
3626 709 967 660 966 
3627 1 299 685 239 
3628 299 2 978 982 
3629 685 978 683 686 
3630 239 982 686 49 
3631 299 685 239 982 
3632 299 982 978 685 
3633 685 239 982 686 
3634 685 686 982 978 
3635 1 299 239 719 
3636 299 2 982 980 
3637 239 982 49 718 
3638 719 980 718 717 
3639 299 239 719 980 
3640 299 980 982 239 
3641 239 719 980 718 
3642 239 718 980 982 
3643 49 982 686 728 
3644 982 2 978 235 
3645 686 978 683 979 
3646 728 235 979 45 
3647 982 686 728 235 
3648 982 235 978 686 
3649 686 728 235 979 
3650 686 979 235 978 
3651 2 982 980 235 
3652 982 49 718 728 
3653 980 718 717 981 
3654 235 728 981 45 
3655 982 980 235 728 
3656 982 728 718 980 
3657 980 235 728 981 
3658 980 981 728 718 
3659 230 733 714 231 
3660 733 46 936 732 
3661 714 936 706 710 
3662 231 732 710 52 
3663 733 714 231 732 
3664 733 732 936 714 
3665 714 231 732 710 
3666 714 710 732 936 
3667 227 737 703 228 
3668 737 47 962 735 
3669 703 962 695 696 
3670 228 735 696 51 
3671 737 703 228 735 
3672 737 735 962 703 
3673 703 228 735 696 
3674 703 696 735 962 
3675 215 214 956 734 
3676 214 46 936 733 
3677 956 936 706 714 
3678 734 733 714 230 
3679 214 956 734 733 
3680 214 733 936 956 
3681 956 734 733 714 
3682 956 714 733 936 
3683 706 936 956 938 
3684 936 46 214 656 
3685 956 214 215 658 
3686 938 656 658 650 
3687 936 956 938 656 
3688 936 656 214 956 
3689 956 938 656 658 
3690 956 658 656 214 
3691 218 217 955 738 
3692 217 47 962 737 
3693 955 962 695 703 
3694 738 737 703 227 
3695 217 955 738 737 
3696 217 737 962 955 
3697 955 738 737 703 
3698 955 703 737 962 
3699 695 962 955 953 
3700 962 47 217 664 
3701 955 217 218 669 
3702 953 664 669 661 
3703 962 955 953 664 
3704 962 664 217 955 
3705 955 953 664 669 
3706 955 669 664 217 
3707 7 973 308 309 
3708 973 716 723 721 
3709 308 723 84 85 
3710 309 721 85 6 
3711 973 308 309 721 
3712 973 721 723 308 
3713 308 309 721 85 
3714 308 85 721 723 
3715 45 981 729 728 
3716 981 717 724 718 
3717 729 724 233 234 
3718 728 718 234 49 
3719 981 729 728 718 
3720 981 718 724 729 
3721 729 728 718 234 
3722 729 234 718 724 
3723 684 692 969 688 
3724 692 224 741 225 
3725 969 741 48 739 
3726 688 225 739 50 
3727 692 969 688 225 
3728 692 225 741 969 
3729 969 688 225 739 
3730 969 739 225 741 
3731 52 731 722 232 
3732 731 212 939 730 
3733 722 939 716 725 
3734 232 730 725 233 
3735 731 722 232 730 
3736 731 730 939 722 
3737 722 232 730 725 
3738 722 725 730 939 
3739 52 722 731 935 
3740 722 716 939 940 
3741 731 939 212 648 
3742 935 940 648 640 
3743 722 731 935 940 
3744 722 940 939 731 
3745 731 935 940 648 
3746 731 648 940 939 
3747 87 303 709 88 
3748 303 4 960 304 
3749 709 960 705 707 
3750 88 304 707 3 
3751 303 709 88 304 
3752 303 304 960 709 
3753 709 88 304 707 
3754 709 707 304 960 
3755 10 951 311 312 
3756 951 694 701 699 
3757 311 701 90 91 
3758 312 699 91 9 
3759 951 311 312 699 
3760 951 699 701 311 
3761 311 312 699 91 
3762 311 91 699 701 
3763 93 298 687 94 
3764 298 2 978 299 
3765 687 978 683 685 
3766 94 299 685 1 
3767 298 687 94 299 
3768 298 299 978 687 
3769 687 94 299 685 
3770 687 685 299 978 
3771 683 686 965 691 
3772 686 49 727 223 
3773 965 727 221 742 
3774 691 223 742 224 
3775 686 965 691 223 
3776 686 223 727 965 
3777 965 691 223 742 
3778 965 742 223 727 
3779 50 740 700 226 
3780 740 218 950 738 
3781 700 950 694 702 
3782 226 738 702 227 
3783 740 700 226 738 
3784 740 738 950 700 
3785 700 226 738 702 
3786 700 702 738 950 
3787 51 736 708 229 
3788 736 215 966 734 
3789 708 966 705 713 
3790 229 734 713 230 
3791 736 708 229 734 
3792 736 734 966 708 
3793 708 229 734 713 
3794 708 713 734 966 
3795 1 300 719 83 
3796 300 96 944 301 
3797 719 944 717 720 
3798 83 301 720 84 
3799 300 719 83 301 
3800 300 301 944 719 
3801 719 83 301 720 
3802 719 720 301 944 
3803 105 945 313 302 
3804 945 684 689 690 
3805 313 689 9 92 
3806 302 690 92 93 
3807 945 313 302 690 
3808 945 690 689 313 
3809 313 302 690 92 
3810 313 92 690 689 
3811 102 103 949 306 
3812 103 10 951 311 
3813 949 951 694 701 
3814 306 311 701 90 
3815 103 949 306 311 
3816 103 311 951 949 
3817 949 306 311 701 
3818 949 701 311 951 
3819 102 949 103 668 
3820 949 694 951 948 
3821 103 951 10 667 
3822 668 948 667 662 
3823 949 103 668 948 
3824 949 948 951 103 
3825 103 668 948 667 
3826 103 667 948 951 
3827 99 100 967 307 
3828 100 4 960 303 
3829 967 960 705 709 
3830 307 303 709 87 
3831 100 967 307 303 
3832 100 303 960 967 
3833 967 307 303 709 
3834 967 709 303 960 
3835 99 967 100 654 
3836 967 705 960 958 
3837 100 960 4 653 
3838 654 958 653 651 
3839 967 100 654 958 
3840 967 958 960 100 
3841 100 654 958 653 
3842 100 653 958 960 
3843 6 310 711 86 
3844 310 99 957 307 
3845 711 957 706 712 
3846 86 307 712 87 
3847 310 711 86 307 
3848 310 307 957 711 
3849 711 86 307 712 
3850 711 712 307 957 
3851 3 305 697 89 
3852 305 102 954 306 
3853 697 954 695 698 
3854 89 306 698 90 
3855 305 697 89 306 
3856 305 306 954 697 
3857 697 89 306 698 
3858 697 698 306 954 
3859 105 106 963 302 
3860 106 2 978 298 
3861 963 978 683 687 
3862 302 298 687 93 
3863 106 963 302 298 
3864 106 298 978 963 
3865 963 302 298 687 
3866 963 687 298 978 
3867 105 963 106 676 
3868 963 683 978 964 
3869 106 978 2 675 
3870 676 964 675 673 
3871 963 106 676 964 
3872 963 964 978 106 
3873 106 676 964 675 
3874 106 675 964 978 
3875 7 937 98 655 
3876 937 706 957 938 
3877 98 957 99 657 
3878 655 938 657 650 
3879 937 98 655 938 
3880 937 938 957 98 
3881 98 655 938 657 
3882 98 657 938 957 
3883 7 98 937 309 
3884 98 99 957 310 
3885 937 957 706 711 
3886 309 310 711 6 
3887 98 937 309 310 
3888 98 310 957 937 
3889 937 309 310 711 
3890 937 711 310 957 
3891 47 959 216 652 
3892 959 705 966 958 
3893 216 966 215 659 
3894 652 958 659 651 
3895 959 216 652 958 
3896 959 958 966 216 
3897 216 652 958 659 
3898 216 659 958 966 
3899 215 966 216 736 
3900 966 705 959 708 
3901 216 959 47 735 
3902 736 708 735 51 
3903 966 216 736 708 
3904 966 708 959 216 
3905 216 736 708 735 
3906 216 735 708 959 
3907 683 979 965 686 
3908 979 45 222 728 
3909 965 222 221 727 
3910 686 728 727 49 
3911 979 965 686 728 
3912 979 728 222 965 
3913 965 686 728 727 
3914 965 727 728 222 
3915 221 222 965 680 
3916 222 45 979 674 
3917 965 979 683 964 
3918 680 674 964 673 
3919 222 965 680 674 
3920 222 674 979 965 
3921 965 680 674 964 
3922 965 964 674 979 
3923 221 947 220 681 
3924 947 684 969 946 
3925 220 969 48 678 
3926 681 946 678 672 
3927 947 220 681 946 
3928 947 946 969 220 
3929 220 681 946 678 
3930 220 678 946 969 
3931 48 969 220 741 
3932 969 684 947 692 
3933 220 947 221 742 
3934 741 692 742 224 
3935 969 220 741 692 
3936 969 692 947 220 
3937 220 741 692 742 
3938 220 742 692 947 
3939 48 952 219 666 
3940 952 694 950 948 
3941 219 950 218 670 
3942 666 948 670 662 
3943 952 219 666 948 
3944 952 948 950 219 
3945 219 666 948 670 
3946 219 670 948 950 
3947 218 950 219 740 
3948 950 694 952 700 
3949 219 952 48 739 
3950 740 700 739 50 
3951 950 219 740 700 
3952 950 700 952 219 
3953 219 740 700 739 
3954 219 739 700 952 
3955 717 942 981 724 
3956 942 212 211 730 
3957 981 211 45 729 
3958 724 730 729 233 
3959 942 981 724 730 
3960 942 730 211 981 
3961 981 724 730 729 
3962 981 729 730 211 
3963 717 981 942 943 
3964 981 45 211 642 
3965 942 211 212 647 
3966 943 642 647 639 
3967 981 942 943 642 
3968 981 642 211 942 
3969 942 943 642 647 
3970 942 647 642 211 
3971 640 935 645 644 
3972 935 52 972 732 
3973 645 972 7 236 
3974 644 732 236 46 
3975 935 645 644 732 
3976 935 732 972 645 
3977 645 644 732 236 
3978 645 236 732 972 
3979 640 645 935 940 
3980 645 7 972 973 
3981 935 972 52 722 
3982 940 973 722 716 
3983 645 935 940 973 
3984 645 973 972 935 
3985 935 940 973 722 
3986 935 722 973 972 
3987 695 961 954 697 
3988 961 4 101 304 
3989 954 101 102 305 
3990 697 304 305 3 
3991 961 954 697 304 
3992 961 304 101 954 
3993 954 697 304 305 
3994 954 305 304 101 
3995 695 954 961 953 
3996 954 102 101 665 
3997 961 101 4 663 
3998 953 665 663 661 
3999 954 961 953 665 
4000 954 665 101 961 
4001 961 953 665 663 
4002 961 663 665 101 
4003 96 941 97 646 
4004 941 716 973 940 
4005 97 973 7 645 
4006 646 940 645 640 
4007 941 97 646 940 
4008 941 940 973 97 
4009 97 646 940 645 
4010 97 645 940 973 
4011 96 97 941 301 
4012 97 7 973 308 
4013 941 973 716 723 
4014 301 308 723 84 
4015 97 941 301 308 
4016 97 308 973 941 
4017 941 301 308 723 
4018 941 723 308 973 
4019 10 968 104 677 
4020 968 684 945 946 
4021 104 945 105 679 
4022 677 946 679 672 
4023 968 104 677 946 
4024 968 946 945 104 
4025 104 677 946 679 
4026 104 679 946 945 
4027 105 945 104 313 
4028 945 684 968 689 
4029 104 968 10 312 
4030 313 689 312 9 
4031 945 104 313 689 
4032 945 689 968 104 
4033 104 313 689 312 
4034 104 312 689 968 
4035 2 980 95 641 
4036 980 717 944 943 
4037 95 944 96 643 
4038 641 943 643 639 
4039 980 95 641 943 
4040 980 943 944 95 
4041 95 641 943 643 
4042 95 643 943 944 
4043 2 95 980 299 
4044 95 96 944 300 
4045 980 944 717 719 
4046 299 300 719 1 
4047 95 980 299 300 
4048 95 300 944 980 
4049 980 299 300 719 
4050 980 719 300 944 
$EndElements
