$MeshFormat
4.1 0 8
$EndMeshFormat
$PhysicalNames
5
2 1 "Patch1"
2 2 "Patch2"
2 3 "Wall"
2 4 "Bottom"
3 5 "Domain"
$EndPhysicalNames
$Entities
3 4 5 1
1 1 0 0 0 
3 1 0 -1 0 
4 0.6 0 0 0 
1 -1.0000001 -1.0000001 -1e-07 1.0000001 1.0000001 1e-07 0 2 1 -1 
10 -0.6000000999999999 -0.6000000999999999 -1e-07 0.6000000999999999 0.6000000999999999 1e-07 0 2 4 -4 
11 0.9999999000000001 -1e-07 -1.0000001 1.0000001 1e-07 9.999999994736442e-08 0 2 1 -3 
12 -1.0000001 -1.0000001 -1.0000001 1.0000001 1.0000001 -0.9999999000000001 0 2 3 -3 
1 -1.0000001 -1.0000001 -1e-07 1.0000001 1.0000001 1e-07 0 1 1 
2 -1.0000001 -1.0000001 -1.0000001 1.0000001 1.0000001 9.999999994736442e-08 1 3 4 11 12 -11 -1 
3 -1.0000001 -1.0000001 -1.0000001 1.0000001 1.0000001 -0.9999999000000001 1 4 1 12 
4 -1.0000001 -1.0000001 -1e-07 1.0000001 1.0000001 1e-07 1 2 2 1 -10 
5 -0.6000000999999999 -0.6000000999999999 -1e-07 0.6000000999999999 0.6000000999999999 1e-07 1 1 1 10 
1 -1.0000001 -1.0000001 -1.0000001 1.0000001 1.0000001 9.999999994736442e-08 1 5 3 2 1 -3 
$EndEntities
$Nodes
13 2293 1 2293
0 1 0 1
1
1 0 0
0 3 0 1
2
1 0 -1
0 4 0 1
3
0.6 0 0
1 1 0 52
4
5
6
7
8
9
10
11
12
13
14
15
16
17
18
19
20
21
22
23
24
25
26
27
28
29
30
31
32
33
34
35
36
37
38
39
40
41
42
43
44
45
46
47
48
49
50
51
52
53
54
55
0.9929810960135169 0.1182731709213659 0
0.9720229140804107 0.2348860457809838 0
0.9374196611341209 0.3482016354343989 0
0.8896570909947472 0.4566292373937132 0
0.8294056854502017 0.5586467658036526 0
0.7575112421616199 0.6528221181905218 0
0.6749830015182103 0.7378332790417275 0
0.5829794791144719 0.8124868780056814 0
0.4827922027307446 0.875734942195637 0
0.3758275821142378 0.9266896074318336 0
0.2635871660690674 0.9646355819083587 0
0.1476465640024809 0.989040187322164 0
0.02963332782255945 0.9995608365087943 0
-0.08879589532293522 0.9960498426152169 0
-0.2059786187410987 0.9785564922995039 0
-0.3202698538628381 0.9473263538541913 0
-0.430065202276521 0.9027978299657433 0
-0.5338233779647918 0.8455960035018253 0
-0.6300878435817128 0.7765238627180411 0
-0.7175072570443328 0.6965510290629953 0
-0.794854441413355 0.6068001458185911 0
-0.8610436117673573 0.5085311186492174 0
-0.9151456172430201 0.4031234292879686 0
-0.9564009842765239 0.2920567706369712 0
-0.9842305779475977 0.1768902751225679 0
-0.9982437317643217 0.05924062789370882 0
-0.998243731764321 -0.05924062789372055 0
-0.9842305779475956 -0.1768902751225795 0
-0.9564009842765203 -0.2920567706369829 0
-0.9151456172430154 -0.4031234292879793 0
-0.8610436117673513 -0.5085311186492275 0
-0.7948544414133478 -0.6068001458186004 0
-0.7175072570443251 -0.6965510290630034 0
-0.630087843581704 -0.7765238627180482 0
-0.5338233779647834 -0.8455960035018306 0
-0.4300652022765132 -0.902797829965747 0
-0.3202698538628305 -0.9473263538541938 0
-0.2059786187410907 -0.9785564922995056 0
-0.0887958953229275 -0.9960498426152176 0
0.02963332782256652 -0.9995608365087941 0
0.1476465640024874 -0.989040187322163 0
0.2635871660690723 -0.9646355819083574 0
0.3758275821142421 -0.9266896074318318 0
0.4827922027307489 -0.8757349421956345 0
0.5829794791144753 -0.8124868780056789 0
0.6749830015182132 -0.7378332790417249 0
0.757511242161622 -0.6528221181905194 0
0.8294056854502032 -0.5586467658036505 0
0.8896570909947482 -0.4566292373937114 0
0.9374196611341213 -0.3482016354343975 0
0.972022914080411 -0.2348860457809829 0
0.992981096013517 -0.1182731709213655 0
1 10 0 31
56
57
58
59
60
61
62
63
64
65
66
67
68
69
70
71
72
73
74
75
76
77
78
79
80
81
82
83
84
85
86
0.5884711682419382 0.1170541932096769 0
0.5543277195067721 0.2296100594190537 0
0.4988817673815272 0.3333421398117613 0
0.4242640687119287 0.4242640687119283 0
0.3333421398117617 0.4988817673815269 0
0.2296100594190543 0.5543277195067718 0
0.1170541932096776 0.5884711682419381 0
8.360999817045332e-16 0.6 0
-0.1170541932096759 0.5884711682419385 0
-0.2296100594190526 0.5543277195067725 0
-0.3333421398117603 0.4988817673815278 0
-0.424264068711928 0.4242640687119291 0
-0.4988817673815267 0.333342139811762 0
-0.5543277195067718 0.2296100594190544 0
-0.5884711682419381 0.1170541932096777 0
-0.6 6.063858597689163e-16 0
-0.5884711682419383 -0.1170541932096762 0
-0.5543277195067724 -0.229610059419053 0
-0.4988817673815277 -0.3333421398117605 0
-0.4242640687119295 -0.4242640687119275 0
-0.3333421398117626 -0.4988817673815262 0
-0.2296100594190552 -0.5543277195067715 0
-0.1170541932096782 -0.588471168241938 0
-1.176032315563412e-15 -0.6 0
0.1170541932096759 -0.5884711682419385 0
0.229610059419053 -0.5543277195067724 0
0.3333421398117607 -0.4988817673815276 0
0.4242640687119281 -0.424264068711929 0
0.4988817673815268 -0.3333421398117618 0
0.5543277195067718 -0.2296100594190542 0
0.5884711682419381 -0.1170541932096772 0
1 11 0 8
87
88
89
90
91
92
93
94
1 0 -0.1111111111111111
1 0 -0.2222222222222221
1 0 -0.3333333333333331
1 0 -0.4444444444444442
1 0 -0.5555555555555552
1 0 -0.6666666666666663
1 0 -0.7777777777777773
1 0 -0.8888888888888884
1 12 0 52
95
96
97
98
99
100
101
102
103
104
105
106
107
108
109
110
111
112
113
114
115
116
117
118
119
120
121
122
123
124
125
126
127
128
129
130
131
132
133
134
135
136
137
138
139
140
141
142
143
144
145
146
0.9929810960135169 0.1182731709213659 -1
0.9720229140804107 0.2348860457809838 -1
0.9374196611341209 0.3482016354343989 -1
0.8896570909947472 0.4566292373937132 -1
0.8294056854502017 0.5586467658036526 -1
0.7575112421616199 0.6528221181905218 -1
0.6749830015182103 0.7378332790417275 -1
0.5829794791144719 0.8124868780056814 -1
0.4827922027307446 0.875734942195637 -1
0.3758275821142378 0.9266896074318336 -1
0.2635871660690674 0.9646355819083587 -1
0.1476465640024809 0.989040187322164 -1
0.02963332782255945 0.9995608365087943 -1
-0.08879589532293522 0.9960498426152169 -1
-0.2059786187410987 0.9785564922995039 -1
-0.3202698538628381 0.9473263538541913 -1
-0.430065202276521 0.9027978299657433 -1
-0.5338233779647918 0.8455960035018253 -1
-0.6300878435817128 0.7765238627180411 -1
-0.7175072570443328 0.6965510290629953 -1
-0.794854441413355 0.6068001458185911 -1
-0.8610436117673573 0.5085311186492174 -1
-0.9151456172430201 0.4031234292879686 -1
-0.9564009842765239 0.2920567706369712 -1
-0.9842305779475977 0.1768902751225679 -1
-0.9982437317643217 0.05924062789370882 -1
-0.998243731764321 -0.05924062789372055 -1
-0.9842305779475956 -0.1768902751225795 -1
-0.9564009842765203 -0.2920567706369829 -1
-0.9151456172430154 -0.4031234292879793 -1
-0.8610436117673513 -0.5085311186492275 -1
-0.7948544414133478 -0.6068001458186004 -1
-0.7175072570443251 -0.6965510290630034 -1
-0.630087843581704 -0.7765238627180482 -1
-0.5338233779647834 -0.8455960035018306 -1
-0.4300652022765132 -0.902797829965747 -1
-0.3202698538628305 -0.9473263538541938 -1
-0.2059786187410907 -0.9785564922995056 -1
-0.0887958953229275 -0.9960498426152176 -1
0.02963332782256652 -0.9995608365087941 -1
0.1476465640024874 -0.989040187322163 -1
0.2635871660690723 -0.9646355819083574 -1
0.3758275821142421 -0.9266896074318318 -1
0.4827922027307489 -0.8757349421956345 -1
0.5829794791144753 -0.8124868780056789 -1
0.6749830015182132 -0.7378332790417249 -1
0.757511242161622 -0.6528221181905194 -1
0.8294056854502032 -0.5586467658036505 -1
0.8896570909947482 -0.4566292373937114 -1
0.9374196611341213 -0.3482016354343975 -1
0.972022914080411 -0.2348860457809829 -1
0.992981096013517 -0.1182731709213655 -1
2 1 0 244
147
148
149
150
151
152
153
154
155
156
157
158
159
160
161
162
163
164
165
166
167
168
169
170
171
172
173
174
175
176
177
178
179
180
181
182
183
184
185
186
187
188
189
190
191
192
193
194
195
196
197
198
199
200
201
202
203
204
205
206
207
208
209
210
211
212
213
214
215
216
217
218
219
220
221
222
223
224
225
226
227
228
229
230
231
232
233
234
235
236
237
238
239
240
241
242
243
244
245
246
247
248
249
250
251
252
253
254
255
256
257
258
259
260
261
262
263
264
265
266
267
268
269
270
271
272
273
274
275
276
277
278
279
280
281
282
283
284
285
286
287
288
289
290
291
292
293
294
295
296
297
298
299
300
301
302
303
304
305
306
307
308
309
310
311
312
313
314
315
316
317
318
319
320
321
322
323
324
325
326
327
328
329
330
331
332
333
334
335
336
337
338
339
340
341
342
343
344
345
346
347
348
349
350
351
352
353
354
355
356
357
358
359
360
361
362
363
364
365
366
367
368
369
370
371
372
373
374
375
376
377
378
379
380
381
382
383
384
385
386
387
388
389
390
0.0801268027116273 -0.8879101922449306 0
-0.02329670154137481 0.9021093481295547 0
0.8994590276079221 0.05427263819916597 0
-0.8930103461494333 -0.09622605530421668 0
-0.6752709566261973 0.5846384996357462 0
-0.5259991330643911 -0.720638809447793 0
0.6343138469966741 -0.6358225888398353 0
0.648850308984073 0.6156548148380919 0
-0.7411002794181608 -0.4977188049122485 0
0.8135500775591065 -0.3715294817559384 0
0.3851818578866171 -0.8085781960536743 0
0.2755717092151788 0.8512057221530411 0
-0.4324060552600346 0.7843397007374131 0
-0.2247448133530951 -0.8818261090887605 0
-0.8705786703317608 0.210372387783621 0
0.8268037305531504 0.3676292959132427 0
-0.8470918631486805 -0.3218042993585536 0
0.8941468739401512 -0.156377037438826 0
0.4781114105939179 0.7573461836163787 0
-0.803196526191156 0.4046027806642086 0
-0.2345526806385123 0.8597277464592866 0
0.2800196693239611 -0.8611221939786026 0
0.286308795397977 -0.7471909788320513 0
0.3916170168114774 -0.6914968130172308 0
0.2936478656237499 -0.6270523327953458 0
0.3993609821302186 -0.5729518514500543 0
0.3002659895886863 -0.5083372298968551 0
0.1947785238361695 -0.5621620913114294 0
0.2010695261353805 -0.4436790369060372 0
0.3066122557397319 -0.3899180760785661 0
0.2072697992980433 -0.3253645565496134 0
0.1017042994435002 -0.3791472031978157 0
0.1079087633738569 -0.2608284642474514 0
0.2134780645057234 -0.2070425697667103 0
0.114114311010894 -0.1425089414965751 0
0.008544835010623234 -0.1962949820941109 0
0.01474966431728342 -0.07797618629967548 0
0.1203190212062947 -0.02419026777658667 0
0.02095439690702353 0.04034251043161997 0
-0.08461494085320793 -0.01344338857386491 0
-0.07841022225458601 0.1048752938475294 0
0.126523737654841 0.09412841250411785 0
-0.1839795606701045 0.05108939415882167 0
-0.1777748460242525 0.1694080725304954 0
-0.2833441836960423 0.1156221736038894 0
-0.289548897707833 -0.00269650411823733 0
-0.2771394695625014 0.2339408514506863 0
-0.171570131913623 0.2877267503538016 0
0.2258883620756918 0.02959563442759838 0
0.2320930763587018 0.1479143124856103 0
0.3314577002741873 0.08338153395846122 0
0.3376624142767859 0.2017002116729877 0
0.2382977906343468 0.2662329904877078 0
-0.3889135212479607 0.06183627480005476 0
-0.3951182352398045 -0.05648240290155857 0
0.4370270379773057 0.1371674329218524 0
0.4308223239635554 0.01884875519004741 0
-0.2709347555307338 0.3522595291932031 0
-0.1653654178831643 0.4060454280941692 0
-0.3765040931851468 0.2984736302843569 0
0.3438671283300698 0.320018889437983 0
0.2445025046961389 0.384551668261116 0
-0.4944828588622743 0.008050375932304404 0
-0.5006875728645227 -0.1102683017799611 0
-0.4013229492212932 -0.1748010805925412 0
-0.3702993791736036 0.4167923080061462 0
-0.5003748995445236 -0.228928755831067 0
-0.406441432003733 -0.2931767210285196 0
0.5363916616213407 0.07263465410819295 0
0.530186947613298 -0.04568402360592553 0
0.3500718423561587 0.4383375671732747 0
0.2507072187176984 0.5028703459914616 0
0.4494364659986689 0.3738047883594441 0
-0.4758687168242111 0.3630064091012005 0
-0.3017772870366872 -0.2393433531877382 0
-0.307951827954675 -0.3576636132030601 0
-0.4135161367568037 -0.4114497758240167 0
-0.3142965115720505 -0.475974950817135 0
-0.2087513403311174 -0.4221877846089093 0
-0.2149834103425197 -0.5405050277593695 0
0.1451378810666865 0.4490844470889526 0
0.1513425950800712 0.5674031248105318 0
-0.600052196502445 -0.04573552296194553 0
-0.5938474824934497 0.07258315475723609 0
0.6357562852643573 0.008101875296345654 0
0.6295515712543134 -0.1102168024214053 0
0.5239822336050096 -0.1640027013243911 0
0.6419609992746591 0.1264205530145667 0
-0.4694477751934071 0.4813137476928299 0
-0.3640586272278182 0.5351090958705499 0
-0.3205573073268712 -0.5942906875695413 0
-0.1094226575940986 -0.4867186790675346 0
-0.1156333639199491 -0.6050370422019191 0
0.04577325742764908 0.5136172259068679 0
0.0519779714388272 0.6319359036257782 0
-0.05359136621245578 0.5781500047229173 0
0.0395685434169756 0.3952985481886516 0
0.6233429455482437 -0.2285278023807148 0
0.517776854059125 -0.2823201323979598 0
-0.6990049355368366 0.01943145694618237 0
0.6167814542891829 -0.3468263230561071 0
0.2565600046298624 0.6206471409061302 0
0.4553560610671666 0.4916844529598452 0
0.5546731648848414 0.4270785052917497 0
-0.5717864608037482 0.4267371011584193 0
-0.5808635745304224 0.3090868290708206 0
-0.04926036213960343 0.6935836295089345 0
-0.1532682748454202 0.6422019413817406 0
-0.7077480186793369 -0.1105448970960609 0
-0.6895208285627061 0.1370316605033559 0
0.5115192711064473 -0.4006620596038023 0
-0.01006672790868969 -0.5512512275173981 0
-0.01627206410704984 -0.6695697896029981 0
0.4184127771034172 -0.2177884409031571 0
-0.1032193738216802 -0.3683999272376318 0
0.5487456498486346 0.3091866458856405 0
-0.4655529445894119 0.595913564579937 0
0.05077400973649048 0.7409293240226905 0
0.7351209089058243 -0.0564309035183146 0
-0.1197519283854438 -0.7201372454787068 0
-0.3666057052684651 0.6715810825534472 0
0.6491601558717522 0.3560136096394599 0
0.6077194748122409 -0.4596608802897763 0
-0.8046319313173538 0.09829808583373376 0
0.665732506708347 0.4782805600389718 0
-0.02169000499159107 -0.7913982789180393 0
0.08309074098018267 -0.7341023300903586 0
0.5115332659592714 -0.6335366842780302 0
-0.1467512758431727 0.7610014612566153 0
0.1848879071503292 -0.8029782576711414 0
-0.6869901382961396 0.3870152710289143 0
0.5041585292998684 -0.5122265118764046 0
0.1887313854054577 -0.6812902549774777 0
0.4056875213831866 -0.4533672007903673 0
0.09548666050835282 -0.4974927027589091 0
0.3128382115960396 -0.2715794900908743 0
0.2196835029353751 -0.08872318495998494 0
0.002341619685984188 -0.3146139191793025 0
0.3252529619530583 -0.03493716755068536 0
-0.09081967793410704 -0.1317620899246323 0
-0.2484690009398607 0.7159956538465455 0
-0.2593820589454195 0.593305014397029 0
-0.06600079424116694 0.3415126492795243 0
-0.1593555399390951 0.5250186537518663 0
0.02715911441905989 0.158661191745935 0
-0.05982855290520956 0.4599404183239994 0
0.03336382924280122 0.2769798703015693 0
-0.1901842794416837 -0.06722928843883619 0
-0.1963588203585468 -0.1855495484590241 0
0.1327284525615124 0.2124470911497951 0
-0.09701751989126042 -0.250081184184582 0
-0.6788471747524857 0.2571638925322209 0
-0.5868880323984973 0.1909936283387616 0
-0.07220550846196122 0.2231939713431424 0
0.646556564773717 0.2423779944197247 0
-0.4881523555039044 0.1263843529636356 0
0.5423189442481011 0.1905455651660147 0
0.7645577794347891 0.1799864656834515 0
0.7413256229161929 0.06188777420002457 0
-0.3826878423378811 0.1801575024143596 0
0.1559019470202434 0.6835353963672712 0
0.149470900549561 0.8070016565607482 0
-0.2192337967786018 -0.6557940561312077 0
-0.3272653621720536 -0.7162744396880134 0
-0.4261841922211738 -0.6503125412424874 0
-0.4199061084073863 -0.5300252828575871 0
-0.5192605109970889 -0.4652709197469018 0
-0.5224496976008299 -0.5885023295327539 0
-0.6196675699885152 -0.5299068582239044 0
-0.6186663385236251 -0.400691556113535 0
-0.7398870578567555 -0.3715559755734538 0
-0.6716767328702224 -0.2944109611701213 0
-0.2957184115009747 -0.1210170296163226 0
0.1389331669364102 0.3307657692462986 0
-0.5940943932137864 -0.1641917080997826 0
0.7224851005898709 -0.1765009510035661 0
-0.4818274357966771 0.2446837253621891 0
0.3561703818629818 0.5564927622413858 0
0.4604729160848871 0.6147736561690279 0
-0.2648992964499723 0.4714216715521606 0
0.4431762734465943 0.2554039222406537 0
-0.5052694364007124 -0.3473235441614554 0
0.3641984474783813 0.6780418375603631 0
-0.2025358397649492 -0.3038696836418622 0
0.4246175861222488 -0.09946989993413156 0
0.319047184035977 -0.1532567922009239 0
-0.003862696614438553 -0.4329372764930985 0
0.4121411484979913 -0.3359392333107878 0
0.08929141978573718 -0.6159780660430951 0
0.7190992527293112 -0.2977174672573187 0
-0.5666948287567285 0.5399708399044673 0
-0.5811547037921794 0.6634535696301398 0
0.7099482854103901 -0.412024329131875 0
0.7029720532139572 -0.5342111619353781 0
0.5574598001957708 0.5469389113228508 0
0.2610050781354092 0.7362564045912922 0
-0.7990824105559279 -0.03095263345573876 0
-0.1256505578749256 -0.8297786895937015 0
-0.6146924366519019 -0.654420665596528 0
0.4883651868045105 -0.7547671508167203 0
-0.04063716608272344 -0.9032039017739603 0
-0.3280116278276818 0.8009223889375652 0
0.8287720978917749 -0.2486704208505839 0
-0.8980904730610085 0.0194978538746561 0
0.3729177383779783 0.8042124495914241 0
0.5616515628827438 0.6792460981668922 0
-0.1252998949839551 0.8824869888876611 0
-0.7534219452464841 0.5074678657031136 0
0.9011660721713287 -0.05824429491699126 0
-0.8766585099227658 -0.2078670220561744 0
-0.767379161345179 -0.2212511535422165 0
-0.3307095861371835 -0.8364549628521062 0
-0.845564589447646 0.304850521747384 0
0.7795636129518865 0.4675306894147952 0
0.08763942484440035 0.9049995541574954 0
0.8852558656924052 0.1616886494562576 0
0.8552573109255537 0.2630354165573836 0
-0.4290078089726831 -0.7786790977829963 0
0.7462874152364455 0.2955823859374835 0
0.5784349560786289 -0.7148893161963978 0
-0.2211994624038088 -0.7678958759031217 0
-0.696231484073028 -0.5966998967962235 0
-0.0524241978166367 0.7974770425657889 0
0.7362126712512257 0.5545869896572067 0
-0.7726540688848768 0.2109767470582366 0
-0.6508328659458595 0.4891659154861321 0
0.1847831529361377 0.9033765404203615 0
0.7891066385256811 -0.4666081952041107 0
0.8166175076886252 -0.002867371906313399 0
-0.4730521629765063 0.6954419287172129 0
-0.8053202654048222 -0.1311980197605699 0
-0.8224268049233732 -0.4221223306660885 0
-0.9098381290923471 0.1157078506165032 0
-0.7574504995144609 0.3129218426061929 0
0.1910247454469035 -0.9047939390281704 0
-0.5373215628969262 0.7540564208095567 0
0.8176660016220668 0.1039336273883674 0
0.8043700566944719 -0.1184735087644899 0
0.5888060735387358 -0.552097871333337 0
-0.1371614102749525 -0.9178830070742291 0
-0.5790964183156956 -0.2815711893702001 0
0.7345974462593432 0.3915424437575011 0
-0.6756599912924917 -0.2085818683791332 0
0.04243268715448806 0.8305033850872556 0
2 2 0 479
391
392
393
394
395
396
397
398
399
400
401
402
403
404
405
406
407
408
409
410
411
412
413
414
415
416
417
418
419
420
421
422
423
424
425
426
427
428
429
430
431
432
433
434
435
436
437
438
439
440
441
442
443
444
445
446
447
448
449
450
451
452
453
454
455
456
457
458
459
460
461
462
463
464
465
466
467
468
469
470
471
472
473
474
475
476
477
478
479
480
481
482
483
484
485
486
487
488
489
490
491
492
493
494
495
496
497
498
499
500
501
502
503
504
505
506
507
508
509
510
511
512
513
514
515
516
517
518
519
520
521
522
523
524
525
526
527
528
529
530
531
532
533
534
535
536
537
538
539
540
541
542
543
544
545
546
547
548
549
550
551
552
553
554
555
556
557
558
559
560
561
562
563
564
565
566
567
568
569
570
571
572
573
574
575
576
577
578
579
580
581
582
583
584
585
586
587
588
589
590
591
592
593
594
595
596
597
598
599
600
601
602
603
604
605
606
607
608
609
610
611
612
613
614
615
616
617
618
619
620
621
622
623
624
625
626
627
628
629
630
631
632
633
634
635
636
637
638
639
640
641
642
643
644
645
646
647
648
649
650
651
652
653
654
655
656
657
658
659
660
661
662
663
664
665
666
667
668
669
670
671
672
673
674
675
676
677
678
679
680
681
682
683
684
685
686
687
688
689
690
691
692
693
694
695
696
697
698
699
700
701
702
703
704
705
706
707
708
709
710
711
712
713
714
715
716
717
718
719
720
721
722
723
724
725
726
727
728
729
730
731
732
733
734
735
736
737
738
739
740
741
742
743
744
745
746
747
748
749
750
751
752
753
754
755
756
757
758
759
760
761
762
763
764
765
766
767
768
769
770
771
772
773
774
775
776
777
778
779
780
781
782
783
784
785
786
787
788
789
790
791
792
793
794
795
796
797
798
799
800
801
802
803
804
805
806
807
808
809
810
811
812
813
814
815
816
817
818
819
820
821
822
823
824
825
826
827
828
829
830
831
832
833
834
835
836
837
838
839
840
841
842
843
844
845
846
847
848
849
850
851
852
853
854
855
856
857
858
859
860
861
862
863
864
865
866
867
868
869
0.9953703703703703 -0.09611360875938327 -0.4999999999999997
0.9953703703703703 0.09611360875938277 -0.4999999999999997
0.208830088537473 -0.9779519385539512 -0.09919961628545301
0.718084161222838 -0.6959562754950149 -0.89733557772781
-0.5825455525679631 -0.8127980555976291 -0.8967550986483209
-0.2621834752962985 -0.9650180440186366 -0.1006862548144906
0.3201847052640304 0.9473551364271933 -0.1026224491169192
-0.02696769017264749 0.9996363057066066 -0.09709415606385986
0.6301830831857068 0.7764465736073258 -0.1026364713306637
-0.8280187676410402 -0.5607003838363347 -0.8958292310280069
-0.3771179102065431 0.9261652562050953 -0.09213021651184224
-0.6771481431983501 0.735846717844842 -0.09726978548930368
-0.972022914080412 0.2348860457809789 -0.8974072541472402
-0.9926291427574195 -0.1211915217689362 -0.09796937179035892
0.4300652022765032 -0.9027978299657518 -0.8977425590330679
-0.02963332782258731 -0.9995608365087936 -0.8975743788800075
0.7954237957140631 0.606053615789752 -0.896078143240483
-0.8302890163248836 0.5573330686136048 -0.8958010621300776
0.5338217786635906 -0.8455970131359504 -0.102588247466393
0.7949006720141361 -0.6067395830432319 -0.1020855943862419
-0.673520816645835 -0.7391682552333586 -0.0948339565460887
0.2036589133509772 0.9790419025826724 -0.8921678638681001
-0.1495628212533518 0.9887522250284638 -0.8903247087402437
0.5330643421073334 0.8460747054330815 -0.8955314557580882
-0.4842937669686465 0.8749054504775463 -0.8923987513935026
-0.8890258332797695 -0.4578570385624878 -0.09726913069137666
-0.9384387900465956 0.3454455634913868 -0.09761865236416234
-0.9713915668492655 -0.2374835233318913 -0.8933760071168534
0.8595266680665508 0.5110908988452186 -0.09639540929592272
0.9152754904466518 -0.4028284704283461 -0.8978998097402999
-0.4802175052128799 -0.8771494443292532 -0.09866782870800164
-0.2631153672786691 -0.9647643771936291 -0.8977231447575063
-0.9933243519439342 0.1153548084613865 -0.09779320613803208
0.205978618741046 -0.978556492299515 -0.8976611287274159
-0.9999990584436915 -0.001372265182276287 -0.8945887817594944
0.9158723472704043 -0.401469604709248 -0.1001371798464015
-0.8310436521139968 0.5562071990553793 -0.09744417882190078
-0.0295754730768489 -0.9995625500148956 -0.1012966873563836
0.915448945672016 0.4024341286073964 -0.8975032760891419
-0.6757481254011535 0.7371326007014117 -0.8934661388336063
0.954102940615175 0.2994788451785467 -0.09628648981634061
0.9953703703703705 -0.09611360875938238 -0.7222222222222219
0.9959887351268039 0.08947870976108963 -0.7226349730244894
0.9953703703703705 -0.09611360875938238 -0.2777777777777776
0.9958498536352975 0.0910113675018476 -0.2771225935209026
0.9848619973404358 -0.1733402613203508 -0.8897655829869927
0.984848662587077 -0.1734160079128965 -0.1093331703075835
0.984909510318084 0.1730700912491578 -0.8897848031283684
0.9565711810667421 -0.2914988431410629 -0.8967378006514259
0.9375553763833568 -0.3478360478942084 -0.7961770284855296
0.8903066686726107 -0.455361434156515 -0.7960416474576351
0.9156576573022386 -0.4019590210752537 -0.6945714602449741
0.8624348891685374 -0.5061680175049118 -0.6942494718083125
0.8908332859312894 -0.4543303387149724 -0.5929355333994011
0.8316052105747733 -0.555367242232459 -0.5926948049321458
0.8629723370276232 -0.5052511707310358 -0.4915583013775522
0.7978617845393056 -0.6028404206518959 -0.4908479372522571
0.7607323548281808 -0.6490657010793059 -0.5922246559798365
0.7215433676706886 -0.692369242940818 -0.4901552175647508
0.6791623922513675 -0.7339880414226104 -0.59152856866121
0.6350445311206352 -0.772475529381852 -0.4916768803552539
0.5879734959345628 -0.8088801938967777 -0.591388995150517
0.5378642516769769 -0.8430314625018248 -0.4926199324508344
0.4881653621988643 -0.8727511553411154 -0.5912339767166279
0.4342711287775909 -0.9007822082558231 -0.4900958472272353
0.381595393673611 -0.9243294626522958 -0.5904636193915831
0.3266545666778509 -0.9451437954451722 -0.4880246132548908
0.2701661975985337 -0.9628137024757957 -0.5899417602486237
0.2130635588137792 -0.9770383410622161 -0.487212458711922
0.1544495559473014 -0.9880006754388792 -0.5891424993510658
0.09613665497021352 -0.9953681447440128 -0.4865667016196259
0.03656586239430143 -0.9993312452372142 -0.5886294659281612
-0.02221397463141251 -0.9997532392200962 -0.4860084428664538
-0.08185257840769966 -0.9966444478388526 -0.5880952995690771
-0.1402766990015909 -0.9901123409579425 -0.4854609690012351
-0.1991360680865472 -0.9799718497931612 -0.5876446354803984
-0.256381343610305 -0.9665757118035683 -0.4849283585418017
-0.3136315559410325 -0.9495447578276692 -0.5871191920255654
-0.3688928809390499 -0.9294719158707744 -0.4843893013766699
-0.423729312077467 -0.90578886617487 -0.5867034297132887
-0.4762296448480899 -0.879320945598285 -0.4838678404908358
-0.5278812436376151 -0.8493181927967897 -0.5861889921389954
-0.5768834762492581 -0.8168264533121902 -0.4833333720935497
-0.6246246978979378 -0.7809250839715099 -0.5856508361794474
-0.6694405828553863 -0.7428656042826594 -0.4827928406515477
-0.7126009726928091 -0.7015695644177151 -0.5851101044516706
-0.752601213696489 -0.658476585113375 -0.4822511745679517
-0.7905745207036402 -0.6123658442583237 -0.5845711756633838
-0.8251976775849753 -0.5648440429962621 -0.4817097052182688
-0.8574509244576226 -0.5145657510433126 -0.5840272562765132
-0.8862107420816633 -0.4632823335926675 -0.4811674752356975
-0.9122913597276036 -0.4095417865937006 -0.5834853634872581
-0.9347838320316191 -0.3552170989300512 -0.4806254717288954
-0.9543254478892859 -0.298769040415693 -0.5829459918568407
-0.970234838623412 -0.242165971848651 -0.4800842970859348
-0.9829632155476532 -0.183802385404047 -0.5824046963905991
-0.9920664053840251 -0.125714944650265 -0.4795451466209618
-0.9978026907889003 -0.06625549225860579 -0.5818634014798627
-0.9999718857977079 -0.007498507463212697 -0.4790034794568293
-0.9986355204606333 0.05222161692556137 -0.5813216810562867
-0.9938401843780967 0.1108227770600912 -0.4784591370284892
-0.9854499904618417 0.169965632698955 -0.5807794413966478
-0.9737574393584156 0.2275883329482016 -0.4779167942951263
-0.9584312641209628 0.2853235215601639 -0.5801853729936262
-0.9400055777219646 0.3411590741158669 -0.4773661489887663
-0.9179585255586682 0.396676373576945 -0.5796333503081277
-0.8930583733668294 0.4499408202857269 -0.476821128881533
-0.864599804059666 0.5024611216999652 -0.5791413406325696
-0.8335748249613553 0.5524065633124265 -0.4762870494453868
-0.7991043142619825 0.6011923942698266 -0.5786090870424963
-0.76238996506029 0.6471178727058694 -0.4757480864424371
-0.7223914012152195 0.6914843913280414 -0.5780693120683191
-0.6805030491360423 0.7327452491258808 -0.4752070560543918
-0.635537912019826 0.7720696616144685 -0.5775279383419056
-0.5890635630735239 0.8080867024392399 -0.4746654151072319
-0.5397634716599665 0.8418167227262597 -0.5769859116328007
-0.4893556649625951 0.8720843039345545 -0.4741238993884533
-0.4364118921508392 0.8997469979885037 -0.5764416027353431
-0.3827780183704666 0.9238403480322662 -0.4735842201839032
-0.3269335828075698 0.9450473175627799 -0.5758999827888258
-0.270826398538197 0.962628205412053 -0.4730424279667236
-0.2128661518243765 0.9770813688774755 -0.5753606529155875
-0.1550735068242258 0.987902934240625 -0.4724984693493718
-0.09581073647098204 0.9953995694076264 -0.5748188649355228
-0.03714385917070358 0.999309928763798 -0.471956271616044
0.02258958591506637 0.9997448227463775 -0.5742769607336042
0.08130717396397379 0.9966890906707027 -0.4714143480039812
0.1406727006263285 0.9900561556288084 -0.5737138992360052
0.1986341166309737 0.9800737154470743 -0.4747244146839711
0.2567839735971733 0.9664688256243169 -0.5737962454697951
0.3161768097576109 0.9487002819497312 -0.4767407577954206
0.3697813463183626 0.9291188061356734 -0.5738059706921625
0.4267062939929524 0.9043902579455398 -0.4728644467192255
0.4772374089117203 0.8787744053710415 -0.5728359704487969
0.5280983330093548 0.84918322561903 -0.4739428411309446
0.5772750395068763 0.8165497711482959 -0.5754106042745591
0.6268923267812253 0.7791059046258226 -0.4760999416084952
0.6699180986203153 0.7424350080249055 -0.5744179340025064
0.7148936052381295 0.6992332466277826 -0.4719526906666733
0.7531800071799526 0.6578144698806849 -0.5737123917567692
0.7900612948905411 0.6130278544372038 -0.4677506384893911
0.8251550347247145 0.5649063361907486 -0.5724153735129667
0.8567297242975874 0.5157656245863811 -0.4680527607490618
0.8857623059730678 0.4641391357311656 -0.5723379631171129
0.9112150863784214 0.4119308999776127 -0.4678148833388154
0.6781046991854104 -0.7349653168297563 -0.395553844310245
0.3786312453434028 -0.9255476109037848 -0.390653246028156
-0.789999622958482 -0.6131073280637381 -0.3793898756696324
-0.9540444162019861 -0.2996652330748623 -0.3777644177140682
0.9160419092617121 -0.4010825606731825 -0.4919050580072442
-0.5405534647330525 0.8413096646093474 -0.3718038026481988
-0.213782895418305 0.9768811972940037 -0.3701803259312035
0.1422679268948668 0.9898281855842643 -0.3785503242521193
0.483736654599681 0.8752136019262434 -0.3832110212034055
0.7566904259873347 0.6537733546261317 -0.3746997575665202
0.9338587480419399 0.357642053882846 -0.5714647822890707
0.8914175183436504 -0.4531829740734396 -0.3907075529726929
0.03751663601321277 -0.9992960032053826 -0.3837649047792218
-0.2004958055136276 -0.979694560550094 -0.3866318793684044
-0.4228777999346106 -0.9061867171408239 -0.3815555144444488
-0.6238912415158163 -0.7815111763499313 -0.3804749924152717
0.9380367444407777 -0.3465358077875172 -0.3918303611630878
-0.9986840843735583 0.05128449686745144 -0.3761409647366124
-0.9586985220860124 0.2844242320022954 -0.3750526481031534
-0.8650709071957506 0.5016496043290783 -0.3739676952495118
-0.7230399652865657 0.6908062019107833 -0.3728863709148507
0.885343998859738 0.4649365587723214 -0.3661765379389316
0.9335106119479181 0.358549769740023 -0.365776136330198
0.7141967782214096 0.6999449706785231 -0.6814070445088151
0.4242656748857203 0.9055377612853946 -0.6752926949106898
0.08225836528208479 0.996611038139313 -0.6760918351958154
-0.269922863564955 0.9628819490077144 -0.6782203593220505
0.8583439885958486 0.5130746507491573 -0.6805137958436063
-0.8929629520410706 0.450130165932141 -0.6842983078204681
-0.9351167262320202 -0.3543398204000064 -0.6858058992188366
-0.7532153295846525 -0.6577740244785312 -0.6868991862967728
-0.4770536767234869 -0.8788741602326257 -0.6890466914321564
-0.5883071910517854 0.8086375263100013 -0.6793857755799655
-0.7617823786074436 0.6478330090719254 -0.6809319948645395
0.5374983445616821 -0.8432648039574824 -0.6927116566290941
-0.9937357507258598 0.1117553476542033 -0.6836419448505064
-0.9922313029560766 -0.1244067579920259 -0.6850647639062357
-0.1412001979817975 -0.9899810624905414 -0.6906664954819911
0.09323362394391754 -0.9956442594452519 -0.691558673501219
0.3243192131625346 -0.9459476983288423 -0.692264919436132
0.9556535328390746 -0.2944933363799522 -0.6929793675772963
0.9556256870337432 -0.2945836829854743 -0.49084075023095
0.830875421961786 -0.5564584739042296 -0.7954054531821937
0.911389353639005 0.4115451932333516 -0.2694615303149967
0.7204376891706057 -0.6935196724120504 -0.6930515659804711
0.9715616179668055 -0.2367868714555835 -0.3916257378047733
0.9559823875665961 -0.2934240526311201 -0.2951494162039458
0.8571760170414582 0.5150235682072635 -0.2763531740183497
0.9526851981510855 0.3039587360544633 -0.2643223217108873
0.9672196012273798 0.2539414164754312 -0.3516178083959192
0.9378462672805137 -0.3470509745671481 -0.592260976895161
0.9687471257828613 -0.2480504107786261 -0.5843923646929478
0.9522424505489411 0.305342947147216 -0.4641147403156812
0.96731985095226 0.2535592750299175 -0.5643416573500714
0.9537856469661521 0.3004878360955044 -0.6803860166505907
0.9699861644475198 -0.2431601134651591 -0.7903118035309743
0.9566654472852181 0.2911893232427551 -0.8966773123112285
0.9697727312537747 0.2440099377414656 -0.7849849146616165
0.9568474669929596 -0.2905906483511763 -0.1007332680438401
0.9360786446207534 0.3517908058562266 -0.7902768128998324
0.8905653616597186 0.4548552919466747 -0.7950421037801608
0.9136608170361198 0.4064774426864177 -0.09327574334662744
0.8615832792059854 0.5076162457926864 -0.8969593821802235
0.8288420961059824 0.5594826000177677 -0.7911292735748222
0.7582635951112608 0.6519480963458256 -0.7921472584770988
0.7179925611917189 0.6960507754994284 -0.8950992843487741
0.6751274985443015 0.7377010645981976 -0.7905734963760619
0.6249447634364722 0.780668971237702 -0.6862831350254792
0.9122782341834487 0.4095710236761493 -0.6843136783231638
0.7919141512940749 0.6106324401636265 -0.6828360269104512
0.9832509346559555 0.1822569600816111 -0.1054954219461304
0.9168684843149376 -0.3991894067607869 -0.2909015878711071
0.8640354078449212 -0.5034310419414567 -0.2888912909683915
0.8624346973085584 -0.5061683444055894 -0.09959045838023034
0.7927261643200498 0.6095779100348219 -0.09960907922480217
0.7171943113573241 0.6968732451147006 -0.102052655513385
0.6751206006294013 0.7377073773562228 -0.2008139853839482
0.5849534729426091 0.8110668495829306 -0.2032263419526549
0.6327783367210305 0.7743329881753497 -0.2924003685716873
0.7551147738587906 0.6555926161117036 -0.1935246772323079
0.5342158519507358 0.845348107896711 -0.1023731419859738
0.4851811720098234 0.8744136494401115 -0.1995481758600426
0.8323284654348414 -0.5542827127259897 -0.3896349359677725
0.7974627239251409 -0.6033682158929939 -0.2941371021659476
0.5281582720857277 0.8491459471889496 -0.6764892752257604
0.4773228942963605 0.878727975303248 -0.7773554085703954
0.3706522481853939 0.9287717216383761 -0.7808472004484566
0.4269496116462907 0.9042754166265284 -0.8886592409388387
0.3142078774007457 0.9493542067001747 -0.6763143211524022
0.2589116152680118 0.9659010174336236 -0.7837601995466931
0.1997947685720679 0.9798377674141948 -0.6770565852817387
0.6292888689693222 0.7771714864759972 -0.8944596820754211
0.430488833151842 0.9025959032322081 -0.1016505242249647
0.3761580711747651 0.9265555058873054 -0.1999984937276382
0.2655423784847973 0.9640991884804367 -0.2029082864715824
0.323146420086949 0.946348979597373 -0.292598127162583
0.2062533923253949 0.9784986142832635 -0.1021118876139002
0.150806051005222 0.9885633692284023 -0.1989546233788848
0.02209370804602631 0.9997559042410187 -0.3745717592108969
-0.09667137689845542 0.9953163541751722 -0.3705490608252666
-0.1559711111025416 0.9877616172444841 -0.2712740459053836
-0.268764124004607 0.9632060245077562 -0.2702740488872808
-0.2075795909734573 0.978218131814828 -0.1809920771374377
-0.3273362279421662 0.9449079287827964 -0.3711259651003966
-0.380232528368579 0.9248909256612035 -0.2743702691448536
-0.436806518791913 0.8995554819692281 -0.372021788772057
-0.1541463860232788 0.9880480209362106 -0.6776809283549221
-0.2113465967209514 0.9774111806473628 -0.7817867698943483
-0.3254170864667179 0.9455705789815547 -0.7837471568984744
-0.09296653927166115 0.9956692335187679 -0.7807930346362093
-0.02989345606172287 0.9995530907784168 -0.8860527660287144
-0.2668750278266838 0.963731144833717 -0.889849848981517
-0.03608939866657962 0.999348565468468 -0.6769970031329584
-0.3818087960247413 0.9242413338939877 -0.6792048496469306
-0.4343575210448539 0.9007405530516372 -0.7854589415527716
-0.4883276774833298 0.8726603459558232 -0.6794784118576699
-0.6362622423668761 0.7714728504220189 -0.3723447980148725
-0.5898216057492253 0.8075335741573879 -0.2694821409340712
-0.6811903514897021 0.7321063481744549 -0.2700240024304911
-0.7629968778302222 0.6464021692579109 -0.2705658637320661
-0.7996681131456581 0.600442261019378 -0.373427132370787
-0.9183302547441243 0.3958150366289685 -0.3745081137542258
-0.8934801794025579 0.4491026263726065 -0.2716495957246894
-0.679815478761119 0.7333831978146149 -0.6803132942766625
-0.7217421996515313 0.69216197327083 -0.7832533014834527
-0.7981008839617458 0.6025238410382446 -0.7859466448306741
-0.8331515000702685 0.5530448245220828 -0.6843445875823049
-0.6334892299916336 0.7737515075814762 -0.7830786098092595
-0.5842459291071651 0.8115766718688416 -0.8888952751042103
-0.7586173509748246 0.6515364263031959 -0.8920474714300812
-0.8636088644458791 0.5041624036463837 -0.7895150312247186
-0.9174916971903231 0.3977549315681964 -0.7896559123764708
-0.9856090515787806 0.1690408159172706 -0.3755963525648829
-0.9739705799303128 0.2266744569425728 -0.2727333420983523
-0.9939437422279084 0.1098901145962697 -0.2732752291275641
-0.9999644095308622 -0.008436804584324142 -0.2738171136959672
-0.9977400268309192 -0.06719255062457841 -0.3766869561623487
-0.9919476606060983 -0.1266484844681883 -0.2743723269415826
-0.9827899832112784 -0.1847264163555801 -0.3772255119645933
-0.9403252939471928 0.340276860164081 -0.2721914655777012
-0.8340928246573558 0.551624111016835 -0.2711077284404693
-0.973604459375167 0.228241881969083 -0.6841903262013066
-0.9850986485768203 0.1719902688297285 -0.7890224098849894
-0.9985860770243243 0.05315869423876107 -0.786504394576195
-0.9999795275280315 -0.006398790886948239 -0.6840986984886249
-0.9119066319019202 -0.4103977274465537 -0.3783055966686805
-0.9344500316908171 -0.3560942828423829 -0.2754430823985109
-0.8857754636998323 -0.4641140246828867 -0.2759851332535173
-0.8569678491694807 -0.5153698725088947 -0.3788475567709198
-0.9705449000679186 -0.2409203124523829 -0.685804101949637
-0.9548522527700231 -0.2970810922627219 -0.7891871766270653
-0.9129357119991667 -0.4081034008147623 -0.7900722548738677
-0.9364880938632524 -0.3506993727573121 -0.8952580047078691
-0.9834565895730036 -0.1811439660199494 -0.7889792219662907
-0.9927050142600483 -0.1205684646288457 -0.8938566693175503
-0.8866937149642612 -0.4623572815938746 -0.6865801947563016
-0.8585218733348577 -0.5127769427398295 -0.7913396555919598
-0.8258444051151693 -0.5638980568684131 -0.6871951142498048
-0.7119421359490435 -0.7022381327301399 -0.3799323650424724
-0.7536296698771038 -0.6572992626505278 -0.2784955831243138
-0.6709201808397608 -0.7415295752307811 -0.2822296049537748
-0.5763301013415617 -0.8172169933913668 -0.2815387443631022
-0.5271204917708653 -0.8497905548752828 -0.3815785324807111
-0.8249106585063681 -0.5652631294207947 -0.2797950554454453
-0.7931869043584622 -0.6089782711675678 -0.18679034758142
-0.5776492046475525 -0.8162851195324156 -0.6885112510481809
-0.5290667037874409 -0.8485802395433754 -0.7916402117841435
-0.4261627477015192 -0.9046465124409043 -0.7931276110294332
-0.6267908784101011 -0.7791875221934024 -0.790314577125531
-0.6740025386972482 -0.7387290286902664 -0.8936994928386743
-0.4816821727211735 -0.8763459844619644 -0.8967419516317541
-0.670360703192439 -0.7420353951229945 -0.6872661072313853
-0.3705193032912085 -0.9288247659750452 -0.69031699565363
-0.7565962768742245 -0.6538823088446893 -0.8957265395679106
-0.3744357758451103 -0.9272528510429452 -0.8973493155969414
-0.4754186096229999 -0.8797597090252165 -0.2803726066098824
-0.3695830552349337 -0.9291976997836424 -0.2844330845287899
-0.3155751931670776 -0.9489005730093969 -0.3849430625278288
0.1553825222677453 -0.98785437781776 -0.3843381117667106
0.09711908242022183 -0.9952727685563663 -0.2814831263565766
0.21412379326659 -0.9768065321019954 -0.2820540108862546
-0.02410570782183049 -0.9997094152054429 -0.2899915501334487
0.268207443275966 -0.9633611822008241 -0.3870359763374195
-0.08178429769078092 -0.9966500532540123 -0.3880341895906228
0.5341068659712621 -0.8454169715130849 -0.8976665783379012
0.484674767284991 -0.8746944437672163 -0.7953343662189543
0.6304987476688066 -0.7761902660997924 -0.8976393459239287
0.6755554368543243 -0.7373091968343831 -0.7948796427818376
0.09220259091282101 -0.9957402684580768 -0.09833099405105694
0.4300673352441191 -0.9027968138822946 -0.1025895484774076
0.483955496191883 -0.8750926109307907 -0.2035273281110788
0.5821818056425444 -0.8130586357568479 -0.2042022288295506
0.3779283313232188 -0.9258348537310784 -0.1986148105343259
0.5343494066619093 -0.8452636935300519 -0.3004500510436772
0.6299523621104424 -0.7766337756442698 -0.1024217111367871
0.6740600005234189 -0.7386765975001297 -0.2021764275612003
0.7166030437893117 -0.6974812381934684 -0.101372210242203
0.3224652604706753 -0.946581299091409 -0.09925613696475202
-0.3724374292649182 -0.9280573049561859 -0.09777383890382492
-0.8914393019500999 0.4531401228524335 -0.09584429544083381
-0.5799225041343038 -0.8146716450193896 -0.09663273378817656
0.3202698538628091 -0.9473263538542011 -0.8978372542206081
0.2653063810099187 -0.9641641583233739 -0.795232377885728
0.08879589532290678 -0.9960498426152194 -0.8977312952795879
0.0314586136415238 -0.9995050553287629 -0.7948265486499545
-0.9729357262890607 0.2310759020546671 -0.09607698069017534
-0.9712121882597758 -0.2382160476870896 -0.09728500803832987
-0.9361110275239877 -0.3517046262817479 -0.09637069422320532
-0.999992316929404 -0.003919959459273051 -0.09631119663545598
-0.1487334725990697 -0.9888773200597847 -0.1012812447035567
-0.2053564370836633 -0.978687250222615 -0.196716784606783
-0.9379802973713989 0.3466885659248976 -0.896870501148826
-0.9930447848392376 0.1177372298960366 -0.8966731553118681
-0.5857611195229461 0.8104837511358417 -0.09629547440312058
-0.4860647162373597 0.8739228178901699 -0.09430254363769563
-0.7600631146539845 0.6498492607847486 -0.0956117174657206
0.7958004099305539 -0.605559004188991 -0.8975031717301653
-0.1475659464006193 -0.9890522187745647 -0.8976548814371902
-0.2040502258462998 -0.9789604207178522 -0.7946811485709436
-0.4898474073231905 0.8718081885017761 -0.2733148440238005
-0.9700070547721297 -0.2430767650194043 -0.2749043598774032
-0.03439120624050433 0.9994084474994811 -0.2817083767781462
-0.7914707768051854 -0.6112070103192505 -0.7900922058314015
0.8614962214407351 -0.5077639810417197 -0.8979197920535117
0.0918868329648351 0.9957694562134815 -0.09927053314180741
-0.9398194114651626 0.3416715876880539 -0.6850483676483
0.7609630361296209 -0.6487952355284288 -0.3931610582227337
0.08708714020124569 0.9962006976566361 -0.8913912034429832
0.1430417063829774 0.9897166615931279 -0.7828827611639884
0.8262092321432042 0.5633633860319083 -0.3726193341362492
0.9953703703703771 -0.09611360875931255 -0.6111111111111107
0.9959077996047639 0.09037507779469561 -0.611181030904311
0.9931173246118962 -0.1171237787800142 -0.3904063342881032
0.7973313702500299 -0.6035417848129572 -0.693636321636639
-0.2582086474009091 -0.9660891751838404 -0.6906543007042379
0.9957666891749123 0.09191681418344309 -0.3915207069833588
-0.0867925693772969 -0.9962264049406074 -0.7946791429584474
-0.9979704688985155 -0.06367843596129885 -0.7888487550023984
-0.02400978984831254 -0.9997117234440336 -0.6906895946510436
0.1500335909125226 -0.9886808997840981 -0.7945829839882942
0.98261571074054 0.1856511917706518 -0.6713338952781005
0.5789378515225424 0.8153716723522241 -0.7882368992657363
0.7590444143874033 -0.6510388444534504 -0.7953019555065193
0.2108738484164518 -0.9775132838248467 -0.6916540626353722
-0.9579417525488798 0.286962713124163 -0.7909261212217445
0.3780505336235089 -0.9257849610071337 -0.7949146493870083
0.4344034503283798 -0.9007184034662548 -0.692322213648279
0.5846821788490708 -0.8112624419608634 -0.7957407883511518
0.633743098613311 -0.7735435895668706 -0.6924892814951484
0.02566167197771122 0.9996706850714931 -0.7823681006001114
0.3177045223421897 0.9481897681810963 -0.890905750800348
-0.5373881405053033 0.8433350380745795 -0.7847826275495631
-0.3781136892058896 0.9257591684855797 -0.8938505772382888
-0.8907293478636232 0.4545340788702695 -0.8953070844800154
-0.7145607846211814 -0.6995733593280704 -0.7906663514819459
-0.8884721714352058 -0.458930496464563 -0.8954165243669505
-0.317177968346453 -0.9483660350284675 -0.7939754193854487
0.9701552809159569 -0.2424844962278635 -0.2040861649621933
0.9816939003951947 0.1904654454930595 -0.4514986606927445
0.9957883723993975 -0.09168160881092061 -0.8333333333333328
0.9965153141898473 0.08341000290798445 -0.8299575162368994
0.9957883723993978 -0.09168160881091884 -0.1666666666666666
0.7576290557555131 -0.6526853865952643 -0.1999328599432777
0.9958237830065705 0.09129618392070238 -0.1689716844607071
0.9810897757110718 0.1935532278087831 -0.2344736553379705
0.938041359262367 -0.3465233156848338 -0.1981154638476809
0.6300724999342709 -0.776536312625867 -0.3012130402170397
-0.08846479684210518 -0.9960793039310099 -0.1977963859252013
0.8920879227702981 -0.4518618572610159 -0.1968954540885647
-0.8273400646411025 -0.561701359656229 -0.09433271940291027
0.8318910639931141 -0.5549389674985931 -0.1970325216130125
0.9826480752500233 -0.1854798107811859 -0.6773898302535941
0.718987435238587 -0.6950230700984239 -0.297695722070074
0.5845311726566248 -0.8113712517662128 -0.3957531502573016
0.4861431885011844 -0.8738791680054525 -0.3945808673173349
-0.1504263397826073 0.9886212198307336 -0.09182522261635898
0.325808872274454 -0.9454356555298983 -0.2919006445290477
0.4326108399082164 -0.9015807568897573 -0.2966211579272701
0.02747392104134864 0.9996225205859528 -0.1922367587159715
0.2719935898779399 -0.9622990632154388 -0.1951328464913256
0.2037916421748375 0.979014283133644 -0.2922092297111938
0.1563087298616542 -0.9877082468872255 -0.1948793595158349
0.5340668542518601 0.8454422482875589 -0.2920826785525434
-0.1453987097351075 -0.9893731425540951 -0.2911485044218864
0.03529158238496046 -0.9993770580780638 -0.1941479554875369
-0.2589349024424458 -0.9658947749610829 -0.2896033101549272
0.9808943283870731 -0.1945412977700948 -0.4840534943807439
0.9813326135233357 -0.1923182301173227 -0.2997327419730927
-0.3149578505354357 -0.9491056592319415 -0.1937794507827967
-0.4227510387164223 -0.9062458602742338 -0.1929806358517591
-0.7135324901859601 -0.7006221417062287 -0.1875761613009633
-0.526819228672606 -0.8499773528164151 -0.1925646877541929
-0.6250370908199818 -0.7805950519310852 -0.1903110938051273
-0.8565263980871329 -0.5161032158201325 -0.1918449039014701
-0.7559749911466199 -0.6546004985950346 -0.09392219747189705
-0.9115564489647254 -0.4111749510254972 -0.1919660463987355
-0.9537898166075717 -0.3004746008162667 -0.1917039802107899
-0.9826338874474112 -0.185554960160025 -0.1914439533311686
-0.997681973919269 -0.06804909195978336 -0.1911867857056589
-0.9987271702285324 0.05043847189703584 -0.1909178161786861
-0.9857516795560932 0.1682070933472822 -0.1906559289441708
-0.9589383881199443 0.2836144703464955 -0.1903940966946869
-0.9186636957815292 0.3950405220392232 -0.1901323257849421
-0.8654929714506384 0.5009210680032777 -0.1898706156739977
-0.3251677196286591 0.9456563615349382 -0.1819842134237817
-0.8001726136089278 0.5997697795239916 -0.1896089655519666
-0.7236195766404878 0.6901990352808682 -0.1893473749311526
-0.6369085013874967 0.7709394015487424 -0.189085846299144
0.3739890643653314 0.9274331133484204 -0.3833221709471604
0.8278167472196953 0.5609986034052161 -0.1880845987617461
-0.5408331520611224 0.8411298958137388 -0.1878743064770921
-0.4357096905168075 0.9000872544313401 -0.1853015045594051
0.6733788602394113 0.7392975791808541 -0.381368730894229
-0.09163819004906629 0.9957923689828775 -0.1858551062028596
0.08565160235127829 0.9963251492432872 -0.286371845341202
-0.2653576404721629 0.9641500519333318 -0.0911552882815701
0.260622467574431 0.9654407953859288 -0.3830241707587414
0.8867535101290871 0.4622425902853857 -0.1851001499935485
0.933219969892039 0.3593055632671191 -0.1858168484162581
0.5818685463636361 0.8132828503987214 -0.3831842636602175
0.4308938397300478 0.9024026257068936 -0.2917934445755622
0.7938745585750596 0.6080815613445735 -0.2819610418026475
0.7171862338205183 0.6968815580988931 -0.2859940038506182
0.9861808947925058 0.1656720940480096 -0.3333333333333104
0.9866968638080418 0.1625709043813638 -0.5555623784708702
0.9966554754895876 -0.08171819366961119 -0.9204123587171096
0.9966554754895876 -0.08171819366961119 -0.07958764128288952
0.9968493960785103 0.07931759916884386 -0.9208911790282382
0.9966554754895878 0.08171819366960871 -0.07958764128288151
0.9632068595346989 0.2687611313886419 -0.1814346624456566
0.987743097806862 -0.1560883491324829 -0.2197120777957932
0.9864005584132618 -0.1643591748640922 -0.5713893600876793
0.9878666533060405 -0.1553044599679066 -0.7803516925258368
0.9879050475447509 0.1550600433238794 -0.7802462958847551
2 3 0 244
870
871
872
873
874
875
876
877
878
879
880
881
882
883
884
885
886
887
888
889
890
891
892
893
894
895
896
897
898
899
900
901
902
903
904
905
906
907
908
909
910
911
912
913
914
915
916
917
918
919
920
921
922
923
924
925
926
927
928
929
930
931
932
933
934
935
936
937
938
939
940
941
942
943
944
945
946
947
948
949
950
951
952
953
954
955
956
957
958
959
960
961
962
963
964
965
966
967
968
969
970
971
972
973
974
975
976
977
978
979
980
981
982
983
984
985
986
987
988
989
990
991
992
993
994
995
996
997
998
999
1000
1001
1002
1003
1004
1005
1006
1007
1008
1009
1010
1011
1012
1013
1014
1015
1016
1017
1018
1019
1020
1021
1022
1023
1024
1025
1026
1027
1028
1029
1030
1031
1032
1033
1034
1035
1036
1037
1038
1039
1040
1041
1042
1043
1044
1045
1046
1047
1048
1049
1050
1051
1052
1053
1054
1055
1056
1057
1058
1059
1060
1061
1062
1063
1064
1065
1066
1067
1068
1069
1070
1071
1072
1073
1074
1075
1076
1077
1078
1079
1080
1081
1082
1083
1084
1085
1086
1087
1088
1089
1090
1091
1092
1093
1094
1095
1096
1097
1098
1099
1100
1101
1102
1103
1104
1105
1106
1107
1108
1109
1110
1111
1112
1113
0.0801268027116273 -0.8879101922449306 -1
-0.02329670154137481 0.9021093481295547 -1
0.8994590276079221 0.05427263819916597 -1
-0.8930103461494333 -0.09622605530421668 -1
-0.6752709566261973 0.5846384996357462 -1
-0.5259991330643911 -0.720638809447793 -1
0.6343138469966741 -0.6358225888398353 -1
0.648850308984073 0.6156548148380919 -1
-0.7411002794181608 -0.4977188049122485 -1
0.8135500775591065 -0.3715294817559384 -1
0.3851818578866171 -0.8085781960536743 -1
0.2755717092151788 0.8512057221530411 -1
-0.4324060552600346 0.7843397007374131 -1
-0.2247448133530951 -0.8818261090887605 -1
-0.8705786703317608 0.210372387783621 -1
0.8268037305531504 0.3676292959132427 -1
-0.8470918631486805 -0.3218042993585536 -1
0.8941468739401512 -0.156377037438826 -1
0.4781114105939179 0.7573461836163787 -1
-0.803196526191156 0.4046027806642086 -1
-0.2345526806385123 0.8597277464592866 -1
0.2800196693239611 -0.8611221939786026 -1
0.286308795397977 -0.7471909788320513 -1
0.3916170168114774 -0.6914968130172308 -1
0.2936478656237499 -0.6270523327953458 -1
0.3993609821302186 -0.5729518514500543 -1
0.3002659895886863 -0.5083372298968551 -1
0.1947785238361695 -0.5621620913114294 -1
0.2010695261353805 -0.4436790369060372 -1
0.3066122557397319 -0.3899180760785661 -1
0.2072697992980433 -0.3253645565496134 -1
0.1017042994435002 -0.3791472031978157 -1
0.1079087633738569 -0.2608284642474514 -1
0.2134780645057234 -0.2070425697667103 -1
0.114114311010894 -0.1425089414965751 -1
0.008544835010623234 -0.1962949820941109 -1
0.01474966431728342 -0.07797618629967548 -1
0.1203190212062947 -0.02419026777658667 -1
0.02095439690702353 0.04034251043161997 -1
-0.08461494085320793 -0.01344338857386491 -1
-0.07841022225458601 0.1048752938475294 -1
0.126523737654841 0.09412841250411785 -1
-0.1839795606701045 0.05108939415882167 -1
-0.1777748460242525 0.1694080725304954 -1
-0.2833441836960423 0.1156221736038894 -1
-0.289548897707833 -0.00269650411823733 -1
-0.2771394695625014 0.2339408514506863 -1
-0.171570131913623 0.2877267503538016 -1
0.2258883620756918 0.02959563442759838 -1
0.2320930763587018 0.1479143124856103 -1
0.3314577002741873 0.08338153395846122 -1
0.3376624142767859 0.2017002116729877 -1
0.2382977906343468 0.2662329904877078 -1
-0.3889135212479607 0.06183627480005476 -1
-0.3951182352398045 -0.05648240290155857 -1
0.4370270379773057 0.1371674329218524 -1
0.4308223239635554 0.01884875519004741 -1
-0.2709347555307338 0.3522595291932031 -1
-0.1653654178831643 0.4060454280941692 -1
-0.3765040931851468 0.2984736302843569 -1
0.3438671283300698 0.320018889437983 -1
0.2445025046961389 0.384551668261116 -1
-0.4944828588622743 0.008050375932304404 -1
-0.5006875728645227 -0.1102683017799611 -1
-0.4013229492212932 -0.1748010805925412 -1
-0.3702993791736036 0.4167923080061462 -1
-0.5003748995445236 -0.228928755831067 -1
-0.406441432003733 -0.2931767210285196 -1
0.5363916616213407 0.07263465410819295 -1
0.530186947613298 -0.04568402360592553 -1
0.3500718423561587 0.4383375671732747 -1
0.2507072187176984 0.5028703459914616 -1
0.4494364659986689 0.3738047883594441 -1
-0.4758687168242111 0.3630064091012005 -1
-0.3017772870366872 -0.2393433531877382 -1
-0.307951827954675 -0.3576636132030601 -1
-0.4135161367568037 -0.4114497758240167 -1
-0.3142965115720505 -0.475974950817135 -1
-0.2087513403311174 -0.4221877846089093 -1
-0.2149834103425197 -0.5405050277593695 -1
0.1451378810666865 0.4490844470889526 -1
0.1513425950800712 0.5674031248105318 -1
-0.600052196502445 -0.04573552296194553 -1
-0.5938474824934497 0.07258315475723609 -1
0.6357562852643573 0.008101875296345654 -1
0.6295515712543134 -0.1102168024214053 -1
0.5239822336050096 -0.1640027013243911 -1
0.6419609992746591 0.1264205530145667 -1
-0.4694477751934071 0.4813137476928299 -1
-0.3640586272278182 0.5351090958705499 -1
-0.3205573073268712 -0.5942906875695413 -1
-0.1094226575940986 -0.4867186790675346 -1
-0.1156333639199491 -0.6050370422019191 -1
0.04577325742764908 0.5136172259068679 -1
0.0519779714388272 0.6319359036257782 -1
-0.05359136621245578 0.5781500047229173 -1
0.0395685434169756 0.3952985481886516 -1
0.6233429455482437 -0.2285278023807148 -1
0.517776854059125 -0.2823201323979598 -1
-0.6990049355368366 0.01943145694618237 -1
0.6167814542891829 -0.3468263230561071 -1
0.2565600046298624 0.6206471409061302 -1
0.4553560610671666 0.4916844529598452 -1
0.5546731648848414 0.4270785052917497 -1
-0.5717864608037482 0.4267371011584193 -1
-0.5808635745304224 0.3090868290708206 -1
-0.04926036213960343 0.6935836295089345 -1
-0.1532682748454202 0.6422019413817406 -1
-0.7077480186793369 -0.1105448970960609 -1
-0.6895208285627061 0.1370316605033559 -1
0.5115192711064473 -0.4006620596038023 -1
-0.01006672790868969 -0.5512512275173981 -1
-0.01627206410704984 -0.6695697896029981 -1
0.4184127771034172 -0.2177884409031571 -1
-0.1032193738216802 -0.3683999272376318 -1
0.5487456498486346 0.3091866458856405 -1
-0.4655529445894119 0.595913564579937 -1
0.05077400973649048 0.7409293240226905 -1
0.7351209089058243 -0.0564309035183146 -1
-0.1197519283854438 -0.7201372454787068 -1
-0.3666057052684651 0.6715810825534472 -1
0.6491601558717522 0.3560136096394599 -1
0.6077194748122409 -0.4596608802897763 -1
-0.8046319313173538 0.09829808583373376 -1
0.665732506708347 0.4782805600389718 -1
-0.02169000499159107 -0.7913982789180393 -1
0.08309074098018267 -0.7341023300903586 -1
0.5115332659592714 -0.6335366842780302 -1
-0.1467512758431727 0.7610014612566153 -1
0.1848879071503292 -0.8029782576711414 -1
-0.6869901382961396 0.3870152710289143 -1
0.5041585292998684 -0.5122265118764046 -1
0.1887313854054577 -0.6812902549774777 -1
0.4056875213831866 -0.4533672007903673 -1
0.09548666050835282 -0.4974927027589091 -1
0.3128382115960396 -0.2715794900908743 -1
0.2196835029353751 -0.08872318495998494 -1
0.002341619685984188 -0.3146139191793025 -1
0.3252529619530583 -0.03493716755068536 -1
-0.09081967793410704 -0.1317620899246323 -1
-0.2484690009398607 0.7159956538465455 -1
-0.2593820589454195 0.593305014397029 -1
-0.06600079424116694 0.3415126492795243 -1
-0.1593555399390951 0.5250186537518663 -1
0.02715911441905989 0.158661191745935 -1
-0.05982855290520956 0.4599404183239994 -1
0.03336382924280122 0.2769798703015693 -1
-0.1901842794416837 -0.06722928843883619 -1
-0.1963588203585468 -0.1855495484590241 -1
0.1327284525615124 0.2124470911497951 -1
-0.09701751989126042 -0.250081184184582 -1
-0.6788471747524857 0.2571638925322209 -1
-0.5868880323984973 0.1909936283387616 -1
-0.07220550846196122 0.2231939713431424 -1
0.646556564773717 0.2423779944197247 -1
-0.4881523555039044 0.1263843529636356 -1
0.5423189442481011 0.1905455651660147 -1
0.7645577794347891 0.1799864656834515 -1
0.7413256229161929 0.06188777420002457 -1
-0.3826878423378811 0.1801575024143596 -1
0.1559019470202434 0.6835353963672712 -1
0.149470900549561 0.8070016565607482 -1
-0.2192337967786018 -0.6557940561312077 -1
-0.3272653621720536 -0.7162744396880134 -1
-0.4261841922211738 -0.6503125412424874 -1
-0.4199061084073863 -0.5300252828575871 -1
-0.5192605109970889 -0.4652709197469018 -1
-0.5224496976008299 -0.5885023295327539 -1
-0.6196675699885152 -0.5299068582239044 -1
-0.6186663385236251 -0.400691556113535 -1
-0.7398870578567555 -0.3715559755734538 -1
-0.6716767328702224 -0.2944109611701213 -1
-0.2957184115009747 -0.1210170296163226 -1
0.1389331669364102 0.3307657692462986 -1
-0.5940943932137864 -0.1641917080997826 -1
0.7224851005898709 -0.1765009510035661 -1
-0.4818274357966771 0.2446837253621891 -1
0.3561703818629818 0.5564927622413858 -1
0.4604729160848871 0.6147736561690279 -1
-0.2648992964499723 0.4714216715521606 -1
0.4431762734465943 0.2554039222406537 -1
-0.5052694364007124 -0.3473235441614554 -1
0.3641984474783813 0.6780418375603631 -1
-0.2025358397649492 -0.3038696836418622 -1
0.4246175861222488 -0.09946989993413156 -1
0.319047184035977 -0.1532567922009239 -1
-0.003862696614438553 -0.4329372764930985 -1
0.4121411484979913 -0.3359392333107878 -1
0.08929141978573718 -0.6159780660430951 -1
0.7190992527293112 -0.2977174672573187 -1
-0.5666948287567285 0.5399708399044673 -1
-0.5811547037921794 0.6634535696301398 -1
0.7099482854103901 -0.412024329131875 -1
0.7029720532139572 -0.5342111619353781 -1
0.5574598001957708 0.5469389113228508 -1
0.2610050781354092 0.7362564045912922 -1
-0.7990824105559279 -0.03095263345573876 -1
-0.1256505578749256 -0.8297786895937015 -1
-0.6146924366519019 -0.654420665596528 -1
0.4883651868045105 -0.7547671508167203 -1
-0.04063716608272344 -0.9032039017739603 -1
-0.3280116278276818 0.8009223889375652 -1
0.8287720978917749 -0.2486704208505839 -1
-0.8980904730610085 0.0194978538746561 -1
0.3729177383779783 0.8042124495914241 -1
0.5616515628827438 0.6792460981668922 -1
-0.1252998949839551 0.8824869888876611 -1
-0.7534219452464841 0.5074678657031136 -1
0.9011660721713287 -0.05824429491699126 -1
-0.8766585099227658 -0.2078670220561744 -1
-0.767379161345179 -0.2212511535422165 -1
-0.3307095861371835 -0.8364549628521062 -1
-0.845564589447646 0.304850521747384 -1
0.7795636129518865 0.4675306894147952 -1
0.08763942484440035 0.9049995541574954 -1
0.8852558656924052 0.1616886494562576 -1
0.8552573109255537 0.2630354165573836 -1
-0.4290078089726831 -0.7786790977829963 -1
0.7462874152364455 0.2955823859374835 -1
0.5784349560786289 -0.7148893161963978 -1
-0.2211994624038088 -0.7678958759031217 -1
-0.696231484073028 -0.5966998967962235 -1
-0.0524241978166367 0.7974770425657889 -1
0.7362126712512257 0.5545869896572067 -1
-0.7726540688848768 0.2109767470582366 -1
-0.6508328659458595 0.4891659154861321 -1
0.1847831529361377 0.9033765404203615 -1
0.7891066385256811 -0.4666081952041107 -1
0.8166175076886252 -0.002867371906313399 -1
-0.4730521629765063 0.6954419287172129 -1
-0.8053202654048222 -0.1311980197605699 -1
-0.8224268049233732 -0.4221223306660885 -1
-0.9098381290923471 0.1157078506165032 -1
-0.7574504995144609 0.3129218426061929 -1
0.1910247454469035 -0.9047939390281704 -1
-0.5373215628969262 0.7540564208095567 -1
0.8176660016220668 0.1039336273883674 -1
0.8043700566944719 -0.1184735087644899 -1
0.5888060735387358 -0.552097871333337 -1
-0.1371614102749525 -0.9178830070742291 -1
-0.5790964183156956 -0.2815711893702001 -1
0.7345974462593432 0.3915424437575011 -1
-0.6756599912924917 -0.2085818683791332 -1
0.04243268715448806 0.8305033850872556 -1
2 4 0 139
1114
1115
1116
1117
1118
1119
1120
1121
1122
1123
1124
1125
1126
1127
1128
1129
1130
1131
1132
1133
1134
1135
1136
1137
1138
1139
1140
1141
1142
1143
1144
1145
1146
1147
1148
1149
1150
1151
1152
1153
1154
1155
1156
1157
1158
1159
1160
1161
1162
1163
1164
1165
1166
1167
1168
1169
1170
1171
1172
1173
1174
1175
1176
1177
1178
1179
1180
1181
1182
1183
1184
1185
1186
1187
1188
1189
1190
1191
1192
1193
1194
1195
1196
1197
1198
1199
1200
1201
1202
1203
1204
1205
1206
1207
1208
1209
1210
1211
1212
1213
1214
1215
1216
1217
1218
1219
1220
1221
1222
1223
1224
1225
1226
1227
1228
1229
1230
1231
1232
1233
1234
1235
1236
1237
1238
1239
1240
1241
1242
1243
1244
1245
1246
1247
1248
1249
1250
1251
1252
0.6718957148149386 -0.1977130020566037 0
0.6688756833566379 0.2029012202918309 0
0.4478694890519856 -0.5376620159923755 0
0.4375236726828503 0.5334691326279478 0
0.07369580178410687 -0.6957832638552874 0
0.06740258192032433 0.6866109082161673 0
-0.3252250712303947 -0.6194072506453735 0
-0.3294937026928841 0.6164393602516446 0
-0.6144695541101307 -0.3343174987017392 0
-0.6164393602516436 0.3294937026928861 0
-0.704384803009888 0.06882103894371863 0
0.7738730059327205 -0.4661729093722181 0
0.7711816169881662 0.455458753783388 0
0.3819218204954909 -0.8180736064294057 0
0.3856546071474332 0.8100007378337399 0
-0.1392403717251272 -0.8919706492144601 0
-0.1322375712613088 0.8858199520925852 0
-0.6141705643698528 -0.6662944423477728 0
-0.6086377620674086 0.6471584820670426 0
-0.8807130868066839 -0.2099082696235609 0
0.894062977402717 -0.05305803630166477 0
-0.8734862335809133 0.2151177650827507 0
0.8863029943785771 0.1527349318612298 0
0.6489877794855728 -0.6211310104915805 0
0.6495115363500279 0.6161134608456921 0
0.1917595422639623 -0.8775388987327409 0
0.1949703138911875 0.8746270564631244 0
-0.3323708914356657 -0.8335920863343423 0
-0.3305139442590311 0.8365028235228407 0
-0.7409892288843266 -0.5058814029066382 0
-0.7402872645300267 0.5098327091456155 0
-0.8956359543801259 -5.282669881366952e-15 0
0.8565871083225961 -0.2615765445026244 0
-0.6976508915237806 -0.06093027144364852 0
-0.683303287288658 -0.1720422315704513 0
-0.5415284842078206 0.4466382586741647 0
-0.5524451725939344 -0.4320625998753213 0
-0.4736874703079739 -0.5223861027723832 0
-0.6754479018606159 0.2184348042607383 0
-0.7317225184261755 0.3273940413321375 0
-0.4366090143503257 0.5587974093417409 0
-0.4247689081147998 0.6794961969522276 0
-0.2193864726594053 -0.6663895481884595 0
-0.1046718500520209 -0.6937661902281468 0
-0.2055036458976092 0.6772101029573029 0
0.1878251054200883 -0.6760614902634682 0
0.2984033179415108 -0.6350251831858008 0
0.2052643026881107 0.6761859617612621 0
0.5318131553653144 -0.4578309452287128 0
0.6013526394320222 -0.3623341571443279 0
0.5448430842393207 0.4439151393733846 0
0.7004072021859108 0.06659876851258403 0
0.6347537191835592 0.3155492287627867 0
0.7502656939389746 0.2798792589974951 0
0.7037966725659653 -0.08620311481197493 0
-0.07014221534427152 0.7057935493674422 0
0.01956134570958728 0.7936474391769266 0
0.3337747342600503 0.6256099227170843 0
0.4578095713665487 0.6479428210869339 0
0.6491145506907867 -0.4871455591678521 0
0.2674496325664255 -0.7654312694421139 0
-0.2042327286446379 -0.7843643197949027 0
0.79335629478034 -0.006357396003487915 0
-0.6028062971509036 -0.5432399685773626 0
0.6651069921098814 0.4372063651092779 0
-0.7908223334791685 -0.1383129475325576 0
-0.5478515793313335 0.5615008317692857 0
-0.7730623311249778 0.1578364781111739 0
0.3035643394430332 0.7355949248832822 0
-0.1577394193929333 0.7825569552808456 0
0.7812038109844957 -0.1798919106330281 0
0.7823255267333807 0.1741396564075999 0
0.5462768406602753 0.5736150567965027 0
0.1336476761917537 0.7825964936025585 0
-0.3281589169193572 0.7322722181287934 0
-0.6782915911386865 0.4252103310461023 0
0.7520547543063999 -0.2786954665794925 0
-0.8135644070846216 0.06092259578298811 0
0.5466654120675346 -0.5734036461694709 0
0.4699641674647771 -0.6498193558987079 0
0.1359202766976587 -0.7799750766868307 0
0.02861021787381999 -0.8013744938824998 0
-0.3201034626509989 -0.7236390510381421 0
-0.4258299177180643 -0.6806337437941986 0
0.8236364153491881 -0.3647691759302649 0
-0.6985810123805363 0.5966898491109164 0
-0.2311416994145447 0.8698734214450627 0
0.2936872845661853 0.8502258733841421 0
0.7183895665458927 0.5398622106465282 0
-0.9020118406174192 0.1074378968811534 0
0.885049053850905 -0.1566189762547434 0
0.8976703388411292 0.04816927387807533 0
-0.6678347979009944 -0.4236549852288378 0
-0.7325608080497169 -0.3302930835360782 0
-0.8515405150865356 -0.3163020920993531 0
-0.8033062236961132 -0.4147361266210945 0
-0.5295714038357321 -0.7380531082108669 0
-0.4314659861521389 -0.7897057522820413 0
-0.529571403835741 0.7380531082108616 0
-0.4294836255617069 0.7891196967137153 0
-0.02699316484462789 -0.8988114096301333 0
0.08335278659896565 -0.8949785224338708 0
-0.02963066164574352 0.8945883518931789 0
0.08263809432863754 0.889010060827791 0
0.4788921088875558 -0.7610365687314425 0
0.5670786580896882 -0.6926184563897677 0
0.477275613395938 0.7613759664831919 0
0.5648060070675787 0.6915612437099549 0
0.8242940130973536 0.3636258198397986 0
0.8587718005604694 0.258911224720251 0
-0.7963385196986342 0.415065620260064 0
-0.8433413027115402 0.317096028805484 0
-0.8947746175470483 -0.1038983623822326 0
-0.6940655577725512 -0.6037533977426754 0
-0.2404184928818704 -0.887161980299481 0
0.2961091487018386 -0.87047379278889 0
0.7317784527441812 -0.5571836726051642 0
-0.7686543383794759 -0.2375328133617323 0
-0.7794120575408444 0.2471758235184569 0
-0.5103500471513238 -0.6232141213317605 0
-0.5143586562111879 0.6438725195697592 0
-0.6706631414669508 -0.2607591373178108 0
-0.4136869292439039 -0.5889045971850484 0
-0.01503863992332594 -0.7180074262317064 0
-0.07282736922253448 -0.7991131831925987 0
0.3865820067679791 -0.6052216411629519 0
0.3833309195698613 -0.7047198833563476 0
0.6586896367060947 -0.2884552536713196 0
0.7138173554703414 -0.3739235831571196 0
0.8166560614746291 0.08093393275463555 0
0.6284812389051883 0.521223404723523 0
0.7291204070635869 0.3703438852985492 0
-0.632723244202587 0.5252062297766599 0
0.8124452661053629 -0.09427189296644031 0
0.2297390448920822 0.785549281951914 0
-0.2454683074428322 0.7839907846033484 0
-0.7927271062906973 -0.02948243502110017 0
-0.07403770438693398 0.8124812495621958 0
0.3916157731226007 0.7161048746008464 0
2 5 0 91
1253
1254
1255
1256
1257
1258
1259
1260
1261
1262
1263
1264
1265
1266
1267
1268
1269
1270
1271
1272
1273
1274
1275
1276
1277
1278
1279
1280
1281
1282
1283
1284
1285
1286
1287
1288
1289
1290
1291
1292
1293
1294
1295
1296
1297
1298
1299
1300
1301
1302
1303
1304
1305
1306
1307
1308
1309
1310
1311
1312
1313
1314
1315
1316
1317
1318
1319
1320
1321
1322
1323
1324
1325
1326
1327
1328
1329
1330
1331
1332
1333
1334
1335
1336
1337
1338
1339
1340
1341
1342
1343
-0.3141822816420413 -0.3828322178580999 0
0.3229077968727705 0.3861071616486523 0
-0.3766490018034773 0.3048000821781652 0
0.3941440651556449 -0.3101185011175103 0
-0.04856984093458748 0.4927627164777165 0
0.4928636791818971 0.04854283542640016 0
-0.4946874375141707 -0.04737451570789909 0
0.04871217448459076 -0.4856170929492153 0
0.4142210051985678 0.220663262220332 0
0.1426158702662698 0.4852713902249368 0
-0.2355474461837682 0.450980633619948 0
-0.4668547240679192 0.1384580251394992 0
-0.4249421446772481 -0.2306844891924331 0
-0.149836754340932 -0.4800909291837607 0
0.4860801646872979 -0.1484925966995996 0
0.2334584965379291 -0.4367701266366554 0
-0.3244148753046943 0.3993167113606662 0
-0.2399622953470152 0.3328987348270544 0
-0.2992675236981569 0.2133180224501171 0
-0.1840523041958495 0.2182296644454604 0
-0.2439382311897043 0.1147667033909359 0
-0.1270999479828339 0.1149819705462556 0
-0.1863714467211228 0.01332339084173453 0
-0.06901069459098348 0.01325079577989657 0
-0.009974313528451668 0.1146645372374753 0
0.04856133319941672 0.0130001986758366 0
-0.0104531140479149 -0.08870064595583836 0
0.1071559093820027 -0.08891750072552805 0
0.107548513464733 0.114768011012312 0
0.04815035304417579 -0.1906599903165057 0
-0.06946956822949145 -0.1904381410031539 0
0.04927705659030404 0.2161996945351568 0
0.1657681538344051 -0.1908787262473378 0
0.2247674151845673 -0.08912356317376635 0
0.1659752765729356 0.2161068925733108 0
0.2250610923187915 0.1145128897792741 0
-0.01085127250239779 -0.2905206340480481 0
-0.1281169040653015 -0.2882288163799058 0
-0.1870952167848028 -0.1902124382472548 0
-0.1201813293189664 0.3175850451648453 0
-0.3019558015473926 0.01438748413413165 0
0.1075064784759461 0.3111415183863484 0
0.2800391213797173 -0.1891555491673821 0
0.2811580929240984 0.2130320759704044 0
0.3370107088141555 0.1111770152682563 0
0.3344683379259759 -0.08617828098036838 0
0.2240815527472713 -0.309253598542358 0
0.1038398727777369 -0.2915684973863746 0
0.166143844365282 0.01281116766103173 0
0.2799640364471935 0.01173340380125361 0
-0.1280107537167832 -0.08850630320888969 0
-0.2452112330352369 -0.08817638235103474 0
-0.3821677994311627 -0.09589456470254494 0
-0.3051291118390421 -0.196794622057984 0
-0.357868823152046 0.1151220383426609 0
-0.06661411759163285 0.2165400308232483 0
-0.2448479014930357 -0.2869649317610076 0
-0.003512845654041227 0.3128859386460901 0
0.2291081373646113 0.3234094488526757 0
-0.0614450486198577 -0.4028322569868982 0
0.0504173317749983 0.4141664890118724 0
0.04567279695535502 -0.3709153341147741 0
0.4012966888062301 0.008865071630596088 0
-0.4169507429251603 0.02656602580469408 0
-0.1397921518879375 0.4173634758889355 0
-0.187321911259256 -0.3787473649875946 0
-0.3424330128926223 -0.2866472324063826 0
-0.5127776135120569 0.0495608212169128 0
0.4627284858767932 -0.2401641444403562 0
0.3981322156296285 0.3267386653128588 0
0.23731498064226 0.4391493444410632 0
0.4928636791818971 0.1495085625503416 0
0.5077039429422935 -0.0490861196970671 0
0.1553886364575903 -0.4898448593075831 0
0.3194973608631005 -0.3754102358672874 0
-0.4889192538742584 -0.1441235644463213 0
-0.05592476433717567 -0.5114022894723623 0
-0.4542257681748699 0.2427887313252713 0
0.1351922549934122 -0.3973282514894935 0
0.05230351086327182 0.5161343527912927 0
-0.2447043367178019 -0.4578096137932074 0
0.3845486459125547 -0.1884349618209614 0
-0.04891833836618317 0.3940985881490182 0
0.1570820798231815 0.3924193355686469 0
-0.1541017899813815 0.5061138446498492 0
0.321484510049253 0.2954926216270806 0
0.4239243983673028 -0.08669307180327694 0
-0.4070655671265634 -0.335350963951363 0
0.3142082845597777 -0.2738372387777012 0
0.4270429486623654 0.1052583064389526 0
-0.387228663646241 0.1967736831562584 0
3 1 0 950
1344
1345
1346
1347
1348
1349
1350
1351
1352
1353
1354
1355
1356
1357
1358
1359
1360
1361
1362
1363
1364
1365
1366
1367
1368
1369
1370
1371
1372
1373
1374
1375
1376
1377
1378
1379
1380
1381
1382
1383
1384
1385
1386
1387
1388
1389
1390
1391
1392
1393
1394
1395
1396
1397
1398
1399
1400
1401
1402
1403
1404
1405
1406
1407
1408
1409
1410
1411
1412
1413
1414
1415
1416
1417
1418
1419
1420
1421
1422
1423
1424
1425
1426
1427
1428
1429
1430
1431
1432
1433
1434
1435
1436
1437
1438
1439
1440
1441
1442
1443
1444
1445
1446
1447
1448
1449
1450
1451
1452
1453
1454
1455
1456
1457
1458
1459
1460
1461
1462
1463
1464
1465
1466
1467
1468
1469
1470
1471
1472
1473
1474
1475
1476
1477
1478
1479
1480
1481
1482
1483
1484
1485
1486
1487
1488
1489
1490
1491
1492
1493
1494
1495
1496
1497
1498
1499
1500
1501
1502
1503
1504
1505
1506
1507
1508
1509
1510
1511
1512
1513
1514
1515
1516
1517
1518
1519
1520
1521
1522
1523
1524
1525
1526
1527
1528
1529
1530
1531
1532
1533
1534
1535
1536
1537
1538
1539
1540
1541
1542
1543
1544
1545
1546
1547
1548
1549
1550
1551
1552
1553
1554
1555
1556
1557
1558
1559
1560
1561
1562
1563
1564
1565
1566
1567
1568
1569
1570
1571
1572
1573
1574
1575
1576
1577
1578
1579
1580
1581
1582
1583
1584
1585
1586
1587
1588
1589
1590
1591
1592
1593
1594
1595
1596
1597
1598
1599
1600
1601
1602
1603
1604
1605
1606
1607
1608
1609
1610
1611
1612
1613
1614
1615
1616
1617
1618
1619
1620
1621
1622
1623
1624
1625
1626
1627
1628
1629
1630
1631
1632
1633
1634
1635
1636
1637
1638
1639
1640
1641
1642
1643
1644
1645
1646
1647
1648
1649
1650
1651
1652
1653
1654
1655
1656
1657
1658
1659
1660
1661
1662
1663
1664
1665
1666
1667
1668
1669
1670
1671
1672
1673
1674
1675
1676
1677
1678
1679
1680
1681
1682
1683
1684
1685
1686
1687
1688
1689
1690
1691
1692
1693
1694
1695
1696
1697
1698
1699
1700
1701
1702
1703
1704
1705
1706
1707
1708
1709
1710
1711
1712
1713
1714
1715
1716
1717
1718
1719
1720
1721
1722
1723
1724
1725
1726
1727
1728
1729
1730
1731
1732
1733
1734
1735
1736
1737
1738
1739
1740
1741
1742
1743
1744
1745
1746
1747
1748
1749
1750
1751
1752
1753
1754
1755
1756
1757
1758
1759
1760
1761
1762
1763
1764
1765
1766
1767
1768
1769
1770
1771
1772
1773
1774
1775
1776
1777
1778
1779
1780
1781
1782
1783
1784
1785
1786
1787
1788
1789
1790
1791
1792
1793
1794
1795
1796
1797
1798
1799
1800
1801
1802
1803
1804
1805
1806
1807
1808
1809
1810
1811
1812
1813
1814
1815
1816
1817
1818
1819
1820
1821
1822
1823
1824
1825
1826
1827
1828
1829
1830
1831
1832
1833
1834
1835
1836
1837
1838
1839
1840
1841
1842
1843
1844
1845
1846
1847
1848
1849
1850
1851
1852
1853
1854
1855
1856
1857
1858
1859
1860
1861
1862
1863
1864
1865
1866
1867
1868
1869
1870
1871
1872
1873
1874
1875
1876
1877
1878
1879
1880
1881
1882
1883
1884
1885
1886
1887
1888
1889
1890
1891
1892
1893
1894
1895
1896
1897
1898
1899
1900
1901
1902
1903
1904
1905
1906
1907
1908
1909
1910
1911
1912
1913
1914
1915
1916
1917
1918
1919
1920
1921
1922
1923
1924
1925
1926
1927
1928
1929
1930
1931
1932
1933
1934
1935
1936
1937
1938
1939
1940
1941
1942
1943
1944
1945
1946
1947
1948
1949
1950
1951
1952
1953
1954
1955
1956
1957
1958
1959
1960
1961
1962
1963
1964
1965
1966
1967
1968
1969
1970
1971
1972
1973
1974
1975
1976
1977
1978
1979
1980
1981
1982
1983
1984
1985
1986
1987
1988
1989
1990
1991
1992
1993
1994
1995
1996
1997
1998
1999
2000
2001
2002
2003
2004
2005
2006
2007
2008
2009
2010
2011
2012
2013
2014
2015
2016
2017
2018
2019
2020
2021
2022
2023
2024
2025
2026
2027
2028
2029
2030
2031
2032
2033
2034
2035
2036
2037
2038
2039
2040
2041
2042
2043
2044
2045
2046
2047
2048
2049
2050
2051
2052
2053
2054
2055
2056
2057
2058
2059
2060
2061
2062
2063
2064
2065
2066
2067
2068
2069
2070
2071
2072
2073
2074
2075
2076
2077
2078
2079
2080
2081
2082
2083
2084
2085
2086
2087
2088
2089
2090
2091
2092
2093
2094
2095
2096
2097
2098
2099
2100
2101
2102
2103
2104
2105
2106
2107
2108
2109
2110
2111
2112
2113
2114
2115
2116
2117
2118
2119
2120
2121
2122
2123
2124
2125
2126
2127
2128
2129
2130
2131
2132
2133
2134
2135
2136
2137
2138
2139
2140
2141
2142
2143
2144
2145
2146
2147
2148
2149
2150
2151
2152
2153
2154
2155
2156
2157
2158
2159
2160
2161
2162
2163
2164
2165
2166
2167
2168
2169
2170
2171
2172
2173
2174
2175
2176
2177
2178
2179
2180
2181
2182
2183
2184
2185
2186
2187
2188
2189
2190
2191
2192
2193
2194
2195
2196
2197
2198
2199
2200
2201
2202
2203
2204
2205
2206
2207
2208
2209
2210
2211
2212
2213
2214
2215
2216
2217
2218
2219
2220
2221
2222
2223
2224
2225
2226
2227
2228
2229
2230
2231
2232
2233
2234
2235
2236
2237
2238
2239
2240
2241
2242
2243
2244
2245
2246
2247
2248
2249
2250
2251
2252
2253
2254
2255
2256
2257
2258
2259
2260
2261
2262
2263
2264
2265
2266
2267
2268
2269
2270
2271
2272
2273
2274
2275
2276
2277
2278
2279
2280
2281
2282
2283
2284
2285
2286
2287
2288
2289
2290
2291
2292
2293
0.4993163656408902 0.00799512133927463 -0.4999999999999999
0.1685530934496484 0.3885345082990739 -0.5
-0.4135961420507716 0.2410925730240946 -0.4999999999999999
-0.02250833979675709 -0.1353444097596527 -0.5
-0.4839658851086978 -0.2233888453644715 -0.5262953091578788
0.3370343184549665 -0.422736305270107 -0.5401375133593106
-0.1487234429015479 -0.5472377397105579 -0.4311506548143019
-0.1868723618887815 0.5688918043246849 -0.4267861370486074
0.5159855046494937 0.3565026008194611 -0.3684232967441526
-0.08990018716074526 0.186013776594948 -0.6438827235075175
0.606697173493996 -0.2977359828552333 -0.3607405873292202
0.1987327473600968 0.08074780720641449 -0.3422894926890808
0.09866427984735114 -0.6496386226009547 -0.653638240543584
-0.6492390564263797 0.02984771356427343 -0.347566832618059
-0.4009967379714067 -0.526075400498724 -0.6595706095634599
0.04177745839344362 0.6594663432809036 -0.661385854723468
-0.2928782553009724 -0.02486413977686069 -0.3348032925725506
0.1919497709257532 -0.6413310571813338 -0.3322992945874145
0.2275719926161887 0.08882937247246084 -0.6731322899077132
0.6226578981374347 -0.2490257138465692 -0.6691477903061922
-0.4604026211844907 -0.4926147452414903 -0.3363620195366295
-0.1168051572969792 0.2632864128490212 -0.3243473939988066
0.4409167524336839 0.4996578046932628 -0.6637417182349949
-0.6519876545288293 0.0895119370183573 -0.6738596608396683
-0.4279731642794865 0.5203506913490508 -0.6750522309019199
0.1127302436457306 0.6657145957592394 -0.3323292100830867
-0.4759547455438511 0.4939751384437384 -0.3176355358439388
0.2155372028723856 -0.2346696960915891 -0.3157636947297839
-0.1325171296037299 -0.3638574200380494 -0.6865588631642334
-0.2636512036956375 -0.07159039969956837 -0.6912568429532631
0.6359208104217464 0.2422076820043045 -0.6758934781821926
0.1924210266997711 -0.2101123827169443 -0.6986679402299695
0.696871947325146 0.09875449723614987 -0.2939301876268186
-0.1660152127493451 -0.2876747695863626 -0.2922027296706873
-0.6528290609685485 -0.2756301968146646 -0.292157963606574
0.4602895533198252 -0.5419769539032452 -0.2851205600928636
0.3836205392846505 0.6077965189845154 -0.4048597136974269
-0.1519614412841266 0.4558949852587201 -0.7180109629760142
-0.1764863841187755 -0.6932629336337663 -0.7194462531856435
-0.6925513116697828 -0.1888209359633735 -0.7166767094614913
0.7340816041601841 -0.006920832976435102 -0.7222222222222219
-0.6596035438477962 0.3019136625670245 -0.3912824301249087
0.06730019799062475 -0.3941690407922578 -0.5015925405153038
0.525731966485166 -0.5009699542354905 -0.7253432309891923
0.2721441780626856 0.3256582990119518 -0.2604520394576021
-0.03653912821346204 -0.01567922059937812 -0.2622003378145404
0.4239749299519572 -0.08696434995870822 -0.7354631686662789
0.4074675062839959 -0.06059520734482562 -0.261335479191784
0.7343434354632798 -0.1060009136616035 -0.4796753617588402
-0.06300622959653461 -0.7360971683237592 -0.2614299846169964
-0.3335623487248069 0.1766254396952525 -0.7418643702359979
-0.6417463433975568 0.3579008219741724 -0.6541024870308172
-0.2194833954304814 0.7038352326791069 -0.6526808062880481
-0.0004237207076088143 -0.03910465782201254 -0.7419914070859721
0.08578739480049379 0.3509071862799126 -0.7449641735408283
-0.4437717825011199 0.1696509659032828 -0.2521728374492683
0.02157674940327084 -0.4621824563539907 -0.2558560394729837
0.3841177481439609 0.2661082667789882 -0.5706190185430351
0.3354696789930879 -0.671182381311747 -0.7496753736507947
-0.6259103150053034 -0.413983702040867 -0.6179790309390685
-0.3802057550818933 -0.2894183070236932 -0.7479233827386439
-0.3182816262124714 -0.6838562004776635 -0.25211967200443
-0.4081805165683451 -0.2316398989020716 -0.2462138170282907
0.0473433480258614 0.4379316010316514 -0.2478343956851048
0.2879766266646339 0.6954115704532342 -0.6209928437070119
0.2113710983810054 -0.4517057757597524 -0.7521721847145338
0.2741238140824815 -0.08800857244025773 -0.5028319665654279
0.3696724528497859 -0.6635437049108829 -0.5011119021675121
0.5838579280905698 -0.484256927814793 -0.4882600390484736
-0.116583139715638 0.7378623159247162 -0.2509365467187839
-0.0622414373859479 -0.7608891981318036 -0.5090021518335067
-0.2817390758238669 -0.3543075101445576 -0.4951198416979453
-0.7438945610433363 -0.1510561417625162 -0.481156512658085
0.7462076558699071 -0.1341132447174725 -0.2383487422098154
-0.3243529393832332 -0.6939839357152391 -0.5052752157553985
-0.4512317303434915 0.01217313444693535 -0.5652562709824891
0.4508709920862373 0.1713829698818798 -0.2346248820061315
-0.2564856976070118 0.4383164779622925 -0.2376782878377775
0.5401689511057786 0.5509105975552564 -0.2406900661647065
0.4498862378714455 0.1505296919001761 -0.7677677197952841
-0.06875465788423535 0.7656392528883618 -0.4819134678425132
-0.4028681891885061 0.6514116990167409 -0.4791081638470802
0.6992852515360991 0.3228031493751821 -0.2273471899659157
-0.347848274290011 0.682506652934052 -0.2498596427560458
0.7187915260844102 0.2769754761263128 -0.4572820984892518
-0.06410513153784482 0.3903329680115711 -0.5124140663843728
0.2572726074478913 -0.4451013888745839 -0.2257530634100654
0.396642071632212 -0.3141609671010571 -0.7701064758337827
0.2073747774536326 0.5449139758881787 -0.7768548185725486
-0.491403983842944 -0.08777932518296958 -0.7699627831137904
-0.7765441989520379 -0.1043605666104876 -0.2198240376842519
0.4542534356600076 -0.2280314939126825 -0.5160858899535257
0.3125206311206312 0.3416994755325656 -0.7743780431475176
0.004407229307493297 0.08763056675210515 -0.461194419890843
-0.7576788397080435 0.1883321234915155 -0.223475959909681
0.2688071648484625 0.5475670544170881 -0.2203178993822639
0.07406649585044395 0.2177257286212298 -0.2161878117913006
-0.6580805798744654 0.4349255749326393 -0.211806370868245
-0.196231631735457 -0.496678080454678 -0.2185219501375129
-0.2487522307106021 0.0925152806644346 -0.5188676290035521
0.408015299013573 -0.2773636056419908 -0.2139719888334756
0.6218343366375755 0.4748006642151902 -0.5298822607006183
-0.5814312613848711 0.5213902645898595 -0.5126743792696953
-0.2803843293005567 0.409678998917468 -0.5458471565216735
0.001813204508449386 -0.5049819903496289 -0.7863647453571729
-0.7708794331836454 0.1413028423294586 -0.4947749955914525
0.02429758877312771 -0.2183083014134735 -0.2150568018652613
0.7858109123319261 0.09206499567371126 -0.540331866332559
-0.4947591909265321 -0.03653661959185873 -0.211593169049499
0.6396110099028676 0.4513534845489893 -0.7497594752240335
-0.5369425923288471 0.2289268897931756 -0.7918787687775608
-0.2391628191715335 0.1357244041463148 -0.206705226116229
0.6427002515219408 -0.4526356340863913 -0.2126754015388038
0.006108867104442963 -0.244549927486698 -0.7936417685716486
-0.2337108844813243 -0.1482060558331844 -0.496271047500723
-0.6552006652159126 -0.451858151398532 -0.4109192373900118
0.1483137050403313 -0.7753406282867388 -0.490484456593422
0.7205969695721058 -0.3258979387114297 -0.5005512093963482
-0.7525193566770148 0.2600801982172096 -0.7995532439078022
-0.07596206156662373 0.7833823468294712 -0.7886611938752059
-0.3790702367722055 -0.6941791279601992 -0.7922331904125685
-0.6072697147167675 0.5120939445845614 -0.7944683056840567
-0.5738704760395298 -0.5355579350822476 -0.7888870450042249
-0.2408943458928679 -0.5079235263388485 -0.7941988713691996
0.07050072265934514 0.1493498778510896 -0.7962303775597743
0.1676803404577574 -0.06824735813585124 -0.2004185384211726
-0.530686921771097 -0.5886691038139473 -0.5081318747513555
-0.3259182276287724 0.3763634342708639 -0.8005243947372186
0.2567497244795862 0.7557261669937271 -0.2110091498317742
0.1785329320396312 0.7560539501403727 -0.7943817524592155
0.3516874447445719 -0.7083086009317671 -0.2084685888678675
0.1383386483803493 0.7821879109462004 -0.5038550209454393
-0.6383126935503143 -0.4656766912144044 -0.2005961333755191
0.6914957289421169 -0.3984395960431139 -0.79446820362063
-0.1633092159775487 0.07199290644581233 -0.7973351076871706
0.418029465483489 0.6719271865800717 -0.7913222044570261
0.003566399783378946 -0.7872847783715079 -0.7873585514072183
-0.7920808524669951 -0.0176867972386028 -0.7895688253565554
0.1002635560711613 0.2173583866716119 -0.5829920571135633
0.04627165914336659 -0.5930941296596964 -0.4655730110526937
-0.5728501478962001 -0.3324352436819679 -0.7964489699943929
0.05260129532949206 0.5537402343772655 -0.4894749395249212
0.3745650739751246 0.1396137240733181 -0.4164023169433492
0.585258096465044 -0.08878439880425582 -0.3478772188205483
-0.3826593997028945 0.6943113327104435 -0.7889933055268887
0.0636857483691998 0.8025591038999551 -0.1961036020652444
-0.1913901749856344 -0.1181891958520216 -0.1919101122332535
-0.2030345057677315 -0.2218164588838899 -0.8053321447975017
0.7706579053815698 -0.1934797178288175 -0.800751448879917
0.1848925401825913 -0.04708688159073536 -0.8100251768567288
-0.1032588114450582 0.2841444570144488 -0.8147403435903733
0.01221936082674238 0.524870570846004 -0.8049954643594643
-0.2537145109390087 0.762705245812983 -0.4066654046247035
-0.07790646745183108 -0.5588757169954405 -0.6145419207170457
-0.4267225845347609 0.3543808669663699 -0.1893883776605663
0.355727537765876 0.4223040705793428 -0.4576284327152587
0.1273536063823738 -0.7833796579512216 -0.1972303160086469
-0.31022188852878 0.2812821400127656 -0.3397795517898299
-0.1026290409518628 0.5513518194586905 -0.1889465635956705
0.5774782382540855 0.01802005590122982 -0.8255486382605527
0.4415743417705084 0.3910781314338315 -0.1928597267594059
0.217112096272204 -0.2724939749821094 -0.5170470280998741
0.545394334567629 0.1960444405564123 -0.488816023943464
-0.3670485107715404 -0.4113504092048385 -0.1877427190869954
0.5041337771284906 0.3235542811748836 -0.8099620571505024
0.799498046294478 0.147816157020471 -0.8143703383703051
-0.4665386028090261 -0.08117008351983901 -0.3971317479127402
0.05898297840571723 0.265234936969004 -0.401650451477127
-0.5774259632584873 0.1385170060997379 -0.4906842821330734
-0.4996608324231701 -0.626100117642848 -0.1940855779653122
0.5671682702051523 0.01169867865899119 -0.1805468208658617
0.4236615712118159 -0.3777908246944617 -0.3758190977925813
-0.09901314854506858 -0.3070769137562413 -0.469440439107658
-0.2101921553935121 -0.7859361147389008 -0.377898875518874
0.1131596743941862 -0.03771244714252903 -0.5899312031819928
0.1182315971738707 -0.08620939740087649 -0.3826781778816265
-0.4612109235328031 -0.4120570965286879 -0.519822730265878
-0.8130987314760175 -0.01516238931503788 -0.59838586174796
0.6685201212860054 0.4642705817963489 -0.3472246376687115
0.2703971312607824 0.1535726626141475 -0.1842039055180649
0.5713856639147231 -0.1848875128769699 -0.1830670821324849
-0.5571863447989003 0.5983628851687226 -0.1808482566224047
0.2119634336270416 -0.4694726221110143 -0.4070879126527648
0.5133539238771507 0.6335702999565692 -0.5452799675775938
0.1890157174825165 -0.7939454099437465 -0.7408692067254361
-0.1005917950679859 0.00655237673173395 -0.5918345109032944
-0.1658881954314847 0.6188557564148915 -0.8128230820875392
-0.4469299921058029 0.3326998305731783 -0.6619872392586689
0.1713038054739751 -0.620010160090769 -0.823561132129803
0.2649552291751383 0.5111101021077703 -0.6025603476808941
0.5276320921702777 -0.6277922649508993 -0.5906127424278816
-0.6147358852237391 -0.07396462187759931 -0.5917455647012708
0.5818368209652205 -0.07201201171916022 -0.6430713906254374
0.823491761458221 0.02898713532666047 -0.1807113675172636
-0.7540351582384757 -0.3329768755280328 -0.5122204702781329
0.7771909009143793 -0.2888662582785795 -0.3290609499222826
-0.1279595782842098 -0.1858419323599654 -0.6416296448445871
-0.1503520630149852 0.08712024014283887 -0.3627767720986963
-0.8239966137681574 -0.006472278130360741 -0.3967143065391052
-0.3510030118334342 0.01526443878138443 -0.8268944698824835
0.5915165669866549 -0.1687723246438016 -0.8303019673713878
0.2860863115951038 0.7647885899712463 -0.3936104091966548
0.7938097046413718 -0.2078123212452587 -0.6195096540119027
0.3712399539418025 -0.5069943461232231 -0.8265509517119477
0.4288274921207565 0.6988187758136998 -0.2498471891608363
0.2600766831423952 -0.5711778085514888 -0.6156221434841327
-0.599468813891378 0.10922843112282 -0.1786653818569634
0.2182284335777584 0.530124968906908 -0.3952935963214949
-0.1906041815386338 0.2620613253594922 -0.4901845931482787
0.1356375959329687 -0.5765302954947491 -0.1716659170881199
-0.1044162147696931 0.5767757573476754 -0.5895872231967749
-0.4514600733432269 -0.6846780956508174 -0.375745993347042
-0.1024232423371068 0.3658971125880681 -0.1757619029874791
0.06533296059432483 -0.3727313031454081 -0.6809583001898394
-0.4098177974118641 -0.4508230836776812 -0.8236507181263578
0.268847935450918 0.1747989572957611 -0.8258266791679159
0.05260077197805479 -0.2546202881979763 -0.3886722980343134
-0.3255226220259225 -0.522796182939207 -0.4510207620961769
-0.484682860936164 0.3190133355823149 -0.355181096682844
-0.41051873173501 0.08816351645174614 -0.4076624510568166
0.09658581789950973 0.5918560843623839 -0.1693534163859608
-0.4995572179914561 -0.3158751497976354 -0.3743857444198287
-0.744189736331454 -0.3603214521562286 -0.7443777847054578
0.2237989404992857 0.2255099989997416 -0.4553332392696242
0.692386509024287 -0.4498524124168419 -0.6245160199832415
-0.452565622554481 -0.6937090803942128 -0.6288333480831958
0.5109956173606756 -0.371345953952176 -0.6046119755578698
0.7559982348811006 0.3266077139280486 -0.8188324158283729
-0.2240162662078097 0.2992605055849831 -0.6736238157677535
0.3826246870960483 0.4958923478938687 -0.8332984773952989
-0.1058291939377244 0.4396400791696047 -0.336777321058324
0.004065349725315949 0.8314337742916963 -0.6311666941953291
-0.2374024620906519 -0.4827693037224556 -0.6082673597270372
-0.7763702945839452 -0.2962612388118833 -0.1632513497423478
0.523292505411672 -0.6459562546782819 -0.4142452539539205
-0.6223540301011747 0.01542867112647491 -0.8334233280776142
-0.1263263088378266 -0.1307273790591643 -0.3590262752678187
-0.2140104956227533 -0.8041022772893034 -0.5875952826914521
-0.766125764089071 0.3152603113771379 -0.5336568748096208
0.3886710315050373 0.09439348666498076 -0.6046933013728448
-0.05754067056268107 -0.5885649660487204 -0.1642492545660325
0.3055750425859752 -0.1765811800579124 -0.8274268301829439
-0.8172932551014989 -0.184434242969818 -0.8360981295118333
-0.06893838832315732 0.1293136356380073 -0.1718813753814674
0.2914585044534681 -0.7736239997545854 -0.3895502875337191
0.1641726680830244 -0.3101618836875021 -0.1677767497006
-0.4774614103601336 0.07980333326023917 -0.7238278237238976
0.5704069146444827 -0.6037526956533998 -0.1652442380291907
0.7694650845079409 -0.3352763818580054 -0.1630468789243519
0.5009324800713926 -0.6528360572841263 -0.820448943529821
-0.5007383950645579 0.6668042089369343 -0.3343714970091105
0.3774175307645868 -0.1966851810478528 -0.3641039836012965
0.09728458283999494 0.4948364054257205 -0.6473217020657094
-0.4474123613744248 0.4116384680979824 -0.497543203832814
0.8278358578582091 0.01410361650566434 -0.3837034041063057
-0.216441738065501 -0.8041693118790181 -0.1726809689498898
-0.3308311644826076 -0.005194257327603065 -0.1675761715558158
-0.8179024404512847 0.1481232675012558 -0.6644618866479278
-0.6387581822842199 0.5415302438281662 -0.3508742942831329
-0.6166833289407234 -0.154512986438433 -0.1723865907644008
0.1599061059548847 -0.3098952181012943 -0.8351781341316447
-0.581350447274412 0.2785041340767268 -0.2159449986580814
0.04981188785784733 -0.8289527259769048 -0.6242654559750496
0.6030132751620086 0.1821079965411902 -0.8364967779872914
0.2849721142676671 -0.7805084780997484 -0.5970773637246696
0.7041488673928176 -0.4404932942243501 -0.3730774655357813
0.3394945817646143 0.01975901326814589 -0.8387520477597608
-0.5357911269206118 -0.3262144455427401 -0.1715437618921551
-0.8073854913561198 -0.2216450097952063 -0.339598135935977
0.04387725827864285 0.8281754461417347 -0.3662086994642001
-0.3575810239470242 -0.2275048181695082 -0.4093431054126593
-0.3232780848636399 0.4713413133729196 -0.3919091557590737
-0.5022338399315512 0.6686195849752748 -0.6212986040329807
0.7405862897454749 0.3683910304294827 -0.6078603074415539
-0.07067842267347431 -0.350798926248297 -0.166130359725272
0.8457269575844747 -0.02636912875240774 -0.8405132998079924
0.02822828891800114 -0.8267139445025043 -0.3771023353155743
0.6237765233760371 0.08890763846378835 -0.5984612487615075
0.6121470707288791 0.1830739361392169 -0.1642984552123351
-0.280804595957343 -0.4053135037147886 -0.3335062071204535
0.5361584844553222 0.07495359623469451 -0.3470923814536512
0.4820111295701207 -0.4226893654754719 -0.1659634029262281
0.5246558034775411 0.3577681998423103 -0.6117703035231711
0.8051552956266019 0.2003074211080709 -0.166791845823714
-0.0427375941311624 0.5974617700214482 -0.341245911685215
-0.4936698451235309 0.3896370423546312 -0.8318560305806707
-0.1576800410513327 -0.8193113940584801 -0.8328005831975315
-0.3518874978826418 -0.152258917018381 -0.8409110079088724
-0.2704177605349276 -0.2764357916530525 -0.1609317151971562
0.2778684137087725 -0.187412302486968 -0.1587852014206944
-0.3433190946593481 -0.1966993279901626 -0.6133388573070995
0.3517775784616722 -0.2096156897641735 -0.6472338290663867
-0.2742781304934475 0.2921476035470714 -0.1573064718168274
-0.6060825113691973 -0.5851575016133923 -0.3190575824301318
0.2333672676741391 0.3068658075042593 -0.6310077425293326
0.2135961474138608 0.0674559912600238 -0.5080061426202257
-0.8304505462479271 0.04682538093398143 -0.1609688664542964
0.5467832923616338 -0.3294901573138833 -0.8421834233089677
0.03924240982903537 -0.2151648297425184 -0.6328188931136036
-0.07155474357848313 -0.6459288806716489 -0.8425497780970835
0.6805776121083232 0.4823692133303236 -0.1816014774353227
0.6360781151884306 -0.5484398910786429 -0.8404954995733783
-0.1232610263202034 -0.08182116896114314 -0.8450912033259603
-0.3912637693929466 0.5221540218015197 -0.1699290202973864
0.5672085639276789 0.6097471788069521 -0.7198954676250938
-0.2809463828711736 0.5757185985771397 -0.5647341594960223
0.5817528309781534 0.5994397848362711 -0.3958725083201988
0.8378739289640368 -0.05056259828905621 -0.602755087074373
0.8048383710802653 0.2167724576452731 -0.6570428136823881
0.08166274927905842 0.06480593595631377 -0.1556679341802359
0.1844187720494126 0.4203588888285018 -0.1576702326975228
-0.2457360907663071 0.7954226949626776 -0.7938092079764033
-0.7726170907349733 0.3349893934213397 -0.1587553501616333
-0.6220726518976942 -0.1323288615493812 -0.3700170553181158
0.2733907697948322 -0.06836223865477381 -0.6739200481829025
-0.8226103607626372 -0.2047518625324828 -0.6160908135860056
-0.1619272207822185 -0.3746632633053473 -0.8472739949423607
-0.3277603897075151 0.7780723754095057 -0.5530783880889745
0.6617982925431597 0.03795783962650258 -0.4466946065356956
-0.5347977374353563 -0.2201095288604469 -0.682601578016533
0.364998057378646 -0.5246259983031654 -0.416122834607354
0.3996156675872981 0.7473283554776233 -0.5123514965070007
0.6106016158370616 -0.2095255955044633 -0.4808227031056648
-0.5646427697497148 0.2976421058170761 -0.523720308457654
0.04067124417731764 0.6818492604031366 -0.8439538801095214
-0.3131885360330029 0.5426496110510222 -0.794137006037646
0.6183273554087839 0.2343132176202379 -0.336940229588137
0.3048592839251511 0.0001746026572415488 -0.1547224118347553
0.03630191385801039 0.08804963505397151 -0.6521304995253938
0.2715695065844853 -0.06140893576706526 -0.3453236368180936
-0.8051014053925754 0.236531847706367 -0.3695707668062575
-0.05310754159389931 0.3409639194383632 -0.6648800772055514
-0.7239239452561577 0.4401607673072873 -0.441861113431246
-0.09633111948802926 -0.417503255991431 -0.3539928174558052
-0.6231810511833328 -0.5740959596900589 -0.6398705658205069
-0.2512952326321065 0.7916998777261758 -0.1576232688713025
0.380667675014896 0.4791525221303425 -0.3108674496997856
0.1895676910652014 0.4059572927514022 -0.8522401667426005
0.3590289685353619 -0.5532052525041463 -0.1572263238194455
-0.6779449081129687 0.5150645361104584 -0.6422730160902664
-0.4801352313045454 -0.389442559779752 -0.6757870195997929
0.03465764548727224 -0.6152763377703578 -0.3059218431863539
0.1894490328468334 -0.4250117915945533 -0.5975933366990409
-0.6380324082477277 -0.2368893232693344 -0.5629280433100962
0.8073986944717323 0.2160385522615774 -0.3315075697930118
0.4102280136428185 0.5748640094121839 -0.1498408139393189
0.3738564713803436 0.2906591539633913 -0.3744799939554032
0.188971012949248 0.6317790626504547 -0.514039686640988
-0.5798030943820428 0.1727122726251479 -0.3350803618488162
0.6255813190841085 -0.5683394237323508 -0.3204230481847724
-0.1757643265951883 -0.6568976994455784 -0.5403715320784697
0.1329468524544213 -0.3685891967387452 -0.3157943534021336
0.05850764649902647 0.847763302227765 -0.8430605506432275
-0.7665502068497225 -0.377161221031496 -0.3293819836859588
0.3069229724867032 -0.7932733659659578 -0.8485266672559205
0.04873359254368433 0.4219565282087152 -0.4040890535998415
-0.1640121656675798 0.8489468847628662 -0.6002200877335253
-0.2290913763359337 0.2011556632973086 -0.8551799464124835
-0.3258222490826342 -0.5601261268323006 -0.1541636630118895
-0.06522287387646061 -0.8457419653433287 -0.1462460414173948
0.1936615339664957 0.8220570071288789 -0.6490067130336534
0.496411055596699 -0.696434005195925 -0.2680689375351685
-0.1761671894628065 -0.6316059964421195 -0.2995881535876699
0.4284897423334537 -0.7373469246994656 -0.6424790120427503
-0.7336661138140042 0.4180366106915399 -0.8444883667700427
0.4103822084877955 -0.5310092172536441 -0.6249247051257792
0.3694671001674082 0.2643111185794186 -0.1418271473066385
-0.5960784177077858 -0.1824059148394927 -0.8424334178864379
-0.01159379208954932 0.1356900667503321 -0.3152187152149271
-0.284237500281471 -0.8061050898735238 -0.7364475993513697
-0.5024204424656294 0.1898063290049143 -0.6168363945765656
0.4050030031679592 -0.08048355800515196 -0.5830731864578137
-0.2270797887971313 0.5868606628369026 -0.276733285863013
0.1957645023863539 -0.6279106642955856 -0.4865965061264293
-0.8379995343929357 0.1287895646325015 -0.8436495873394705
-0.07723066658569444 0.8459411514297343 -0.1459226894638372
-0.3071210820392639 -0.64801459280061 -0.6513546139740582
-0.767094750363605 0.3708368172378769 -0.3072500321954444
0.8387314124097909 -0.1472311140669399 -0.3670179137975606
-0.3289882955547684 0.05862757836976798 -0.6446222948825694
-0.5347898707773016 0.6537760309375577 -0.8410778774023415
-0.4279127080465892 0.1440586588698614 -0.8581207600932851
-0.4614626634716355 0.7147906203220049 -0.1518285143113058
0.05852253407163893 -0.117094072104464 -0.8591535852103462
-0.3305287474395406 -0.03107543313210163 -0.4825386021440666
-0.2780562410941312 -0.3409466114700767 -0.647030773262725
-0.1294004715127722 0.8441072047988465 -0.3629243843380765
0.5826252985441007 0.3665781475668223 -0.1380508042185016
-0.7016586024319191 0.003404199754688142 -0.4903263549330568
-0.04453871767659764 0.2243507769170161 -0.5044765646122402
0.4941993502142137 0.4854441945124917 -0.4469955847344351
-0.03866931857043141 -0.1036241302014258 -0.1391616384537246
-0.09478887417675229 -0.841935971379855 -0.6800063979821145
0.0656887945760385 -0.5130098416491271 -0.5961265152864985
0.02741206657061018 -0.3771921993229337 -0.8629909419381345
0.8521660468756836 0.07641786397929921 -0.6815774675832508
-0.5251075938971345 -0.6733636264273102 -0.8491301274274241
-0.04324220837649084 -0.7027024879080987 -0.6477163543778285
-0.026997964183053 0.05289034462424263 -0.8579876216443791
0.1498927872870973 0.2609412313062807 -0.8585866420740225
0.2754532759741503 -0.3347251337260106 -0.6821366175556465
-0.1101314213867215 0.4281648697176419 -0.8608164635831683
0.3384268599017379 0.06985069760244844 -0.2885361034547916
-0.4173611563774932 -0.7494117101878736 -0.1553432542878315
-0.0722605567583797 -0.4479424967925688 -0.5136635642734479
0.5576785110496781 -0.4354571139405592 -0.339252583966455
0.7780265629159775 -0.3421628295411008 -0.6851423057645862
0.4319080006701099 -0.1479779823657 -0.1418160592743746
0.6932235451121465 -0.06142305717172873 -0.8559638981783046
-0.2443566027616747 -0.6503295277510109 -0.8494066942974483
-0.7126454141712679 -0.4840530706222977 -0.8296156773275539
0.4987131601138687 0.1929000119147578 -0.6363915739550177
0.1909382502686532 0.2722641486880724 -0.1412922282070555
-0.3467406807347364 -0.1504219088303458 -0.1371258139974326
-0.1673498555026521 0.02095958593765429 -0.1448216004032493
0.777945323355158 0.3619335232103963 -0.3487159644026038
0.449136209751376 -0.2039618214858441 -0.8551168106883889
0.2820360113407946 -0.338104281790342 -0.400008132124737
-0.158510844253814 -0.02571649085780846 -0.4589635467436515
-0.6710441478966919 0.2099604261277389 -0.5850083155164482
0.3256544510015634 0.7900502991113408 -0.844212517692391
-0.2598985968961472 -0.1742493085547999 -0.3110708971610369
-0.3084210738984429 0.203280295731022 -0.5978841474639323
0.3214861103134252 0.2027094235474491 -0.6897564127051959
-0.01931402255880812 0.6861189378737063 -0.1477570822143998
0.0386186224827523 0.3387358059891187 -0.137465923426921
0.2651877085729799 -0.8135543352140195 -0.1427920953537381
0.2909294517326655 -0.3772912719016195 -0.8529618449154891
0.379110047940079 -0.6587554485382306 -0.3522633241746751
0.5953403122638311 -0.3275667578062615 -0.1464329212606871
-0.1985917957731048 -0.6428519848944995 -0.1498537350456848
-0.676468542207592 -0.01746617624313646 -0.1456143195464458
0.4046659387560051 -0.05881180823297499 -0.4087633270965851
0.1712202337894696 -0.846442669883948 -0.3401015933037411
-0.654726675794258 0.1605759624655675 -0.8556264084756344
-0.4474845375330415 0.08034776214751324 -0.1344449867629887
-0.3247121559941515 -0.5443932236559794 -0.3037469884658024
-0.5267610441315838 0.4562101665651934 -0.1408452519003955
0.5305191709521446 0.4666535536876015 -0.8549278901408652
-0.8500170579865104 0.109420241577573 -0.3082326933171134
0.122068709023667 -0.1605235231856892 -0.5095241792810103
-0.4962814856249946 -0.4810977822823419 -0.1492325814247217
-0.5507068153608061 0.6611248196646249 -0.4738323856047548
0.4977759322322531 0.03894749603048034 -0.6831651671594159
0.1821441573727882 0.2236982875357333 -0.3148986398787166
0.1007852282176198 -0.438434998028459 -0.1344200251471324
-0.7900541853468451 0.3412834184476159 -0.6793037188335929
0.1279577212102908 -0.8572981947251754 -0.8608782201310828
-0.2871477295566344 0.1366599759898146 -0.3451742214936265
0.4851448894071252 -0.2165922829174409 -0.706704232425833
0.1707040198246496 0.4114766411526741 -0.3229822707898203
0.3873955467451034 0.2526749016186812 -0.8641134954355225
-0.6330322766435295 -0.3063509540594006 -0.4340323502070995
-0.4488618291386979 0.5310931104135783 -0.8590844323020245
0.4363413219645132 0.06169201049802367 -0.1394269199350289
0.1822849220914641 0.8336690485474475 -0.3129864486415705
-0.07018711516076546 -0.6668500339280287 -0.3957775269601342
-0.5762020694239454 0.421270712268059 -0.4060501445355596
-0.2072481399319896 0.6485345632071761 -0.1406125533679182
-0.4643794669307766 -0.2442509188852179 -0.8588970912678233
0.5364772077697266 -0.3489914870910172 -0.4630998847783357
-0.3056897440906569 -0.3541950061164525 -0.8546590117185928
-0.7044742601487537 -0.5054372515349331 -0.5367553431687183
0.6404861200517689 0.5726722452039872 -0.8488359709266367
0.3026718313856854 -0.3401652229639572 -0.1363132349621255
0.5486422346469702 0.6754906661512605 -0.1671396081836782
-0.3974100672507807 0.75914556355086 -0.3805982430767207
0.637451500421732 -0.5762655894982527 -0.6707270915229279
-0.7063857529120461 -0.2772399286482908 -0.8588251863212069
0.7814172623538763 0.3823492802483996 -0.1313003786474325
-0.2171060533837314 0.3733797399244578 -0.4014905432122975
0.3713550725445179 0.597528336860538 -0.5505818093853238
-0.1874598887385661 0.6869881732722058 -0.5117607682897327
0.8521716497491725 -0.1093712591158284 -0.1390458638497373
0.6991861483134647 -0.03644512676328925 -0.1402765280808522
0.4679595790255272 0.7240524303524891 -0.3868984883888654
0.3482013581682024 0.3949681507953477 -0.6260998434201495
0.1762404019625554 0.2130325558477373 -0.7232067456329149
0.0178487587381812 0.3371155201617619 -0.8706218490527875
0.451376645829801 0.7210309246262021 -0.6521101010147783
0.1228360802712787 -0.4839756575352366 -0.8600485595658216
0.07454216490058103 0.3564879576254628 -0.6026680957036694
0.8044325803653709 -0.3258090215583955 -0.8470938516843303
0.5043592061834328 -0.4656561567233196 -0.8635180884840017
0.2849771382441912 0.6463051346707486 -0.8551835201335881
0.3309294657357329 0.586670352923329 -0.709637660629994
-0.3593117194940865 0.6689900682425558 -0.642395251974864
-0.5595726834512079 -0.00252190829871303 -0.4726076082128398
-0.6287010581635715 -0.5949009663545577 -0.1333317176304434
0.8270961693972434 -0.2317590507077322 -0.4821764581172325
-0.3514983760993732 -0.7851500023041074 -0.3492131762392253
0.5271404886458353 0.2903520561865617 -0.2437119269189253
0.8561662810680422 -0.109527385591291 -0.7283906769107593
-0.8614862468118223 -0.1504607982307481 -0.1231378489413005
-0.2919589344108195 0.4530036989064544 -0.6830334610406503
-0.4557449064232787 -0.1120898859940346 -0.6343934517594667
0.2756963303868094 0.8196112338813369 -0.5265331791426309
0.1765937933319865 0.6131593919077549 -0.6554024698288906
0.6860663608692474 -0.1833998775051978 -0.3615766381203266
-0.1920594319615462 0.08978386998387221 -0.6601549414831792
0.3224914729265506 0.4451376359517907 -0.1386788135399871
-0.3979218659741297 0.2284050504255934 -0.1320235290784467
-0.4838134824690541 -0.1871750013848619 -0.1346412248348243
0.4546665519231509 -0.0555523692474089 -0.8694383441278732
0.2052910090896959 0.4191029555477739 -0.7123212370006701
0.5940658855252016 0.3407302733174087 -0.4875546242943669
0.171691357578337 0.08123796824563395 -0.8670200254505411
0.07192853349357592 -0.4778066180135606 -0.3873458199792363
0.01207853216918655 -0.7150686582535127 -0.1368466843793055
-0.03032422493805371 -0.03505350270043506 -0.4015067712137095
-0.1461437209581448 0.2397633419900731 -0.1301944937556176
0.7453176557300035 0.4242069503507804 -0.4748060192365243
0.7292378329071406 0.4603668296423141 -0.8651930230663427
0.2533491213346177 0.6465880869551027 -0.3213876471184467
-0.034365680674445 -0.3279612095691534 -0.5925235128640904
-0.1172441479808046 -0.5072549816239106 -0.8611256218875555
-0.1147189782992664 -0.2212556420383198 -0.1359657440430954
-0.07888888501050967 0.71350542487656 -0.6124914599639648
0.2334704118603693 -0.6743396544431837 -0.1356041639298563
0.01945013685312038 0.873586006310307 -0.4981859486643476
0.4688103390810058 -0.6964382726519932 -0.1283962725728878
-0.3516356165572681 -0.7875301524781041 -0.605473527800876
0.6744210650926962 -0.2760660560414432 -0.8682436144642899
-0.6322680249954784 0.3141536348863824 -0.8630680476608803
-0.6738134203669975 -0.04842254388078487 -0.7179272912613842
-0.4087172893522888 0.2828650639477379 -0.8643773268699638
-0.3822974818494998 0.5929413530737285 -0.3527787994695242
0.4843222956069424 0.2070897920262877 -0.3645880329894101
-0.008637052299916341 -0.3307999309373054 -0.2898101875866772
0.2988947598133261 -0.5580199562488436 -0.2973044593204374
-0.4859279756185253 0.01719205236317395 -0.8613064822483811
0.6765951828423168 -0.2591178038679574 -0.2369717417294177
-0.5305266004615675 0.4394628010667747 -0.6177479180612124
0.04572176225933523 0.689351725491072 -0.4535025134709
0.7019138563509204 -0.02558748967916868 -0.5883021877947787
-0.5132673387318736 0.05021787274146154 -0.320155350621785
0.3790175805437921 0.7748828183213613 -0.1396712700171082
-0.1084081295884761 -0.8661400942810021 -0.4297836102429857
-0.3813525639144477 -0.579349874383829 -0.8738038990872506
0.1283485118205561 -0.181604177511791 -0.131807422233197
-0.5226523401121926 -0.1574233640068254 -0.2754112835999034
0.2205240364290861 0.6454963842835147 -0.1328655438115074
0.4220808477908978 0.2981760334769907 -0.7005419328776115
-0.1350452933845496 0.6934609597332398 -0.3826732324715435
-0.2177712755135674 -0.2601284247573429 -0.4171292139419831
-0.002990642645193109 0.4788365642688281 -0.1251662461401125
0.3250866350967704 0.8065692127951005 -0.7024530594491931
0.8432519928016315 0.2180315667840381 -0.5000247012802883
0.5050757908625481 -0.184032105536854 -0.2959577466942246
0.6973493065713605 -0.1343453026949501 -0.6849063131605345
-0.4528767615318035 -0.7442248594627128 -0.5003222011341696
-0.8575759421258851 -0.1189625791353441 -0.7200193113310503
-0.2159414729168142 0.3372577509821125 -0.8742569458827503
0.6661515301444385 0.1159237240380229 -0.729748793246384
0.02678160635150488 0.2342843589276822 -0.6976752973009936
-0.1980155818844989 -0.3895413431957774 -0.1328293541166504
0.09570349399934761 0.009341532473753161 -0.2872599519408806
-0.3813173000950042 -0.09760751390744893 -0.2590530716946855
-0.2872326952501694 -0.782454387138481 -0.8758200331892396
0.3441312663560886 0.03042200203459644 -0.4925625952001473
0.004634992876505394 0.3133404203097676 -0.2854775861345064
-0.7678523046910786 -0.4165893802131591 -0.6208559684960425
-0.1347365001407166 -0.03493125459545902 -0.7173643629768315
0.2000609372109847 0.8431219445604731 -0.1220621827956034
-0.6042117539300075 0.6176710292025768 -0.7025725420930352
-0.196927653564272 -0.2657562733694602 -0.5550943978960778
-0.254216528146333 -0.06519153684441581 -0.8795473759225534
0.365778684355466 -0.4338252978303963 -0.7107332008756703
0.7286203899381594 -0.4861825940480382 -0.4986901733617764
0.6705687258024204 0.5443630832149339 -0.6452675323621425
0.007573179313371092 -0.1421809095178763 -0.3266175601942504
-0.1238559543847962 -0.4942725259643169 -0.7255201685112341
-0.1844083406692605 0.4627176739969195 -0.1235013017611437
0.4696326395563419 0.06648678407132737 -0.8663802079465944
0.6911260502483312 0.07817280478124118 -0.8699888326734145
-0.06664711561287989 0.5985798049090492 -0.7199252293211101
-0.1004723899312527 0.1650518795737266 -0.8801574325796471
-0.7586772650519931 -0.4322527706567256 -0.1390536111446235
0.5718217177557708 0.4205204248535356 -0.2623298848849706
0.2834008316704475 0.1696562404896746 -0.5637380464553288
-0.5704340278662489 -0.4142994797262264 -0.3089644312995488
-0.2214206807183354 0.5710339243637417 -0.6887257990455131
0.177596983627253 -0.1806198807170496 -0.871965661858716
0.717233700666146 0.1007051687430269 -0.1300516950298191
0.6043953022194966 -0.07715442360365678 -0.5094803173564193
-0.8670056815056553 -0.1322901289579651 -0.4260780934751965
-0.171031665551475 -0.0138491689988584 -0.2753569733980377
-0.2849883468744115 -0.6506324062995369 -0.3811004394441558
0.6279297746104496 0.3636978152422198 -0.8617602486367615
0.1594727125649755 -0.5141586022570765 -0.2900008406772252
-0.5570513205874977 -0.6687134826947274 -0.7151502148491307
0.09545378236308721 0.5304335637310817 -0.3358136433571092
0.2553164406649017 0.3467991644998882 -0.4056365794308357
-0.3076571147451724 0.8085716628630844 -0.2884228418870095
-0.07420225659416507 -0.871381305155522 -0.296292208694238
-0.4000563937114365 -0.3176333113680843 -0.5943215796905191
0.5141934930734547 0.4844869447607615 -0.1236130918066914
-0.3861829301284828 -0.3778473598454152 -0.4130868310040734
-0.6759722057318869 0.5468031538825004 -0.1328256471197127
0.5838944830358139 -0.368744874948683 -0.7183406167713252
-0.06748368259564522 0.5085106151128914 -0.4466976801423579
0.1144328132474636 -0.1008896964900522 -0.708761552481883
-0.0369533427068312 0.4747294665496282 -0.648414246985803
0.4595211083301722 0.3429174178750408 -0.4898295180259607
-0.4645399940648036 0.5355847613627975 -0.4459267633999514
0.1186945518111247 0.1478946315250341 -0.4260409528125725
-0.4003553001487891 -0.5890316345677944 -0.540855095270795
0.4654402794600734 -0.546596651414591 -0.5030502906449252
-0.3345249710492322 0.7957140114788669 -0.6890765351429503
0.6457821780690288 -0.5924476119369044 -0.5378187022907328
0.3401149636609279 -0.806922792652394 -0.7179293936712985
0.04538692563064783 -0.6323736409250509 -0.7764738070718807
-0.7080595233428034 -0.1021693315326187 -0.8612184849139893
-0.3867021734529273 0.05066782393755255 -0.2759042142099249
0.4407741420105253 -0.7515295439131269 -0.42798915330505
-0.1168076172402495 0.1122176911768299 -0.5117048686049268
0.7110051110175722 -0.03464102442371925 -0.3278522333534221
-0.8668404911368238 -0.02003943916661005 -0.2708340793988364
-0.1590018011707649 0.4538936611657149 -0.5836172720681405
-0.6513340366013858 0.2176366297379306 -0.7192972955576505
0.386476074857975 -0.4330366819911852 -0.2594568507510121
0.1239618245287062 0.5195211897086592 -0.8782095592494565
-0.3243466934075683 0.4119986362269827 -0.1254933380297293
0.08187067445927973 -0.7039827378451373 -0.3966013339344425
0.701369497919835 0.1960530306967819 -0.5655855836295064
-0.5198099761285042 -0.4963012204873255 -0.6056975065374959
0.7407650167469062 -0.4586809995330456 -0.1233906644457824
0.2488992738370188 -0.5253129191804484 -0.8775990085137177
0.6657213873567983 0.5753251591886414 -0.2750971221330914
0.3116902641198133 0.1990009998119406 -0.3016700256802822
-0.2906539187558972 -0.8209161413144931 -0.4790732505680774
0.8364128495101171 -0.2332400864655302 -0.2210804330180594
0.5003895745405482 0.2434036855665318 -0.1208350725263656
-0.2308977351906211 -0.02855062199942 -0.5701107347840957
-0.07718308412503576 -0.5405174267783751 -0.3029336414969719
-0.02884690937457838 -0.09906416671098787 -0.6272905280099553
0.03247195380027881 -0.8782427358178632 -0.5007991097537836
-0.0913810833294158 -0.2068406043979336 -0.8749541376493053
-0.64815869999749 -0.5844224719830682 -0.4454518004740811
-0.5282551332006022 0.2045035340945529 -0.1187967063759455
0.8659239778251404 -0.06590522381095622 -0.2646010993658409
0.862125616266243 0.1013985124385489 -0.2872819792531469
-0.8741065650891224 0.0566743027253899 -0.5034606058029837
0.180533693027266 -0.8608076193414604 -0.6244198673692417
0.298282239760814 -0.3268954787481881 -0.2690802938785876
-0.7044394667717171 0.1482217639800274 -0.3783833395367032
0.1123456183809048 -0.5334506034591074 -0.7186670179526035
0.3275264370779998 -0.207426817740794 -0.4857575462116495
-0.7490285212094177 -0.1037668538009448 -0.3487716385080535
0.7391896831681783 0.1469687596073374 -0.425779271650009
0.8664422313076416 -0.07463332519391055 -0.475039134031715
-0.8379696263337119 -0.2663994735155753 -0.7331612282925776
0.434274121896593 -0.7566819966525623 -0.8759784858537453
0.3597140661944102 -0.6333069137037932 -0.8795945525753376
-0.3975109209520722 -0.295969685974422 -0.1315642062093379
0.05129169497873384 -0.701301867218775 -0.541471325788689
-0.8620991309004561 0.1745089905978165 -0.1425475640704848
-0.344431283628118 0.3427531091488097 -0.451626297667913
-0.3819776327753719 0.3874534259964377 -0.3088861786290815
-0.3262978300155567 -0.4376055825069426 -0.7225451344854547
-0.6649759145224536 0.2169458162977281 -0.1287480204099151
-0.2133577048385618 0.5118593771758323 -0.8780635501746537
-0.05510537260440775 0.1364500270815919 -0.7603461533103281
0.2378977425784236 -0.7506982773778164 -0.2676682338914755
0.2250983339514642 -0.687156517911756 -0.6703863161171101
0.7365708082111667 -0.4801626022893426 -0.8832054278913646
0.2362943457951239 -0.5132448873964826 -0.1150186234365525
0.1237166950055998 0.0443198717650797 -0.7391339755947561
-0.7417234446519796 0.01789877858715449 -0.2544816806317799
0.5484209041327203 0.6771214427591764 -0.8405674979154847
0.5068069108943016 -0.1332526313517259 -0.442720859025331
-0.3824198680672515 0.1181678451001819 -0.5317661668514492
0.3590309184639968 0.02319076634198228 -0.7098561701364562
-0.2847656752001833 0.6502888662752156 -0.876417436087261
-0.0268537270295882 -0.467301858293165 -0.1245507493403674
0.8268837353368909 0.3067043313105573 -0.2362742940026776
0.04573580096469977 0.7667498554687489 -0.7390151941468647
-0.5343743906490196 -0.4370789369762304 -0.870203331797877
-0.5317565045026396 0.3921318669185322 -0.2575222831065174
-0.4548491675304913 -0.5888860788114835 -0.7635304724252316
-0.7157671901955596 -0.4955053025067279 -0.3026301940869582
-0.1939593259054901 0.8563485458897802 -0.4764943292784217
-0.734374761252657 -0.1798030798706566 -0.1221023035393838
-0.6377293993211581 -0.6005104392469819 -0.8829336278914952
0.3879599812586458 -0.3308555386596982 -0.6169020106108486
-0.298502742352427 0.1967305449736762 -0.4596515799971941
-0.03806921771961543 0.8677442755508518 -0.2703015551312467
-0.3863859417476186 -0.03556939974163425 -0.7129037431445102
0.04297332219162273 -0.3068736862994986 -0.1225982892341621
-0.1823767525380314 -0.4238661730196459 -0.4503024303987037
-0.8430394622176138 -0.2550751658256307 -0.459513475982975
0.3533476611911879 0.7979971909238599 -0.2872740110495748
-0.8837380214452342 0.04683598431075901 -0.7189054481190479
-0.180789667287089 0.1942704402736844 -0.735454934385886
-0.6587612153465094 -0.3450820734086789 -0.1229147583081064
-0.6361232313158867 -0.3027160648162302 -0.6859272837360304
0.365633949576488 0.3781994507767137 -0.8865363799393591
-0.8098210779185815 -0.3593243034607191 -0.8589564082034299
0.1056610996461811 0.008197216530853868 -0.4696422068110432
-0.1628609538006767 0.8519931908709546 -0.7173739283332959
-0.06804393183933519 -0.1486582323493778 -0.7496112567950809
0.7631008936373546 -0.4263112671056282 -0.2569890660673015
-0.4145226410597049 0.2117644360595889 -0.3706411423706814
-0.1537235011033649 0.8556503252479487 -0.8712837309549657
-0.06959541957560783 0.6346201296246434 -0.4784278243469949
-0.001155576332913799 0.2194680631534213 -0.1098616420726151
-0.5385647907443982 -0.3275980553495379 -0.5789601948780592
-0.5655661411344978 -0.1310983595721109 -0.4864904845581521
0.1657497610647411 0.1503491653755015 -0.1098922895387345
0.7376508005959183 -0.2100316554332596 -0.1285776476231873
-0.4529776773311132 0.7602011091393791 -0.5272643568867397
0.3936652112187314 -0.7799441083527194 -0.3117388156545186
0.1820879174067322 0.8518933681350189 -0.8812874952855251
0.05169094636025783 -0.2676346701229539 -0.5163525717656281
0.1939476426753034 0.05606335748766263 -0.2166884711528337
-0.6373337058864118 0.4054146052770434 -0.5328383476436188
-0.3850048556395373 -0.1451534887643903 -0.50364687067289
0.4585303696885689 -0.6250458378628818 -0.7007179465754915
0.6410804293018393 0.6053234792967768 -0.5280123427425472
0.7217748751236897 -0.5125147423962721 -0.7437312297536536
-0.3327414944047887 -0.8199826701793054 -0.2263625612167289
-0.6120044507208159 -0.06066201181380412 -0.2621131652739909
0.503022023799333 -0.3456407486553741 -0.2661009420924026
0.1249462899966676 0.3341225506568296 -0.231851115052819
0.1886153568663581 -0.739841351218797 -0.8799537923481449
0.5486079287625435 -0.1827605759778476 -0.5890961732766683
-0.03127238566815659 0.0214747708262356 -0.11492672553751
-0.04552842178787218 -0.8723303196633607 -0.8733023849295536
0.5473728780390463 0.6754911012126468 -0.2967294314879943
-0.03618778995226525 -0.4429279357700877 -0.6481242199757217
-0.1713749055633043 0.8602847219878906 -0.2381902291914275
-0.2503990418836884 0.06162664163304164 -0.8895609016292945
0.1396688365276647 -0.2918577812149842 -0.6163716146017781
0.2188188622832545 -0.1749248819003806 -0.4280954342268775
-0.5340788810768465 -0.4804748177354733 -0.4401253455646796
0.007905131317572228 0.7297383473809395 -0.2887088830201744
-0.2413764009020287 -0.2248812761113862 -0.6840558646906288
0.05151184118896188 -0.8740167861541723 -0.2560681599636323
0.7032413775766294 0.2595072080509255 -0.1155817938565513
0.817467231135002 -0.3577151975371185 -0.4265576909818757
-0.3532432091610495 -0.4357106815816939 -0.583362629274399
-0.2142214795100921 0.3213487065206739 -0.2659754531865118
-0.4099218318417648 -0.3507044918380775 -0.2910606850301244
0.03259118727539206 0.8874400883540171 -0.1087486444690245
0.1092459351588755 0.7099886231928189 -0.1178588514502475
0.1212593548050754 -0.1610085498243118 -0.2735002183832358
-0.8734134751020244 -0.07367366664112476 -0.8737398182261146
-0.3290491531048738 0.1227782885664155 -0.1181248586401663
-0.8823741071791767 -0.1115361438038073 -0.5511741041336105
-0.5261860278614114 0.3318308015391534 -0.1129047353207626
0.07559107962977227 -0.05482851714661762 -0.1144824153383738
-0.8486385339464493 0.2198884945645917 -0.5615639314527464
-0.7332710427616845 -0.1128541000331062 -0.6216575315016371
-0.1120781685428761 -0.8758427850758814 -0.5575745768489583
0.2897070939674535 -0.5520962845503898 -0.7387221810710723
-0.5572198854199757 -0.6962844643211493 -0.4465610549494493
0.4152923217378164 -0.3763128697486117 -0.8794621051761251
-0.7123917095937691 -0.5023067564222952 -0.7010690791519373
0.8823113764119834 0.1109187318793786 -0.4446926239815839
-0.07086689963994308 -0.2443007426293272 -0.3633268629414919
-0.04569220687354708 0.3364270550381178 -0.3993403496746162
-0.02485247159420398 0.4088744293734356 -0.7685502078123353
-0.08555560977287487 -0.1629882805369549 -0.2440382670300298
-0.3936490320200281 0.5153394350860712 -0.5512540702969774
-0.5571159977052218 0.01012248476564419 -0.1108492988074158
-0.5548802081255673 -0.01454755757426583 -0.6872481498804097
-0.7545371041686366 0.4361623084824221 -0.5757215353538826
-0.0823495490792962 0.6911941329886327 -0.8767312196193985
-0.2989571092717074 -0.2910023594452827 -0.2830581862447599
0.6101803983006165 -0.3085516740092774 -0.5587704295417091
0.8609480720638312 -0.1471571012675013 -0.8775124933540777
0.2452906476974516 -0.1739629840050047 -0.5902372359880549
0.7691897030380409 0.4238214931516839 -0.7269354618656478
0.4899476377037428 -0.2576861224179922 -0.1203494532736686
-0.7207728198052421 0.1009481238937534 -0.1198702060524978
0.2560629807618772 -0.8407428690794987 -0.4901964833434359
0.37926588106596 -0.3215998019032243 -0.4789244935739616
-0.7065235825176334 0.5409943616001001 -0.5165416239119061
-0.2896824908378718 0.6425471809168526 -0.4232707855092323
0.8834669622768506 0.08415718908661798 -0.8759660049512437
0.2694025743587215 0.291841308139853 -0.8811574495380875
0.04378870733052637 -0.5772037739265206 -0.8894172440513859
0.03569640500315026 -0.7058140132186308 -0.8821678833737899
-0.08513276711131294 0.5501225768971759 -0.88112719350198
0.2922615948990133 0.3379254794550383 -0.5249546827548343
-0.7358111742213456 0.1311119120545492 -0.7611281979453559
0.01468408029335579 0.2132844185809281 -0.8881436345600338
0.15850215779945 0.643332943770866 -0.8779366506495261
-0.1678814394452486 -0.3866127886137166 -0.568791509883124
-0.6147281642439347 0.6251752827737413 -0.5767829700264346
-0.2142479746726405 -0.5738943279844885 -0.6910742013005893
0.09815432551096745 0.6061343130929827 -0.7609254239123926
-0.6916766721693575 0.5295751355182097 -0.8871894613257618
0.5280928816206092 -0.495525402481274 -0.6000497817161631
-0.763215595716791 0.4570368382521061 -0.1325733472812907
0.1069066310641174 0.8797574952617722 -0.7254348679164612
0.6495676078340971 0.6009658765769323 -0.1497165266746005
-0.8119937780041032 0.3499597991559468 -0.4223442015375308
-0.567612215406734 0.05502771096156127 -0.5837161411278218
-0.5461640203360281 -0.6939441326112183 -0.2912169387143959
0.1585813075378131 -0.5112169387358974 -0.5122928465669919
-0.8571121993533454 -0.2231945398979136 -0.2248213344450546
0.1629949769041996 -0.3495251756376189 -0.4352928419187715
0.163021977145485 0.5101712750368734 -0.5296596006624743
-0.7577864038870802 0.4571003334995497 -0.7245227007452308
0.2758880044286225 -0.07365095657045095 -0.890274565664356
0.3020654494102906 0.6714386992480156 -0.476218702952701
0.5185341537976192 0.4179852232821185 -0.7246432650761625
-0.4764867137839387 0.7498103279015343 -0.7189473809784623
-0.2762745014586242 -0.5840116732683025 -0.5474134094521682
-0.0379627671740375 0.8974585579651232 -0.7478299137941052
-0.3389425222839023 0.636187499501685 -0.1253436916956236
0.3932320563904886 -0.792194094963477 -0.5360207419797964
-0.3910497546475225 -0.1681021499395378 -0.7242438153280687
-0.8331742780636062 0.2818287069341181 -0.2525175858420188
-0.1527751186465373 -0.5321150212696054 -0.1074396054993341
0.318244049668476 -0.1459639255910819 -0.268083017560904
-0.3294773590148112 0.2149501286862433 -0.2369366529787604
0.3391513092634661 0.4459378342473282 -0.7458514084548926
0.8173261816884146 -0.3583213878739024 -0.5695459005553284
-0.7339599863934378 0.06099653336699974 -0.8819444656755726
-0.05469418207169713 -0.6378371638084793 -0.5218579639419988
0.08823407444218945 -0.8752343484503826 -0.7389402096330646
-0.3289125790567618 0.4638173873467252 -0.8909053270554388
0.4765399901978179 -0.2617224243132005 -0.3992238358371543
0.7728392872965913 0.4298517924277961 -0.2453180313730639
-0.7737473506981255 -0.431718496212149 -0.4402451175017686
0.2663390626550598 0.5004984943774956 -0.8767768290028035
-0.3440924866964887 -0.07417372989906149 -0.5975245738044554
0.4346968867533201 0.4490031903972374 -0.5501461517249298
-0.03099497289768669 -0.3561838706336903 -0.7563176594744094
-0.3554868515619304 0.3167075365049322 -0.5795221737197216
-0.6509442589733294 0.3421143702508931 -0.1269389435189244
0.004802549736029296 -0.02029603351113115 -0.5341939474377131
0.3630887036535549 0.5987861547957647 -0.2827590850029736
-0.8778439354952988 0.1616101249018566 -0.4359628899538375
0.5740133164536665 -0.4896852456164479 -0.1158663089434394
-0.1310545472792349 -0.1047454536550257 -0.549165549811216
-0.1452984597369274 0.3296897646983111 -0.5832567467968613
0.08072374643005928 0.0007708778644928242 -0.8862878111168656
-0.4532574410512243 -0.09899023332441793 -0.8867114790931047
-0.5153798596204638 -0.1946836706376599 -0.3930803008797739
-0.2976458896940122 -0.718815611955322 -0.123969407062738
0.6282922407156586 -0.08469942917225592 -0.2308644913828976
-0.8032152439692518 0.3275290274946946 -0.8877743427260494
-0.3743638881437012 0.8043732645980082 -0.1284315842382427
0.4050713793465189 0.2923230222223845 -0.2558428477661723
0.8746761395921079 0.1056427198619589 -0.104861806004798
0.2039153092291226 0.8620581554200226 -0.4330600435338183
-0.6907550639504645 0.2794607832633516 -0.2736836069233879
-0.3306613697718169 -0.5853202103259785 -0.7562524829718688
0.8978412958668402 0.05856234857205016 -0.5542731656451976
0.4746827387057501 -0.7566344131000955 -0.7566293172185171
-0.5674875548104343 -0.6721133732474358 -0.5906703786390605
0.6524853346813821 0.3456803262313138 -0.3786116466940227
0.5736986451265681 -0.0874516429239052 -0.1075421449161064
0.103721226830372 0.09950401367454992 -0.550847002957221
-0.7480501811590592 0.4893053540543708 -0.3322105293682459
-0.5195445869521845 0.2295781002954083 -0.431893273395396
0.1585468417262982 -0.8665291354359028 -0.1122232184226871
-0.4472124601228605 0.7559318216981477 -0.2675136812505136
0.7177499945863897 0.2209022399986927 -0.885207942859075
0.5009639809289872 -0.7332263244364522 -0.5334970209791898
0.6867000060835061 -0.5671973149519378 -0.1462475478901161
-0.4623547793075761 -0.7630967546660954 -0.7312660841291964
-0.543958565205544 0.1212087710473039 -0.8908319589789929
-0.08542879925588211 -0.6109853867655443 -0.7255668600256817
0.4746133272860601 0.5509324530944575 -0.3447511482534925
0.6979248192766598 0.534154653791205 -0.4446650606897991
-0.4408096481273995 -0.5735500019846035 -0.4262409866649123
0.6871425704840221 -0.1743074804755981 -0.5696403196534993
-0.8558705260091264 0.2477144102098373 -0.7300622361234638
-0.005854371306820733 -0.3591049170481577 -0.410803066587294
0.4551690151214294 0.05140973027969001 -0.2592791668968377
0.3871101763856449 -0.7887029791735577 -0.1217891772853098
-0.2302739644360547 0.7105211135320491 -0.2954079930496744
0.2799336948672277 -0.5248144279959135 -0.5041127558154394
0.4457506239255605 -0.4275598431557973 -0.4849917724289953
-0.2336338822241029 -0.3302734341634712 -0.759699724039546
-0.5483635821616387 0.3377270749838653 -0.7332993657602346
-0.3638023329268057 0.8096522186829996 -0.8415484455641331
-0.3408666082147747 0.2948084720032357 -0.7102847984866931
0.5725878829679988 -0.6694160728938586 -0.7206253696432143
-0.1121970577175872 -0.7309330977578994 -0.1251381842614827
0.3613342839206546 0.1382294069727538 -0.8957173729143807
0.3532354666642456 -0.2720638629816857 -0.8854463155827768
0.5499195092887926 0.5347907693584393 -0.6130430843060597
-0.4207576489324635 -0.3522198407471351 -0.8940150932850282
0.1359180718761218 0.720347594069196 -0.6103575405107923
-0.7437325227361509 -0.2971333039776978 -0.6284913209614345
0.3310895087123862 0.6623906619836684 -0.1829925042619994
0.1973039418259983 0.5294073634321754 -0.1057947839749535
-0.4395509807546845 -0.07659683739924156 -0.1111698869385675
0.4533647412353426 0.1196019769084221 -0.5057968819394865
-0.1371826143345796 0.1591540025718632 -0.2668434031120652
-0.2146769231811244 -0.5067792073945052 -0.3378742713254461
-0.2687823794780843 0.541014632235276 -0.169417347067903
-0.2750829372258892 0.071527183288218 -0.7518254718443224
0.5426875167468777 -0.08754886988830887 -0.7559342396598513
-0.195984957805462 -0.8602648563656611 -0.2805560716689015
-0.1914640402405161 0.1801931840142447 -0.5788944520069281
-0.1228296485559806 0.1897519729946085 -0.4196386140165398
0.3716591587498163 -0.4388771577413207 -0.1163375831698108
-0.4452245703578496 -0.7612034404550109 -0.2740521513343164
-0.1253667343229016 -0.1897015442944611 -0.4640123688149717
0.4938026294486672 0.1982154004978506 -0.8883598207339538
0.4718130052639716 -0.5570311251462052 -0.1094005953104364
0.3616061281690037 0.1497831492047193 -0.1058496491076883
-0.1063132798048468 -0.2627698603706654 -0.7464794632163407
-0.6189315601954914 -0.4317994225697692 -0.7397982937949181
-0.06331239813806652 0.2405949756310144 -0.2176472433603225
0.8555905185165591 -0.2312263456415723 -0.7219194194241061
0.2979923489174096 0.5250391092334969 -0.4866175214861262
-0.2548289394481209 -0.07081874906626209 -0.1013654530626241
-0.6069545476989102 0.6374516666757121 -0.2841160785398189
0.3592087062031735 -0.6406635797889059 -0.6195949100430342
-0.4475177480369453 0.6094373245897794 -0.2379827258407342
0.1779405765150786 0.007685759472334849 -0.107923321157295
-0.4421459653146639 0.2243240493223959 -0.7163064056147577
-0.4299351350953492 -0.5538521510381965 -0.2590968171737279
0.3685641140553868 -0.2448987823618683 -0.1055617447292151
0.007009742483761697 0.5519674979412739 -0.2405507760391942
0.1113266702648696 0.4654568224167809 -0.7714681383073606
-0.5972697197717889 -0.3991020288289553 -0.5021399964793853
0.6145411593231253 -0.420163467899893 -0.8855878467953611
-0.4722551385237367 0.6225363259553567 -0.7354291379069774
0.8243486968378305 0.3390339073926384 -0.5171264356254236
0.2834157604083715 0.3378234360161748 -0.103034098191143
0.1409840078196622 -0.8883073921227899 -0.4501215410338263
0.8392018780080273 0.2517223669281367 -0.8758977960461398
0.1555748189541823 0.5090411241077969 -0.233762684533329
0.1066227620889274 0.8740109035552505 -0.5824668204226857
0.006088992380107378 0.4525587558366252 -0.9002747882700558
0.281298936107498 0.01881337633169375 -0.5931098574716892
-0.3066549657986914 -0.1196655085905893 -0.406289362712526
0.2770243821586225 0.7004238208017743 -0.7441665712227062
-0.4408700996556921 -0.7604048617233244 -0.877513024124792
0.4713391134598007 0.5796156799954014 -0.8760806582855474
-0.2151792846151107 0.4879818397127627 -0.3431929318373261
0.1039438247275773 0.1279563142678571 -0.2882091133891505
-0.5825401497211151 0.119736991626336 -0.7678849906273177
0.2824399575000212 -0.6111275268556242 -0.405214450912628
0.2651540037977016 -0.2811832824378976 -0.7878281871467152
-0.4800040410727116 0.7523615414619239 -0.8945639265919265
0.8360620381322729 0.3182252028671741 -0.7231434074917177
0.183409725100105 0.7076461339599598 -0.4205233399294506
-0.6861213325625354 -0.1641986247659502 -0.2682154347866237
0.04434818263176935 0.4392262008963729 -0.5221112162516715
0.6801816443009674 -0.5676663203367026 -0.4263972400840934
0.07178467707068066 -0.2304069417170817 -0.8912894417039265
$EndNodes
$Elements
13 11920 1 11920
0 1 15 1
1 1 
0 3 15 1
2 2 
0 4 15 1
3 3 
1 1 1 53
4 1 4 
5 4 5 
6 5 6 
7 6 7 
8 7 8 
9 8 9 
10 9 10 
11 10 11 
12 11 12 
13 12 13 
14 13 14 
15 14 15 
16 15 16 
17 16 17 
18 17 18 
19 18 19 
20 19 20 
21 20 21 
22 21 22 
23 22 23 
24 23 24 
25 24 25 
26 25 26 
27 26 27 
28 27 28 
29 28 29 
30 29 30 
31 30 31 
32 31 32 
33 32 33 
34 33 34 
35 34 35 
36 35 36 
37 36 37 
38 37 38 
39 38 39 
40 39 40 
41 40 41 
42 41 42 
43 42 43 
44 43 44 
45 44 45 
46 45 46 
47 46 47 
48 47 48 
49 48 49 
50 49 50 
51 50 51 
52 51 52 
53 52 53 
54 53 54 
55 54 55 
56 55 1 
1 10 1 32
57 3 56 
58 56 57 
59 57 58 
60 58 59 
61 59 60 
62 60 61 
63 61 62 
64 62 63 
65 63 64 
66 64 65 
67 65 66 
68 66 67 
69 67 68 
70 68 69 
71 69 70 
72 70 71 
73 71 72 
74 72 73 
75 73 74 
76 74 75 
77 75 76 
78 76 77 
79 77 78 
80 78 79 
81 79 80 
82 80 81 
83 81 82 
84 82 83 
85 83 84 
86 84 85 
87 85 86 
88 86 3 
1 11 1 9
89 1 87 
90 87 88 
91 88 89 
92 89 90 
93 90 91 
94 91 92 
95 92 93 
96 93 94 
97 94 2 
1 12 1 53
98 2 95 
99 95 96 
100 96 97 
101 97 98 
102 98 99 
103 99 100 
104 100 101 
105 101 102 
106 102 103 
107 103 104 
108 104 105 
109 105 106 
110 106 107 
111 107 108 
112 108 109 
113 109 110 
114 110 111 
115 111 112 
116 112 113 
117 113 114 
118 114 115 
119 115 116 
120 116 117 
121 117 118 
122 118 119 
123 119 120 
124 120 121 
125 121 122 
126 122 123 
127 123 124 
128 124 125 
129 125 126 
130 126 127 
131 127 128 
132 128 129 
133 129 130 
134 130 131 
135 131 132 
136 132 133 
137 133 134 
138 134 135 
139 135 136 
140 136 137 
141 137 138 
142 138 139 
143 139 140 
144 140 141 
145 141 142 
146 142 143 
147 143 144 
148 144 145 
149 145 146 
150 146 2 
2 1 2 539
151 4 149 1 
152 1 355 55 
153 149 355 1 
154 5 362 4 
155 4 362 149 
156 6 363 5 
157 5 363 362 
158 7 162 6 
159 162 363 6 
160 8 360 7 
161 7 360 162 
162 9 370 8 
163 8 370 360 
164 10 154 9 
165 154 370 9 
166 11 352 10 
167 10 352 154 
168 12 165 11 
169 165 352 11 
170 13 351 12 
171 12 351 165 
172 14 158 13 
173 158 351 13 
174 15 373 14 
175 14 373 158 
176 16 361 15 
177 361 373 15 
178 17 148 16 
179 148 361 16 
180 18 353 17 
181 17 353 148 
182 19 167 18 
183 167 353 18 
184 20 348 19 
185 19 348 167 
186 21 159 20 
187 159 348 20 
188 22 382 21 
189 21 382 159 
190 23 338 22 
191 338 382 22 
192 24 151 23 
193 151 338 23 
194 25 354 24 
195 24 354 151 
196 26 166 25 
197 166 354 25 
198 27 359 26 
199 26 359 166 
200 28 161 27 
201 161 359 27 
202 29 379 28 
203 28 379 161 
204 30 350 29 
205 350 379 29 
206 31 150 30 
207 150 350 30 
208 32 356 31 
209 31 356 150 
210 33 163 32 
211 163 356 32 
212 34 378 33 
213 33 378 163 
214 35 155 34 
215 155 378 34 
216 36 368 35 
217 35 368 155 
218 37 345 36 
219 345 368 36 
220 38 152 37 
221 152 345 37 
222 39 364 38 
223 38 364 152 
224 40 358 39 
225 358 364 39 
226 41 160 40 
227 160 358 40 
228 42 386 41 
229 41 386 160 
230 43 347 42 
231 347 386 42 
232 44 147 43 
233 147 347 43 
234 45 381 44 
235 44 381 147 
236 46 168 45 
237 168 381 45 
238 47 157 46 
239 157 168 46 
240 48 346 47 
241 47 346 157 
242 49 366 48 
243 48 366 346 
244 50 153 49 
245 153 366 49 
246 51 340 50 
247 50 340 153 
248 52 374 51 
249 51 374 340 
250 53 156 52 
251 156 374 52 
252 54 349 53 
253 53 349 156 
254 55 164 54 
255 164 349 54 
256 55 355 164 
257 147 273 272 
258 272 347 147 
259 147 276 273 
260 147 381 276 
261 353 369 148 
262 148 390 361 
263 369 390 148 
264 149 375 355 
265 362 383 149 
266 149 383 375 
267 343 350 150 
268 150 377 343 
269 356 377 150 
270 337 338 151 
271 151 372 337 
272 354 372 151 
273 311 314 152 
274 152 364 311 
275 314 345 152 
276 274 366 153 
277 153 385 274 
278 340 385 153 
279 154 341 271 
280 271 370 154 
281 154 352 341 
282 315 316 155 
283 155 368 315 
284 316 317 155 
285 317 378 155 
286 336 339 156 
287 156 349 336 
288 339 374 156 
289 157 169 168 
290 157 170 169 
291 157 346 170 
292 308 342 158 
293 158 373 308 
294 342 351 158 
295 267 348 159 
296 159 376 267 
297 159 382 376 
298 344 367 160 
299 160 386 344 
300 160 367 358 
301 270 371 161 
302 161 379 270 
303 161 371 359 
304 360 388 162 
305 162 365 363 
306 162 388 365 
307 317 357 163 
308 163 378 317 
309 163 357 356 
310 164 384 349 
311 355 384 164 
312 165 329 325 
313 325 352 165 
314 165 351 329 
315 277 354 166 
316 166 380 277 
317 359 380 166 
318 167 287 275 
319 275 353 167 
320 167 348 287 
321 169 276 168 
322 276 381 168 
323 170 171 169 
324 171 279 169 
325 169 279 276 
326 170 172 171 
327 170 274 172 
328 170 346 274 
329 172 173 171 
330 173 174 171 
331 174 279 171 
332 172 280 173 
333 274 278 172 
334 278 280 172 
335 173 175 174 
336 173 176 175 
337 173 280 176 
338 175 281 174 
339 174 335 279 
340 281 335 174 
341 176 177 175 
342 177 178 175 
343 178 281 175 
344 176 282 177 
345 280 334 176 
346 176 334 282 
347 177 179 178 
348 177 180 179 
349 177 282 180 
350 179 284 178 
351 178 333 281 
352 284 333 178 
353 180 181 179 
354 181 182 179 
355 182 284 179 
356 180 283 181 
357 282 332 180 
358 180 332 283 
359 181 183 182 
360 181 184 183 
361 181 283 184 
362 183 286 182 
363 182 297 284 
364 286 297 182 
365 184 185 183 
366 185 186 183 
367 186 286 183 
368 184 188 185 
369 184 195 188 
370 184 283 195 
371 185 187 186 
372 185 291 187 
373 188 291 185 
374 187 189 186 
375 189 294 186 
376 186 294 286 
377 187 190 189 
378 187 300 190 
379 291 300 187 
380 195 196 188 
381 196 296 188 
382 188 296 291 
383 190 191 189 
384 191 192 189 
385 192 294 189 
386 190 193 191 
387 190 194 193 
388 190 300 194 
389 191 200 192 
390 193 306 191 
391 191 306 200 
392 200 201 192 
393 201 319 192 
394 192 319 294 
395 194 204 193 
396 204 206 193 
397 206 306 193 
398 194 205 204 
399 194 289 205 
400 194 300 289 
401 195 197 196 
402 195 285 197 
403 283 285 195 
404 197 198 196 
405 198 199 196 
406 199 296 196 
407 197 202 198 
408 197 203 202 
409 197 285 203 
410 198 207 199 
411 202 327 198 
412 198 327 207 
413 207 208 199 
414 208 320 199 
415 199 320 296 
416 200 209 201 
417 200 302 209 
418 200 306 302 
419 209 210 201 
420 210 211 201 
421 211 319 201 
422 203 215 202 
423 215 303 202 
424 303 327 202 
425 203 216 215 
426 203 331 216 
427 285 331 203 
428 205 326 204 
429 204 212 206 
430 204 326 212 
431 289 292 205 
432 205 292 290 
433 290 326 205 
434 212 220 206 
435 220 323 206 
436 206 323 306 
437 207 217 208 
438 207 219 217 
439 207 327 219 
440 217 218 208 
441 218 227 208 
442 227 320 208 
443 209 229 210 
444 209 230 229 
445 209 302 230 
446 210 213 211 
447 210 321 213 
448 229 321 210 
449 213 214 211 
450 214 221 211 
451 221 319 211 
452 212 235 220 
453 212 236 235 
454 212 326 236 
455 213 328 214 
456 321 387 213 
457 213 387 328 
458 214 222 221 
459 214 223 222 
460 214 328 223 
461 216 231 215 
462 231 234 215 
463 234 303 215 
464 216 232 231 
465 216 233 232 
466 216 331 233 
467 217 324 218 
468 219 249 217 
469 249 324 217 
470 218 228 227 
471 218 248 228 
472 218 324 248 
473 219 250 249 
474 219 262 250 
475 219 327 262 
476 235 251 220 
477 251 252 220 
478 252 323 220 
479 222 330 221 
480 295 319 221 
481 221 330 295 
482 223 224 222 
483 224 225 222 
484 225 330 222 
485 223 312 224 
486 223 313 312 
487 223 328 313 
488 224 226 225 
489 224 237 226 
490 224 312 237 
491 226 238 225 
492 238 261 225 
493 261 330 225 
494 237 309 226 
495 226 239 238 
496 226 309 239 
497 228 240 227 
498 240 243 227 
499 243 320 227 
500 228 241 240 
501 228 307 241 
502 248 307 228 
503 230 246 229 
504 246 255 229 
505 255 321 229 
506 230 256 246 
507 230 299 256 
508 230 302 299 
509 232 265 231 
510 231 305 234 
511 265 305 231 
512 233 244 232 
513 244 322 232 
514 232 322 265 
515 233 245 244 
516 233 260 245 
517 233 331 260 
518 301 303 234 
519 234 304 301 
520 234 305 304 
521 236 263 235 
522 235 337 251 
523 263 337 235 
524 236 267 263 
525 236 288 267 
526 236 326 288 
527 237 310 309 
528 237 311 310 
529 237 312 311 
530 239 258 238 
531 258 333 238 
532 238 333 261 
533 239 259 258 
534 239 266 259 
535 239 309 266 
536 241 242 240 
537 242 292 240 
538 240 292 243 
539 241 253 242 
540 241 264 253 
541 241 307 264 
542 253 254 242 
543 254 290 242 
544 290 292 242 
545 243 292 289 
546 289 293 243 
547 293 320 243 
548 245 247 244 
549 247 336 244 
550 244 336 322 
551 245 257 247 
552 245 334 257 
553 260 334 245 
554 246 343 255 
555 256 270 246 
556 270 343 246 
557 257 269 247 
558 269 339 247 
559 247 339 336 
560 248 342 307 
561 324 329 248 
562 329 342 248 
563 250 341 249 
564 249 325 324 
565 249 341 325 
566 262 268 250 
567 268 271 250 
568 271 341 250 
569 251 277 252 
570 251 372 277 
571 337 372 251 
572 277 298 252 
573 298 299 252 
574 299 323 252 
575 253 275 254 
576 264 369 253 
577 253 369 275 
578 275 287 254 
579 287 288 254 
580 288 290 254 
581 255 389 321 
582 343 377 255 
583 255 377 357 
584 357 389 255 
585 256 371 270 
586 256 299 298 
587 298 371 256 
588 257 278 269 
589 257 280 278 
590 257 334 280 
591 259 335 258 
592 281 333 258 
593 258 335 281 
594 266 272 259 
595 272 273 259 
596 273 335 259 
597 260 332 282 
598 282 334 260 
599 331 332 260 
600 284 297 261 
601 261 333 284 
602 297 330 261 
603 262 301 268 
604 262 303 301 
605 262 327 303 
606 267 376 263 
607 263 338 337 
608 263 376 338 
609 307 308 264 
610 308 390 264 
611 264 390 369 
612 265 375 305 
613 322 384 265 
614 265 384 375 
615 266 344 272 
616 309 367 266 
617 266 367 344 
618 267 288 287 
619 287 348 267 
620 268 388 271 
621 301 365 268 
622 365 388 268 
623 278 385 269 
624 269 340 339 
625 269 385 340 
626 270 350 343 
627 270 379 350 
628 360 370 271 
629 271 388 360 
630 344 347 272 
631 276 279 273 
632 279 335 273 
633 274 385 278 
634 346 366 274 
635 275 369 353 
636 277 380 298 
637 277 372 354 
638 283 332 285 
639 285 332 331 
640 294 295 286 
641 295 297 286 
642 288 326 290 
643 289 300 293 
644 291 296 293 
645 293 300 291 
646 296 320 293 
647 294 319 295 
648 295 330 297 
649 298 380 371 
650 302 323 299 
651 304 365 301 
652 306 323 302 
653 305 383 304 
654 362 363 304 
655 304 383 362 
656 363 365 304 
657 375 383 305 
658 307 342 308 
659 308 373 361 
660 361 390 308 
661 310 367 309 
662 311 364 310 
663 310 364 358 
664 358 367 310 
665 312 314 311 
666 313 314 312 
667 313 315 314 
668 313 316 315 
669 313 328 316 
670 315 345 314 
671 315 368 345 
672 316 318 317 
673 316 387 318 
674 328 387 316 
675 318 357 317 
676 318 389 357 
677 387 389 318 
678 321 389 387 
679 336 349 322 
680 349 384 322 
681 325 329 324 
682 341 352 325 
683 329 351 342 
684 376 382 338 
685 340 374 339 
686 344 386 347 
687 375 384 355 
688 357 377 356 
689 371 380 359 
2 2 2 1080
690 1 864 4 
691 55 862 1 
692 1 862 87 
693 87 864 1 
694 94 861 2 
695 2 863 94 
696 95 863 2 
697 2 861 146 
698 4 606 5 
699 4 864 606 
700 5 431 6 
701 5 606 431 
702 6 597 7 
703 431 597 6 
704 7 419 8 
705 7 597 419 
706 8 610 9 
707 419 610 8 
708 9 611 10 
709 610 611 9 
710 10 399 11 
711 10 611 399 
712 11 616 12 
713 399 616 11 
714 12 628 13 
715 616 628 12 
716 13 397 14 
717 13 628 397 
718 14 632 15 
719 397 632 14 
720 15 760 16 
721 632 760 15 
722 16 398 17 
723 16 760 398 
724 17 811 18 
725 398 811 17 
726 18 851 19 
727 811 851 18 
728 19 401 20 
729 19 851 401 
730 20 750 21 
731 401 750 20 
732 21 749 22 
733 21 750 749 
734 22 402 23 
735 22 749 402 
736 23 751 24 
737 402 751 23 
738 24 427 25 
739 24 751 427 
740 25 735 26 
741 427 735 25 
742 26 417 27 
743 26 735 417 
744 27 741 28 
745 417 741 27 
746 28 423 29 
747 28 741 423 
748 29 744 30 
749 423 744 29 
750 30 404 31 
751 30 744 404 
752 31 742 32 
753 404 742 31 
754 32 743 33 
755 742 743 32 
756 33 416 34 
757 33 743 416 
758 34 805 35 
759 416 805 34 
760 35 830 36 
761 805 830 35 
762 36 411 37 
763 36 830 411 
764 37 736 38 
765 411 736 37 
766 38 421 39 
767 38 736 421 
768 39 734 40 
769 421 734 39 
770 40 396 41 
771 40 734 396 
772 41 745 42 
773 396 745 41 
774 42 428 43 
775 42 745 428 
776 43 724 44 
777 428 724 43 
778 44 393 45 
779 44 724 393 
780 45 733 46 
781 393 733 45 
782 46 725 47 
783 46 733 725 
784 47 409 48 
785 47 725 409 
786 48 730 49 
787 409 730 48 
788 49 732 50 
789 730 732 49 
790 50 410 51 
791 50 732 410 
792 51 609 52 
793 410 609 51 
794 52 426 53 
795 52 609 426 
796 53 594 54 
797 426 594 53 
798 54 437 55 
799 54 594 437 
800 437 862 55 
801 87 797 88 
802 88 799 87 
803 87 862 797 
804 799 864 87 
805 88 434 89 
806 89 435 88 
807 88 797 434 
808 435 799 88 
809 89 768 90 
810 90 771 89 
811 434 768 89 
812 89 771 435 
813 90 391 91 
814 91 392 90 
815 90 768 391 
816 392 771 90 
817 91 766 92 
818 92 767 91 
819 391 766 91 
820 91 767 392 
821 92 432 93 
822 93 433 92 
823 92 766 432 
824 433 767 92 
825 93 795 94 
826 94 796 93 
827 432 795 93 
828 93 796 433 
829 795 861 94 
830 94 863 796 
831 96 438 95 
832 438 863 95 
833 97 592 96 
834 96 592 438 
835 98 429 97 
836 429 592 97 
837 99 598 98 
838 98 598 429 
839 100 407 99 
840 407 598 99 
841 101 601 100 
842 100 601 407 
843 102 627 101 
844 101 627 601 
845 103 414 102 
846 414 627 102 
847 104 623 103 
848 103 623 414 
849 105 786 104 
850 104 786 623 
851 106 412 105 
852 412 786 105 
853 107 763 106 
854 106 763 412 
855 108 646 107 
856 646 763 107 
857 109 413 108 
858 413 646 108 
859 110 647 109 
860 109 647 413 
861 111 788 110 
862 110 788 647 
863 112 415 111 
864 415 788 111 
865 113 664 112 
866 112 664 415 
867 114 430 113 
868 430 664 113 
869 115 665 114 
870 114 665 430 
871 116 408 115 
872 408 665 115 
873 117 789 116 
874 116 789 408 
875 118 747 117 
876 747 789 117 
877 119 403 118 
878 403 747 118 
879 120 748 119 
880 119 748 403 
881 121 425 120 
882 425 748 120 
883 122 690 121 
884 121 690 425 
885 123 418 122 
886 418 690 122 
887 124 688 123 
888 123 688 418 
889 125 791 124 
890 124 791 688 
891 126 400 125 
892 400 791 125 
893 127 709 126 
894 126 709 400 
895 128 705 127 
896 705 709 127 
897 129 395 128 
898 395 705 128 
899 130 706 129 
900 129 706 395 
901 131 710 130 
902 130 710 706 
903 132 422 131 
904 422 710 131 
905 133 753 132 
906 132 753 422 
907 134 406 133 
908 406 753 133 
909 135 739 134 
910 134 739 406 
911 136 424 135 
912 424 739 135 
913 137 737 136 
914 136 737 424 
915 138 405 137 
916 405 737 137 
917 139 720 138 
918 138 720 405 
919 140 722 139 
920 139 722 720 
921 141 394 140 
922 394 722 140 
923 142 752 141 
924 141 752 394 
925 143 759 142 
926 142 759 752 
927 144 420 143 
928 420 759 143 
929 145 439 144 
930 144 439 420 
931 146 436 145 
932 436 439 145 
933 146 861 436 
934 391 867 766 
935 768 822 391 
936 822 867 391 
937 767 860 392 
938 392 794 771 
939 392 860 794 
940 724 817 393 
941 393 815 733 
942 393 817 815 
943 394 723 722 
944 394 778 723 
945 752 778 394 
946 702 704 395 
947 395 706 702 
948 704 705 395 
949 734 824 396 
950 396 746 745 
951 396 824 746 
952 628 629 397 
953 629 630 397 
954 630 632 397 
955 760 814 398 
956 398 849 811 
957 814 849 398 
958 611 612 399 
959 612 613 399 
960 613 616 399 
961 400 758 692 
962 692 791 400 
963 709 758 400 
964 401 847 750 
965 840 847 401 
966 401 851 840 
967 749 843 402 
968 402 842 751 
969 402 843 842 
970 403 748 678 
971 678 780 403 
972 403 780 747 
973 404 833 742 
974 744 834 404 
975 404 834 833 
976 720 721 405 
977 721 781 405 
978 405 781 737 
979 739 740 406 
980 740 772 406 
981 406 772 753 
982 407 599 598 
983 407 600 599 
984 407 601 600 
985 661 665 408 
986 408 666 661 
987 408 789 666 
988 725 726 409 
989 726 727 409 
990 727 730 409 
991 410 806 609 
992 732 798 410 
993 798 806 410 
994 411 828 736 
995 826 828 411 
996 411 830 826 
997 412 764 625 
998 625 786 412 
999 763 764 412 
1000 643 645 413 
1001 413 647 643 
1002 645 646 413 
1003 414 623 621 
1004 621 777 414 
1005 414 777 627 
1006 415 787 650 
1007 650 788 415 
1008 664 787 415 
1009 743 831 416 
1010 416 829 805 
1011 416 831 829 
1012 735 838 417 
1013 417 837 741 
1014 417 838 837 
1015 418 688 686 
1016 686 689 418 
1017 689 690 418 
1018 597 853 419 
1019 419 845 610 
1020 419 853 845 
1021 439 440 420 
1022 440 441 420 
1023 441 759 420 
1024 421 825 734 
1025 736 827 421 
1026 421 827 825 
1027 422 792 710 
1028 753 754 422 
1029 754 792 422 
1030 741 836 423 
1031 423 835 744 
1032 423 836 835 
1033 737 738 424 
1034 738 775 424 
1035 424 775 739 
1036 679 748 425 
1037 425 773 679 
1038 690 773 425 
1039 426 801 594 
1040 609 804 426 
1041 426 804 801 
1042 427 839 735 
1043 751 841 427 
1044 427 841 839 
1045 428 820 724 
1046 745 803 428 
1047 803 820 428 
1048 429 595 592 
1049 429 596 595 
1050 429 598 596 
1051 660 663 430 
1052 430 665 660 
1053 663 664 430 
1054 431 854 597 
1055 606 865 431 
1056 431 865 854 
1057 766 807 432 
1058 432 868 795 
1059 807 868 432 
1060 433 776 767 
1061 433 869 776 
1062 796 869 433 
1063 434 823 768 
1064 797 866 434 
1065 434 866 823 
1066 771 859 435 
1067 435 800 799 
1068 435 859 800 
1069 436 591 439 
1070 436 868 591 
1071 436 861 795 
1072 795 868 436 
1073 594 793 437 
1074 793 866 437 
1075 797 862 437 
1076 437 866 797 
1077 592 593 438 
1078 593 869 438 
1079 796 863 438 
1080 438 869 796 
1081 439 591 440 
1082 440 442 441 
1083 440 576 442 
1084 440 591 576 
1085 442 443 441 
1086 443 578 441 
1087 578 759 441 
1088 442 444 443 
1089 442 586 444 
1090 576 586 442 
1091 444 445 443 
1092 445 769 443 
1093 443 769 578 
1094 444 446 445 
1095 444 540 446 
1096 444 586 540 
1097 446 447 445 
1098 447 448 445 
1099 448 769 445 
1100 446 618 447 
1101 540 547 446 
1102 547 618 446 
1103 447 449 448 
1104 447 762 449 
1105 618 762 447 
1106 449 450 448 
1107 450 580 448 
1108 580 769 448 
1109 449 451 450 
1110 449 536 451 
1111 449 762 536 
1112 451 452 450 
1113 452 784 450 
1114 450 784 580 
1115 451 453 452 
1116 451 809 453 
1117 536 809 451 
1118 453 454 452 
1119 454 570 452 
1120 570 784 452 
1121 453 455 454 
1122 453 810 455 
1123 809 810 453 
1124 455 456 454 
1125 456 782 454 
1126 454 782 570 
1127 455 457 456 
1128 455 537 457 
1129 455 810 537 
1130 457 458 456 
1131 458 575 456 
1132 575 782 456 
1133 457 459 458 
1134 457 718 459 
1135 537 718 457 
1136 459 460 458 
1137 460 779 458 
1138 458 779 575 
1139 459 461 460 
1140 459 714 461 
1141 459 718 714 
1142 461 462 460 
1143 462 574 460 
1144 574 779 460 
1145 461 463 462 
1146 461 548 463 
1147 461 714 548 
1148 463 464 462 
1149 464 774 462 
1150 462 774 574 
1151 463 465 464 
1152 463 719 465 
1153 548 719 463 
1154 465 466 464 
1155 466 573 464 
1156 573 774 464 
1157 465 467 466 
1158 465 549 467 
1159 465 719 549 
1160 467 468 466 
1161 468 770 466 
1162 466 770 573 
1163 467 469 468 
1164 467 713 469 
1165 549 713 467 
1166 469 470 468 
1167 470 708 468 
1168 708 770 468 
1169 469 471 470 
1170 469 550 471 
1171 469 713 550 
1172 471 472 470 
1173 472 567 470 
1174 567 708 470 
1175 471 473 472 
1176 471 698 473 
1177 550 698 471 
1178 473 474 472 
1179 474 701 472 
1180 472 701 567 
1181 473 475 474 
1182 473 551 475 
1183 473 698 551 
1184 475 476 474 
1185 476 707 474 
1186 474 707 701 
1187 475 477 476 
1188 475 694 477 
1189 551 694 475 
1190 477 478 476 
1191 478 566 476 
1192 566 707 476 
1193 477 479 478 
1194 477 538 479 
1195 477 694 538 
1196 479 480 478 
1197 480 693 478 
1198 478 693 566 
1199 479 481 480 
1200 479 684 481 
1201 538 684 479 
1202 481 482 480 
1203 482 691 480 
1204 691 693 480 
1205 481 483 482 
1206 481 681 483 
1207 481 684 681 
1208 483 484 482 
1209 484 565 482 
1210 565 691 482 
1211 483 485 484 
1212 483 539 485 
1213 483 681 539 
1214 485 486 484 
1215 486 685 484 
1216 484 685 565 
1217 485 487 486 
1218 485 674 487 
1219 539 674 485 
1220 487 488 486 
1221 488 572 486 
1222 572 685 486 
1223 487 489 488 
1224 487 672 489 
1225 487 674 672 
1226 489 490 488 
1227 490 680 488 
1228 488 680 572 
1229 489 491 490 
1230 489 553 491 
1231 489 672 553 
1232 491 492 490 
1233 492 571 490 
1234 571 680 490 
1235 491 493 492 
1236 491 668 493 
1237 553 668 491 
1238 493 494 492 
1239 494 677 492 
1240 492 677 571 
1241 493 495 494 
1242 493 554 495 
1243 493 668 554 
1244 495 496 494 
1245 496 761 494 
1246 494 761 677 
1247 495 497 496 
1248 495 657 497 
1249 554 657 495 
1250 497 498 496 
1251 498 564 496 
1252 564 761 496 
1253 497 499 498 
1254 497 555 499 
1255 497 657 555 
1256 499 500 498 
1257 500 662 498 
1258 498 662 564 
1259 499 501 500 
1260 499 656 501 
1261 555 656 499 
1262 501 502 500 
1263 502 569 500 
1264 569 662 500 
1265 501 503 502 
1266 501 556 503 
1267 501 656 556 
1268 503 504 502 
1269 504 659 502 
1270 502 659 569 
1271 503 505 504 
1272 503 652 505 
1273 556 652 503 
1274 505 506 504 
1275 506 568 504 
1276 568 659 504 
1277 505 507 506 
1278 505 541 507 
1279 505 652 541 
1280 507 508 506 
1281 508 651 506 
1282 506 651 568 
1283 507 509 508 
1284 507 641 509 
1285 541 641 507 
1286 509 510 508 
1287 510 649 508 
1288 649 651 508 
1289 509 511 510 
1290 509 639 511 
1291 509 641 639 
1292 511 512 510 
1293 512 562 510 
1294 562 649 510 
1295 511 513 512 
1296 511 542 513 
1297 511 639 542 
1298 513 514 512 
1299 514 642 512 
1300 512 642 562 
1301 513 515 514 
1302 513 635 515 
1303 542 635 513 
1304 515 516 514 
1305 516 648 514 
1306 514 648 642 
1307 515 517 516 
1308 515 634 517 
1309 515 635 634 
1310 517 518 516 
1311 518 561 516 
1312 561 648 516 
1313 517 519 518 
1314 517 543 519 
1315 517 634 543 
1316 519 520 518 
1317 520 626 518 
1318 518 626 561 
1319 519 521 520 
1320 519 852 521 
1321 543 852 519 
1322 521 522 520 
1323 522 624 520 
1324 624 626 520 
1325 521 523 522 
1326 521 844 523 
1327 521 852 844 
1328 523 524 522 
1329 524 560 522 
1330 560 624 522 
1331 523 525 524 
1332 523 544 525 
1333 523 844 544 
1334 525 526 524 
1335 526 620 524 
1336 524 620 560 
1337 525 527 526 
1338 525 855 527 
1339 544 855 525 
1340 527 528 526 
1341 528 603 526 
1342 603 620 526 
1343 527 529 528 
1344 527 848 529 
1345 527 855 848 
1346 529 530 528 
1347 530 559 528 
1348 559 603 528 
1349 529 531 530 
1350 529 545 531 
1351 529 848 545 
1352 531 532 530 
1353 532 605 530 
1354 530 605 559 
1355 531 533 532 
1356 531 765 533 
1357 545 765 531 
1358 533 534 532 
1359 534 563 532 
1360 563 605 532 
1361 533 535 534 
1362 533 557 535 
1363 533 765 557 
1364 535 546 534 
1365 546 604 534 
1366 534 604 563 
1367 535 588 546 
1368 557 558 535 
1369 558 588 535 
1370 762 808 536 
1371 536 808 802 
1372 802 809 536 
1373 537 812 718 
1374 810 813 537 
1375 537 813 812 
1376 538 699 684 
1377 694 695 538 
1378 695 699 538 
1379 539 756 674 
1380 681 682 539 
1381 682 756 539 
1382 540 552 547 
1383 540 577 552 
1384 540 586 577 
1385 541 755 641 
1386 652 653 541 
1387 653 755 541 
1388 542 636 635 
1389 542 637 636 
1390 542 639 637 
1391 634 850 543 
1392 543 850 816 
1393 816 852 543 
1394 818 855 544 
1395 544 856 818 
1396 844 856 544 
1397 545 857 765 
1398 848 858 545 
1399 545 858 857 
1400 588 589 546 
1401 589 590 546 
1402 590 604 546 
1403 552 607 547 
1404 607 608 547 
1405 608 618 547 
1406 714 715 548 
1407 715 717 548 
1408 717 719 548 
1409 549 821 713 
1410 719 819 549 
1411 819 821 549 
1412 550 711 698 
1413 550 712 711 
1414 550 713 712 
1415 551 696 694 
1416 551 697 696 
1417 551 698 697 
1418 577 581 552 
1419 581 582 552 
1420 582 607 552 
1421 553 670 668 
1422 553 671 670 
1423 553 672 671 
1424 554 675 657 
1425 668 669 554 
1426 669 675 554 
1427 555 676 656 
1428 657 658 555 
1429 658 676 555 
1430 556 654 652 
1431 556 655 654 
1432 556 656 655 
1433 557 579 558 
1434 557 583 579 
1435 557 765 583 
1436 579 584 558 
1437 584 585 558 
1438 585 588 558 
1439 600 602 559 
1440 559 605 600 
1441 602 603 559 
1442 620 621 560 
1443 621 622 560 
1444 622 624 560 
1445 626 764 561 
1446 561 785 648 
1447 764 785 561 
1448 642 643 562 
1449 643 644 562 
1450 644 649 562 
1451 596 599 563 
1452 563 604 596 
1453 599 605 563 
1454 662 666 564 
1455 666 667 564 
1456 667 761 564 
1457 685 686 565 
1458 686 687 565 
1459 687 691 565 
1460 693 758 566 
1461 566 790 707 
1462 758 790 566 
1463 701 702 567 
1464 702 703 567 
1465 703 708 567 
1466 651 787 568 
1467 568 663 659 
1468 568 787 663 
1469 659 660 569 
1470 660 661 569 
1471 661 662 569 
1472 570 782 721 
1473 721 783 570 
1474 783 784 570 
1475 677 678 571 
1476 678 679 571 
1477 679 680 571 
1478 680 773 572 
1479 572 689 685 
1480 572 773 689 
1481 573 770 754 
1482 754 772 573 
1483 772 774 573 
1484 574 774 740 
1485 740 775 574 
1486 775 779 574 
1487 575 779 738 
1488 738 781 575 
1489 781 782 575 
1490 576 587 586 
1491 576 807 587 
1492 591 807 576 
1493 577 822 581 
1494 586 587 577 
1495 587 822 577 
1496 752 759 578 
1497 578 778 752 
1498 769 778 578 
1499 583 853 579 
1500 579 854 584 
1501 853 854 579 
1502 723 778 580 
1503 580 784 723 
1504 580 778 769 
1505 581 823 582 
1506 581 822 768 
1507 768 823 581 
1508 582 801 607 
1509 793 801 582 
1510 582 823 793 
1511 765 857 583 
1512 845 853 583 
1513 583 857 845 
1514 584 800 585 
1515 584 865 800 
1516 854 865 584 
1517 585 794 588 
1518 585 859 794 
1519 800 859 585 
1520 807 867 587 
1521 587 867 822 
1522 588 794 589 
1523 589 776 590 
1524 589 860 776 
1525 794 860 589 
1526 593 595 590 
1527 590 776 593 
1528 595 604 590 
1529 591 868 807 
1530 592 595 593 
1531 776 869 593 
1532 594 801 793 
1533 596 604 595 
1534 598 599 596 
1535 597 854 853 
1536 600 605 599 
1537 601 602 600 
1538 601 627 602 
1539 602 777 603 
1540 627 777 602 
1541 603 777 620 
1542 799 800 606 
1543 606 864 799 
1544 800 865 606 
1545 607 804 608 
1546 801 804 607 
1547 608 619 618 
1548 608 806 619 
1549 804 806 608 
1550 609 806 804 
1551 610 615 611 
1552 610 845 615 
1553 611 615 612 
1554 612 614 613 
1555 612 858 614 
1556 615 858 612 
1557 614 818 613 
1558 613 617 616 
1559 613 818 617 
1560 614 855 818 
1561 848 855 614 
1562 614 858 848 
1563 845 857 615 
1564 857 858 615 
1565 617 628 616 
1566 617 629 628 
1567 617 856 629 
1568 818 856 617 
1569 619 762 618 
1570 619 808 762 
1571 619 806 798 
1572 798 808 619 
1573 620 777 621 
1574 621 623 622 
1575 623 786 622 
1576 622 625 624 
1577 622 786 625 
1578 625 626 624 
1579 625 764 626 
1580 629 631 630 
1581 629 856 631 
1582 631 816 630 
1583 630 633 632 
1584 630 816 633 
1585 631 852 816 
1586 844 852 631 
1587 631 856 844 
1588 633 760 632 
1589 633 814 760 
1590 633 850 814 
1591 816 850 633 
1592 635 757 634 
1593 757 850 634 
1594 636 757 635 
1595 637 638 636 
1596 638 849 636 
1597 636 849 757 
1598 637 840 638 
1599 639 640 637 
1600 640 840 637 
1601 811 849 638 
1602 638 851 811 
1603 840 851 638 
1604 639 641 640 
1605 641 755 640 
1606 755 847 640 
1607 640 847 840 
1608 642 645 643 
1609 642 648 645 
1610 643 647 644 
1611 647 788 644 
1612 644 650 649 
1613 644 788 650 
1614 645 785 646 
1615 648 785 645 
1616 646 785 763 
1617 650 651 649 
1618 650 787 651 
1619 652 654 653 
1620 654 843 653 
1621 653 846 755 
1622 843 846 653 
1623 655 842 654 
1624 842 843 654 
1625 656 676 655 
1626 676 841 655 
1627 841 842 655 
1628 657 675 658 
1629 675 838 658 
1630 658 839 676 
1631 838 839 658 
1632 659 663 660 
1633 660 665 661 
1634 661 666 662 
1635 663 787 664 
1636 666 789 667 
1637 747 780 667 
1638 667 789 747 
1639 667 780 761 
1640 668 670 669 
1641 670 836 669 
1642 669 837 675 
1643 836 837 669 
1644 671 835 670 
1645 835 836 670 
1646 672 673 671 
1647 673 834 671 
1648 834 835 671 
1649 672 674 673 
1650 674 756 673 
1651 756 833 673 
1652 833 834 673 
1653 837 838 675 
1654 839 841 676 
1655 677 780 678 
1656 761 780 677 
1657 678 748 679 
1658 679 773 680 
1659 681 683 682 
1660 681 684 683 
1661 683 831 682 
1662 682 832 756 
1663 831 832 682 
1664 684 699 683 
1665 699 829 683 
1666 829 831 683 
1667 685 689 686 
1668 686 688 687 
1669 688 791 687 
1670 687 692 691 
1671 687 791 692 
1672 689 773 690 
1673 692 693 691 
1674 692 758 693 
1675 694 696 695 
1676 696 826 695 
1677 695 700 699 
1678 695 826 700 
1679 697 828 696 
1680 696 828 826 
1681 698 711 697 
1682 711 827 697 
1683 827 828 697 
1684 700 829 699 
1685 805 829 700 
1686 700 830 805 
1687 826 830 700 
1688 701 704 702 
1689 701 707 704 
1690 702 706 703 
1691 706 710 703 
1692 703 792 708 
1693 710 792 703 
1694 704 790 705 
1695 707 790 704 
1696 705 790 709 
1697 708 792 770 
1698 709 790 758 
1699 712 825 711 
1700 825 827 711 
1701 713 821 712 
1702 821 824 712 
1703 824 825 712 
1704 714 716 715 
1705 714 718 716 
1706 716 817 715 
1707 715 820 717 
1708 817 820 715 
1709 718 812 716 
1710 812 815 716 
1711 815 817 716 
1712 717 819 719 
1713 803 819 717 
1714 717 820 803 
1715 720 783 721 
1716 722 783 720 
1717 721 782 781 
1718 723 783 722 
1719 723 784 783 
1720 724 820 817 
1721 725 728 726 
1722 725 733 728 
1723 726 729 727 
1724 728 813 726 
1725 726 813 729 
1726 729 802 727 
1727 727 731 730 
1728 727 802 731 
1729 733 815 728 
1730 812 813 728 
1731 728 815 812 
1732 729 809 802 
1733 729 810 809 
1734 729 813 810 
1735 731 732 730 
1736 731 798 732 
1737 731 808 798 
1738 802 808 731 
1739 734 825 824 
1740 735 839 838 
1741 736 828 827 
1742 737 781 738 
1743 738 779 775 
1744 739 775 740 
1745 740 774 772 
1746 741 837 836 
1747 742 832 743 
1748 742 833 832 
1749 743 832 831 
1750 744 835 834 
1751 746 803 745 
1752 746 819 803 
1753 746 821 819 
1754 746 824 821 
1755 750 846 749 
1756 749 846 843 
1757 750 847 846 
1758 751 842 841 
1759 753 772 754 
1760 770 792 754 
1761 846 847 755 
1762 832 833 756 
1763 757 849 814 
1764 814 850 757 
1765 763 785 764 
1766 766 867 807 
1767 776 860 767 
1768 794 859 771 
1769 823 866 793 
2 3 2 539
1770 95 2 872 
1771 2 146 1078 
1772 872 2 1078 
1773 96 95 1085 
1774 95 872 1085 
1775 97 96 1086 
1776 96 1085 1086 
1777 98 97 885 
1778 885 97 1086 
1779 99 98 1083 
1780 98 885 1083 
1781 100 99 1093 
1782 99 1083 1093 
1783 101 100 877 
1784 877 100 1093 
1785 102 101 1075 
1786 101 877 1075 
1787 103 102 888 
1788 888 102 1075 
1789 104 103 1074 
1790 103 888 1074 
1791 105 104 881 
1792 881 104 1074 
1793 106 105 1096 
1794 105 881 1096 
1795 107 106 1084 
1796 1084 106 1096 
1797 108 107 871 
1798 871 107 1084 
1799 109 108 1076 
1800 108 871 1076 
1801 110 109 890 
1802 890 109 1076 
1803 111 110 1071 
1804 110 890 1071 
1805 112 111 882 
1806 882 111 1071 
1807 113 112 1105 
1808 112 882 1105 
1809 114 113 1061 
1810 1061 113 1105 
1811 115 114 874 
1812 874 114 1061 
1813 116 115 1077 
1814 115 874 1077 
1815 117 116 889 
1816 889 116 1077 
1817 118 117 1082 
1818 117 889 1082 
1819 119 118 884 
1820 884 118 1082 
1821 120 119 1102 
1822 119 884 1102 
1823 121 120 1073 
1824 1073 120 1102 
1825 122 121 873 
1826 873 121 1073 
1827 123 122 1079 
1828 122 873 1079 
1829 124 123 886 
1830 886 123 1079 
1831 125 124 1101 
1832 124 886 1101 
1833 126 125 878 
1834 878 125 1101 
1835 127 126 1091 
1836 126 878 1091 
1837 128 127 1068 
1838 1068 127 1091 
1839 129 128 875 
1840 875 128 1068 
1841 130 129 1087 
1842 129 875 1087 
1843 131 130 1081 
1844 1081 130 1087 
1845 132 131 883 
1846 883 131 1081 
1847 133 132 1109 
1848 132 883 1109 
1849 134 133 1070 
1850 1070 133 1109 
1851 135 134 870 
1852 870 134 1070 
1853 136 135 1104 
1854 135 870 1104 
1855 137 136 891 
1856 891 136 1104 
1857 138 137 880 
1858 880 137 891 
1859 139 138 1069 
1860 138 880 1069 
1861 140 139 1089 
1862 139 1069 1089 
1863 141 140 876 
1864 876 140 1089 
1865 142 141 1063 
1866 141 876 1063 
1867 143 142 1097 
1868 142 1063 1097 
1869 144 143 879 
1870 879 143 1097 
1871 145 144 1072 
1872 144 879 1072 
1873 146 145 887 
1874 887 145 1072 
1875 146 887 1078 
1876 870 995 996 
1877 995 870 1070 
1878 870 996 999 
1879 870 999 1104 
1880 1076 871 1092 
1881 871 1084 1113 
1882 1092 871 1113 
1883 872 1078 1098 
1884 1085 872 1106 
1885 872 1098 1106 
1886 1066 873 1073 
1887 873 1066 1100 
1888 1079 873 1100 
1889 1060 874 1061 
1890 874 1060 1095 
1891 1077 874 1095 
1892 1034 875 1037 
1893 875 1034 1087 
1894 1037 875 1068 
1895 997 876 1089 
1896 876 997 1108 
1897 1063 876 1108 
1898 877 994 1064 
1899 994 877 1093 
1900 877 1064 1075 
1901 1038 878 1039 
1902 878 1038 1091 
1903 1039 878 1040 
1904 1040 878 1101 
1905 1059 879 1062 
1906 879 1059 1072 
1907 1062 879 1097 
1908 880 891 892 
1909 880 892 893 
1910 880 893 1069 
1911 1031 881 1065 
1912 881 1031 1096 
1913 1065 881 1074 
1914 990 882 1071 
1915 882 990 1099 
1916 882 1099 1105 
1917 1067 883 1090 
1918 883 1067 1109 
1919 883 1081 1090 
1920 993 884 1094 
1921 884 993 1102 
1922 884 1082 1094 
1923 1083 885 1111 
1924 885 1086 1088 
1925 885 1088 1111 
1926 1040 886 1080 
1927 886 1040 1101 
1928 886 1079 1080 
1929 887 1072 1107 
1930 1078 887 1107 
1931 888 1048 1052 
1932 1048 888 1075 
1933 888 1052 1074 
1934 1000 889 1077 
1935 889 1000 1103 
1936 1082 889 1103 
1937 890 998 1010 
1938 998 890 1076 
1939 890 1010 1071 
1940 892 891 999 
1941 999 891 1104 
1942 893 892 894 
1943 894 892 1002 
1944 892 999 1002 
1945 893 894 895 
1946 893 895 997 
1947 893 997 1069 
1948 895 894 896 
1949 896 894 897 
1950 897 894 1002 
1951 895 896 1003 
1952 997 895 1001 
1953 1001 895 1003 
1954 896 897 898 
1955 896 898 899 
1956 896 899 1003 
1957 898 897 1004 
1958 897 1002 1058 
1959 1004 897 1058 
1960 899 898 900 
1961 900 898 901 
1962 901 898 1004 
1963 899 900 1005 
1964 1003 899 1057 
1965 899 1005 1057 
1966 900 901 902 
1967 900 902 903 
1968 900 903 1005 
1969 902 901 1007 
1970 901 1004 1056 
1971 1007 901 1056 
1972 903 902 904 
1973 904 902 905 
1974 905 902 1007 
1975 903 904 1006 
1976 1005 903 1055 
1977 903 1006 1055 
1978 904 905 906 
1979 904 906 907 
1980 904 907 1006 
1981 906 905 1009 
1982 905 1007 1020 
1983 1009 905 1020 
1984 907 906 908 
1985 908 906 909 
1986 909 906 1009 
1987 907 908 911 
1988 907 911 918 
1989 907 918 1006 
1990 908 909 910 
1991 908 910 1014 
1992 911 908 1014 
1993 910 909 912 
1994 912 909 1017 
1995 909 1009 1017 
1996 910 912 913 
1997 910 913 1023 
1998 1014 910 1023 
1999 918 911 919 
2000 919 911 1019 
2001 911 1014 1019 
2002 913 912 914 
2003 914 912 915 
2004 915 912 1017 
2005 913 914 916 
2006 913 916 917 
2007 913 917 1023 
2008 914 915 923 
2009 916 914 1029 
2010 914 923 1029 
2011 923 915 924 
2012 924 915 1042 
2013 915 1017 1042 
2014 917 916 927 
2015 927 916 929 
2016 929 916 1029 
2017 917 927 928 
2018 917 928 1012 
2019 917 1012 1023 
2020 918 919 920 
2021 918 920 1008 
2022 1006 918 1008 
2023 920 919 921 
2024 921 919 922 
2025 922 919 1019 
2026 920 921 925 
2027 920 925 926 
2028 920 926 1008 
2029 921 922 930 
2030 925 921 1050 
2031 921 930 1050 
2032 930 922 931 
2033 931 922 1043 
2034 922 1019 1043 
2035 923 924 932 
2036 923 932 1025 
2037 923 1025 1029 
2038 932 924 933 
2039 933 924 934 
2040 934 924 1042 
2041 926 925 938 
2042 938 925 1026 
2043 1026 925 1050 
2044 926 938 939 
2045 926 939 1054 
2046 1008 926 1054 
2047 928 927 1049 
2048 927 929 935 
2049 927 935 1049 
2050 1012 928 1015 
2051 928 1013 1015 
2052 1013 928 1049 
2053 935 929 943 
2054 943 929 1046 
2055 929 1029 1046 
2056 930 931 940 
2057 930 940 942 
2058 930 942 1050 
2059 940 931 941 
2060 941 931 950 
2061 950 931 1043 
2062 932 933 952 
2063 932 952 953 
2064 932 953 1025 
2065 933 934 936 
2066 933 936 1044 
2067 952 933 1044 
2068 936 934 937 
2069 937 934 944 
2070 944 934 1042 
2071 935 943 958 
2072 935 958 959 
2073 935 959 1049 
2074 936 937 1051 
2075 1044 936 1110 
2076 936 1051 1110 
2077 937 944 945 
2078 937 945 946 
2079 937 946 1051 
2080 939 938 954 
2081 954 938 957 
2082 957 938 1026 
2083 939 954 955 
2084 939 955 956 
2085 939 956 1054 
2086 940 941 1047 
2087 942 940 972 
2088 972 940 1047 
2089 941 950 951 
2090 941 951 971 
2091 941 971 1047 
2092 942 972 973 
2093 942 973 985 
2094 942 985 1050 
2095 958 943 974 
2096 974 943 975 
2097 975 943 1046 
2098 945 944 1053 
2099 1018 944 1042 
2100 944 1018 1053 
2101 946 945 947 
2102 947 945 948 
2103 948 945 1053 
2104 946 947 1035 
2105 946 1035 1036 
2106 946 1036 1051 
2107 947 948 949 
2108 947 949 960 
2109 947 960 1035 
2110 949 948 961 
2111 961 948 984 
2112 984 948 1053 
2113 960 949 1032 
2114 949 961 962 
2115 949 962 1032 
2116 951 950 963 
2117 963 950 966 
2118 966 950 1043 
2119 951 963 964 
2120 951 964 1030 
2121 971 951 1030 
2122 953 952 969 
2123 969 952 978 
2124 978 952 1044 
2125 953 969 979 
2126 953 979 1022 
2127 953 1022 1025 
2128 955 954 988 
2129 954 957 1028 
2130 988 954 1028 
2131 956 955 967 
2132 967 955 1045 
2133 955 988 1045 
2134 956 967 968 
2135 956 968 983 
2136 956 983 1054 
2137 1024 957 1026 
2138 957 1024 1027 
2139 957 1027 1028 
2140 959 958 986 
2141 958 974 1060 
2142 986 958 1060 
2143 959 986 990 
2144 959 990 1011 
2145 959 1011 1049 
2146 960 1032 1033 
2147 960 1033 1034 
2148 960 1034 1035 
2149 962 961 981 
2150 981 961 1056 
2151 961 984 1056 
2152 962 981 982 
2153 962 982 989 
2154 962 989 1032 
2155 964 963 965 
2156 965 963 1015 
2157 963 966 1015 
2158 964 965 976 
2159 964 976 987 
2160 964 987 1030 
2161 976 965 977 
2162 977 965 1013 
2163 1013 965 1015 
2164 966 1012 1015 
2165 1012 966 1016 
2166 1016 966 1043 
2167 968 967 970 
2168 970 967 1059 
2169 967 1045 1059 
2170 968 970 980 
2171 968 980 1057 
2172 983 968 1057 
2173 969 978 1066 
2174 979 969 993 
2175 993 969 1066 
2176 980 970 992 
2177 992 970 1062 
2178 970 1059 1062 
2179 971 1030 1065 
2180 1047 971 1052 
2181 1052 971 1065 
2182 973 972 1064 
2183 972 1047 1048 
2184 972 1048 1064 
2185 985 973 991 
2186 991 973 994 
2187 994 973 1064 
2188 974 975 1000 
2189 974 1000 1095 
2190 1060 974 1095 
2191 1000 975 1021 
2192 1021 975 1022 
2193 1022 975 1046 
2194 976 977 998 
2195 987 976 1092 
2196 976 998 1092 
2197 998 977 1010 
2198 1010 977 1011 
2199 1011 977 1013 
2200 978 1044 1112 
2201 1066 978 1100 
2202 978 1080 1100 
2203 1080 978 1112 
2204 979 993 1094 
2205 979 1021 1022 
2206 1021 979 1094 
2207 980 992 1001 
2208 980 1001 1003 
2209 980 1003 1057 
2210 982 981 1058 
2211 1004 981 1056 
2212 981 1004 1058 
2213 989 982 995 
2214 995 982 996 
2215 996 982 1058 
2216 983 1005 1055 
2217 1005 983 1057 
2218 1054 983 1055 
2219 1007 984 1020 
2220 984 1007 1056 
2221 1020 984 1053 
2222 985 991 1024 
2223 985 1024 1026 
2224 985 1026 1050 
2225 990 986 1099 
2226 986 1060 1061 
2227 986 1061 1099 
2228 1030 987 1031 
2229 1031 987 1113 
2230 987 1092 1113 
2231 988 1028 1098 
2232 1045 988 1107 
2233 988 1098 1107 
2234 989 995 1067 
2235 1032 989 1090 
2236 989 1067 1090 
2237 990 1010 1011 
2238 1010 990 1071 
2239 991 994 1111 
2240 1024 991 1088 
2241 1088 991 1111 
2242 1001 992 1108 
2243 992 1062 1063 
2244 992 1063 1108 
2245 993 1066 1073 
2246 993 1073 1102 
2247 1083 994 1093 
2248 994 1083 1111 
2249 1067 995 1070 
2250 999 996 1002 
2251 1002 996 1058 
2252 997 1001 1108 
2253 1069 997 1089 
2254 998 1076 1092 
2255 1000 1021 1103 
2256 1000 1077 1095 
2257 1006 1008 1055 
2258 1008 1054 1055 
2259 1017 1009 1018 
2260 1018 1009 1020 
2261 1011 1013 1049 
2262 1012 1016 1023 
2263 1014 1016 1019 
2264 1016 1014 1023 
2265 1019 1016 1043 
2266 1017 1018 1042 
2267 1018 1020 1053 
2268 1021 1094 1103 
2269 1025 1022 1046 
2270 1027 1024 1088 
2271 1029 1025 1046 
2272 1028 1027 1106 
2273 1085 1027 1086 
2274 1027 1085 1106 
2275 1086 1027 1088 
2276 1098 1028 1106 
2277 1030 1031 1065 
2278 1031 1084 1096 
2279 1084 1031 1113 
2280 1033 1032 1090 
2281 1034 1033 1087 
2282 1033 1081 1087 
2283 1081 1033 1090 
2284 1035 1034 1037 
2285 1036 1035 1037 
2286 1036 1037 1038 
2287 1036 1038 1039 
2288 1036 1039 1051 
2289 1038 1037 1068 
2290 1038 1068 1091 
2291 1039 1040 1041 
2292 1039 1041 1110 
2293 1051 1039 1110 
2294 1041 1040 1080 
2295 1041 1080 1112 
2296 1110 1041 1112 
2297 1044 1110 1112 
2298 1059 1045 1072 
2299 1072 1045 1107 
2300 1048 1047 1052 
2301 1064 1048 1075 
2302 1052 1065 1074 
2303 1099 1061 1105 
2304 1063 1062 1097 
2305 1067 1070 1109 
2306 1098 1078 1107 
2307 1080 1079 1100 
2308 1094 1082 1103 
2 4 2 363
2309 70 1152 1124 
2310 67 1154 1149 
2311 58 1166 1164 
2312 3 1168 1165 
2313 1189 1224 1153 
2314 1188 1213 1155 
2315 1168 1176 1165 
2316 1166 1178 1164 
2317 1154 1180 1149 
2318 1152 1181 1124 
2319 1185 1223 1167 
2320 84 1163 85 
2321 81 1160 82 
2322 78 1157 79 
2323 75 1151 76 
2324 72 1148 73 
2325 1187 1217 1170 
2326 1144 1224 1189 
2327 1117 1186 1172 
2328 1186 1221 1172 
2329 1119 1187 1170 
2330 1163 1241 85 
2331 1160 1239 82 
2332 1157 1237 79 
2333 1151 1236 76 
2334 1148 1235 73 
2335 1142 1213 1188 
2336 1177 1206 1143 
2337 1175 1196 1141 
2338 11 1221 10 
2339 1174 1194 1139 
2340 1136 1223 1185 
2341 1173 1192 1137 
2342 16 1217 15 
2343 1162 1163 84 
2344 1159 1160 81 
2345 1156 1157 78 
2346 1150 1151 75 
2347 1147 1148 72 
2348 1119 1170 1169 
2349 1117 1172 1171 
2350 1135 1203 1181 
2351 1143 1227 1177 
2352 1181 1203 1191 
2353 1207 1209 1206 
2354 1177 1233 1151 
2355 71 1147 72 
2356 74 1150 75 
2357 77 1156 78 
2358 80 1159 81 
2359 83 1162 84 
2360 69 1152 70 
2361 66 1154 67 
2362 57 1166 58 
2363 86 1168 3 
2364 68 1149 1123 
2365 65 1158 1121 
2366 62 1161 1119 
2367 59 1164 1117 
2368 56 1165 1115 
2369 1119 1169 63 
2370 1117 1171 60 
2371 64 1169 1158 
2372 61 1171 1161 
2373 1197 1211 1196 
2374 1195 1215 1194 
2375 1171 1182 1161 
2376 1115 1185 1167 
2377 1193 1219 1192 
2378 1169 1183 1158 
2379 1121 1188 1155 
2380 1141 1228 1175 
2381 1123 1189 1153 
2382 1179 1231 1148 
2383 1162 1192 1173 
2384 1159 1194 1174 
2385 10 1221 1138 
2386 1156 1196 1175 
2387 1206 1209 1143 
2388 1165 1185 1115 
2389 1164 1186 1117 
2390 1126 1202 1178 
2391 1161 1187 1119 
2392 1158 1188 1121 
2393 1149 1189 1123 
2394 1150 1206 1177 
2395 1139 1229 1174 
2396 15 1217 1140 
2397 1132 1246 1180 
2398 1134 1205 1176 
2399 1196 1211 1141 
2400 1199 1246 1132 
2401 1226 1250 1145 
2402 1130 1200 1183 
2403 1159 1174 1160 
2404 1162 1173 1163 
2405 1124 1250 1147 
2406 1137 1230 1173 
2407 1194 1215 1139 
2408 1156 1175 1157 
2409 1131 1233 1177 
2410 1202 1244 1178 
2411 1128 1201 1182 
2412 1220 1221 11 
2413 1191 1250 1124 
2414 1150 1177 1151 
2415 1192 1219 1137 
2416 1179 1250 1226 
2417 1125 1242 1173 
2418 1147 1179 1148 
2419 1127 1240 1174 
2420 1216 1217 16 
2421 1133 1231 1179 
2422 1140 1217 1187 
2423 1129 1238 1175 
2424 32 1133 31 
2425 37 1131 36 
2426 23 1132 22 
2427 18 1130 17 
2428 42 1129 41 
2429 47 1127 46 
2430 13 1128 12 
2431 8 1126 7 
2432 52 1125 51 
2433 54 1146 53 
2434 30 1145 29 
2435 35 1143 34 
2436 25 1144 24 
2437 40 1141 39 
2438 20 1142 19 
2439 15 1140 14 
2440 45 1139 44 
2441 10 1138 9 
2442 50 1137 49 
2443 5 1136 4 
2444 28 1135 27 
2445 1 1134 55 
2446 70 1124 71 
2447 68 1123 69 
2448 73 1122 74 
2449 65 1121 66 
2450 76 1120 77 
2451 79 1118 80 
2452 62 1119 63 
2453 82 1116 83 
2454 59 1117 60 
2455 56 1115 57 
2456 85 1114 86 
2457 67 1149 68 
2458 64 1158 65 
2459 61 1161 62 
2460 58 1164 59 
2461 3 1165 56 
2462 63 1169 64 
2463 60 1171 61 
2464 1200 1249 1183 
2465 1124 1147 71 
2466 1122 1150 74 
2467 1120 1156 77 
2468 1118 1159 80 
2469 1116 1162 83 
2470 1123 1152 69 
2471 1121 1154 66 
2472 1115 1166 57 
2473 1114 1168 86 
2474 1123 1153 1152 
2475 1121 1155 1154 
2476 1115 1167 1166 
2477 1205 1243 1176 
2478 1173 1242 1163 
2479 1138 1221 1186 
2480 1174 1240 1160 
2481 1175 1238 1157 
2482 1114 1184 1168 
2483 1201 1248 1182 
2484 1208 1209 1207 
2485 1218 1219 1193 
2486 1210 1211 1197 
2487 1214 1215 1195 
2488 1167 1223 1222 
2489 1224 1225 1153 
2490 1155 1213 1212 
2491 1116 1193 1192 
2492 1170 1251 1169 
2493 1118 1195 1194 
2494 1176 1243 1165 
2495 1120 1197 1196 
2496 1182 1248 1161 
2497 1122 1207 1206 
2498 1172 1252 1171 
2499 1190 1242 1198 
2500 1190 1198 1146 
2501 1173 1230 1125 
2502 1178 1244 1164 
2503 73 1235 1122 
2504 76 1236 1120 
2505 79 1237 1118 
2506 82 1239 1116 
2507 1183 1249 1158 
2508 1114 1190 1184 
2509 1146 1204 1184 
2510 1184 1190 1146 
2511 85 1241 1114 
2512 1161 1248 1187 
2513 1116 1192 1162 
2514 1118 1194 1159 
2515 1158 1249 1188 
2516 1174 1229 1127 
2517 1193 1240 1218 
2518 1165 1243 1185 
2519 1120 1196 1156 
2520 1195 1238 1214 
2521 1128 1220 12 
2522 1130 1216 17 
2523 1132 1212 22 
2524 1126 1222 7 
2525 47 1218 1127 
2526 42 1214 1129 
2527 37 1210 1131 
2528 52 1198 1125 
2529 32 1208 1133 
2530 23 1199 1132 
2531 1146 1198 53 
2532 18 1200 1130 
2533 13 1201 1128 
2534 25 1224 1144 
2535 8 1202 1126 
2536 1144 1199 24 
2537 1142 1200 19 
2538 54 1204 1146 
2539 1140 1201 14 
2540 1138 1202 9 
2541 1145 1203 29 
2542 28 1203 1135 
2543 20 1213 1142 
2544 5 1223 1136 
2545 1136 1205 4 
2546 1139 1215 44 
2547 1143 1209 34 
2548 1137 1219 49 
2549 1141 1211 39 
2550 1135 1225 27 
2551 1134 1204 55 
2552 1 1205 1134 
2553 12 1220 11 
2554 17 1216 16 
2555 22 1212 21 
2556 7 1222 6 
2557 26 1224 25 
2558 48 1218 47 
2559 43 1214 42 
2560 53 1198 52 
2561 38 1210 37 
2562 33 1208 32 
2563 24 1199 23 
2564 19 1200 18 
2565 14 1201 13 
2566 9 1202 8 
2567 29 1203 28 
2568 55 1204 54 
2569 21 1213 20 
2570 6 1223 5 
2571 4 1205 1 
2572 44 1215 43 
2573 49 1219 48 
2574 27 1225 26 
2575 39 1211 38 
2576 34 1209 33 
2577 1122 1206 1150 
2578 1180 1246 1149 
2579 1181 1191 1124 
2580 1218 1240 1127 
2581 1164 1244 1186 
2582 1153 1232 1152 
2583 1133 1226 31 
2584 30 1226 1145 
2585 1175 1228 1129 
2586 1214 1238 1129 
2587 1169 1251 1183 
2588 1131 1227 36 
2589 35 1227 1143 
2590 1129 1228 41 
2591 40 1228 1141 
2592 1127 1229 46 
2593 45 1229 1139 
2594 1177 1227 1131 
2595 1125 1230 51 
2596 50 1230 1137 
2597 1171 1252 1182 
2598 1155 1234 1154 
2599 1172 1221 1220 
2600 1170 1217 1216 
2601 1152 1232 1181 
2602 1179 1226 1133 
2603 1233 1236 1151 
2604 1149 1246 1189 
2605 31 1226 30 
2606 1154 1234 1180 
2607 36 1227 35 
2608 1198 1242 1125 
2609 1191 1203 1145 
2610 41 1228 40 
2611 46 1229 45 
2612 51 1230 50 
2613 1167 1245 1166 
2614 1231 1235 1148 
2615 1166 1245 1178 
2616 1168 1247 1176 
2617 1212 1213 21 
2618 1222 1223 6 
2619 26 1225 1224 
2620 48 1219 1218 
2621 43 1215 1214 
2622 38 1211 1210 
2623 33 1209 1208 
2624 1184 1247 1168 
2625 1189 1246 1144 
2626 1207 1231 1208 
2627 1144 1246 1199 
2628 1204 1247 1184 
2629 1197 1233 1210 
2630 1225 1232 1153 
2631 1220 1252 1172 
2632 1186 1244 1138 
2633 1212 1234 1155 
2634 1216 1251 1170 
2635 1222 1245 1167 
2636 1188 1249 1142 
2637 1185 1243 1136 
2638 1176 1247 1134 
2639 1178 1245 1126 
2640 1181 1232 1135 
2641 1180 1234 1132 
2642 1145 1250 1191 
2643 1116 1239 1193 
2644 1118 1237 1195 
2645 1187 1248 1140 
2646 1120 1236 1197 
2647 1122 1235 1207 
2648 1134 1247 1204 
2649 1138 1244 1202 
2650 1147 1250 1179 
2651 1128 1252 1220 
2652 1197 1236 1233 
2653 1142 1249 1200 
2654 1126 1245 1222 
2655 1207 1235 1231 
2656 1136 1243 1205 
2657 1130 1251 1216 
2658 1182 1252 1128 
2659 1140 1248 1201 
2660 1183 1251 1130 
2661 1114 1241 1190 
2662 1208 1231 1133 
2663 1132 1234 1212 
2664 1135 1232 1225 
2665 1210 1233 1131 
2666 1163 1242 1241 
2667 1241 1242 1190 
2668 1157 1238 1237 
2669 1237 1238 1195 
2670 1160 1240 1239 
2671 1239 1240 1193 
2 5 2 212
2672 1265 1306 1305 
2673 1296 1297 1261 
2674 1305 1328 1265 
2675 1312 1329 1260 
2676 1260 1314 1312 
2677 1268 1327 1299 
2678 1261 1338 1296 
2679 1297 1342 1261 
2680 1255 1271 1270 
2681 1292 1317 1270 
2682 1270 1317 1263 
2683 1259 1328 1305 
2684 1326 1331 1260 
2685 1260 1331 1314 
2686 1327 1341 1299 
2687 1299 1331 1268 
2688 1255 1270 1269 
2689 1264 1316 1307 
2690 1254 1323 1311 
2691 1305 1316 1259 
2692 1265 1319 1306 
2693 1323 1336 1311 
2694 1271 1272 1270 
2695 1264 1320 1316 
2696 1272 1292 1270 
2697 1271 1273 1272 
2698 1334 1341 1256 
2699 1273 1274 1272 
2700 1315 1325 1258 
2701 1273 1275 1274 
2702 1275 1276 1274 
2703 1273 1293 1275 
2704 1276 1277 1274 
2705 1276 1278 1277 
2706 1278 1281 1277 
2707 1276 1279 1278 
2708 1281 1284 1277 
2709 1279 1280 1278 
2710 1281 1287 1284 
2711 1279 1282 1280 
2712 1287 1294 1284 
2713 1279 1283 1282 
2714 1281 1288 1287 
2715 1282 1285 1280 
2716 1285 1286 1280 
2717 1288 1296 1287 
2718 1283 1289 1282 
2719 1285 1295 1286 
2720 1288 1297 1296 
2721 1283 1290 1289 
2722 1283 1291 1290 
2723 1295 1298 1286 
2724 1285 1299 1295 
2725 66 1263 65 
2726 58 1261 57 
2727 80 1260 79 
2728 84 1256 83 
2729 60 1254 59 
2730 68 1255 67 
2731 56 1258 3 
2732 62 1262 61 
2733 74 1265 73 
2734 72 1259 71 
2735 76 1253 75 
2736 64 1257 63 
2737 82 1268 81 
2738 70 1264 69 
2739 78 1266 77 
2740 86 1267 85 
2741 1282 1300 1285 
2742 1289 1300 1282 
2743 1285 1300 1299 
2744 1275 1303 1276 
2745 1278 1301 1281 
2746 1280 1301 1278 
2747 1286 1301 1280 
2748 1281 1301 1288 
2749 1286 1302 1301 
2750 1301 1302 1288 
2751 1298 1302 1286 
2752 1288 1302 1297 
2753 1283 1303 1291 
2754 1276 1303 1279 
2755 1279 1303 1283 
2756 1293 1304 1275 
2757 1293 1305 1304 
2758 1275 1304 1303 
2759 1303 1304 1291 
2760 1284 1310 1308 
2761 1305 1306 1304 
2762 1304 1306 1291 
2763 1321 1334 1256 
2764 1272 1308 1292 
2765 1322 1338 1261 
2766 1315 1339 1325 
2767 1284 1308 1277 
2768 1274 1308 1272 
2769 1261 1342 1324 
2770 1271 1307 1273 
2771 1308 1310 1292 
2772 1306 1309 1291 
2773 1253 1318 1309 
2774 1273 1307 1293 
2775 1277 1308 1274 
2776 1296 1311 1287 
2777 1291 1309 1290 
2778 1294 1310 1284 
2779 1287 1311 1294 
2780 1302 1315 1297 
2781 1293 1316 1305 
2782 1290 1312 1289 
2783 1266 1329 1312 
2784 1312 1314 1289 
2785 1294 1313 1310 
2786 1300 1331 1299 
2787 1255 1343 1271 
2788 1290 1318 1312 
2789 1312 1318 1266 
2790 1253 1333 1318 
2791 1289 1314 1300 
2792 1298 1315 1302 
2793 1313 1332 1257 
2794 1307 1316 1293 
2795 1256 1341 1327 
2796 1310 1335 1292 
2797 1269 1270 1263 
2798 1313 1336 1262 
2799 1294 1336 1313 
2800 1306 1319 1309 
2801 1257 1335 1313 
2802 1309 1318 1290 
2803 1309 1319 1253 
2804 67 1269 66 
2805 71 1320 70 
2806 78 1329 1266 
2807 61 1323 60 
2808 3 1325 86 
2809 69 1330 68 
2810 1260 1329 79 
2811 1259 1320 71 
2812 1268 1326 81 
2813 1255 1269 67 
2814 85 1321 84 
2815 59 1322 58 
2816 58 1322 1261 
2817 68 1330 1255 
2818 1256 1327 83 
2819 1267 1321 85 
2820 1258 1325 3 
2821 1254 1322 59 
2822 1264 1330 69 
2823 82 1327 1268 
2824 84 1321 1256 
2825 86 1325 1267 
2826 60 1323 1254 
2827 72 1328 1259 
2828 1265 1328 73 
2829 79 1329 78 
2830 80 1326 1260 
2831 57 1324 56 
2832 1262 1323 61 
2833 70 1320 1264 
2834 81 1326 80 
2835 56 1324 1258 
2836 1261 1324 57 
2837 73 1328 72 
2838 66 1269 1263 
2839 83 1327 82 
2840 1257 1332 63 
2841 62 1332 1262 
2842 1266 1333 77 
2843 76 1333 1253 
2844 63 1332 62 
2845 1292 1335 1317 
2846 1263 1337 65 
2847 64 1337 1257 
2848 74 1340 1265 
2849 1253 1340 75 
2850 77 1333 76 
2851 1295 1334 1298 
2852 1330 1343 1255 
2853 1262 1332 1313 
2854 1316 1320 1259 
2855 1295 1341 1334 
2856 1267 1339 1334 
2857 1296 1338 1311 
2858 1315 1342 1297 
2859 1268 1331 1326 
2860 1314 1331 1300 
2861 1334 1339 1298 
2862 1307 1343 1264 
2863 65 1337 64 
2864 75 1340 74 
2865 1299 1341 1295 
2866 1318 1333 1266 
2867 1311 1338 1254 
2868 1317 1337 1263 
2869 1257 1337 1317 
2870 1271 1343 1307 
2871 1311 1336 1294 
2872 1319 1340 1253 
2873 1265 1340 1319 
2874 1313 1335 1310 
2875 1267 1334 1321 
2876 1258 1342 1315 
2877 1262 1336 1323 
2878 1317 1335 1257 
2879 1264 1343 1330 
2880 1298 1339 1315 
2881 1325 1339 1267 
2882 1254 1338 1322 
2883 1324 1342 1258 
3 1 4 9037
2884 1350 1483 1748 1851 
2885 673 1612 1929 1961 
2886 394 876 1593 1645 
2887 876 722 394 1593 
2888 1367 1449 1521 1732 
2889 1423 1607 1508 1755 
2890 673 1612 1961 2145 
2891 1575 1877 1861 2232 
2892 1456 1609 1354 1875 
2893 1089 722 876 1593 
2894 1379 1749 1578 1951 
2895 1387 1827 1431 1943 
2896 948 947 1467 1805 
2897 1377 1618 1442 1677 
2898 1416 1657 1612 1796 
2899 1350 1748 1677 1851 
2900 1755 1787 1423 1897 
2901 1411 1588 1717 2119 
2902 1442 1618 1400 1677 
2903 1439 1680 1388 1794 
2904 1411 1717 1608 2119 
2905 984 1660 1738 1981 
2906 947 1558 1467 1805 
2907 1460 1987 1356 2008 
2908 1477 1363 1750 1866 
2909 1483 1851 1350 1978 
2910 1367 1521 1449 1601 
2911 1624 1662 1506 1670 
2912 331 1751 1671 1798 
2913 160 344 386 1599 
2914 1378 1612 1657 1796 
2915 1664 1761 1526 1964 
2916 335 1852 1553 1862 
2917 1492 1750 1363 1866 
2918 1530 1925 1396 2017 
2919 1431 1827 1641 1943 
2920 1356 1606 1460 1999 
2921 1787 1917 1847 2016 
2922 1472 1489 1369 2088 
2923 160 386 745 1599 
2924 1472 1369 1885 2088 
2925 1460 1606 1356 1987 
2926 1511 1733 1429 1825 
2927 944 1491 1631 1805 
2928 1471 1531 1368 1629 
2929 1677 1350 1851 1978 
2930 728 812 1770 2055 
2931 1456 1609 1875 2045 
2932 1478 1646 912 1742 
2933 1376 1426 1622 1627 
2934 909 912 1646 1742 
2935 1871 1947 1506 2237 
2936 1391 1524 1514 1751 
2937 736 828 411 1513 
2938 1400 1442 1677 1978 
2939 1735 2089 1389 2094 
2940 1374 1508 1607 1755 
2941 1453 1617 1445 1626 
2942 1412 1578 1749 1951 
2943 1690 1871 1486 1947 
2944 1415 1614 1458 1634 
2945 944 1631 1803 1805 
2946 1401 1690 1486 1947 
2947 716 1500 815 1777 
2948 1607 1755 1423 1897 
2949 1787 1847 1390 2016 
2950 1361 1500 1553 1685 
2951 974 1867 1465 2136 
2952 205 1556 194 1636 
2953 1458 1415 1634 1909 
2954 1379 1664 1749 1951 
2955 1719 1768 275 1802 
2956 1413 1768 1719 1802 
2957 1351 1944 1814 1962 
2958 1615 1647 1421 1870 
2959 944 1805 1803 2231 
2960 1514 1524 1391 2187 
2961 944 1491 1018 1631 
2962 736 411 152 1513 
2963 974 1629 1465 1867 
2964 1441 1525 1370 1602 
2965 1351 1814 1447 1962 
2966 1438 1989 1550 2012 
2967 989 1643 1630 2126 
2968 867 1651 1546 1994 
2969 258 1553 335 1584 
2970 1488 1396 1925 2017 
2971 332 1633 1671 1751 
2972 1421 1647 1615 2002 
2973 1467 1558 947 1882 
2974 1506 1670 1662 1993 
2975 984 1738 1007 1981 
2976 1424 1861 1575 1877 
2977 1377 1442 1618 1899 
2978 205 1556 1636 1916 
2979 1387 1431 1827 1911 
2980 1401 1506 1947 2237 
2981 1429 1511 1825 2291 
2982 655 1602 1942 2201 
2983 1420 1624 1514 2217 
2984 1374 1617 1453 1626 
2985 1622 1798 215 1976 
2986 989 1630 2071 2126 
2987 1393 1685 1500 1967 
2988 1749 1951 1664 2221 
2989 1396 1530 1463 1919 
2990 331 1671 203 1798 
2991 1509 1571 1374 1652 
2992 1503 1847 1787 1917 
2993 1430 1526 1761 1964 
2994 1500 1770 815 1777 
2995 949 1467 947 1882 
2996 1466 1882 1037 2021 
2997 1514 1751 1524 2199 
2998 1743 1821 1436 1848 
2999 1376 1426 1627 1688 
3000 1476 1378 1697 2038 
3001 1018 1631 1491 1910 
3002 411 152 1513 1832 
3003 812 2007 1770 2055 
3004 1647 1870 1615 2002 
3005 1393 1500 1620 1967 
3006 1389 2089 1900 2094 
3007 386 1599 344 1703 
3008 1457 1375 1926 1945 
3009 1455 1758 190 2091 
3010 258 1553 1584 2018 
3011 1387 1431 1911 1943 
3012 1362 1610 1493 1850 
3013 203 216 331 1798 
3014 867 1546 1833 1994 
3015 1861 1877 1359 2232 
3016 1471 1629 1368 1797 
3017 1454 1046 1867 1869 
3018 394 1593 723 1645 
3019 1357 1550 1989 2012 
3020 1465 1629 974 1797 
3021 1385 1763 1512 1989 
3022 948 1467 1660 1805 
3023 952 1579 1711 2184 
3024 1735 1914 1389 2089 
3025 745 1599 386 1703 
3026 1442 1400 1618 2018 
3027 510 1700 1661 1952 
3028 1664 1526 1873 1964 
3029 1557 1744 1604 2076 
3030 1396 1463 1861 1919 
3031 224 1702 1507 1899 
3032 948 947 949 1467 
3033 939 1544 1503 1847 
3034 1556 194 1636 1854 
3035 1360 1541 1443 1792 
3036 1360 1443 1541 1762 
3037 1451 1739 1384 1897 
3038 1398 1821 1743 1848 
3039 312 1702 1513 1785 
3040 1367 1763 1732 2142 
3041 190 1758 1455 1854 
3042 790 1678 1466 2101 
3043 1461 1539 1354 1609 
3044 562 1700 510 1952 
3045 394 722 723 1593 
3046 1475 1877 1575 2232 
3047 1577 1697 1378 2038 
3048 1564 1885 1369 2088 
3049 1622 1624 1420 1670 
3050 1409 1604 1557 1744 
3051 1354 1461 1609 1804 
3052 815 1500 716 2203 
3053 1486 1401 1567 1690 
3054 1694 1517 1800 1931 
3055 1503 1536 1384 1897 
3056 1367 1449 1732 1763 
3057 1374 1571 1509 2205 
3058 869 1652 1509 1739 
3059 989 1630 1643 1753 
3060 1414 1581 1517 1694 
3061 1385 1449 1763 1989 
3062 215 1622 1514 1798 
3063 1374 1509 1897 2205 
3064 1420 1622 1514 1624 
3065 283 1671 1633 2261 
3066 1037 1466 1740 1882 
3067 1900 2089 1469 2094 
3068 1441 1385 1721 1801 
3069 812 1777 815 2007 
3070 566 1678 790 2101 
3071 1433 1383 1663 1868 
3072 312 311 1513 1702 
3073 1364 1637 1785 1924 
3074 1465 1395 1708 2223 
3075 828 411 1513 1832 
3076 1362 1559 1610 1850 
3077 754 1630 1713 1736 
3078 343 1640 1434 1837 
3079 1482 1345 1511 1567 
3080 1441 1370 1525 2022 
3081 1369 1489 1472 1799 
3082 258 281 1553 2018 
3083 1732 1763 1512 2142 
3084 1370 1870 1647 2002 
3085 1359 1485 1554 1946 
3086 331 285 203 1671 
3087 514 1700 1863 2025 
3088 944 1053 1491 1805 
3089 513 515 1730 2025 
3090 1436 1681 1743 1848 
3091 1410 1673 1639 2042 
3092 1385 1449 1582 1763 
3093 1702 1899 224 2159 
3094 772 2071 1736 2166 
3095 949 1753 1467 1882 
3096 1570 1911 1431 1943 
3097 1442 1377 1623 1899 
3098 523 544 1545 1665 
3099 1430 1873 1526 1964 
3100 1624 1486 1776 2217 
3101 544 1545 1665 1819 
3102 1060 1465 974 1797 
3103 912 1646 1478 2075 
3104 1633 1671 1469 2261 
3105 303 1622 215 1976 
3106 744 1640 350 1837 
3107 1388 1680 1439 1844 
3108 1396 1655 1530 2017 
3109 655 1942 1602 2258 
3110 283 1633 1469 2261 
3111 1416 1796 1612 2034 
3112 754 1713 770 1736 
3113 1503 1787 1536 1897 
3114 1451 1384 1621 1897 
3115 1376 1622 1426 1670 
3116 1457 1926 1727 1945 
3117 1668 2056 1473 2131 
3118 515 1863 1730 2025 
3119 1524 1892 1391 2187 
3120 1359 1596 1485 1946 
3121 1367 1521 1535 1732 
3122 335 1584 1553 1852 
3123 1503 1390 1787 1847 
3124 1441 1801 1721 2201 
3125 744 834 1640 1837 
3126 774 772 1736 2166 
3127 1494 1572 1381 1896 
3128 1557 1604 1409 1824 
3129 1557 1738 1604 1824 
3130 1616 1908 1876 2133 
3131 190 1587 1758 1854 
3132 1434 1961 1612 2145 
3133 1480 1528 1356 1606 
3134 1378 1611 1565 1884 
3135 1482 1511 1345 1825 
3136 150 744 350 1837 
3137 1838 2107 1531 2175 
3138 1438 1692 1550 1989 
3139 332 1633 283 1671 
3140 1680 1794 1551 1936 
3141 815 1770 1500 2203 
3142 1472 1369 1857 1885 
3143 195 1523 197 1671 
3144 1374 1509 1652 1897 
3145 1451 1621 1384 1878 
3146 1374 1453 1571 1932 
3147 1591 1693 731 1705 
3148 1426 1376 1670 1688 
3149 1471 1381 1572 1896 
3150 1355 1746 1673 1903 
3151 772 740 2071 2166 
3152 1434 1640 343 1775 
3153 1364 1785 1637 2263 
3154 1344 1624 1486 1776 
3155 1482 1733 1511 1825 
3156 974 1708 1867 2136 
3157 196 197 195 1523 
3158 1042 1631 1018 1910 
3159 1465 1867 1708 2136 
3160 1029 1725 1701 1869 
3161 1391 1624 1487 1776 
3162 1367 1521 1601 2129 
3163 1442 1623 1377 1677 
3164 1697 1921 1476 2038 
3165 1383 1433 1663 1711 
3166 1368 1616 1446 2107 
3167 900 1926 1604 2229 
3168 774 740 772 2166 
3169 1370 1615 1870 2002 
3170 1695 1789 1589 2032 
3171 1521 2036 1601 2129 
3172 812 716 815 1777 
3173 776 1652 869 1739 
3174 1513 1702 311 1747 
3175 1042 944 1018 1631 
3176 1456 1693 619 2207 
3177 1577 1921 1697 2038 
3178 1526 1717 1361 1851 
3179 1396 1488 1655 2017 
3180 93 92 1739 1836 
3181 1521 1481 2036 2129 
3182 1500 1553 1685 1852 
3183 1439 1551 1680 1794 
3184 1383 1433 1711 1868 
3185 1439 1388 1654 1794 
3186 195 1523 1671 2261 
3187 1354 1609 1539 1875 
3188 1746 1776 1486 2217 
3189 93 1739 1619 1836 
3190 815 1777 1770 2007 
3191 914 1701 1029 1725 
3192 1385 1801 1441 2022 
3193 1451 1652 1739 1897 
3194 524 1665 522 1890 
3195 558 1891 1759 2270 
3196 1390 1610 1585 1658 
3197 1483 1361 1717 1851 
3198 944 1803 937 2231 
3199 312 1507 224 1702 
3200 1361 1500 1685 1967 
3201 843 749 402 1726 
3202 1515 1761 1664 1964 
3203 223 224 312 1507 
3204 843 402 1525 1726 
3205 1355 1639 1673 2042 
3206 1092 1696 871 2047 
3207 1423 1917 1787 2016 
3208 1490 1632 295 2257 
3209 1415 1614 1634 1939 
3210 1373 1540 1491 1906 
3211 1471 1368 1669 1797 
3212 895 1593 1827 1997 
3213 1447 1351 1615 1814 
3214 1512 1732 1449 1763 
3215 1736 2071 1480 2166 
3216 619 2045 1456 2207 
3217 1457 1375 1604 1926 
3218 558 1688 1759 1891 
3219 1446 1616 1876 2133 
3220 903 1926 900 2229 
3221 1347 1540 1858 2248 
3222 195 2052 1523 2261 
3223 196 1523 195 2052 
3224 1398 1743 1681 1848 
3225 1466 1678 790 1934 
3226 1540 1491 1906 2044 
3227 949 948 1467 1859 
3228 1476 1785 1637 1924 
3229 802 731 1693 1705 
3230 914 1701 1725 2075 
3231 1456 619 1693 2045 
3232 1374 1571 1453 2116 
3233 1367 1535 1521 1868 
3234 1388 1794 1680 1936 
3235 87 1537 355 2191 
3236 324 1885 1689 2235 
3237 332 283 285 1671 
3238 1460 1356 1717 2008 
3239 1022 1454 1046 1867 
3240 1498 1399 1562 2161 
3241 1350 1576 1497 1694 
3242 1714 1766 1723 2262 
3243 1608 1717 1460 2119 
3244 1448 1738 1056 1859 
3245 1433 1868 1663 2109 
3246 1031 2056 1668 2131 
3247 1514 1624 1376 2187 
3248 1368 1876 1616 1908 
3249 1434 343 1837 2026 
3250 1356 1497 1990 2210 
3251 433 796 93 2123 
3252 87 355 1537 1817 
3253 1357 1550 1692 1989 
3254 1400 1442 1978 2018 
3255 1723 1766 1714 2015 
3256 1350 1694 1800 1931 
3257 1374 1626 1506 1849 
3258 1448 1859 1056 2125 
3259 1056 1738 1448 2125 
3260 1396 1463 1530 1655 
3261 1391 1624 1776 2217 
3262 1412 1578 1693 1749 
3263 1514 1622 1376 1624 
3264 1410 1519 1673 2042 
3265 1360 1443 1728 1792 
3266 1368 1446 1616 1876 
3267 1375 1604 1744 2076 
3268 1365 1792 1501 2245 
3269 1377 1623 1899 2112 
3270 1456 1354 1609 1749 
3271 258 281 335 1553 
3272 1412 1609 1461 1804 
3273 1373 1540 1458 2080 
3274 1564 1857 1369 1885 
3275 1391 1487 1624 2217 
3276 1355 1486 1746 1903 
3277 1814 1944 1429 1962 
3278 1039 1754 1484 1812 
3279 841 655 1942 2201 
3280 975 1867 1046 1869 
3281 812 815 1770 2007 
3282 544 844 523 1545 
3283 1406 1565 1611 1884 
3284 1599 1706 1393 2243 
3285 1646 1727 906 1742 
3286 525 1527 527 1819 
3287 1356 1528 1480 1955 
3288 1585 1658 1610 2149 
3289 1498 1562 2002 2161 
3290 600 1453 599 1913 
3291 1539 1875 1609 2045 
3292 600 1807 1453 1913 
3293 241 242 1768 1889 
3294 625 1704 1473 1890 
3295 325 1809 1689 1880 
3296 1571 1607 1374 1932 
3297 1387 1911 1570 1943 
3298 1529 1672 1906 2006 
3299 1373 1491 1540 2080 
3300 1376 1662 1624 1670 
3301 1354 1539 1461 1842 
3302 1508 1436 1886 2151 
3303 1362 1493 1610 2016 
3304 1465 1368 1629 1797 
3305 1567 1690 1401 2128 
3306 1345 1825 1511 2291 
3307 1054 1585 1760 1847 
3308 1624 1960 1376 2187 
3309 1391 1751 1514 1798 
3310 1575 1861 1359 2232 
3311 525 1665 1527 1819 
3312 1368 1531 1838 2107 
3313 1585 1847 1054 2149 
3314 360 370 419 1644 
3315 1029 1701 916 1869 
3316 1616 1948 1446 2107 
3317 964 963 1495 2127 
3318 807 1546 867 1651 
3319 599 1453 600 1807 
3320 1010 1655 2017 2111 
3321 312 1507 1702 1785 
3322 1441 1942 1602 2201 
3323 1351 1447 1615 1649 
3324 241 1768 1564 1889 
3325 1352 1734 1522 2198 
3326 1356 1990 1955 2210 
3327 1437 1733 1672 1959 
3328 1014 2130 1742 2183 
3329 1031 1696 1668 2056 
3330 1679 1719 275 1802 
3331 1360 1728 1443 1762 
3332 224 1507 222 1899 
3333 1632 1757 295 2257 
3334 815 716 817 2203 
3335 1588 1460 1717 2119 
3336 593 1509 869 1652 
3337 1355 1567 1486 1639 
3338 1491 1373 1646 1910 
3339 1356 1497 1737 1990 
3340 242 1502 254 1768 
3341 1370 1441 1602 2022 
3342 1623 1507 1899 2112 
3343 1039 1484 1754 2021 
3344 984 1007 1020 1981 
3345 948 1660 1467 1859 
3346 1515 1749 1664 2221 
3347 558 588 1891 2270 
3348 1350 1497 1576 1748 
3349 1413 1719 1679 1802 
3350 1742 2130 1468 2183 
3351 1361 1862 1553 2007 
3352 716 1500 817 2203 
3353 1487 1514 1391 2187 
3354 964 1495 963 1965 
3355 190 193 1854 2091 
3356 1356 1460 1717 1999 
3357 1434 1775 343 2026 
3358 1388 1439 1654 1844 
3359 205 194 204 1636 
3360 1545 1819 544 2035 
3361 1668 1696 1473 2056 
3362 1517 1393 1706 2243 
3363 1376 1624 1622 1670 
3364 1055 1585 1054 2149 
3365 898 1771 1604 1824 
3366 1450 1914 1735 2089 
3367 1738 1981 1660 2174 
3368 1391 1514 1487 2217 
3369 1396 1830 1488 1925 
3370 1453 1626 1445 2230 
3371 312 223 1507 1785 
3372 1488 1925 1669 2017 
3373 1488 1797 1724 2287 
3374 952 1874 1579 2184 
3375 1373 1458 1540 2181 
3376 695 1832 1637 2024 
3377 1381 1896 1471 2005 
3378 1495 1668 964 2127 
3379 1668 1696 1092 2111 
3380 1404 1484 1558 1684 
3381 1487 1391 1892 2187 
3382 1385 2022 1441 2193 
3383 1397 1906 1672 2006 
3384 1366 1648 1782 2281 
3385 1361 1553 1500 2007 
3386 1054 1585 1055 1760 
3387 87 355 149 2191 
3388 975 1629 1867 1869 
3389 1370 1781 1525 2022 
3390 1401 1486 1567 1923 
3391 1610 1847 1917 2016 
3392 1385 1582 1449 1674 
3393 1488 990 1797 2287 
3394 1572 1896 1701 2225 
3395 1454 1867 1629 1869 
3396 1046 1454 1022 2209 
3397 1514 1524 2187 2199 
3398 1500 1852 1703 2203 
3399 850 1489 1613 1799 
3400 1462 1708 1395 1867 
3401 1450 1589 1695 2089 
3402 1399 2046 1562 2161 
3403 1640 1837 834 1961 
3404 1619 1739 93 2123 
3405 197 1671 1523 2251 
3406 1373 1977 1458 2181 
3407 205 1636 204 1916 
3408 1368 1629 1531 2223 
3409 1411 1608 1717 2259 
3410 433 93 1739 2123 
3411 1395 1867 1708 2223 
3412 1368 1531 1471 1838 
3413 802 731 808 1693 
3414 1792 2029 1501 2245 
3415 281 1789 1553 2018 
3416 603 528 1527 1648 
3417 424 737 891 1698 
3418 295 1632 1490 1860 
3419 987 1668 1031 1696 
3420 1404 1558 1484 2231 
3421 152 736 1513 1747 
3422 1436 1886 2151 2162 
3423 1517 1694 1581 1974 
3424 1356 1987 1528 2008 
3425 484 1538 482 2233 
3426 1608 2008 1717 2259 
3427 639 1496 542 1937 
3428 1441 1525 1781 2022 
3429 175 1589 177 1808 
3430 1376 1662 1670 1993 
3431 1356 1606 1528 1987 
3432 1636 1854 193 2091 
3433 1502 1556 1421 1574 
3434 871 1696 646 2047 
3435 532 1617 1855 1913 
3436 1717 2008 1549 2259 
3437 1379 1693 1578 1749 
3438 1451 1652 1897 1968 
3439 1374 1849 1506 1968 
3440 1521 1868 1535 2096 
3441 1350 1576 1694 2153 
3442 1527 1650 527 1819 
3443 1517 1581 1414 1881 
3444 1406 1901 1614 2185 
3445 1393 1620 1500 2081 
3446 1395 1465 1708 2148 
3447 843 653 1726 2258 
3448 1353 1672 1733 1959 
3449 1374 1453 1617 2116 
3450 1355 1673 1639 1903 
3451 1637 1785 1513 2263 
3452 372 1942 1781 2176 
3453 1092 1463 1696 2047 
3454 1379 1664 1515 1749 
3455 190 1854 1455 2091 
3456 324 1689 1844 2235 
3457 1416 1538 1796 2034 
3458 1092 1668 987 1696 
3459 1359 1485 1877 2048 
3460 1374 1626 1453 2151 
3461 964 1668 1495 1965 
3462 1614 1901 1510 2185 
3463 541 1810 1786 2054 
3464 1717 1851 1526 2144 
3465 984 1738 1660 1859 
3466 294 1735 1490 1758 
3467 1499 1680 1551 1936 
3468 987 1031 1668 2131 
3469 1407 1556 1502 1574 
3470 1663 1868 1535 2109 
3471 1514 1798 1751 2199 
3472 1465 1708 1867 2223 
3473 1473 1704 625 2139 
3474 1496 1730 542 1937 
3475 1553 1862 1500 2007 
3476 1352 1849 1734 2198 
3477 1455 1758 1587 1854 
3478 1374 1506 1626 1755 
3479 1348 1939 1614 1941 
3480 1549 1686 1349 1911 
3481 1504 1710 219 2271 
3482 1018 944 1053 1491 
3483 1365 1501 1552 2245 
3484 653 2204 1726 2258 
3485 171 1682 170 1862 
3486 1929 1961 1612 1992 
3487 1562 2046 2002 2161 
3488 1373 1491 1646 1906 
3489 603 1648 1527 1823 
3490 1714 1723 1590 2262 
3491 695 700 1832 2024 
3492 1347 1540 1642 1858 
3493 1414 1694 1517 1800 
3494 522 1665 1840 1890 
3495 1366 1782 1573 2281 
3496 1463 1092 1696 2111 
3497 1458 1634 1614 2060 
3498 1545 1380 1819 2035 
3499 390 264 369 2087 
3500 1395 1708 1462 1790 
3501 1599 2064 734 2186 
3502 1504 219 1844 2271 
3503 1385 1667 1512 1763 
3504 1827 1911 1431 2100 
3505 1689 1885 1439 2235 
3506 1548 1819 1380 2035 
3507 1365 2085 1792 2238 
3508 1344 1506 1624 1662 
3509 742 356 1577 1837 
3510 1373 1458 1634 2080 
3511 1675 1825 1733 1898 
3512 1733 1825 1482 1898 
3513 1374 1626 1508 1886 
3514 1508 1374 1607 1932 
3515 419 370 610 1644 
3516 1374 1617 1626 1849 
3517 1433 1711 1579 2184 
3518 1374 1755 1607 1897 
3519 1358 1969 1684 2023 
3520 1108 1001 997 1827 
3521 1345 1794 1511 1936 
3522 1552 1501 2029 2245 
3523 524 1823 1665 1890 
3524 1448 1990 1497 2210 
3525 638 811 851 1679 
3526 1005 903 900 2229 
3527 1434 1612 1961 1992 
3528 949 960 1753 1882 
3529 1546 1363 2113 2214 
3530 1461 1546 2113 2214 
3531 196 197 1523 2251 
3532 1478 1742 912 1920 
3533 1485 1359 1877 2232 
3534 1056 1738 984 1859 
3535 170 1682 1474 1862 
3536 2002 2046 1501 2161 
3537 1365 1501 1792 2085 
3538 1487 1960 1624 2187 
3539 1430 1964 1761 1988 
3540 1345 1533 1638 1848 
3541 1430 1808 1589 2010 
3542 1368 1465 1876 1908 
3543 673 1612 674 1929 
3544 1423 1755 1508 1886 
3545 1359 1554 1485 2048 
3546 254 1768 1502 1802 
3547 1390 1635 1585 1793 
3548 1563 1728 1443 1792 
3549 828 1513 736 1747 
3550 954 1503 939 1752 
3551 328 223 1785 1998 
3552 544 844 1545 2035 
3553 363 431 1627 1813 
3554 661 1683 1465 1908 
3555 1458 1614 1415 1888 
3556 387 1603 1611 2038 
3557 811 1679 638 1719 
3558 1529 1672 1397 1906 
3559 1381 1471 1838 2005 
3560 387 1611 1603 1846 
3561 1409 1686 1549 1911 
3562 1616 1786 1446 1948 
3563 1368 1446 1876 2107 
3564 1466 1684 1969 2023 
3565 509 1661 1496 1810 
3566 776 593 869 1652 
3567 807 867 766 1651 
3568 1585 1635 1431 1793 
3569 888 1479 414 1764 
3570 909 1646 906 1742 
3571 1483 1851 1717 2144 
3572 541 1594 1786 1810 
3573 1442 1623 1507 1899 
3574 1445 1617 1453 1913 
3575 1359 1691 1485 1841 
3576 294 286 1490 1735 
3577 484 1659 1538 2233 
3578 1528 1955 1532 2068 
3579 1466 1740 1882 2023 
3580 1862 1873 1553 2010 
3581 949 947 960 1882 
3582 1053 1660 1491 1805 
3583 1654 1769 227 1889 
3584 1421 1556 1502 1916 
3585 263 1647 1525 1726 
3586 770 1713 1581 1736 
3587 1361 1553 1862 1873 
3588 1345 1567 1482 1638 
3589 673 1961 1837 2145 
3590 283 1469 1633 1883 
3591 1601 1986 490 2036 
3592 1355 1639 1486 1903 
3593 1358 1569 1969 2023 
3594 1351 1447 1649 1962 
3595 860 1891 1652 2195 
3596 1525 1726 1647 2260 
3597 1450 1695 1560 2089 
3598 1672 1733 1437 2200 
3599 639 509 1496 1810 
3600 1374 1617 1849 1968 
3601 1374 1508 1755 1886 
3602 1934 1969 1569 2023 
3603 210 1603 2108 2236 
3604 1369 1857 1564 2274 
3605 625 1764 1473 2056 
3606 1345 1533 1848 2147 
3607 541 1786 505 2054 
3608 1368 1531 1876 2223 
3609 1496 1661 509 2025 
3610 311 1747 1702 2186 
3611 1511 1429 2104 2291 
3612 850 1613 1489 2030 
3613 1060 1095 974 2136 
3614 802 1693 1578 1705 
3615 524 522 560 1890 
3616 1547 1827 1593 1997 
3617 180 1589 1633 1808 
3618 210 1846 1603 2236 
3619 190 1587 187 1758 
3620 1393 1517 1800 1881 
3621 633 1489 850 1799 
3622 1457 1926 1604 2293 
3623 625 1473 1764 1890 
3624 1372 1915 1576 2003 
3625 492 490 1601 1986 
3626 1527 1648 528 2062 
3627 509 511 639 2025 
3628 1536 1621 1384 1897 
3629 1430 1589 1789 2010 
3630 1630 1643 1480 2126 
3631 1535 1663 1383 1868 
3632 1090 1630 989 1753 
3633 199 1523 1756 2251 
3634 1474 1379 1682 1705 
3635 338 1525 402 1726 
3636 1415 1458 1888 1909 
3637 1536 1787 1621 1897 
3638 182 1735 1450 1860 
3639 1366 1782 1648 2151 
3640 1349 1686 1526 2146 
3641 1344 1486 1624 2237 
3642 1915 2003 1372 2222 
3643 1842 1875 1524 1892 
3644 987 1668 1092 2111 
3645 1721 1801 1676 2201 
3646 1842 1892 1524 2187 
3647 1734 1922 1522 2211 
3648 1487 1892 1842 2187 
3649 780 1718 2188 2215 
3650 1491 1631 1373 1910 
3651 182 1860 1450 2032 
3652 986 1724 1797 2287 
3653 1362 1658 1493 2016 
3654 916 1869 1701 1896 
3655 1445 1855 532 2212 
3656 1460 1717 1608 2008 
3657 1399 1498 1562 1605 
3658 1491 1646 1018 1910 
3659 509 639 1496 2025 
3660 1385 1441 1721 2193 
3661 1467 2003 1915 2222 
3662 1347 1858 1516 2248 
3663 1344 1487 1624 1776 
3664 1344 1621 1506 1662 
3665 1471 1869 1701 2225 
3666 1604 2229 1926 2286 
3667 1669 1838 1471 2005 
3668 1723 1766 1394 2262 
3669 1630 1480 2071 2126 
3670 1366 1573 1479 2281 
3671 1528 1955 2068 2126 
3672 1355 1673 1519 2042 
3673 1612 1657 1416 1992 
3674 1367 1601 1449 1763 
3675 1362 1850 1493 2011 
3676 1503 1607 938 1917 
3677 1356 1532 1528 1955 
3678 1451 1897 1621 1968 
3679 1461 1568 1412 2113 
3680 1439 1844 1689 2235 
3681 1405 1555 1513 2263 
3682 1366 1479 1648 2281 
3683 180 177 1589 1808 
3684 1359 1877 1861 2048 
3685 1511 1794 1788 1936 
3686 1425 1948 1616 2107 
3687 1528 1480 1955 2126 
3688 1530 2017 1655 2111 
3689 1393 1800 1620 1881 
3690 338 402 749 1726 
3691 954 939 955 1752 
3692 898 1604 901 1824 
3693 1906 1910 1373 2241 
3694 1089 722 1593 1996 
3695 542 1496 639 2025 
3696 2085 2161 1792 2238 
3697 328 1785 1611 1998 
3698 938 1607 1503 1918 
3699 1485 1691 1359 2232 
3700 1379 1591 1456 2180 
3701 1035 1037 1882 2021 
3702 1474 1705 1682 1864 
3703 1601 1790 1763 1963 
3704 243 227 1769 1889 
3705 989 1630 1067 2071 
3706 1363 1544 1492 1866 
3707 1359 1485 1596 1841 
3708 1571 1617 1374 2288 
3709 264 1768 369 2087 
3710 1490 294 1758 2257 
3711 212 1781 235 1966 
3712 1700 1952 562 2043 
3713 1634 1939 1614 2060 
3714 1701 1869 1394 2225 
3715 484 482 565 2233 
3716 1735 1450 2089 2094 
3717 1381 1838 1669 2005 
3718 1478 1910 1906 2241 
3719 375 149 355 2191 
3720 895 1827 1547 1997 
3721 807 1546 1651 1836 
3722 1394 1725 1701 2075 
3723 1079 418 886 1586 
3724 728 2055 1770 2218 
3725 956 1544 939 1847 
3726 995 989 2071 2126 
3727 1661 1700 510 2025 
3728 841 1441 2138 2201 
3729 1364 1637 1555 2143 
3730 986 1797 990 2287 
3731 1385 1674 1449 1989 
3732 1363 1641 1544 1866 
3733 532 1855 1445 1913 
3734 1429 1733 1511 2104 
3735 226 1702 224 2159 
3736 1360 1455 1600 1930 
3737 1416 1542 1521 2092 
3738 1364 1924 1785 2086 
3739 1568 1750 1363 2113 
3740 234 1514 215 1622 
3741 1374 1617 1571 2116 
3742 371 2000 1656 2004 
3743 1018 1646 1491 1981 
3744 1360 1728 1563 1792 
3745 1604 1771 900 2229 
3746 1371 1695 1589 2089 
3747 1384 1536 1503 2242 
3748 1441 1602 1801 2201 
3749 295 294 286 1490 
3750 1493 907 1926 2183 
3751 1602 1786 556 2258 
3752 1457 1981 1738 2174 
3753 1753 1859 1467 2210 
3754 1390 1585 1760 1793 
3755 1585 1431 1760 1793 
3756 1448 1738 1557 1824 
3757 1479 1366 1648 1823 
3758 431 1627 1813 2019 
3759 1491 1660 1053 1981 
3760 1524 1875 1842 2187 
3761 1524 1751 1391 1892 
3762 1529 1906 1843 2006 
3763 1412 1568 1461 1912 
3764 758 2027 1754 2101 
3765 1545 2035 1857 2178 
3766 1490 1757 1632 2257 
3767 219 1504 1844 1940 
3768 1506 1662 1968 1993 
3769 1349 1505 1686 2146 
3770 968 967 1544 1641 
3771 1388 1680 1690 1936 
3772 1588 2007 812 2055 
3773 1379 1456 1591 1693 
3774 968 1641 1544 1760 
3775 1389 1914 1900 2089 
3776 1366 1823 1479 1829 
3777 441 1750 1477 2063 
3778 661 1465 1683 2148 
3779 1378 1697 1612 1796 
3780 1379 1456 1625 2180 
3781 224 1899 225 2159 
3782 196 1523 199 2251 
3783 525 526 1527 1665 
3784 780 1718 403 2188 
3785 1378 1657 1612 2290 
3786 259 258 335 1584 
3787 625 2056 1473 2139 
3788 1485 1877 1691 2232 
3789 1500 1685 1393 1852 
3790 1362 1610 1559 2016 
3791 1500 1770 1777 2007 
3792 1531 2107 1597 2175 
3793 542 1730 1496 2025 
3794 295 1490 286 1860 
3795 1714 1763 1395 1963 
3796 1676 1721 1385 1801 
3797 1425 1786 1616 1948 
3798 1570 1431 1793 1943 
3799 1455 1854 1636 2091 
3800 1476 1697 1378 1924 
3801 1447 2107 1838 2175 
3802 1416 1521 1542 1732 
3803 1517 1418 1694 1974 
3804 358 1599 734 2186 
3805 1710 1756 1523 2251 
3806 886 1586 688 2041 
3807 594 164 437 1817 
3808 526 603 1527 1823 
3809 1837 1961 1434 2145 
3810 375 355 1537 2191 
3811 1392 1598 1451 1662 
3812 324 1689 1885 2234 
3813 1500 1777 1620 1967 
3814 1438 1550 1692 2193 
3815 1602 1786 1446 2121 
3816 227 1654 1889 2235 
3817 569 1683 661 1908 
3818 680 1521 488 1895 
3819 802 536 1578 1693 
3820 1381 1572 1494 1675 
3821 1730 1863 1424 2025 
3822 1513 1637 1476 1785 
3823 1516 1858 1540 2248 
3824 160 745 396 1599 
3825 1431 1641 1827 2100 
3826 916 929 1869 1896 
3827 1785 1924 1611 2086 
3828 600 599 605 1913 
3829 1642 1784 1375 1945 
3830 1361 1500 1967 2007 
3831 1380 1545 1857 2178 
3832 841 2138 676 2201 
3833 929 927 935 2167 
3834 1358 1684 1558 2023 
3835 223 1507 1785 1998 
3836 1395 1667 1714 2223 
3837 1345 1699 1511 1794 
3838 1483 1350 1800 1978 
3839 841 1942 1441 2201 
3840 1882 2021 1466 2023 
3841 1703 1852 147 2203 
3842 1708 1790 1395 2148 
3843 1754 2027 1466 2101 
3844 843 1726 1525 2258 
3845 975 1022 1046 1867 
3846 1727 1926 907 2183 
3847 527 525 526 1527 
3848 1354 1461 1666 1842 
3849 1395 1714 1667 1763 
3850 1701 1896 1471 2225 
3851 1506 1662 1621 1968 
3852 1356 1480 1606 1741 
3853 1517 1694 1418 1931 
3854 1395 1714 1963 2223 
3855 1420 1670 1624 1871 
3856 532 1913 1445 2212 
3857 1045 1752 1544 1866 
3858 929 935 1869 2167 
3859 1457 1642 1375 1945 
3860 1610 1658 1493 2149 
3861 944 1631 934 1803 
3862 369 1768 1719 2087 
3863 673 834 1837 1961 
3864 1462 1718 1094 1778 
3865 1590 1723 1714 2015 
3866 1361 1526 1851 1933 
3867 1361 1588 1460 1717 
3868 891 424 1698 1791 
3869 1522 1734 1352 1922 
3870 990 1488 1797 2017 
3871 339 1773 1970 2180 
3872 1574 1699 1628 1935 
3873 812 1588 1777 2007 
3874 1375 1945 1784 2115 
3875 1507 1632 222 1899 
3876 312 1513 314 1785 
3877 1703 2081 1500 2203 
3878 1680 1690 1352 2190 
3879 1750 1826 1477 1866 
3880 603 528 526 1527 
3881 1450 1735 182 1883 
3882 886 418 688 1586 
3883 1363 1544 1641 1793 
3884 900 1604 898 1771 
3885 1347 1516 1858 2057 
3886 1702 1513 1785 2263 
3887 1363 1866 1477 1943 
3888 599 1913 1453 2116 
3889 1572 1471 1896 2225 
3890 1482 1733 1672 2200 
3891 1374 1897 1607 2205 
3892 273 1852 335 1862 
3893 1574 1407 1935 2265 
3894 682 1577 831 1697 
3895 1574 1935 1628 2265 
3896 1574 1407 1699 1935 
3897 1396 1861 1463 2043 
3898 207 219 1710 2271 
3899 765 1759 1522 1855 
3900 1884 1901 1406 2185 
3901 1348 1520 1939 1941 
3902 1416 1657 1796 2051 
3903 1363 1750 1568 1943 
3904 484 1538 1659 2034 
3905 1486 1567 1355 1973 
3906 1425 1615 2107 2122 
3907 1424 1863 1700 2025 
3908 1353 1672 1529 2006 
3909 1569 1969 1934 2197 
3910 1019 1850 1743 2130 
3911 742 356 163 1577 
3912 1361 1460 1588 1967 
3913 920 1850 1610 2228 
3914 1441 1942 841 2138 
3915 997 1089 876 1593 
3916 1460 1608 1987 2008 
3917 253 254 275 1768 
3918 734 2064 1747 2186 
3919 1448 1824 1557 1990 
3920 1632 1899 1507 2112 
3921 1390 1536 1715 2069 
3922 633 1489 1799 1907 
3923 1460 1777 1588 1967 
3924 1622 1627 1426 2082 
3925 1480 1630 1382 1643 
3926 906 1742 1727 2183 
3927 638 1719 1679 2074 
3928 1365 1552 1501 1814 
3929 1557 1824 1409 1990 
3930 1375 1585 1493 1658 
3931 1422 1680 1504 1689 
3932 1353 1672 1482 1733 
3933 198 196 199 2251 
3934 1521 488 1895 2092 
3935 1405 1780 1555 2263 
3936 1413 1628 1502 1716 
3937 1352 1680 1499 1690 
3938 279 273 335 1862 
3939 603 1648 1823 2013 
3940 1615 1814 1351 2282 
3941 962 949 1753 1859 
3942 441 443 1750 2063 
3943 1409 1911 1549 2098 
3944 1777 1967 1500 2007 
3945 377 1837 343 2026 
3946 414 1479 621 1764 
3947 1451 1598 1392 1994 
3948 428 724 820 1703 
3949 1433 1579 1874 2184 
3950 944 934 937 1803 
3951 1373 1631 1491 2080 
3952 359 417 1656 2000 
3953 910 912 1742 1920 
3954 1363 1492 1544 1893 
3955 968 1544 956 1760 
3956 1461 1833 1666 1842 
3957 248 1885 324 2235 
3958 952 1711 1579 1956 
3959 603 1823 777 2013 
3960 1628 1768 1502 2265 
3961 918 1610 920 1850 
3962 1345 1638 1533 2128 
3963 1513 1555 1405 2247 
3964 414 1479 888 2013 
3965 1457 1727 1926 2293 
3966 294 1490 295 2257 
3967 1416 1796 1687 2051 
3968 1374 1755 1626 1886 
3969 242 1502 1768 1889 
3970 1391 1671 1751 1798 
3971 1345 1638 1825 1848 
3972 1609 1693 619 2045 
3973 1404 1631 1491 1805 
3974 1455 1792 2161 2238 
3975 1643 1859 1753 2210 
3976 1514 1622 234 1927 
3977 1602 1786 1594 1948 
3978 1353 1529 1843 2006 
3979 952 1711 933 2184 
3980 1357 1657 1510 1879 
3981 911 1850 1019 2130 
3982 1348 1565 1520 1941 
3983 1445 1855 1617 1913 
3984 212 220 235 1781 
3985 1553 1852 1500 1862 
3986 1360 1600 1455 1957 
3987 883 753 1109 1630 
3988 1639 1673 1410 1903 
3989 1361 1873 1862 2007 
3990 629 630 1472 1907 
3991 259 1584 335 1852 
3992 372 1781 251 2176 
3993 1453 1807 599 1856 
3994 234 231 215 1514 
3995 295 1632 221 1757 
3996 1603 2026 1378 2038 
3997 660 1724 1465 2136 
3998 1388 1504 1680 1844 
3999 1439 1794 1654 2274 
4000 219 1844 249 1940 
4001 1488 1830 1669 1925 
4002 170 1474 1682 1864 
4003 1602 1942 1441 2258 
4004 949 1467 1753 1859 
4005 1682 1873 1862 2010 
4006 974 1629 958 1797 
4007 682 1577 1697 2145 
4008 956 955 939 1544 
4009 1363 1641 1866 1943 
4010 1357 1510 1657 1831 
4011 1345 1511 1567 1936 
4012 231 1514 234 1927 
4013 1492 1826 1750 1866 
4014 1398 1743 1898 2130 
4015 1373 1634 1458 2172 
4016 616 617 613 1809 
4017 1412 1951 1749 2221 
4018 1792 2085 1501 2161 
4019 1442 1899 1702 2159 
4020 831 1697 1577 1921 
4021 1512 1763 1449 1989 
4022 1369 2079 1564 2088 
4023 1366 1815 1823 1829 
4024 1374 1508 1626 2151 
4025 1493 1926 1727 2183 
4026 1763 1790 1601 2095 
4027 1522 1759 765 2169 
4028 1484 1754 1566 1812 
4029 1510 2051 1419 2060 
4030 1531 1714 1667 2223 
4031 1060 974 1465 2136 
4032 1374 1607 1571 2205 
4033 985 1607 1932 2249 
4034 1614 1939 1415 1941 
4035 1560 1695 1450 1872 
4036 1354 1875 1842 1892 
4037 294 186 1735 1758 
4038 566 790 758 2101 
4039 1098 1752 1619 1918 
4040 1649 2107 1615 2122 
4041 226 224 225 2159 
4042 646 2047 1696 2154 
4043 1344 1776 1486 1903 
4044 1648 1823 1366 2230 
4045 1456 1379 1625 1749 
4046 163 743 742 1577 
4047 1461 1750 1568 2113 
4048 827 828 1747 2143 
4049 679 1718 2036 2090 
4050 229 210 1603 2108 
4051 1514 1622 1420 1798 
4052 1585 1493 1658 2149 
4053 1390 1715 1793 2069 
4054 1357 1510 1831 1879 
4055 1361 1483 1685 1851 
4056 673 756 674 1612 
4057 1746 1776 1673 1903 
4058 1453 2151 1626 2230 
4059 1651 1739 92 1836 
4060 629 1472 1880 1907 
4061 1512 1563 1419 2015 
4062 425 1718 679 2090 
4063 1776 1991 1715 2014 
4064 1407 1574 1502 2265 
4065 311 314 312 1513 
4066 1437 1900 1949 2283 
4067 962 1753 1643 1859 
4068 997 876 1108 1645 
4069 1381 1745 1896 2005 
4070 1528 1532 1356 2008 
4071 1113 1092 987 1696 
4072 1442 1706 1702 1780 
4073 997 1593 876 1645 
4074 1045 1492 1752 1866 
4075 1451 1392 1651 1994 
4076 1046 1725 1454 2209 
4077 1435 1715 1991 2014 
4078 1009 906 1646 1727 
4079 1345 1511 1699 2291 
4080 1444 2246 2117 2264 
4081 177 1589 175 1789 
4082 372 2138 1942 2176 
4083 1525 1602 1441 2258 
4084 1046 1454 1725 1869 
4085 1437 1949 1900 2042 
4086 1510 1901 1884 2185 
4087 359 1656 371 2000 
4088 1413 1502 1628 1768 
4089 916 927 929 1896 
4090 492 490 571 1601 
4091 630 629 1472 2035 
4092 673 756 1612 2145 
4093 1646 1906 1491 2044 
4094 275 1768 254 1802 
4095 981 1056 1859 2125 
4096 1453 1445 1913 2230 
4097 1455 2161 2085 2238 
4098 1629 1869 935 2167 
4099 1394 1725 2075 2241 
4100 1384 1752 1893 2242 
4101 616 617 1809 1880 
4102 734 358 396 1599 
4103 524 560 1823 1890 
4104 1392 1451 1651 1878 
4105 449 1953 1578 2292 
4106 2117 2246 334 2264 
4107 425 1073 1718 2090 
4108 1392 1666 1833 1842 
4109 1471 1572 1381 1838 
4110 1513 1747 828 2143 
4111 1393 1881 1620 1938 
4112 411 345 152 1832 
4113 1504 1680 1352 2190 
4114 1609 1749 1354 1804 
4115 770 573 754 1736 
4116 1559 1423 1767 2016 
4117 1462 1867 1395 1963 
4118 1511 2104 1699 2291 
4119 904 907 1727 1926 
4120 557 1759 765 1855 
4121 424 738 737 1698 
4122 1770 2055 1474 2218 
4123 1419 2051 1839 2060 
4124 1450 1883 182 2032 
4125 1510 1879 1657 2065 
4126 449 451 1578 1953 
4127 635 1730 1613 2030 
4128 1526 1695 1430 1761 
4129 1669 1925 1530 2017 
4130 315 1476 1832 1921 
4131 1540 1909 1516 2248 
4132 1362 1559 1767 2016 
4133 1360 1490 1600 1901 
4134 1502 1556 1407 1889 
4135 1701 1896 1572 2037 
4136 324 1885 248 2234 
4137 900 901 898 1604 
4138 1369 1489 2079 2088 
4139 1540 1858 1516 1909 
4140 1468 1898 1743 2130 
4141 1463 1861 1919 2020 
4142 375 1537 355 1817 
4143 1448 1955 1990 2210 
4144 1425 1615 1948 2107 
4145 189 1758 192 2091 
4146 430 1724 660 2136 
4147 894 1997 1532 2068 
4148 1419 1563 1512 1831 
4149 1390 1793 1536 2069 
4150 1525 1441 1942 2258 
4151 1490 1735 286 1860 
4152 1348 1614 1565 1941 
4153 1689 1809 1548 1880 
4154 617 1548 613 1809 
4155 587 867 1546 1833 
4156 1706 1800 1517 1931 
4157 1062 1826 1477 2009 
4158 1349 1761 1505 2146 
4159 1579 1711 1433 1868 
4160 219 217 249 1844 
4161 566 790 1678 1934 
4162 1590 1714 1419 2015 
4163 1445 1626 1617 1849 
4164 1444 1625 2117 2246 
4165 1009 1727 1646 1981 
4166 235 1781 1647 1966 
4167 1548 1809 617 1880 
4168 1350 1800 1706 1931 
4169 433 1739 869 2123 
4170 1577 1378 2026 2038 
4171 1412 1461 1609 1912 
4172 848 855 527 1819 
4173 1007 1981 1738 2293 
4174 1379 1578 1664 1951 
4175 1060 974 958 1797 
4176 1862 1873 1474 2007 
4177 967 956 968 1544 
4178 1427 1870 1716 2240 
4179 1666 1833 1461 2214 
4180 851 811 167 1679 
4181 1350 1748 1576 2033 
4182 1507 1702 1442 1899 
4183 1363 1943 1568 2113 
4184 619 806 2045 2207 
4185 1437 1712 1900 2283 
4186 1354 1666 1461 1804 
4187 1479 1573 1366 1829 
4188 1525 1647 263 1781 
4189 985 1782 1508 1932 
4190 1429 1733 1675 1825 
4191 339 1773 1592 1970 
4192 1406 1611 1565 2086 
4193 1018 1491 1053 1981 
4194 1543 2075 1725 2241 
4195 192 1758 1600 2091 
4196 1344 1624 1487 1662 
4197 891 1104 424 1791 
4198 1590 1419 1723 2015 
4199 1535 1687 1663 2051 
4200 1370 1602 1594 1948 
4201 429 885 1571 1856 
4202 1349 1526 1761 2146 
4203 1663 1687 1348 2051 
4204 726 1705 2055 2218 
4205 652 556 1786 2258 
4206 190 187 189 1758 
4207 765 1759 557 2169 
4208 807 1651 766 1836 
4209 419 360 1644 1813 
4210 1436 1821 1638 1848 
4211 1420 1622 1670 1835 
4212 811 167 1679 1719 
4213 1612 1697 539 2034 
4214 703 1464 1713 2280 
4215 1398 1898 1822 2130 
4216 1392 1833 1666 2214 
4217 724 1703 147 2203 
4218 1568 1570 1412 2113 
4219 1437 1712 1853 1900 
4220 1385 1582 1667 1763 
4221 430 660 665 2136 
4222 368 830 805 1832 
4223 1405 1702 1706 1780 
4224 1022 1454 1867 2209 
4225 464 1606 774 1736 
4226 1351 1814 1944 2282 
4227 490 571 1601 2036 
4228 1615 1425 1870 2122 
4229 1349 1744 1505 2028 
4230 904 1006 907 1926 
4231 449 1578 536 2292 
4232 1517 1881 1393 1938 
4233 1581 1881 1517 1974 
4234 1402 1532 1528 2008 
4235 219 1710 1504 1976 
4236 514 1700 1575 1863 
4237 594 349 1817 1975 
4238 1562 1597 1370 2002 
4239 1467 2134 1753 2210 
4240 1525 1370 1602 2258 
4241 770 1581 466 1736 
4242 777 1479 414 2013 
4243 1647 1726 263 2155 
4244 464 462 774 1606 
4245 376 263 1525 1726 
4246 1487 1624 1514 2187 
4247 1347 1858 1642 2057 
4248 1535 1732 1521 2096 
4249 1702 1706 1442 1774 
4250 1504 1731 219 1976 
4251 964 965 963 2127 
4252 635 1613 634 2030 
4253 1430 1761 1695 1988 
4254 508 651 1952 2054 
4255 973 1782 985 1932 
4256 1395 1465 1683 1876 
4257 1528 1532 1402 2068 
4258 1398 1822 1743 2130 
4259 1558 2021 1882 2023 
4260 156 594 426 1592 
4261 1409 1557 1686 1744 
4262 683 1697 831 1921 
4263 1465 1876 1395 2223 
4264 1393 1706 1599 1774 
4265 1566 1754 1484 2253 
4266 1394 1590 1723 2262 
4267 1578 1953 451 2206 
4268 517 1613 1863 2192 
4269 1514 1624 1487 2217 
4270 1625 334 2117 2246 
4271 222 1632 1507 1998 
4272 191 189 192 2091 
4273 1359 1919 1861 2020 
4274 848 527 1650 1819 
4275 464 1606 1736 2097 
4276 1649 1816 1661 2122 
4277 1615 1870 1425 1948 
4278 1388 1690 1680 2190 
4279 539 1697 681 2034 
4280 648 1575 514 1700 
4281 1470 1969 1806 2267 
4282 1730 1887 1424 2079 
4283 1352 1680 1504 1922 
4284 1362 1821 1482 1923 
4285 1701 1725 1394 1869 
4286 1357 1657 1879 2065 
4287 1476 1832 700 2024 
4288 1387 1943 1568 2063 
4289 1605 1692 1550 2193 
4290 1439 1885 1689 2234 
4291 1381 1745 1494 1896 
4292 366 1591 730 1864 
4293 1528 1606 1480 2166 
4294 160 396 358 1599 
4295 1650 1734 1522 2211 
4296 244 2053 1524 2199 
4297 1373 1631 2080 2157 
4298 1467 1576 1915 2003 
4299 703 1713 1464 2208 
4300 1591 1379 1705 2250 
4301 1613 1730 1424 2079 
4302 700 805 1832 1921 
4303 1375 1744 1604 2286 
4304 1364 2086 1785 2263 
4305 581 552 1539 1833 
4306 296 1769 1756 2049 
4307 1485 1596 1841 2147 
4308 1559 1610 1423 2016 
4309 1785 2086 1507 2263 
4310 339 336 1592 1773 
4311 1531 1876 1597 2107 
4312 1375 1635 1585 1658 
4313 1441 1781 1942 2176 
4314 1382 1694 1581 1741 
4315 1390 1585 1635 1658 
4316 1536 1928 1715 2069 
4317 942 1050 985 1508 
4318 1379 1772 1474 1873 
4319 1649 1661 1425 2122 
4320 1701 2037 1572 2225 
4321 1671 1751 1633 2160 
4322 1033 1464 1753 1882 
4323 958 1629 935 2167 
4324 1349 1686 1505 1744 
4325 826 1637 1832 2143 
4326 730 1591 727 1864 
4327 1362 1658 1518 2011 
4328 1527 1650 1380 1734 
4329 986 990 1099 2287 
4330 1518 1784 1945 2115 
4331 254 242 290 1502 
4332 1623 1677 1442 2239 
4333 363 1813 1627 2082 
4334 894 1971 1532 1997 
4335 1373 1458 1977 2172 
4336 1412 1804 1461 2113 
4337 536 449 451 1578 
4338 914 916 1029 1701 
4339 629 1880 397 1907 
4340 1610 1658 1390 2016 
4341 1380 1650 1527 1819 
4342 1477 1826 1062 1866 
4343 857 1522 765 2169 
4344 1384 1503 1752 2242 
4345 1344 1715 1536 1928 
4346 1420 1798 1622 1976 
4347 227 1889 240 2235 
4348 1585 1610 1390 1847 
4349 1506 1428 1670 1993 
4350 1678 1806 476 1982 
4351 1431 1911 1570 2028 
4352 1382 1741 1480 2210 
4353 165 1809 325 1880 
4354 1555 1637 1364 2213 
4355 358 734 1747 2186 
4356 1743 1850 1468 2130 
4357 93 432 92 1836 
4358 703 1713 1902 2280 
4359 1601 1790 1963 2215 
4360 1573 1782 1366 2151 
4361 651 1952 2054 2152 
4362 1382 1480 1643 2210 
4363 583 857 765 2169 
4364 180 1633 282 1808 
4365 648 1575 1700 2154 
4366 1352 1680 1922 2211 
4367 1511 1788 1567 1936 
4368 1563 1692 1512 1879 
4369 244 232 2053 2199 
4370 1379 1456 1693 1749 
4371 1597 1615 1370 2002 
4372 1404 1803 1631 1805 
4373 517 543 1613 2192 
4374 966 1822 1681 2276 
4375 1617 1571 2116 2288 
4376 1380 1734 1650 2211 
4377 1462 2188 1718 2215 
4378 1360 1792 1455 1930 
4379 559 528 1648 2062 
4380 1405 1706 1702 1774 
4381 1382 1630 1480 1736 
4382 1356 1717 1549 2144 
4383 1470 1806 2078 2267 
4384 1344 1487 1776 2014 
4385 1344 1536 1715 1787 
4386 1528 2068 1480 2126 
4387 1691 1841 1359 2232 
4388 562 512 510 1700 
4389 1570 1435 1793 2028 
4390 482 484 483 1538 
4391 1354 1749 1456 2066 
4392 1481 2036 1718 2090 
4393 441 1477 1750 1826 
4394 1928 2014 1715 2069 
4395 448 445 1568 1953 
4396 1346 1597 1531 1667 
4397 833 673 1837 2145 
4398 731 727 730 1591 
4399 966 1043 1681 1822 
4400 1570 1793 1435 2069 
4401 1502 1574 1421 2282 
4402 1505 1744 1635 2028 
4403 943 935 1629 1869 
4404 1060 1724 1465 1797 
4405 538 1459 1982 2170 
4406 1379 1474 1682 1873 
4407 261 330 1860 1899 
4408 1444 1595 1515 1988 
4409 565 482 1905 2233 
4410 1498 1605 1399 1845 
4411 467 1974 1881 2097 
4412 796 433 869 2123 
4413 1544 1641 967 1866 
4414 811 353 167 1719 
4415 1437 1712 1511 1733 
4416 1411 1717 1549 2259 
4417 1377 1860 1632 1899 
4418 539 1612 682 1697 
4419 1584 1685 1553 1852 
4420 542 1937 1730 2074 
4421 1726 2204 1594 2258 
4422 1353 1675 1733 1898 
4423 907 918 1493 2149 
4424 1521 1986 1601 2036 
4425 359 380 371 1656 
4426 730 366 153 1591 
4427 1531 1869 1629 2225 
4428 1344 1624 1506 2237 
4429 1660 2174 1981 2252 
4430 1521 490 1986 2036 
4431 206 1498 220 1966 
4432 723 1645 1593 2226 
4433 1635 1991 1505 2028 
4434 1512 1692 1563 2202 
4435 1369 1551 1691 2289 
4436 1469 1673 1671 2160 
4437 1683 1876 1465 1908 
4438 1637 1832 1476 2024 
4439 1344 1903 1486 2237 
4440 918 907 1493 2183 
4441 827 2143 1747 2247 
4442 1576 1729 1372 2003 
4443 1686 1744 1557 2076 
4444 1603 1611 1378 1884 
4445 444 443 1568 1750 
4446 1701 1869 1471 1896 
4447 682 1697 1612 2145 
4448 513 515 635 1730 
4449 772 1630 754 1736 
4450 1600 1758 192 2257 
4451 1610 1847 1585 2149 
4452 1465 1908 1368 2269 
4453 1412 1570 1568 2137 
4454 261 1860 1618 1899 
4455 1378 1611 1603 2038 
4456 549 1881 467 1974 
4457 1565 1611 1378 1924 
4458 1427 1647 1870 2240 
4459 874 1061 430 2136 
4460 1581 1694 1414 1741 
4461 1539 1833 552 2083 
4462 1629 1869 1471 2225 
4463 1522 1734 1650 2212 
4464 1073 1718 2090 2164 
4465 1876 1908 1683 2133 
4466 1499 1690 1680 1936 
4467 1037 1466 2021 2027 
4468 1110 1484 1711 1812 
4469 483 1538 484 2034 
4470 1359 1861 1554 2048 
4471 1022 1867 1778 2209 
4472 1377 1899 1632 2112 
4473 1377 1618 1860 1899 
4474 1483 1386 1737 1748 
4475 1431 1570 1793 2028 
4476 1348 1614 1939 2060 
4477 1405 1702 1513 1747 
4478 1404 1663 1484 1684 
4479 1628 1699 1574 1944 
4480 1368 1876 1531 2107 
4481 1534 1707 452 2206 
4482 1466 1684 2021 2253 
4483 637 1937 542 2074 
4484 2095 2141 495 2179 
4485 1356 1737 1497 2165 
4486 445 448 1568 1811 
4487 1657 1992 1612 2290 
4488 1090 1630 1753 1902 
4489 1476 1378 1611 1924 
4490 1416 1929 1542 2092 
4491 1522 1445 1734 2212 
4492 1678 1982 476 2197 
4493 1451 1392 1662 1878 
4494 1571 1374 1652 2288 
4495 1368 1830 1649 1925 
4496 462 1606 464 2097 
4497 1814 1962 1429 2182 
4498 296 293 1769 2049 
4499 1037 1740 1466 2027 
4500 1591 1705 1864 2250 
4501 1487 1391 1776 1892 
4502 1398 1821 1638 1825 
4503 1386 1748 1483 1851 
4504 1485 1841 1691 2147 
4505 1346 1531 1597 2175 
4506 660 661 1465 1908 
4507 1771 2229 1604 2286 
4508 512 510 1700 2025 
4509 918 1493 1850 2183 
4510 1437 1900 1853 2042 
4511 1626 1755 1506 1947 
4512 797 1817 88 1984 
4513 1052 1479 888 1764 
4514 527 1650 1527 2062 
4515 1411 1717 1588 2285 
4516 1344 1715 1928 2014 
4517 985 1932 1508 2249 
4518 1384 1752 1619 1836 
4519 1486 1776 1746 1903 
4520 955 1544 1045 1752 
4521 1365 2238 1792 2245 
4522 206 220 212 1966 
4523 180 282 177 1808 
4524 1465 1724 660 1908 
4525 1382 1643 1630 1753 
4526 224 223 222 1507 
4527 1062 2009 1477 2268 
4528 1368 1471 1669 1838 
4529 1362 1923 1482 2200 
4530 1405 1599 1706 1774 
4531 452 1707 1534 2226 
4532 1349 1664 1515 1761 
4533 1563 2015 1512 2202 
4534 1483 1350 1748 2165 
4535 1360 1455 1792 1957 
4536 630 1799 1472 1907 
4537 523 1665 1545 1840 
4538 1553 1584 1400 1685 
4539 1564 1889 1654 2235 
4540 1589 1633 1371 2089 
4541 431 1813 854 2019 
4542 1368 1669 1830 1925 
4543 1473 2056 1065 2131 
4544 909 910 912 1742 
4545 1404 1491 1631 2080 
4546 1531 1629 1471 2225 
4547 1589 1883 1633 2089 
4548 920 919 1850 2228 
4549 1440 1788 1523 2283 
4550 1451 1384 1739 1878 
4551 1577 1612 1378 1697 
4552 538 2024 1459 2170 
4553 1581 1713 468 1865 
4554 1575 1463 1861 2043 
4555 1547 1387 1709 2061 
4556 1465 1368 1797 2269 
4557 1356 1549 1737 2144 
4558 1671 1673 1469 2058 
4559 1457 1604 1557 1738 
4560 1377 1490 1632 1860 
4561 1378 1476 1611 2038 
4562 966 1681 950 2276 
4563 1094 1718 1462 2188 
4564 1544 1752 1492 1866 
4565 1658 1945 1518 2011 
4566 1360 1563 1510 1957 
4567 1377 1618 1872 2106 
4568 974 1708 1000 1867 
4569 770 468 1581 1713 
4570 1367 1732 1535 2142 
4571 672 673 1929 1961 
4572 1560 1695 1371 2089 
4573 1387 1547 1709 1911 
4574 1465 1724 1060 2136 
4575 1354 1487 1666 2014 
4576 1402 1532 1997 2068 
4577 1002 894 1532 2068 
4578 1494 1572 1896 2037 
4579 371 1656 380 2004 
4580 1360 1600 1490 1930 
4581 1477 1866 1062 2268 
4582 1419 1563 1510 1728 
4583 1788 1794 1511 2067 
4584 417 837 1656 2000 
4585 827 828 736 1747 
4586 1110 1711 1484 1803 
4587 1572 2175 1552 2182 
4588 778 1811 1645 2226 
4589 1360 1510 1563 1728 
4590 1482 1825 1821 1898 
4591 989 1643 1032 1753 
4592 1511 1733 1712 2245 
4593 241 1564 240 1889 
4594 376 1525 338 1726 
4595 594 349 164 1817 
4596 325 1689 329 1880 
4597 1110 1484 1051 1803 
4598 1423 1610 1917 2016 
4599 1398 1821 1825 1898 
4600 1382 1464 1720 2194 
4601 1652 1891 1451 2195 
4602 242 290 1502 1889 
4603 727 1591 1705 1864 
4604 170 1862 1474 2218 
4605 1759 1891 1428 2270 
4606 1628 1716 1413 1887 
4607 1349 1526 1664 1761 
4608 912 1478 1920 2075 
4609 448 1568 1811 1953 
4610 1638 1821 1482 1825 
4611 1351 1649 1615 2122 
4612 1400 1584 1553 2018 
4613 1440 1523 2052 2283 
4614 1352 1499 1680 1734 
4615 1401 1506 1755 1947 
4616 1504 1680 1422 1922 
4617 1348 1565 1796 2050 
4618 549 1517 1881 1974 
4619 339 247 336 1773 
4620 700 1832 1476 1921 
4621 987 1030 1031 2131 
4622 1738 1981 1457 2293 
4623 1387 1593 1547 1827 
4624 559 1648 1913 2062 
4625 703 2208 1464 2280 
4626 1399 1845 1605 1983 
4627 1508 1607 1423 2249 
4628 1517 1405 2064 2243 
4629 1477 1387 1645 2063 
4630 1582 1790 1763 2095 
4631 1495 2127 963 2276 
4632 744 404 834 1837 
4633 1354 1892 1487 2014 
4634 1391 1751 1671 2160 
4635 523 1545 844 1840 
4636 777 621 414 1479 
4637 550 698 1834 1894 
4638 1017 909 912 1646 
4639 1430 1589 1695 1789 
4640 1382 1464 1713 1720 
4641 1621 1755 1506 1968 
4642 742 1837 1577 2145 
4643 572 680 488 1895 
4644 1032 989 962 1643 
4645 1494 1898 1822 2105 
4646 1362 1821 1559 1850 
4647 1377 1623 1888 2033 
4648 648 514 642 1700 
4649 1385 1605 1562 2022 
4650 897 1532 894 1971 
4651 923 914 1725 2075 
4652 1482 1821 1638 1923 
4653 1778 1867 1454 2209 
4654 290 254 1502 1802 
4655 1656 2000 1438 2004 
4656 1434 1837 1640 1961 
4657 1372 2003 1729 2222 
4658 1464 1882 1033 2280 
4659 1463 1655 1396 2043 
4660 1422 1522 1922 2211 
4661 229 210 321 1603 
4662 1360 1765 1490 1901 
4663 1045 1752 1492 2114 
4664 1428 1759 1688 1891 
4665 1654 1889 1564 2274 
4666 1404 1484 1803 2231 
4667 1521 1895 680 2036 
4668 1383 1586 1895 1956 
4669 1376 1537 1818 1960 
4670 1094 1021 1462 1778 
4671 1484 1663 1404 1803 
4672 1369 1691 1877 2289 
4673 424 738 1698 1791 
4674 1686 1744 1349 1911 
4675 296 320 1756 1769 
4676 1388 1680 1504 2190 
4677 888 2013 1479 2281 
4678 1370 1597 1562 1801 
4679 1447 1552 2175 2182 
4680 833 673 834 1837 
4681 1032 1643 962 1753 
4682 1493 1585 1375 1926 
4683 321 387 1603 1846 
4684 1413 1768 1628 2079 
4685 1362 1821 1850 2011 
4686 1430 1789 1695 1933 
4687 244 1773 1524 2053 
4688 1373 1906 1646 1910 
4689 1428 1849 1617 1968 
4690 1470 2078 1969 2267 
4691 1387 1477 1645 2268 
4692 1447 1962 1814 2182 
4693 1051 1803 1484 2231 
4694 1822 1898 1398 2105 
4695 538 1982 479 2170 
4696 1035 1882 1558 2021 
4697 1568 1811 1387 2063 
4698 445 1568 769 1811 
4699 1387 1477 1943 2063 
4700 621 1479 1823 1890 
4701 1873 1933 1553 2010 
4702 1348 1520 1565 2050 
4703 961 1056 984 1859 
4704 1493 1658 1610 2016 
4705 1457 1738 1557 2174 
4706 1588 1958 537 2156 
4707 1575 1861 1700 2043 
4708 727 1591 731 1705 
4709 1389 1587 1653 1712 
4710 1350 2033 1576 2153 
4711 296 293 320 1769 
4712 1656 1721 658 2138 
4713 1430 1933 1873 2010 
4714 1563 1512 1831 1879 
4715 582 581 1539 1722 
4716 1361 1851 1685 1933 
4717 958 1797 1629 2167 
4718 1377 1632 1490 1765 
4719 1349 1709 1549 1911 
4720 1507 1785 1611 2086 
4721 444 1750 1568 2163 
4722 1479 777 1823 2013 
4723 1404 2080 1631 2157 
4724 1376 1818 1514 2187 
4725 445 1912 1568 1953 
4726 1635 1793 1715 2069 
4727 1515 1595 1444 2168 
4728 1376 1627 1622 1927 
4729 777 621 1479 1823 
4730 772 1630 1736 2071 
4731 1410 1784 1519 2042 
4732 1485 1944 1554 2291 
4733 1344 1662 1487 1928 
4734 241 240 242 1889 
4735 1003 1771 1547 2100 
4736 1696 2047 1463 2154 
4737 294 186 286 1735 
4738 204 1916 1636 1966 
4739 814 850 1489 2030 
4740 1661 1810 509 2054 
4741 1498 2002 1636 2161 
4742 814 850 633 1489 
4743 1349 1526 1686 2220 
4744 1465 1867 1629 2223 
4745 582 581 552 1539 
4746 1385 1562 1605 1692 
4747 1382 1753 1464 2194 
4748 942 1508 1782 2040 
4749 1437 1712 1733 2245 
4750 537 2119 1588 2156 
4751 1596 1848 1533 2147 
4752 1384 1621 1536 1878 
4753 363 365 1813 2082 
4754 1610 1390 1847 2016 
4755 1033 1753 1464 1902 
4756 1944 1946 1554 2291 
4757 1345 1699 1551 2147 
4758 605 1913 599 2116 
4759 898 1771 1824 1971 
4760 1363 1793 1641 1943 
4761 1636 2002 1501 2161 
4762 1419 1510 1563 1831 
4763 1502 1889 290 1916 
4764 1614 1888 1623 1941 
4765 1638 1820 1533 2128 
4766 1697 1924 1476 2024 
4767 726 1864 1705 2218 
4768 594 1592 349 1975 
4769 1014 1742 908 2183 
4770 227 1654 320 1769 
4771 1708 1790 667 2188 
4772 1474 2055 1705 2218 
4773 1390 1715 1536 1787 
4774 681 2034 1697 2170 
4775 1463 1919 1668 2020 
4776 1348 1663 1634 1939 
4777 1368 1649 1838 1925 
4778 1438 2004 1550 2193 
4779 1464 1902 1713 2280 
4780 826 1637 695 1832 
4781 1061 1724 430 2136 
4782 1485 1554 1946 2291 
4783 1635 1715 1435 2069 
4784 1538 1905 482 2233 
4785 593 1509 1652 2288 
4786 1378 2026 1603 2290 
4787 954 938 1503 1918 
4788 1369 1799 1472 1857 
4789 1671 1746 1673 2058 
4790 744 150 404 1837 
4791 950 966 1043 1681 
4792 1460 1361 1717 1967 
4793 826 696 1637 2143 
4794 445 769 448 1811 
4795 1628 2079 1768 2265 
4796 538 1982 1459 2024 
4797 1384 1893 1536 2242 
4798 1396 1700 1861 2043 
4799 1614 1623 1888 2112 
4800 1547 1593 1387 2061 
4801 897 1002 894 1532 
4802 631 852 1545 1799 
4803 1559 1743 919 1850 
4804 1378 1459 1697 1796 
4805 828 826 1832 2143 
4806 1469 1883 283 2261 
4807 985 1508 1050 2249 
4808 1396 1952 1700 2043 
4809 943 935 958 1629 
4810 734 396 824 1599 
4811 1344 1621 1787 2237 
4812 215 1514 216 1798 
4813 1436 1821 1743 2124 
4814 1629 1869 1531 2262 
4815 152 1513 311 1747 
4816 1719 1768 1489 2087 
4817 1699 1935 1551 2147 
4818 1356 1999 1737 2165 
4819 1770 2007 1474 2055 
4820 1634 1939 1663 2157 
4821 581 1539 1722 1833 
4822 1396 1661 1649 1816 
4823 1558 1805 947 2231 
4824 1605 1845 1498 1983 
4825 403 1718 884 2188 
4826 1530 1655 1463 2111 
4827 1347 1519 1560 1784 
4828 1424 1887 1877 2079 
4829 790 1466 1934 2027 
4830 1822 1898 1494 2130 
4831 1443 2029 1541 2245 
4832 633 1799 630 1907 
4833 1599 2064 1405 2243 
4834 1377 1677 1623 2033 
4835 492 1986 1601 2095 
4836 1934 1969 1678 2197 
4837 1459 1378 1697 1924 
4838 220 1781 1498 2093 
4839 883 1109 1067 1630 
4840 477 476 1806 1982 
4841 1880 1885 1472 2234 
4842 1607 1932 1571 2205 
4843 1412 1749 1609 1804 
4844 1385 1512 1667 2202 
4845 1697 1921 683 2024 
4846 792 1630 422 1902 
4847 1401 1755 1626 1947 
4848 1423 1607 1503 1917 
4849 88 1817 1537 1984 
4850 369 275 1719 1768 
4851 1382 1736 1480 1741 
4852 314 1513 152 1832 
4853 1567 1482 1923 2200 
4854 1678 1969 1934 2023 
4855 1347 1560 1519 1914 
4856 1374 1506 1755 1968 
4857 1482 1638 1567 1923 
4858 289 1854 1556 2049 
4859 1449 1783 1542 1989 
4860 1056 1824 1738 2125 
4861 1661 1700 1396 1952 
4862 1344 1715 1583 1787 
4863 1584 1978 1442 2018 
4864 1561 1576 1415 2033 
4865 1510 1901 1614 2278 
4866 1500 1852 273 1862 
4867 1353 1529 1672 1959 
4868 1510 1831 1419 2051 
4869 1441 1801 1602 2022 
4870 1414 1736 1581 1741 
4871 541 1594 652 1786 
4872 1468 2006 1397 2011 
4873 1384 1619 1509 1739 
4874 1663 1939 1404 2157 
4875 1477 1750 1363 1943 
4876 1440 1756 1523 1788 
4877 511 509 1661 2025 
4878 180 1633 1589 1883 
4879 1637 2099 1470 2213 
4880 1462 1963 1790 2215 
4881 292 290 1889 1916 
4882 242 292 290 1889 
4883 1422 1650 1522 2211 
4884 1620 1800 1414 1881 
4885 272 147 1703 1852 
4886 1360 1762 1580 2278 
4887 1615 1649 1447 2107 
4888 1614 1941 1623 2112 
4889 599 1453 1856 2116 
4890 1349 2028 1505 2120 
4891 869 1739 1509 2123 
4892 1623 1780 1507 2086 
4893 985 1607 1024 1932 
4894 1351 1649 1554 1962 
4895 1447 2175 1572 2182 
4896 1642 1945 1457 2044 
4897 1450 1872 1618 2106 
4898 1660 1859 1738 2174 
4899 956 1760 1544 1847 
4900 1111 1571 885 1856 
4901 1599 1393 1774 2227 
4902 749 382 338 1726 
4903 1572 1766 1552 2175 
4904 1569 1464 1720 1865 
4905 92 432 766 1836 
4906 1501 2002 1636 2085 
4907 1555 1834 698 1894 
4908 1395 1963 1867 2223 
4909 867 1833 822 1994 
4910 832 742 743 1577 
4911 1527 1823 1648 2230 
4912 240 1889 1564 2235 
4913 1714 2015 1512 2142 
4914 1373 1631 1543 1910 
4915 1359 2135 2020 2232 
4916 1464 1382 1713 1753 
4917 1550 2004 1605 2193 
4918 1365 1511 1712 2245 
4919 765 1855 1522 2212 
4920 1619 1752 1492 1836 
4921 1446 1786 1602 1948 
4922 1462 1790 2188 2215 
4923 437 594 1817 1975 
4924 1617 1652 1374 2288 
4925 455 537 1958 2156 
4926 1370 1615 1597 1948 
4927 1383 1663 1535 1687 
4928 1422 1689 1504 1940 
4929 1410 1673 1595 1776 
4930 1518 1658 1410 2115 
4931 1384 1492 1752 1836 
4932 1542 1783 1449 2179 
4933 1514 216 1798 2199 
4934 1567 1486 1639 1923 
4935 812 1588 718 1777 
4936 1410 1518 1784 2042 
4937 1497 1741 1356 2165 
4938 550 471 698 1894 
4939 1482 1567 1511 1949 
4940 1394 2037 1701 2225 
4941 1468 1742 1397 2006 
4942 742 1577 832 2145 
4943 1387 1943 1477 2268 
4944 1409 1744 1686 1911 
4945 933 952 1044 1711 
4946 1506 1968 1428 1993 
4947 1511 1794 1699 1904 
4948 1356 1480 1741 1955 
4949 1375 1784 1642 2076 
4950 728 812 815 1770 
4951 315 1476 1785 1832 
4952 1356 1737 1549 1990 
4953 1437 1949 1712 2283 
4954 1794 1904 1511 2067 
4955 1678 1466 1969 2023 
4956 1504 1689 1680 1844 
4957 1345 1567 1638 2128 
4958 778 1645 723 2226 
4959 918 920 919 1850 
4960 1429 1814 1574 1944 
4961 1507 1623 1442 1780 
4962 1110 1051 1484 2021 
4963 1461 1539 1833 1842 
4964 1483 1685 1851 1978 
4965 1546 1651 1392 1994 
4966 1665 1408 1840 1890 
4967 857 1972 1522 2169 
4968 918 1850 1493 2149 
4969 680 490 488 1521 
4970 232 1818 2053 2199 
4971 1477 2009 441 2063 
4972 1383 1895 1481 1956 
4973 1345 1551 1699 1794 
4974 631 1799 1545 2035 
4975 1065 1828 1473 2131 
4976 1397 2006 1672 2011 
4977 1485 1935 1699 2147 
4978 1092 1113 871 1696 
4979 1395 1683 1465 2148 
4980 639 1810 1496 1937 
4981 1636 2002 1421 2085 
4982 1094 1778 1718 2164 
4983 667 2188 1790 2215 
4984 686 688 1586 2041 
4985 1444 1808 2246 2264 
4986 848 855 1819 2072 
4987 291 2049 1653 2070 
4988 1410 1595 1673 2077 
4989 923 1725 1543 2075 
4990 1387 1570 1911 2137 
4991 1541 1443 1792 2029 
4992 1505 2028 1991 2120 
4993 848 1819 1650 2072 
4994 1463 1696 1668 2111 
4995 1512 1692 1385 1989 
4996 1346 1512 2015 2202 
4997 539 682 681 1697 
4998 583 765 557 2169 
4999 1377 1888 1677 2033 
5000 1394 2075 1701 2241 
5001 1374 1755 1621 1968 
5002 1382 1581 1694 1720 
5003 271 1644 268 1731 
5004 428 147 724 1703 
5005 1378 1459 1796 1924 
5006 1560 2057 1784 2146 
5007 828 1832 1513 2143 
5008 1514 1818 1376 1927 
5009 2020 2135 1473 2232 
5010 1754 2021 1484 2253 
5011 1574 1944 1814 2282 
5012 1464 1865 1569 2208 
5013 231 1818 1514 1927 
5014 1509 1619 1384 1918 
5015 824 734 1599 2064 
5016 1564 2235 1654 2274 
5017 1364 1780 1623 2086 
5018 1419 1512 2015 2142 
5019 1796 2050 1565 2267 
5020 1457 1945 1727 2044 
5021 629 397 630 1907 
5022 1473 1764 1065 2056 
5023 770 466 573 1736 
5024 1051 1484 2021 2231 
5025 1019 919 1743 1850 
5026 1361 1553 1873 1933 
5027 1376 1537 1960 1985 
5028 1356 1741 1497 2210 
5029 995 989 1067 2071 
5030 1470 1950 1569 1969 
5031 1354 1666 1487 1842 
5032 289 1556 1769 2049 
5033 296 2049 1756 2052 
5034 508 1952 1661 2054 
5035 1399 1605 1562 1692 
5036 1784 2057 1505 2146 
5037 1632 1757 1490 1765 
5038 1379 1705 1474 1772 
5039 1820 2151 1886 2162 
5040 1378 1612 1577 2290 
5041 1352 1922 1734 2211 
5042 1543 924 1910 2184 
5043 1389 1490 1735 1758 
5044 1830 2054 1952 2152 
5045 1397 1727 1646 1742 
5046 1549 1737 1686 1990 
5047 1345 1551 1936 2256 
5048 1518 1410 1658 2277 
5049 1731 1813 268 2082 
5050 1641 1793 1431 1943 
5051 1576 2033 1561 2153 
5052 1534 1953 1578 2206 
5053 1817 1975 349 2053 
5054 1569 1950 1358 1969 
5055 1406 1757 1632 1765 
5056 997 1593 895 1997 
5057 582 1722 1539 1975 
5058 1476 1637 1513 1832 
5059 1348 1634 1663 1839 
5060 1474 1862 1682 1873 
5061 1537 1376 1627 1985 
5062 1649 1661 1396 1830 
5063 1726 2155 1647 2260 
5064 1569 1470 1969 2197 
5065 1495 1919 1596 2135 
5066 1755 1787 1621 2237 
5067 1475 1691 1408 1840 
5068 1473 2135 1841 2232 
5069 1567 1923 1639 2200 
5070 1350 1561 2033 2153 
5071 1494 1675 1572 2037 
5072 462 1980 1606 2097 
5073 1023 1012 917 1494 
5074 471 1865 1894 1974 
5075 963 1965 1495 2276 
5076 1544 1893 1752 2242 
5077 1547 2061 1709 2098 
5078 570 1707 452 2226 
5079 1444 1751 1892 2160 
5080 1416 1732 1657 2051 
5081 1869 2225 1531 2262 
5082 1463 2047 1092 2111 
5083 1395 1531 1667 2223 
5084 660 1465 661 2136 
5085 1014 908 911 2183 
5086 1709 1911 1570 2137 
5087 1410 1991 1595 2077 
5088 1547 1911 1827 2100 
5089 257 1625 334 2117 
5090 1689 1809 325 1940 
5091 1396 1655 1488 1952 
5092 1110 1039 1484 1812 
5093 1389 1930 1587 2238 
5094 1608 1411 2119 2156 
5095 1052 888 1479 2281 
5096 319 295 1757 2257 
5097 1399 1779 1550 1879 
5098 610 1644 370 2140 
5099 1385 1692 1512 2202 
5100 342 1472 1880 1885 
5101 637 639 542 1937 
5102 955 967 1045 1544 
5103 402 1525 338 1942 
5104 1620 1777 1500 2081 
5105 1468 1397 1742 2011 
5106 1461 1750 1546 2163 
5107 1494 1745 1012 1896 
5108 1508 1932 1607 2249 
5109 1466 1969 1684 2253 
5110 1713 1720 1464 1865 
5111 1352 1670 1506 1849 
5112 1990 2008 1532 2098 
5113 738 1528 575 1954 
5114 471 469 1865 1974 
5115 621 1764 1479 1890 
5116 1385 1605 2022 2193 
5117 772 754 573 1736 
5118 1035 1036 1037 2021 
5119 1455 1758 1600 1930 
5120 967 1045 1544 1866 
5121 1883 2089 1450 2094 
5122 1436 1743 1681 2124 
5123 1650 1734 1445 2212 
5124 1677 1851 1748 2216 
5125 745 746 1599 1703 
5126 1588 2119 1411 2156 
5127 444 1568 445 1912 
5128 1594 2204 653 2258 
5129 92 766 1651 1836 
5130 1546 1392 1833 1994 
5131 1408 1691 1475 2232 
5132 1389 1490 1758 1930 
5133 714 548 715 1777 
5134 1486 1871 1420 2217 
5135 1541 2029 1792 2245 
5136 1425 1661 1649 1830 
5137 253 242 254 1768 
5138 946 1558 947 2231 
5139 844 631 852 1545 
5140 425 1073 748 1718 
5141 468 1713 708 1865 
5142 837 1656 2000 2158 
5143 1674 495 2141 2179 
5144 319 295 221 1757 
5145 753 883 422 1630 
5146 1352 1506 1670 1871 
5147 917 1494 1012 1896 
5148 1345 1638 1482 1825 
5149 1471 1797 1669 2167 
5150 1402 1997 1698 2068 
5151 700 1921 1476 2024 
5152 1528 1402 1698 2068 
5153 1377 1860 1618 2106 
5154 170 169 1862 2218 
5155 1784 2076 1375 2115 
5156 1382 1581 1736 1741 
5157 1387 1911 1709 2137 
5158 341 1940 1809 2140 
5159 1451 1739 1652 2195 
5160 541 652 505 1786 
5161 1568 1912 444 2163 
5162 1381 1919 1495 2127 
5163 1754 1812 1040 2041 
5164 738 1698 1528 1954 
5165 779 575 738 1528 
5166 792 1713 1630 1902 
5167 1689 1880 1548 2234 
5168 1545 1799 852 2192 
5169 1349 1570 1709 2028 
5170 1440 1523 1756 2052 
5171 261 330 297 1860 
5172 311 1702 237 2186 
5173 1528 1698 738 1791 
5174 1359 1596 1919 2135 
5175 1389 1712 1653 1900 
5176 549 713 1517 1974 
5177 1520 1565 2050 2267 
5178 1344 1506 1621 2237 
5179 467 1581 1974 2097 
5180 532 1617 534 1855 
5181 957 1607 938 1918 
5182 1598 1960 1537 1985 
5183 289 1769 1556 1889 
5184 619 1693 1609 2292 
5185 1518 1784 1642 1945 
5186 532 2062 1913 2212 
5187 1508 1795 1050 2249 
5188 802 808 536 1693 
5189 363 162 431 1813 
5190 1494 1701 917 1920 
5191 1543 1631 1373 2031 
5192 1347 1516 2057 2103 
5193 177 178 1589 1789 
5194 1511 1733 1482 1949 
5195 1382 1713 1581 1720 
5196 1346 1512 1714 2015 
5197 1009 905 1727 1981 
5198 1561 1941 1520 2213 
5199 1879 1901 1510 1957 
5200 1376 1537 1627 1927 
5201 572 1895 488 2092 
5202 1382 1713 1630 1736 
5203 600 1648 1807 1913 
5204 1376 1960 1818 2187 
5205 337 1525 263 1781 
5206 1581 1414 1881 2097 
5207 235 263 1647 1781 
5208 1527 1665 526 1823 
5209 330 1632 295 1860 
5210 1065 1764 1473 1828 
5211 1419 1535 1839 2051 
5212 222 1507 223 1998 
5213 431 162 597 1813 
5214 1674 2141 2095 2179 
5215 1385 1667 1582 2059 
5216 1469 2089 1673 2160 
5217 1481 1895 1586 1956 
5218 688 418 686 1586 
5219 1577 2026 1378 2290 
5220 1517 1414 1800 1881 
5221 1014 911 1019 2130 
5222 1357 1831 1512 1879 
5223 243 227 320 1769 
5224 1618 1899 1442 2018 
5225 1345 2128 1533 2256 
5226 1604 1738 901 1824 
5227 1576 1497 2073 2132 
5228 1527 1734 1380 1815 
5229 1369 1489 1799 2079 
5230 1477 1826 441 2009 
5231 1350 1694 1931 2153 
5232 1478 1646 1906 1910 
5233 1382 1497 1694 1741 
5234 1536 1344 1621 1787 
5235 1094 884 1718 2188 
5236 1542 1989 1783 2012 
5237 919 1743 1559 2124 
5238 1021 1094 1462 2188 
5239 1384 1619 1739 1836 
5240 1555 2099 1637 2213 
5241 630 631 629 2035 
5242 807 587 867 1546 
5243 1422 1922 1680 2211 
5244 1635 1744 1505 2115 
5245 1449 1783 1989 2179 
5246 1468 1672 2006 2011 
5247 1510 1879 1452 1901 
5248 1497 1915 1576 2073 
5249 1546 586 2163 2255 
5250 1738 1859 1448 2174 
5251 565 1905 1995 2233 
5252 1487 1662 1392 1928 
5253 1470 2078 1637 2213 
5254 219 1731 1504 1940 
5255 1415 1729 1634 1909 
5256 321 1603 210 1846 
5257 1364 1780 1561 1941 
5258 712 713 1834 2243 
5259 1601 1963 1462 2215 
5260 1380 1815 1734 2256 
5261 1421 1636 1556 1916 
5262 193 190 191 2091 
5263 1613 1424 1877 2079 
5264 1641 1760 968 2100 
5265 324 1844 218 2235 
5266 206 220 1498 2093 
5267 623 888 414 1764 
5268 1486 1420 1746 2217 
5269 177 175 178 1789 
5270 1423 1503 1787 1917 
5271 1457 1981 2174 2252 
5272 1353 1675 1494 2037 
5273 1576 2073 1915 2132 
5274 1415 1623 1888 1941 
5275 1400 1677 1618 1872 
5276 1629 1531 2223 2262 
5277 1346 2015 1563 2202 
5278 1360 1580 1762 1930 
5279 490 1521 680 2036 
5280 1621 1787 1755 1897 
5281 1387 1827 1547 1911 
5282 1469 1671 1633 2160 
5283 1941 2078 1520 2213 
5284 1535 1839 1663 2109 
5285 1382 1581 1713 1736 
5286 1398 1638 1821 1848 
5287 1357 1512 1692 1879 
5288 1469 1633 2089 2160 
5289 1463 1668 1919 2111 
5290 1596 1919 1495 1946 
5291 1537 1817 375 1818 
5292 1405 1513 1702 2263 
5293 1433 1663 1803 2157 
5294 1642 2174 1858 2252 
5295 1106 1918 1028 2123 
5296 708 1865 1713 2208 
5297 1818 2187 2053 2199 
5298 1603 1452 2108 2236 
5299 1561 1780 1623 1941 
5300 1377 1516 1677 1888 
5301 330 1632 1860 1899 
5302 1556 1636 1421 2085 
5303 430 665 874 2136 
5304 754 422 792 1630 
5305 1471 1896 927 2167 
5306 899 1771 1003 2100 
5307 1516 1677 1888 2033 
5308 1452 1901 1879 1957 
5309 918 1610 1850 2149 
5310 495 1674 554 2179 
5311 1661 1816 1700 2025 
5312 1449 1732 1512 1989 
5313 1366 2151 1820 2162 
5314 2053 2187 1524 2199 
5315 1558 1684 1484 2021 
5316 206 1845 1498 1966 
5317 669 2000 1783 2158 
5318 1508 1782 1573 2151 
5319 1379 1664 1578 1772 
5320 1581 1694 1418 1974 
5321 165 616 1809 1880 
5322 1612 1697 1577 2145 
5323 292 289 1556 1889 
5324 511 509 510 1661 
5325 1410 1776 1595 1991 
5326 511 1661 510 2025 
5327 1714 2175 1766 2262 
5328 667 1790 1708 2148 
5329 639 641 509 1810 
5330 1074 888 623 1764 
5331 1564 2079 1768 2088 
5332 523 844 521 1840 
5333 1523 2058 2052 2283 
5334 182 1883 1735 2094 
5335 1537 1960 1598 1984 
5336 1487 1892 1776 2014 
5337 1550 1605 1399 1692 
5338 1391 1673 1671 1746 
5339 1379 1591 2180 2250 
5340 1440 1653 1587 1712 
5341 1455 1792 1541 1930 
5342 1568 1750 443 2063 
5343 730 153 732 1591 
5344 1391 1892 1751 2160 
5345 1414 1620 1980 1999 
5346 1347 2057 1560 2103 
5347 1883 2094 283 2261 
5348 470 471 469 1865 
5349 1038 2021 1754 2027 
5350 1475 1840 1408 2232 
5351 1109 1630 753 2071 
5352 1365 1574 1556 1904 
5353 1370 1498 1647 2022 
5354 206 1498 1845 2093 
5355 1363 1893 1544 2242 
5356 342 1880 1472 1907 
5357 1550 1779 1452 1879 
5358 575 1528 779 1987 
5359 1460 1980 1620 1999 
5360 1595 1761 1515 1988 
5361 548 1777 1620 2081 
5362 1390 1503 1787 2242 
5363 1585 1926 903 2229 
5364 1634 1729 1415 1939 
5365 1349 1709 1570 2221 
5366 1483 1800 1685 1978 
5367 1445 1849 1734 2173 
5368 1378 1884 1565 2185 
5369 770 708 468 1713 
5370 776 1739 767 2195 
5371 1438 1692 1989 2193 
5372 1057 968 1760 2100 
5373 591 2114 1826 2255 
5374 369 253 275 1768 
5375 1351 1628 1716 2282 
5376 290 1802 1502 1916 
5377 1476 1921 1697 2024 
5378 1383 1868 1481 1895 
5379 798 619 1693 2207 
5380 1541 1762 1437 1853 
5381 1415 1576 1561 2084 
5382 1618 1400 1872 2032 
5383 1047 1828 1573 2281 
5384 1611 1785 1507 1998 
5385 1110 1041 1039 1812 
5386 1490 1757 1600 1901 
5387 283 1633 180 1883 
5388 1528 575 1954 1987 
5389 860 589 1652 1891 
5390 1379 2180 1625 2250 
5391 917 1701 1494 1896 
5392 450 452 1534 2226 
5393 1456 1970 1773 2180 
5394 754 1630 792 1713 
5395 343 1775 255 2026 
5396 1514 1376 1622 1927 
5397 1469 1673 1519 1900 
5398 1516 2103 1347 2248 
5399 1671 1673 1391 2160 
5400 1418 1694 1581 1720 
5401 1433 1663 1711 1803 
5402 1881 1974 1581 2097 
5403 1362 1518 1658 2277 
5404 1616 1830 1425 2107 
5405 1380 1680 1551 2256 
5406 1673 1900 1469 2058 
5407 1753 2134 1382 2210 
5408 1497 1382 1694 2134 
5409 1556 1574 1407 1904 
5410 1437 1762 1541 1959 
5411 305 1537 375 1818 
5412 919 922 1743 2124 
5413 1549 2008 1990 2098 
5414 205 289 194 1556 
5415 402 842 1525 1942 
5416 1512 1732 1357 1989 
5417 548 715 1777 2081 
5418 271 1644 1940 2140 
5419 1377 1618 1677 1872 
5420 776 767 860 2195 
5421 1420 1514 1798 2217 
5422 1368 1838 1669 1925 
5423 1009 905 906 1727 
5424 1489 1907 633 2087 
5425 1419 2015 1714 2142 
5426 329 1880 1689 2234 
5427 1446 1876 1683 2133 
5428 445 444 443 1568 
5429 874 1060 1061 2136 
5430 1630 1713 1382 1902 
5431 271 370 360 1644 
5432 422 1630 883 1902 
5433 471 550 469 1974 
5434 479 1982 1806 2170 
5435 631 1545 844 2035 
5436 1631 1910 924 2184 
5437 342 1885 1880 2234 
5438 1465 661 2136 2148 
5439 1560 2077 1519 2089 
5440 775 779 738 1528 
5441 746 396 745 1599 
5442 1521 1542 1986 2092 
5443 1009 906 909 1646 
5444 1425 2107 1649 2122 
5445 829 683 1921 2024 
5446 1458 1540 1909 2080 
5447 1559 1821 1436 2124 
5448 1542 1357 1989 2012 
5449 1364 1623 1780 1941 
5450 1539 1609 1461 2083 
5451 565 1905 1566 1995 
5452 1538 1659 1416 2233 
5453 1518 1945 1658 2115 
5454 587 1833 1546 2163 
5455 1518 1362 2011 2200 
5456 553 1783 1542 2179 
5457 1389 1541 1712 1853 
5458 1487 1392 1662 1960 
5459 1032 962 949 1753 
5460 1612 2145 1577 2290 
5461 1474 1873 1772 2007 
5462 1531 1471 1838 2225 
5463 890 1655 647 2224 
5464 1538 1416 1687 2233 
5465 814 1489 633 2087 
5466 1381 1495 1745 2127 
5467 1353 1572 1675 2037 
5468 349 1975 1592 2053 
5469 1356 1549 1717 2008 
5470 1346 1562 1597 2202 
5471 1487 1662 1624 1960 
5472 1361 1772 1873 2007 
5473 547 1912 1609 2083 
5474 1470 1806 1982 2078 
5475 1570 1911 1709 2028 
5476 1815 2173 1734 2256 
5477 1410 1715 1776 1991 
5478 501 1602 656 2121 
5479 466 1736 1581 2097 
5480 1618 1860 297 2032 
5481 1412 1693 1578 2292 
5482 1023 1494 917 1920 
5483 1518 1410 1639 2042 
5484 1073 2090 1066 2164 
5485 1635 1435 1793 2069 
5486 603 559 528 1648 
5487 1653 1712 1440 2283 
5488 1345 1936 1499 2256 
5489 1396 1700 1661 1816 
5490 187 1587 190 1854 
5491 376 263 338 1525 
5492 1353 1733 1482 1898 
5493 1043 1743 1681 1822 
5494 1486 1624 1871 2217 
5495 1389 1853 1712 1900 
5496 1898 2006 1494 2130 
5497 292 289 205 1556 
5498 1381 1530 1919 2127 
5499 1371 1560 2077 2146 
5500 1711 1868 1579 1956 
5501 1461 1568 1750 2163 
5502 1490 1765 1757 1901 
5503 1010 2017 1655 2224 
5504 1439 1680 1551 2178 
5505 441 442 440 1750 
5506 1349 1761 1515 2120 
5507 1533 1820 1638 1848 
5508 1485 1877 1628 1935 
5509 1445 1626 1849 2173 
5510 345 314 152 1832 
5511 625 624 1704 1890 
5512 652 1786 1594 2258 
5513 1406 1765 1632 2112 
5514 1564 1889 1768 2265 
5515 1494 1381 1675 2105 
5516 1380 1551 1680 2178 
5517 249 1844 1689 1940 
5518 1455 2085 1854 2238 
5519 1427 1870 1647 2260 
5520 1380 1680 1499 1734 
5521 1485 1551 1935 2147 
5522 1106 1028 1098 2123 
5523 844 1545 521 1840 
5524 1678 1806 1470 1969 
5525 1630 1382 1753 1902 
5526 182 297 1860 2032 
5527 1507 1442 1702 1780 
5528 1364 2078 1941 2213 
5529 1360 1510 1901 1957 
5530 1517 1405 1834 2064 
5531 618 1609 547 1912 
5532 1449 1542 1732 1989 
5533 1592 1773 336 2053 
5534 1494 1675 1353 1898 
5535 1531 1346 1667 1714 
5536 1379 1693 1591 1705 
5537 1944 1946 1429 1962 
5538 1573 1782 1508 2040 
5539 1663 1684 1404 1939 
5540 1464 1713 1865 2208 
5541 1088 885 1111 1571 
5542 936 933 1711 2184 
5543 1380 1527 1665 1819 
5544 1060 1724 1061 2136 
5545 1415 1888 1614 1941 
5546 1407 1502 1889 2265 
5547 284 1618 297 2032 
5548 1741 1999 1356 2165 
5549 907 1006 918 2149 
5550 647 1655 890 2047 
5551 623 414 621 1764 
5552 1750 2163 586 2255 
5553 1537 1376 1818 1927 
5554 1382 1497 1741 2210 
5555 726 2055 728 2218 
5556 549 467 713 1974 
5557 938 1917 1607 2249 
5558 292 1556 205 1916 
5559 1604 1771 1409 1824 
5560 1371 2089 1633 2160 
5561 842 1942 655 2258 
5562 1467 1859 1915 2210 
5563 1554 1946 1944 1962 
5564 261 238 1899 2018 
5565 1397 1518 1672 1979 
5566 1404 1805 1491 2222 
5567 719 548 463 1881 
5568 580 1811 778 2226 
5569 1373 1540 1906 2181 
5570 256 299 230 1550 
5571 1385 1562 1801 2022 
5572 1359 1919 1596 1946 
5573 548 1881 1620 1980 
5574 244 336 1773 2053 
5575 1482 1672 1353 1898 
5576 1497 1694 1576 2134 
5577 1551 1680 1499 2256 
5578 1670 1420 1835 1871 
5579 1460 1620 1967 1999 
5580 1349 1515 1664 2221 
5581 1055 1760 1585 2229 
5582 1532 2068 1955 2126 
5583 1033 1902 1464 2280 
5584 548 463 1881 1980 
5585 1449 1601 1521 1986 
5586 1653 2049 1587 2070 
5587 1344 1536 1621 1928 
5588 1559 1850 919 2228 
5589 1373 1910 1543 2241 
5590 712 821 713 2243 
5591 1072 1826 1492 1866 
5592 1401 1486 1923 2237 
5593 483 2034 681 2170 
5594 1900 1949 1355 2042 
5595 1502 1421 1716 2282 
5596 276 1500 1862 2203 
5597 1510 1452 1879 2065 
5598 1549 1686 1409 1990 
5599 1877 1887 1628 2079 
5600 1547 1709 1911 2098 
5601 954 938 939 1503 
5602 586 1546 587 2255 
5603 1421 1574 1556 2085 
5604 476 1982 475 2197 
5605 857 765 1522 1972 
5606 1476 1785 1611 2038 
5607 1371 2077 1560 2089 
5608 175 1808 176 2010 
5609 1515 1444 2066 2168 
5610 885 429 1571 2273 
5611 1555 1780 1405 1931 
5612 1665 1823 1408 1890 
5613 618 619 1609 2292 
5614 507 509 1810 2054 
5615 1675 1898 1494 2105 
5616 668 1674 669 1783 
5617 1768 1889 1502 2265 
5618 517 2192 1863 2275 
5619 1547 1402 1997 2061 
5620 947 946 1035 1558 
5621 1450 1618 1860 2106 
5622 1695 1789 1400 1933 
5623 377 343 255 2026 
5624 1849 1947 1734 2173 
5625 1678 1934 1466 2023 
5626 493 2095 495 2179 
5627 1400 1553 1789 2018 
5628 591 439 1826 2114 
5629 1355 1900 1673 2058 
5630 1370 1647 1498 2002 
5631 1624 1670 1506 1871 
5632 1942 2138 1441 2176 
5633 292 1889 1556 1916 
5634 1057 2100 1760 2229 
5635 1357 1732 1542 1989 
5636 429 598 885 1856 
5637 1439 1551 1794 2274 
5638 608 618 619 1609 
5639 1471 1869 1629 2167 
5640 1437 1712 1541 1853 
5641 1371 1673 2089 2160 
5642 946 1035 1558 2021 
5643 1538 1687 1416 1796 
5644 809 1705 1578 1958 
5645 1361 1588 1717 2285 
5646 1107 1752 1045 2114 
5647 748 1073 1102 1718 
5648 1571 1652 1509 2288 
5649 1531 1395 1667 1876 
5650 1370 1602 1801 2022 
5651 2000 2004 371 2118 
5652 1770 1862 1500 2203 
5653 1581 1720 1713 1865 
5654 1524 1875 1773 2066 
5655 947 1558 1035 1882 
5656 1721 2138 1441 2201 
5657 1496 1661 1425 1810 
5658 553 1542 1986 2179 
5659 1655 2047 1463 2111 
5660 1429 1814 1552 2104 
5661 1347 1519 1784 2042 
5662 1549 1686 1737 2144 
5663 1088 1571 1111 1932 
5664 1109 1067 1630 2071 
5665 1408 1840 1691 2150 
5666 341 325 1809 1940 
5667 1637 1982 1470 2099 
5668 1388 1504 1710 2190 
5669 1443 1563 1792 2029 
5670 800 1688 1627 2019 
5671 1618 1789 1400 2032 
5672 1547 1997 1593 2061 
5673 708 567 1865 2208 
5674 936 1711 1803 2184 
5675 1628 1935 1699 1944 
5676 1389 1758 1587 1930 
5677 514 1575 516 1863 
5678 1365 1556 1574 2085 
5679 495 554 1674 2141 
5680 1498 1781 1647 2022 
5681 441 1750 440 1826 
5682 1654 1756 320 1769 
5683 1363 1793 1536 2242 
5684 977 2017 1530 2111 
5685 1414 1967 1620 1999 
5686 1361 1685 1483 1967 
5687 1543 1910 1631 2184 
5688 676 2138 839 2201 
5689 1502 1413 1716 1802 
5690 1346 1766 1714 2175 
5691 1578 1411 1772 1951 
5692 1420 1746 1798 2251 
5693 1510 1884 1452 2065 
5694 1602 656 2121 2201 
5695 1034 1033 1882 2280 
5696 1536 1787 1503 2242 
5697 1403 1687 1538 2267 
5698 1680 1689 1422 2178 
5699 586 587 576 2255 
5700 1363 1793 1570 2069 
5701 1426 1835 1922 2198 
5702 316 315 1476 1785 
5703 801 607 804 2045 
5704 1059 1062 1826 1866 
5705 1370 1647 1781 2022 
5706 1054 1055 983 1760 
5707 1713 1753 1382 1902 
5708 1481 1868 1383 1956 
5709 1352 1734 1680 2211 
5710 676 655 841 2201 
5711 1673 2077 1371 2089 
5712 660 569 661 1908 
5713 301 1976 1731 2082 
5714 1429 1946 1944 2291 
5715 206 1636 1845 1966 
5716 744 834 835 1640 
5717 830 700 805 1832 
5718 683 682 831 1697 
5719 746 1703 803 2243 
5720 1462 1790 1708 2188 
5721 1681 1965 950 2276 
5722 1660 1915 1859 2174 
5723 1090 989 1032 1753 
5724 722 783 1593 1996 
5725 1480 1528 1791 2068 
5726 450 784 452 2226 
5727 1599 1703 746 2243 
5728 1581 1736 1414 2097 
5729 1467 1915 1660 2222 
5730 1519 2077 1673 2089 
5731 1039 1040 1754 1812 
5732 1562 1605 1498 2022 
5733 1389 1541 1930 2238 
5734 691 1566 565 1905 
5735 305 1537 1818 1927 
5736 608 1609 619 2045 
5737 567 1569 472 1865 
5738 1567 1788 1355 1973 
5739 1594 1786 1602 2258 
5740 1680 1689 1439 1844 
5741 1840 2192 520 2275 
5742 1611 1924 1565 2086 
5743 1642 1784 1518 1979 
5744 1517 1834 713 2243 
5745 1492 1752 1544 1893 
5746 257 1773 1625 2117 
5747 726 727 1705 1864 
5748 923 914 1029 1725 
5749 1387 1645 1593 1827 
5750 1350 1931 1561 2153 
5751 802 1578 809 1705 
5752 1661 1952 1830 2054 
5753 1629 1797 1471 2167 
5754 1664 1772 1411 1951 
5755 1375 1658 1493 1945 
5756 1370 1525 1781 2260 
5757 1417 1818 1537 1960 
5758 1442 2018 1899 2159 
5759 1653 1900 1712 2283 
5760 700 829 1921 2024 
5761 1457 2174 1642 2252 
5762 903 1055 1585 2229 
5763 1826 2114 1492 2255 
5764 1346 1597 1667 2202 
5765 645 2047 646 2154 
5766 1349 1664 1526 2220 
5767 1021 1462 1778 1867 
5768 1562 1667 1597 2202 
5769 582 1539 607 1975 
5770 1470 1982 1637 2078 
5771 1496 1425 1661 2122 
5772 1513 1747 2143 2247 
5773 629 1880 1472 2035 
5774 1083 885 598 1856 
5775 1362 1493 1658 2011 
5776 2131 2135 1432 2279 
5777 835 1783 1640 1961 
5778 1396 1488 1830 1952 
5779 1003 1547 895 1827 
5780 1919 2111 1668 2127 
5781 850 1613 543 1799 
5782 1451 1739 1651 1878 
5783 1702 1747 1405 2186 
5784 1482 1821 1672 1898 
5785 1797 2017 1669 2167 
5786 1644 1731 271 1940 
5787 1420 1523 1746 2251 
5788 1072 1492 1045 1866 
5789 1380 1734 1499 2256 
5790 1407 1889 1654 2274 
5791 892 1997 894 2068 
5792 213 1611 1846 1998 
5793 1687 1796 1348 2051 
5794 1576 2033 1748 2132 
5795 1024 1607 985 2249 
5796 1389 1712 1541 2238 
5797 1363 1536 1893 2242 
5798 231 216 215 1514 
5799 774 1736 1606 2166 
5800 1495 1919 1668 2127 
5801 1628 1877 1369 1935 
5802 546 1652 2270 2288 
5803 1519 1673 1469 2089 
5804 289 194 1556 1854 
5805 768 1598 1722 1984 
5806 1594 1602 1370 2258 
5807 230 1983 302 2108 
5808 1390 1536 1793 2242 
5809 1659 1687 1416 2233 
5810 342 1472 1885 1907 
5811 1416 1535 1732 2051 
5812 1365 2104 1511 2245 
5813 743 1577 163 1921 
5814 1509 1739 1652 1897 
5815 179 180 1589 1883 
5816 172 1864 1682 2250 
5817 316 1476 315 1921 
5818 1636 1854 1455 2085 
5819 494 1790 496 2095 
5820 1395 1763 1790 1963 
5821 1578 1772 1664 1951 
5822 1004 1824 1056 2125 
5823 1018 1646 1017 1910 
5824 1508 1886 1626 2151 
5825 1597 1667 1562 1801 
5826 1387 1568 1943 2137 
5827 1379 1578 1693 1705 
5828 1610 1850 1559 2228 
5829 1543 1590 2031 2241 
5830 1675 1733 1429 2182 
5831 1348 2051 1796 2185 
5832 1376 1624 1662 1960 
5833 1670 1688 1428 2198 
5834 1550 1438 2012 2118 
5835 262 219 1731 1976 
5836 719 1620 548 1881 
5837 314 311 152 1513 
5838 1391 1798 1514 2217 
5839 1357 1732 1657 1992 
5840 496 1790 1582 2095 
5841 891 1698 999 1791 
5842 722 720 783 1996 
5843 1635 1793 1435 2028 
5844 708 1713 703 2208 
5845 1552 1814 1429 2182 
5846 1493 1926 1375 1945 
5847 586 587 1546 2163 
5848 488 1521 490 1986 
5849 379 350 423 1640 
5850 1454 1963 1714 2223 
5851 177 179 180 1589 
5852 1365 1712 1511 1904 
5853 478 477 476 1806 
5854 1368 1830 1669 2269 
5855 924 1543 923 1874 
5856 1421 2002 1814 2085 
5857 1509 1739 1619 2123 
5858 777 620 621 1823 
5859 1416 1657 1732 1992 
5860 1492 1384 1752 1893 
5861 766 1651 867 1994 
5862 1603 1846 1611 1884 
5863 1537 1984 1598 1985 
5864 1723 2031 1590 2241 
5865 809 729 1705 1958 
5866 489 1542 672 1929 
5867 1756 2049 1440 2052 
5868 1359 1554 1919 1946 
5869 1369 1564 2079 2265 
5870 1732 1831 1657 2051 
5871 501 556 656 1602 
5872 170 1474 1864 2218 
5873 87 862 355 1817 
5874 1663 1839 1433 2109 
5875 1585 1635 1375 2286 
5876 1494 1896 1701 2037 
5877 1397 1727 1945 2044 
5878 1406 1614 1565 2185 
5879 1578 1693 536 2292 
5880 389 387 318 2038 
5881 1431 1635 1585 2286 
5882 1401 1923 1567 2128 
5883 784 570 452 2226 
5884 1506 1670 1428 1849 
5885 582 823 1722 1975 
5886 795 93 1619 1836 
5887 359 741 417 2000 
5888 1587 1930 1758 2238 
5889 1352 1506 1871 1947 
5890 1456 1693 1609 2045 
5891 1424 1730 1613 1863 
5892 1436 1559 1767 1821 
5893 1371 1633 1589 1988 
5894 1834 2064 712 2243 
5895 1398 1743 1821 1898 
5896 428 347 147 1703 
5897 1642 1858 1540 2252 
5898 1419 1728 1510 2060 
5899 718 812 537 1588 
5900 478 476 1678 1806 
5901 1357 1550 2012 2065 
5902 446 618 547 1912 
5903 1527 1648 2062 2230 
5904 1734 1815 1527 2173 
5905 1399 1605 1550 1983 
5906 1368 1908 1616 2269 
5907 1347 1853 1519 2042 
5908 1518 2011 1672 2200 
5909 1626 1947 1849 2173 
5910 1357 1879 1550 2065 
5911 388 271 360 1813 
5912 1010 2017 977 2111 
5913 1532 1824 897 2125 
5914 1611 1785 316 2038 
5915 939 1503 938 1917 
5916 1078 1619 94 2123 
5917 1447 1814 1552 2182 
5918 938 1607 1026 2249 
5919 402 842 843 1525 
5920 1394 1723 1590 2241 
5921 1419 1831 1535 2051 
5922 329 324 248 2234 
5923 1668 1919 1359 2020 
5924 624 1840 1704 1890 
5925 1595 1991 1776 2014 
5926 299 1550 256 2004 
5927 216 1514 231 2199 
5928 1513 1785 1476 1832 
5929 1106 1509 1918 2123 
5930 1762 1959 1437 2177 
5931 485 2034 1659 2092 
5932 779 1528 775 2166 
5933 423 379 1640 2000 
5934 1814 2002 1501 2085 
5935 1476 316 1785 2038 
5936 1381 2005 1530 2127 
5937 1604 1744 1409 2286 
5938 219 327 1710 1976 
5939 607 2045 1539 2083 
5940 1522 1445 1855 2198 
5941 1010 890 1655 2047 
5942 1484 1558 2021 2231 
5943 1357 1657 1732 1831 
5944 1496 1810 1425 2122 
5945 607 547 2045 2083 
5946 255 229 1603 1775 
5947 1377 1490 1860 2106 
5948 1627 1688 800 1985 
5949 1672 1979 1518 2177 
5950 1484 2021 1684 2253 
5951 277 2138 372 2176 
5952 261 297 1618 1860 
5953 1499 1936 1551 2256 
5954 537 1588 812 2055 
5955 1363 1544 1793 2242 
5956 433 93 92 1739 
5957 1481 2090 1718 2164 
5958 1393 1517 1706 1800 
5959 547 446 1912 2083 
5960 230 1550 1983 2108 
5961 1410 1519 1784 2077 
5962 1603 1846 1452 2236 
5963 1522 1972 765 2212 
5964 766 867 391 1994 
5965 276 1862 1770 2203 
5966 519 520 2192 2275 
5967 801 1592 594 1975 
5968 1468 1821 1743 1898 
5969 942 1782 972 2040 
5970 1913 2062 1445 2212 
5971 1397 1672 1529 1979 
5972 1583 1787 1715 2016 
5973 652 556 503 1786 
5974 1651 1739 1384 1878 
5975 1705 1864 1474 2218 
5976 1494 1898 1353 2006 
5977 869 1509 438 2123 
5978 541 507 1810 2054 
5979 1573 1828 1047 2171 
5980 1554 1944 1351 1962 
5981 624 522 1840 1890 
5982 301 262 1731 1976 
5983 1373 1906 1977 2181 
5984 1406 1765 1614 1901 
5985 1448 1859 1915 2174 
5986 600 559 1648 1913 
5987 1426 1670 1835 2198 
5988 527 529 1650 2062 
5989 1536 1793 1363 2069 
5990 1354 1892 2014 2168 
5991 1532 1402 1997 2098 
5992 1463 1919 1530 2111 
5993 1524 1773 244 2117 
5994 400 709 1091 2027 
5995 485 1659 486 2092 
5996 1404 1803 1663 2157 
5997 1619 1752 1384 1918 
5998 1843 1906 1478 2006 
5999 1666 1354 2014 2168 
6000 1521 1895 1481 2096 
6001 1475 1691 1840 2150 
6002 1446 1786 1616 2133 
6003 1526 2144 1686 2220 
6004 1560 2057 1516 2103 
6005 1692 2046 1563 2202 
6006 300 1587 187 1854 
6007 979 1778 1094 2164 
6008 1544 1760 1641 1793 
6009 238 1899 2018 2159 
6010 805 155 1832 1921 
6011 1663 1839 1634 2157 
6012 1078 94 872 2123 
6013 703 1713 792 1902 
6014 1063 394 752 1645 
6015 156 349 594 1592 
6016 1698 1997 892 2068 
6017 328 1611 213 1998 
6018 1472 1799 1489 1907 
6019 1468 1821 1672 2011 
6020 418 1586 1079 2090 
6021 633 816 630 1799 
6022 1585 1390 1760 1847 
6023 1499 1734 2173 2256 
6024 691 692 1566 2101 
6025 734 421 358 1747 
6026 835 1640 834 1961 
6027 1582 2095 1674 2141 
6028 1384 1492 1836 1893 
6029 1655 562 1952 2043 
6030 1479 1764 1052 1828 
6031 1461 1804 1666 2113 
6032 1362 1518 1639 2200 
6033 362 1627 606 2191 
6034 1505 1991 1635 2115 
6035 1521 1481 1868 2096 
6036 261 1899 1618 2018 
6037 417 735 166 1656 
6038 773 2036 1895 2090 
6039 879 420 1826 2009 
6040 1518 1639 1410 2277 
6041 593 2273 1509 2288 
6042 1681 1822 2266 2276 
6043 801 804 1592 2045 
6044 1470 1950 1520 2213 
6045 1387 1827 1943 2268 
6046 1523 1756 1388 1788 
6047 1546 2163 1750 2255 
6048 271 1644 360 1813 
6049 1650 1734 1527 2062 
6050 1647 1781 1498 1966 
6051 1012 1745 1494 1822 
6052 678 2036 1718 2215 
6053 1520 1950 1561 2213 
6054 1369 1799 1857 2289 
6055 226 237 1702 1774 
6056 1596 1398 1825 1946 
6057 1390 1715 1787 2016 
6058 1502 1768 1413 1802 
6059 291 1653 2049 2052 
6060 1532 1997 1971 2098 
6061 1355 1746 1486 1973 
6062 860 589 776 1652 
6063 1530 1919 1396 1925 
6064 1762 1853 1541 1930 
6065 1731 1976 1622 2082 
6066 668 554 669 1674 
6067 1694 1576 2134 2153 
6068 1074 1052 888 1764 
6069 1357 1732 1512 1831 
6070 1449 1674 1582 2095 
6071 324 1689 249 1844 
6072 1372 1858 1540 1909 
6073 1786 1810 1425 2054 
6074 981 962 1643 1859 
6075 229 1603 1775 2108 
6076 1568 1943 1570 2113 
6077 903 1005 1055 2229 
6078 273 276 1500 1862 
6079 1393 1584 1706 1774 
6080 315 1832 155 1921 
6081 1403 1538 1687 2233 
6082 625 1704 626 2139 
6083 1389 1587 1712 2238 
6084 1445 1527 1734 2062 
6085 983 1057 968 1760 
6086 275 167 353 1719 
6087 1386 1483 1737 2144 
6088 1407 1769 1654 1889 
6089 1531 1667 1597 1876 
6090 1486 1746 1420 1973 
6091 368 805 155 1832 
6092 484 1659 485 2034 
6093 1421 1966 1647 2002 
6094 1486 1690 1567 1973 
6095 769 1811 1568 2063 
6096 865 1627 431 2019 
6097 1426 1522 1922 2169 
6098 1738 1824 1448 2125 
6099 658 1656 838 1721 
6100 1351 1716 1628 1887 
6101 670 1783 835 1961 
6102 1107 1619 1752 2114 
6103 425 748 679 1718 
6104 610 845 419 1644 
6105 1382 2134 1497 2210 
6106 202 1976 1798 2251 
6107 224 222 225 1899 
6108 1410 1673 1519 2077 
6109 1741 1955 1480 2210 
6110 1511 1712 1437 1949 
6111 1347 2042 1784 2177 
6112 1645 1811 778 2063 
6113 1576 1748 1497 2132 
6114 1360 1580 1765 2278 
6115 87 799 88 1537 
6116 273 279 276 1862 
6117 972 1782 1573 2040 
6118 1780 1931 1555 2213 
6119 1697 2034 1538 2170 
6120 1570 1943 1568 2137 
6121 316 1611 328 1785 
6122 1458 1909 1634 2080 
6123 1550 1879 1452 2065 
6124 290 1802 1916 2240 
6125 1369 1935 1857 2274 
6126 232 1818 322 2053 
6127 826 695 700 1832 
6128 669 1783 1674 2158 
6129 1523 1710 1388 1756 
6130 1351 1554 1649 1816 
6131 1369 1799 1613 2079 
6132 1352 1849 1506 1947 
6133 1615 2122 1870 2282 
6134 669 836 1783 2000 
6135 1347 1853 2042 2177 
6136 1569 1865 567 2208 
6137 417 166 359 1656 
6138 1355 1519 1673 1900 
6139 460 1987 1980 2272 
6140 233 1524 244 2117 
6141 795 432 93 1836 
6142 1609 2045 547 2083 
6143 1672 1821 1468 1898 
6144 1052 1048 888 2281 
6145 554 1674 657 2158 
6146 990 1488 2224 2287 
6147 1667 1763 1582 2059 
6148 1058 1532 897 2125 
6149 1596 1841 1533 1848 
6150 1347 1518 1784 1979 
6151 1370 1801 1602 1948 
6152 1692 1879 1563 2046 
6153 1432 1533 1841 1848 
6154 520 1704 624 1840 
6155 1423 1610 1559 2228 
6156 1506 1849 1626 1947 
6157 1518 1410 1784 2115 
6158 1574 1814 1429 2104 
6159 1642 1979 1945 2044 
6160 1437 1853 1762 2177 
6161 1390 1715 1635 1793 
6162 686 1586 1995 2041 
6163 1456 1875 1592 2045 
6164 1448 1557 1738 2174 
6165 993 1718 1073 2164 
6166 915 1543 924 1910 
6167 1686 2144 1526 2146 
6168 1426 1813 1731 2082 
6169 1907 2087 1489 2088 
6170 1447 1572 1838 1962 
6171 1037 2021 1038 2027 
6172 1486 1903 1639 1923 
6173 1495 1381 1745 2105 
6174 1737 1999 1483 2165 
6175 486 485 484 1659 
6176 768 89 1598 1984 
6177 1509 2123 1106 2273 
6178 181 1883 182 2094 
6179 1345 1499 2128 2256 
6180 1360 1541 1792 1930 
6181 302 1983 1779 2108 
6182 1344 1621 1662 1928 
6183 482 1538 481 1905 
6184 493 495 554 2179 
6185 879 759 420 2009 
6186 1669 1830 1488 2269 
6187 571 677 1601 2215 
6188 1469 2094 1883 2261 
6189 1380 1650 1819 2211 
6190 768 1722 1598 1994 
6191 203 1671 197 1798 
6192 1768 2079 1564 2265 
6193 1688 1759 1428 2198 
6194 284 333 1618 2032 
6195 1350 1483 1800 2165 
6196 1585 1926 2229 2286 
6197 1385 1801 1562 2202 
6198 1385 1667 1801 2202 
6199 1647 1966 1498 2002 
6200 1362 1639 1518 2277 
6201 1055 983 1760 2229 
6202 1462 1867 1021 2188 
6203 1444 1892 1524 2066 
6204 1380 1665 1527 1815 
6205 1483 1717 1361 1967 
6206 1870 2122 1716 2282 
6207 1468 1743 1559 1850 
6208 1432 1841 1596 1848 
6209 1085 1106 2123 2273 
6210 1735 1758 186 2070 
6211 939 1847 1503 1917 
6212 1110 1484 1039 2021 
6213 1648 1782 1453 2151 
6214 959 990 1797 2017 
6215 172 170 1682 1864 
6216 1493 1945 1658 2011 
6217 200 1779 1600 2236 
6218 303 234 215 1622 
6219 1468 1559 1743 1821 
6220 1600 1758 1490 1930 
6221 1680 2178 1422 2211 
6222 1415 1623 1561 2033 
6223 1674 2141 657 2158 
6224 171 170 169 1862 
6225 1546 1836 807 2255 
6226 1421 1615 1814 2002 
6227 1490 1389 1735 2106 
6228 1597 1562 2001 2002 
6229 1792 2238 1541 2245 
6230 1488 2017 990 2224 
6231 1627 1688 1426 2019 
6232 271 1940 341 2140 
6233 981 1859 1643 2125 
6234 1381 1838 1572 1962 
6235 1395 1582 1763 2059 
6236 1400 1789 1618 2018 
6237 313 316 328 1785 
6238 964 1668 1965 2131 
6239 1470 1520 2078 2213 
6240 1425 1786 1594 1810 
6241 1597 2107 1447 2175 
6242 1347 1642 1540 1979 
6243 1565 1348 1796 2185 
6244 1444 2066 1524 2117 
6245 1638 1767 1436 1886 
6246 397 1880 158 1907 
6247 968 970 967 1641 
6248 983 1057 1760 2229 
6249 1467 1915 2134 2210 
6250 1396 1861 1554 1919 
6251 1643 1753 1382 2210 
6252 1396 1649 1554 1816 
6253 1374 1621 1755 1897 
6254 657 1674 554 2141 
6255 1593 1645 1387 2226 
6256 88 1984 1537 1985 
6257 799 88 1537 1985 
6258 1364 1941 1561 2213 
6259 1503 1390 1847 2242 
6260 1569 1720 1464 2023 
6261 1513 1832 1637 2143 
6262 1368 1830 1616 2107 
6263 1371 1595 1761 2077 
6264 1416 1659 1538 2034 
6265 1365 1814 1501 2085 
6266 1395 1790 1462 1963 
6267 1393 1706 1584 1978 
6268 329 1689 324 2234 
6269 519 2192 517 2275 
6270 203 215 216 1798 
6271 1426 1622 1731 1835 
6272 517 543 634 1613 
6273 1477 1568 1750 1943 
6274 1418 1720 1581 1865 
6275 1468 1850 1821 2011 
6276 818 1819 1548 2035 
6277 1360 1762 1541 1930 
6278 1401 1767 1638 1886 
6279 1537 1417 1960 1984 
6280 1566 1812 1754 2041 
6281 1634 1404 1939 2157 
6282 1643 1480 1955 2210 
6283 1365 1552 1814 2104 
6284 1396 1655 1952 2043 
6285 243 1769 289 1889 
6286 488 1521 1986 2092 
6287 1895 2036 1481 2090 
6288 1438 1783 1989 2012 
6289 1580 1853 1762 1930 
6290 948 1660 1053 1805 
6291 901 1738 1604 2293 
6292 1386 1851 1483 2144 
6293 844 1545 852 2192 
6294 1380 1499 1680 2256 
6295 342 1907 1885 2088 
6296 1473 2135 2131 2279 
6297 182 284 297 2032 
6298 1428 1506 1849 1968 
6299 1757 1765 1406 1901 
6300 1403 1806 1969 2267 
6301 1440 1712 1511 2283 
6302 1357 1692 1550 1879 
6303 1494 1745 1381 2105 
6304 1557 1858 1642 2174 
6305 1660 1915 1372 2222 
6306 1479 1823 1648 2013 
6307 1381 1745 2005 2127 
6308 952 1044 1711 1956 
6309 1644 1731 1426 1813 
6310 314 1785 1513 1832 
6311 959 2017 1797 2167 
6312 1597 2001 1615 2002 
6313 1386 1686 2076 2146 
6314 1582 1674 1385 2141 
6315 197 203 285 1671 
6316 946 1036 1035 2021 
6317 1353 1733 1675 2182 
6318 1568 1943 1477 2063 
6319 1376 1960 1598 1985 
6320 504 1786 1616 2054 
6321 1511 1712 1440 1904 
6322 672 1542 553 1961 
6323 672 1929 1542 1961 
6324 790 1934 1740 2027 
6325 1356 1532 1990 2008 
6326 566 707 790 1934 
6327 1718 2036 1601 2215 
6328 1703 1938 803 2243 
6329 1625 1749 1379 2066 
6330 1594 2204 1726 2260 
6331 1578 1951 1412 1953 
6332 580 778 723 2226 
6333 419 1644 845 1813 
6334 1552 2029 2001 2175 
6335 695 826 696 1637 
6336 1473 2232 1841 2279 
6337 1389 1900 1653 2094 
6338 1396 1919 1554 1925 
6339 1638 1436 1820 1886 
6340 1362 1639 1923 2200 
6341 933 1044 936 1711 
6342 1557 1642 1457 2174 
6343 1675 1825 1398 1946 
6344 1346 1597 1562 2001 
6345 1445 1734 1650 2062 
6346 1559 1821 1468 1850 
6347 1358 1720 1569 2023 
6348 1456 1773 1592 1875 
6349 970 967 1641 1866 
6350 1580 1762 1458 2278 
6351 333 2018 1618 2032 
6352 1756 1769 1440 2049 
6353 801 582 607 1975 
6354 228 240 1564 2235 
6355 775 1528 738 1791 
6356 275 1679 167 1719 
6357 668 1674 1783 2179 
6358 1857 1935 1551 2274 
6359 1446 1602 1801 1948 
6360 1359 1841 2135 2232 
6361 1498 1605 1983 2093 
6362 1436 1767 1638 1821 
6363 233 244 1524 2199 
6364 1408 1691 1533 1815 
6365 165 325 329 1880 
6366 1360 1765 1580 1930 
6367 283 1883 181 2094 
6368 1808 334 2246 2264 
6369 1714 1531 2175 2262 
6370 1395 1763 1582 1790 
6371 1401 1638 1820 1886 
6372 801 426 594 1592 
6373 361 760 373 1907 
6374 1563 1879 1510 1957 
6375 846 843 653 1726 
6376 1506 1755 1621 2237 
6377 1590 1714 1367 2142 
6378 761 1790 494 2095 
6379 1370 1781 1647 2260 
6380 462 464 1980 2097 
6381 1625 1379 1964 2066 
6382 1005 900 1771 2229 
6383 343 1775 1640 2118 
6384 1542 1732 1521 1986 
6385 1606 1980 460 1987 
6386 981 1056 961 1859 
6387 1426 1670 1622 1835 
6388 569 661 1683 2148 
6389 1878 1893 1651 2214 
6390 380 2004 1656 2176 
6391 375 1537 305 2191 
6392 394 1063 876 1645 
6393 324 249 217 1844 
6394 541 505 507 2054 
6395 644 1655 562 1952 
6396 1546 1651 1893 2214 
6397 200 1600 201 2236 
6398 1565 1924 1796 2267 
6399 256 1550 230 2118 
6400 1766 1843 1394 2037 
6401 1397 1672 1518 2011 
6402 1384 1739 1509 1897 
6403 1522 1650 1422 1972 
6404 1401 1690 1947 2128 
6405 710 703 1902 2280 
6406 438 1509 869 2273 
6407 1529 1979 1672 2177 
6408 1505 2076 1686 2146 
6409 1366 1573 2151 2162 
6410 1447 1552 2001 2175 
6411 1047 1052 1828 2281 
6412 1072 1045 1492 2114 
6413 567 472 1569 2208 
6414 586 1833 587 2163 
6415 441 443 442 1750 
6416 1430 1695 1589 1988 
6417 443 445 1568 2063 
6418 316 313 315 1785 
6419 489 553 672 1542 
6420 1097 759 879 2009 
6421 467 466 1581 2097 
6422 1493 1727 1397 2183 
6423 1669 1925 1381 2005 
6424 1538 1796 1697 2170 
6425 1597 1801 1370 1948 
6426 546 1652 589 2270 
6427 1608 1954 575 1987 
6428 1042 924 1631 1910 
6429 625 624 626 1704 
6430 1356 1990 1549 2008 
6431 1419 1714 1590 2142 
6432 1393 1620 1800 1967 
6433 817 1500 2081 2203 
6434 800 1627 1985 2191 
6435 1399 1550 1692 1879 
6436 549 1517 713 2243 
6437 1652 1891 589 2270 
6438 848 527 529 1650 
6439 866 823 1975 1984 
6440 1545 1819 1380 2150 
6441 1470 1982 1678 2197 
6442 891 999 1104 1791 
6443 1084 763 871 1696 
6444 402 338 151 1942 
6445 1611 1846 1406 1884 
6446 1451 1621 1662 1968 
6447 694 2099 1637 2143 
6448 1565 2078 1924 2267 
6449 1358 2003 1576 2134 
6450 1788 1511 1904 2067 
6451 1561 1950 1520 2084 
6452 1476 1921 316 2038 
6453 1033 1753 960 1882 
6454 1393 1584 1685 1978 
6455 261 284 333 1618 
6456 578 441 2009 2063 
6457 1376 1688 1627 1985 
6458 919 1559 921 2124 
6459 1440 1788 1511 1904 
6460 1405 1706 1517 1931 
6461 1574 1699 1407 1904 
6462 1530 1381 1925 2005 
6463 1503 1897 1384 1918 
6464 437 793 594 1975 
6465 1538 481 1905 2170 
6466 617 818 613 1548 
6467 1526 1361 1717 2285 
6468 1398 1675 1946 2105 
6469 1606 1736 1414 1741 
6470 1834 1894 1418 1974 
6471 171 172 170 1682 
6472 1709 2137 1570 2221 
6473 571 678 677 2215 
6474 1520 1950 1470 1969 
6475 1830 1616 2054 2152 
6476 900 902 1604 1926 
6477 723 722 783 1593 
6478 1775 2012 1550 2065 
6479 1475 1691 2150 2289 
6480 1392 1842 1487 1928 
6481 1363 1570 1793 1943 
6482 291 1653 185 2070 
6483 1367 1714 1590 2284 
6484 226 1774 1702 2159 
6485 1414 1800 1620 1967 
6486 1420 1871 1486 1973 
6487 1525 1370 2258 2260 
6488 1644 1922 1522 2169 
6489 1595 1991 1761 2077 
6490 1560 1784 1519 2077 
6491 1602 2121 1676 2201 
6492 1562 1801 1667 2202 
6493 193 1845 1636 2091 
6494 1861 1877 1424 2048 
6495 1749 1964 1379 2066 
6496 1348 1839 2051 2060 
6497 1596 1485 1946 2291 
6498 1002 897 1058 1532 
6499 1395 1763 1667 2059 
6500 1534 1811 450 2226 
6501 1575 1700 1424 1863 
6502 1482 1567 1949 2200 
6503 999 1791 1698 2068 
6504 924 1543 1874 2184 
6505 1387 1811 1568 2137 
6506 1347 1784 1642 1979 
6507 1503 1847 1544 2242 
6508 1484 1711 1663 1803 
6509 1402 2061 1547 2098 
6510 1071 1010 1655 2224 
6511 1479 1828 1052 2281 
6512 1018 1009 1646 1981 
6513 1446 2121 1786 2133 
6514 1503 1384 1752 1918 
6515 1796 2051 1657 2185 
6516 831 682 832 1577 
6517 1350 1694 1497 2165 
6518 831 1577 743 1921 
6519 521 1545 844 2192 
6520 175 177 176 1808 
6521 1387 1645 1827 2268 
6522 1597 1615 1447 2107 
6523 350 744 423 1640 
6524 1349 1505 1761 2120 
6525 160 358 367 1599 
6526 337 1781 372 1942 
6527 1493 1397 2011 2183 
6528 274 1591 366 1864 
6529 1613 1799 1489 2079 
6530 1534 1951 1578 1953 
6531 1409 1686 1557 1990 
6532 482 483 481 1538 
6533 1383 1711 1663 2039 
6534 273 147 1852 2203 
6535 1345 1551 1794 1936 
6536 1389 1914 1735 2106 
6537 1443 1728 1563 2015 
6538 1369 1613 1799 2289 
6539 1344 1787 1583 2237 
6540 297 284 261 1618 
6541 1412 1609 1749 2292 
6542 494 761 496 1790 
6543 1380 1680 1734 2211 
6544 924 915 923 1543 
6545 429 1571 596 1856 
6546 621 1823 560 1890 
6547 1575 1861 1463 2020 
6548 1432 2135 1841 2279 
6549 1567 1639 1355 1949 
6550 1436 1767 1559 1795 
6551 1614 1901 1765 2278 
6552 828 696 826 2143 
6553 1688 1891 585 2102 
6554 1385 1692 1605 2193 
6555 1391 1776 1746 2217 
6556 1574 1628 1502 2265 
6557 1613 2192 1799 2289 
6558 545 765 1972 2212 
6559 1584 2018 1442 2159 
6560 1450 1735 1914 2106 
6561 321 255 229 1603 
6562 1426 1922 1644 2169 
6563 1598 1994 1451 2195 
6564 1423 1795 1767 1886 
6565 1416 1687 1659 2096 
6566 337 263 235 1781 
6567 684 2024 538 2170 
6568 832 1577 682 2145 
6569 1553 1789 281 2010 
6570 703 792 710 1902 
6571 1396 1554 1649 1925 
6572 953 1579 952 1874 
6573 948 945 947 1805 
6574 1383 1868 1895 2096 
6575 1481 1868 1579 2129 
6576 1361 1772 1588 2285 
6577 1559 1743 1821 2124 
6578 974 975 1629 1867 
6579 1542 1783 553 1961 
6580 462 460 1606 1980 
6581 1699 1794 1551 1935 
6582 1392 1651 1546 2214 
6583 330 221 295 1632 
6584 1957 2091 1455 2161 
6585 773 679 2036 2090 
6586 1404 1939 1684 2003 
6587 370 1644 271 2140 
6588 761 1790 2095 2215 
6589 1538 1806 1403 2267 
6590 1595 1435 1991 2014 
6591 312 237 311 1702 
6592 1021 1103 1094 2188 
6593 183 182 1735 2094 
6594 1646 1742 1478 1906 
6595 1361 1588 1772 2007 
6596 1472 1799 1545 1857 
6597 1397 1742 1646 1906 
6598 1418 1834 1555 1894 
6599 1364 1623 1941 2086 
6600 1613 1475 2192 2289 
6601 1440 1788 1904 2067 
6602 1358 1576 1720 2134 
6603 974 975 943 1629 
6604 230 1550 299 1983 
6605 1433 1631 1543 2031 
6606 1360 1510 1728 2278 
6607 431 597 854 1813 
6608 994 1856 1782 1932 
6609 1497 1748 1350 2165 
6610 1352 1690 1499 1947 
6611 565 691 687 1566 
6612 1009 1017 1018 1646 
6613 514 648 516 1575 
6614 1543 1631 1433 2184 
6615 1433 1579 1868 2109 
6616 809 802 536 1578 
6617 1676 2121 656 2201 
6618 612 1972 1809 2072 
6619 1754 2021 1466 2027 
6620 869 1509 593 2273 
6621 1580 1765 1458 1888 
6622 1562 1399 1692 2046 
6623 858 1650 545 1972 
6624 1349 1709 1911 2028 
6625 1469 2089 1883 2094 
6626 1378 1796 1657 2185 
6627 570 2196 1707 2226 
6628 506 651 2054 2152 
6629 1360 1490 1765 1930 
6630 483 1538 2034 2170 
6631 769 1568 445 2063 
6632 584 1688 800 2019 
6633 1490 1377 1765 2106 
6634 1503 1752 954 1918 
6635 1527 2173 1815 2230 
6636 1344 1928 1487 2014 
6637 416 831 743 1921 
6638 1495 1946 1381 2105 
6639 1404 1684 1558 2003 
6640 1415 1561 1623 1941 
6641 1563 1831 1510 1879 
6642 1393 1852 1703 2081 
6643 1475 2150 1840 2289 
6644 1529 1959 1762 2177 
6645 301 1622 1976 2082 
6646 1663 1711 1484 2039 
6647 537 1958 1588 2055 
6648 1381 1495 1919 1946 
6649 1699 1794 1407 1904 
6650 1462 1963 1601 2129 
6651 1383 1687 1535 2096 
6652 1427 2122 1810 2219 
6653 1523 1788 1355 2058 
6654 977 2005 1530 2017 
6655 991 1088 1111 1932 
6656 373 760 632 1907 
6657 1435 1715 2014 2069 
6658 721 1996 1954 2196 
6659 458 1608 575 1987 
6660 300 187 190 1854 
6661 1617 2270 1652 2288 
6662 1515 1664 1379 1964 
6663 1788 2058 1523 2283 
6664 1408 1823 1815 1829 
6665 92 1739 1651 2195 
6666 1024 985 1026 2249 
6667 384 1818 1817 2053 
6668 1393 1500 1852 2081 
6669 1356 1955 1741 2210 
6670 1418 1555 1931 2213 
6671 1349 2120 1515 2221 
6672 1444 1892 1595 2160 
6673 1397 1727 1493 1945 
6674 1595 1776 1391 1892 
6675 1358 2003 2134 2194 
6676 1348 1565 1614 2185 
6677 545 858 848 1650 
6678 364 358 421 1747 
6679 634 517 1613 1863 
6680 1714 1763 1367 2142 
6681 526 1665 524 1823 
6682 1439 1551 1857 2178 
6683 551 2099 694 2143 
6684 994 1807 1782 1856 
6685 900 903 902 1926 
6686 174 1553 281 2010 
6687 1705 1958 729 2055 
6688 818 1548 617 2035 
6689 1645 1811 1387 2226 
6690 1367 1763 1714 1963 
6691 1650 1972 858 2072 
6692 1355 1949 1900 2283 
6693 1535 1416 1687 2051 
6694 548 1620 719 1938 
6695 1779 1879 1399 1957 
6696 1552 1766 2029 2175 
6697 1464 2023 1720 2194 
6698 1489 1472 1907 2088 
6699 250 271 1731 1940 
6700 903 1585 1055 1926 
6701 1552 1733 1429 2104 
6702 902 901 1604 2293 
6703 522 520 624 1840 
6704 1399 1879 1692 2046 
6705 1080 1586 886 2041 
6706 1354 1842 1487 1892 
6707 675 554 657 2158 
6708 1473 1841 2135 2279 
6709 1565 1614 1406 2086 
6710 375 305 383 2191 
6711 965 964 976 2111 
6712 1637 2078 1364 2213 
6713 1767 1795 1436 1886 
6714 1600 1757 1490 2257 
6715 885 1571 1088 2273 
6716 1566 1995 1905 2233 
6717 308 2087 1907 2088 
6718 1545 1665 1819 2150 
6719 663 1908 1724 2152 
6720 89 1598 90 1994 
6721 608 547 1609 2045 
6722 848 1650 858 2072 
6723 1423 1508 1795 1886 
6724 546 2270 1617 2288 
6725 1412 1578 1953 2292 
6726 1003 895 1001 1827 
6727 818 544 1819 2035 
6728 1412 1749 1693 2292 
6729 1019 919 922 1743 
6730 1459 1924 1697 2024 
6731 1458 1765 1580 2278 
6732 1593 1997 1402 2061 
6733 1748 2073 1497 2132 
6734 1639 1949 1567 2200 
6735 1399 2091 1957 2161 
6736 1806 1982 1459 2170 
6737 521 1840 1545 2192 
6738 1744 2076 1505 2115 
6739 1389 1541 1853 1930 
6740 1592 1773 1456 1970 
6741 1420 1523 1710 1973 
6742 1363 2069 1570 2113 
6743 1567 1936 1788 1973 
6744 1398 1825 1638 1848 
6745 567 708 703 2208 
6746 590 1652 546 2288 
6747 1414 1736 1606 2097 
6748 1384 1739 1651 1836 
6749 337 1525 1781 1942 
6750 838 1721 1656 2158 
6751 256 2004 1550 2118 
6752 187 1758 1587 2070 
6753 568 1908 663 2152 
6754 1810 2122 1496 2219 
6755 1355 1673 1746 2058 
6756 553 1542 489 1986 
6757 1853 1900 1519 2042 
6758 1475 1863 1613 2192 
6759 625 1764 622 1890 
6760 672 673 674 1929 
6761 582 823 581 1722 
6762 1722 1975 823 1984 
6763 1652 1617 1968 2270 
6764 1567 1690 1936 1973 
6765 543 1799 1613 2192 
6766 1388 1710 1523 1973 
6767 1537 1927 305 2191 
6768 176 2010 1808 2246 
6769 1489 1719 1413 1768 
6770 1430 1695 1526 1933 
6771 1595 1892 1444 2168 
6772 239 1584 259 2227 
6773 1682 1862 171 2010 
6774 952 932 1874 2184 
6775 387 213 1611 1846 
6776 402 151 751 1942 
6777 1366 1815 2173 2230 
6778 845 1813 1644 2169 
6779 613 1548 818 2072 
6780 257 1773 247 2180 
6781 174 335 281 1553 
6782 1492 1826 1072 2114 
6783 1393 1584 1774 2227 
6784 89 768 1598 1994 
6785 1393 1703 1599 2243 
6786 1380 1857 1551 2178 
6787 698 1834 1555 2247 
6788 1027 1106 1509 1918 
6789 465 467 1881 2097 
6790 1628 1485 1935 1944 
6791 1849 1855 1445 2198 
6792 1023 1494 1920 2130 
6793 961 984 1660 1859 
6794 1389 1653 1587 2070 
6795 265 1818 384 2053 
6796 1638 1821 1767 1923 
6797 812 728 813 2055 
6798 1602 1676 1801 2201 
6799 608 547 618 1609 
6800 1371 1589 1695 1988 
6801 566 1678 707 1934 
6802 440 1826 1750 2255 
6803 612 1809 1972 2140 
6804 918 1008 920 1610 
6805 1693 1749 1609 2292 
6806 438 869 593 2273 
6807 1982 2099 475 2197 
6808 1445 1734 1527 2230 
6809 1038 1039 1754 2021 
6810 1531 1838 2175 2225 
6811 1345 1533 2147 2256 
6812 976 987 1092 2111 
6813 928 1012 1745 1896 
6814 1437 1733 1511 1949 
6815 1487 1842 1666 1928 
6816 1543 1725 923 1874 
6817 1418 1894 1555 2213 
6818 1393 1685 1584 1852 
6819 929 1029 916 1869 
6820 505 1786 504 2054 
6821 1803 1805 1404 2231 
6822 1567 1936 1690 2128 
6823 957 1026 938 1607 
6824 533 557 765 1855 
6825 1956 2090 1481 2164 
6826 1487 1842 1392 1960 
6827 1586 1812 1383 1995 
6828 1703 1852 1500 2081 
6829 861 94 1078 1619 
6830 1552 1766 1572 2244 
6831 1872 2103 1377 2106 
6832 1470 1806 1678 1982 
6833 1080 1812 1586 2041 
6834 538 1637 1982 2024 
6835 161 741 359 2000 
6836 496 1582 495 2095 
6837 1364 1565 1941 2078 
6838 1626 1886 1820 2151 
6839 1389 1490 1930 2106 
6840 777 603 620 1823 
6841 633 850 816 1799 
6842 1559 1767 1423 1795 
6843 1641 1760 1431 1793 
6844 1418 1950 1894 2213 
6845 1397 1518 1945 2011 
6846 1404 1491 2080 2222 
6847 1367 1963 1714 2284 
6848 1761 1964 1515 1988 
6849 690 418 1079 2090 
6850 450 1811 1534 1953 
6851 363 365 162 1813 
6852 244 232 322 2053 
6853 1054 1847 1008 2149 
6854 842 843 1525 2258 
6855 161 359 371 2000 
6856 1409 1824 1771 1971 
6857 1584 1442 1706 1774 
6858 1489 814 2030 2087 
6859 1440 1511 1788 2283 
6860 237 1702 1774 2186 
6861 1451 1968 1662 1993 
6862 1735 1883 1450 2094 
6863 1366 1815 1533 2173 
6864 1518 1945 1642 1979 
6865 865 431 854 2019 
6866 1110 1711 1112 1812 
6867 1399 1498 1845 2161 
6868 1355 1788 1523 1973 
6869 472 1865 1569 1894 
6870 888 1048 2013 2281 
6871 535 558 1759 2270 
6872 438 2123 1509 2273 
6873 1353 1494 2006 2037 
6874 241 228 240 1564 
6875 1388 1523 1788 1973 
6876 1669 1797 1488 2017 
6877 1980 1987 1460 2272 
6878 1734 2173 1527 2230 
6879 1594 2258 1370 2260 
6880 1348 1796 1687 2050 
6881 1451 1994 1651 2195 
6882 778 394 723 1645 
6883 1447 1615 1597 2001 
6884 1370 1647 1870 2260 
6885 160 367 344 1599 
6886 1501 1814 1552 2001 
6887 756 682 539 1612 
6888 1377 1677 1516 2103 
6889 1566 1383 1812 1995 
6890 1111 1571 1856 1932 
6891 774 462 574 1606 
6892 468 467 466 1581 
6893 1360 1728 1762 2278 
6894 891 737 880 1698 
6895 1358 1720 1576 2153 
6896 1501 2001 1552 2029 
6897 1058 1532 2125 2126 
6898 1438 2004 2000 2118 
6899 1619 1918 1509 2123 
6900 1418 1555 1834 1931 
6901 1418 1931 1561 2213 
6902 1055 1926 1585 2149 
6903 1463 2043 1575 2154 
6904 1545 1857 1799 2289 
6905 1515 1761 1595 2120 
6906 1511 2104 1733 2245 
6907 687 565 1566 1995 
6908 790 704 1740 1934 
6909 1372 1909 1540 2080 
6910 226 309 237 1774 
6911 179 177 178 1589 
6912 320 1756 1654 2271 
6913 1531 1395 1876 2223 
6914 1435 1570 2069 2113 
6915 871 646 1076 2047 
6916 382 376 338 1726 
6917 908 909 906 1742 
6918 527 526 528 1527 
6919 995 2071 1791 2126 
6920 977 1530 2005 2127 
6921 1100 1079 1586 2090 
6922 905 1981 1007 2293 
6923 1066 2090 1956 2164 
6924 1633 1808 1589 1988 
6925 1454 2223 1714 2262 
6926 1452 1879 1779 1957 
6927 1394 1766 1723 1843 
6928 644 562 1655 2043 
6929 1349 1709 1951 2220 
6930 388 268 1813 2082 
6931 846 1726 653 2204 
6932 1513 2143 1555 2247 
6933 713 1834 1517 1974 
6934 338 1525 337 1942 
6935 1538 2170 1806 2267 
6936 587 822 867 1833 
6937 282 1808 1633 2264 
6938 1699 1904 1574 2104 
6939 192 201 200 1600 
6940 1411 1549 1717 2220 
6941 607 582 552 1539 
6942 1485 1691 1551 2147 
6943 886 1080 1079 1586 
6944 1950 1969 1520 2084 
6945 1823 1829 1408 2279 
6946 1768 2079 1489 2088 
6947 1783 2000 1438 2158 
6948 289 300 1854 2049 
6949 730 732 731 1591 
6950 897 1824 1532 1971 
6951 997 1996 1593 1997 
6952 1083 1111 885 1856 
6953 1608 456 1954 2156 
6954 456 575 458 1608 
6955 1008 1610 918 2149 
6956 1659 1895 486 2092 
6957 1570 1804 1435 2120 
6958 480 1806 478 2101 
6959 1913 2062 1648 2230 
6960 1020 1018 1053 1981 
6961 719 1620 1881 1938 
6962 1469 1633 1883 2089 
6963 890 1071 1655 2224 
6964 1618 2018 1789 2032 
6965 472 1569 701 2197 
6966 218 248 324 2235 
6967 676 839 658 2201 
6968 880 737 405 1698 
6969 1857 2035 1472 2234 
6970 1510 1657 1884 2065 
6971 1443 2015 1563 2029 
6972 687 691 692 1566 
6973 1392 1878 1651 2214 
6974 1456 1749 1625 2066 
6975 1347 1519 1853 1914 
6976 1796 1924 1459 2267 
6977 1378 1565 1796 2185 
6978 1413 1887 1716 2219 
6979 1439 1689 1680 2178 
6980 1468 2006 1898 2130 
6981 838 417 837 1656 
6982 770 468 466 1581 
6983 285 1671 283 2261 
6984 952 933 932 2184 
6985 1346 1714 1766 2015 
6986 593 1652 590 2288 
6987 290 288 1802 2240 
6988 1387 1811 1645 2063 
6989 227 243 240 1889 
6990 1572 1962 1447 2182 
6991 467 1581 468 1974 
6992 1506 1401 1755 2237 
6993 1348 1939 1634 2060 
6994 257 1625 1773 2180 
6995 1478 2075 1910 2241 
6996 1505 1744 1686 2076 
6997 682 1612 756 2145 
6998 265 322 1818 2053 
6999 1538 1403 1806 1905 
7000 328 223 313 1785 
7001 344 1703 1599 2227 
7002 586 577 587 1833 
7003 1628 1887 1877 2048 
7004 943 929 935 1869 
7005 1513 1405 1747 2247 
7006 1498 1983 1845 2093 
7007 1367 1601 1763 1963 
7008 1548 1422 1689 2178 
7009 450 1534 452 2206 
7010 558 1688 584 2019 
7011 1646 1910 1478 2075 
7012 300 1587 1854 2049 
7013 593 776 590 1652 
7014 300 187 1587 2049 
7015 1626 1820 1366 2151 
7016 1385 1562 1692 2202 
7017 1411 1951 1578 2206 
7018 974 943 958 1629 
7019 1426 1731 1622 2082 
7020 738 781 1698 1954 
7021 1661 1496 1816 2025 
7022 333 261 1618 2018 
7023 1414 1800 1967 1999 
7024 1617 1849 1428 1855 
7025 1422 1809 1689 1940 
7026 1912 2083 446 2163 
7027 1393 1938 1703 2243 
7028 1357 1692 1512 1989 
7029 179 1589 178 2032 
7030 1062 879 1826 2009 
7031 292 243 289 1889 
7032 1558 1684 1358 2003 
7033 1397 1945 1493 2011 
7034 347 745 386 1703 
7035 948 1053 945 1805 
7036 1444 1595 1988 2160 
7037 1435 1715 1635 1991 
7038 1352 1499 1734 1947 
7039 1892 2066 1444 2168 
7040 1557 1686 1386 1737 
7041 257 245 1773 2117 
7042 1481 1895 1868 2096 
7043 1553 1685 1400 1933 
7044 1404 1729 1939 2003 
7045 1633 1751 332 2264 
7046 604 546 1617 2288 
7047 1699 1935 1485 1944 
7048 1367 1579 1868 2129 
7049 961 1660 948 1859 
7050 760 633 1907 2087 
7051 1357 1542 1732 1992 
7052 92 766 91 1651 
7053 1344 1583 1715 1903 
7054 1385 1582 1676 2059 
7055 890 647 788 2224 
7056 247 244 336 1773 
7057 569 1683 662 2148 
7058 1915 2073 1372 2132 
7059 1704 2232 1473 2279 
7060 1398 1898 1675 2105 
7061 1024 1932 1607 2205 
7062 1413 1887 1730 2079 
7063 1486 1871 1624 2237 
7064 908 1742 906 2183 
7065 1582 495 2095 2141 
7066 183 181 182 2094 
7067 932 953 952 1874 
7068 646 871 763 1696 
7069 1970 2045 806 2207 
7070 695 1637 538 2024 
7071 1397 1945 1979 2044 
7072 574 462 460 1606 
7073 1681 1822 1398 2266 
7074 1353 1675 1572 2182 
7075 817 2081 820 2203 
7076 158 1880 342 1907 
7077 1113 987 1031 1696 
7078 1573 1829 1828 2171 
7079 1067 989 1090 1630 
7080 1489 1413 1719 2030 
7081 1600 1758 1455 2091 
7082 1598 1662 1392 1960 
7083 1635 1991 1715 2115 
7084 480 1905 481 2170 
7085 1681 2040 931 2171 
7086 1520 1941 1561 2084 
7087 639 641 1810 1937 
7088 1415 1561 1941 2084 
7089 749 750 382 1726 
7090 273 1852 1500 2203 
7091 1445 1849 1617 1855 
7092 358 367 1599 2186 
7093 480 1806 1905 2170 
7094 1454 1714 1963 2284 
7095 1584 1706 1442 1978 
7096 1572 1675 1381 2182 
7097 1010 977 998 2111 
7098 1347 1560 1914 2103 
7099 332 180 283 1633 
7100 89 90 768 1994 
7101 1828 1829 1432 2171 
7102 1636 2085 1455 2161 
7103 508 510 1661 1952 
7104 1447 1838 1572 2175 
7105 1636 1916 1421 1966 
7106 1389 1758 1735 2070 
7107 1686 1737 1557 1990 
7108 1652 1968 1891 2270 
7109 1498 1845 1636 1966 
7110 1770 1862 169 2218 
7111 569 662 661 2148 
7112 1360 1901 1510 2278 
7113 1110 936 1711 1803 
7114 1779 1983 1550 2108 
7115 1549 1990 1409 2098 
7116 1350 1561 1931 2239 
7117 1418 1931 1694 2153 
7118 800 1627 865 2019 
7119 558 1759 1688 2019 
7120 1720 2023 1358 2194 
7121 1108 1827 1645 2268 
7122 454 1707 782 2156 
7123 1406 1565 1884 2185 
7124 1439 1857 1551 2274 
7125 572 486 1895 2092 
7126 1496 1661 1816 2122 
7127 1519 1900 1355 2042 
7128 495 496 497 2141 
7129 321 213 387 1846 
7130 1489 1768 1413 2079 
7131 1809 1940 1422 2140 
7132 1490 1758 1600 2257 
7133 611 352 399 2140 
7134 88 89 1984 1985 
7135 208 320 1654 2271 
7136 1767 1821 1362 1923 
7137 1412 1568 1953 2137 
7138 454 782 456 2156 
7139 527 1527 528 2062 
7140 600 1648 602 1807 
7141 476 477 475 1982 
7142 1674 2095 1449 2179 
7143 799 435 88 1985 
7144 1407 1904 1794 2067 
7145 1499 2173 1820 2256 
7146 496 1582 497 2141 
7147 1854 2238 2085 2254 
7148 1583 1787 1755 2237 
7149 1400 1978 1584 2018 
7150 736 364 421 1747 
7151 1443 1552 2029 2245 
7152 1480 2068 1791 2126 
7153 1512 1346 1714 2202 
7154 206 1845 323 2093 
7155 1575 2043 1700 2154 
7156 1704 1840 520 2275 
7157 1444 1751 1524 1892 
7158 341 1809 352 2140 
7159 850 634 1613 2030 
7160 1557 1737 1386 2073 
7161 926 1610 1008 1847 
7162 1601 2095 1790 2215 
7163 497 1582 496 2110 
7164 330 222 1632 1899 
7165 1393 1800 1685 1967 
7166 659 1616 504 2133 
7167 544 1665 525 1819 
7168 1678 1969 1466 2253 
7169 1458 1888 1765 2278 
7170 1571 1932 1088 2205 
7171 1380 1819 1548 2211 
7172 837 838 1656 2158 
7173 919 921 922 2124 
7174 1667 1801 1597 2059 
7175 1579 1874 1590 2109 
7176 794 585 1891 2102 
7177 1371 1695 1560 2146 
7178 495 1582 496 2141 
7179 1460 1980 1606 1987 
7180 1631 1373 2031 2157 
7181 1393 1685 1800 1978 
7182 1347 2181 1540 2248 
7183 1863 2192 1475 2275 
7184 1370 2002 1498 2022 
7185 1646 1981 1727 2044 
7186 898 899 1771 1971 
7187 718 1777 1588 2119 
7188 496 495 494 2095 
7189 692 1754 1566 2101 
7190 361 760 1907 2087 
7191 1758 1930 1455 2238 
7192 439 879 420 1826 
7193 1673 1746 1391 1776 
7194 1598 1662 1376 1993 
7195 890 1071 1010 1655 
7196 956 967 955 1544 
7197 1480 1736 1630 2071 
7198 1575 2020 1704 2232 
7199 1382 1720 1694 2134 
7200 1441 2022 1605 2193 
7201 1451 1662 1598 1993 
7202 92 1651 91 2195 
7203 403 747 780 2188 
7204 1393 1800 1706 1978 
7205 842 1525 1942 2258 
7206 948 961 984 1660 
7207 1626 1820 1401 1947 
7208 250 1731 219 1940 
7209 625 786 1764 2056 
7210 399 165 616 1809 
7211 1528 1791 775 2166 
7212 1446 1602 1676 1801 
7213 590 589 546 1652 
7214 1624 1871 1506 2237 
7215 426 156 1592 1970 
7216 1697 1796 1459 2170 
7217 1681 2266 1965 2276 
7218 1416 1535 1687 2096 
7219 1502 1716 1421 2240 
7220 1416 1521 1732 2096 
7221 274 153 366 1591 
7222 912 1920 913 2075 
7223 228 1885 1564 2088 
7224 1446 1597 1801 2059 
7225 726 409 727 1864 
7226 1452 1550 2065 2108 
7227 1408 1533 1691 1841 
7228 1565 1520 2078 2267 
7229 1390 1658 1635 1715 
7230 87 799 1537 2191 
7231 1557 1448 1990 2073 
7232 971 2131 951 2171 
7233 1586 1383 1812 1956 
7234 761 2095 494 2215 
7235 1646 1727 1397 2044 
7236 1418 1931 1834 1974 
7237 1486 1903 1923 2237 
7238 1453 1782 1648 1807 
7239 1459 1982 1806 2078 
7240 1444 1515 1964 1988 
7241 1402 1954 1698 1996 
7242 668 554 1674 2179 
7243 1384 1836 1651 1893 
7244 1555 2099 698 2143 
7245 1566 1905 691 2101 
7246 1489 1413 2030 2079 
7247 726 813 728 2055 
7248 1444 1988 1633 2160 
7249 778 2009 1645 2063 
7250 574 1606 460 1987 
7251 1689 1844 1504 1940 
7252 480 1905 1806 2101 
7253 625 764 2056 2139 
7254 568 504 659 1616 
7255 241 228 1564 2088 
7256 508 649 510 1952 
7257 1954 1996 1402 2196 
7258 489 1929 487 2092 
7259 1346 1714 1531 2175 
7260 1347 1914 1580 2103 
7261 726 1705 729 2055 
7262 613 1809 1548 2072 
7263 1742 2011 1397 2183 
7264 1493 1850 1610 2149 
7265 1512 1763 1714 2142 
7266 1625 1444 1964 2246 
7267 1443 1541 1959 2245 
7268 1533 1820 2173 2256 
7269 443 769 445 2063 
7270 1549 1911 1709 2098 
7271 442 440 1750 2255 
7272 1008 1847 1610 2149 
7273 1597 1876 1446 2107 
7274 1347 1518 1979 2177 
7275 1601 1986 1449 2095 
7276 1540 2044 1642 2252 
7277 255 1775 1603 2026 
7278 1471 2005 1896 2167 
7279 1371 1761 1595 1988 
7280 523 525 544 1665 
7281 1380 1551 1857 2150 
7282 1459 2078 1806 2267 
7283 1024 1026 1607 2249 
7284 1361 1685 1553 1933 
7285 1372 1540 1858 2252 
7286 1600 1455 1957 2091 
7287 577 1833 586 2163 
7288 357 1577 356 1837 
7289 866 1975 1817 1984 
7290 1027 1509 1106 2273 
7291 1401 1755 1583 1767 
7292 954 957 938 1918 
7293 657 2141 1721 2158 
7294 1437 2177 1672 2200 
7295 499 656 1676 2121 
7296 1504 1352 1835 2190 
7297 1419 1831 1512 2142 
7298 687 1566 692 2041 
7299 1452 1884 1510 1901 
7300 1358 1969 1950 2084 
7301 1477 1866 1641 1943 
7302 1369 1877 1613 2289 
7303 871 1076 1092 2047 
7304 568 1616 659 1908 
7305 944 945 1053 1805 
7306 1566 1754 692 2041 
7307 1611 1785 1476 1924 
7308 483 481 1538 2170 
7309 1684 1939 1663 2050 
7310 1448 1915 1497 2073 
7311 439 1072 1826 2114 
7312 1572 2175 1838 2225 
7313 1583 1755 1423 1767 
7314 1572 1381 1962 2182 
7315 800 1985 799 2191 
7316 1375 2076 1744 2115 
7317 845 853 1813 2169 
7318 1412 1570 1804 2113 
7319 694 1982 1637 2099 
7320 506 2054 1616 2152 
7321 1669 2005 1471 2167 
7322 315 1785 314 1832 
7323 1492 1752 1619 2114 
7324 291 188 1653 2052 
7325 1808 1964 1444 2246 
7326 928 917 1012 1896 
7327 1389 1653 2070 2094 
7328 718 1588 537 2119 
7329 538 1637 694 1982 
7330 953 1778 1579 2209 
7331 1524 1751 1444 2117 
7332 419 845 853 1813 
7333 1421 1814 1615 2282 
7334 1586 1956 1100 2090 
7335 1453 1807 1648 1913 
7336 1436 2162 2040 2171 
7337 1541 1455 1930 2238 
7338 568 1616 1908 2152 
7339 1567 1923 1638 2128 
7340 1651 1836 1546 1893 
7341 423 744 835 1640 
7342 612 858 1972 2072 
7343 1386 1557 1858 2076 
7344 1436 1508 1795 2040 
7345 1623 1415 1888 2033 
7346 263 1726 376 2155 
7347 1820 1947 1626 2173 
7348 587 1546 807 2255 
7349 913 917 1701 1920 
7350 953 1579 1874 2209 
7351 1376 1662 1598 1960 
7352 207 219 327 1710 
7353 342 1880 329 2234 
7354 700 699 829 2024 
7355 694 538 695 1637 
7356 1436 1681 2162 2171 
7357 1715 1991 1410 2115 
7358 506 504 1616 2054 
7359 1524 2066 1773 2117 
7360 1523 1420 1746 1973 
7361 204 1636 206 1966 
7362 401 851 167 1679 
7363 1399 1779 1957 2091 
7364 1067 1090 883 1630 
7365 1383 1868 1711 1956 
7366 1428 1688 1670 1993 
7367 1368 1838 1649 2107 
7368 1475 1613 1863 1877 
7369 621 620 560 1823 
7370 474 1894 472 2197 
7371 754 792 770 1713 
7372 1453 1913 1617 2116 
7373 670 671 553 1961 
7374 1670 1688 1376 1993 
7375 1579 1778 953 2164 
7376 1542 1961 1929 1992 
7377 1673 2077 1595 2160 
7378 352 1809 399 2140 
7379 753 1630 772 2071 
7380 1447 1838 1649 1962 
7381 1461 1833 1539 2083 
7382 1344 1776 1715 2014 
7383 239 1774 1584 2227 
7384 1576 1915 1372 2132 
7385 1587 1653 1440 2049 
7386 1811 1953 1568 2137 
7387 1520 1941 1565 2078 
7388 1577 2145 2026 2290 
7389 670 553 1783 1961 
7390 1924 2078 1459 2267 
7391 257 247 269 2180 
7392 1110 1112 1041 1812 
7393 1730 1937 1496 2219 
7394 1681 1743 1398 1822 
7395 1402 1532 2008 2098 
7396 1345 1499 1936 2128 
7397 772 753 754 1630 
7398 551 698 2099 2143 
7399 817 820 724 2203 
7400 809 1578 451 2206 
7401 1401 1923 1583 2237 
7402 1637 2099 1555 2143 
7403 993 1073 1066 2164 
7404 774 1606 574 2166 
7405 1446 1676 1602 2121 
7406 1112 1812 1711 1956 
7407 1436 2040 1681 2171 
7408 1403 1806 1678 1969 
7409 265 322 232 1818 
7410 752 1645 778 2009 
7411 1448 1497 1915 2210 
7412 1103 1021 1867 2188 
7413 1834 1931 1517 1974 
7414 780 678 1718 2215 
7415 717 1620 548 1938 
7416 1788 1794 1388 1936 
7417 286 1735 182 1860 
7418 1547 1971 896 1997 
7419 921 1559 919 2228 
7420 606 431 865 1627 
7421 1390 1787 1536 2242 
7422 1475 1575 1863 2275 
7423 1420 1798 1976 2251 
7424 1625 1682 1379 2250 
7425 1424 1887 1730 2025 
7426 602 600 559 1648 
7427 1515 1379 1749 1964 
7428 523 522 1665 1840 
7429 717 548 1620 2081 
7430 778 578 2009 2063 
7431 1508 1423 1795 2249 
7432 575 1608 456 1954 
7433 474 473 472 1894 
7434 1426 1922 1522 2198 
7435 1366 1533 1820 2173 
7436 472 1894 1569 2197 
7437 542 639 511 2025 
7438 1365 1552 2104 2245 
7439 1355 2058 1788 2283 
7440 1590 2031 1419 2109 
7441 192 1600 200 2091 
7442 956 1054 1760 1847 
7443 1003 896 895 1547 
7444 1608 1954 1402 2259 
7445 1386 1748 1851 2216 
7446 1727 1742 1397 2183 
7447 2026 2145 1434 2290 
7448 1440 2049 1653 2052 
7449 480 478 693 2101 
7450 1392 1666 1842 1928 
7451 1857 2150 1551 2289 
7452 1354 1749 1515 1804 
7453 857 545 765 1972 
7454 1437 1541 1712 2245 
7455 667 780 2188 2215 
7456 444 442 443 1750 
7457 1388 1788 1936 1973 
7458 488 1986 489 2092 
7459 1598 1451 2102 2195 
7460 818 856 544 2035 
7461 859 1985 1688 2102 
7462 1375 1658 1945 2115 
7463 1072 1059 1826 1866 
7464 1613 1877 1475 2289 
7465 780 678 403 1718 
7466 153 732 1591 2207 
7467 1102 403 748 1718 
7468 1355 1523 1746 1973 
7469 1345 2147 1551 2256 
7470 1632 1765 1377 2112 
7471 206 1636 193 1845 
7472 525 524 526 1665 
7473 342 329 1885 2234 
7474 473 1894 474 2197 
7475 1885 1907 1472 2088 
7476 900 902 901 1604 
7477 1409 1547 1771 1911 
7478 825 1747 734 2064 
7479 1430 1873 1682 2010 
7480 1716 1887 1351 2122 
7481 1102 884 403 1718 
7482 1626 2173 1445 2230 
7483 383 305 1927 2191 
7484 1359 1919 1668 2135 
7485 1393 1517 1938 2243 
7486 221 1632 222 1998 
7487 1352 1922 1835 2198 
7488 1367 1601 1963 2129 
7489 1435 1991 1635 2028 
7490 1399 1563 1879 2046 
7491 237 1774 309 2186 
7492 1548 1422 2178 2211 
7493 299 1983 1550 2004 
7494 1416 1732 1542 1992 
7495 980 1641 968 2100 
7496 931 2040 1681 2124 
7497 1418 1561 1950 2213 
7498 1049 1896 928 2005 
7499 1836 2114 868 2255 
7500 1520 1415 1939 1941 
7501 221 1757 1632 1998 
7502 923 1543 915 2075 
7503 1424 1863 1613 1877 
7504 1517 2064 1834 2243 
7505 1557 1386 1858 2073 
7506 1493 1727 1926 1945 
7507 1838 1925 1649 1962 
7508 739 740 1791 2071 
7509 1806 2170 1459 2267 
7510 634 543 850 1613 
7511 1347 1762 1580 1853 
7512 1583 1923 1903 2237 
7513 1548 1689 1422 1809 
7514 1400 1677 1851 1978 
7515 1402 1528 1698 1954 
7516 1580 1765 1490 1930 
7517 1598 1376 1985 1993 
7518 798 619 808 1693 
7519 1443 1959 1552 2245 
7520 1558 1467 1805 2003 
7521 497 1582 2110 2141 
7522 1648 1807 1782 2281 
7523 1708 2136 661 2148 
7524 1548 1880 617 2035 
7525 1380 1548 2178 2211 
7526 193 1636 194 1854 
7527 1591 1693 1456 2207 
7528 1611 1998 1507 2086 
7529 986 959 990 1797 
7530 1379 1682 1625 1964 
7531 1514 1818 231 2199 
7532 1386 2076 2057 2146 
7533 1576 1467 1915 2134 
7534 1449 1521 1732 1986 
7535 1789 2018 333 2032 
7536 531 2062 532 2212 
7537 1347 1580 1762 2248 
7538 211 1757 221 1998 
7539 554 669 1674 2158 
7540 1642 2044 1457 2252 
7541 1716 1870 1427 2122 
7542 1374 1652 1617 1968 
7543 280 257 278 1625 
7544 88 435 89 1985 
7545 1508 1436 1795 1886 
7546 1371 1595 2077 2160 
7547 230 1550 2108 2118 
7548 745 803 746 1703 
7549 1704 2020 1575 2139 
7550 1420 1710 1523 2251 
7551 1570 1435 2028 2120 
7552 1552 1959 1443 2244 
7553 603 602 1648 2013 
7554 1509 1384 1897 1918 
7555 444 1912 446 2163 
7556 1411 1534 1951 2206 
7557 1484 1684 1663 2039 
7558 1730 2074 1937 2219 
7559 1352 1504 1835 1922 
7560 1608 1707 1954 2259 
7561 1389 1587 1758 2070 
7562 1049 1896 2005 2167 
7563 1411 1951 1534 2259 
7564 1536 1878 1621 1928 
7565 1014 1920 1742 2130 
7566 545 1972 1650 2212 
7567 661 666 1708 2148 
7568 1378 1657 1884 2185 
7569 1371 1633 1988 2160 
7570 1659 2096 1687 2233 
7571 174 1862 1553 2010 
7572 1349 1686 1549 2220 
7573 246 1775 343 2118 
7574 1374 1897 1652 1968 
7575 1427 1870 1810 2122 
7576 659 1908 1616 2133 
7577 1684 2003 1939 2084 
7578 1386 1686 1557 2076 
7579 1416 1732 1535 2096 
7580 1371 2077 1761 2146 
7581 1411 1664 1951 2220 
7582 1533 1815 1691 2256 
7583 903 1926 1055 2149 
7584 1432 1828 2131 2279 
7585 1597 1446 1948 2107 
7586 1443 1723 1728 2015 
7587 754 753 422 1630 
7588 1418 1517 1931 1974 
7589 1400 1695 1851 1872 
7590 1641 1943 1827 2268 
7591 1552 1814 1447 2001 
7592 1371 1988 1595 2160 
7593 1433 1803 1631 2157 
7594 1483 1967 1800 1999 
7595 952 1579 969 1956 
7596 861 1619 1078 2114 
7597 1502 1421 1916 2240 
7598 1354 1515 1749 2066 
7599 723 1593 783 2226 
7600 1349 1570 2028 2221 
7601 426 1592 804 1970 
7602 910 1742 1014 1920 
7603 233 2117 1751 2199 
7604 230 2108 1775 2118 
7605 1043 1681 1743 2124 
7606 1671 1523 2058 2261 
7607 1580 1765 1377 2106 
7608 1379 1578 1705 1772 
7609 1667 1597 1876 2059 
7610 752 778 578 2009 
7611 1411 1534 2206 2259 
7612 1687 1796 1538 2267 
7613 1842 1875 1417 2187 
7614 1347 2103 1580 2248 
7615 1483 1999 1800 2165 
7616 1776 1892 1595 2014 
7617 1446 1876 1597 2059 
7618 989 982 1643 2126 
7619 423 1640 835 2000 
7620 1037 1036 1038 2021 
7621 1851 1872 1695 2216 
7622 1372 1915 1660 2174 
7623 1590 1723 1419 2031 
7624 329 248 1885 2234 
7625 1773 1875 1524 2053 
7626 1007 1738 901 2293 
7627 1727 1981 905 2293 
7628 1441 1721 1656 2138 
7629 1093 407 1807 1856 
7630 1535 1419 1839 2109 
7631 1791 2071 740 2166 
7632 1730 1887 1496 2025 
7633 529 545 1650 2212 
7634 1583 1767 1423 2016 
7635 658 1721 838 2158 
7636 964 1668 976 2111 
7637 1072 1045 1059 1866 
7638 1383 1895 1586 1995 
7639 1479 1829 1823 2279 
7640 302 306 1779 1845 
7641 2057 2076 1505 2146 
7642 1453 1648 2151 2230 
7643 1417 2053 1818 2187 
7644 913 1920 1701 2075 
7645 951 2131 1965 2171 
7646 1464 1753 1713 1902 
7647 280 1625 278 2250 
7648 506 651 508 2054 
7649 585 859 1688 2102 
7650 661 1708 666 2136 
7651 1392 1722 1598 1960 
7652 1843 2037 1766 2244 
7653 273 147 272 1852 
7654 1575 1475 2232 2275 
7655 1364 1637 1924 2078 
7656 1386 1858 2057 2076 
7657 1691 1551 2150 2289 
7658 684 538 479 2170 
7659 1673 1776 1410 1903 
7660 1986 2095 492 2179 
7661 568 659 663 1908 
7662 387 213 328 1611 
7663 302 1845 1779 1983 
7664 1443 1541 1762 1959 
7665 1419 1728 1723 2015 
7666 1348 1663 1939 2050 
7667 1059 1062 879 1826 
7668 470 567 472 1865 
7669 1555 1894 698 2099 
7670 1349 1951 1664 2220 
7671 1358 2134 1720 2194 
7672 803 1938 1703 2081 
7673 400 1091 878 2027 
7674 1613 2030 1730 2079 
7675 795 1836 1619 2114 
7676 1042 924 934 1631 
7677 1579 2109 1590 2284 
7678 1428 1849 1670 2198 
7679 1716 2122 1427 2219 
7680 1456 2045 1970 2207 
7681 1362 1767 1583 2016 
7682 1596 1946 1495 2266 
7683 152 364 736 1747 
7684 236 326 1966 2240 
7685 1620 1938 717 2081 
7686 1034 1882 1740 2280 
7687 298 371 380 2004 
7688 1669 1838 1381 1925 
7689 607 1539 552 2083 
7690 1354 1804 1515 2168 
7691 344 1599 367 2227 
7692 809 1958 1578 2206 
7693 803 1703 820 2081 
7694 405 1698 781 1996 
7695 1804 2120 1570 2221 
7696 1501 2085 1636 2161 
7697 776 869 433 1739 
7698 1002 892 894 2068 
7699 1589 1789 178 2032 
7700 1468 2011 1742 2183 
7701 716 715 817 2081 
7702 1090 883 1630 1902 
7703 1451 1662 1621 1878 
7704 1621 1878 1662 1928 
7705 1530 1925 1669 2005 
7706 1566 1812 1383 2039 
7707 197 1798 1671 2251 
7708 1887 2122 1716 2219 
7709 1380 1819 1665 2150 
7710 401 1679 167 2189 
7711 970 1062 1866 2268 
7712 1792 1957 1455 2161 
7713 1084 871 1113 1696 
7714 1946 2105 1495 2266 
7715 1537 799 1985 2191 
7716 535 1759 557 1855 
7717 257 334 245 2117 
7718 895 1547 896 1997 
7719 1515 1444 1964 2066 
7720 1452 1846 1884 1901 
7721 663 660 1724 1908 
7722 1670 1849 1352 2198 
7723 674 1612 539 2034 
7724 1590 1874 1579 2284 
7725 1408 2232 1704 2279 
7726 484 685 1659 1995 
7727 1037 1740 1034 1882 
7728 2040 2162 1573 2171 
7729 1658 1715 1410 2115 
7730 637 840 1937 2074 
7731 1459 1924 1637 2078 
7732 1351 2122 1615 2282 
7733 1060 986 1724 1797 
7734 1365 1904 1511 2104 
7735 1423 1607 1917 2249 
7736 1574 1814 1365 2085 
7737 1428 1968 1617 2270 
7738 1414 1800 1999 2165 
7739 1507 1702 1785 2263 
7740 474 472 701 2197 
7741 705 790 704 1740 
7742 1450 1883 1589 2089 
7743 1369 1551 1857 1935 
7744 478 1806 1678 2101 
7745 2175 2225 1766 2262 
7746 1499 1947 1690 2128 
7747 1558 946 2021 2231 
7748 1575 2232 1704 2275 
7749 401 840 851 1679 
7750 1402 1954 1707 2259 
7751 1425 1830 1649 2107 
7752 920 1610 926 2228 
7753 458 456 1608 2119 
7754 1369 1564 1935 2274 
7755 642 512 562 1700 
7756 1479 1828 1573 1829 
7757 1004 897 1824 2125 
7758 1389 1853 1580 1930 
7759 1043 931 1681 2124 
7760 466 573 1736 2097 
7761 1819 2072 1548 2211 
7762 276 273 1500 2203 
7763 1432 1848 1681 2171 
7764 201 2236 1600 2257 
7765 649 562 510 1952 
7766 1409 1771 1744 1911 
7767 1579 1433 1874 2109 
7768 716 1777 715 2081 
7769 446 444 445 1912 
7770 405 781 721 1996 
7771 1561 2033 1623 2239 
7772 1522 1855 1445 2212 
7773 1361 1873 1772 2285 
7774 1792 1957 1399 2046 
7775 1810 1937 641 2204 
7776 1894 1950 1470 2213 
7777 640 641 1937 2204 
7778 1648 1366 2151 2230 
7779 1470 1894 1569 1950 
7780 1417 1524 2053 2187 
7781 270 1640 379 2000 
7782 962 982 981 1643 
7783 549 1881 1517 2243 
7784 790 1740 705 2027 
7785 523 522 524 1665 
7786 1364 1924 1565 2078 
7787 1473 1704 2020 2232 
7788 1388 1756 1710 2271 
7789 206 323 220 2093 
7790 1631 1803 1433 2184 
7791 1610 1917 926 2228 
7792 277 372 251 2176 
7793 1399 1550 1779 1983 
7794 641 507 509 1810 
7795 818 617 856 2035 
7796 1722 1833 1539 1842 
7797 628 351 397 1880 
7798 1552 1429 1733 2182 
7799 179 182 1883 2032 
7800 437 1817 793 1975 
7801 1402 2008 1608 2259 
7802 1538 1459 2170 2267 
7803 1449 1763 1601 2095 
7804 1400 1872 1851 2216 
7805 1372 1729 1909 2080 
7806 1579 1481 2129 2164 
7807 1016 1743 1043 1822 
7808 1356 1741 1606 1999 
7809 993 1094 1718 2164 
7810 178 1789 333 2032 
7811 497 2110 1676 2141 
7812 382 750 159 1726 
7813 1429 1825 1675 1946 
7814 1079 873 690 2090 
7815 318 2026 389 2038 
7816 417 741 837 2000 
7817 1877 1887 1424 2048 
7818 409 1864 726 2218 
7819 1519 1900 1853 1914 
7820 1848 2162 1681 2171 
7821 997 893 1996 1997 
7822 977 1011 2005 2017 
7823 1691 1815 1408 2150 
7824 1400 1789 1553 1933 
7825 311 237 310 2186 
7826 1633 1751 1444 2160 
7827 1711 1812 1383 1956 
7828 905 1020 1007 1981 
7829 1400 1851 1677 2216 
7830 902 1007 901 2293 
7831 337 338 263 1525 
7832 195 285 283 2261 
7833 1584 1852 259 2227 
7834 822 1833 1722 1994 
7835 994 1782 973 1932 
7836 1578 1951 1534 2206 
7837 1066 1100 1956 2090 
7838 1347 1784 1518 2177 
7839 934 1631 924 2184 
7840 1372 1858 1909 2132 
7841 1407 1564 1889 2274 
7842 1687 1403 2050 2267 
7843 187 186 1758 2070 
7844 1791 2071 1480 2126 
7845 898 896 899 1971 
7846 604 546 534 1617 
7847 298 2004 380 2176 
7848 1454 2262 1714 2284 
7849 1707 2206 1534 2259 
7850 1467 1660 1805 2222 
7851 1526 1873 1430 1933 
7852 1542 1449 1986 2179 
7853 1481 1895 1521 2036 
7854 1775 2065 1550 2108 
7855 1378 1796 1565 1924 
7856 195 1671 285 2261 
7857 1584 1774 239 2159 
7858 1432 2162 1848 2171 
7859 1573 1828 1479 2281 
7860 680 1895 773 2036 
7861 1073 993 1102 1718 
7862 1425 1810 1661 2054 
7863 818 1548 1819 2072 
7864 508 1661 509 2054 
7865 1551 2150 1380 2256 
7866 1389 1853 1900 1914 
7867 265 384 322 2053 
7868 652 541 653 1594 
7869 642 1700 562 2043 
7870 991 1088 1932 2205 
7871 1517 1834 1405 1931 
7872 1368 1649 1830 2107 
7873 166 1656 735 2138 
7874 1461 1833 1546 2214 
7875 459 2119 1987 2272 
7876 91 1651 1994 2195 
7877 646 413 1076 2047 
7878 1733 2104 1552 2245 
7879 429 595 1571 2273 
7880 291 188 185 1653 
7881 1480 1736 1606 1741 
7882 1355 1746 1523 2058 
7883 1635 1715 1658 2115 
7884 1085 1027 1106 2273 
7885 1394 1843 1723 2241 
7886 1366 1533 1815 1829 
7887 944 1042 934 1631 
7888 1372 2080 1540 2252 
7889 291 2049 296 2052 
7890 318 1577 2026 2038 
7891 1515 2120 1595 2168 
7892 1557 1990 1737 2073 
7893 1408 1840 1704 2232 
7894 1445 1527 2062 2230 
7895 1665 1815 1408 1823 
7896 1649 1925 1554 1962 
7897 408 661 666 2136 
7898 1533 2173 1815 2256 
7899 1415 1520 1939 2084 
7900 1452 2065 1603 2108 
7901 400 1754 709 2027 
7902 1361 1873 1526 1933 
7903 1071 2017 1010 2224 
7904 1435 1804 1570 2113 
7905 647 1655 644 2224 
7906 1063 1645 752 2009 
7907 1558 1882 1467 2194 
7908 1420 1973 1710 2190 
7909 87 797 862 1817 
7910 1595 1892 1391 2160 
7911 1426 1522 1759 2198 
7912 187 186 189 1758 
7913 1420 1798 1746 2217 
7914 710 792 422 1902 
7915 201 1600 192 2257 
7916 1470 2099 1894 2213 
7917 277 380 166 1656 
7918 598 429 596 1856 
7919 1679 2155 287 2189 
7920 1807 2013 1064 2281 
7921 600 605 559 1913 
7922 1600 1779 200 2091 
7923 1714 2262 1590 2284 
7924 1559 921 2124 2228 
7925 674 1929 1612 2034 
7926 561 516 648 1575 
7927 460 1980 461 2272 
7928 1456 1625 1773 2066 
7929 1572 2182 1552 2244 
7930 1419 2031 1839 2109 
7931 892 1698 880 1996 
7932 1598 1984 89 1985 
7933 1003 1547 1827 2100 
7934 1526 1873 1361 2285 
7935 241 1564 1768 2088 
7936 1346 1563 2046 2202 
7937 1441 1781 1525 1942 
7938 189 192 1758 2257 
7939 920 1008 926 1610 
7940 981 1643 982 2125 
7941 940 972 1573 2040 
7942 1353 1733 2182 2244 
7943 245 244 1773 2117 
7944 506 505 504 2054 
7945 237 224 226 1702 
7946 1397 1945 1518 1979 
7947 280 2246 1625 2250 
7948 398 148 353 1719 
7949 1025 923 1725 1874 
7950 949 961 948 1859 
7951 239 258 259 1584 
7952 1369 2079 1628 2265 
7953 387 1611 328 2038 
7954 533 532 1855 2212 
7955 868 1836 795 2114 
7956 990 2224 882 2287 
7957 1408 1890 1823 2279 
7958 1400 1685 1584 1978 
7959 228 307 1885 2088 
7960 1563 1957 1792 2046 
7961 369 264 253 1768 
7962 1532 1409 1990 2098 
7963 151 338 337 1942 
7964 1737 1748 1386 2073 
7965 840 847 640 2189 
7966 1381 1919 1530 1925 
7967 1582 1790 496 2110 
7968 1365 2085 2238 2254 
7969 1019 911 919 1850 
7970 1991 2028 1435 2120 
7971 1581 1865 468 1974 
7972 599 1807 407 1856 
7973 1401 1820 1626 1886 
7974 200 209 1779 2236 
7975 530 1913 532 2062 
7976 1522 1426 1759 2169 
7977 546 534 1617 2270 
7978 484 565 685 1995 
7979 674 756 539 1612 
7980 1461 1912 1568 2163 
7981 727 731 802 1705 
7982 403 1082 747 2188 
7983 1354 1515 2066 2168 
7984 1410 1776 1715 1903 
7985 1352 1871 1690 1947 
7986 1449 1732 1542 1986 
7987 701 1569 472 2208 
7988 855 525 527 1819 
7989 1425 1594 1786 1948 
7990 222 221 330 1632 
7991 842 841 655 1942 
7992 1408 1841 2232 2279 
7993 1443 1728 1723 1977 
7994 1664 1873 1379 1964 
7995 710 1902 1081 2280 
7996 821 712 2064 2243 
7997 504 1616 1786 2133 
7998 601 627 1075 2013 
7999 1660 1981 1491 2252 
8000 1556 1889 1502 1916 
8001 1383 1687 2096 2233 
8002 1716 1802 1413 2219 
8003 1539 2045 1609 2083 
8004 1477 1750 1568 2063 
8005 677 492 571 1601 
8006 1485 2147 1699 2291 
8007 1345 1699 2147 2291 
8008 1377 1516 1888 2103 
8009 233 1751 331 2199 
8010 1347 1784 1560 2057 
8011 1369 1935 1564 2265 
8012 227 208 320 1654 
8013 672 553 671 1961 
8014 998 1092 2047 2111 
8015 233 1524 2117 2199 
8016 1422 1504 1922 1940 
8017 1383 1659 1895 1995 
8018 640 755 641 2204 
8019 800 1688 859 1985 
8020 615 845 1644 1972 
8021 1371 1695 1761 1988 
8022 402 751 842 1942 
8023 1453 1782 1856 1932 
8024 1386 2144 1686 2146 
8025 1345 2147 1825 2291 
8026 1420 1871 1973 2190 
8027 669 836 670 1783 
8028 459 1987 460 2272 
8029 840 640 1937 2189 
8030 832 743 831 1577 
8031 1351 1716 2122 2282 
8032 1761 2077 1505 2146 
8033 94 1619 93 2123 
8034 236 1966 1647 2240 
8035 1825 2147 1596 2291 
8036 1524 1875 1417 2053 
8037 1082 403 884 2188 
8038 1352 1835 1670 2198 
8039 1782 1807 1453 1856 
8040 536 1693 762 2292 
8041 783 1593 1996 2196 
8042 440 591 1826 2255 
8043 1391 1746 1671 2217 
8044 954 1752 988 1918 
8045 1456 1609 1693 1749 
8046 1529 1977 1906 2181 
8047 1615 2001 1814 2002 
8048 1472 1885 1857 2234 
8049 1429 1825 1946 2291 
8050 1407 1769 1556 1904 
8051 1353 1843 1529 1959 
8052 1501 1814 2001 2002 
8053 1669 1797 1368 2269 
8054 380 359 166 1656 
8055 1365 1814 1574 2104 
8056 976 1668 987 2111 
8057 451 809 536 1578 
8058 1751 2117 1524 2199 
8059 356 357 163 1577 
8060 1622 1927 1627 2082 
8061 1391 1671 1798 2217 
8062 1563 1728 1419 2015 
8063 1556 2049 1854 2254 
8064 1417 1817 1537 1818 
8065 810 1958 537 2055 
8066 1543 1590 1874 2031 
8067 173 1682 171 2010 
8068 1409 1771 1547 1971 
8069 1647 1781 1525 2260 
8070 1488 1797 1669 2269 
8071 267 376 1726 2155 
8072 1388 1794 1788 2067 
8073 194 193 204 1636 
8074 1762 1959 1529 1977 
8075 1412 1749 1804 2221 
8076 800 865 584 2019 
8077 1452 1846 1901 2236 
8078 372 337 251 1781 
8079 1723 1728 1419 2172 
8080 1894 2099 1555 2213 
8081 1443 1959 1762 1977 
8082 877 1807 601 2013 
8083 900 898 899 1771 
8084 791 400 878 1754 
8085 1475 2192 1840 2275 
8086 1347 1762 1853 2177 
8087 1649 1838 1447 2107 
8088 422 883 1081 1902 
8089 1390 1793 1760 2242 
8090 971 1828 2131 2171 
8091 1571 1509 2273 2288 
8092 304 363 1627 2082 
8093 1512 1667 1714 1763 
8094 666 667 1708 2148 
8095 1108 992 1827 2268 
8096 204 193 206 1636 
8097 1555 2143 698 2247 
8098 652 1594 653 2258 
8099 866 793 1817 1975 
8100 1604 1926 902 2293 
8101 836 423 835 2000 
8102 1433 1874 1590 2031 
8103 1719 2030 814 2087 
8104 1598 1993 1985 2102 
8105 1544 1847 1760 2242 
8106 1547 1771 1911 2100 
8107 1432 1533 1848 2162 
8108 1467 1805 2003 2222 
8109 1700 1816 1424 2025 
8110 1511 1712 1949 2283 
8111 643 1655 647 2047 
8112 1403 1687 2039 2233 
8113 1375 1635 1658 2115 
8114 1365 1574 1904 2104 
8115 1386 1858 1748 2216 
8116 1714 2223 1531 2262 
8117 352 341 325 1809 
8118 1582 1385 1676 2141 
8119 1049 927 1896 2167 
8120 1110 1039 1051 2021 
8121 814 1719 849 2030 
8122 1350 2033 1561 2239 
8123 1423 1767 1755 1886 
8124 1583 1755 1401 2237 
8125 1520 1969 1470 2078 
8126 499 1676 656 2201 
8127 1452 1779 1550 2108 
8128 653 1594 541 2204 
8129 408 666 1708 2136 
8130 1357 1542 1992 2012 
8131 502 1683 569 2133 
8132 426 609 156 1970 
8133 1347 1853 1580 1914 
8134 541 1594 1810 2204 
8135 889 1077 789 1708 
8136 848 529 545 1650 
8137 1406 1998 1611 2086 
8138 1392 1842 1722 1960 
8139 1382 2134 1753 2194 
8140 1784 2042 1518 2177 
8141 1521 1416 2092 2096 
8142 469 468 1865 1974 
8143 1059 970 1062 1866 
8144 1402 1954 1608 2008 
8145 1416 1659 2034 2092 
8146 596 429 595 1571 
8147 1349 1549 1709 2220 
8148 1704 2139 1575 2275 
8149 168 157 733 2218 
8150 228 1564 1885 2235 
8151 1516 1415 1909 2132 
8152 800 606 1627 2191 
8153 675 657 1721 2158 
8154 1516 2033 1415 2132 
8155 771 1598 89 1985 
8156 1709 2098 2061 2259 
8157 1580 1888 1458 2248 
8158 502 500 1683 2133 
8159 1348 2060 2051 2185 
8160 1398 1596 1825 1848 
8161 2051 2060 1510 2185 
8162 865 800 606 1627 
8163 1388 1936 1690 1973 
8164 1586 1895 689 1995 
8165 2052 2058 1523 2261 
8166 1414 1606 1980 2097 
8167 1740 1934 1466 2027 
8168 1534 1387 1811 2061 
8169 1651 1878 1384 1893 
8170 731 1591 732 2207 
8171 530 532 531 2062 
8172 1548 2072 1422 2211 
8173 478 1678 566 2101 
8174 1381 1554 1919 1925 
8175 1516 1748 1858 2216 
8176 585 584 558 1688 
8177 1347 1762 2177 2181 
8178 535 1759 1855 2270 
8179 1420 1871 1624 2217 
8180 977 2005 1013 2127 
8181 1534 1951 1709 2259 
8182 291 185 187 2070 
8183 1371 2077 1673 2160 
8184 156 609 374 1970 
8185 492 1601 677 2095 
8186 536 808 762 1693 
8187 502 500 569 1683 
8188 315 313 314 1785 
8189 1530 2111 1919 2127 
8190 644 643 562 2043 
8191 1369 1857 1551 2289 
8192 591 868 2114 2255 
8193 328 213 214 1998 
8194 397 351 158 1880 
8195 644 647 643 1655 
8196 825 421 734 1747 
8197 1450 1914 1560 2103 
8198 964 987 1668 2131 
8199 440 591 439 1826 
8200 499 1676 497 2110 
8201 367 2186 1774 2227 
8202 1440 2052 1653 2283 
8203 342 308 1907 2088 
8204 1660 1491 1805 2222 
8205 1744 1771 1431 1911 
8206 1344 1715 1776 1903 
8207 840 638 851 1679 
8208 489 672 487 1929 
8209 1377 1765 1580 1888 
8210 516 1575 561 2275 
8211 1450 1560 1872 2103 
8212 1588 1411 1958 2156 
8213 1516 1888 1415 2033 
8214 729 802 809 1705 
8215 201 1757 2236 2257 
8216 796 94 93 2123 
8217 480 479 1806 2170 
8218 689 1895 1586 2090 
8219 824 396 746 1599 
8220 1421 1574 2085 2282 
8221 488 490 489 1986 
8222 829 683 831 1921 
8223 760 633 632 1907 
8224 1389 2070 1735 2094 
8225 655 656 556 1602 
8226 491 1986 492 2179 
8227 227 208 1654 2235 
8228 1366 1820 1626 2173 
8229 1411 2206 1707 2259 
8230 1667 1714 1346 2202 
8231 2052 2058 1653 2283 
8232 1750 1826 1492 2255 
8233 1679 1937 840 2074 
8234 726 727 729 1705 
8235 819 746 803 2243 
8236 1746 1798 1671 2217 
8237 1586 1812 1080 1956 
8238 1479 1823 1890 2279 
8239 1684 1663 2039 2050 
8240 1348 1939 1520 2050 
8241 773 425 679 2090 
8242 1354 1539 1842 1875 
8243 1388 1710 1973 2190 
8244 1373 1906 1843 1977 
8245 342 1885 307 2088 
8246 1484 1812 1566 2039 
8247 211 1846 1757 1998 
8248 1016 1822 1012 2130 
8249 1382 1720 2134 2194 
8250 981 1004 1056 2125 
8251 1444 1808 1633 1988 
8252 1546 1893 1836 2255 
8253 1985 1993 1688 2102 
8254 550 1834 713 1974 
8255 604 1617 534 2116 
8256 1000 1103 1867 2188 
8257 1820 2128 1947 2173 
8258 533 1855 765 2212 
8259 631 630 816 1799 
8260 1760 1793 1544 2242 
8261 1415 1888 1516 1909 
8262 1583 2016 1715 2277 
8263 1620 1777 1460 1967 
8264 302 323 306 1845 
8265 730 727 409 1864 
8266 701 1569 1934 2197 
8267 180 332 282 1633 
8268 772 573 774 1736 
8269 1603 2065 1775 2108 
8270 1415 2033 1576 2132 
8271 1064 1782 994 1807 
8272 1556 1769 1407 1889 
8273 1470 2099 1982 2197 
8274 540 446 2083 2163 
8275 1046 1725 1029 1869 
8276 1405 1834 1555 1931 
8277 603 777 602 2013 
8278 1071 990 2017 2224 
8279 1688 1985 1376 1993 
8280 549 1938 1881 2243 
8281 512 511 510 2025 
8282 697 828 827 2143 
8283 153 1591 385 2207 
8284 608 607 547 2045 
8285 1569 1894 1470 2197 
8286 1528 1954 1608 1987 
8287 954 988 1028 1918 
8288 1439 1857 1885 2234 
8289 1623 1377 1888 2112 
8290 828 826 411 1832 
8291 1346 2001 1562 2046 
8292 1047 940 972 1573 
8293 971 951 941 2171 
8294 1556 1854 1636 2085 
8295 1458 1762 1728 2278 
8296 1373 1843 1906 2241 
8297 1491 2044 1540 2252 
8298 1628 1877 1485 2048 
8299 1417 1722 1539 1842 
8300 450 1811 580 2226 
8301 798 806 619 2207 
8302 302 323 1845 1983 
8303 1814 2085 1574 2282 
8304 1615 1597 1948 2107 
8305 644 1655 643 2043 
8306 1022 1021 1778 1867 
8307 1005 900 899 1771 
8308 1406 1884 1846 1901 
8309 1535 1831 1732 2051 
8310 230 299 302 1983 
8311 455 537 810 1958 
8312 1585 1375 1926 2286 
8313 470 469 468 1865 
8314 1431 1911 1771 2100 
8315 1023 1016 1012 2130 
8316 1554 1944 1485 2048 
8317 1603 1434 1775 2290 
8318 1541 1792 1455 2238 
8319 1538 1796 1459 2267 
8320 1592 1875 1539 2045 
8321 225 261 238 1899 
8322 1545 1472 1857 2035 
8323 926 1610 1847 1917 
8324 321 255 1603 2026 
8325 241 307 228 2088 
8326 1424 1700 1575 1861 
8327 1438 1640 1783 2012 
8328 1431 1760 1641 2100 
8329 1507 2086 1998 2112 
8330 1593 1402 1996 2196 
8331 1433 1803 1711 2184 
8332 1025 1725 1046 2209 
8333 1461 2083 1912 2163 
8334 1510 2060 1614 2185 
8335 1011 2005 2017 2167 
8336 241 242 253 1768 
8337 1369 1877 1628 2079 
8338 1409 1824 1532 1990 
8339 550 1834 698 2247 
8340 1450 2103 1872 2106 
8341 1434 2065 1775 2290 
8342 1469 1900 1519 2089 
8343 841 839 676 2138 
8344 645 2043 2047 2154 
8345 1412 1568 1912 1953 
8346 1418 1720 1569 1950 
8347 1349 1911 1744 2028 
8348 1490 1765 1580 2106 
8349 1100 873 1079 2090 
8350 1554 1396 1816 1861 
8351 1496 1937 1810 2219 
8352 2105 2266 1822 2276 
8353 686 1586 689 1995 
8354 1004 1058 897 2125 
8355 1512 1714 1667 2202 
8356 696 694 1637 2143 
8357 1674 1989 1783 2179 
8358 1431 1744 1635 2286 
8359 977 2111 1530 2127 
8360 1810 1937 1427 2219 
8361 1939 2003 1729 2084 
8362 184 283 2094 2261 
8363 1690 1973 1871 2190 
8364 1495 1668 1919 2135 
8365 931 2040 940 2171 
8366 577 2083 1833 2163 
8367 1100 1586 1080 1956 
8368 1084 1096 412 2056 
8369 1561 1931 1780 2213 
8370 1404 1558 1805 2003 
8371 519 518 520 2275 
8372 717 548 719 1938 
8373 250 262 219 1731 
8374 1760 1847 1390 2242 
8375 184 283 181 2094 
8376 1401 1947 1820 2128 
8377 1047 940 1573 2171 
8378 1098 1107 1078 1619 
8379 1358 1576 2084 2153 
8380 1569 1720 1358 1950 
8381 364 358 1747 2186 
8382 168 733 393 2203 
8383 1614 2086 1941 2112 
8384 928 1896 1745 2005 
8385 1638 1820 1436 1848 
8386 165 399 352 1809 
8387 1409 1532 1824 1971 
8388 1388 1844 1654 2271 
8389 1392 1833 1722 1842 
8390 789 1077 408 1708 
8391 710 422 1081 1902 
8392 1608 2119 456 2156 
8393 1727 1981 1457 2044 
8394 1556 1769 2049 2254 
8395 787 663 1724 2152 
8396 168 733 1770 2218 
8397 1635 1744 1375 2286 
8398 155 316 315 1921 
8399 1549 1709 2220 2259 
8400 1608 1954 1707 2156 
8401 1360 1792 1563 1957 
8402 1406 1614 1765 2112 
8403 442 576 440 2255 
8404 1755 1767 1401 1886 
8405 1415 1941 1520 2084 
8406 1588 1777 1460 2119 
8407 716 812 718 1777 
8408 1402 1528 1954 2008 
8409 969 1956 1579 2164 
8410 1375 1744 1635 2115 
8411 278 1625 257 2180 
8412 281 1789 175 2010 
8413 1032 949 960 1753 
8414 1532 1971 1409 2098 
8415 1538 1459 1796 2170 
8416 1027 1028 1106 1918 
8417 1812 1995 1586 2041 
8418 1748 1858 1386 2073 
8419 840 1679 401 2189 
8420 924 923 932 1874 
8421 506 1616 568 2152 
8422 1772 2007 1588 2055 
8423 540 2083 577 2163 
8424 304 365 363 2082 
8425 1408 1815 1533 1829 
8426 819 803 1938 2243 
8427 1056 1007 984 1738 
8428 1515 1964 1749 2066 
8429 1539 1722 1417 1975 
8430 979 953 1778 2164 
8431 1432 1533 1829 1841 
8432 1418 1569 1720 1865 
8433 845 1644 610 2140 
8434 1462 1718 1778 2129 
8435 1499 1947 2128 2173 
8436 1599 1703 1393 2227 
8437 1731 1835 1622 1976 
8438 769 580 1811 2063 
8439 473 2099 1894 2197 
8440 1592 1875 1773 2053 
8441 426 804 609 1970 
8442 656 1602 655 2201 
8443 258 2018 1584 2159 
8444 1604 1926 1375 2286 
8445 1552 2182 1733 2244 
8446 1572 1838 1471 2225 
8447 1766 2037 1572 2244 
8448 1426 1835 1731 1922 
8449 778 1811 580 2063 
8450 506 504 568 1616 
8451 1475 1691 1877 2232 
8452 1723 1766 1443 1843 
8453 1425 1830 1616 2054 
8454 795 1619 861 2114 
8455 1598 1985 771 2102 
8456 1355 1788 1567 1949 
8457 584 585 800 1688 
8458 1435 1666 1804 2113 
8459 184 185 188 1653 
8460 803 717 1938 2081 
8461 265 305 375 1818 
8462 861 795 94 1619 
8463 668 1783 553 2179 
8464 1590 1874 1433 2109 
8465 500 2121 1683 2133 
8466 1385 1801 1667 2059 
8467 971 1047 1828 2171 
8468 769 778 580 2063 
8469 1378 1603 1884 2290 
8470 1706 1780 1442 2239 
8471 1386 1526 1851 2144 
8472 239 258 1584 2159 
8473 752 394 778 1645 
8474 964 1030 987 2131 
8475 1606 1980 1460 1999 
8476 1445 2173 1734 2230 
8477 529 1650 2062 2212 
8478 655 1602 556 2258 
8479 1388 1788 1756 2067 
8480 1540 1979 1906 2181 
8481 1507 1998 1632 2112 
8482 1626 1755 1401 1886 
8483 1408 1829 1533 1841 
8484 1637 1924 1459 2024 
8485 1436 1820 1886 2162 
8486 179 1883 1589 2032 
8487 1432 1829 1533 2162 
8488 1559 1362 1767 1821 
8489 1836 1893 1492 2255 
8490 1654 1844 208 2271 
8491 1543 1590 1725 1874 
8492 174 171 1862 2010 
8493 1365 1712 1904 2254 
8494 561 1575 648 2154 
8495 1044 1112 1711 1956 
8496 1427 1679 1802 2219 
8497 1413 1730 2030 2079 
8498 1400 1677 1872 2216 
8499 1544 1752 1503 2242 
8500 398 353 811 1719 
8501 1606 1736 1480 2166 
8502 581 1722 822 1833 
8503 1900 1914 1519 2089 
8504 1644 1422 1940 2140 
8505 1541 1437 1959 2245 
8506 1370 1594 1870 1948 
8507 270 343 1640 2118 
8508 1593 1996 1402 1997 
8509 1055 1054 1008 2149 
8510 1679 1719 1413 2074 
8511 1364 1941 1565 2086 
8512 388 1813 365 2082 
8513 157 725 733 2218 
8514 301 1622 303 1976 
8515 1380 1857 1545 2150 
8516 1474 2007 1772 2055 
8517 1016 1743 1822 2130 
8518 268 301 1731 2082 
8519 1394 1725 1590 2262 
8520 482 481 480 1905 
8521 1405 1599 1774 2186 
8522 1426 1731 1644 1922 
8523 559 1913 530 2062 
8524 1352 1522 1922 2198 
8525 941 950 931 1681 
8526 1526 1386 1851 2146 
8527 850 543 816 1799 
8528 686 418 689 1586 
8529 94 795 93 1619 
8530 1604 1409 1771 2286 
8531 1417 1537 1817 1984 
8532 168 1770 733 2203 
8533 480 481 479 2170 
8534 1724 2152 1908 2269 
8535 1465 1797 1724 2269 
8536 1358 1558 2003 2194 
8537 1409 1547 1911 2098 
8538 379 270 350 1640 
8539 1495 1965 1668 2135 
8540 246 230 1775 2118 
8541 360 419 162 1813 
8542 1428 1891 1968 2270 
8543 1049 927 928 1896 
8544 1695 2146 1851 2216 
8545 1609 1912 1461 2083 
8546 1349 1664 1951 2221 
8547 1075 877 601 2013 
8548 228 227 240 2235 
8549 227 218 208 2235 
8550 367 1599 2186 2227 
8551 1351 1554 1816 2048 
8552 1394 1869 1725 2262 
8553 821 549 713 2243 
8554 598 1093 1083 1856 
8555 779 1987 1528 2166 
8556 326 1916 204 1966 
8557 1509 1027 1918 2205 
8558 1389 1930 1580 2106 
8559 1813 2019 1627 2082 
8560 1563 1399 1957 2046 
8561 257 245 247 1773 
8562 1824 1955 1532 1990 
8563 1419 1535 1831 2142 
8564 1358 2023 1558 2194 
8565 1512 1831 1732 2142 
8566 1419 2109 1535 2142 
8567 2022 2093 1781 2176 
8568 483 539 681 2034 
8569 745 347 428 1703 
8570 699 683 829 2024 
8571 574 1606 1987 2166 
8572 1107 988 1045 1752 
8573 1410 1715 1658 2277 
8574 450 452 451 2206 
8575 1381 1919 1554 1946 
8576 1438 1783 1674 1989 
8577 1777 2119 718 2272 
8578 1992 2012 1434 2065 
8579 1534 1412 1951 1953 
8580 1438 2000 1656 2158 
8581 391 867 822 1994 
8582 1414 1980 1606 1999 
8583 309 367 1774 2227 
8584 417 838 735 1656 
8585 1431 1793 1635 2028 
8586 1373 1843 1723 1977 
8587 837 2000 669 2158 
8588 1910 2075 1543 2241 
8589 1854 2085 1556 2254 
8590 1644 1422 1922 1940 
8591 1694 1800 1414 2165 
8592 583 845 857 2169 
8593 581 577 552 1833 
8594 1716 1802 1427 2240 
8595 1521 2092 1895 2096 
8596 1467 1576 2003 2134 
8597 843 846 749 1726 
8598 1365 1904 1556 2254 
8599 1425 1870 1594 1948 
8600 1546 1833 1461 2163 
8601 1545 1799 1472 2035 
8602 1400 1851 1685 1978 
8603 1364 1565 1924 2086 
8604 849 1719 814 2087 
8605 1403 1969 1678 2253 
8606 890 788 1071 2224 
8607 691 565 482 1905 
8608 1111 1856 991 1932 
8609 1570 2120 2028 2221 
8610 286 182 297 1860 
8611 332 282 1633 2264 
8612 1565 1941 1614 2086 
8613 1583 1423 1755 1787 
8614 553 1986 491 2179 
8615 1595 1391 1776 2160 
8616 1740 1882 1464 2280 
8617 276 169 1770 1862 
8618 236 235 263 1647 
8619 1010 998 890 2047 
8620 696 551 694 2143 
8621 1527 1815 1665 1823 
8622 195 197 285 1671 
8623 646 645 413 2047 
8624 1595 1776 1673 2160 
8625 846 2189 1726 2204 
8626 1815 2150 1691 2256 
8627 599 600 407 1807 
8628 1636 1455 2091 2161 
8629 1399 1957 1792 2161 
8630 1562 2046 1692 2202 
8631 1681 1848 1436 2162 
8632 1402 2061 2098 2259 
8633 1094 979 1021 1778 
8634 301 262 268 1731 
8635 1454 1590 1725 2262 
8636 200 201 209 2236 
8637 1683 1908 569 2133 
8638 1078 1619 1107 2114 
8639 548 1980 1620 2272 
8640 941 1681 931 2171 
8641 763 1696 1084 2056 
8642 635 634 757 2030 
8643 1392 1598 1722 1994 
8644 813 537 812 2055 
8645 1112 1080 1812 1956 
8646 1434 2145 1612 2290 
8647 1895 2092 1659 2096 
8648 738 575 781 1954 
8649 1507 1780 1702 2263 
8650 1603 1775 2065 2290 
8651 697 2143 827 2247 
8652 1450 1860 1618 2032 
8653 950 1681 941 2171 
8654 1406 2086 1614 2112 
8655 234 1927 1622 2082 
8656 667 789 1708 2188 
8657 1383 1663 1687 2039 
8658 1352 1690 1871 2190 
8659 340 2180 1970 2207 
8660 1524 1417 1875 2187 
8661 1452 1846 1603 1884 
8662 137 880 891 737 
8663 1720 2134 1576 2153 
8664 405 880 1698 1996 
8665 819 1938 549 2243 
8666 211 221 214 1998 
8667 1607 1897 1918 2205 
8668 185 1653 184 2094 
8669 1438 1783 1640 2000 
8670 1386 1526 2144 2146 
8671 1656 1721 1441 2193 
8672 650 1952 2152 2224 
8673 1587 1758 1455 2238 
8674 325 165 352 1809 
8675 684 1697 683 2024 
8676 1462 2129 1601 2215 
8677 615 1644 845 2140 
8678 1658 1715 1390 2016 
8679 1537 1985 1627 2191 
8680 1533 1366 1820 2162 
8681 1992 2065 1434 2290 
8682 1347 1762 2181 2248 
8683 1443 1762 1728 1977 
8684 993 979 1094 2164 
8685 1448 1955 1824 1990 
8686 803 820 717 2081 
8687 480 693 1905 2101 
8688 877 1093 407 1807 
8689 535 588 558 2270 
8690 1377 1888 1580 2103 
8691 458 1987 459 2119 
8692 400 878 1754 2027 
8693 1824 1955 1448 2125 
8694 866 793 437 1817 
8695 1404 1729 1634 1939 
8696 1532 1955 1824 2125 
8697 1614 2060 1348 2185 
8698 824 1599 746 2243 
8699 791 692 1754 2041 
8700 496 1790 564 2110 
8701 430 663 660 1724 
8702 970 968 980 1641 
8703 1673 1776 1391 2160 
8704 1998 2086 1406 2112 
8705 1386 2057 1858 2216 
8706 1704 1840 1408 1890 
8707 934 1803 1631 2184 
8708 1644 1922 1731 1940 
8709 1623 2033 1677 2239 
8710 1442 1774 1584 2159 
8711 1509 1918 1897 2205 
8712 1516 1858 2057 2216 
8713 270 2000 371 2118 
8714 1394 2037 1843 2241 
8715 267 263 376 2155 
8716 1427 1594 1810 1870 
8717 502 2121 500 2133 
8718 441 578 443 2063 
8719 1351 1944 1554 2048 
8720 887 439 436 2114 
8721 846 847 2189 2204 
8722 1476 1924 1637 2024 
8723 289 1769 293 2049 
8724 450 448 1811 1953 
8725 1567 1788 1511 1949 
8726 1403 1905 1538 2233 
8727 1442 1677 1978 2239 
8728 1487 1928 1666 2014 
8729 1110 936 1044 1711 
8730 787 2224 2152 2287 
8731 711 550 698 2247 
8732 439 1072 879 1826 
8733 1522 1422 1922 1972 
8734 1817 1818 1417 2053 
8735 1576 1561 2084 2153 
8736 1358 2084 1950 2153 
8737 1379 1873 1682 1964 
8738 385 1591 2180 2207 
8739 1404 1634 1729 2080 
8740 193 306 1845 2091 
8741 602 1807 1648 2013 
8742 880 137 405 737 
8743 840 1937 1679 2189 
8744 878 1040 1101 2041 
8745 1373 2080 1634 2157 
8746 1352 1871 1835 2190 
8747 622 1764 621 1890 
8748 563 1913 605 2116 
8749 786 622 625 1764 
8750 1444 1964 1808 1988 
8751 1606 1741 1414 1999 
8752 92 767 1739 2195 
8753 1350 1800 1694 2165 
8754 1352 1734 1849 1947 
8755 1519 1914 1560 2089 
8756 277 1656 166 2138 
8757 1619 1836 1492 2114 
8758 891 892 999 1698 
8759 1398 1822 2105 2266 
8760 1657 1831 1510 2051 
8761 309 1774 367 2186 
8762 1808 2010 1430 2246 
8763 1534 2061 1811 2226 
8764 1811 2061 1387 2226 
8765 1414 1741 1694 2165 
8766 926 1847 939 1917 
8767 162 419 597 1813 
8768 237 312 224 1702 
8769 762 1693 619 2292 
8770 1383 1995 1566 2233 
8771 1474 1862 1770 2218 
8772 500 662 1683 2110 
8773 225 1899 238 2159 
8774 339 336 156 1592 
8775 885 1086 429 2273 
8776 1640 1775 1434 2012 
8777 449 450 451 1953 
8778 859 800 585 1688 
8779 1694 1741 1497 2165 
8780 1460 1777 1620 2272 
8781 739 406 740 2071 
8782 283 180 181 1883 
8783 508 509 507 2054 
8784 1543 1874 1433 2031 
8785 1546 1833 1392 2214 
8786 1441 2022 1781 2176 
8787 660 661 665 2136 
8788 689 773 1895 2090 
8789 1511 1949 1788 2283 
8790 184 1653 188 2261 
8791 870 1791 995 2071 
8792 1430 1589 1808 1988 
8793 1543 1433 1874 2184 
8794 494 2095 677 2215 
8795 176 173 2010 2246 
8796 787 2152 1724 2287 
8797 1688 1759 1426 2019 
8798 550 713 469 1974 
8799 348 2155 267 2189 
8800 1486 1871 1690 1973 
8801 168 393 381 2203 
8802 357 1577 1837 2026 
8803 1644 615 1972 2140 
8804 1558 1467 2003 2194 
8805 1427 2189 1937 2204 
8806 1454 1725 1590 2284 
8807 1442 1780 1623 2239 
8808 1723 1977 1728 2172 
8809 1418 1694 1720 2153 
8810 1075 1064 2013 2281 
8811 1440 1712 1587 2254 
8812 1371 1761 1695 2146 
8813 1383 1895 1659 2096 
8814 638 1679 840 2074 
8815 278 1625 2180 2250 
8816 980 1827 1641 2100 
8817 1583 1423 1787 2016 
8818 1444 1751 1633 2264 
8819 156 339 1592 1970 
8820 629 617 1880 2035 
8821 1533 1829 1366 2162 
8822 1700 1816 1396 1861 
8823 1372 1729 1576 2132 
8824 1425 1661 1830 2054 
8825 1534 1811 1387 2137 
8826 666 667 789 1708 
8827 1576 1729 1415 2132 
8828 363 362 304 1627 
8829 981 961 962 1859 
8830 1014 910 908 1742 
8831 1057 980 968 2100 
8832 611 154 352 2140 
8833 1440 1756 1788 2067 
8834 1422 1809 1972 2072 
8835 916 1701 917 1896 
8836 485 1929 2034 2092 
8837 1423 1559 1795 2228 
8838 1369 1613 1877 2079 
8839 1756 1769 1654 2067 
8840 564 1790 667 2148 
8841 1403 2039 1905 2233 
8842 768 434 89 1984 
8843 521 844 852 2192 
8844 649 508 651 1952 
8845 885 97 429 1086 
8846 823 434 1722 1984 
8847 1356 1532 1955 1990 
8848 1415 1729 1576 2084 
8849 1424 1816 1700 1861 
8850 1510 1614 2060 2278 
8851 1721 2141 555 2201 
8852 1460 1967 1717 1999 
8853 1452 1779 1600 1957 
8854 1558 1404 1805 2231 
8855 1717 1967 1483 1999 
8856 1406 1846 1757 1901 
8857 364 310 358 2186 
8858 626 1704 520 2275 
8859 1096 786 412 2056 
8860 1675 1962 1381 2182 
8861 1411 1588 1772 2285 
8862 646 1696 785 2154 
8863 342 307 308 2088 
8864 1464 1569 2023 2208 
8865 463 1980 464 2097 
8866 1378 1884 1657 2290 
8867 1431 1771 1744 2286 
8868 456 2119 457 2156 
8869 598 407 1093 1856 
8870 687 1995 1566 2041 
8871 620 524 560 1823 
8872 1761 1991 1595 2120 
8873 1065 1764 881 2056 
8874 1025 932 923 1874 
8875 1531 2225 2175 2262 
8876 1494 2006 1920 2130 
8877 810 729 1958 2055 
8878 532 534 533 1855 
8879 1355 1949 1639 2042 
8880 1757 1901 1846 2236 
8881 1372 1858 2174 2252 
8882 1397 1529 1906 1979 
8883 1475 1704 1840 2232 
8884 1399 1792 2046 2161 
8885 1443 1843 1766 2244 
8886 1362 1583 1767 1923 
8887 1520 1969 1684 2084 
8888 1440 1904 1712 2254 
8889 850 757 634 2030 
8890 1549 2220 1411 2259 
8891 1843 1906 1529 1977 
8892 892 880 893 1996 
8893 1705 1772 1578 1958 
8894 1781 2093 251 2176 
8895 442 586 1750 2163 
8896 615 857 845 1972 
8897 702 1740 704 2208 
8898 1019 1743 1016 2130 
8899 663 787 1724 2287 
8900 1433 1631 2031 2157 
8901 952 978 1044 1956 
8902 1590 1367 2109 2142 
8903 1353 2182 1572 2244 
8904 936 1803 934 2184 
8905 1367 1579 2129 2284 
8906 1359 2020 1575 2232 
8907 1685 1851 1400 1933 
8908 1394 2225 1869 2262 
8909 1503 1607 1897 1918 
8910 1403 1566 1905 2039 
8911 1465 2136 1708 2148 
8912 1112 1110 1044 1711 
8913 1359 1861 1575 2020 
8914 306 1779 1845 2091 
8915 327 1976 202 2251 
8916 380 1656 277 2176 
8917 1358 1684 1969 2084 
8918 689 1895 685 1995 
8919 942 973 972 1782 
8920 1033 1032 1753 1902 
8921 1419 2060 1839 2172 
8922 1550 2012 1775 2118 
8923 1574 1429 1944 2104 
8924 1578 1772 1411 1958 
8925 312 313 223 1785 
8926 1715 1903 1583 2277 
8927 1449 1582 1763 2095 
8928 272 147 347 1703 
8929 615 845 610 2140 
8930 1012 1745 1822 2276 
8931 1444 1625 2066 2117 
8932 1418 1894 1865 1974 
8933 618 1609 1912 2292 
8934 1446 1801 1597 1948 
8935 1367 1868 1579 2109 
8936 1110 1051 936 1803 
8937 201 319 1757 2257 
8938 463 462 464 1980 
8939 1403 2039 1684 2253 
8940 807 766 432 1836 
8941 549 465 467 1881 
8942 1554 1925 1381 1962 
8943 875 1068 705 1740 
8944 1412 1804 1570 2221 
8945 804 426 801 1592 
8946 1373 1723 1843 2241 
8947 305 1818 231 1927 
8948 559 530 528 2062 
8949 1011 2017 959 2167 
8950 903 1006 1926 2149 
8951 557 535 558 1759 
8952 1385 1676 1801 2059 
8953 1600 1957 1779 2091 
8954 1427 1802 1716 2219 
8955 1744 1771 1409 2286 
8956 383 1927 304 2191 
8957 1047 1573 972 2281 
8958 1370 1801 1562 2022 
8959 1576 1915 1497 2134 
8960 1740 1934 704 2208 
8961 1608 1987 458 2119 
8962 1566 1905 2039 2233 
8963 1034 1033 960 1882 
8964 1694 2134 1720 2153 
8965 1383 1535 1868 2096 
8966 233 331 216 2199 
8967 1528 1480 1791 2166 
8968 768 822 1722 1994 
8969 233 232 244 2199 
8970 1350 1931 1706 2239 
8971 875 705 395 1740 
8972 462 461 460 1980 
8973 1407 1889 1564 2265 
8974 670 835 671 1961 
8975 1425 1810 1594 1870 
8976 141 752 1063 394 
8977 786 881 1764 2056 
8978 1467 1859 1660 1915 
8979 1563 2029 1346 2046 
8980 315 368 155 1832 
8981 1367 1535 1868 2109 
8982 483 681 481 2170 
8983 245 244 247 1773 
8984 1536 1384 1878 1893 
8985 1600 2236 1757 2257 
8986 953 969 952 1579 
8987 950 1965 1681 2171 
8988 561 2139 1575 2154 
8989 1448 2073 1557 2174 
8990 1484 1684 2039 2253 
8991 463 1881 1980 2097 
8992 1363 1893 1536 2069 
8993 1725 1874 1590 2209 
8994 1653 1900 1469 2094 
8995 725 46 157 733 
8996 342 329 248 1885 
8997 1367 2109 1579 2284 
8998 1459 1637 1982 2078 
8999 1054 983 956 1760 
9000 623 786 1074 1764 
9001 913 1023 917 1920 
9002 657 555 1721 2141 
9003 1385 1989 1692 2193 
9004 168 157 46 733 
9005 969 1579 953 2164 
9006 1695 1761 1526 2146 
9007 1346 1563 2015 2029 
9008 635 636 1730 2030 
9009 1402 1996 1698 1997 
9010 913 1701 914 2075 
9011 994 1093 1807 1856 
9012 347 386 344 1703 
9013 701 1934 1569 2208 
9014 1429 1946 1675 1962 
9015 1349 1951 1709 2221 
9016 1043 1016 1019 1743 
9017 764 1696 763 2056 
9018 1379 1664 1772 1873 
9019 1773 2066 1625 2117 
9020 1488 1724 1797 2269 
9021 1401 1767 1583 1923 
9022 1516 2057 1560 2216 
9023 659 502 569 2133 
9024 811 638 849 1719 
9025 1643 1859 1448 2125 
9026 1450 1560 1914 2089 
9027 1654 1769 1407 2067 
9028 275 287 1679 1802 
9029 1559 1436 1795 2124 
9030 1721 2141 1674 2158 
9031 1427 1802 1679 2155 
9032 1676 555 2141 2201 
9033 809 810 729 1958 
9034 1403 1905 1566 2101 
9035 1504 1976 1710 2190 
9036 1438 1989 1674 2193 
9037 605 563 532 1913 
9038 1364 1561 1780 2213 
9039 926 1008 1054 1847 
9040 1698 1791 1528 2068 
9041 519 543 517 2192 
9042 771 90 1598 2102 
9043 589 590 776 1652 
9044 649 644 562 1952 
9045 707 1678 476 2197 
9046 1411 1772 1588 1958 
9047 1401 1638 1767 1923 
9048 1543 1910 915 2075 
9049 1366 2173 1626 2230 
9050 903 1055 1006 2149 
9051 1042 915 924 1910 
9052 1663 1348 1687 2050 
9053 663 664 787 2287 
9054 544 856 844 2035 
9055 1411 2220 1717 2285 
9056 1009 909 1017 1646 
9057 172 171 173 1682 
9058 1033 1032 960 1753 
9059 970 1641 980 2268 
9060 1436 1681 2040 2124 
9061 1441 2176 1656 2193 
9062 1983 2004 252 2093 
9063 650 1952 651 2152 
9064 596 1856 1571 2116 
9065 1435 2069 1666 2113 
9066 442 1750 444 2163 
9067 868 432 795 1836 
9068 1648 2013 1807 2281 
9069 150 343 377 1837 
9070 1679 1427 2155 2189 
9071 1409 1971 1547 2098 
9072 328 214 223 1998 
9073 1460 1987 2119 2272 
9074 563 604 534 2116 
9075 1515 1804 1749 2221 
9076 913 912 910 1920 
9077 326 1916 1966 2240 
9078 233 244 245 2117 
9079 1702 1774 1442 2159 
9080 1417 1842 1539 1875 
9081 1701 1920 1478 2075 
9082 1467 1882 1753 2194 
9083 1761 1991 1505 2077 
9084 1669 2017 2005 2167 
9085 1065 1052 1764 1828 
9086 316 328 1611 2038 
9087 860 2102 1891 2195 
9088 1365 1556 2085 2254 
9089 887 1072 439 2114 
9090 1369 1628 1935 2265 
9091 1418 1569 1894 1950 
9092 1502 1916 1802 2240 
9093 658 675 657 1721 
9094 680 572 773 1895 
9095 838 735 1656 2138 
9096 1358 2003 1684 2084 
9097 1438 1640 2012 2118 
9098 1593 1387 2061 2226 
9099 238 2018 258 2159 
9100 691 693 692 2101 
9101 1418 1561 1931 2153 
9102 699 700 695 2024 
9103 236 1647 263 2155 
9104 267 2155 1726 2189 
9105 330 295 297 1860 
9106 1851 2146 1386 2216 
9107 478 476 566 1678 
9108 190 193 194 1854 
9109 1504 1835 1731 1976 
9110 1422 1972 1809 2140 
9111 1473 2020 1668 2135 
9112 222 223 214 1998 
9113 518 519 517 2275 
9114 1573 1782 972 2281 
9115 1538 1905 1806 2170 
9116 1634 1909 1729 2080 
9117 473 698 1894 2099 
9118 1393 1703 1938 2081 
9119 458 457 456 2119 
9120 1447 1814 1615 2001 
9121 555 497 1676 2141 
9122 348 287 2155 2189 
9123 501 502 503 2133 
9124 1594 1427 1810 2204 
9125 1050 930 1795 2040 
9126 1551 1691 2150 2256 
9127 388 365 268 2082 
9128 1373 1543 2031 2241 
9129 1636 1845 1498 2161 
9130 1580 1930 1490 2106 
9131 996 995 1791 2126 
9132 1582 1395 1790 2110 
9133 882 990 1071 2224 
9134 1505 2076 1784 2115 
9135 1466 2021 1754 2253 
9136 1650 2072 1819 2211 
9137 1435 1804 1666 2168 
9138 1560 2146 1695 2216 
9139 1399 1879 1563 1957 
9140 1578 1958 1411 2206 
9141 308 361 1907 2087 
9142 1041 1040 1039 1812 
9143 1696 2056 764 2139 
9144 552 1833 577 2083 
9145 659 569 1908 2133 
9146 989 995 982 2126 
9147 1403 2039 1687 2050 
9148 1522 1922 1644 1972 
9149 1422 1548 1809 2072 
9150 326 205 204 1916 
9151 288 326 236 2240 
9152 1377 1872 1677 2103 
9153 1388 1654 1794 2067 
9154 718 537 457 2119 
9155 1540 1979 1642 2044 
9156 1347 1979 1540 2181 
9157 1715 2016 1658 2277 
9158 685 1895 1659 1995 
9159 1413 1802 1679 2219 
9160 1725 2209 1590 2284 
9161 1906 1979 1529 2181 
9162 1416 2034 1929 2092 
9163 1573 1366 1829 2162 
9164 1504 1835 1976 2190 
9165 476 707 566 1678 
9166 1795 2124 921 2228 
9167 1416 1542 1929 1992 
9168 1601 677 2095 2215 
9169 968 956 983 1760 
9170 964 1965 951 2131 
9171 1050 942 930 2040 
9172 1554 1861 1359 1919 
9173 1775 2108 1550 2118 
9174 638 849 1719 2074 
9175 781 737 738 1698 
9176 1380 1665 1815 2150 
9177 130 710 1081 706 
9178 510 509 508 1661 
9179 989 982 962 1643 
9180 1628 1485 1944 2048 
9181 364 152 311 1747 
9182 327 1710 1976 2251 
9183 1598 1960 1722 1984 
9184 1950 2084 1561 2153 
9185 1802 2155 1427 2240 
9186 650 2152 787 2224 
9187 1458 1909 1540 2181 
9188 1574 1944 1699 2104 
9189 1399 1845 1779 2091 
9190 450 448 580 1811 
9191 1818 1960 1417 2187 
9192 290 288 254 1802 
9193 987 976 964 1668 
9194 1628 1887 1413 2079 
9195 953 1874 932 2209 
9196 1401 1638 1923 2128 
9197 570 454 452 1707 
9198 262 327 219 1976 
9199 518 626 520 2275 
9200 1403 2101 1566 2253 
9201 1725 1025 1874 2209 
9202 438 1085 2123 2273 
9203 594 53 156 426 
9204 538 477 479 1982 
9205 276 279 169 1862 
9206 1674 1783 1438 2158 
9207 999 1698 892 2068 
9208 629 628 397 1880 
9209 230 246 1775 2108 
9210 561 1575 2139 2275 
9211 1458 1728 1762 1977 
9212 1109 753 1070 2071 
9213 324 217 218 1844 
9214 1540 2080 1491 2252 
9215 513 1730 542 2025 
9216 250 271 268 1731 
9217 1668 1696 1463 2020 
9218 768 1722 434 1984 
9219 926 939 938 1917 
9220 1001 1108 992 1827 
9221 533 535 557 1855 
9222 277 1656 2138 2176 
9223 1419 1590 2109 2142 
9224 1603 1775 1434 2026 
9225 534 1855 1617 2270 
9226 1534 1412 1953 2137 
9227 533 531 532 2212 
9228 439 879 144 420 
9229 1534 1951 1412 2137 
9230 1522 1972 1644 2169 
9231 1043 1743 922 2124 
9232 1412 1570 2137 2221 
9233 1529 2177 1762 2181 
9234 1432 1841 1829 2279 
9235 1566 1995 1812 2041 
9236 184 2094 1653 2261 
9237 1722 1842 1417 1960 
9238 991 1932 1024 2205 
9239 710 706 703 2280 
9240 1647 1427 2155 2240 
9241 467 465 466 2097 
9242 1455 1854 1587 2238 
9243 1367 1535 2109 2142 
9244 618 762 619 2292 
9245 304 1627 362 2191 
9246 1495 2135 1596 2266 
9247 824 2064 1599 2243 
9248 284 178 333 2032 
9249 89 771 90 1598 
9250 1446 1801 1676 2059 
9251 1445 2062 1650 2212 
9252 1426 2019 1813 2082 
9253 514 516 515 1863 
9254 628 616 165 1880 
9255 252 2093 2004 2176 
9256 1372 1909 1729 2132 
9257 1499 2128 1820 2173 
9258 513 635 542 1730 
9259 1388 1654 1756 2271 
9260 1366 1626 2151 2230 
9261 853 854 1813 2019 
9262 804 1970 1592 2045 
9263 1448 1859 1643 2210 
9264 289 300 194 1854 
9265 287 1679 1802 2155 
9266 317 378 163 1921 
9267 153 274 385 1591 
9268 644 1655 1952 2224 
9269 1403 1684 2039 2050 
9270 1650 1972 1522 2212 
9271 1497 1748 1737 2073 
9272 260 332 331 1751 
9273 304 1927 1627 2191 
9274 956 939 1054 1847 
9275 1053 948 984 1660 
9276 579 1759 558 2019 
9277 1046 1025 1029 1725 
9278 154 341 352 2140 
9279 1374 1621 1897 1968 
9280 1458 1762 1580 2248 
9281 1604 1738 1457 2293 
9282 970 1866 1641 2268 
9283 559 603 602 1648 
9284 969 1066 1956 2164 
9285 428 820 803 1703 
9286 1585 1760 1431 2229 
9287 1616 1786 1425 2054 
9288 500 498 662 2110 
9289 1383 2096 1659 2233 
9290 464 774 573 1736 
9291 739 870 406 2071 
9292 1064 973 994 1782 
9293 1454 1867 1963 2223 
9294 266 239 259 2227 
9295 1523 1746 1671 2058 
9296 260 332 1751 2264 
9297 1707 2061 1534 2226 
9298 898 1824 897 1971 
9299 1845 2091 1399 2161 
9300 154 370 271 2140 
9301 1552 1443 2029 2244 
9302 401 167 348 2189 
9303 657 555 658 1721 
9304 1387 2061 1534 2137 
9305 1453 1913 1648 2230 
9306 394 1063 141 876 
9307 1419 1728 2060 2172 
9308 301 303 262 1976 
9309 1682 1625 1964 2246 
9310 950 941 1965 2171 
9311 410 374 609 1970 
9312 1722 1960 1417 1984 
9313 847 755 640 2204 
9314 1722 1417 1975 1984 
9315 98 598 1083 885 
9316 492 2095 493 2179 
9317 1674 1989 1385 2193 
9318 1430 1682 1873 1964 
9319 1666 1804 1354 2168 
9320 1370 1870 1615 1948 
9321 1620 1881 1414 1980 
9322 1536 2069 1893 2214 
9323 1108 876 1063 1645 
9324 1403 1684 1969 2253 
9325 1420 1622 1835 1976 
9326 1357 2012 1992 2065 
9327 696 694 695 1637 
9328 1090 1753 1032 1902 
9329 1590 2209 1874 2284 
9330 1344 1583 1903 2237 
9331 678 679 1718 2036 
9332 321 389 255 2026 
9333 1605 2093 2022 2176 
9334 881 1074 786 1764 
9335 762 808 619 1693 
9336 1389 1580 1853 1914 
9337 1413 2074 1730 2219 
9338 896 1971 894 1997 
9339 1096 881 786 2056 
9340 709 1754 758 2027 
9341 90 91 1994 2195 
9342 1421 2085 1814 2282 
9343 625 622 624 1890 
9344 663 1724 664 2287 
9345 711 1834 550 2247 
9346 563 605 599 2116 
9347 1636 2091 1845 2161 
9348 267 1726 159 2189 
9349 1363 1893 2069 2214 
9350 988 955 1045 1752 
9351 499 555 497 1676 
9352 1347 1642 1784 2057 
9353 477 1806 479 1982 
9354 1600 1779 1452 2236 
9355 1457 1981 1727 2293 
9356 1043 922 931 2124 
9357 1363 1546 1893 2214 
9358 1389 1580 1914 2106 
9359 164 349 384 1817 
9360 512 642 514 1700 
9361 1406 1846 1611 1998 
9362 1934 2023 1569 2208 
9363 414 888 627 2013 
9364 1965 2131 1668 2135 
9365 871 108 1076 646 
9366 1429 1962 1675 2182 
9367 454 452 1707 2206 
9368 1068 705 1740 2027 
9369 1641 1827 980 2268 
9370 588 794 585 1891 
9371 1463 2047 2043 2154 
9372 1596 1841 1432 2135 
9373 1633 1808 1444 2264 
9374 317 163 1577 1921 
9375 1451 1993 1598 2102 
9376 1436 1848 1820 2162 
9377 1480 2071 1791 2166 
9378 304 1927 234 2082 
9379 940 2040 1573 2171 
9380 1683 1876 1446 2059 
9381 747 667 780 2188 
9382 564 498 2110 2148 
9383 1656 2004 1438 2193 
9384 1701 2037 1394 2241 
9385 555 1676 499 2201 
9386 214 221 222 1998 
9387 739 1791 870 2071 
9388 1608 1411 2156 2259 
9389 1459 1982 1637 2024 
9390 1079 123 886 418 
9391 1351 1816 1649 2122 
9392 159 376 382 1726 
9393 1644 1922 1422 1972 
9394 159 267 376 1726 
9395 1635 1744 1431 2028 
9396 87 149 864 2191 
9397 1569 1865 1418 1894 
9398 684 1697 2024 2170 
9399 1782 1807 1064 2281 
9400 1435 2014 1595 2168 
9401 1387 1943 1570 2137 
9402 1473 2020 1704 2139 
9403 1840 2150 1545 2289 
9404 1516 1748 1677 2033 
9405 878 1754 1040 2041 
9406 626 624 520 1704 
9407 698 2143 697 2247 
9408 1405 1555 1834 2247 
9409 168 169 157 2218 
9410 168 1770 169 2218 
9411 1651 1739 1451 2195 
9412 1454 1725 1869 2262 
9413 1396 1649 1830 1925 
9414 791 692 400 1754 
9415 1454 1867 1778 1963 
9416 1405 1780 1706 1931 
9417 1676 2110 1582 2141 
9418 5 362 363 431 
9419 585 794 859 2102 
9420 823 434 768 1722 
9421 1386 2057 1560 2146 
9422 1780 1931 1561 2239 
9423 662 2110 498 2148 
9424 1385 1721 1676 2141 
9425 1381 1675 1946 1962 
9426 595 596 1571 2288 
9427 1915 2073 1448 2174 
9428 1417 1875 1539 1975 
9429 198 207 1710 2271 
9430 1111 994 991 1856 
9431 1475 1840 1704 2275 
9432 158 351 342 1880 
9433 899 1005 1771 2229 
9434 818 1819 855 2072 
9435 1345 1936 1567 2128 
9436 951 1965 941 2171 
9437 1677 1748 1516 2216 
9438 429 1086 592 2273 
9439 916 913 917 1701 
9440 877 407 601 1807 
9441 1434 2012 1775 2065 
9442 1623 1780 1561 2239 
9443 1473 1696 1668 2020 
9444 398 148 1719 2087 
9445 349 1592 336 2053 
9446 643 2043 1655 2047 
9447 1395 1876 1683 2059 
9448 349 384 1817 2053 
9449 1350 1677 1748 2033 
9450 340 374 410 1970 
9451 1659 2092 1416 2096 
9452 1460 2119 1777 2272 
9453 1496 1887 1730 2219 
9454 940 942 972 2040 
9455 962 961 949 1859 
9456 1516 1909 1858 2132 
9457 1451 1891 1652 1968 
9458 736 421 827 1747 
9459 667 1790 761 2215 
9460 722 1089 139 720 
9461 1778 1867 1462 1963 
9462 172 1682 173 2246 
9463 991 1024 1088 2205 
9464 1346 2001 2029 2175 
9465 1642 1858 1557 2076 
9466 1000 1867 1708 2188 
9467 173 175 176 2010 
9468 1468 1850 2011 2183 
9469 906 904 907 1727 
9470 1971 1997 1547 2098 
9471 1454 1590 2262 2284 
9472 763 1084 412 2056 
9473 728 1770 733 2218 
9474 1528 1987 1608 2008 
9475 97 592 429 1086 
9476 199 1756 320 2271 
9477 1467 2134 2003 2194 
9478 1656 2176 2004 2193 
9479 608 619 806 2045 
9480 683 681 682 1697 
9481 421 39 734 358 
9482 1386 2146 1560 2216 
9483 829 805 700 1921 
9484 1420 1976 1710 2251 
9485 346 409 47 2218 
9486 1452 1600 1901 1957 
9487 866 1817 797 1984 
9488 644 1952 650 2224 
9489 1393 1938 1620 2081 
9490 761 494 677 2215 
9491 1632 1757 1406 1998 
9492 1427 1679 1937 2189 
9493 148 17 398 353 
9494 898 901 1004 1824 
9495 1499 1690 1936 2128 
9496 1096 786 105 412 
9497 48 730 409 366 
9498 564 662 498 2148 
9499 294 189 186 1758 
9500 658 675 1721 2158 
9501 1357 1992 1657 2065 
9502 347 745 42 386 
9503 1404 2003 1805 2222 
9504 1404 1634 2080 2157 
9505 1381 1925 1838 1962 
9506 1460 1987 1608 2119 
9507 708 792 703 1713 
9508 809 453 1958 2206 
9509 1608 1954 1528 2008 
9510 1405 1702 1780 2263 
9511 1647 2155 236 2240 
9512 521 520 1840 2192 
9513 1468 1742 2006 2130 
9514 1556 1904 1769 2254 
9515 516 1863 1575 2275 
9516 1432 1848 1596 2266 
9517 1022 979 953 2209 
9518 842 654 843 2258 
9519 2001 2029 1501 2046 
9520 1618 1872 1450 2032 
9521 174 281 175 2010 
9522 1441 1605 2176 2193 
9523 164 355 862 1817 
9524 313 312 314 1785 
9525 612 858 615 1972 
9526 378 805 416 1921 
9527 627 888 1075 2013 
9528 971 1828 1065 2131 
9529 1352 1670 1835 1871 
9530 707 1934 1678 2197 
9531 1625 1964 1444 2066 
9532 318 1577 357 2026 
9533 1388 1756 1654 2067 
9534 853 2019 1813 2169 
9535 1395 1667 1876 2059 
9536 433 92 767 1739 
9537 732 153 50 2207 
9538 1044 978 1112 1956 
9539 336 349 156 1592 
9540 1381 1946 1554 1962 
9541 598 98 429 885 
9542 913 916 914 1701 
9543 1585 1926 1493 2149 
9544 526 620 603 1823 
9545 498 499 497 2110 
9546 1408 1665 1840 2150 
9547 1004 897 898 1824 
9548 1582 2059 1395 2110 
9549 435 771 89 1985 
9550 1348 1634 1839 2060 
9551 889 1708 789 2188 
9552 1359 1841 1596 2135 
9553 521 519 520 2192 
9554 1507 1623 2086 2112 
9555 1678 1806 1403 2101 
9556 1473 1890 1704 2279 
9557 473 474 2099 2197 
9558 1634 2060 1458 2172 
9559 1399 1779 1845 1983 
9560 849 398 1719 2087 
9561 604 1617 2116 2288 
9562 1423 1917 1610 2228 
9563 299 252 1983 2004 
9564 133 1070 1109 753 
9565 1353 1572 2037 2244 
9566 708 567 470 1865 
9567 1087 130 1081 706 
9568 1718 2036 1481 2129 
9569 1385 1674 1721 2141 
9570 1473 2131 1828 2279 
9571 1487 1842 1960 2187 
9572 460 459 458 1987 
9573 241 1768 264 2088 
9574 1677 1516 2103 2216 
9575 542 1730 636 2074 
9576 581 768 822 1722 
9577 1478 2037 1701 2241 
9578 977 1011 1013 2005 
9579 671 673 672 1961 
9580 878 1038 1039 1754 
9581 662 1683 2110 2148 
9582 1402 1593 2061 2196 
9583 610 370 154 2140 
9584 564 2110 1790 2148 
9585 1070 406 870 2071 
9586 1346 2029 2001 2046 
9587 346 47 157 2218 
9588 423 741 379 2000 
9589 1478 1906 1843 2241 
9590 306 200 1779 2091 
9591 950 1043 931 1681 
9592 1383 1566 2039 2233 
9593 323 1845 1983 2093 
9594 1358 1950 1720 2153 
9595 1683 1395 2110 2148 
9596 1526 1664 1873 2285 
9597 123 688 886 418 
9598 399 616 613 1809 
9599 1678 1969 1470 2197 
9600 906 1727 907 2183 
9601 1383 1659 1995 2233 
9602 1404 1631 1803 2157 
9603 788 647 644 2224 
9604 1772 1958 1705 2055 
9605 385 2180 340 2207 
9606 1596 2135 1432 2266 
9607 1596 1533 1841 2147 
9608 1370 1562 2002 2022 
9609 985 1024 991 1932 
9610 1022 1778 979 2209 
9611 979 1778 953 2209 
9612 1790 2110 1395 2148 
9613 465 1881 463 2097 
9614 1359 1668 2020 2135 
9615 1920 2006 1742 2130 
9616 1648 1479 2013 2281 
9617 1766 2225 1394 2262 
9618 702 1740 2208 2280 
9619 712 1834 711 2064 
9620 464 1736 573 2097 
9621 270 1640 2000 2118 
9622 1601 2129 1718 2215 
9623 498 496 564 2110 
9624 801 594 793 1975 
9625 179 182 181 1883 
9626 1595 2120 1991 2168 
9627 1730 1887 1413 2219 
9628 274 385 1591 2250 
9629 1549 1402 2098 2259 
9630 1481 1579 1868 1956 
9631 1402 1549 2008 2259 
9632 1104 739 424 1791 
9633 1740 2023 1934 2208 
9634 725 47 409 2218 
9635 1676 2110 499 2121 
9636 891 880 892 1698 
9637 823 866 434 1984 
9638 1402 1547 1997 2098 
9639 1449 1989 1674 2179 
9640 1061 1060 986 1724 
9641 1456 1773 1625 2180 
9642 1368 1616 1830 2269 
9643 1075 888 1048 2013 
9644 491 492 493 2179 
9645 1417 1960 1842 2187 
9646 1726 2155 1427 2189 
9647 1453 1856 1571 1932 
9648 1951 2137 1709 2221 
9649 260 1751 233 2117 
9650 1402 2008 1549 2098 
9651 1478 1701 2075 2241 
9652 821 2064 824 2243 
9653 578 441 759 2009 
9654 1464 2023 1740 2208 
9655 1428 1891 1688 1993 
9656 924 1874 932 2184 
9657 698 551 697 2143 
9658 602 601 1807 2013 
9659 1920 2006 1494 2037 
9660 964 963 951 1965 
9661 352 399 10 611 
9662 333 1789 281 2018 
9663 1062 1097 879 2009 
9664 209 2108 1779 2236 
9665 1358 1576 2003 2084 
9666 763 871 107 1084 
9667 1891 1688 1993 2102 
9668 163 32 356 742 
9669 1764 1479 1890 2279 
9670 1632 1998 1406 2112 
9671 1367 1590 2109 2284 
9672 978 952 969 1956 
9673 1894 2099 1470 2197 
9674 788 415 882 2224 
9675 1991 2120 1435 2168 
9676 306 200 302 1779 
9677 271 250 341 1940 
9678 837 836 669 2000 
9679 567 701 472 2208 
9680 486 484 685 1659 
9681 1393 1852 1584 2227 
9682 176 1808 334 2246 
9683 632 158 14 373 
9684 499 501 656 2121 
9685 1732 1831 1535 2142 
9686 1033 1090 1032 1902 
9687 241 253 264 1768 
9688 255 343 246 1775 
9689 395 704 702 1740 
9690 1430 1964 1808 2246 
9691 730 49 153 366 
9692 1560 2057 1386 2216 
9693 1687 2050 1796 2267 
9694 1450 1914 2103 2106 
9695 1069 139 1089 720 
9696 1465 1724 1908 2269 
9697 288 236 2155 2240 
9698 1448 1915 1859 2210 
9699 1601 2036 1718 2129 
9700 1810 1870 1425 2122 
9701 668 669 670 1783 
9702 632 158 373 1907 
9703 1377 2103 1580 2106 
9704 1596 1848 1398 2266 
9705 206 193 306 1845 
9706 612 1972 615 2140 
9707 684 683 699 2024 
9708 1662 1878 1392 1928 
9709 1593 2196 783 2226 
9710 1753 2134 1467 2194 
9711 362 5 606 431 
9712 709 400 758 1754 
9713 899 1771 2100 2229 
9714 1540 2181 1909 2248 
9715 1454 2209 1725 2284 
9716 1723 1843 1443 1977 
9717 693 478 566 2101 
9718 1595 1991 1435 2168 
9719 1362 1583 1923 2277 
9720 1608 2156 1707 2259 
9721 1642 2057 1858 2076 
9722 658 838 675 2158 
9723 1372 1729 2080 2222 
9724 1634 1373 2157 2172 
9725 1526 1717 2220 2285 
9726 1627 1927 304 2082 
9727 1461 2113 1666 2214 
9728 231 1818 232 2199 
9729 309 266 367 2227 
9730 346 1864 409 2218 
9731 784 450 580 2226 
9732 915 1910 1017 2075 
9733 203 197 202 1798 
9734 234 1622 301 2082 
9735 1433 2031 1590 2109 
9736 163 32 742 743 
9737 198 199 207 2271 
9738 1398 1825 1675 1898 
9739 1075 601 101 627 
9740 644 649 650 1952 
9741 1407 2265 1564 2274 
9742 1418 1865 1581 1974 
9743 308 390 361 2087 
9744 348 287 267 2155 
9745 409 346 48 366 
9746 270 246 343 2118 
9747 1353 1843 1959 2244 
9748 1441 1605 2022 2176 
9749 645 2043 643 2047 
9750 915 1017 912 2075 
9751 1002 1058 996 2126 
9752 1702 1405 1774 2186 
9753 686 1995 687 2041 
9754 1508 1932 1782 2151 
9755 1438 1550 2004 2118 
9756 553 668 670 1783 
9757 541 507 641 1810 
9758 504 1786 503 2133 
9759 172 274 1864 2250 
9760 1760 2100 1431 2229 
9761 629 856 617 2035 
9762 408 1708 1077 2136 
9763 1362 2016 1583 2277 
9764 612 614 858 2072 
9765 1516 1560 2103 2216 
9766 1439 2235 1885 2274 
9767 876 1089 140 722 
9768 2152 2224 1488 2287 
9769 197 202 1798 2251 
9770 1418 1950 1561 2153 
9771 1510 2060 1728 2278 
9772 475 1982 694 2099 
9773 249 1689 325 1940 
9774 1050 1795 2228 2249 
9775 849 814 398 2087 
9776 1454 1629 1867 2223 
9777 638 840 637 2074 
9778 385 2180 1591 2250 
9779 654 652 653 2258 
9780 849 2030 1719 2074 
9781 1491 1981 1646 2044 
9782 1363 1570 1943 2113 
9783 1012 1015 1745 2276 
9784 1571 2205 1088 2273 
9785 1385 1721 1674 2193 
9786 1545 2192 1840 2289 
9787 239 238 258 2159 
9788 189 1758 294 2257 
9789 1430 1808 1964 1988 
9790 1033 1087 1902 2280 
9791 317 1577 318 2038 
9792 345 830 368 1832 
9793 1564 1885 2235 2274 
9794 1372 2222 2080 2252 
9795 296 1756 199 2052 
9796 702 395 1740 2280 
9797 750 1726 846 2189 
9798 1050 2228 925 2249 
9799 852 1799 543 2192 
9800 1965 2131 1432 2171 
9801 1094 884 993 1718 
9802 341 154 271 2140 
9803 782 1954 1707 2196 
9804 348 1679 287 2189 
9805 485 487 1929 2092 
9806 1685 1800 1483 1967 
9807 1774 2186 1599 2227 
9808 1706 1800 1350 1978 
9809 1843 2006 1478 2037 
9810 1013 928 1745 2005 
9811 1428 1855 1849 2198 
9812 1038 1754 878 2027 
9813 397 628 13 351 
9814 364 38 736 421 
9815 771 1985 859 2102 
9816 1475 1840 2192 2289 
9817 523 521 522 1840 
9818 1533 1820 1848 2162 
9819 631 816 852 1799 
9820 208 218 217 1844 
9821 1042 1018 1017 1910 
9822 681 683 684 1697 
9823 26 166 417 735 
9824 639 640 641 1937 
9825 1468 1672 1898 2006 
9826 1400 1851 1695 1933 
9827 1463 1575 2020 2154 
9828 1353 1898 1672 2006 
9829 1093 100 877 407 
9830 1027 2205 1509 2273 
9831 330 225 222 1899 
9832 1498 2002 1562 2022 
9833 1828 1432 2131 2171 
9834 636 1730 2030 2074 
9835 1365 1712 2238 2245 
9836 1566 2039 1403 2253 
9837 555 499 656 2201 
9838 1682 2246 172 2250 
9839 597 6 162 431 
9840 1505 1991 1761 2120 
9841 1559 2124 1795 2228 
9842 1353 2006 1843 2037 
9843 501 2121 502 2133 
9844 1433 1839 1663 2157 
9845 1505 2057 1784 2076 
9846 936 934 933 2184 
9847 1961 1992 1542 2012 
9848 413 1076 108 646 
9849 50 410 732 2207 
9850 835 834 671 1961 
9851 1614 1888 1765 2112 
9852 654 653 843 2258 
9853 1655 2017 1488 2224 
9854 1410 1903 1715 2277 
9855 1473 1764 1890 2279 
9856 624 560 522 1890 
9857 809 451 453 2206 
9858 883 132 1109 753 
9859 1600 1452 1901 2236 
9860 1609 1412 1912 2292 
9861 786 105 881 1096 
9862 159 1726 750 2189 
9863 1066 1100 978 1956 
9864 650 649 651 1952 
9865 1351 1887 1628 2048 
9866 1520 2050 1969 2267 
9867 866 823 793 1975 
9868 1778 2129 1579 2284 
9869 690 1079 122 873 
9870 658 1721 555 2201 
9871 359 27 417 741 
9872 1037 1034 1035 1882 
9873 405 737 781 1698 
9874 1528 1987 1606 2166 
9875 1100 1079 1080 1586 
9876 1733 1959 1552 2244 
9877 1102 993 884 1718 
9878 226 309 1774 2159 
9879 814 757 850 2030 
9880 936 1051 937 1803 
9881 1426 1627 2019 2082 
9882 701 1934 707 2197 
9883 1539 1875 1592 1975 
9884 1372 2174 1660 2252 
9885 1404 1729 2003 2222 
9886 1600 1360 1901 1957 
9887 1440 1769 1756 2067 
9888 1560 1695 1872 2216 
9889 1596 1946 1825 2291 
9890 800 435 799 1985 
9891 209 302 1779 2108 
9892 1518 1672 2177 2200 
9893 1346 2046 1562 2202 
9894 122 1079 690 418 
9895 279 174 171 1862 
9896 701 707 474 2197 
9897 421 364 39 358 
9898 782 1707 570 2196 
9899 899 2100 1057 2229 
9900 1430 1682 1964 2246 
9901 1047 1048 1052 2281 
9902 937 1803 1051 2231 
9903 424 775 738 1791 
9904 1100 1080 978 1956 
9905 789 408 666 1708 
9906 994 991 1856 1932 
9907 806 1970 804 2045 
9908 1013 1745 1015 2127 
9909 1453 1782 1932 2151 
9910 1346 2029 1766 2175 
9911 167 1679 348 2189 
9912 595 1571 2273 2288 
9913 1941 2086 1623 2112 
9914 786 1074 104 623 
9915 333 281 258 2018 
9916 1427 1726 2189 2204 
9917 231 305 265 1818 
9918 798 731 732 2207 
9919 270 343 350 1640 
9920 711 2064 1834 2247 
9921 1722 1833 1392 1994 
9922 166 26 417 359 
9923 554 675 669 2158 
9924 1784 2057 1642 2076 
9925 1351 1628 1944 2048 
9926 280 172 2246 2250 
9927 415 2224 787 2287 
9928 1589 1883 1450 2032 
9929 811 398 17 353 
9930 1464 1882 1740 2023 
9931 613 614 612 1809 
9932 1783 1961 1542 2012 
9933 239 1774 309 2159 
9934 1778 2129 1718 2164 
9935 498 497 496 2110 
9936 955 988 954 1752 
9937 1906 1979 1540 2044 
9938 598 1093 99 1083 
9939 1488 2152 1952 2224 
9940 816 543 852 1799 
9941 1346 1597 2001 2175 
9942 208 199 320 2271 
9943 1484 2039 1566 2253 
9944 750 749 846 1726 
9945 684 681 1697 2170 
9946 853 579 854 2019 
9947 977 965 2111 2127 
9948 1723 1419 2031 2172 
9949 1665 1408 1815 2150 
9950 1969 2050 1403 2267 
9951 1460 1620 1980 2272 
9952 1817 1975 1417 1984 
9953 620 526 524 1823 
9954 1428 1855 1759 2270 
9955 592 1085 438 2273 
9956 256 371 2004 2118 
9957 725 157 47 2218 
9958 1536 1878 1928 2214 
9959 748 678 679 1718 
9960 1069 997 893 1996 
9961 415 650 787 2224 
9962 525 523 524 1665 
9963 334 1808 282 2264 
9964 301 234 303 1622 
9965 1386 1737 1686 2144 
9966 183 182 286 1735 
9967 966 1016 1043 1822 
9968 693 691 1905 2101 
9969 928 1015 1013 1745 
9970 153 340 50 2207 
9971 176 282 334 1808 
9972 1104 135 424 739 
9973 172 173 280 2246 
9974 1466 2101 1678 2253 
9975 454 570 782 1707 
9976 1571 1856 1453 2116 
9977 458 575 779 1987 
9978 1511 1904 1699 2104 
9979 941 931 940 2171 
9980 215 203 202 1798 
9981 628 165 351 1880 
9982 333 238 261 2018 
9983 721 1954 782 2196 
9984 1447 2001 1597 2175 
9985 1731 1922 1504 1940 
9986 553 489 491 1986 
9987 701 704 1934 2208 
9988 475 2099 474 2197 
9989 822 587 577 1833 
9990 1701 1920 1494 2037 
9991 412 764 763 2056 
9992 1050 1795 921 2228 
9993 1024 1026 957 1607 
9994 191 192 200 2091 
9995 1051 2021 946 2231 
9996 767 776 433 1739 
9997 327 198 1710 2251 
9998 1440 1769 1904 2254 
9999 164 862 437 1817 
10000 1592 1970 1456 2045 
10001 183 1735 186 2070 
10002 1478 1920 1701 2037 
10003 853 579 2019 2169 
10004 612 1809 614 2072 
10005 1002 996 2068 2126 
10006 1881 1938 1517 2243 
10007 593 595 2273 2288 
10008 1549 2098 1709 2259 
10009 791 1101 688 2041 
10010 637 542 636 2074 
10011 1551 1935 1794 2274 
10012 1403 1678 2101 2253 
10013 1617 1855 1428 2270 
10014 204 206 212 1966 
10015 52 156 609 374 
10016 1462 1718 2129 2215 
10017 185 2070 1653 2094 
10018 1082 884 1094 2188 
10019 1435 1666 2014 2168 
10020 725 728 733 2218 
10021 1000 1103 1021 1867 
10022 1030 971 1065 2131 
10023 1682 2010 173 2246 
10024 880 405 138 1996 
10025 1404 2080 1729 2222 
10026 220 251 235 1781 
10027 1052 1074 1065 1764 
10028 1473 1668 2131 2135 
10029 1458 1614 1888 2278 
10030 614 848 858 2072 
10031 1370 1870 1594 2260 
10032 1605 2004 1983 2093 
10033 233 260 331 1751 
10034 764 625 626 2139 
10035 745 160 41 386 
10036 635 757 636 2030 
10037 1022 975 1021 1867 
10038 40 160 396 358 
10039 461 1980 548 2272 
10040 363 162 6 431 
10041 505 503 504 1786 
10042 232 231 265 1818 
10043 1387 1709 2061 2137 
10044 2 94 872 1078 
10045 149 87 1 355 
10046 1792 2029 1563 2046 
10047 1579 1956 1481 2164 
10048 1407 2067 1794 2274 
10049 1420 1710 1976 2190 
10050 485 674 539 2034 
10051 1691 1841 1533 2147 
10052 1081 1902 1087 2280 
10053 702 2208 703 2280 
10054 1105 664 113 430 
10055 800 799 606 2191 
10056 1396 1830 1661 1952 
10057 316 387 328 2038 
10058 1473 2056 1696 2139 
10059 1908 2152 1616 2269 
10060 557 1759 579 2169 
10061 485 1929 674 2034 
10062 1475 1877 1691 2289 
10063 1704 1890 1408 2279 
10064 1046 1029 929 1869 
10065 413 647 109 2047 
10066 1541 2238 1712 2245 
10067 1410 2077 1784 2115 
10068 592 1086 1085 2273 
10069 814 633 760 2087 
10070 186 183 286 1735 
10071 534 535 533 1855 
10072 1534 1953 1811 2137 
10073 1654 1794 2067 2274 
10074 373 308 361 1907 
10075 1717 2144 1526 2220 
10076 971 941 1047 2171 
10077 596 2116 1571 2288 
10078 1677 2103 1872 2216 
10079 1728 1458 2060 2172 
10080 1536 1893 1878 2214 
10081 613 614 1809 2072 
10082 1432 1829 1828 2279 
10083 391 90 91 1994 
10084 353 369 275 1719 
10085 1625 2246 1682 2250 
10086 470 468 708 1865 
10087 1416 1929 1612 1992 
10088 883 131 422 1081 
10089 34 416 378 805 
10090 211 201 319 1757 
10091 1580 2103 1888 2248 
10092 1806 1905 1403 2101 
10093 1654 2067 1407 2274 
10094 849 636 2030 2074 
10095 490 492 491 1986 
10096 914 923 915 2075 
10097 1458 2060 1614 2278 
10098 2031 2157 1373 2172 
10099 1443 1766 1723 2015 
10100 243 293 289 1769 
10101 1534 2061 1709 2137 
10102 1011 1049 2005 2167 
10103 1686 2144 1549 2220 
10104 929 943 1046 1869 
10105 411 830 345 1832 
10106 1443 1959 1843 2244 
10107 1494 1822 1745 2105 
10108 94 863 872 2123 
10109 734 40 396 358 
10110 758 1754 692 2101 
10111 1552 1959 1733 2245 
10112 500 2110 1683 2121 
10113 2004 2093 1605 2176 
10114 893 997 895 1997 
10115 579 558 584 2019 
10116 1383 2039 1687 2233 
10117 209 210 2108 2236 
10118 1050 921 925 2228 
10119 1426 1644 1813 2169 
10120 1492 2114 1836 2255 
10121 652 503 505 1786 
10122 921 1795 930 2124 
10123 716 714 715 1777 
10124 1969 2078 1520 2267 
10125 825 827 1747 2247 
10126 909 908 910 1742 
10127 950 941 951 1965 
10128 1353 1959 1733 2244 
10129 1047 1052 971 1828 
10130 1586 1895 1481 2090 
10131 405 720 138 1996 
10132 740 775 739 1791 
10133 1676 2141 1721 2201 
10134 291 296 188 2052 
10135 1641 1477 1943 2268 
10136 712 713 550 1834 
10137 980 1003 1827 2100 
10138 1081 1033 1087 1902 
10139 1433 1839 2031 2109 
10140 1706 1931 1780 2239 
10141 646 871 107 763 
10142 609 410 51 374 
10143 1489 2030 1719 2087 
10144 994 973 991 1932 
10145 1510 1884 1657 2185 
10146 1526 1851 1695 2146 
10147 711 712 550 1834 
10148 575 456 782 1954 
10149 1037 1068 1740 2027 
10150 1420 1976 1835 2190 
10151 161 379 741 2000 
10152 1414 1980 1881 2097 
10153 1351 1887 1816 2122 
10154 904 906 905 1727 
10155 957 1607 1918 2205 
10156 849 398 811 1719 
10157 934 936 937 1803 
10158 434 797 88 1984 
10159 1612 1929 1416 2034 
10160 895 896 894 1997 
10161 1029 1025 923 1725 
10162 407 1093 99 598 
10163 1478 2006 1920 2037 
10164 422 131 710 1081 
10165 1401 1820 1638 2128 
10166 1554 1861 1816 2048 
10167 978 969 1066 1956 
10168 1411 1772 1664 2285 
10169 709 758 790 2027 
10170 1422 1972 1650 2072 
10171 1903 1923 1583 2277 
10172 838 839 735 2138 
10173 1591 1864 274 2250 
10174 1013 2005 1745 2127 
10175 763 785 646 1696 
10176 705 395 128 875 
10177 1502 1802 1716 2240 
10178 887 861 1078 2114 
10179 1695 1851 1526 1933 
10180 821 712 824 2064 
10181 535 1855 534 2270 
10182 611 610 154 2140 
10183 1091 126 709 400 
10184 750 846 847 2189 
10185 50 340 410 2207 
10186 1043 1019 922 1743 
10187 1654 1844 1439 2235 
10188 635 636 542 1730 
10189 1481 1956 1586 2090 
10190 473 698 471 1894 
10191 571 490 680 2036 
10192 781 782 721 1954 
10193 870 996 995 1791 
10194 529 527 528 2062 
10195 300 291 187 2049 
10196 1411 1664 2220 2285 
10197 1684 1939 1520 2084 
10198 289 293 300 2049 
10199 1564 2265 1935 2274 
10200 1724 2152 1488 2287 
10201 1676 1446 2059 2121 
10202 1452 1884 1603 2065 
10203 950 1965 963 2276 
10204 1707 1954 1402 2196 
10205 369 1719 148 2087 
10206 1434 1992 1961 2012 
10207 662 569 500 1683 
10208 1408 1841 1691 2232 
10209 614 613 818 2072 
10210 726 729 813 2055 
10211 406 1070 753 2071 
10212 1495 2266 2105 2276 
10213 296 320 199 1756 
10214 848 614 855 2072 
10215 783 1996 720 2196 
10216 574 1987 779 2166 
10217 666 564 667 2148 
10218 1612 1992 1434 2290 
10219 1882 1558 2023 2194 
10220 1360 1765 1901 2278 
10221 1829 1841 1408 2279 
10222 1411 2156 1707 2206 
10223 946 1051 1036 2021 
10224 1407 1794 1699 1935 
10225 1403 1969 1684 2050 
10226 1025 1046 1022 2209 
10227 473 474 475 2099 
10228 1034 1740 875 2280 
10229 932 1874 1025 2209 
10230 632 397 158 1907 
10231 626 2139 1704 2275 
10232 877 994 1093 1807 
10233 1474 1772 1705 2055 
10234 506 568 651 2152 
10235 1520 1684 1969 2050 
10236 1500 1862 1770 2007 
10237 118 403 1082 747 
10238 789 889 116 1077 
10239 251 1781 220 2093 
10240 96 592 1086 1085 
10241 1731 1835 1504 1922 
10242 1595 2014 1892 2168 
10243 763 764 785 1696 
10244 740 775 1791 2166 
10245 792 708 770 1713 
10246 1891 2102 1451 2195 
10247 243 320 293 1769 
10248 959 1797 958 2167 
10249 172 274 170 1864 
10250 104 881 1074 786 
10251 1682 1430 2010 2246 
10252 688 791 124 1101 
10253 31 356 742 1837 
10254 761 667 564 1790 
10255 1627 1927 1537 2191 
10256 1728 1977 1458 2172 
10257 1496 1816 1887 2122 
10258 1579 2129 1778 2164 
10259 381 168 45 393 
10260 632 14 158 397 
10261 803 745 428 1703 
10262 1485 1596 2147 2291 
10263 785 1696 764 2139 
10264 201 1757 211 2236 
10265 979 969 953 2164 
10266 688 1101 886 2041 
10267 195 188 2052 2261 
10268 1707 1534 2061 2259 
10269 1362 1923 1639 2277 
10270 1639 1923 1903 2277 
10271 1472 2035 1880 2234 
10272 870 406 134 739 
10273 297 295 286 1860 
10274 634 515 517 1863 
10275 140 394 876 722 
10276 1038 878 1091 2027 
10277 1709 2061 1534 2259 
10278 96 592 1085 438 
10279 1683 2059 1446 2121 
10280 466 464 573 2097 
10281 1015 928 1012 1745 
10282 384 375 355 1817 
10283 1413 1679 2074 2219 
10284 576 587 807 2255 
10285 717 715 548 2081 
10286 144 1072 879 439 
10287 910 1014 1023 1920 
10288 153 385 340 2207 
10289 885 1088 1086 2273 
10290 1683 1395 2059 2110 
10291 663 659 660 1908 
10292 1909 2181 1458 2248 
10293 790 707 704 1934 
10294 1757 1846 211 2236 
10295 625 764 412 2056 
10296 1372 1660 2222 2252 
10297 1665 1545 1840 2150 
10298 1039 1040 878 1754 
10299 1536 1928 2069 2214 
10300 1427 1594 1870 2260 
10301 448 769 580 1811 
10302 1023 1920 1014 2130 
10303 31 742 404 1837 
10304 221 211 319 1757 
10305 1415 1939 1729 2084 
10306 459 718 2119 2272 
10307 439 591 436 2114 
10308 1076 413 109 2047 
10309 436 887 145 439 
10310 196 296 199 2052 
10311 1068 705 128 875 
10312 1516 1858 1748 2132 
10313 594 156 53 349 
10314 1427 1647 2155 2260 
10315 1880 2035 1548 2234 
10316 607 552 547 2083 
10317 730 153 49 732 
10318 1060 958 986 1797 
10319 1707 2156 1411 2259 
10320 1858 2073 1748 2132 
10321 156 52 609 426 
10322 1587 2049 1440 2254 
10323 1522 1855 1759 2198 
10324 628 617 616 1880 
10325 403 678 748 1718 
10326 1350 1978 1677 2239 
10327 621 622 623 1764 
10328 1757 1846 1406 1998 
10329 1373 2031 1723 2241 
10330 599 1856 596 2116 
10331 1687 2039 1663 2050 
10332 686 689 685 1995 
10333 821 824 746 2243 
10334 1448 1643 1955 2210 
10335 226 239 309 2159 
10336 1550 1983 1605 2004 
10337 880 138 1069 1996 
10338 815 733 728 1770 
10339 904 1727 905 2293 
10340 991 973 985 1932 
10341 1747 2064 825 2247 
10342 1449 2095 1986 2179 
10343 783 720 721 2196 
10344 117 889 789 2188 
10345 493 494 495 2095 
10346 1496 2122 1887 2219 
10347 930 2040 931 2124 
10348 1641 1866 1477 2268 
10349 833 834 404 1837 
10350 818 855 614 2072 
10351 36 368 345 830 
10352 1451 1891 1968 1993 
10353 114 665 874 430 
10354 1070 406 134 870 
10355 207 327 198 1710 
10356 1491 2222 1660 2252 
10357 1501 2046 1792 2161 
10358 410 340 51 374 
10359 720 1996 721 2196 
10360 455 456 457 2156 
10361 178 281 333 1789 
10362 742 833 1837 2145 
10363 1438 2000 1640 2118 
10364 356 31 150 1837 
10365 1585 2229 1431 2286 
10366 9 154 610 370 
10367 1835 1871 1420 2190 
10368 1095 1077 1000 2136 
10369 1354 2066 1892 2168 
10370 237 309 310 2186 
10371 916 917 927 1896 
10372 1402 2061 1707 2196 
10373 1440 2049 1769 2254 
10374 1707 2196 2061 2226 
10375 100 601 877 407 
10376 161 27 359 741 
10377 979 1022 1021 1778 
10378 561 2139 626 2275 
10379 1839 2031 1419 2172 
10380 695 538 699 2024 
10381 938 925 1917 2249 
10382 1072 1107 1045 2114 
10383 499 2110 498 2121 
10384 604 590 546 2288 
10385 1450 1860 1735 2106 
10386 321 210 213 1846 
10387 138 720 1069 1996 
10388 736 152 38 364 
10389 633 630 632 1907 
10390 318 317 357 1577 
10391 622 621 560 1890 
10392 354 1942 372 2138 
10393 1489 2030 1613 2079 
10394 758 692 693 2101 
10395 340 385 269 2180 
10396 1605 1498 2022 2093 
10397 733 45 168 393 
10398 430 664 663 1724 
10399 1733 1959 1437 2245 
10400 1349 2028 2120 2221 
10401 31 404 150 1837 
10402 618 1912 447 2292 
10403 292 205 290 1916 
10404 408 789 116 1077 
10405 974 1000 975 1867 
10406 1106 1098 872 2123 
10407 1937 2074 1679 2219 
10408 1640 1434 1961 2012 
10409 209 230 302 2108 
10410 540 444 446 2163 
10411 960 947 1035 1882 
10412 788 882 1071 2224 
10413 1428 1968 1891 1993 
10414 751 354 427 1942 
10415 282 176 177 1808 
10416 516 517 1863 2275 
10417 978 1080 1112 1956 
10418 1784 2077 1505 2115 
10419 926 1917 925 2228 
10420 250 219 249 1940 
10421 1600 1901 1757 2236 
10422 957 1024 1607 2205 
10423 1765 1888 1614 2278 
10424 229 1775 246 2108 
10425 1424 1816 1861 2048 
10426 1448 1955 1643 2125 
10427 101 601 1075 877 
10428 594 164 54 437 
10429 668 553 491 2179 
10430 340 1970 410 2207 
10431 813 810 537 2055 
10432 1552 2029 1766 2244 
10433 90 2102 392 2195 
10434 1591 1456 2180 2207 
10435 1765 1888 1377 2112 
10436 166 735 25 2138 
10437 304 234 301 2082 
10438 147 43 428 724 
10439 196 195 188 2052 
10440 1599 1405 2064 2186 
10441 12 165 628 616 
10442 402 151 23 751 
10443 1469 1900 1653 2058 
10444 1431 1744 1911 2028 
10445 982 2125 1643 2126 
10446 1427 1937 1679 2219 
10447 189 294 192 2257 
10448 319 201 192 2257 
10449 330 261 225 1899 
10450 1691 2147 1533 2256 
10451 305 231 234 1927 
10452 477 478 479 1806 
10453 992 2009 1062 2268 
10454 1799 2192 1545 2289 
10455 1791 2068 996 2126 
10456 582 793 823 1975 
10457 1362 1658 2016 2277 
10458 1070 133 406 753 
10459 494 492 677 2095 
10460 1509 2205 1571 2273 
10461 938 1026 925 2249 
10462 640 637 840 1937 
10463 428 43 147 347 
10464 113 1061 1105 430 
10465 103 1074 888 623 
10466 886 688 124 1101 
10467 434 866 797 1984 
10468 1410 1639 1903 2277 
10469 645 646 785 2154 
10470 557 558 579 1759 
10471 11 165 616 399 
10472 361 15 373 760 
10473 281 178 175 1789 
10474 411 152 37 736 
10475 645 643 413 2047 
10476 419 360 8 370 
10477 117 789 747 2188 
10478 1372 2073 1915 2174 
10479 1501 2029 1792 2046 
10480 397 13 158 351 
10481 236 326 212 1966 
10482 625 412 786 2056 
10483 275 254 287 1802 
10484 1000 1077 889 1708 
10485 1708 1867 1462 2188 
10486 1397 1906 1646 2044 
10487 1551 2147 1691 2256 
10488 577 586 540 2163 
10489 395 875 1740 2280 
10490 1109 1070 1067 2071 
10491 875 1034 1037 1740 
10492 296 291 293 2049 
10493 33 416 743 378 
10494 729 727 802 1705 
10495 1365 2238 1712 2254 
10496 1830 1952 1488 2152 
10497 689 572 685 1895 
10498 428 745 42 347 
10499 1759 2019 579 2169 
10500 303 202 327 1976 
10501 889 1103 1000 2188 
10502 920 926 925 2228 
10503 1653 2052 188 2261 
10504 288 2155 1802 2240 
10505 564 496 761 1790 
10506 600 602 601 1807 
10507 1372 2073 1858 2132 
10508 899 1057 1005 2229 
10509 210 211 1846 2236 
10510 352 10 154 611 
10511 602 627 601 2013 
10512 1442 1978 1706 2239 
10513 1473 1828 1764 2279 
10514 15 632 373 760 
10515 833 756 673 2145 
10516 1640 1961 1783 2012 
10517 467 468 469 1974 
10518 642 2043 645 2154 
10519 705 704 395 1740 
10520 1435 2120 1804 2168 
10521 1012 1822 966 2276 
10522 976 977 965 2111 
10523 403 884 118 1082 
10524 368 35 805 830 
10525 826 700 830 1832 
10526 304 362 383 2191 
10527 1676 2059 1582 2110 
10528 344 367 266 2227 
10529 1077 1708 1000 2136 
10530 889 117 1082 2188 
10531 2004 2176 1605 2193 
10532 1729 1909 1415 2132 
10533 371 270 161 2000 
10534 824 825 734 2064 
10535 1480 1643 1955 2126 
10536 757 814 849 2030 
10537 1372 1858 2073 2174 
10538 1666 1435 2014 2069 
10539 1970 2180 1456 2207 
10540 768 391 822 1994 
10541 217 208 1844 2271 
10542 574 460 779 1987 
10543 1438 1674 2158 2193 
10544 230 229 246 2108 
10545 1759 1855 1428 2198 
10546 992 980 1827 2268 
10547 610 419 8 370 
10548 344 272 1703 2227 
10549 1047 941 940 2171 
10550 1526 2220 1664 2285 
10551 488 489 487 2092 
10552 689 690 773 2090 
10553 1490 1735 1860 2106 
10554 255 246 229 1775 
10555 1729 2003 1576 2084 
10556 888 414 103 623 
10557 483 484 485 2034 
10558 807 1836 868 2255 
10559 1072 1059 879 1826 
10560 889 1000 1708 2188 
10561 1557 2073 1858 2174 
10562 353 148 369 1719 
10563 500 498 2110 2121 
10564 1434 1603 2026 2290 
10565 480 693 691 1905 
10566 270 379 161 2000 
10567 714 1777 718 2272 
10568 1458 2181 1762 2248 
10569 1645 2009 1477 2063 
10570 485 486 487 2092 
10571 193 191 306 2091 
10572 572 488 486 2092 
10573 1010 1071 990 2017 
10574 748 1102 119 403 
10575 875 395 129 2280 
10576 1001 992 980 1827 
10577 581 822 577 1833 
10578 751 151 354 1942 
10579 1423 2228 1795 2249 
10580 395 706 129 2280 
10581 1766 2175 1572 2225 
10582 893 894 892 1997 
10583 583 557 579 2169 
10584 272 1852 1703 2227 
10585 342 351 329 1880 
10586 830 345 36 411 
10587 179 284 182 2032 
10588 753 883 132 422 
10589 1735 2070 183 2094 
10590 684 699 538 2024 
10591 1075 2013 1048 2281 
10592 429 592 595 2273 
10593 701 702 704 2208 
10594 500 499 498 2121 
10595 1474 1770 1862 2007 
10596 423 741 28 379 
10597 1434 2026 1837 2145 
10598 561 626 518 2275 
10599 980 1003 1001 1827 
10600 109 647 890 2047 
10601 324 325 249 1689 
10602 1639 1518 2042 2200 
10603 1577 1837 2026 2145 
10604 959 958 935 2167 
10605 516 518 517 2275 
10606 1363 2069 2113 2214 
10607 1874 2209 1579 2284 
10608 1656 1438 2158 2193 
10609 1675 1381 1946 2105 
10610 1418 1720 1950 2153 
10611 121 425 690 2090 
10612 277 354 372 2138 
10613 1779 2108 1452 2236 
10614 337 372 151 1942 
10615 1464 1753 1882 2194 
10616 875 1037 1068 1740 
10617 1485 1699 1944 2291 
10618 453 455 1958 2156 
10619 610 154 9 611 
10620 1706 1978 1350 2239 
10621 1422 1644 1972 2140 
10622 654 556 652 2258 
10623 904 902 903 1926 
10624 825 711 827 2247 
10625 1350 1677 2033 2239 
10626 597 853 854 1813 
10627 1666 2014 1928 2069 
10628 1493 2011 1850 2183 
10629 957 1918 1027 2205 
10630 325 324 329 1689 
10631 121 690 873 2090 
10632 252 251 2093 2176 
10633 1532 1955 2125 2126 
10634 742 832 833 2145 
10635 117 747 1082 2188 
10636 904 902 1926 2293 
10637 884 119 1102 403 
10638 1373 1977 1723 2172 
10639 41 160 745 396 
10640 393 815 817 2203 
10641 740 774 574 2166 
10642 1696 2139 785 2154 
10643 260 2117 334 2264 
10644 1056 901 1007 1738 
10645 1594 1427 2204 2260 
10646 246 256 230 2118 
10647 317 163 357 1577 
10648 427 25 735 2138 
10649 767 92 91 2195 
10650 1440 1904 1769 2067 
10651 459 460 461 2272 
10652 272 259 1852 2227 
10653 1769 1904 1407 2067 
10654 111 788 415 882 
10655 804 806 609 1970 
10656 1530 2005 1669 2017 
10657 127 1091 709 2027 
10658 1055 1005 983 2229 
10659 244 322 336 2053 
10660 671 834 673 1961 
10661 1488 1952 1655 2224 
10662 449 536 762 2292 
10663 235 251 337 1781 
10664 859 771 435 1985 
10665 1833 2083 1461 2163 
10666 404 30 150 744 
10667 317 1921 1577 2038 
10668 966 950 963 2276 
10669 299 298 252 2004 
10670 849 636 757 2030 
10671 1466 1934 1740 2023 
10672 911 918 919 1850 
10673 1477 2009 1645 2268 
10674 972 1782 1064 2281 
10675 1072 145 887 439 
10676 904 1926 1727 2293 
10677 912 913 914 2075 
10678 174 173 171 2010 
10679 1473 1696 2020 2139 
10680 930 921 1050 1795 
10681 743 163 33 378 
10682 529 531 545 2212 
10683 275 287 167 1679 
10684 847 846 755 2204 
10685 1388 1973 1690 2190 
10686 1491 1981 2044 2252 
10687 598 596 599 1856 
10688 327 202 198 2251 
10689 1510 1657 2051 2185 
10690 882 2224 415 2287 
10691 1655 2043 1463 2047 
10692 341 249 325 1940 
10693 630 397 632 1907 
10694 791 687 692 2041 
10695 179 181 180 1883 
10696 1804 2120 1515 2168 
10697 1061 114 874 430 
10698 1421 1647 1966 2240 
10699 454 1707 2156 2206 
10700 1681 1848 1432 2266 
10701 1718 2129 1481 2164 
10702 1505 2077 1991 2115 
10703 1028 1027 957 1918 
10704 437 797 866 1817 
10705 1721 2158 1674 2193 
10706 1398 1848 1681 2266 
10707 242 240 292 1889 
10708 259 335 273 1852 
10709 248 228 307 1885 
10710 87 864 799 2191 
10711 1775 2012 1640 2118 
10712 317 316 1921 2038 
10713 302 200 209 1779 
10714 388 162 365 1813 
10715 1034 1087 1033 2280 
10716 1683 2110 2059 2121 
10717 1545 2150 1857 2289 
10718 213 210 211 1846 
10719 719 463 465 1881 
10720 827 421 825 1747 
10721 18 167 851 811 
10722 694 475 477 1982 
10723 772 740 406 2071 
10724 434 88 89 1984 
10725 1073 1102 120 748 
10726 1588 1958 1772 2055 
10727 378 155 805 1921 
10728 209 210 229 2108 
10729 1422 2072 1650 2211 
10730 1085 872 863 2123 
10731 689 773 572 1895 
10732 21 382 749 750 
10733 447 1912 1953 2292 
10734 648 642 645 2154 
10735 639 637 640 1937 
10736 1011 959 1049 2167 
10737 647 110 890 788 
10738 629 617 628 1880 
10739 1410 1991 2077 2115 
10740 345 152 37 411 
10741 252 2004 298 2176 
10742 127 1068 1091 2027 
10743 465 463 464 2097 
10744 904 903 1006 1926 
10745 390 369 148 2087 
10746 1764 1828 1479 2279 
10747 860 392 2102 2195 
10748 1059 1045 967 1866 
10749 881 1065 1074 1764 
10750 1018 1020 1009 1981 
10751 1423 1917 2228 2249 
10752 890 1076 109 2047 
10753 860 794 1891 2102 
10754 185 183 2070 2094 
10755 476 475 474 2197 
10756 711 825 2064 2247 
10757 818 544 855 1819 
10758 628 165 12 351 
10759 758 693 566 2101 
10760 1417 1975 1817 2053 
10761 555 657 497 2141 
10762 1437 2042 1853 2177 
10763 870 739 1104 1791 
10764 1520 1939 1684 2050 
10765 279 171 169 1862 
10766 440 420 441 1826 
10767 1459 2024 1697 2170 
10768 1828 1829 1479 2279 
10769 768 581 823 1722 
10770 379 29 423 350 
10771 1666 2113 2069 2214 
10772 676 656 655 2201 
10773 1592 1975 1875 2053 
10774 473 551 698 2099 
10775 1393 1703 1852 2227 
10776 1417 1875 1975 2053 
10777 1397 1979 1906 2044 
10778 716 718 714 1777 
10779 992 1063 1062 2009 
10780 547 540 446 2083 
10781 532 530 605 1913 
10782 1656 2158 1721 2193 
10783 594 54 164 349 
10784 142 759 1097 2009 
10785 495 657 554 2141 
10786 877 1064 994 1807 
10787 972 973 1064 1782 
10788 480 479 478 1806 
10789 1754 2101 1466 2253 
10790 228 1885 248 2235 
10791 1549 2144 1717 2220 
10792 1351 1816 1887 2048 
10793 548 461 463 1980 
10794 358 310 367 2186 
10795 1734 1947 1499 2173 
10796 272 266 259 2227 
10797 306 323 206 1845 
10798 1666 1928 1392 2214 
10799 618 446 447 1912 
10800 1516 1748 2033 2132 
10801 1094 1103 1082 2188 
10802 1441 2138 1656 2176 
10803 1766 2029 1443 2244 
10804 1488 2152 1724 2269 
10805 1616 2152 1830 2269 
10806 653 541 755 2204 
10807 687 686 565 1995 
10808 1464 2208 1740 2280 
10809 551 475 694 2099 
10810 1657 2065 1992 2290 
10811 1413 1719 2030 2074 
10812 1427 2155 1726 2260 
10813 29 423 350 744 
10814 598 599 407 1856 
10815 410 1970 806 2207 
10816 686 687 688 2041 
10817 1884 2065 1657 2290 
10818 569 660 659 1908 
10819 420 440 439 1826 
10820 1061 1099 1105 2287 
10821 436 861 887 2114 
10822 655 556 654 2258 
10823 1839 2157 2031 2172 
10824 388 360 162 1813 
10825 438 1085 863 2123 
10826 709 705 127 2027 
10827 1587 1712 2238 2254 
10828 1412 2137 1951 2221 
10829 1413 2030 1730 2074 
10830 751 354 24 427 
10831 659 504 502 2133 
10832 1439 2178 1857 2234 
10833 11 165 399 352 
10834 260 245 334 2117 
10835 875 129 1087 2280 
10836 1683 2121 1446 2133 
10837 1830 2152 1488 2269 
10838 1355 1788 1949 2283 
10839 1495 1965 2266 2276 
10840 381 393 44 2203 
10841 922 921 930 2124 
10842 1031 1065 881 2056 
10843 1478 1742 1920 2006 
10844 1515 2120 1804 2221 
10845 1671 2058 1469 2261 
10846 346 274 366 1864 
10847 427 841 1942 2138 
10848 1097 1063 142 2009 
10849 447 1953 449 2292 
10850 713 467 469 1974 
10851 874 1095 1060 2136 
10852 504 503 502 2133 
10853 1878 1392 1928 2214 
10854 999 996 1791 2068 
10855 156 374 339 1970 
10856 667 747 789 2188 
10857 1795 2040 930 2124 
10858 623 622 786 1764 
10859 161 28 741 379 
10860 868 436 591 2114 
10861 601 407 600 1807 
10862 1681 1965 1432 2171 
10863 23 151 402 338 
10864 855 544 525 1819 
10865 667 761 780 2215 
10866 318 357 389 2026 
10867 1414 1999 1741 2165 
10868 1566 2101 1754 2253 
10869 538 694 477 1982 
10870 196 198 197 2251 
10871 725 726 728 2218 
10872 725 409 726 2218 
10873 1073 120 425 748 
10874 705 1068 127 2027 
10875 1020 905 1009 1981 
10876 970 1059 967 1866 
10877 540 552 577 2083 
10878 1458 1728 2060 2278 
10879 135 1104 870 739 
10880 1443 1766 2015 2029 
10881 627 102 1075 888 
10882 427 1942 354 2138 
10883 706 702 703 2280 
10884 801 793 582 1975 
10885 897 894 896 1971 
10886 773 679 680 2036 
10887 1451 1891 1993 2102 
10888 1751 2117 260 2264 
10889 959 1011 990 2017 
10890 678 571 679 2036 
10891 810 453 455 1958 
10892 1427 1937 1810 2204 
10893 1603 2065 1884 2290 
10894 851 167 19 401 
10895 998 1092 1076 2047 
10896 1781 2022 1498 2093 
10897 1013 1049 928 2005 
10898 1747 1405 2064 2247 
10899 166 25 354 2138 
10900 1026 985 1050 2249 
10901 287 1802 288 2155 
10902 354 24 151 751 
10903 453 2156 1958 2206 
10904 149 375 383 2191 
10905 529 2062 531 2212 
10906 142 752 759 2009 
10907 1087 129 706 2280 
10908 926 1054 939 1847 
10909 1654 2235 1439 2274 
10910 627 414 102 888 
10911 382 21 159 750 
10912 276 169 168 1770 
10913 1745 1495 2105 2276 
10914 1469 2058 1653 2261 
10915 276 1770 168 2203 
10916 18 167 811 353 
10917 940 931 930 2040 
10918 115 665 408 2136 
10919 588 589 1891 2270 
10920 810 813 729 2055 
10921 350 150 30 744 
10922 115 874 665 2136 
10923 899 1003 1057 2100 
10924 777 414 627 2013 
10925 250 268 262 1731 
10926 752 142 1063 2009 
10927 300 190 194 1854 
10928 1065 971 1052 1828 
10929 1439 1689 2178 2234 
10930 1839 1634 2157 2172 
10931 1015 2127 1745 2276 
10932 1469 1653 2094 2261 
10933 533 765 531 2212 
10934 977 1013 965 2127 
10935 1463 2020 1696 2154 
10936 842 655 654 2258 
10937 1639 2042 1949 2200 
10938 1478 1843 2037 2241 
10939 1745 2127 1495 2276 
10940 921 919 920 2228 
10941 1681 1432 1965 2266 
10942 1709 1951 1534 2137 
10943 1346 2015 1766 2029 
10944 170 1864 346 2218 
10945 842 751 841 1942 
10946 2080 2222 1491 2252 
10947 1039 1038 1036 2021 
10948 966 1012 1016 1822 
10949 447 448 449 1953 
10950 391 768 90 1994 
10951 383 305 304 1927 
10952 256 270 371 2118 
10953 1666 2069 1928 2214 
10954 442 444 586 2163 
10955 1462 1778 1963 2129 
10956 1373 1723 2031 2172 
10957 863 2 94 872 
10958 521 520 522 1840 
10959 1747 2064 1405 2186 
10960 1432 2131 1965 2135 
10961 724 44 393 2203 
10962 1424 1887 1816 2048 
10963 513 542 511 2025 
10964 592 438 593 2273 
10965 1518 2177 2042 2200 
10966 272 347 344 1703 
10967 169 170 157 2218 
10968 1497 2134 1915 2210 
10969 1888 2103 1516 2248 
10970 472 473 471 1894 
10971 692 758 400 1754 
10972 1402 1707 2061 2259 
10973 1040 1041 1080 1812 
10974 457 459 718 2119 
10975 485 487 674 1929 
10976 400 1091 126 878 
10977 1834 2064 1405 2247 
10978 1347 2177 1979 2181 
10979 990 882 1099 2287 
10980 1979 2177 1529 2181 
10981 953 932 1025 2209 
10982 862 1 87 355 
10983 2 94 1078 861 
10984 530 559 605 1913 
10985 597 419 853 1813 
10986 994 1083 1093 1856 
10987 378 155 34 805 
10988 329 351 165 1880 
10989 1012 966 1015 2276 
10990 574 779 775 2166 
10991 807 432 868 1836 
10992 1653 2058 1900 2283 
10993 714 461 548 2272 
10994 256 371 298 2004 
10995 707 476 474 2197 
10996 1437 2042 2177 2200 
10997 1407 1794 1935 2274 
10998 323 1983 252 2093 
10999 406 753 772 2071 
11000 1075 1048 1064 2281 
11001 1548 2178 1689 2234 
11002 454 2156 453 2206 
11003 298 380 277 2176 
11004 1454 1963 1778 2284 
11005 1854 1587 2238 2254 
11006 882 111 788 1071 
11007 457 458 459 2119 
11008 149 1 87 864 
11009 427 354 25 2138 
11010 1421 1966 1916 2240 
11011 927 1049 935 2167 
11012 796 869 438 2123 
11013 806 410 609 1970 
11014 344 266 272 2227 
11015 976 1092 998 2111 
11016 245 260 233 2117 
11017 238 333 258 2018 
11018 1014 1019 1016 2130 
11019 1353 2037 1843 2244 
11020 243 292 240 1889 
11021 787 568 663 2152 
11022 280 176 334 2246 
11023 1745 2105 1822 2276 
11024 1839 2060 1634 2172 
11025 1090 1081 883 1902 
11026 809 453 810 1958 
11027 964 951 1030 2131 
11028 284 179 178 2032 
11029 712 711 825 2064 
11030 631 844 856 2035 
11031 226 225 238 2159 
11032 236 263 267 2155 
11033 788 110 890 1071 
11034 1458 1977 1762 2181 
11035 711 698 697 2247 
11036 863 1085 95 872 
11037 446 445 447 1912 
11038 933 924 932 2184 
11039 307 342 248 1885 
11040 1380 2150 1815 2256 
11041 1412 1953 1912 2292 
11042 588 546 589 2270 
11043 377 357 356 1837 
11044 436 868 795 2114 
11045 1086 1088 1027 2273 
11046 1088 2205 1027 2273 
11047 1759 1426 2019 2169 
11048 1070 870 995 2071 
11049 319 294 295 2257 
11050 416 829 831 1921 
11051 1437 1949 2042 2200 
11052 785 2139 561 2154 
11053 841 751 427 1942 
11054 450 449 448 1953 
11055 437 862 797 1817 
11056 1772 1873 1664 2285 
11057 817 715 820 2081 
11058 299 252 323 1983 
11059 804 607 608 2045 
11060 518 516 561 2275 
11061 701 704 707 1934 
11062 1813 2019 1426 2169 
11063 643 647 413 2047 
11064 676 658 555 2201 
11065 723 783 784 2226 
11066 1888 1909 1458 2248 
11067 1516 1909 1888 2248 
11068 650 651 787 2152 
11069 348 267 159 2189 
11070 411 826 830 1832 
11071 980 1057 1003 2100 
11072 513 511 512 2025 
11073 1086 1027 1085 2273 
11074 502 501 500 2121 
11075 1704 2232 1475 2275 
11076 316 155 317 1921 
11077 665 661 408 2136 
11078 917 928 927 1896 
11079 377 357 1837 2026 
11080 326 204 212 1966 
11081 1762 1977 1529 2181 
11082 170 346 157 2218 
11083 90 392 91 2195 
11084 721 720 405 1996 
11085 183 186 185 2070 
11086 252 277 251 2176 
11087 1084 1031 1096 2056 
11088 977 1010 1011 2017 
11089 672 674 487 1929 
11090 1726 2204 1427 2260 
11091 185 184 183 2094 
11092 384 355 164 1817 
11093 1676 2059 2110 2121 
11094 898 897 896 1971 
11095 349 322 384 2053 
11096 1411 1958 2156 2206 
11097 612 399 613 1809 
11098 1580 2103 1914 2106 
11099 345 315 314 1832 
11100 832 682 756 2145 
11101 593 595 592 2273 
11102 930 931 922 2124 
11103 1380 2178 1680 2211 
11104 1432 2135 1965 2266 
11105 278 2180 385 2250 
11106 638 636 849 2074 
11107 1587 1854 2049 2254 
11108 631 856 629 2035 
11109 691 482 480 1905 
11110 276 168 381 2203 
11111 1431 2229 1771 2286 
11112 1058 2125 982 2126 
11113 453 454 455 2156 
11114 277 166 354 2138 
11115 516 517 515 1863 
11116 925 2228 1917 2249 
11117 1653 2058 2052 2261 
11118 618 447 762 2292 
11119 1433 2031 1839 2157 
11120 1407 1935 2265 2274 
11121 837 675 838 2158 
11122 608 806 804 2045 
11123 1579 2209 1778 2284 
11124 721 782 570 2196 
11125 549 719 465 1881 
11126 1963 2129 1778 2284 
11127 1495 1965 2135 2266 
11128 276 147 273 2203 
11129 438 1085 95 863 
11130 545 531 765 2212 
11131 1006 1008 918 2149 
11132 494 493 492 2095 
11133 436 795 861 2114 
11134 1778 2209 1454 2284 
11135 115 408 1077 2136 
11136 959 986 958 1797 
11137 1575 2139 2020 2154 
11138 491 489 490 1986 
11139 622 560 624 1890 
11140 668 493 554 2179 
11141 951 971 1030 2131 
11142 1457 2044 1981 2252 
11143 234 304 305 1927 
11144 821 819 549 2243 
11145 591 807 868 2255 
11146 759 752 578 2009 
11147 176 280 173 2246 
11148 739 775 424 1791 
11149 1028 957 954 1918 
11150 459 714 718 2272 
11151 280 278 172 2250 
11152 771 392 90 2102 
11153 1066 873 1100 2090 
11154 870 999 996 1791 
11155 167 287 348 1679 
11156 963 950 951 1965 
11157 977 976 998 2111 
11158 908 907 911 2183 
11159 1013 1015 965 2127 
11160 1047 972 1048 2281 
11161 805 155 35 368 
11162 702 706 395 2280 
11163 1436 2040 1795 2124 
11164 1431 2100 1771 2229 
11165 217 207 208 2271 
11166 158 342 308 1907 
11167 345 368 315 1832 
11168 1514 2187 1818 2199 
11169 906 907 908 2183 
11170 1087 1034 875 2280 
11171 1077 874 115 2136 
11172 580 723 784 2226 
11173 661 662 666 2148 
11174 858 545 857 1972 
11175 1367 2129 1963 2284 
11176 530 531 529 2062 
11177 269 278 257 2180 
11178 299 256 298 2004 
11179 507 505 506 2054 
11180 381 44 147 2203 
11181 254 288 287 1802 
11182 785 561 648 2154 
11183 575 782 781 1954 
11184 684 481 681 2170 
11185 709 790 705 2027 
11186 860 392 794 2102 
11187 306 191 200 2091 
11188 461 462 463 1980 
11189 1000 1021 975 1867 
11190 310 309 367 2186 
11191 216 231 232 2199 
11192 427 839 841 2138 
11193 2020 2139 1696 2154 
11194 589 860 794 1891 
11195 750 401 20 2189 
11196 805 829 416 1921 
11197 262 303 327 1976 
11198 719 819 717 1938 
11199 290 205 326 1916 
11200 742 833 404 1837 
11201 1872 2103 1560 2216 
11202 970 980 992 2268 
11203 905 1007 902 2293 
11204 915 1042 1017 1910 
11205 690 425 773 2090 
11206 302 299 323 1983 
11207 643 642 562 2043 
11208 794 771 859 2102 
11209 887 1078 1107 2114 
11210 348 19 167 401 
11211 864 149 4 2191 
11212 210 201 211 2236 
11213 435 800 859 1985 
11214 1111 1083 994 1856 
11215 1023 913 910 1920 
11216 1445 2062 1913 2230 
11217 845 583 853 2169 
11218 837 741 836 2000 
11219 803 717 819 1938 
11220 440 576 591 2255 
11221 981 982 1058 2125 
11222 16 760 361 2087 
11223 187 185 186 2070 
11224 1035 1034 960 1882 
11225 926 938 925 1917 
11226 483 485 539 2034 
11227 578 778 769 2063 
11228 1444 2117 1751 2264 
11229 183 184 181 2094 
11230 777 627 602 2013 
11231 148 16 361 2087 
11232 604 2116 596 2288 
11233 151 372 354 1942 
11234 983 1005 1057 2229 
11235 750 20 159 2189 
11236 937 946 945 2231 
11237 274 278 385 2250 
11238 873 1066 1073 2090 
11239 645 642 643 2043 
11240 481 684 479 2170 
11241 702 567 703 2208 
11242 846 653 755 2204 
11243 508 507 506 2054 
11244 44 724 147 2203 
11245 209 201 210 2236 
11246 443 578 769 2063 
11247 16 148 398 2087 
11248 669 675 837 2158 
11249 995 1067 1070 2071 
11250 686 685 565 1995 
11251 1882 2023 1464 2194 
11252 322 349 336 2053 
11253 1355 1900 2058 2283 
11254 1085 1106 872 2123 
11255 741 423 836 2000 
11256 934 924 933 2184 
11257 348 20 401 2189 
11258 195 283 184 2261 
11259 780 677 678 2215 
11260 356 150 377 1837 
11261 847 840 401 2189 
11262 447 449 762 2292 
11263 149 362 4 2191 
11264 454 453 452 2206 
11265 460 458 779 1987 
11266 374 340 339 1970 
11267 1112 1080 1041 1812 
11268 170 274 346 1864 
11269 495 497 657 2141 
11270 740 574 775 2166 
11271 164 55 862 355 
11272 287 288 267 2155 
11273 393 817 724 2203 
11274 1072 887 1107 2114 
11275 2061 2196 1593 2226 
11276 1013 1011 1049 2005 
11277 307 241 264 2088 
11278 307 264 308 2088 
11279 146 1078 887 861 
11280 455 454 456 2156 
11281 593 590 595 2288 
11282 1036 1051 1039 2021 
11283 16 398 760 2087 
11284 696 828 697 2143 
11285 268 365 301 2082 
11286 1643 2125 1955 2126 
11287 466 465 464 2097 
11288 862 55 164 437 
11289 1037 1038 1068 2027 
11290 1101 1040 886 2041 
11291 904 905 902 2293 
11292 184 188 195 2261 
11293 1066 969 993 2164 
11294 854 584 865 2019 
11295 589 794 588 1891 
11296 436 146 887 861 
11297 1096 1031 881 2056 
11298 890 998 1076 2047 
11299 599 596 563 2116 
11300 857 615 858 1972 
11301 228 248 218 2235 
11302 1058 1004 981 2125 
11303 173 174 175 2010 
11304 930 942 940 2040 
11305 820 715 717 2081 
11306 1016 1023 1014 2130 
11307 332 260 282 2264 
11308 696 697 551 2143 
11309 611 615 610 2140 
11310 798 410 806 2207 
11311 288 236 267 2155 
11312 819 821 746 2243 
11313 612 615 611 2140 
11314 519 852 543 2192 
11315 561 785 764 2139 
11316 94 796 863 2123 
11317 252 298 277 2176 
11318 1055 1008 1006 2149 
11319 999 870 1104 1791 
11320 970 992 1062 2268 
11321 925 1026 1050 2249 
11322 451 452 453 2206 
11323 246 270 256 2118 
11324 260 334 282 2264 
11325 1090 1033 1081 1902 
11326 711 697 827 2247 
11327 348 159 20 2189 
11328 1002 999 892 2068 
11329 1069 893 880 1996 
11330 957 1027 1024 2205 
11331 595 604 596 2288 
11332 252 251 220 2093 
11333 853 583 579 2169 
11334 250 249 341 1940 
11335 308 373 158 1907 
11336 323 252 220 2093 
11337 912 914 915 2075 
11338 301 365 304 2082 
11339 218 227 228 2235 
11340 233 216 232 2199 
11341 530 529 528 2062 
11342 788 644 650 2224 
11343 157 47 46 725 
11344 854 579 584 2019 
11345 296 196 188 2052 
11346 300 293 291 2049 
11347 852 519 521 2192 
11348 1022 953 1025 2209 
11349 662 564 666 2148 
11350 405 138 137 880 
11351 259 273 272 1852 
11352 638 637 636 2074 
11353 1074 103 104 623 
11354 488 487 486 2092 
11355 969 979 993 2164 
11356 239 226 238 2159 
11357 626 561 764 2139 
11358 687 791 688 2041 
11359 1062 1063 1097 2009 
11360 499 500 501 2121 
11361 712 825 824 2064 
11362 664 1105 112 2287 
11363 493 668 491 2179 
11364 540 547 552 2083 
11365 444 540 586 2163 
11366 475 551 473 2099 
11367 197 198 202 2251 
11368 229 230 209 2108 
11369 108 109 1076 413 
11370 142 141 752 1063 
11371 316 318 387 2038 
11372 563 596 604 2116 
11373 1087 129 130 706 
11374 591 576 807 2255 
11375 1048 972 1064 2281 
11376 101 102 1075 627 
11377 664 415 787 2287 
11378 415 788 650 2224 
11379 882 415 112 2287 
11380 546 535 534 2270 
11381 399 10 11 352 
11382 889 116 117 789 
11383 656 676 555 2201 
11384 732 410 798 2207 
11385 51 50 340 410 
11386 679 571 680 2036 
11387 1082 117 118 747 
11388 199 208 207 2271 
11389 921 920 925 2228 
11390 138 139 1069 720 
11391 705 128 127 1068 
11392 1079 122 123 418 
11393 1038 1091 1068 2027 
11394 893 895 894 1997 
11395 429 98 97 885 
11396 628 12 13 351 
11397 48 47 346 409 
11398 871 107 108 646 
11399 702 701 567 2208 
11400 427 735 839 2138 
11401 833 832 756 2145 
11402 664 112 415 2287 
11403 677 780 761 2215 
11404 568 787 651 2152 
11405 111 110 788 1071 
11406 592 97 96 1086 
11407 364 39 38 421 
11408 570 783 721 2196 
11409 690 122 121 873 
11410 278 274 172 2250 
11411 136 137 891 737 
11412 881 104 105 786 
11413 1061 113 114 430 
11414 1085 95 96 438 
11415 760 398 814 2087 
11416 6 5 363 431 
11417 192 294 319 2257 
11418 155 378 317 1921 
11419 1072 144 145 439 
11420 14 13 158 397 
11421 425 121 120 1073 
11422 882 112 1105 2287 
11423 417 26 27 359 
11424 546 588 535 2270 
11425 401 750 847 2189 
11426 999 1002 996 2068 
11427 884 118 119 403 
11428 115 114 665 874 
11429 648 645 785 2154 
11430 394 141 140 876 
11431 1058 982 996 2126 
11432 1024 1027 1088 2205 
11433 129 128 395 875 
11434 1082 1103 889 2188 
11435 883 131 132 422 
11436 46 45 168 733 
11437 594 53 54 349 
11438 1010 990 1011 2017 
11439 134 133 406 1070 
11440 767 91 392 2195 
11441 385 278 269 2180 
11442 160 41 40 396 
11443 963 1015 966 2276 
11444 356 32 31 742 
11445 937 1051 946 2231 
11446 461 714 459 2272 
11447 606 4 5 362 
11448 598 99 98 1083 
11449 438 863 796 2123 
11450 131 130 710 1081 
11451 377 255 357 2026 
11452 50 49 153 732 
11453 601 101 100 877 
11454 161 28 27 741 
11455 166 26 25 735 
11456 794 392 771 2102 
11457 428 42 43 347 
11458 10 9 154 611 
11459 606 799 864 2191 
11460 959 935 1049 2167 
11461 1089 139 140 722 
11462 31 30 150 404 
11463 392 860 767 2195 
11464 162 7 6 597 
11465 345 37 36 411 
11466 350 30 29 744 
11467 148 17 16 398 
11468 152 38 37 736 
11469 1109 132 133 753 
11470 811 17 18 353 
11471 730 48 49 366 
11472 361 390 148 2087 
11473 107 106 763 1084 
11474 402 22 23 338 
11475 1093 99 100 407 
11476 745 41 42 386 
11477 879 143 144 420 
11478 8 7 360 419 
11479 734 39 40 358 
11480 20 19 348 401 
11481 709 127 126 1091 
11482 124 123 688 886 
11483 423 28 29 379 
11484 632 14 15 373 
11485 52 156 53 426 
11486 134 135 870 739 
11487 604 595 590 2288 
11488 1102 119 120 748 
11489 105 106 1096 412 
11490 24 23 151 751 
11491 126 125 400 878 
11492 361 16 15 760 
11493 610 8 9 370 
11494 887 145 146 436 
11495 1097 142 143 759 
11496 55 54 164 437 
11497 995 996 982 2126 
11498 276 381 147 2203 
11499 112 111 415 882 
11500 863 95 2 872 
11501 4 1 149 864 
11502 32 163 33 743 
11503 113 112 664 1105 
11504 791 125 124 1101 
11505 862 55 1 355 
11506 109 110 890 647 
11507 43 147 44 724 
11508 424 136 135 1104 
11509 1078 146 2 861 
11510 1077 1095 874 2136 
11511 389 357 255 2026 
11512 609 51 52 374 
11513 36 35 368 830 
11514 317 318 316 2038 
11515 149 383 362 2191 
11516 45 44 381 393 
11517 116 115 408 1077 
11518 165 12 11 616 
11519 34 155 35 805 
11520 21 20 159 750 
11521 33 34 416 378 
11522 25 24 354 427 
11523 882 1105 1099 2287 
11524 103 102 414 888 
11525 22 21 382 749 
11526 167 19 18 851 
11527 1486 1947 2237 1401 
11528 2237 1947 1486 1871 
11529 1423 1897 1503 1607 
11530 1503 1897 1423 1787 
11531 1752 939 1544 1503 
11532 1752 1544 939 955 
11533 2025 515 514 513 
11534 2025 514 515 1863 
11535 2010 1589 175 1808 
11536 2010 175 1589 1789 
11537 1546 2113 1750 1461 
11538 1750 2113 1546 1363 
11539 215 1976 202 303 
11540 202 1976 215 1798 
11541 1706 2243 1405 1517 
11542 1405 2243 1706 1599 
11543 350 1837 343 150 
11544 343 1837 350 1640 
11545 2032 1695 1450 1589 
11546 2032 1450 1695 1872 
11547 1870 2240 1421 1716 
11548 1421 2240 1870 1647 
11549 1796 2034 1697 1612 
11550 1697 2034 1796 1538 
11551 2183 2130 911 1014 
11552 2101 2027 790 758 
11553 2101 790 2027 1466 
11554 1644 1813 268 1731 
11555 331 1671 332 285 
11556 331 332 1671 1751 
11557 1850 2130 2183 1468 
11558 2183 2130 1850 911 
11559 2223 1368 1465 1876 
11560 2223 1465 1368 1629 
11561 2035 1380 2178 1545 
11562 2035 2178 1380 1548 
11563 1891 558 585 588 
11564 1891 585 558 1688 
11565 2032 1400 1695 1789 
11566 2032 1695 1400 1872 
11567 2199 331 1798 1751 
11568 2199 1798 331 216 
11569 2203 820 1703 2081 
11570 2203 1703 820 724 
11571 515 1730 1613 635 
11572 1613 1730 515 1863 
11573 1613 634 515 635 
11574 515 634 1613 1863 
11575 1869 975 943 1046 
11576 1869 943 975 1629 
11577 1642 2076 1457 1375 
11578 1642 1457 2076 1557 
11579 1604 1457 2076 1375 
11580 1604 2076 1457 1557 
11581 1932 2151 1374 1453 
11582 1374 2151 1932 1508 
11583 1863 1877 1575 1475 
11584 1575 1877 1863 1424 
11585 2002 2046 2001 1501 
11586 2001 2046 2002 1562 
11587 2035 630 1799 1472 
11588 2035 1799 630 631 
11589 2180 339 340 1970 
11590 2180 340 339 269 
11591 1602 556 503 501 
11592 503 556 1602 1786 
11593 1663 2051 1839 1535 
11594 1839 2051 1663 1348 
11595 1693 798 731 808 
11596 1827 997 895 1001 
11597 1827 895 997 1593 
11598 1645 997 1827 1108 
11599 1645 1827 997 1593 
11600 1782 985 942 973 
11601 1782 942 985 1508 
11602 2282 1502 1628 1716 
11603 2282 1628 1502 1574 
11604 1868 2129 1521 1367 
11605 1521 2129 1868 1481 
11606 2250 1705 1682 1379 
11607 2250 1682 1705 1864 
11608 1896 929 1471 927 
11609 1896 1471 929 1869 
11610 2167 1471 929 927 
11611 2167 929 1471 1869 
11612 1981 984 1053 1020 
11613 1981 1053 984 1660 
11614 1817 88 87 797 
11615 1817 87 88 1537 
11616 1918 1098 2123 1619 
11617 1918 2123 1098 1028 
11618 2047 1010 2111 1655 
11619 2047 2111 1010 998 
11620 2271 219 217 207 
11621 2271 217 219 1844 
11622 2241 1725 1590 1394 
11623 2241 1590 1725 1543 
11624 2133 501 1786 503 
11625 2133 1786 501 2121 
11626 1602 1786 501 503 
11627 1602 501 1786 2121 
11628 1996 1089 997 1593 
11629 1996 997 1089 1069 
11630 2091 189 190 191 
11631 2091 190 189 1758 
11632 2154 642 1700 648 
11633 2154 1700 642 2043 
11634 199 2052 1523 196 
11635 1523 2052 199 1756 
11636 2231 944 945 937 
11637 2231 945 944 1805 
11638 964 2127 2111 965 
11639 2111 2127 964 1668 
11640 1966 220 1781 1498 
11641 1966 1781 220 212 
11642 2200 1733 1949 1482 
11643 2200 1949 1733 1437 
11644 1784 2146 2077 1560 
11645 2077 2146 1784 1505 
11646 2198 1445 1734 1522 
11647 2198 1734 1445 1849 
11648 235 1966 236 212 
11649 236 1966 235 1647 
11650 2138 658 838 839 
11651 2138 838 658 1656 
11652 1894 550 1974 1834 
11653 1894 1974 550 471 
11654 335 1862 174 279 
11655 174 1862 335 1553 
11656 1012 2130 1494 1023 
11657 1494 2130 1012 1822 
11658 2195 776 1652 860 
11659 2195 1652 776 1739 
11660 2263 2086 1780 1364 
11661 2263 1780 2086 1507 
11662 658 2138 2201 839 
11663 2201 2138 658 1721 
11664 2149 907 1926 1493 
11665 2149 1926 907 1006 
11666 2198 1688 1426 1670 
11667 2198 1426 1688 1759 
11668 2287 986 1061 1099 
11669 2287 1061 986 1724 
11670 2274 1885 1857 1564 
11671 2274 1857 1885 1439 
11672 2087 264 308 390 
11673 2087 308 264 2088 
11674 2206 1953 450 1534 
11675 2206 450 1953 451 
11676 2131 1031 1065 1030 
11677 2131 1065 1031 2056 
11678 1777 548 2272 714 
11679 1777 2272 548 1620 
11680 2010 1933 1789 1430 
11681 2010 1789 1933 1553 
11682 2207 731 1693 798 
11683 2207 1693 731 1591 
11684 2087 2088 1768 1489 
11685 1768 2088 2087 264 
11686 1717 1999 2144 1356 
11687 1717 2144 1999 1483 
11688 1737 2144 1999 1356 
11689 1737 1999 2144 1483 
11690 1906 1742 2006 1397 
11691 1906 2006 1742 1478 
11692 1783 835 836 670 
11693 2081 716 1500 817 
11694 2081 1500 716 1777 
11695 2183 918 911 1850 
11696 2183 911 918 907 
11697 1990 2073 1497 1737 
11698 1497 2073 1990 1448 
11699 2070 2049 187 291 
11700 2070 187 2049 1587 
11701 1737 2165 1748 1497 
11702 1748 2165 1737 1483 
11703 2262 1629 1454 2223 
11704 2262 1454 1629 1869 
11705 1752 1098 1107 988 
11706 1752 1107 1098 1619 
11707 1967 2007 1588 1361 
11708 1588 2007 1967 1777 
11709 2263 1555 2143 1364 
11710 2143 1555 2263 1513 
11711 2143 1637 2263 1364 
11712 2263 1637 2143 1513 
11713 2251 1746 1671 1523 
11714 2251 1671 1746 1798 
11715 1539 2045 1975 1592 
11716 1539 1975 2045 607 
11717 801 1975 2045 1592 
11718 801 2045 1975 607 
11719 1813 271 268 388 
11720 1813 268 271 1644 
11721 947 2231 945 946 
11722 945 2231 947 1805 
11723 2092 1542 489 1929 
11724 2092 489 1542 1986 
11725 2023 2021 1684 1558 
11726 2023 1684 2021 1466 
11727 2039 1711 1812 1383 
11728 2039 1812 1711 1484 
11729 2066 1875 1456 1354 
11730 2066 1456 1875 1773 
11731 2035 2178 2234 1857 
11732 2234 2178 2035 1548 
11733 2215 2036 571 678 
11734 2215 571 2036 1601 
11735 1756 2271 2251 1710 
11736 1756 2251 2271 199 
11737 198 2251 2271 1710 
11738 198 2271 2251 199 
11739 1953 445 447 448 
11740 1953 447 445 1912 
11741 2104 2291 1944 1699 
11742 1944 2291 2104 1429 
11743 1892 1875 2066 1354 
11744 1892 2066 1875 1524 
11745 2271 1504 1388 1844 
11746 2271 1388 1504 1710 
11747 2011 2200 1482 1672 
11748 1482 2200 2011 1362 
11749 1482 1821 2011 1672 
11750 2011 1821 1482 1362 
11751 1551 1935 1691 1485 
11752 1551 1691 1935 1369 
11753 1877 1691 1935 1485 
11754 1877 1935 1691 1369 
11755 2009 420 441 759 
11756 2009 441 420 1826 
11757 1865 471 472 470 
11758 1865 472 471 1894 
11759 1996 781 1954 1698 
11760 1996 1954 781 721 
11761 1995 484 2233 1659 
11762 1995 2233 484 565 
11763 2156 782 1954 1707 
11764 2156 1954 782 456 
11765 2123 1078 1098 872 
11766 2123 1098 1078 1619 
11767 835 2000 1783 836 
11768 1783 2000 835 1640 
11769 1994 766 91 391 
11770 1994 91 766 1651 
11771 1972 845 2169 857 
11772 1972 2169 845 1644 
11773 2025 514 512 513 
11774 2025 512 514 1700 
11775 2180 247 339 1773 
11776 2180 339 247 269 
11777 1870 2282 1421 1615 
11778 1421 2282 1870 1716 
11779 2256 1820 2128 1533 
11780 2256 2128 1820 1499 
11781 2235 208 1844 218 
11782 2235 1844 208 1654 
11783 486 1895 685 572 
11784 685 1895 486 1659 
11785 2025 1887 1816 1424 
11786 2025 1816 1887 1496 
11787 2041 878 791 1101 
11788 2041 791 878 1754 
11789 1971 899 1547 896 
11790 1971 1547 899 1771 
11791 1003 1547 899 896 
11792 1003 899 1547 1771 
11793 2177 1959 1672 1529 
11794 2177 1672 1959 1437 
11795 2240 290 326 1916 
11796 2240 326 290 288 
11797 1824 1056 901 1004 
11798 1824 901 1056 1738 
11799 2147 1825 1848 1345 
11800 2147 1848 1825 1596 
11801 457 2156 537 455 
11802 537 2156 457 2119 
11803 2002 1966 1636 1421 
11804 2002 1636 1966 1498 
11805 2126 1002 1532 2068 
11806 2126 1532 1002 1058 
11807 2171 1829 2162 1573 
11808 2171 2162 1829 1432 
11809 2225 2037 1766 1394 
11810 2225 1766 2037 1572 
11811 1918 988 1098 1752 
11812 1918 1098 988 1028 
11813 2230 1815 1823 1366 
11814 2230 1823 1815 1527 
11815 1996 892 1997 893 
11816 1996 1997 892 1698 
11817 2040 1050 1508 1795 
11818 2040 1508 1050 942 
11819 2090 418 689 690 
11820 2090 689 418 1586 
11821 1818 384 375 265 
11822 1818 375 384 1817 
11823 2266 1946 1398 1596 
11824 2266 1398 1946 2105 
11825 378 743 1921 416 
11826 378 1921 743 163 
11827 2189 640 2204 847 
11828 2189 2204 640 1937 
11829 720 1089 1996 722 
11830 720 1996 1089 1069 
11831 1000 2136 974 1095 
11832 974 2136 1000 1708 
11833 1977 1959 1843 1443 
11834 1977 1843 1959 1529 
11835 2195 1598 90 2102 
11836 2195 90 1598 1994 
11837 280 1625 334 257 
11838 280 334 1625 2246 
11839 366 409 1864 730 
11840 366 1864 409 346 
11841 1998 213 211 1846 
11842 1998 211 213 214 
11843 2258 2260 1726 1525 
11844 1726 2260 2258 1594 
11845 2116 1913 532 563 
11846 532 1913 2116 1617 
11847 532 534 2116 563 
11848 2116 534 532 1617 
11849 2259 1951 2220 1411 
11850 2259 2220 1951 1709 
11851 162 419 7 597 
11852 7 419 162 360 
11853 1938 549 719 819 
11854 1938 719 549 1881 
11855 2268 1108 2009 1645 
11856 2268 2009 1108 992 
11857 1063 2009 1108 1645 
11858 1063 1108 2009 992 
11859 2026 321 2038 1603 
11860 2026 2038 321 389 
11861 387 2038 321 1603 
11862 387 321 2038 389 
11863 1750 2255 1363 1546 
11864 1750 1363 2255 1492 
11865 1893 1363 2255 1546 
11866 1893 2255 1363 1492 
11867 791 878 125 1101 
11868 125 878 791 400 
11869 2186 364 311 1747 
11870 2186 311 364 310 
11871 2255 442 586 1750 
11872 2255 586 442 576 
11873 2041 1080 1040 886 
11874 2041 1040 1080 1812 
11875 1081 706 2280 1087 
11876 2280 706 1081 710 
11877 1031 1696 1084 1113 
11878 1031 1084 1696 2056 
11879 2203 733 815 1770 
11880 2203 815 733 393 
11881 2075 1017 1646 1910 
11882 2075 1646 1017 912 
11883 399 2140 612 611 
11884 612 2140 399 1809 
11885 2013 877 1064 1075 
11886 2013 1064 877 1807 
11887 879 759 143 420 
11888 143 759 879 1097 
11889 2127 963 1015 965 
11890 2127 1015 963 2276 
11891 1084 412 106 763 
11892 106 412 1084 1096 
11893 362 431 1627 363 
11894 1627 431 362 606 
11895 1724 430 2287 1061 
11896 1724 2287 430 664 
11897 1105 2287 430 1061 
11898 1105 430 2287 664 
11899 1944 2282 1628 1351 
11900 1628 2282 1944 1574 
11901 2227 309 239 1774 
11902 2227 239 309 266 
11903 2204 641 541 755 
11904 2204 541 641 1810 
11905 891 424 136 737 
11906 136 424 891 1104 
11907 2151 2162 1508 1436 
11908 2151 1508 2162 1573 
11909 2040 1508 2162 1436 
11910 2040 2162 1508 1573 
11911 2226 570 783 784 
11912 2226 783 570 2196 
11913 338 749 22 382 
11914 22 749 338 402 
11915 2090 121 1073 873 
11916 2090 1073 121 425 
11917 4 2191 606 864 
11918 606 2191 4 362 
11919 1555 1364 1780 2213 
11920 1555 1780 1364 2263 
$EndElements
