$MeshFormat
4.1 0 8
$EndMeshFormat
$PhysicalNames
7
1 1 "l1"
1 2 "l2"
1 3 "l3"
1 4 "l4"
1 5 "l5"
1 6 "b2"
2 7 "My surface"
$EndPhysicalNames
$Entities
5 5 1 0
1 0 -1 0 0 
2 0 1 0 0 
3 1.9015 1.619 0 0 
4 3.0777 0 0 0 
5 1.9015 -1.619 0 0 
1 0 -1 0 0 1 0 1 1 2 1 -2 
2 0 1 0 1.9015 1.619 0 1 2 2 2 -3 
3 1.9015 0 0 3.0777 1.619 0 2 3 6 2 3 -4 
4 1.9015 -1.619 0 3.0777 0 0 1 4 2 4 -5 
5 0 -1.619 0 1.9015 -1 0 1 5 2 5 -1 
1 0 -1.619 0 3.0777 1.619 0 1 7 5 1 2 3 4 5 
$EndEntities
$Nodes
11 5227 1 5227
0 1 0 1
1
0 -1 0
0 2 0 1
2
0 1 0
0 3 0 1
3
1.9015 1.619 0
0 4 0 1
4
3.0777 0 0
0 5 0 1
5
1.9015 -1.619 0
1 1 0 49
6
7
8
9
10
11
12
13
14
15
16
17
18
19
20
21
22
23
24
25
26
27
28
29
30
31
32
33
34
35
36
37
38
39
40
41
42
43
44
45
46
47
48
49
50
51
52
53
54
0 -0.960000000000111 0
0 -0.9200000000002219 0
0 -0.8800000000003327 0
0 -0.8400000000004437 0
0 -0.8000000000005547 0
0 -0.7600000000006657 0
0 -0.7200000000007767 0
0 -0.6800000000008876 0
0 -0.6400000000009984 0
0 -0.6000000000011095 0
0 -0.5600000000012205 0
0 -0.5200000000013314 0
0 -0.4800000000014424 0
0 -0.4400000000015534 0
0 -0.4000000000016644 0
0 -0.3600000000017753 0
0 -0.3200000000018862 0
0 -0.2800000000019972 0
0 -0.2400000000021082 0
0 -0.2000000000022192 0
0 -0.1600000000023301 0
0 -0.1200000000024412 0
0 -0.08000000000255214 0
0 -0.04000000000266302 0
0 -2.752242878045763e-12 0
0 0.03999999999733728 0
0 0.07999999999744811 0
0 0.1199999999975589 0
0 0.15999999999767 0
0 0.1999999999977808 0
0 0.2399999999978919 0
0 0.2799999999980027 0
0 0.3199999999981136 0
0 0.3599999999982249 0
0 0.3999999999983357 0
0 0.4399999999984467 0
0 0.4799999999985576 0
0 0.5199999999986684 0
0 0.5599999999987795 0
0 0.5999999999988903 0
0 0.6399999999990014 0
0 0.6799999999991124 0
0 0.7199999999992233 0
0 0.7599999999993341 0
0 0.7999999999994452 0
0 0.839999999999556 0
0 0.8799999999996673 0
0 0.9199999999997781 0
0 0.9599999999998889 0
1 2 0 49
55
56
57
58
59
60
61
62
63
64
65
66
67
68
69
70
71
72
73
74
75
76
77
78
79
80
81
82
83
84
85
86
87
88
89
90
91
92
93
94
95
96
97
98
99
100
101
102
103
0.0380299999999832 1.012379999999995 0
0.07605999999996339 1.024759999999988 0
0.1140899999999389 1.03713999999998 0
0.1521199999999082 1.04951999999997 0
0.190149999999876 1.06189999999996 0
0.2281799999998372 1.074279999999947 0
0.266209999999745 1.086659999999917 0
0.3042399999996124 1.099039999999874 0
0.3422699999995096 1.11141999999984 0
0.3802999999993878 1.123799999999801 0
0.4183299999992838 1.136179999999767 0
0.4563599999991466 1.148559999999722 0
0.4943899999990414 1.160939999999688 0
0.5324199999989389 1.173319999999655 0
0.5704499999987698 1.1856999999996 0
0.6084799999986555 1.198079999999562 0
0.6465099999985534 1.210459999999529 0
0.6845399999984509 1.222839999999496 0
0.7225699999983164 1.235219999999452 0
0.7605999999982069 1.247599999999416 0
0.7986299999981047 1.259979999999383 0
0.8366599999980023 1.27235999999935 0
0.8746899999978458 1.284739999999299 0
0.9127199999977191 1.297119999999258 0
0.9507499999976363 1.309499999999231 0
0.9887799999977152 1.321879999999256 0
1.026809999997813 1.334259999999288 0
1.064839999997912 1.34663999999932 0
1.102869999997952 1.359019999999333 0
1.140899999997952 1.371399999999333 0
1.17892999999805 1.383779999999365 0
1.216959999998148 1.396159999999397 0
1.254989999998247 1.408539999999429 0
1.293019999998371 1.42091999999947 0
1.331049999998502 1.433299999999512 0
1.369079999998633 1.445679999999555 0
1.407109999998736 1.458059999999589 0
1.445139999998688 1.470439999999573 0
1.483169999998792 1.482819999999607 0
1.521199999998923 1.495199999999649 0
1.559229999999054 1.507579999999692 0
1.597259999999185 1.519959999999735 0
1.635289999999316 1.532339999999778 0
1.673319999999447 1.54471999999982 0
1.711349999999579 1.557099999999863 0
1.749379999999611 1.569479999999873 0
1.787409999999684 1.581859999999897 0
1.825439999999804 1.594239999999936 0
1.863469999999902 1.606619999999968 0
1 3 0 50
104
105
106
107
108
109
110
111
112
113
114
115
116
117
118
119
120
121
122
123
124
125
126
127
128
129
130
131
132
133
134
135
136
137
138
139
140
141
142
143
144
145
146
147
148
149
150
151
152
153
1.924562745098017 1.587254901960816 0
1.947625490196034 1.55550980392163 0
1.97068823529405 1.523764705882446 0
1.993750980392068 1.49201960784326 0
2.016813725490115 1.460274509804034 0
2.039876470588161 1.428529411764808 0
2.062939215686208 1.396784313725582 0
2.086001960784163 1.365039215686482 0
2.10906470588217 1.333294117647311 0
2.132127450980165 1.301549019608156 0
2.15519019607816 1.269803921569001 0
2.178252941176155 1.238058823529846 0
2.201315686274151 1.206313725490691 0
2.224378431372146 1.174568627451536 0
2.247441176470121 1.142823529412407 0
2.270503921567981 1.111078431373438 0
2.293566666665951 1.079333333334318 0
2.316629411763946 1.047588235295163 0
2.339692156861942 1.015843137256008 0
2.362754901959887 0.9840980392169213 0
2.385817647057882 0.9523529411777663 0
2.408880392155877 0.9206078431386112 0
2.431943137253807 0.8888627450995471 0
2.4550058823517 0.8571176470605318 0
2.478068627449671 0.82537254902141 0
2.501131372547718 0.7936274509821837 0
2.524194117645788 0.7618823529429259 0
2.547256862743986 0.7301372549034918 0
2.570319607842106 0.6983921568641644 0
2.593382352940205 0.6666470588248666 0
2.616445098038304 0.6349019607855692 0
2.639507843136359 0.6031568627463311 0
2.66257058823451 0.5714117647069623 0
2.68563333333266 0.5396666666675936 0
2.708696078430891 0.5079215686281138 0
2.731758823529174 0.4761764705885625 0
2.754821568627254 0.4444313725492908 0
2.777884313725301 0.4126862745100648 0
2.800947058823321 0.380941176470875 0
2.824009803921275 0.3491960784317776 0
2.847072549019321 0.3174509803925512 0
2.870135294117368 0.2857058823533249 0
2.893198039215501 0.2539607843139815 0
2.916260784313698 0.2222156862745479 0
2.939323529411809 0.1904705882352333 0
2.962386274509856 0.1587254901960071 0
2.985449019607815 0.1269803921569017 0
3.008511764705726 0.09523529411786313 0
3.031574509803757 0.06349019607865869 0
3.054637254901818 0.0317450980394125 0
1 4 0 50
154
155
156
157
158
159
160
161
162
163
164
165
166
167
168
169
170
171
172
173
174
175
176
177
178
179
180
181
182
183
184
185
186
187
188
189
190
191
192
193
194
195
196
197
198
199
200
201
202
203
3.054637254902007 -0.03174509803915279 0
3.031574509803986 -0.0634901960783434 0
3.008511764705968 -0.09523529411752966 0
2.98544901960797 -0.1269803921566875 0
2.962386274509968 -0.1587254901958525 0
2.939323529411945 -0.1904705882350465 0
2.916260784313935 -0.2222156862742208 0
2.893198039215955 -0.2539607843133553 0
2.870135294117962 -0.2857058823525073 0
2.847072549019963 -0.3174509803916689 0
2.824009803921965 -0.3491960784308275 0
2.800947058824064 -0.3809411764698527 0
2.777884313726149 -0.4126862745088973 0
2.754821568628151 -0.4444313725480559 0
2.731758823530154 -0.4761764705872145 0
2.708696078432156 -0.5079215686263732 0
2.685633333334158 -0.5396666666655319 0
2.66257058823616 -0.5714117647046905 0
2.639507843138183 -0.6031568627438207 0
2.61644509804032 -0.6349019607827933 0
2.593382352942347 -0.6666470588219188 0
2.570319607844349 -0.6983921568610775 0
2.547256862746344 -0.7301372549002464 0
2.524194117648237 -0.7618823529395548 0
2.501131372550188 -0.7936274509787845 0
2.478068627452138 -0.8253725490180145 0
2.455005882354088 -0.8571176470572445 0
2.431943137256083 -0.8888627450964137 0
2.408880392157982 -0.920607843135715 0
2.38581764705988 -0.9523529411750161 0
2.362754901961755 -0.9840980392143504 0
2.339692156863502 -1.015843137253861 0
2.316629411765328 -1.047588235293261 0
2.293566666667175 -1.079333333332634 0
2.270503921569047 -1.111078431371971 0
2.247441176470996 -1.142823529411203 0
2.224378431372933 -1.174568627450451 0
2.201315686274884 -1.206313725489681 0
2.178252941176751 -1.238058823529025 0
2.155190196078563 -1.269803921568446 0
2.132127450980495 -1.301549019607701 0
2.109064705882446 -1.333294117646931 0
2.086001960784424 -1.365039215686123 0
2.06293921568651 -1.396784313725167 0
2.039876470588477 -1.428529411764373 0
2.016813725490414 -1.460274509803621 0
1.99375098039226 -1.492019607842996 0
1.970688235294202 -1.523764705882237 0
1.947625490196129 -1.555509803921499 0
1.924562745098072 -1.587254901960739 0
1 5 0 49
204
205
206
207
208
209
210
211
212
213
214
215
216
217
218
219
220
221
222
223
224
225
226
227
228
229
230
231
232
233
234
235
236
237
238
239
240
241
242
243
244
245
246
247
248
249
250
251
252
1.863469999999922 -1.606619999999975 0
1.825439999999963 -1.594239999999988 0
1.787410000000024 -1.581860000000008 0
1.749380000000072 -1.569480000000023 0
1.711350000000145 -1.557100000000047 0
1.673320000000222 -1.544720000000072 0
1.635290000000364 -1.532340000000118 0
1.597260000000667 -1.519960000000217 0
1.559230000000973 -1.507580000000317 0
1.521200000001193 -1.495200000000388 0
1.483170000001299 -1.482820000000423 0
1.445140000001405 -1.470440000000457 0
1.40711000000151 -1.458060000000492 0
1.369080000001616 -1.445680000000526 0
1.331050000001706 -1.433300000000555 0
1.293020000001634 -1.420920000000532 0
1.254990000001539 -1.408540000000501 0
1.216960000001443 -1.39616000000047 0
1.178930000001438 -1.383780000000468 0
1.140900000001543 -1.371400000000502 0
1.102870000001648 -1.359020000000537 0
1.064840000001754 -1.346640000000571 0
1.026810000001968 -1.33426000000064 0
0.9887800000022002 -1.321880000000716 0
0.9507500000022859 -1.309500000000744 0
0.9127200000022104 -1.297120000000719 0
0.8746900000021149 -1.284740000000689 0
0.8366600000020197 -1.272360000000658 0
0.7986300000019826 -1.259980000000645 0
0.7606000000019861 -1.247600000000647 0
0.7225700000018909 -1.235220000000615 0
0.6845400000017956 -1.222840000000585 0
0.6465100000017008 -1.210460000000554 0
0.6084800000015924 -1.198080000000518 0
0.5704500000014645 -1.185700000000477 0
0.5324200000013362 -1.173320000000435 0
0.4943900000012362 -1.160940000000402 0
0.4563600000012873 -1.148560000000419 0
0.4183300000011871 -1.136180000000387 0
0.3803000000010592 -1.123800000000345 0
0.3422700000009311 -1.111420000000303 0
0.3042400000008032 -1.099040000000262 0
0.2662100000006749 -1.08666000000022 0
0.2281800000005467 -1.074280000000178 0
0.1901500000004188 -1.061900000000136 0
0.1521200000003895 -1.049520000000127 0
0.1140900000003195 -1.037140000000104 0
0.07606000000019164 -1.024760000000062 0
0.03803000000009482 -1.012380000000031 0
2 1 0 4975
253
254
255
256
257
258
259
260
261
262
263
264
265
266
267
268
269
270
271
272
273
274
275
276
277
278
279
280
281
282
283
284
285
286
287
288
289
290
291
292
293
294
295
296
297
298
299
300
301
302
303
304
305
306
307
308
309
310
311
312
313
314
315
316
317
318
319
320
321
322
323
324
325
326
327
328
329
330
331
332
333
334
335
336
337
338
339
340
341
342
343
344
345
346
347
348
349
350
351
352
353
354
355
356
357
358
359
360
361
362
363
364
365
366
367
368
369
370
371
372
373
374
375
376
377
378
379
380
381
382
383
384
385
386
387
388
389
390
391
392
393
394
395
396
397
398
399
400
401
402
403
404
405
406
407
408
409
410
411
412
413
414
415
416
417
418
419
420
421
422
423
424
425
426
427
428
429
430
431
432
433
434
435
436
437
438
439
440
441
442
443
444
445
446
447
448
449
450
451
452
453
454
455
456
457
458
459
460
461
462
463
464
465
466
467
468
469
470
471
472
473
474
475
476
477
478
479
480
481
482
483
484
485
486
487
488
489
490
491
492
493
494
495
496
497
498
499
500
501
502
503
504
505
506
507
508
509
510
511
512
513
514
515
516
517
518
519
520
521
522
523
524
525
526
527
528
529
530
531
532
533
534
535
536
537
538
539
540
541
542
543
544
545
546
547
548
549
550
551
552
553
554
555
556
557
558
559
560
561
562
563
564
565
566
567
568
569
570
571
572
573
574
575
576
577
578
579
580
581
582
583
584
585
586
587
588
589
590
591
592
593
594
595
596
597
598
599
600
601
602
603
604
605
606
607
608
609
610
611
612
613
614
615
616
617
618
619
620
621
622
623
624
625
626
627
628
629
630
631
632
633
634
635
636
637
638
639
640
641
642
643
644
645
646
647
648
649
650
651
652
653
654
655
656
657
658
659
660
661
662
663
664
665
666
667
668
669
670
671
672
673
674
675
676
677
678
679
680
681
682
683
684
685
686
687
688
689
690
691
692
693
694
695
696
697
698
699
700
701
702
703
704
705
706
707
708
709
710
711
712
713
714
715
716
717
718
719
720
721
722
723
724
725
726
727
728
729
730
731
732
733
734
735
736
737
738
739
740
741
742
743
744
745
746
747
748
749
750
751
752
753
754
755
756
757
758
759
760
761
762
763
764
765
766
767
768
769
770
771
772
773
774
775
776
777
778
779
780
781
782
783
784
785
786
787
788
789
790
791
792
793
794
795
796
797
798
799
800
801
802
803
804
805
806
807
808
809
810
811
812
813
814
815
816
817
818
819
820
821
822
823
824
825
826
827
828
829
830
831
832
833
834
835
836
837
838
839
840
841
842
843
844
845
846
847
848
849
850
851
852
853
854
855
856
857
858
859
860
861
862
863
864
865
866
867
868
869
870
871
872
873
874
875
876
877
878
879
880
881
882
883
884
885
886
887
888
889
890
891
892
893
894
895
896
897
898
899
900
901
902
903
904
905
906
907
908
909
910
911
912
913
914
915
916
917
918
919
920
921
922
923
924
925
926
927
928
929
930
931
932
933
934
935
936
937
938
939
940
941
942
943
944
945
946
947
948
949
950
951
952
953
954
955
956
957
958
959
960
961
962
963
964
965
966
967
968
969
970
971
972
973
974
975
976
977
978
979
980
981
982
983
984
985
986
987
988
989
990
991
992
993
994
995
996
997
998
999
1000
1001
1002
1003
1004
1005
1006
1007
1008
1009
1010
1011
1012
1013
1014
1015
1016
1017
1018
1019
1020
1021
1022
1023
1024
1025
1026
1027
1028
1029
1030
1031
1032
1033
1034
1035
1036
1037
1038
1039
1040
1041
1042
1043
1044
1045
1046
1047
1048
1049
1050
1051
1052
1053
1054
1055
1056
1057
1058
1059
1060
1061
1062
1063
1064
1065
1066
1067
1068
1069
1070
1071
1072
1073
1074
1075
1076
1077
1078
1079
1080
1081
1082
1083
1084
1085
1086
1087
1088
1089
1090
1091
1092
1093
1094
1095
1096
1097
1098
1099
1100
1101
1102
1103
1104
1105
1106
1107
1108
1109
1110
1111
1112
1113
1114
1115
1116
1117
1118
1119
1120
1121
1122
1123
1124
1125
1126
1127
1128
1129
1130
1131
1132
1133
1134
1135
1136
1137
1138
1139
1140
1141
1142
1143
1144
1145
1146
1147
1148
1149
1150
1151
1152
1153
1154
1155
1156
1157
1158
1159
1160
1161
1162
1163
1164
1165
1166
1167
1168
1169
1170
1171
1172
1173
1174
1175
1176
1177
1178
1179
1180
1181
1182
1183
1184
1185
1186
1187
1188
1189
1190
1191
1192
1193
1194
1195
1196
1197
1198
1199
1200
1201
1202
1203
1204
1205
1206
1207
1208
1209
1210
1211
1212
1213
1214
1215
1216
1217
1218
1219
1220
1221
1222
1223
1224
1225
1226
1227
1228
1229
1230
1231
1232
1233
1234
1235
1236
1237
1238
1239
1240
1241
1242
1243
1244
1245
1246
1247
1248
1249
1250
1251
1252
1253
1254
1255
1256
1257
1258
1259
1260
1261
1262
1263
1264
1265
1266
1267
1268
1269
1270
1271
1272
1273
1274
1275
1276
1277
1278
1279
1280
1281
1282
1283
1284
1285
1286
1287
1288
1289
1290
1291
1292
1293
1294
1295
1296
1297
1298
1299
1300
1301
1302
1303
1304
1305
1306
1307
1308
1309
1310
1311
1312
1313
1314
1315
1316
1317
1318
1319
1320
1321
1322
1323
1324
1325
1326
1327
1328
1329
1330
1331
1332
1333
1334
1335
1336
1337
1338
1339
1340
1341
1342
1343
1344
1345
1346
1347
1348
1349
1350
1351
1352
1353
1354
1355
1356
1357
1358
1359
1360
1361
1362
1363
1364
1365
1366
1367
1368
1369
1370
1371
1372
1373
1374
1375
1376
1377
1378
1379
1380
1381
1382
1383
1384
1385
1386
1387
1388
1389
1390
1391
1392
1393
1394
1395
1396
1397
1398
1399
1400
1401
1402
1403
1404
1405
1406
1407
1408
1409
1410
1411
1412
1413
1414
1415
1416
1417
1418
1419
1420
1421
1422
1423
1424
1425
1426
1427
1428
1429
1430
1431
1432
1433
1434
1435
1436
1437
1438
1439
1440
1441
1442
1443
1444
1445
1446
1447
1448
1449
1450
1451
1452
1453
1454
1455
1456
1457
1458
1459
1460
1461
1462
1463
1464
1465
1466
1467
1468
1469
1470
1471
1472
1473
1474
1475
1476
1477
1478
1479
1480
1481
1482
1483
1484
1485
1486
1487
1488
1489
1490
1491
1492
1493
1494
1495
1496
1497
1498
1499
1500
1501
1502
1503
1504
1505
1506
1507
1508
1509
1510
1511
1512
1513
1514
1515
1516
1517
1518
1519
1520
1521
1522
1523
1524
1525
1526
1527
1528
1529
1530
1531
1532
1533
1534
1535
1536
1537
1538
1539
1540
1541
1542
1543
1544
1545
1546
1547
1548
1549
1550
1551
1552
1553
1554
1555
1556
1557
1558
1559
1560
1561
1562
1563
1564
1565
1566
1567
1568
1569
1570
1571
1572
1573
1574
1575
1576
1577
1578
1579
1580
1581
1582
1583
1584
1585
1586
1587
1588
1589
1590
1591
1592
1593
1594
1595
1596
1597
1598
1599
1600
1601
1602
1603
1604
1605
1606
1607
1608
1609
1610
1611
1612
1613
1614
1615
1616
1617
1618
1619
1620
1621
1622
1623
1624
1625
1626
1627
1628
1629
1630
1631
1632
1633
1634
1635
1636
1637
1638
1639
1640
1641
1642
1643
1644
1645
1646
1647
1648
1649
1650
1651
1652
1653
1654
1655
1656
1657
1658
1659
1660
1661
1662
1663
1664
1665
1666
1667
1668
1669
1670
1671
1672
1673
1674
1675
1676
1677
1678
1679
1680
1681
1682
1683
1684
1685
1686
1687
1688
1689
1690
1691
1692
1693
1694
1695
1696
1697
1698
1699
1700
1701
1702
1703
1704
1705
1706
1707
1708
1709
1710
1711
1712
1713
1714
1715
1716
1717
1718
1719
1720
1721
1722
1723
1724
1725
1726
1727
1728
1729
1730
1731
1732
1733
1734
1735
1736
1737
1738
1739
1740
1741
1742
1743
1744
1745
1746
1747
1748
1749
1750
1751
1752
1753
1754
1755
1756
1757
1758
1759
1760
1761
1762
1763
1764
1765
1766
1767
1768
1769
1770
1771
1772
1773
1774
1775
1776
1777
1778
1779
1780
1781
1782
1783
1784
1785
1786
1787
1788
1789
1790
1791
1792
1793
1794
1795
1796
1797
1798
1799
1800
1801
1802
1803
1804
1805
1806
1807
1808
1809
1810
1811
1812
1813
1814
1815
1816
1817
1818
1819
1820
1821
1822
1823
1824
1825
1826
1827
1828
1829
1830
1831
1832
1833
1834
1835
1836
1837
1838
1839
1840
1841
1842
1843
1844
1845
1846
1847
1848
1849
1850
1851
1852
1853
1854
1855
1856
1857
1858
1859
1860
1861
1862
1863
1864
1865
1866
1867
1868
1869
1870
1871
1872
1873
1874
1875
1876
1877
1878
1879
1880
1881
1882
1883
1884
1885
1886
1887
1888
1889
1890
1891
1892
1893
1894
1895
1896
1897
1898
1899
1900
1901
1902
1903
1904
1905
1906
1907
1908
1909
1910
1911
1912
1913
1914
1915
1916
1917
1918
1919
1920
1921
1922
1923
1924
1925
1926
1927
1928
1929
1930
1931
1932
1933
1934
1935
1936
1937
1938
1939
1940
1941
1942
1943
1944
1945
1946
1947
1948
1949
1950
1951
1952
1953
1954
1955
1956
1957
1958
1959
1960
1961
1962
1963
1964
1965
1966
1967
1968
1969
1970
1971
1972
1973
1974
1975
1976
1977
1978
1979
1980
1981
1982
1983
1984
1985
1986
1987
1988
1989
1990
1991
1992
1993
1994
1995
1996
1997
1998
1999
2000
2001
2002
2003
2004
2005
2006
2007
2008
2009
2010
2011
2012
2013
2014
2015
2016
2017
2018
2019
2020
2021
2022
2023
2024
2025
2026
2027
2028
2029
2030
2031
2032
2033
2034
2035
2036
2037
2038
2039
2040
2041
2042
2043
2044
2045
2046
2047
2048
2049
2050
2051
2052
2053
2054
2055
2056
2057
2058
2059
2060
2061
2062
2063
2064
2065
2066
2067
2068
2069
2070
2071
2072
2073
2074
2075
2076
2077
2078
2079
2080
2081
2082
2083
2084
2085
2086
2087
2088
2089
2090
2091
2092
2093
2094
2095
2096
2097
2098
2099
2100
2101
2102
2103
2104
2105
2106
2107
2108
2109
2110
2111
2112
2113
2114
2115
2116
2117
2118
2119
2120
2121
2122
2123
2124
2125
2126
2127
2128
2129
2130
2131
2132
2133
2134
2135
2136
2137
2138
2139
2140
2141
2142
2143
2144
2145
2146
2147
2148
2149
2150
2151
2152
2153
2154
2155
2156
2157
2158
2159
2160
2161
2162
2163
2164
2165
2166
2167
2168
2169
2170
2171
2172
2173
2174
2175
2176
2177
2178
2179
2180
2181
2182
2183
2184
2185
2186
2187
2188
2189
2190
2191
2192
2193
2194
2195
2196
2197
2198
2199
2200
2201
2202
2203
2204
2205
2206
2207
2208
2209
2210
2211
2212
2213
2214
2215
2216
2217
2218
2219
2220
2221
2222
2223
2224
2225
2226
2227
2228
2229
2230
2231
2232
2233
2234
2235
2236
2237
2238
2239
2240
2241
2242
2243
2244
2245
2246
2247
2248
2249
2250
2251
2252
2253
2254
2255
2256
2257
2258
2259
2260
2261
2262
2263
2264
2265
2266
2267
2268
2269
2270
2271
2272
2273
2274
2275
2276
2277
2278
2279
2280
2281
2282
2283
2284
2285
2286
2287
2288
2289
2290
2291
2292
2293
2294
2295
2296
2297
2298
2299
2300
2301
2302
2303
2304
2305
2306
2307
2308
2309
2310
2311
2312
2313
2314
2315
2316
2317
2318
2319
2320
2321
2322
2323
2324
2325
2326
2327
2328
2329
2330
2331
2332
2333
2334
2335
2336
2337
2338
2339
2340
2341
2342
2343
2344
2345
2346
2347
2348
2349
2350
2351
2352
2353
2354
2355
2356
2357
2358
2359
2360
2361
2362
2363
2364
2365
2366
2367
2368
2369
2370
2371
2372
2373
2374
2375
2376
2377
2378
2379
2380
2381
2382
2383
2384
2385
2386
2387
2388
2389
2390
2391
2392
2393
2394
2395
2396
2397
2398
2399
2400
2401
2402
2403
2404
2405
2406
2407
2408
2409
2410
2411
2412
2413
2414
2415
2416
2417
2418
2419
2420
2421
2422
2423
2424
2425
2426
2427
2428
2429
2430
2431
2432
2433
2434
2435
2436
2437
2438
2439
2440
2441
2442
2443
2444
2445
2446
2447
2448
2449
2450
2451
2452
2453
2454
2455
2456
2457
2458
2459
2460
2461
2462
2463
2464
2465
2466
2467
2468
2469
2470
2471
2472
2473
2474
2475
2476
2477
2478
2479
2480
2481
2482
2483
2484
2485
2486
2487
2488
2489
2490
2491
2492
2493
2494
2495
2496
2497
2498
2499
2500
2501
2502
2503
2504
2505
2506
2507
2508
2509
2510
2511
2512
2513
2514
2515
2516
2517
2518
2519
2520
2521
2522
2523
2524
2525
2526
2527
2528
2529
2530
2531
2532
2533
2534
2535
2536
2537
2538
2539
2540
2541
2542
2543
2544
2545
2546
2547
2548
2549
2550
2551
2552
2553
2554
2555
2556
2557
2558
2559
2560
2561
2562
2563
2564
2565
2566
2567
2568
2569
2570
2571
2572
2573
2574
2575
2576
2577
2578
2579
2580
2581
2582
2583
2584
2585
2586
2587
2588
2589
2590
2591
2592
2593
2594
2595
2596
2597
2598
2599
2600
2601
2602
2603
2604
2605
2606
2607
2608
2609
2610
2611
2612
2613
2614
2615
2616
2617
2618
2619
2620
2621
2622
2623
2624
2625
2626
2627
2628
2629
2630
2631
2632
2633
2634
2635
2636
2637
2638
2639
2640
2641
2642
2643
2644
2645
2646
2647
2648
2649
2650
2651
2652
2653
2654
2655
2656
2657
2658
2659
2660
2661
2662
2663
2664
2665
2666
2667
2668
2669
2670
2671
2672
2673
2674
2675
2676
2677
2678
2679
2680
2681
2682
2683
2684
2685
2686
2687
2688
2689
2690
2691
2692
2693
2694
2695
2696
2697
2698
2699
2700
2701
2702
2703
2704
2705
2706
2707
2708
2709
2710
2711
2712
2713
2714
2715
2716
2717
2718
2719
2720
2721
2722
2723
2724
2725
2726
2727
2728
2729
2730
2731
2732
2733
2734
2735
2736
2737
2738
2739
2740
2741
2742
2743
2744
2745
2746
2747
2748
2749
2750
2751
2752
2753
2754
2755
2756
2757
2758
2759
2760
2761
2762
2763
2764
2765
2766
2767
2768
2769
2770
2771
2772
2773
2774
2775
2776
2777
2778
2779
2780
2781
2782
2783
2784
2785
2786
2787
2788
2789
2790
2791
2792
2793
2794
2795
2796
2797
2798
2799
2800
2801
2802
2803
2804
2805
2806
2807
2808
2809
2810
2811
2812
2813
2814
2815
2816
2817
2818
2819
2820
2821
2822
2823
2824
2825
2826
2827
2828
2829
2830
2831
2832
2833
2834
2835
2836
2837
2838
2839
2840
2841
2842
2843
2844
2845
2846
2847
2848
2849
2850
2851
2852
2853
2854
2855
2856
2857
2858
2859
2860
2861
2862
2863
2864
2865
2866
2867
2868
2869
2870
2871
2872
2873
2874
2875
2876
2877
2878
2879
2880
2881
2882
2883
2884
2885
2886
2887
2888
2889
2890
2891
2892
2893
2894
2895
2896
2897
2898
2899
2900
2901
2902
2903
2904
2905
2906
2907
2908
2909
2910
2911
2912
2913
2914
2915
2916
2917
2918
2919
2920
2921
2922
2923
2924
2925
2926
2927
2928
2929
2930
2931
2932
2933
2934
2935
2936
2937
2938
2939
2940
2941
2942
2943
2944
2945
2946
2947
2948
2949
2950
2951
2952
2953
2954
2955
2956
2957
2958
2959
2960
2961
2962
2963
2964
2965
2966
2967
2968
2969
2970
2971
2972
2973
2974
2975
2976
2977
2978
2979
2980
2981
2982
2983
2984
2985
2986
2987
2988
2989
2990
2991
2992
2993
2994
2995
2996
2997
2998
2999
3000
3001
3002
3003
3004
3005
3006
3007
3008
3009
3010
3011
3012
3013
3014
3015
3016
3017
3018
3019
3020
3021
3022
3023
3024
3025
3026
3027
3028
3029
3030
3031
3032
3033
3034
3035
3036
3037
3038
3039
3040
3041
3042
3043
3044
3045
3046
3047
3048
3049
3050
3051
3052
3053
3054
3055
3056
3057
3058
3059
3060
3061
3062
3063
3064
3065
3066
3067
3068
3069
3070
3071
3072
3073
3074
3075
3076
3077
3078
3079
3080
3081
3082
3083
3084
3085
3086
3087
3088
3089
3090
3091
3092
3093
3094
3095
3096
3097
3098
3099
3100
3101
3102
3103
3104
3105
3106
3107
3108
3109
3110
3111
3112
3113
3114
3115
3116
3117
3118
3119
3120
3121
3122
3123
3124
3125
3126
3127
3128
3129
3130
3131
3132
3133
3134
3135
3136
3137
3138
3139
3140
3141
3142
3143
3144
3145
3146
3147
3148
3149
3150
3151
3152
3153
3154
3155
3156
3157
3158
3159
3160
3161
3162
3163
3164
3165
3166
3167
3168
3169
3170
3171
3172
3173
3174
3175
3176
3177
3178
3179
3180
3181
3182
3183
3184
3185
3186
3187
3188
3189
3190
3191
3192
3193
3194
3195
3196
3197
3198
3199
3200
3201
3202
3203
3204
3205
3206
3207
3208
3209
3210
3211
3212
3213
3214
3215
3216
3217
3218
3219
3220
3221
3222
3223
3224
3225
3226
3227
3228
3229
3230
3231
3232
3233
3234
3235
3236
3237
3238
3239
3240
3241
3242
3243
3244
3245
3246
3247
3248
3249
3250
3251
3252
3253
3254
3255
3256
3257
3258
3259
3260
3261
3262
3263
3264
3265
3266
3267
3268
3269
3270
3271
3272
3273
3274
3275
3276
3277
3278
3279
3280
3281
3282
3283
3284
3285
3286
3287
3288
3289
3290
3291
3292
3293
3294
3295
3296
3297
3298
3299
3300
3301
3302
3303
3304
3305
3306
3307
3308
3309
3310
3311
3312
3313
3314
3315
3316
3317
3318
3319
3320
3321
3322
3323
3324
3325
3326
3327
3328
3329
3330
3331
3332
3333
3334
3335
3336
3337
3338
3339
3340
3341
3342
3343
3344
3345
3346
3347
3348
3349
3350
3351
3352
3353
3354
3355
3356
3357
3358
3359
3360
3361
3362
3363
3364
3365
3366
3367
3368
3369
3370
3371
3372
3373
3374
3375
3376
3377
3378
3379
3380
3381
3382
3383
3384
3385
3386
3387
3388
3389
3390
3391
3392
3393
3394
3395
3396
3397
3398
3399
3400
3401
3402
3403
3404
3405
3406
3407
3408
3409
3410
3411
3412
3413
3414
3415
3416
3417
3418
3419
3420
3421
3422
3423
3424
3425
3426
3427
3428
3429
3430
3431
3432
3433
3434
3435
3436
3437
3438
3439
3440
3441
3442
3443
3444
3445
3446
3447
3448
3449
3450
3451
3452
3453
3454
3455
3456
3457
3458
3459
3460
3461
3462
3463
3464
3465
3466
3467
3468
3469
3470
3471
3472
3473
3474
3475
3476
3477
3478
3479
3480
3481
3482
3483
3484
3485
3486
3487
3488
3489
3490
3491
3492
3493
3494
3495
3496
3497
3498
3499
3500
3501
3502
3503
3504
3505
3506
3507
3508
3509
3510
3511
3512
3513
3514
3515
3516
3517
3518
3519
3520
3521
3522
3523
3524
3525
3526
3527
3528
3529
3530
3531
3532
3533
3534
3535
3536
3537
3538
3539
3540
3541
3542
3543
3544
3545
3546
3547
3548
3549
3550
3551
3552
3553
3554
3555
3556
3557
3558
3559
3560
3561
3562
3563
3564
3565
3566
3567
3568
3569
3570
3571
3572
3573
3574
3575
3576
3577
3578
3579
3580
3581
3582
3583
3584
3585
3586
3587
3588
3589
3590
3591
3592
3593
3594
3595
3596
3597
3598
3599
3600
3601
3602
3603
3604
3605
3606
3607
3608
3609
3610
3611
3612
3613
3614
3615
3616
3617
3618
3619
3620
3621
3622
3623
3624
3625
3626
3627
3628
3629
3630
3631
3632
3633
3634
3635
3636
3637
3638
3639
3640
3641
3642
3643
3644
3645
3646
3647
3648
3649
3650
3651
3652
3653
3654
3655
3656
3657
3658
3659
3660
3661
3662
3663
3664
3665
3666
3667
3668
3669
3670
3671
3672
3673
3674
3675
3676
3677
3678
3679
3680
3681
3682
3683
3684
3685
3686
3687
3688
3689
3690
3691
3692
3693
3694
3695
3696
3697
3698
3699
3700
3701
3702
3703
3704
3705
3706
3707
3708
3709
3710
3711
3712
3713
3714
3715
3716
3717
3718
3719
3720
3721
3722
3723
3724
3725
3726
3727
3728
3729
3730
3731
3732
3733
3734
3735
3736
3737
3738
3739
3740
3741
3742
3743
3744
3745
3746
3747
3748
3749
3750
3751
3752
3753
3754
3755
3756
3757
3758
3759
3760
3761
3762
3763
3764
3765
3766
3767
3768
3769
3770
3771
3772
3773
3774
3775
3776
3777
3778
3779
3780
3781
3782
3783
3784
3785
3786
3787
3788
3789
3790
3791
3792
3793
3794
3795
3796
3797
3798
3799
3800
3801
3802
3803
3804
3805
3806
3807
3808
3809
3810
3811
3812
3813
3814
3815
3816
3817
3818
3819
3820
3821
3822
3823
3824
3825
3826
3827
3828
3829
3830
3831
3832
3833
3834
3835
3836
3837
3838
3839
3840
3841
3842
3843
3844
3845
3846
3847
3848
3849
3850
3851
3852
3853
3854
3855
3856
3857
3858
3859
3860
3861
3862
3863
3864
3865
3866
3867
3868
3869
3870
3871
3872
3873
3874
3875
3876
3877
3878
3879
3880
3881
3882
3883
3884
3885
3886
3887
3888
3889
3890
3891
3892
3893
3894
3895
3896
3897
3898
3899
3900
3901
3902
3903
3904
3905
3906
3907
3908
3909
3910
3911
3912
3913
3914
3915
3916
3917
3918
3919
3920
3921
3922
3923
3924
3925
3926
3927
3928
3929
3930
3931
3932
3933
3934
3935
3936
3937
3938
3939
3940
3941
3942
3943
3944
3945
3946
3947
3948
3949
3950
3951
3952
3953
3954
3955
3956
3957
3958
3959
3960
3961
3962
3963
3964
3965
3966
3967
3968
3969
3970
3971
3972
3973
3974
3975
3976
3977
3978
3979
3980
3981
3982
3983
3984
3985
3986
3987
3988
3989
3990
3991
3992
3993
3994
3995
3996
3997
3998
3999
4000
4001
4002
4003
4004
4005
4006
4007
4008
4009
4010
4011
4012
4013
4014
4015
4016
4017
4018
4019
4020
4021
4022
4023
4024
4025
4026
4027
4028
4029
4030
4031
4032
4033
4034
4035
4036
4037
4038
4039
4040
4041
4042
4043
4044
4045
4046
4047
4048
4049
4050
4051
4052
4053
4054
4055
4056
4057
4058
4059
4060
4061
4062
4063
4064
4065
4066
4067
4068
4069
4070
4071
4072
4073
4074
4075
4076
4077
4078
4079
4080
4081
4082
4083
4084
4085
4086
4087
4088
4089
4090
4091
4092
4093
4094
4095
4096
4097
4098
4099
4100
4101
4102
4103
4104
4105
4106
4107
4108
4109
4110
4111
4112
4113
4114
4115
4116
4117
4118
4119
4120
4121
4122
4123
4124
4125
4126
4127
4128
4129
4130
4131
4132
4133
4134
4135
4136
4137
4138
4139
4140
4141
4142
4143
4144
4145
4146
4147
4148
4149
4150
4151
4152
4153
4154
4155
4156
4157
4158
4159
4160
4161
4162
4163
4164
4165
4166
4167
4168
4169
4170
4171
4172
4173
4174
4175
4176
4177
4178
4179
4180
4181
4182
4183
4184
4185
4186
4187
4188
4189
4190
4191
4192
4193
4194
4195
4196
4197
4198
4199
4200
4201
4202
4203
4204
4205
4206
4207
4208
4209
4210
4211
4212
4213
4214
4215
4216
4217
4218
4219
4220
4221
4222
4223
4224
4225
4226
4227
4228
4229
4230
4231
4232
4233
4234
4235
4236
4237
4238
4239
4240
4241
4242
4243
4244
4245
4246
4247
4248
4249
4250
4251
4252
4253
4254
4255
4256
4257
4258
4259
4260
4261
4262
4263
4264
4265
4266
4267
4268
4269
4270
4271
4272
4273
4274
4275
4276
4277
4278
4279
4280
4281
4282
4283
4284
4285
4286
4287
4288
4289
4290
4291
4292
4293
4294
4295
4296
4297
4298
4299
4300
4301
4302
4303
4304
4305
4306
4307
4308
4309
4310
4311
4312
4313
4314
4315
4316
4317
4318
4319
4320
4321
4322
4323
4324
4325
4326
4327
4328
4329
4330
4331
4332
4333
4334
4335
4336
4337
4338
4339
4340
4341
4342
4343
4344
4345
4346
4347
4348
4349
4350
4351
4352
4353
4354
4355
4356
4357
4358
4359
4360
4361
4362
4363
4364
4365
4366
4367
4368
4369
4370
4371
4372
4373
4374
4375
4376
4377
4378
4379
4380
4381
4382
4383
4384
4385
4386
4387
4388
4389
4390
4391
4392
4393
4394
4395
4396
4397
4398
4399
4400
4401
4402
4403
4404
4405
4406
4407
4408
4409
4410
4411
4412
4413
4414
4415
4416
4417
4418
4419
4420
4421
4422
4423
4424
4425
4426
4427
4428
4429
4430
4431
4432
4433
4434
4435
4436
4437
4438
4439
4440
4441
4442
4443
4444
4445
4446
4447
4448
4449
4450
4451
4452
4453
4454
4455
4456
4457
4458
4459
4460
4461
4462
4463
4464
4465
4466
4467
4468
4469
4470
4471
4472
4473
4474
4475
4476
4477
4478
4479
4480
4481
4482
4483
4484
4485
4486
4487
4488
4489
4490
4491
4492
4493
4494
4495
4496
4497
4498
4499
4500
4501
4502
4503
4504
4505
4506
4507
4508
4509
4510
4511
4512
4513
4514
4515
4516
4517
4518
4519
4520
4521
4522
4523
4524
4525
4526
4527
4528
4529
4530
4531
4532
4533
4534
4535
4536
4537
4538
4539
4540
4541
4542
4543
4544
4545
4546
4547
4548
4549
4550
4551
4552
4553
4554
4555
4556
4557
4558
4559
4560
4561
4562
4563
4564
4565
4566
4567
4568
4569
4570
4571
4572
4573
4574
4575
4576
4577
4578
4579
4580
4581
4582
4583
4584
4585
4586
4587
4588
4589
4590
4591
4592
4593
4594
4595
4596
4597
4598
4599
4600
4601
4602
4603
4604
4605
4606
4607
4608
4609
4610
4611
4612
4613
4614
4615
4616
4617
4618
4619
4620
4621
4622
4623
4624
4625
4626
4627
4628
4629
4630
4631
4632
4633
4634
4635
4636
4637
4638
4639
4640
4641
4642
4643
4644
4645
4646
4647
4648
4649
4650
4651
4652
4653
4654
4655
4656
4657
4658
4659
4660
4661
4662
4663
4664
4665
4666
4667
4668
4669
4670
4671
4672
4673
4674
4675
4676
4677
4678
4679
4680
4681
4682
4683
4684
4685
4686
4687
4688
4689
4690
4691
4692
4693
4694
4695
4696
4697
4698
4699
4700
4701
4702
4703
4704
4705
4706
4707
4708
4709
4710
4711
4712
4713
4714
4715
4716
4717
4718
4719
4720
4721
4722
4723
4724
4725
4726
4727
4728
4729
4730
4731
4732
4733
4734
4735
4736
4737
4738
4739
4740
4741
4742
4743
4744
4745
4746
4747
4748
4749
4750
4751
4752
4753
4754
4755
4756
4757
4758
4759
4760
4761
4762
4763
4764
4765
4766
4767
4768
4769
4770
4771
4772
4773
4774
4775
4776
4777
4778
4779
4780
4781
4782
4783
4784
4785
4786
4787
4788
4789
4790
4791
4792
4793
4794
4795
4796
4797
4798
4799
4800
4801
4802
4803
4804
4805
4806
4807
4808
4809
4810
4811
4812
4813
4814
4815
4816
4817
4818
4819
4820
4821
4822
4823
4824
4825
4826
4827
4828
4829
4830
4831
4832
4833
4834
4835
4836
4837
4838
4839
4840
4841
4842
4843
4844
4845
4846
4847
4848
4849
4850
4851
4852
4853
4854
4855
4856
4857
4858
4859
4860
4861
4862
4863
4864
4865
4866
4867
4868
4869
4870
4871
4872
4873
4874
4875
4876
4877
4878
4879
4880
4881
4882
4883
4884
4885
4886
4887
4888
4889
4890
4891
4892
4893
4894
4895
4896
4897
4898
4899
4900
4901
4902
4903
4904
4905
4906
4907
4908
4909
4910
4911
4912
4913
4914
4915
4916
4917
4918
4919
4920
4921
4922
4923
4924
4925
4926
4927
4928
4929
4930
4931
4932
4933
4934
4935
4936
4937
4938
4939
4940
4941
4942
4943
4944
4945
4946
4947
4948
4949
4950
4951
4952
4953
4954
4955
4956
4957
4958
4959
4960
4961
4962
4963
4964
4965
4966
4967
4968
4969
4970
4971
4972
4973
4974
4975
4976
4977
4978
4979
4980
4981
4982
4983
4984
4985
4986
4987
4988
4989
4990
4991
4992
4993
4994
4995
4996
4997
4998
4999
5000
5001
5002
5003
5004
5005
5006
5007
5008
5009
5010
5011
5012
5013
5014
5015
5016
5017
5018
5019
5020
5021
5022
5023
5024
5025
5026
5027
5028
5029
5030
5031
5032
5033
5034
5035
5036
5037
5038
5039
5040
5041
5042
5043
5044
5045
5046
5047
5048
5049
5050
5051
5052
5053
5054
5055
5056
5057
5058
5059
5060
5061
5062
5063
5064
5065
5066
5067
5068
5069
5070
5071
5072
5073
5074
5075
5076
5077
5078
5079
5080
5081
5082
5083
5084
5085
5086
5087
5088
5089
5090
5091
5092
5093
5094
5095
5096
5097
5098
5099
5100
5101
5102
5103
5104
5105
5106
5107
5108
5109
5110
5111
5112
5113
5114
5115
5116
5117
5118
5119
5120
5121
5122
5123
5124
5125
5126
5127
5128
5129
5130
5131
5132
5133
5134
5135
5136
5137
5138
5139
5140
5141
5142
5143
5144
5145
5146
5147
5148
5149
5150
5151
5152
5153
5154
5155
5156
5157
5158
5159
5160
5161
5162
5163
5164
5165
5166
5167
5168
5169
5170
5171
5172
5173
5174
5175
5176
5177
5178
5179
5180
5181
5182
5183
5184
5185
5186
5187
5188
5189
5190
5191
5192
5193
5194
5195
5196
5197
5198
5199
5200
5201
5202
5203
5204
5205
5206
5207
5208
5209
5210
5211
5212
5213
5214
5215
5216
5217
5218
5219
5220
5221
5222
5223
5224
5225
5226
5227
2.457523803386225 0.7855705321148244 0
0.9804863945010496 -1.282755053894946 0
0.03387148846751752 0.0186364924529942 0
2.463961097594751 -0.7919044503925647 0
0.9808679304085516 1.284330635490472 0
0.03066643199902744 -0.2591177947982394 0
2.626697208833339 0.5701613132504464 0
0.7142791099538469 1.196095930355292 0
2.301289167715441 1.012024687906691 0
2.302451642983806 -1.013372866075053 0
0.7102402542609849 -1.193267086239571 0
2.626640837087713 -0.5640216631661144 0
1.248197337265864 1.371228742358772 0
1.245996944942175 -1.372389335881124 0
0.03315682174546611 0.2931699126658633 0
0.03626198460647352 -0.4961162443025382 0
2.75882851612445 0.3789282015937815 0
0.4886191778335223 1.125573181739738 0
2.158131052632481 1.197724345182203 0
2.160797297462048 -1.204525782440137 0
0.4860963945000988 -1.121815053894533 0
2.761923624927674 -0.3768408023535815 0
1.474876394497599 1.443695053893643 0
1.474885850184194 -1.444526194955441 0
0.03227039064808096 0.5400496290765562 0
0.03612036949512597 -0.6983773023924498 0
2.877237350417427 -0.2181153121579326 0
0.2964211151272294 1.061435758034821 0
2.045043769358172 -1.36173400825249 0
2.047899517522288 1.361602161663292 0
2.852367868292343 0.2497988935625166 0
0.3339777396481095 -1.072295092399082 0
1.626996394498139 1.493215053893721 0
1.630755458786149 -1.494873143038037 0
0.04126284165794693 0.7018345878063964 0
0.1831574630852615 -1.022204900045903 0
2.942217686951583 0.1196945373114339 0
1.741140355781941 1.530378744405919 0
1.741086394498939 -1.530355053894178 0
1.362722130484936 1.408227394097228 0
1.362812249692356 -1.406054202295246 0
1.134790366949117 1.333981392388654 0
1.129320417702259 -1.333374715049744 0
0.8661182984538545 1.246459440337699 0
0.8685158431656019 -1.244702905578236 0
0.03555845333348471 0.1398923513400017 0
0.03464063852285127 -0.1000030729601764 0
0.6044432994870219 -1.153421298815761 0
0.03488031415137471 0.8209086561748864 0
0.03424914992190078 0.4208081199716686 0
0.03579059446923463 -0.3810484734032861 0
0.600595794437774 1.160486349030974 0
2.692511557434827 0.4705657355306325 0
2.689146388433278 -0.4717071250602787 0
2.548274233283884 0.6650324341803637 0
2.556962582164187 -0.6633502666085868 0
2.391446420232281 0.8869027291320719 0
2.388841360105341 -0.8878668662779418 0
2.228808960647727 1.114238451352757 0
2.229550282163531 -1.104680985769157 0
0.03464314184136089 -0.8200025268246063 0
0.1815825561713687 1.023616255153333 0
2.94789796712424 -0.1249218242786058 0
1.974493101492292 1.457458960276419 0
1.978377488645847 -1.457071891324794 0
1.817097429496573 1.555120601783209 0
1.815228491015489 -1.55666074532747 0
1.550738864475763 1.469168612810136 0
1.550951906475122 -1.468474134409527 0
1.057081558683451 1.310133520123339 0
1.055455093295034 -1.307156776556611 0
0.7898461428782435 -1.220959993063333 0
0.7900579053104755 1.221710642702291 0
0.03464036179407135 -0.1799982135628121 0
0.03591302876493062 0.2181020319478527 0
0.03464062837639317 -0.8999993951120839 0
0.03334130414002624 0.8999999355927666 0
0.03464102769176868 0.6200009932025963 0
0.03355996079784932 -0.619878440546585 0
2.99081866766008 -0.05826431894643508 0
2.899781450703651 0.1897912820414789 0
2.829169075605972 -0.2811098631136178 0
0.4111989188882963 1.09941828429519 0
2.807668741806641 0.3134394719647051 0
0.4094415733719395 -1.098882279055953 0
0.257988885709737 -1.047951872764253 0
2.511946204229789 -0.7227455705352743 0
2.515981125444155 0.7257046599635018 0
2.345812947837024 -0.9473088565722416 0
2.347542095662857 0.9487959020820202 0
2.115608098161852 1.268266440495019 0
2.11876959849259 -1.268126065260718 0
0.1059270613112716 -0.9991109272132151 0
0.1057963944987948 0.9980150538940861 0
2.995735552255221 0.05770217632626615 0
1.933562347608205 1.520934321867847 0
1.93264545061233 -1.519736844064043 0
1.779123354701414 1.542773204151715 0
1.770840395629603 1.503729860317364 0
1.732945538904675 1.491328964553998 0
1.762509656323886 1.464758480397778 0
1.72475874342143 1.452346226792341 0
1.754284105205227 1.425821342492774 0
1.716578250852351 1.413430431267518 0
1.746399372669329 1.385441732917952 0
1.708460871175054 1.374288656277309 0
1.737768379644568 1.345704191837518 0
1.700261685770917 1.33564956116548 0
1.729839073625856 1.309142184869052 0
1.692523455318846 1.296699223348561 0
1.721735196895245 1.270274541794599 0
1.684414401559781 1.257835417990476 0
1.713588012625246 1.231426257467611 0
1.676004312224254 1.219040787675588 0
1.705384191235914 1.192592794314798 0
1.668049055891127 1.180158937955193 0
1.697445288107203 1.152504720085713 0
1.659946776277426 1.141111876961868 0
1.688925461994281 1.113510508090799 0
1.651508872170353 1.102469231922735 0
1.680427265847634 1.075363112296523 0
1.643473154971872 1.063540883140842 0
1.672667456487568 1.037127980501769 0
1.635322669267357 1.024818545996175 0
1.664575869769829 0.9984250847464902 0
1.627179576928196 0.9860382044251512 0
1.656437888711842 0.9596395272612598 0
1.619017581682414 0.947239650549943 0
1.648282667011494 0.9208371424305516 0
1.610862825042086 0.9084349749410721 0
1.640119442737376 0.8820301335880321 0
1.602675860412307 0.8696376191515577 0
1.631957101848359 0.8432288411944062 0
1.594355761452203 0.8308704670290763 0
1.623687972041391 0.8044508867529827 0
1.586312458311156 0.7920491014399587 0
1.615533175034118 0.76565330158225 0
1.578166262832732 0.7532509070432363 0
1.607465848049528 0.72684127507674 0
1.570029654353522 0.7144526627417062 0
1.599329620903844 0.688043792616 0
1.561874075923855 0.6756597899340999 0
1.591178728609548 0.6492487288051187 0
1.553580747489676 0.6368966403172521 0
1.582934430225485 0.6104763315114231 0
1.545528926043451 0.5980852064027739 0
1.574783499672394 0.5716861798645594 0
1.53738481361867 0.5592944107884206 0
1.566701703703955 0.5328847292910228 0
1.529247010443997 0.520503933429473 0
1.558563924522024 0.4940949703258766 0
1.521058375138554 0.4817252907525371 0
1.550412345347655 0.4553112198426961 0
1.512795793818895 0.4429629307172378 0
1.542246199243584 0.4165341528222628 0
1.504727993697508 0.4041627625289367 0
1.534102469407 0.3777461366205972 0
1.496584579410474 0.3653778944611052 0
1.525950423104753 0.3389591184830747 0
1.488339195738854 0.3266144831455963 0
1.517734692233307 0.3001900989638758 0
1.480254951021251 0.2878189238744151 0
1.509585080784592 0.2614070750559051 0
1.472109090879586 0.2490343257465117 0
1.501486659011816 0.2226079321026567 0
1.463879255838648 0.2102644609529111 0
1.493331965942032 0.1838177153050983 0
1.455796921781193 0.1714577291125949 0
1.485190971649256 0.1450247256567697 0
1.447650845083379 0.1326619014498736 0
1.477154129850803 0.1056728477576099 0
1.439494557811366 0.09381977374524963 0
1.468833927329147 0.06680454833178709 0
1.43132962461474 0.05495135394501323 0
1.460528323839981 0.02828173507998712 0
1.423021224566489 0.01629251559673177 0
1.442879585583515 0.2764351529753302 0
1.452614656162516 -0.01067099000091275 0
1.414932028407745 -0.02255160335767684 0
1.44472731640058 -0.04976913100266307 0
1.393880863757436 0.04355226435350249 0
1.514887335895814 0.1173708285149896 0
1.40689578354029 -0.06149151105454268 0
1.436541137550746 -0.08821582474371237 0
1.398735361013107 -0.1002237491754878 0
1.428252851278691 -0.1271180646396583 0
1.390383196571429 -0.1389642030794735 0
1.419895276653334 -0.1661086622010255 0
1.466306521528266 -0.1159382668818037 0
1.382219162881895 -0.1777906258140738 0
1.411727395438765 -0.2043464023366737 0
1.374050170902376 -0.2166404619010376 0
1.344439633841493 -0.1899700086518902 0
1.40360576990001 -0.2431289349759612 0
1.491906990829864 0.5094973379717527 0
1.563715524650289 0.3506992985678644 0
1.336331075749379 -0.2289811280851516 0
1.306702174615048 -0.2022956903169506 0
1.298597769470244 -0.2413401708241888 0
1.26895982317699 -0.2146436841074155 0
1.26084179909108 -0.2536717425005012 0
1.231259621132327 -0.227153835751447 0
1.223097542385558 -0.266062937572249 0
1.193508089916882 -0.2395423794314107 0
1.185335808821248 -0.2784342408576924 0
1.15589281164741 -0.2519420549402532 0
1.214953298669119 -0.3049832462477802 0
1.147596137848368 -0.2908161037926556 0
1.118162634957763 -0.2641729137358541 0
1.109825371190468 -0.3031742357361932 0
1.080422221747484 -0.2763829744319569 0
1.604594122361672 0.544805047365356 0
1.072034531364138 -0.3155181715377875 0
1.042416801689426 -0.2889652322516865 0
1.050816756654673 -0.2497981782300591 0
1.012797742657278 -0.2624067316432918 0
1.020985471781673 -0.2234759698299371 0
1.00457772074647 -0.3014079083379523 0
0.9831225665399231 -0.2359082556836522 0
0.991483124630133 -0.1967809272892715 0
1.532811156747392 0.703606492694191 0
0.9535377787934813 -0.2093204480962079 0
0.9618838492962807 -0.1701873685320338 0
0.9238619397786589 -0.1827866722306117 0
0.9322468960303457 -0.1436194894284767 0
0.8942230634959748 -0.1562186520612824 0
0.9026087328282113 -0.1170440404850989 0
0.864617375059723 -0.1296100417972146 0
0.8728142051158156 -0.09063319963596972 0
0.8564246132152351 -0.1686905671760456 0
1.644831733024298 0.7378704859060226 0
0.834927811268968 -0.1030663671940187 0
0.8431306597719276 -0.06408580792575699 0
0.8052765234554595 -0.07650018419394519 0
0.8134693044932527 -0.03750583635216648 0
0.7756120385577329 -0.04989760937094948 0
0.783812498591158 -0.01091266740102921 0
0.8216696039640536 0.001476767566294536 0
0.7920120400997976 0.02807054339727875 0
0.8298711853711955 0.04045960993212445 0
0.8002148896981756 0.06705621921430228 0
0.7623492607422562 0.05466586654968375 0
0.7705530803534997 0.09365357285092341 0
0.8084200606488319 0.1060426587261407 0
0.7787839836217452 0.1326360760642184 0
0.8166296405464692 0.1450276675371489 0
0.786994716741543 0.1716220727932106 0
0.8248365190220979 0.1840128215644318 0
0.7951969314008359 0.2106095434988193 0
0.8330418510589143 0.2229994971949426 0
0.8034021966691879 0.2495963660937914 0
0.8412477320404508 0.2619875819509689 0
0.8116045608944585 0.2885839026655448 0
0.8494506185656 0.3009750798822557 0
0.8198082938924817 0.3275702472455236 0
0.8576577131419016 0.3399627887394429 0
0.8279957584303461 0.3665619687760757 0
0.8658617781051859 0.3789527759039448 0
0.8362003178970596 0.4055544885114817 0
0.8740687793051146 0.4179369935050115 0
0.798325647259027 0.3931643254473561 0
0.806534822736936 0.4321637533014934 0
0.7686532228587662 0.419772227603022 0
1.573736244589798 0.8977496031550851 0
0.7573329907966857 0.1980965436989539 0
0.7768650833224804 0.458775949864872 0
0.7389760120606038 0.4463843513189916 0
0.7471887483381968 0.4854020698492199 0
1.677768207686372 0.8943988099699178 0
0.7092881087478724 0.4730019159972994 0
0.7175031901082161 0.512025699355338 0
0.7554070730088647 0.5244236142769203 0
0.6795976186934825 0.4996285096894789 0
0.7257191186668389 0.5510512005542285 0
0.7636324411001137 0.5634506391252587 0
0.7339371942956234 0.5900784341384373 0
0.7718576802211762 0.6024825225575219 0
0.8791064305901541 0.2743764448510337 0
0.7421561368288827 0.6291143322014048 0
0.7800762255986494 0.6415154381011636 0
1.710405599571774 1.048258225627363 0
1.606661412590356 1.053160772463565 0
0.7503827069689791 0.6681521873371183 0
0.7883052312137557 0.6805502676529911 0
0.7124540189848114 0.6557516536976481 0
0.9703381226307098 -0.1307132305298853 0
0.7207157852689756 0.6948109506382841 0
0.6827440923745942 0.6823929773868318 0
0.6713831721827039 0.4605977038344209 0
0.641688336069787 0.4872285080922113 0
0.633473055718083 0.4481918897567346 0
0.6037719708958879 0.4748260615345825 0
0.5955575030306621 0.4357583039990203 0
0.5658508417668389 0.462419274070398 0
0.5576339290341892 0.4233342979930366 0
0.5279228337871424 0.4500116719177976 0
0.5197034770527564 0.4109453585077151 0
0.4899888407513375 0.4376046680834594 0
0.481770188768898 0.3985456379377073 0
0.4982104330078422 0.4766673158444517 0
0.8179955061779364 0.6539143553928705 0
0.8262254403350516 0.6929448234010231 0
0.8558991745178497 0.6663400902050858 0
0.8641369752556743 0.7053416862863915 0
0.8938045820676713 0.6787430195186818 0
0.9020391440454573 0.7177359901318364 0
0.9317152824947301 0.6911013149567428 0
0.9399410894691351 0.730116270427275 0
0.9696094204014396 0.7034870079300957 0
0.9778256058866354 0.7424986141808896 0
1.007488977496908 0.7158885124156336 0
1.015703922590178 0.7548820864637518 0
1.045363317363371 0.7282774900959594 0
1.053575754724184 0.7672607862672447 0
0.9860682996278431 0.7815146079371186 0
1.083225345325617 0.7406585318200332 0
1.091437327856902 0.7796332939727713 0
1.075017570280656 0.7016865320373327 0
0.6909658963805495 0.7214447603450475 0
0.6530305718948893 0.7090405003003517 0
0.4602691014371279 0.4642571497518047 0
0.4684917956432944 0.5033252727318881 0
1.11286564114262 0.7140617426419041 0
1.104667155809486 0.6751050176103539 0
0.6612543601932432 0.7480986558014717 0
0.6233135881802129 0.7356915960506595 0
1.735238721146303 1.163424789888443 0
1.490249178743097 0.0009298714355830831 0
0.9037271647057649 0.3913374814431884 0
0.8547147530267442 0.1576501644841811 0
1.539357545541959 0.2346049214939477 0
1.441325381168756 -0.2307594408332253 0
1.433165599178884 -0.269596753677855 0
1.470725243466816 -0.2574094177816461 0
1.462690606266396 -0.2960995500463558 0
1.500384094630956 -0.2837548767811389 0
1.492251906629354 -0.3225501773748466 0
1.529943640153551 -0.310199899067116 0
1.521797692369593 -0.3490031972702092 0
1.559470616724055 -0.336659227151004 0
1.551324368708324 -0.3754523879164127 0
1.588984627053908 -0.363111879334263 0
1.580841848904804 -0.4018893328678466 0
1.618489328467419 -0.3895555393575402 0
1.610349813535193 -0.42831687277172 0
1.647980836904147 -0.4159885360630544 0
1.639842950082992 -0.4547403319260805 0
1.602213664127662 -0.4670716849715366 0
1.631700842191078 -0.4934657220577616 0
1.594081863723039 -0.5058244531707146 0
1.623567209386813 -0.5322210309136404 0
1.585941839532012 -0.5445885423308955 0
1.615465110630382 -0.5710223383994092 0
1.577803530268237 -0.58335782072236 0
1.607334701522809 -0.609800944138171 0
1.677462735671013 -0.4424112041392424 0
1.685603367347507 -0.4036746595513226 0
1.715073912042613 -0.4300914174552644 0
1.723211695016082 -0.3913706859956975 0
1.569662014798923 -0.6221335863844316 0
1.59917594161864 -0.6485743882145379 0
1.752667783384054 -0.4177740969439228 0
1.760804242915196 -0.3790686008952873 0
1.790252515656115 -0.4054612713894604 0
1.798384307993291 -0.3667691265675475 0
1.561521116501162 -0.6609163508991827 0
1.591036227803489 -0.6873621005810797 0
1.827821205566023 -0.3931546385326276 0
1.835951033574712 -0.3544737047570963 0
1.553373541470086 -0.699709125162475 0
1.582894823865308 -0.7261563616077378 0
1.865377137424619 -0.3808492606098253 0
1.873505324535294 -0.342181694235816 0
1.620562999566678 -0.7138135078857359 0
1.612424567437611 -0.7525994072039672 0
1.902922071681765 -0.3685439895072571 0
1.911047773310848 -0.3298927352948609 0
1.89480384074931 -0.407207866775724 0
1.545212364491305 -0.7385095379189152 0
1.650083082650324 -0.7402602703671513 0
1.641947819829003 -0.7790340008040652 0
1.94045522378973 -0.3562465586779975 0
1.948578367313203 -0.3176081481149298 0
1.977976461500926 -0.3439593833177356 0
1.986096071044874 -0.3053266262747259 0
1.679593789658677 -0.7666946856219121 0
1.67152014421903 -0.8053898538221019 0
1.95684671690178 -0.2791225807524957 0
1.994344718953772 -0.2667447708948374 0
2.023625540258109 -0.2930512561215673 0
2.031749803419084 -0.2544303588064631 0
2.002470741365672 -0.228109609952789 0
2.03987290162993 -0.2158118457419725 0
2.010495696937191 -0.1894709955494687 0
2.04797809093638 -0.177198100764562 0
2.01860070324202 -0.1508551454817874 0
2.056095992228152 -0.1385880327072835 0
2.026720288306113 -0.1122449371765659 0
2.064216862470569 -0.09997883134481196 0
2.093584845190873 -0.1263163498413809 0
2.101706134101682 -0.08771305728977222 0
2.072341187032484 -0.06138221840116196 0
2.109825932265585 -0.04911799647345019 0
2.080510068814843 -0.02279826161828115 0
2.117954853623075 -0.01053137924603023 0
2.088642366014506 0.01578915318546868 0
2.147244310586992 -0.03684435169697177 0
2.126078943620953 0.02805635566927022 0
2.096759119537598 0.05437761780675705 0
2.134199244649562 0.06664269238884118 0
2.10488080149718 0.0929623961835593 0
2.142319005812591 0.1052264303154087 0
2.112995123277789 0.1315456873819201 0
2.061182095310557 -0.281188033258315 0
1.515677825861536 -0.7119518741999254 0
1.507515613051332 -0.7508586889648302 0
1.477953885543299 -0.7242741588856312 0
1.469887600073223 -0.7631139694301441 0
1.440213084569346 -0.7366161987360887 0
1.432132054671416 -0.7753533427238768 0
1.402462041295267 -0.7489507079661563 0
2.150437001902998 0.1438075273487859 0
2.12111513724714 0.1701246620897087 0
2.179721957427693 0.1174966704170261 0
1.709097414569992 -0.7931118780880928 0
1.701044712828296 -0.8317861900578407 0
1.394289804213753 -0.7878058789950555 0
1.364714558406398 -0.76141148006647 0
2.158551395238819 0.182388921976385 0
2.129229301152296 0.2087023457914853 0
1.738586711134308 -0.819522533504409 0
1.730478222398215 -0.8582426616680606 0
1.356546887391384 -0.8003233925024373 0
1.326942923670095 -0.7738083259445208 0
1.386155742737418 -0.8265310630240928 0
2.166618125894652 0.2209741715738955 0
2.13733995878019 0.2472774395964555 0
1.318770672260222 -0.8127360610684647 0
1.289150835467648 -0.786189903928674 0
2.17472520583629 0.259548423987001 0
2.145436143615481 0.2858522781042845 0
1.768046898051067 -0.8459319555096514 0
1.759926047763426 -0.8846404859995389 0
1.722360127689237 -0.8969716451897209 0
2.091802748293524 0.1963540956206095 0
2.059348468570017 0.04196904526540949 0
1.28097565122402 -0.8251318086168534 0
1.251348589055297 -0.7985886732388436 0
1.751814314232682 -0.923355352473303 0
1.714230202591147 -0.9356867423584667 0
1.743687256179935 -0.9620339278720632 0
1.7061268328386 -0.974374863078783 0
2.182889492162535 0.2981054005099675 0
2.153559651305107 0.3244172606136937 0
2.212228681368398 0.2712501195447711 0
1.243166243896579 -0.8375302643836987 0
1.2135215561288 -0.8109691138407404 0
1.989217932686458 -0.1245118630327869 0
1.797495153742118 -0.8723224255392585 0
1.735575240476983 -1.000756387170349 0
1.205341484597153 -0.849928697291477 0
1.175691349364128 -0.8233618052481708 0
1.23481843180148 -0.8764544656715191 0
1.697976429624135 -1.013061801877012 0
1.727478431107243 -1.03954360049489 0
2.191013331516918 0.3366680000346525 0
2.161672133237433 0.3629744135368784 0
2.12421794099302 0.3507254610380759 0
2.132333224752621 0.3892956544625666 0
2.094868229113459 0.3770413856952116 0
2.102994116515879 0.4156308397483813 0
1.805614656151679 -0.8336238874978813 0
1.835049594052053 -0.8600015413771601 0
1.84311216501356 -0.8211689256022554 0
2.065523531488008 0.4033695390217956 0
2.073650121916133 0.4419597974130329 0
2.111124258204091 0.4542192633814455 0
2.081783604295297 0.4805470626236373 0
1.183875044457759 -0.7843980683516438 0
1.146040589038094 -0.7967898021057775 0
1.137850797763049 -0.835759755229236 0
1.108191415648821 -0.8091805828378994 0
1.099931161978468 -0.8479527460768763 0
1.070466340254256 -0.8213797335477248 0
1.078551888750217 -0.7825599465653521 0
1.040837999785502 -0.794787017415469 0
1.872578430851236 -0.8476592734737679 0
1.880637168298462 -0.8088437601206039 0
1.806520938734856 -0.3280852101424019 0
1.048899325578336 -0.7559616949499512 0
1.01103663430025 -0.7683526579215442 0
1.002907968732738 -0.8069629491297088 0
0.973131753401142 -0.7807864763199456 0
0.9812514036695227 -0.7422266925093919 0
0.943272174458134 -0.7544479939541603 0
0.9352235541880175 -0.7932313848389001 0
0.9055411713045612 -0.7666304980894485 0
0.9136851389621813 -0.7276881819838109 0
0.87587741043867 -0.7399960093708776 0
0.8839136739553283 -0.7011792964853729 0
0.8463482768953723 -0.713215652335542 0
0.8544198077189578 -0.6743605402943308 0
0.8167237287445782 -0.68653982599455 0
0.8247832766165827 -0.6477006556734431 0
0.7868959069229531 -0.6600859307455846 0
0.7783996341233608 -0.6983526962598924 0
0.7488397893903926 -0.6721239573536273 0
0.7571614444833369 -0.6334279035747008 0
0.7194265211201538 -0.6456218478286962 0
0.7275106852050399 -0.6068153537741281 0
0.6897874662632232 -0.6190179244899321 0
0.6978352204701849 -0.5801913732591016 0
0.6601103347048993 -0.5923873946364313 0
0.6681472788693625 -0.5535582317711576 0
0.6304172506571217 -0.5657553547635438 0
0.6384548759689147 -0.5269233157613779 0
0.6007350539941958 -0.5391028826732993 0
0.6087621814849851 -0.500284318633021 0
0.5921102561818528 -0.5769646459264647 0
0.5710363554234409 -0.5124627148542151 0
0.5790600684851146 -0.473641874667475 0
0.5413379773284154 -0.485814712394787 0
0.5493537052337746 -0.4469936792548473 0
0.7105631521660603 -0.6835071670083004 0
0.5116299839486591 -0.4591700868035061 0
0.5196455774377911 -0.4203457469771974 0
2.119273092231151 0.4929266227205745 0
2.089929524514832 0.5192162731436225 0
1.689810568910101 -1.051809025268969 0
1.719360808441122 -1.078318067007577 0
2.052447743277923 0.5069117689025542 0
2.060559068997015 0.5454939739928305 0
0.4819280634387365 -0.4325126606865495 0
0.4899360175717362 -0.3936940883404066 0
0.4733106249422834 -0.470279886010659 0
1.548285176353558 -0.5569191595455858 0
1.372814320718975 -0.7222958221014011 0
0.8973668814761786 -0.8055939445733182 0
1.765081843068119 -1.0272098978669 0
2.098059456505975 0.5578772983496348 0
2.068686666422212 0.5841199498495854 0
1.910097684045016 -0.8353429295712435 0
1.918209177949596 -0.7967120346262041 0
2.031191194027305 0.571830646723229 0
2.039332565624756 0.6104229437742996 0
0.4522232416231438 -0.4049735682714715 0
0.4602402945072059 -0.3669835260155805 0
2.076820932011624 0.6226955948565502 0
2.047477779611396 0.6490192912034416 0
1.947617186172212 -0.8230700220452337 0
1.955726200394178 -0.784456419366227 0
1.939573963842732 -0.8616378629751482 0
1.681700395555223 -1.090667996329658 0
1.711237043023369 -1.117112226363707 0
0.4978992859164247 -0.3549066869016962 0
0.4683604397350576 -0.3280545866563789 0
0.8723856423420118 0.744390863859503 0
0.7326811642835684 0.08126503385076148 0
1.101625525680496 -0.3421023811087108 0
1.631354184223909 1.169803833027185 0
1.418399337700643 0.1600126715525393 0
1.467373492246749 0.3928378604482714 0
1.23963396774244 -0.1874221902408902 0
0.4304541438427676 -0.340447928530893 0
0.4386747338460114 -0.3013884154516756 0
1.652137563558404 -1.064144995625401 0
1.142497880215101 0.6874751931343634 0
1.134302460135983 0.6485320518601922 0
0.6763229657648782 -0.5145751167244123 0
0.430544879801998 0.4909113119684813 0
0.4387685527204817 0.5299856523667963 0
1.985106818408484 -0.8107763920866298 0
1.993212657096387 -0.772181177653726 0
1.644018316540215 -1.103022672213037 0
1.614445675129864 -1.076511075483745 0
2.084971677897686 0.6612594515148413 0
2.055624320424665 0.6876042603599495 0
2.001826963297175 0.5981710723252134 0
0.4769633134701313 -0.2893689839297847 0
0.446950701294295 -0.2623863855752984 0
0.8925778620196164 -0.6630055021178909 0
1.88880935630039 -0.7701900157681605 0
0.587235558703541 -0.4346453505501759 0
0.4089702477731919 -0.2747400424144867 0
0.4172038752267609 -0.2356779267629919 0
0.455140932974744 -0.2232630370183553 0
0.4254297081346229 -0.1966064449730141 0
0.6315380844758549 0.7747568511223675 0
0.5935909766108843 0.762347584143202 0
1.606314924924541 -1.115405190000339 0
1.576719786164182 -1.088872172518549 0
2.022586943193934 -0.7984939449963486 0
2.030682860709467 -0.759902449405472 0
0.400814366314067 0.5175706943600138 0
0.4090496844770979 0.5566194802796832 0
0.3925915677449669 0.4784914126668972 0
0.4633538478383282 -0.1841980803044852 0
0.433658199586838 -0.157542005980039 0
1.567583901522477 -0.2978515974708172 0
0.3957165744426697 -0.1699447734198449 0
0.4043146591305178 -0.1309591443275732 0
1.454564436063275 -0.3348966398197225 0
1.172120253959757 0.6609095408352718 0
1.163925384409063 0.621964555201534 0
1.180321609343211 0.6998373444064798 0
0.4419548917444852 -0.1184941907888391 0
0.4126107557256716 -0.09191053593705407 0
2.093113749276005 0.6998386816846842 0
2.063779206153772 0.7261883583057633 0
2.122445953224001 0.6735038878456955 0
2.0262756526758 0.7139453419902697 0
2.034430578245957 0.7525473726924795 0
1.996916235654614 0.7402965921730449 0
2.005069444714649 0.7789062542745195 0
0.7674178705455184 -0.088900718142722 0
0.5114837768377923 0.3718870782584996 0
0.4735533177973488 0.3594882502088181 0
0.5032707401065291 0.3328394345135251 0
0.4653408374155739 0.3204260425447355 0
0.4950546192391008 0.2937791495515061 0
0.4571185637369972 0.2813664561112901 0
0.4868368476792664 0.254717845579313 0
0.448898725022449 0.2423019799276396 0
0.4191757937999059 0.2689529855222393 0
0.4109559174138224 0.2298828659204349 0
0.4786205459374045 0.215657311165951 0
0.381227896323803 0.256537901087004 0
0.3730076227707607 0.2174596079777 0
1.568584529178984 -1.12779790747776 0
1.538988400459268 -1.101294971928065 0
1.59817046743245 -1.154258398122257 0
2.001318893786513 -0.733592005175244 0
2.038786976389392 -0.7213230519657519 0
2.068126940753195 -0.7475798782399818 0
2.076246546971144 -0.7090543486692956 0
1.782186390845412 -0.4441009564012833 0
2.04263720691419 0.7911415863201567 0
2.013236703952638 0.8175069375328725 0
0.3749703288437521 -0.1061126620821262 0
0.3710808165007862 0.5442273868025321 0
0.3792998176518182 0.5832622167247949 0
0.6018178723313676 0.8014173162878362 0
0.563866047744247 0.7890032456488922 0
0.6397691237082986 0.813828302187696 0
0.4502095589625675 -0.07944012680819046 0
2.10564397941978 -0.7352378893015903 0
2.113696126340488 -0.6967629162571547 0
2.084240537381903 -0.670146854601633 0
2.12177878342649 -0.6581774296014808 0
1.209933134164386 0.6732785014291818 0
1.218135514715511 0.7121919471230075 0
2.151150379097481 -0.6844851417278264 0
2.159233249349962 -0.645968020060594 0
1.759532976385708 1.281210408096506 0
1.967549180286621 0.7666641075343633 0
2.130587730059307 0.7120672227889442 0
2.159908282865155 0.6857504651073631 0
2.129949276652878 -0.6193513965797846 0
2.167399170575737 -0.6073957928792655 0
2.196668634696436 -0.6337167765314553 0
2.204779773206424 -0.5951882416032163 0
1.530837083503479 -1.14020074607156 0
1.501218439835747 -1.113674978928188 0
2.050793541451072 0.8297376437477431 0
2.021395553090656 0.8561012508582808 0
2.175561119929781 -0.5685700247242942 0
2.212951905902391 -0.5566216595338406 0
2.242202520075182 -0.5829417107665666 0
2.25031459652076 -0.5444202862418088 0
0.3432739843837447 0.244120429467762 0
0.3350523794639456 0.2050355589164967 0
1.126110047812036 0.6095940642547454 0
1.155723502827754 0.5830256187523859 0
1.687727357693439 -0.7279338543463668 0
2.199079376478963 0.3753034040272585 0
1.676598779593251 -0.9478649824698537 0
0.3413414949094946 0.5709006443972567 0
0.3495493591859888 0.609963507199492 0
0.6100420853803408 0.8404921718495586 0
0.648021808142625 0.8529033815769678 0
2.221105441575454 -0.5177939436814234 0
2.258488330899997 -0.505861963433514 0
2.287728505703184 -0.5321843935074014 0
2.295845158728147 -0.4936687021445789 0
2.266600039155735 -0.4673946386486096 0
2.30396240277389 -0.4551610992002941 0
2.274664859498427 -0.4288774716751672 0
2.312070982473167 -0.4166486187345496 0
2.282772419087596 -0.3903605070948098 0
2.320186532999365 -0.3781373494998793 0
2.349477678591323 -0.4044210349275859 0
2.357596594514981 -0.3659125935728315 0
2.328306532437085 -0.3396268345560495 0
2.365717773468213 -0.3274043707027714 0
2.336430439099089 -0.3011175796852996 0
2.373841317128194 -0.2888996682798802 0
2.403123650161583 -0.315182972719823 0
2.411246259031487 -0.2766818880901231 0
2.381966590673003 -0.2503971082448047 0
2.419370624529531 -0.2381820051177919 0
2.390091927707444 -0.2118968923558872 0
2.427496278842048 -0.1996838452549896 0
2.398217237655641 -0.1733973371419421 0
2.435620884884157 -0.1611886607897399 0
2.464896747686112 -0.1874699571531482 0
2.473049469880319 -0.1489424701768718 0
2.443753379770005 -0.1226919054677094 0
2.481157542909686 -0.1104456140876711 0
2.451878089906621 -0.0842099990555549 0
2.489273491404203 -0.07193754425013936 0
2.460005416262528 -0.04572514849404265 0
2.497391262171458 -0.03349773337093386 0
2.468142398834563 -0.007241049327604639 0
2.505520820667054 0.004963913678914167 0
2.534795153879817 -0.02126689587545175 0
2.476271568817846 0.03123617915237645 0
2.513640999213581 0.04345681756589727 0
2.484399148127047 0.0697152229929211 0
2.521763840750893 0.08193735006956269 0
2.492525108946215 0.1081907555294565 0
2.510499816164962 -0.1365381514119564 0
2.529891857796923 0.1203932650640371 0
2.500641290361742 0.1466612695845214 0
2.559141794181222 0.09418582041295112 0
2.44052049433535 -0.3029654093673877 0
2.538014010435437 0.1588616189886742 0
2.508765503746958 0.1851279945617669 0
0.7377488309918683 -0.06229492974604878 0
0.7295470523260542 -0.101281409790495 0
2.463320244581353 0.1345021870608573 0
2.430746251030623 -0.01938304080224422 0
1.547141771199065 -1.062354505916369 0
2.058880360356538 0.8683399089892601 0
2.029549508056993 0.8947639634300735 0
1.992036784100467 0.8824666055011081 0
2.000200730501993 0.9211026726877458 0
1.962676591008758 0.9088251023363081 0
1.970838180224303 0.9474368334012007 0
1.247737630238504 0.685634066579771 0
1.255937962628756 0.7245439672951037 0
1.493057065791727 -1.152608692677073 0
1.463417354782273 -1.126053708897687 0
2.546133920758822 0.1973248070436558 0
2.516886559081122 0.223590781544581 0
2.325123502945957 -0.5199601945756138 0
2.168044270786615 0.7242907362788956 0
2.197351025823635 0.6979860882222161 0
1.117921935891985 0.5706595975417408 0
1.147462318238354 0.5440230002829545 0
1.18532012538029 0.5564514849916345 0
1.177059707155302 0.5174587282935714 0
1.214920861912517 0.5298994079470076 0
1.206726962877404 0.4909617979066968 0
1.168891442476966 0.4784903241296617 0
1.198532552284713 0.4520293942105341 0
1.160790354952117 0.4397456073967437 0
1.19038414604454 0.4132030812079681 0
1.152616107122826 0.4008424425739885 0
1.182207334350051 0.3743096365460225 0
1.144437457623933 0.3619434082567731 0
1.174026953598823 0.3354125423706403 0
1.136262895419457 0.3230436029409998 0
1.165846319527698 0.2965123763764875 0
1.128083180863874 0.2841442064272975 0
1.157670811189057 0.257615621411193 0
1.119906304433844 0.2452444239546148 0
1.149485539834728 0.2187132105893501 0
1.111716181364981 0.2063456712021614 0
1.141308797379473 0.1798154638218242 0
1.103544037300229 0.1674429731034295 0
1.133127272347346 0.1409115002625324 0
1.0953460422603 0.1285432142603765 0
1.124944702962264 0.1020099177767749 0
0.6182736200545986 0.8795758319152699 0
0.6562597647518662 0.8919871167623229 0
0.3115936879565379 0.5975674699520788 0
0.3198224543167265 0.6366631706257982 0
0.3033682046489456 0.5584737885116704 0
2.008359325756611 0.9597169756069523 0
1.979006604321048 0.9860471819369619 0
2.360808173403523 -0.1856099009524424 0
0.3053154381484324 0.2317015274510438 0
0.2970929688413132 0.1926128308089544 0
1.455247827969884 -1.165007122191934 0
1.425599586267674 -1.138453724076781 0
1.433776234334573 -1.099492574818225 0
1.395949688711765 -1.111892964044871 0
0.4208595727836538 -0.05285378804942878 0
0.4584493876992188 -0.04038218544413883 0
1.655953087809433 1.286444800453987 0
0.923398838208215 0.6520702354899387 0
0.3135380298683894 0.2707882239776123 0
1.499504965855575 -0.789379394333508 0
1.484902085393383 -1.191561215765345 0
1.387763270634976 -1.150853440158535 0
1.358100598396488 -1.124277684956621 0
2.554253811935599 0.2357829092265261 0
2.525014897869676 0.262040923182984 0
2.583497569953534 0.209528003169837 0
2.487641097560984 0.2498568962062953 0
2.495769381043201 0.288310631937324 0
1.933304213154809 0.9352009228179925 0
1.087160929573092 0.08963908215600919 0
1.116763376175607 0.06310261233967038 0
0.911930953109644 0.4303162025091293 0
2.016516194524494 0.9982912876715297 0
1.9871756743105 1.024646328170293 0
0.6252613553413698 0.4090623340654475 0
2.458445304048132 0.2761098541084868 0
2.466582151454049 0.3145715745037401 0
0.3577623035791971 0.6490199378929602 0
0.3280304784950194 0.675733594316632 0
0.2900738074763352 0.6633398688686682 0
0.2983057543889812 0.7024424822234057 0
0.3362542008862927 0.7147886039797782 0
0.3065376473328879 0.7415385359555242 0
0.3445079796925788 0.753905545337215 0
0.3147750302231305 0.7806443006398542 0
0.3527610922108602 0.7930662902633707 0
1.170904797522732 0.1532858071828251 0
1.195443126559635 0.2699893092076008 0
1.2200036301976 0.386603809916404 0
1.404132438276158 -1.072932697792412 0
1.244544856558575 0.5031807531728526 0
1.285530033547964 0.6979928152538148 0
1.293724739542897 0.7368920613027952 0
1.264143629859332 0.7634452877480218 0
1.301926030415837 0.7757938442880914 0
1.272343217603536 0.8023502347250724 0
1.310133220805506 0.8147029238732452 0
1.280537216729554 0.8412621110608228 0
1.318335734164302 0.8536149335680341 0
1.288733855890423 0.8801776019467075 0
1.32654302840488 0.8925336492353069 0
1.296932448693505 0.9191009571785118 0
1.334748377872532 0.9314541835330884 0
1.305140910713068 0.9580306224511548 0
1.267310717506554 0.9456710310257017 0
1.275521121343367 0.9846164924386231 0
1.23768014455157 0.9722525544975706 0
1.313356891966759 0.9969772810154105 0
1.283735252755859 1.023566859378477 0
1.321577711365692 1.035934364710123 0
1.291947877008855 1.062527514563012 0
1.329809537010764 1.074898155819376 0
1.300162467855366 1.101501107061541 0
1.338074025835331 1.113885461200861 0
1.262306031674875 1.089136063243555 0
1.359421387839322 1.048287290731857 0
0.2767927237908492 0.7682289053365318 0
1.270515684955605 1.128118770455546 0
1.232638864373512 1.115747500560859 0
0.6265067756341752 0.9186649582131017 0
0.6644771147540873 0.9310787273969999 0
0.5885310991912243 0.9062470079273826 0
0.6942406310963944 0.9044127634498562 0
0.7024483794547367 0.9434932167068563 0
0.7321925751731932 0.9168323682819726 0
0.7404131873552139 0.9559041483814883 0
0.7701414032853062 0.9292337547005338 0
0.7783740795387528 0.9683094914225374 0
0.8081062315204117 0.9416511264312259 0
0.8163320543663273 0.9807203182611706 0
0.8460637404378137 0.9540644740414888 0
0.8542871395367108 0.9931269705426634 0
0.8840080836734435 0.9664648477762408 0
0.8922374956198409 1.005529442512447 0
0.9219562585509947 0.9788763483722012 0
0.9301823930638302 1.017934284102291 0
0.9598971731082016 0.9912843892304154 0
0.9681223804135057 1.030335994636379 0
2.205483140940002 0.7365077201031942 0
2.235285698595329 0.7096476852773478 0
2.226738432489043 0.6715990685889196 0
2.264829213016062 0.6827731894004019 0
2.256088547999684 0.6452022499573351 0
2.29356835078103 0.6571297143238344 0
2.285264213889922 0.6190692942865932 0
2.322350969717458 0.6308998885738185 0
2.314435601795161 0.5927776808597003 0
2.503895964592599 0.3267751607770357 0
2.474657051648625 0.3530488064974969 0
0.3230147442719213 0.8197639735501641 0
0.3610003652052796 0.8321858714840318 0
0.69987414388081 -0.07467907425130048 0
0.6916715698100356 -0.1136851446251756 0
2.437024528157041 0.34127531674054 0
2.445400889325482 0.3793236269797712 0
0.275575149588788 0.2583711629040262 0
0.2837989956067148 0.297465086621207 0
1.653148324229581 -0.5585832035705585 0
0.5165539705749705 0.2280742963575321 0
0.5083391574554142 0.1890180105889722 0
1.36941468402444 -0.07289616104755664 0
2.057393320187886 0.3647789086597543 0
2.028046497473721 0.3911364201323119 0
2.01990654802388 0.3524922128484964 0
1.990536175506169 0.3788798321950487 0
1.982400077299305 0.3402150424616642 0
1.953008041266954 0.3665859178160953 0
1.944875017826759 0.3279529010043016 0
1.915476848605088 0.3543131182990478 0
1.90734281777902 0.3156635702494664 0
1.877936711522348 0.3420365873597143 0
1.869801902108978 0.3033813071630875 0
1.886074645895714 0.380689049603508 0
1.84852426759605 0.3684123033394318 0
1.856668875383921 0.4070822783637223 0
1.89921224832158 0.2770068779274621 0
1.861668697797113 0.2647230576706172 0
1.891082055238833 0.2383504078994868 0
1.853533344709196 0.2260577207866055 0
1.824111216699155 0.2524370961357016 0
1.815976078531303 0.2137640622793679 0
1.845401263479491 0.1873904807940226 0
1.807844709364844 0.175087183452255 0
1.837272270600907 0.1487121854328748 0
1.799711546054619 0.1364071608655536 0
1.829139365000065 0.1100354230364014 0
1.791586365954997 0.09772413207187855 0
1.821008665297891 0.07135051477356408 0
1.783449749251025 0.05903839757147952 0
1.819105235390632 0.3947960174602247 0
1.827252246274565 0.4334766776379654 0
1.812879459674286 0.03265209886089115 0
1.775321020415106 0.02034839403283434 0
1.804748346814978 -0.006038765668883395 0
1.767173027961588 -0.01833923246407013 0
1.796612218277585 -0.04473411966867998 0
1.759035589051055 -0.05703459294653632 0
1.73775744571525 0.008042861287988076 0
1.762155572796398 0.1240741052229487 0
1.78654448404391 0.2401481474528328 0
1.788477351777926 -0.08343133956773185 0
1.750898677390305 -0.09573127531990458 0
0.6150877189960886 0.6966162434417138 0
0.9978249577065785 1.003682403102722 0
1.006053467865683 1.042732297504362 0
0.3268327334433412 0.1659475655055799 0
0.2888709017639408 0.1535235751044217 0
1.789677220456141 0.4211858362966817 0
1.797823834289448 0.4598701815241758 0
1.349910782160564 -1.163265766211809 0
1.320234534000199 -1.136674364000567 0
1.347917784881476 0.8270015246457583 0
2.245350695129419 -0.4025884187834737 0
2.351856571056729 0.6034812573273182 0
2.482775650755231 0.3915129933140654 0
1.784235321355806 1.396868963598024 0
2.59161484932101 0.2479805429676925 0
2.620850827122823 0.2217283943612123 0
1.842316321866278 0.00626447853953681 0
2.453582092320211 0.4177722425175416 0
2.416159363674581 0.4055984075263524 0
2.024675474414078 1.036864795452656 0
1.995348599656388 1.063223916613768 0
1.957836717144252 1.051001148544317 0
1.966013142038362 1.089602661227381 0
2.054009276280647 1.010514909664102 0
1.928482251769476 1.077372887581799 0
1.936665399915707 1.115993381657663 0
1.312190866139329 -1.17552279172357 0
1.282390168719949 -1.149054350573437 0
1.290558451300304 -1.110069115702257 0
1.25268542643077 -1.122473116316825 0
1.078977102117767 0.05073177313310236 0
1.108582316634819 0.02419443781918313 0
1.146365365086879 0.03656247837757659 0
1.138184987691254 -0.002338808398234954 0
1.065799025579062 0.1549884226200099 0
1.090243882431886 0.2717067872337299 0
1.122911362765458 0.4271908347950234 0
1.175958756695312 0.01002867808012611 0
0.5462660011675726 0.2014320211009462 0
0.5380524187045702 0.1623768765289338 0
0.5001269141953893 0.1499656034137974 0
0.5298405589361984 0.1233256766033275 0
0.4469941582610675 0.5689768102586561 0
1.835401241809274 0.4721534090205118 0
1.8059731208033 0.4985546103240822 0
1.866701920422141 0.1223783458750938 0
0.2458271461355091 0.2850422904000198 0
0.2540532916906205 0.3241425380705002 0
0.5967645710517273 0.9453435125349463 0
0.5587888159599889 0.932924112371841 0
0.7106929113541145 0.982588041386265 0
1.78034292569543 -0.1221266131489417 0
1.742758473876895 -0.1344358452891569 0
1.713304087955489 -0.1080329027700229 0
1.323315594763941 0.7103481903518528 0
1.315121483156312 0.6714592550904946 0
1.240856009721687 1.154743600335488 0
1.202958634511236 1.142359750568028 0
0.9763505925291915 1.069388251274021 0
1.014165301251024 1.081815196030953 0
1.043781845829183 1.055031565115723 0
1.260874110816507 -1.083476820289279 0
1.222987500300243 -1.095881056173822 0
1.214827959877172 -1.134904302917486 0
1.185101766645795 -1.108285528957087 0
1.193272513898757 -1.069232356655518 0
1.155380482361323 -1.081646031049032 0
1.14721176202697 -1.120700526533474 0
1.117487276568383 -1.09407419786288 0
1.125676714084495 -1.055010338317992 0
1.087773965873839 -1.067427729408633 0
0.4288878071348586 -0.01416577597477343 0
0.6619931371507011 -0.08708148061018695 0
0.6537885901999917 -0.1260858958218355 0
0.6834725035734316 -0.1526959345100531 0
0.6455879555545367 -0.1650963764324116 0
0.6752743384902462 -0.1917064103689129 0
1.341953827316322 -1.201670664505978 0
2.243708282129431 0.7471450945027964 0
2.21375478629093 0.774754889198818 0
1.705164261388973 -0.1467461650312586 0
1.675702319759215 -0.1203370976804793 0
1.079579836341094 -1.106487851945479 0
1.04986288051356 -1.079848855826873 0
1.058072878636852 -1.040790758533729 0
1.020154361472402 -1.053204050364864 0
1.011934689127084 -1.092260099661761 0
0.9822251632400614 -1.065611519779096 0
0.9904489106324982 -1.02655824071205 0
0.9525177736967305 -1.038961323968846 0
0.824591267827478 1.019814671287799 0
0.3312490532519899 0.858873913437844 0
0.3692378459001183 0.8712959239777665 0
1.959396019782984 0.7280377693705364 0
1.93001634294943 0.7544144834787119 0
1.92186144382958 0.7157727014323985 0
1.892469081027755 0.7421600591357895 0
1.884311100743424 0.7035029594522755 0
1.854907535441871 0.7299005199296087 0
1.863070047663812 0.768565516924904 0
1.846751947487038 0.691231726351302 0
1.633967786576072 -0.8175751479390529 0
0.9607442901475571 -0.9999106526577556 0
0.9228081654367584 -1.012310656332663 0
0.9145782075933451 -1.051364802784886 0
0.8848665777680158 -1.02471076086749 0
1.974190153559495 1.128209535903519 0
1.944850773574002 1.154602951677733 0
2.490912069685967 0.4299655432016055 0
2.46172467132225 0.4562226406359836 0
1.760242270678913 0.4475808123030259 0
1.752094696985064 0.408886109529606 0
0.9415818814710751 0.4037284616644168 0
0.949786656103275 0.4426986455772248 0
0.9896050261827753 0.9646413020912927 0
0.9201381737182324 0.4692878007626389 0
0.9579942793318106 0.4816693056794011 0
2.277114155152902 0.5806171005368799 0
2.306351323600954 0.5543491712031886 0
0.8758177096566826 0.9274187345594718 0
0.7619888042457427 0.8901784183979858 0
0.6373852368052768 -0.2041122201254041 0
0.6670748113640714 -0.2307211842033745 0
0.6119919719578153 0.5138580813154666 0
1.843570019930046 0.5107723701593855 0
0.5759727831017123 0.1747888333538659 0
0.5841872550839698 0.2138358718604818 0
0.3824480662603397 0.7661977841296237 0
1.825494046848456 0.7563038161198629 0
1.83365996419533 0.7949846654226289 0
0.8931006286947432 -0.9856544297064125 0
0.8551534388127253 -0.9980468542239525 0
0.8469196397994483 -1.037115443032612 0
0.8172044679263872 -1.010448346129987 0
0.8254394687065132 -0.9713793894975016 0
0.7874910213462736 -0.9837797237971275 0
0.7957279832942376 -0.9447139962569399 0
0.7577790835677437 -0.9571120074101871 0
0.766018568255622 -0.918048432146488 0
0.7280667694907682 -0.9304445336721197 0
0.7198249317129845 -0.9695093389762106 0
0.6901094405431432 -0.9428360771904939 0
0.6983566141737139 -0.9037723159176423 0
0.6603964156162658 -0.9161667915911906 0
0.652147612557971 -0.9552212308422906 0
0.6224347092167222 -0.9285549215458088 0
0.6306814582169185 -0.8894875497624088 0
0.5927238632589622 -0.9018707668931891 0
0.6009668509287056 -0.8628041499877275 0
0.5630065771305179 -0.8751914155901173 0
0.5712516091392517 -0.836122972888155 0
0.5332920358726868 -0.8485086083140937 0
0.5415344356051971 -0.809439847784523 0
0.5035688249397157 -0.8218338595032796 0
0.4953556215451818 -0.8609268105763095 0
0.465607867343951 -0.8342241895784036 0
0.4738497965217436 -0.7951447760821422 0
0.435879480185726 -0.8075357231525835 0
0.4441294292682096 -0.7684541460455552 0
0.4061581389422937 -0.7808436127607022 0
0.4144083839808428 -0.7417612366865893 0
0.3764321534797466 -0.7541546461862951 0
0.3846848698300186 -0.7150678967385489 0
0.3467046617291141 -0.7274639873526161 0
0.3549593319864314 -0.688373072186625 0
0.3384651535054241 -0.7665748661141422 0
0.3169766500228467 -0.7007707968799882 0
0.3252322758990081 -0.6616761128630755 0
0.2872461241759461 -0.6740753650418105 0
0.2955030762263884 -0.6349770996892576 0
0.4276637190493803 -0.8466598353174042 0
0.3929344795477841 -0.6759550947662887 0
0.2575135744725477 -0.6473753599352083 0
0.2657719534712777 -0.6082759863693059 0
0.2492579911417322 -0.6864762194804848 0
0.3037611231687669 -0.595874112235104 0
0.2740309229007006 -0.5691759538855462 0
0.2360396806199751 -0.5815736680345251 0
0.244300601897795 -0.5424731171743832 0
0.2822907290816356 -0.5300775456600222 0
0.2525623332321974 -0.5033743168771696 0
0.5844822244262269 -0.9409187081340979 0
0.2905520933556044 -0.4909807148786327 0
0.2608251114590857 -0.4642770467625246 0
0.2228321797744109 -0.4766708698912435 0
0.2310962555433537 -0.4375716400624811 0
0.2690878934670276 -0.4251794098623927 0
0.2393608713499479 -0.3984740099779717 0
1.352888273117884 0.6838053152462242 0
1.34470267455518 0.6449342944141343 0
2.062160803082353 1.049071413453982 0
2.091465679685962 1.022749878218031 0
0.2160772154304435 0.3117194341434616 0
0.2243022019428157 0.3508204985350102 0
0.2078587283752124 0.2726349316768815 0
0.3186139960471676 0.1268609151476809 0
0.2806499711179887 0.1144328020940632 0
0.2509025723802512 0.1410988052128498 0
0.2426811208229494 0.1020022752789409 0
0.272430824584519 0.07533621796680899 0
0.2344605002392726 0.06290397423246083 0
0.2642122041842054 0.03623802622883138 0
0.2262411903061595 0.02380429893541262 0
2.331119435176312 0.6680868304742505 0
2.628968868260804 0.2601662710989581 0
2.658197261324072 0.2339181978308118 0
2.650084810744562 0.1954828991240492 0
2.687425604772098 0.2076737599375756 0
2.679314592507171 0.1692433095347181 0
2.71665024964354 0.1814349858773723 0
2.708541693619124 0.143006201138745 0
0.2129290791817289 0.1286717010951096 0
0.9845573302863626 1.108452555395488 0
1.022451841534527 1.120864626008697 0
1.899122025886259 1.103762294369515 0
1.890939204519083 1.065124793918615 0
2.251395549959027 0.7859982440177966 0
2.221838308320869 0.813267838387926 0
1.070793789986275 0.01182202890532391 0
1.041182430306631 0.03836537968021557 0
1.167781014249889 -0.02886816066534979 0
0.8089644890316527 -1.049521389751316 0
0.6241036013014178 -0.09947381013747006 0
0.6323094072514751 -0.06045737288486069 0
0.1931004497112921 -0.4499637718809361 0
1.72270860050867 0.4352767123902714 0
1.714696436228133 0.3967870854390457 0
1.20554753550263 -0.01650123533478823 0
1.213727638446822 0.02238151880269163 0
1.508316061050583 -0.2454682740891077 0
1.864518807913984 -0.8862925143131006 0
1.694077018763808 0.9720060180097185 0
2.196198187614334 0.1943315132646721 0
2.228450044371823 0.3489367931082293 0
2.236518243997751 0.3875683409674185 0
2.163485688379578 0.04032809324115409 0
2.014485690433055 -0.8370790689303585 0
1.628943750983826 0.6608321134973276 0
1.364344906327127 0.9048815349570503 0
2.009425831127747 -0.6950068433110542 0
1.661405878930913 0.8158485793996944 0
2.051942749211928 -0.8247959312291753 0
2.043854891663666 -0.8633648601990807 0
2.081285277551329 -0.8510987737093816 0
2.073206989757644 -0.8896424341144487 0
2.110620086104016 -0.8773821632090484 0
2.102542869239025 -0.9159161702711895 0
2.065129155888277 -0.9281843931437868 0
2.09446448676286 -0.9544527486156991 0
2.05705444911197 -0.9667237487326319 0
2.086388100384004 -0.9929856822082518 0
2.048976349643532 -1.005260813119881 0
2.139950794278005 -0.9036490857728506 0
2.147986444612298 -0.8650358222361096 0
2.078309459680169 -1.031521600381146 0
2.040896934020918 -1.043798589128454 0
2.011553650420033 -1.017525443261852 0
2.00347299341293 -1.056086518098494 0
1.974111092983154 -1.0297975149849 0
1.966029062641173 -1.068383124136941 0
1.995398311615564 -1.094669251769217 0
1.957953012020202 -1.106971450920521 0
1.987327018242932 -1.133263814160042 0
1.949876305311026 -1.145561115631602 0
1.979257207154399 -1.171841463671655 0
1.941799116137914 -1.184150682215364 0
1.912447240453415 -1.157867613177828 0
1.904402528481479 -1.196493380478818 0
1.93377063153155 -1.222834745087793 0
1.896260078454011 -1.235161683652107 0
1.866920614569228 -1.208942080709555 0
1.858696654437799 -1.247501702394914 0
1.88817531288958 -1.273860770078022 0
1.850587136177683 -1.2862205553519 0
1.821076023955551 -1.259819503439717 0
1.812969058965786 -1.298610052296181 0
1.783409806967256 -1.272190205716649 0
1.775311249526366 -1.311016597443773 0
1.804910793721672 -1.337359509764994 0
1.745721694948412 -1.2845763673615 0
1.737613812799455 -1.323439442226102 0
1.70799325197579 -1.296975229788329 0
2.177338652633047 -0.8913690510995511 0
2.185378757555629 -0.8527647465365966 0
1.699923001915489 -1.335826342419908 0
1.670247790424359 -1.309389112298634 0
1.936647742328428 -1.042089163621935 0
1.626850951389021 -0.3511531855979643 0
2.432403673674721 -0.3414553219992518 0
2.469788197598471 -0.3292428754751987 0
2.461677119328091 -0.3677189675197897 0
2.499050312492726 -0.3555049874264456 0
2.490938452354197 -0.3939729399889825 0
2.50716425705926 -0.3170396214394783 0
2.536416920372949 -0.3432961489177047 0
2.544531638721727 -0.3048422753065227 0
2.573775240882932 -0.3310940291278586 0
2.581888348720157 -0.2926468321439827 0
2.123796497753791 -0.9807132682904051 0
1.969859816297104 -0.3825897365419044 0
2.007373087408773 -0.3702974885953592 0
1.999258816694349 -0.4089217044997696 0
2.036758572800262 -0.3966333466899932 0
2.028646469656065 -0.4352469320364963 0
2.066131213953818 -0.4229698606931735 0
2.058021289221961 -0.4615720600983149 0
2.02054274159565 -0.4738508341955583 0
2.565664931544096 -0.3695415664834865 0
0.8595232141997535 0.01386733639589463 0
2.520155960606351 0.4036705859929822 0
2.077346564129358 -0.2035343719907964 0
0.8476768540283769 0.6272866016908013 0
2.317013431698344 -0.5584622837219509 0
2.354406176730977 -0.5462382211665177 0
2.34629892736379 -0.5847257848170783 0
2.383676762621019 -0.572501080584818 0
2.375572653893248 -0.6109794865688256 0
2.391769206035177 -0.5339996607616118 0
2.421044130897928 -0.560274753933578 0
1.813740991454185 -0.7949534220242267 0
2.131004921997876 -0.1140257447596562 0
2.268992615432765 0.5421288099089561 0
2.298287192466118 0.5158537197958676 0
1.881636568240554 -0.3035224312579868 0
1.731354628025253 -0.3526625804551602 0
1.027521015506673 0.9770357181150692 0
1.019279905059325 0.9379011780994531 0
1.057108528064815 0.9501852729743705 0
1.872974417115857 0.4844327249961574 0
0.4523804462089299 -0.7293595253385718 0
1.086728409091922 -0.7436055678370449 0
0.704964562851974 -0.2183239669596178 0
0.6967655542000439 -0.2573333073601427 0
0.6588777661724623 -0.2697373316490665 0
0.6885685216039843 -0.2963433965667649 0
0.7264527770739531 -0.2839382005935371 0
0.7182580222465353 -0.3229459041712425 0
0.7561365891854464 -0.3105368283261066 0
0.7479437116901076 -0.3495423968892044 0
0.7858166056312564 -0.337135439391417 0
0.7776257015265087 -0.3761366821132268 0
0.8154934939607666 -0.3637311834277258 0
0.8073035638264165 -0.4027272871609687 0
0.8451670306247557 -0.3903235750836327 0
0.8369780205578735 -0.4293151983067385 0
0.874837306762034 -0.4169129678829309 0
0.8666492128903825 -0.455900422116808 0
0.9045046183926668 -0.4434994510524348 0
0.8963173422866256 -0.4824830010761771 0
0.9341690547712358 -0.4700832707088077 0
0.8236841743647934 -0.3247361539119366 0
0.6389478041747056 -0.8504330529405488 0
1.513658745774307 -0.387798390683828 0
1.058741411069271 -0.2111621446858824 0
0.9106261736525829 -0.07781032929156881 0
0.379249090427339 -0.2480724683744892 0
1.130009186360881 -0.04123732562068548 0
0.796553934093417 0.7196104126762194 0
0.9992365758609685 0.676820376759266 0
2.338200401526507 -0.623204464372961 0
2.367472143355318 -0.6494544739602333 0
2.330104732673569 -0.6616802440803057 0
0.5556394495964618 0.7499304187566903 0
0.9739980338661927 -1.104671154995607 0
1.395470666313035 -0.2819559277435828 0
1.057072437464323 -0.7170130656847445 0
1.094919897515469 -0.7046344281022172 0
1.065498587736863 -0.6780958180551617 0
1.103145786762895 -0.6656656906591549 0
1.073738779463002 -0.6391397632969811 0
1.111348905061909 -0.6267041904346637 0
1.081787015582118 -0.6003713780362523 0
1.119517530635911 -0.5877839038130906 0
1.149136888594649 -0.6143137241974959 0
1.157312757020172 -0.5753589255635535 0
1.186941654990263 -0.6019196582891958 0
1.195123822457193 -0.5629865678213611 0
1.224744066861625 -0.5895362589107798 0
1.23292661263942 -0.5506173720294599 0
1.262535509903425 -0.5771540945011631 0
1.270718119108145 -0.538248361002966 0
1.300321387696242 -0.5647849849471804 0
1.30849393150851 -0.5258886076567189 0
1.089857057458462 -0.5618799221774184 0
1.338087461250768 -0.5524086593199118 0
1.346259052704706 -0.5135319106523366 0
1.316678896983175 -0.4870065812434853 0
1.203315825490666 -0.5240658155192294 0
1.254370333197335 -0.6160879934669508 0
1.375838001167576 -0.5400488084738791 0
1.044232638873385 -0.613753979019709 0
0.2603259123262296 0.69002569252757 0
0.2195207330921751 -0.6597753603803265 0
0.2112627815184242 -0.6988830393043434 0
0.2063082410852309 -0.5548702189419843 0
1.163920520388687 -0.2130160574124254 0
1.274165767893169 -1.188106984720373 0
2.253469539485287 -0.3640638916987307 0
0.2520961920525579 0.650919796584948 0
0.2223403121459798 0.677604413465542 0
0.214106518673719 0.6384922718955967 0
1.290483897016265 -0.2802728079662005 0
1.730833594970579 0.473988130919174 0
2.447005485563543 0.05762669887421236 0
0.2932589662386073 0.8464505880248266 0
0.3014944080878057 0.8855656987730083 0
0.2634991232254352 0.873139895050299 0
2.414503131861853 -0.09635794393368681 0
1.129357912121638 -0.8742446350279965 0
0.5327066107070249 -0.5236180043478578 0
0.3894506356960416 0.2956126241997736 0
1.063813673084066 -0.3544807856512112 0
1.093431590286964 -0.381036802648412 0
0.6514953918141102 -0.630307811058975 0
0.7604469197527863 0.3807669584941607 0
1.973217536883397 -0.2020206712272379 0
0.9005047200221129 1.044609023130384 0
0.8381584315693271 -0.7515043151095611 0
1.310584162470692 -0.8515110128205829 0
1.590129095448946 0.9754345811163284 0
1.508297073750666 0.5871826041576782 0
1.549150887925742 0.7812359863983854 0
2.043074139857429 -0.0351332044827775 0
2.075574577297121 0.1191690488839917 0
1.106571527458585 0.349452040690271 0
1.448330897474937 -0.6975833544121927 0
1.278753380410243 1.167122535816865 0
1.249077948525263 1.193755440197261 0
1.286996627430876 1.206139130450469 0
1.229471671345465 0.933295800841262 0
1.671683883335314 1.363709357850106 0
0.773739951600129 0.2760947818357088 0
0.3989892427846496 0.8446090260715895 0
0.2622831443889309 0.3632440004331353 0
0.2325319277918384 0.389924904530163 0
1.974280431963368 0.3015641271432392 0
1.242746519588553 0.828900859172167 0
1.817920317038784 -0.1098236231429047 0
0.4071944883024785 0.8836815646878049 0
1.880097278253521 -1.312559561274642 0
1.384026751982033 -0.5012045241732004 0
1.876153156801918 0.6648545983825077 0
1.814192914553235 0.5370954220155243 0
0.5795018400280955 -0.7970544652369207 0
1.194763135316136 1.103368612060281 0
0.3202763008964544 -0.5176811360341976 0
1.809789015439154 -0.1485251060115788 0
2.216039747976258 -0.3762931750994401 0
2.224159202670568 -0.3377569876095792 0
1.734623589839045 -0.1731502671435645 0
1.697025539307508 -0.1854643866120262 0
1.061877048156353 -0.8597651222787678 0
0.1964863780960711 0.05047145376088012 0
0.1864113334098294 0.01163001391445473 0
0.2177139015468411 -0.01525833925193135 0
1.748892125336527 -1.104761634276106 0
0.8386890267624876 -1.076193492076207 0
0.8287898366901947 -0.4683062495273753 0
1.729532038737419 -1.362215309372668 0
2.265880007952205 0.3611981814145669 0
0.9259825574899958 -0.5090631208964806 0
0.3710160730537285 -0.2871416276354167 0
0.3414456475957796 -0.2609473017944917 0
0.9270567866463763 -0.8322002469304657 0
0.3774708583147003 0.9104007684911514 0
0.4154093592550082 0.9227033853909707 0
0.5670206029237657 0.9720254361015975 0
1.982373341242945 1.166805763608573 0
1.95304468035934 1.193196014307064 0
1.915513557753431 1.180994341211754 0
1.923704162081489 1.219597739382279 0
0.1778304532567009 -0.02742662535923692 0
0.2093831719444518 -0.05435421437644265 0
2.745881307624313 0.155188805240276 0
2.737767066307683 0.1167694019778695 0
2.700445359538185 0.1045916068932325 0
2.729665252075185 0.07835112199908935 0
2.766995305869182 0.09052625826028249 0
2.758887158902395 0.05210714337977247 0
2.72156427194293 0.03993193226771574 0
2.750787441350226 0.01368705487641682 0
2.788110174929777 0.02587618609874368 0
2.780005839331817 -0.01254251835590363 0
2.742684126359455 -0.02473877614296134 0
2.771904514380922 -0.0509648210150841 0
2.734578361948676 -0.06316183659528835 0
2.817329719506825 -0.0003476888831538006 0
2.763803079913771 -0.08939009785689409 0
2.726475888306076 -0.1015864220306138 0
2.705358856735228 -0.03691732986866203 0
2.755702460598464 -0.1278126956790529 0
2.718374694873128 -0.1400113947700549 0
2.689144676929478 -0.1137793294616492 0
2.681040846089204 -0.1522142453177401 0
2.710233684487566 -0.1785148039831504 0
2.070233371653696 -1.070052820960335 0
0.1863246666638523 0.3383976809189204 0
2.611125229768262 -0.3188927348756629 0
1.003717651931065 -1.131325938446356 0
2.499042162347709 0.4684152074447819 0
2.469812865600066 0.4946781873171558 0
1.662142175588131 -1.348185926909709 0
1.632460453303342 -1.32179317184409 0
1.961233650165525 1.231796067671448 0
1.931899051012153 1.258194763507488 0
0.1718252577772044 -0.06684938526906753 0
0.2015147803956018 -0.09351506218662664 0
2.359373336117467 -0.6879272365024958 0
2.322008820519832 -0.7001522484365813 0
0.1815211462098114 -0.6721759260974813 0
0.1732615826687694 -0.7112868531995911 0
0.2030064982689058 -0.7379959353948939 0
2.793024886123151 -0.1156175865631971 0
2.214725729027758 -0.8790969370981987 0
2.222813766762968 -0.8406034992249383 0
2.016690360655188 -1.159552972509239 0
1.8861540688463 1.207393667425876 0
2.259227716614367 0.82547486047398 0
2.229940477454596 0.8519168268424442 0
2.288921456633682 0.7972691345410081 0
0.184349867950996 0.6651732926322933 0
0.1925822303629321 0.7042714763832167 0
0.1765700559465885 0.6259645276196697 0
0.1661295319161371 -0.105125521298905 0
0.1948405531064923 -0.1313057856861939 0
2.099615220995699 1.061273306555727 0
2.128901973554673 1.03496240453722 0
2.120764272296818 0.9964442341204851 0
1.861550408418009 1.091530301325728 0
1.853367532298505 1.052866548611021 0
0.1650026422936889 -0.7504014448236204 0
0.1947509003726528 -0.7771123747420892 0
2.351275219249753 -0.7263970771295993 0
2.825435247644472 0.03806507230736771 0
2.854649072814449 0.011845355397594 0
1.800440721384214 1.477091022713932 0
2.404835150524572 -0.6372305437341418 0
1.382457303734468 0.6572822977563597 0
1.390642881520461 0.6961426727397828 0
1.374272204035703 0.6184208428542749 0
2.186718974666066 -0.3499898191923571 0
2.194844445598882 -0.3114438211760825 0
2.049916318194138 -0.5001711370229808 0
2.012440033676514 -0.5124500499863822 0
2.008628726948817 -1.198106186468499 0
2.095494005270142 -0.4493037265057493 0
1.033002015629524 -0.0005480502637697584 0
1.003228427413084 0.02582805653923947 0
1.159606144658186 -0.0677654527459481 0
1.121833478519744 -0.08013554471768526 0
1.243305254142272 -0.004136808081645686 0
1.251482414504965 0.03473097996049769 0
1.23513383944393 -0.0430337103921403 0
0.2315782711813366 -0.1199756385016716 0
0.2234120414115709 -0.1590471892489501 0
0.1800000540997682 -0.1698789275915252 0
0.2141007276968498 -0.1980616064917766 0
0.1769334974053854 -0.2108562979146803 0
0.2061763247736581 -0.2373889133735305 0
0.169192894938512 -0.24931625403441 0
0.2717371071383841 0.912259792392714 0
0.2337383144675308 0.8998337706064776 0
0.225501363380822 0.860711020045025 0
0.1957378679034958 0.887406505293356 0
0.1875009897371097 0.8482810659107349 0
0.3857037442351943 0.9494982386165691 0
0.423678485846289 0.9618353309672274 0
1.367672853736506 -0.5789175139876586 0
2.429137997026377 -0.5217841667841913 0
2.45840820206454 -0.5480610130908381 0
1.259519890168592 -0.7596179151800002 0
2.651806139610291 -0.1259747973120414 0
2.643701020492432 -0.1644183503519532 0
2.218587117421481 0.6331417870080984 0
0.6138865444164667 0.1871975784195289 0
0.6056759654223337 0.1481564637195859 0
0.6221000848085639 0.2262345713108262 0
1.178775469082743 -0.6409031192620759 0
0.9283576875432249 0.5082584635886123 0
0.9662031260159761 0.5206351556517537 0
0.699329577121187 0.7605684872066545 0
0.9453371073224028 -0.248348056539767 0
0.6076946044181406 -0.1774999871257749 0
1.055623525847697 -0.3934170081507583 0
0.4369753511058996 0.8570284678749482 0
0.3565721676521272 0.1392927822620461 0
0.883028923872923 -0.3779270625636265 0
1.405414636128873 -0.5665583585287339 0
0.9958451188791697 0.4940476013008724 0
0.4798278439818161 -0.1060813032571702 0
0.9794278155391393 0.4161105927782507 0
0.9712277785435984 0.3771509266529449 0
0.6745274427805642 0.6433358189172835 0
0.2705125375662197 0.4023488233490184 0
0.2407621467174314 0.4290322716648954 0
0.2027771172136931 0.4166051305284502 0
0.2110093473096156 0.4557180210514412 0
1.993684861414628 0.5595568730357924 0
0.3285356119153485 -0.4785857731901531 0
1.917643770743503 -1.300208115340487 0
1.944740666203068 -1.003487056800263 0
1.907255626781402 -1.01577850968863 0
2.158178474633457 1.008661365864818 0
2.150049910582761 0.970146610825408 0
0.7100660997740931 -0.3619544934761643 0
0.5994892078650693 -0.2165204427800338 0
1.199864833216642 0.9598751138417587 0
1.1916856772262 0.9209250324736733 0
1.847353967964291 -0.1362121413686554 0
1.165062535283196 1.129969561062482 0
1.173257407739891 1.16896851976538 0
0.1730187178016504 0.4432887290833293 0
0.1812539489390662 0.4824060087939193 0
1.726492114520387 -0.2118670317029349 0
1.68889003039874 -0.2241860117663512 0
1.659414856789974 -0.1977751961062209 0
1.716128188239965 -1.25809918233433 0
1.085251738000337 -0.4199687514278954 0
1.123054488989702 -0.4075887712032762 0
0.9986713645890042 -0.9875107865899053 0
0.9638308262937102 -0.4966644689722189 0
0.8881305307550085 -0.5214662075137947 0
0.7653886090360991 -0.5944468254130594 0
2.206657523284067 -0.917620426838584 0
0.6506789951224795 -0.3087550426632855 0
2.666310294810516 0.2723515489812822 0
2.637088502038536 0.2985964260632233 0
0.3911969866145371 -0.02838450499186274 0
0.2476576365977968 -0.04195864336319201 0
0.4666503346797883 -0.001387092786898298 0
0.4369605374892828 0.0241024104983684 0
0.9657691314282679 -1.143740910639859 0
2.432089894631259 0.4830056458784737 0
1.796095650650618 0.7826381670010445 0
1.804155872624353 0.8233971874163114 0
1.7879079838458 0.7440101360041461 0
0.496324118387235 -0.02798109308143855 0
1.685109388349691 0.424147890430347 0
1.257304406887096 1.232782456458683 0
1.295230965332535 1.245163477558936 0
1.324914601038445 1.218519090332233 0
1.333151057953244 1.257539615924988 0
1.362828013849742 1.2308915684791 0
1.371065785493832 1.269900598473341 0
1.40072501927586 1.243267472466477 0
1.408969382570175 1.28225509633059 0
1.438621495428922 1.255632511734119 0
1.430393329681038 1.216651604740238 0
1.468262939356302 1.229022668409501 0
1.459956530865659 1.189939933058978 0
1.476497676641963 1.267990580573669 0
1.506126959594383 1.241383148058048 0
1.514361695039479 1.280342210895752 0
1.484735657702992 1.306959912187907 0
1.522606525400881 1.319311707051586 0
0.1582585126639655 -0.7892680953463828 0
0.1867466313777718 -0.816189865557532 0
1.909585692474593 -1.338879126557768 0
2.313931624915641 -0.7386885611462812 0
1.061789417239118 0.8062412848624891 0
1.336526182885502 0.6060717840034185 0
1.366090604065037 0.5795610296093832 0
2.192570761010571 0.839881462482798 0
2.507160224224387 0.5068602914643497 0
2.477935278427393 0.5331196355239645 0
2.536399415462225 0.4805696926905167 0
0.7643304846053363 -0.2715353721835783 0
0.7933302354481326 0.5368313462187764 0
1.92514172313993 0.896564558065956 0
1.895852151194378 0.9229345437609247 0
1.743993390909237 0.3702440353965229 0
1.706410499124931 0.3584599129102732 0
0.8007246864445521 -1.088603684057206 0
1.099653853753779 0.8186144065955119 0
0.9927914548987822 1.147518723959764 0
1.030482100152811 1.159670812418794 0
0.9548506496915343 1.135109258847967 0
0.1429474311599162 -0.8299033214893894 0
0.1776054524682005 -0.8556083730917897 0
0.216181687237548 -0.8429795540336823 0
0.2078714987042837 -0.8821115334652727 0
0.2459947247469529 -0.8696536774529042 0
0.2377178198492371 -0.9087808967743602 0
0.2757423923520976 -0.8963654025800227 0
0.8886135402445794 -0.8440286904530686 0
1.839232030239343 -0.1749359702213188 0
1.791533144002381 -1.233387200216542 0
0.7694359555209912 -0.4151362248773375 0
2.107629728459354 -1.057781872194623 0
2.252107661846316 -0.8668547360891676 0
0.3329890357505955 -0.2992990908218294 0
1.640458686284091 -1.283015376954857 0
1.602766977496219 -1.295312488129077 0
1.594646999737649 -1.33425810724719 0
1.565029585050647 -1.307930370346879 0
0.9689728827604773 -0.9608684887952728 0
0.1432697889849792 0.46994254825918 0
0.2611875490626425 -0.1467869643429999 0
2.343199716574244 -0.7651678281595919 0
2.041816773605647 -0.5387626224486466 0
2.004338559464601 -0.5510480396483513 0
1.974954579631896 -0.5247291222258471 0
1.966948277860971 -0.5636473441245944 0
1.93747346163767 -0.5370635364640191 0
1.929467474670942 -0.5760039741912789 0
1.899969121032517 -0.5493690513643019 0
1.891859653349803 -0.5880126074047219 0
1.86242669796123 -0.5615907069798592 0
1.854313683221855 -0.6002634605828439 0
1.824884789117629 -0.573889489324668 0
1.816767510507205 -0.6125669040097299 0
1.883696653469866 -0.626895187017412 0
1.787329041224836 -0.5861894455072135 0
1.779208986240205 -0.624872768514131 0
1.808655573916804 -0.6512490605310355 0
2.6192366006111 -0.2804533752376734 0
2.648467816717693 -0.3066924292156199 0
2.640360091870493 -0.3451287185378423 0
2.590047569237927 -0.2539787556681249 0
2.260882307580637 0.5036242336059489 0
2.274000800743886 0.3997223294146843 0
1.004052176982738 0.5330082612686006 0
2.466526660871861 -0.5095606360616536 0
2.4957614672208 -0.5358428978585218 0
2.231585389589046 0.5299114790253718 0
2.503897429065865 -0.4973574263110276 0
0.5259101034117674 0.7765905321180414 0
0.5176828552582864 0.7375111846938355 0
0.158506183388496 0.03804197412241823 0
1.636869368147435 -0.6362728885628306 0
2.01169127568832 1.140431655900494 0
2.019868924509992 1.17899784145492 0
2.049159715806295 1.152652598408003 0
2.193525142287505 -0.8141328326642163 0
1.223124210398368 0.5688555195484915 0
1.85548429361275 -0.0975322990040482 0
0.9813859847723766 0.9255883368621234 0
2.43729449521447 -0.4832086728569736 0
1.781312386960003 -0.9496307206006878 0
1.70702120143771 -0.4687440932531778 0
1.37255408942431 0.9438000892782161 0
1.40214327604357 0.9172369282231452 0
1.410348856900966 0.9561421938058042 0
1.439935220758151 0.9295937018707947 0
1.448133495601506 0.9684829419925268 0
1.431696041130212 0.8906353280581024 0
2.148623780230178 0.4667307290359942 0
0.867885246793197 0.05309266546330184 0
0.5329893477385562 0.3061782491490532 0
1.298746474621385 -1.071066397704435 0
1.269072670540313 -1.044479741225562 0
1.306933701768028 -1.032077062572104 0
1.277268839758619 -1.005491578364738 0
1.315148963553229 -0.9931205520029083 0
2.074570754882307 -0.384832331331568 0
2.846547268146339 -0.02656742586379319 0
1.441954115554689 -1.060539742108494 0
1.412322250807366 -1.033987433692344 0
1.450133855865166 -1.021603162071329 0
1.420508217953531 -0.9950548246343094 0
1.45830453044615 -0.9826772857286956 0
1.428689227332068 -0.9561329378509478 0
1.466479550775177 -0.9437655250208472 0
1.496079987612897 -0.9702895754940402 0
1.504248148984185 -0.9314035783617254 0
1.533835521844576 -0.9579059690668026 0
1.541996950895274 -0.9190464217574188 0
1.961168039307801 0.4052783729333242 0
0.300260659935891 0.3756712839574877 0
0.5497856603482854 -0.7703713501635229 0
0.5877467784181925 -0.7579849028970341 0
0.5580260800547892 -0.7312786998768891 0
1.088242479037127 0.5971342793657664 0
2.23228458758143 -0.299222038811389 0
2.202972442126579 -0.272898226814119 0
2.240416341409406 -0.2606743260954642 0
2.211157465183759 -0.2343630872137268 0
2.138759481791495 0.7506111796010142 0
1.109514804518123 0.5314416432613787 0
0.6050014462300696 0.9844449560382446 0
0.5753078955245987 1.011119889774251 0
0.6132512168857787 1.023550574014582 0
0.5064366187120186 0.5156893168541445 0
0.7592292298680497 -0.1279099954969575 0
0.443845724320422 0.3861506850112076 0
0.7709949302161992 -1.061925102596669 0
1.971947465607739 -0.7072788677189045 0
0.724477781502913 0.04226965743222633 0
2.248551403048637 -0.2221164273985577 0
2.219297470294442 -0.1958167471576686 0
2.256680720067913 -0.1835701380780694 0
2.227429758094998 -0.1572712865223851 0
2.264815442595731 -0.1450452415797119 0
2.235561012612329 -0.1187303736430134 0
2.272948322011203 -0.1064885334501041 0
2.243690644460283 -0.08018593617038275 0
2.281076920519895 -0.06794404464015763 0
2.251820131912354 -0.04164451625787449 0
2.289204468548157 -0.02940348097798608 0
2.259948505867929 -0.003105597388412325 0
2.297331163706204 0.009134520782583309 0
2.268076981792946 0.03543070985146754 0
2.305457326065504 0.04766997680794072 0
2.276204362774083 0.07396456686303066 0
2.313582694354403 0.08620285214827884 0
2.284331911793414 0.1124955096860865 0
2.321707515025411 0.1247328003630409 0
2.292457786793402 0.1510235348820318 0
2.32983103012606 0.1632595259098587 0
2.300584087678774 0.1895476727930472 0
2.337940844178209 0.2017865165919214 0
2.308566799900053 0.228527636283337 0
2.345894292783247 0.2411109640789886 0
2.450272639892941 0.2376514356973715 0
1.01154311173554 0.06489322100974082 0
2.207918634923429 -0.4148295916517546 0
1.315059805023896 -0.1625269924528232 0
2.28464271675873 -0.7123855626482085 0
1.683844914120284 -0.0816158687342094 0
1.64623278515458 -0.09391937619908408 0
1.654379599976545 -0.05518799276400656 0
1.616756652992562 -0.06749808424686278 0
1.624905975001992 -0.02875715643706564 0
1.60860709740546 -0.1062343513771853 0
1.188538353661693 0.7387919155290417 0
1.531987188420045 -0.6344653732518289 0
2.108012202281041 0.2735430301253741 0
1.564577120725789 -0.479400985536584 0
1.447073767918653 -1.203969899826127 0
1.881174501718583 0.5229594341320147 0
1.899161091757492 -1.054397659190251 0
2.027717106556038 -0.940444260200053 0
1.622565250309555 -1.0375492536626 0
0.9423588356223642 -0.4311050281311222 0
1.870549515089669 -0.5229662837369904 0
0.2787531661381734 0.4414261434813962 0
0.5505560006581562 0.8938255047015351 0
0.20595098964756 0.5993642148989882 0
0.1684252895089125 0.5868283289114601 0
0.694814110709556 0.06884002596358525 0
0.7030211211777775 0.1077305131136484 0
1.96432602169578 0.5859397842896384 0
1.910541298107835 0.4966890893952645 0
0.5374569065281477 0.9987683961459931 0
0.1980858955264729 -0.2753639811317343 0
0.159741984891768 -0.284653800370529 0
1.838633403108537 0.6526052243215048 0
2.784926266887857 -0.1540349675685342 0
0.3582583018113508 -0.5052810621049695 0
1.156855438005635 1.090970810657234 0
0.8304583185584301 -1.115280737414044 0
1.579120194964748 -0.07980939057954639 0
1.570967223491138 -0.1185611272958199 0
1.474659123571298 -0.9048779235694294 0
2.729631407801904 0.2226274776180316 0
1.1148630392035 -0.446346793820651 0
1.556830626765449 -1.346742726898667 0
1.527162325042031 -1.320272195304834 0
1.573171086671484 -1.269326038781132 0
2.303386956972873 0.3735154467988482 0
2.311491694983983 0.4122828893873741 0
0.95564506634569 -0.5356408697660721 0
1.281051948678491 0.008222734194322307 0
1.289225366685921 0.04708097401062545 0
1.259660354161898 0.07359046104878122 0
1.297399376321649 0.08593768195011454 0
1.267838927112889 0.1124462042308631 0
1.305576786449812 0.1247932256645104 0
1.276017499924047 0.1512982765779656 0
1.31375059569779 0.163644301023546 0
1.28419327649317 0.1901474949159217 0
1.321923420828017 0.2024879247358222 0
1.292372082325782 0.2289922981731733 0
1.330095844260491 0.2413377705222269 0
1.30054535151107 0.2678374275009305 0
1.338266673726377 0.2801797414021931 0
1.308720439646854 0.3066790687484022 0
1.34643930035206 0.3190214730869105 0
1.316898017848679 0.3455196931741792 0
1.354615429130408 0.3578598064730878 0
1.325072961046982 0.3843603285169881 0
1.362786624714721 0.3967062309367776 0
1.33323590328125 0.4232048518330876 0
1.370959999531133 0.4355434099595725 0
1.341423025688402 0.4621268760194493 0
1.379179797309533 0.4746449080390418 0
2.099559848827011 -1.096341817319064 0
0.1388186516818913 -0.04227253121681381 0
0.3483550185912053 0.1002034667302151 0
2.187488553630278 0.9822166729118393 0
1.152676188031472 -0.4341091241091243 0
1.076913892877327 -0.4588409773211233 0
1.823958149476653 1.079293019954939 0
1.815773642969933 1.040602712559029 0
1.832161343325287 1.117952315120557 0
0.1577349976049297 0.8749781485147914 0
0.1494980698955359 0.8358509039430307 0
2.515281653553671 0.5452983316774859 0
2.486063511393971 0.5715537983893757 0
1.42019915627518 0.66962752685654 0
1.428385112444472 0.708479889950941 0
0.5053507654139402 0.01009263066847904 0
0.1717023917991306 -0.8962862840758026 0
0.1436213112072056 0.6522398093914159 0
1.543973799256988 1.253727807371911 0
1.535746311839155 1.214796609453806 0
0.3863092519711889 0.1126504147442554 0
1.969409945265344 1.270377729738894 0
1.940096792367696 1.296795380739131 0
1.902568427357317 1.284594036505943 0
1.910773665548431 1.323215909958855 0
1.873211121016468 1.311006311325356 0
1.881422038333615 1.349638328140193 0
2.884497193654735 -0.01604323647073463 0
0.9955000486764729 -1.170402135745416 0
2.046037128127544 -1.185824608857295 0
1.341392550647241 1.296564004048692 0
2.267296182755985 0.8641503988907374 0
0.2674826179761695 -0.9354843125598712 0
0.3054906474255301 -0.9230737467915558 0
0.3137472213588547 -0.8839601383980896 0
0.3434952273915715 -0.9106649290935132 0
0.3352382742492881 -0.9497783015657106 0
0.3732416662925225 -0.937369626539019 0
2.388635635445247 -0.7141679218188078 0
0.9630809404523673 1.174189165597282 0
0.9251440614999562 1.161772877340053 0
0.5835533522520168 1.050228930538453 0
0.6217678123039065 1.061823762120785 0
0.1314226909443531 -0.7643729920560044 0
2.487659690083689 -0.5742947993693895 0
2.892069434913698 0.02375357771890499 0
0.3942265056205656 0.9877575915053889 0
0.4322720367207802 1.000036174564522 0
0.3562814986779715 0.9752148652477806 0
0.1350254785132607 0.4308499294164345 0
1.586200106692677 -1.372273856321383 0
0.1464223949669657 -0.2255054648671907 0
1.918990972022278 1.361843901432114 0
1.889643898641276 1.388273516018364 0
0.1435171424706394 -0.6845763175547146 0
0.1517782915279559 -0.6454595607471452 0
2.674422244381107 0.310782145673496 0
2.645204178862886 0.3370247548493358 0
0.9575396554728079 -1.182823884862441 0
0.3647262395552091 -0.9756924256578721 0
0.402942091011251 -0.963943707638654 0
2.448710183393987 0.559377506067419 0
2.45684249061403 0.5978138897301457 0
2.336102467534791 0.5275513660533193 0
1.758496864789145 0.7703507880207537 0
1.750359670389281 0.7317794128429252 0
2.295216936819025 0.3349184340704127 0
0.5944358981918439 -0.07286314522752305 0
0.6026392351305817 -0.03387502757178493 0
2.822243383292359 -0.1418417343599936 0
1.588041707390129 0.4676566860673437 0
1.151433488482581 -0.1066630606575902 0
1.113656365420902 -0.1190363211406996 0
1.084051803655661 -0.09250894299491166 0
1.996759103254377 -0.5899230131419575 0
0.7627516006929511 -1.101016016109804 0
0.7330118241289423 -1.074327805358171 0
0.9945098772909315 -0.01325554502365078 0
2.173746696124299 -0.2461636118422934 0
2.137034385536805 1.073477542845212 0
2.157392515083975 -0.3236787368687931 0
1.477703399603818 0.9419411254407437 0
1.485905378636601 0.9808211562000229 0
1.456343584177102 1.007362264770428 0
1.49411151362039 1.019699380765438 0
1.464546082711189 1.046246190161813 0
1.502415562055948 1.058677319445007 0
2.079286162878371 -0.5264857482058413 0
1.947084904425724 -1.32650747788055 0
0.9735760814379462 0.05234941112702714 0
0.9819144673186964 0.0914487040130883 0
2.238057029402094 0.8904531436997583 0
2.656577054277669 -0.2682620175667872 0
2.685802313153068 -0.2944957562178792 0
0.5698083404979191 -0.1899117376916654 0
1.397249941561926 -0.6054221193312388 0
1.359510051691128 -0.6177870664887289 0
1.771142487766207 -0.6635750257116548 0
1.800544498126413 -0.6899390899893295 0
1.434982748171047 -0.593057661725055 0
1.443145220813193 -0.5542093680916784 0
1.472791737602356 1.085148161336931 0
1.510851511254334 1.097787454326939 0
2.260230638017575 -0.8282034313674057 0
2.289480971829594 -0.8545490120548377 0
2.332709888963507 0.3472479190928954 0
2.367285654889878 0.1754094144064357 0
2.350997223103849 0.09843732472427694 0
2.874604700433356 -0.05567968867695273 0
0.9365650757736319 0.5472307092579698 0
1.422088031413845 1.177554960919661 0
1.328346716272868 0.5672104789889488 0
1.869749469290269 -1.028071722401999 0
1.861656639527407 -1.06690282527141 0
1.070051307132115 0.8452138061572017 0
2.334752272203911 0.0213654123682278 0
1.741747692706562 -0.6373625435074636 0
2.112630205252856 0.95792779656226 0
2.141915878445352 0.9316504605848193 0
2.318501621999963 -0.05570632168971162 0
2.614460703535911 -0.1381770299009768 0
2.62256763387777 -0.09972871675488873 0
2.515305515358759 -0.2784657187953782 0
1.009062343336276 0.3895257271386703 0
1.000870136760031 0.3505817294718557 0
0.9630353998695205 0.3381986922925906 0
0.9926704626296845 0.3116294996078187 0
1.398831908475046 0.7349963503607573 0
1.436575172678949 0.7473315861138931 0
0.6517953756385321 0.1996063688303013 0
0.6600053248858644 0.238632385205776 0
0.6303148290291086 0.2652603837323694 0
0.6682180771273565 0.2776606924427039 0
0.638528065025863 0.3042860981438933 0
0.6764315890787631 0.3166866847329829 0
1.571565504857249 -0.9455390569807509 0
2.641974370410209 0.1570479445547071 0
2.607868515618288 0.3248399698599212 0
2.615989289468178 0.3632646788886834 0
2.653319786151921 0.3754470934668188 0
2.624109064709942 0.4016855782104125 0
2.088253823991935 0.8420047634977267 0
1.160857610301982 -0.3952115041732419 0
1.190475796700059 -0.4217545657865693 0
0.890517135414052 0.4959084893355004 0
0.2542433039493407 -0.8305451775213692 0
0.221154552255028 0.1677751196802985 0
0.1831738349878821 0.1553489590918482 0
1.88497350249721 -0.1237531967347683 0
1.893083544196352 -0.08485796388341156 0
1.945572570814329 -0.4984076805534518 0
0.1792654867698809 0.8091553093904916 0
0.1412616784369019 0.7967230610366158 0
0.6866348395097452 0.0298566963401576 0
0.6569393092162849 0.05625608615187831 0
1.208046497696584 0.9988521856203587 0
1.170291288057542 0.9864626251629718 0
0.9278047752488038 -1.156150905096583 0
1.794689741371513 0.2788213573587747 0
1.757110588525285 0.2665401125104076 0
1.748967051064076 0.2278465269859433 0
1.719522855416466 0.2542456095557686 0
1.711377042441458 0.2155335346372127 0
1.681920759569791 0.2419514522981009 0
1.673774730600998 0.2032228561891029 0
1.644356269480681 0.2296351826806341 0
1.63621639670399 0.1909027461934 0
1.66564118772298 0.1644894592954618 0
1.628071207406942 0.152167832593461 0
1.657500713305351 0.1257553704652454 0
1.619925680542741 0.1134306725156852 0
1.652462064428625 0.2683738936109777 0
1.649384983702019 0.08704932255448534 0
1.611780608972679 0.07477042734370562 0
1.972458540373919 0.6245342869324836 0
1.938181103427325 0.7930344172339292 0
1.90394054796562 0.9615829440753225 0
1.866087052649132 0.9499574665099797 0
0.2192662545939573 0.4947616105642832 0
1.88767690587034 0.8842941854216244 0
0.4879492890266638 0.7641777398415434 0
0.4797236245298483 0.7250947480979553 0
0.509457186108998 0.6984289493329979 0
0.471499249204665 0.6860113231774517 0
0.5012335817072548 0.6593494992225125 0
1.915358512540341 -0.9771666190766797 0
1.107860443354995 0.8575777787785339 0
1.13751443573759 0.8309753397224833 0
0.5208126282243617 0.9205026702832434 0
1.795452375518596 -0.5475096249285629 0
1.757887542112208 -0.5598097406729545 0
0.8039628530982166 -0.9056531211390181 0
0.7742587195845938 -0.8789932672273673 0
1.868014888971972 0.6262287243949928 0
0.3665149730518554 -0.4661814748343838 0
1.651399036036694 -0.2363719430991955 0
1.621865936099664 -0.210012233504466 0
1.579720195544302 -0.9066917629288793 0
1.127154376210969 1.117579924832639 0
0.1662464115456595 0.9132683080354137 0
0.5615885821896947 -0.2289320956914407 0
1.55016592921497 -0.880203486956122 0
0.2419758049968751 0.9389567702694676 0
1.403828245150008 0.5919084385584013 0
1.740771673868812 -1.143547245942042 0
1.778408273386206 -1.131174796698945 0
1.703114167773375 -1.155918000978029 0
1.680776265291011 -0.2628997225373545 0
1.006893893400123 -0.9484735456121053 0
0.9934900239624717 -0.5232432886885378 0
1.285525661280057 -0.9666960812497712 0
1.247501480390418 -0.9792051668759197 0
1.323371052217409 -0.9542209451146 0
0.5959866489879962 -0.7189150268887974 0
0.5662838773853017 -0.692244955195117 0
0.6257085149680656 -0.7456097483164366 0
1.476882418349573 -1.230370802228003 0
1.439133104420661 -1.242390855653028 0
0.977201753248111 -0.9218345521918089 0
2.533107306857524 -0.5236316248973172 0
2.541208674288457 -0.485201872592576 0
0.2771170487864344 -0.3863427736300254 0
0.2440834327489534 -0.2244757512627732 0
2.037993712935862 -1.224421713047025 0
0.4922100760990949 0.1112425241250061 0
1.939038227913817 -1.365151274869799 0
1.901543281059328 -1.37751854130035 0
1.492967323217886 1.345946787611853 0
1.530857002158595 1.358304813299129 0
1.560488005796863 1.331665362370365 0
1.56850039470217 1.370057861459753 0
1.265542505759205 1.271821859671338 0
1.227603318094634 1.259431478789466 0
2.136940405138828 -1.084057131322834 0
2.921931590330664 -0.004177479943151456 0
0.2474933981309127 -0.3595249276976536 0
0.2096088532422949 -0.3717849087407353 0
2.195586144780556 1.020832723740306 0
1.51897666772085 -1.359190580314959 0
1.489329176565214 -1.332827289830661 0
2.057311583705101 1.191237071902374 0
0.3951169572667044 -1.000219462735522 0
0.4327322083083082 -0.9907804182294659 0
0.4409763027720899 -0.9516475898971248 0
0.4707258832893191 -0.9783670825968441 0
0.4627084299770869 -1.017222325633957 0
0.500473382030148 -1.005070221843347 0
0.1280121987334885 0.9015369795567534 0
2.086608397386597 1.164814160043443 0
1.843831638686263 1.337430300490555 0
2.281399106475792 -0.8930724326848209 0
1.794538391625069 1.105733031695773 0
0.3215880056418844 -0.9918290665807535 0
0.7247693825922511 -1.113429969523071 0
0.695023595569279 -1.086736372925547 0
0.6867800511039595 -1.12584603881905 0
0.6570334066069462 -1.099149893151687 0
0.6652781797415805 -1.06004058692274 0
0.6272879995321625 -1.072452690925683 0
0.36166302050784 1.011207654575591 0
0.2294791310606018 -0.9478924123360436 0
1.977594171907643 1.308979616021256 0
2.006883354607453 1.282587452359899 0
0.1137686576522511 -0.6578630073434598 0
0.1220312410550153 -0.6187421601067523 0
2.52340722854736 0.5837265079842536 0
1.57357005446196 1.227140694539497 0
2.1288737917588 -1.122627714777675 0
0.1056273150949706 0.4574653646200195 0
0.113581899296192 0.4965792801775504 0
0.9318346844212085 1.200265411467759 0
1.598539424059201 0.1786034011791558 0
2.275403503521026 0.9026687857748072 0
2.304651702681595 0.8763997302852859 0
2.189913636763706 -0.1694885818808326 0
1.40868591626964 0.4479300198122756 0
1.075742910599566 -0.1317328508709429 0
1.384158334243125 0.3313554016710961 0
1.359645900008027 0.2148317625346778 0
1.980351281834524 -0.6684074522189161 0
1.335131467270175 0.09827994545128788 0
1.046237673276988 -0.1049316009377843 0
1.94265413121759 -0.680920067576902 0
0.9441316171344595 0.07908795712788758 0
0.9523546896536945 0.117929535667888 0
0.8976782777285363 0.02679730860944542 0
2.071188391810814 -0.5650690007837867 0
1.395648851862319 0.5530616393901893 0
0.8120380988562887 -0.8667772695752987 0
0.7824704981947185 -0.839972153286067 0
2.6938821649481 -0.2561018163954382 0
2.72312406422003 -0.2823089457387653 0
2.73115328603385 -0.2437636665382127 0
2.606356237986684 -0.1766236495158514 0
1.033685244788383 0.5064192589901536 0
2.246158027810992 0.9289418381855323 0
2.276565778046376 -0.75093181811937 0
2.247270885615299 -0.7246276086010106 0
2.327647390447055 0.4894956771279467 0
2.244628519265674 0.4263174044662499 0
1.303677450086741 0.4497185780397877 0
1.836187774034421 1.299348278286679 0
1.686737649800704 1.439950108768593 0
1.389089302068891 -0.6442930811358882 0
1.351338983817065 -0.6566704956044738 0
1.279157308584358 0.3332739336510043 0
1.105586129867993 -0.1585607046835777 0
1.802705439319475 1.145626492673204 0
1.563410971290502 -0.9843889036105713 0
2.58521447015084 -0.1119325294412449 0
1.254628024561963 0.2167098629586159 0
1.955147226923283 -1.287883952501247 0
2.453559271187264 -0.4061979100757444 0
1.298779197900102 0.593724578743292 0
1.763011630795277 -0.7025128586110558 0
0.4417615861811702 0.7126767144209252 0
0.4789749491472917 -0.9392599152503918 0
2.302243887793225 -0.1328471447567722 0
1.230088240631226 0.1001261006844684 0
1.786557980696103 -1.092181995851822 0
1.81602317021711 -1.118605873249574 0
2.145012385582028 -1.045536984700706 0
2.089367456857208 -0.8123460969483598 0
0.9548429835435792 0.2992479913124163 0
0.9844768867126247 0.2726800269328322 0
1.354582634037174 1.191879753239079 0
1.198649450731703 -0.3828376402875149 0
1.228256325504124 -0.4093735141312942 0
1.236428058420423 -0.3704693905813697 0
1.266028608492614 -0.3969935672413156 0
1.274200825919944 -0.3581048060017646 0
1.303790131315813 -0.3846189863906819 0
1.311959857449503 -0.3457428467309845 0
1.34154313349365 -0.3722503677650033 0
0.4622478493010397 0.1376045023114443 0
1.746701698249217 -0.7807983789637202 0
1.686969856707563 0.09934117018998997 0
1.025478184554605 0.4674603344131615 0
2.223464628260719 0.4913916671366638 0
2.194156401004883 0.5176878017145167 0
1.036586551316124 -0.9751084515787826 0
2.27785250047497 -0.2484672861894454 0
1.132761837935246 -0.6922426299253217 0
1.83805218663385 -0.6776097252097117 0
1.829984904559242 -0.7162946213621242 0
1.407024193756569 0.7738488263085932 0
1.444768074447377 0.7861859300756686 0
2.702733872175127 0.2847308146426811 0
1.06541432019154 0.9893878668897896 0
0.2693712029054549 -0.1077164341307714 0
0.2990923566760213 -0.1344114197464741 0
1.189201548312711 -0.09429443811727789 0
1.181031570032945 -0.1331863085017305 0
1.218794037903794 -0.1208211389445056 0
1.928625530520486 0.2506343830672729 0
1.920495846446811 0.211986532429094 0
1.958031714517365 0.2242699783286508 0
1.94990366068837 0.1856283298040973 0
1.987425756990268 0.1979105490306379 0
1.979302065257469 0.1592752554088981 0
1.995558228345675 0.2365393956627325 0
0.3500001102652662 -0.5443718033974849 0
0.3879810991356272 -0.5319634983232702 0
0.3797211384993681 -0.5710554296133448 0
0.417690485150511 -0.5586668403305614 0
0.409434981871679 -0.5977465548281671 0
0.4474019035288753 -0.5853532535058117 0
0.4391486128815271 -0.6244299781389008 0
0.4771101320360601 -0.6120373724545087 0
0.4688596018177454 -0.6511066996121159 0
0.5068169703085763 -0.6387171344726538 0
0.498567154807423 -0.6777847655757838 0
1.941780659142467 0.1469926360526354 0
1.971180709800389 0.1206391372475322 0
0.3070349741778103 -0.4128293592834614 0
0.5391889017346108 0.6717660179523417 0
0.5309652564477854 0.6326913582726391 0
0.5689131630928381 0.6451064380840721 0
0.5606915794046708 0.6060354552514478 0
0.5986334236102668 0.6184504414267968 0
0.2904975025483234 -0.1734346829911794 0
0.2327543640816426 -0.7647045230523846 0
2.57864961809223 0.3510842209846242 0
0.3021783366168078 0.04867445213287441 0
2.151793097737313 0.6472264285270628 0
0.2939614136207511 0.009576235906232093 0
0.9392786514702087 -0.9342266024391562 0
1.902383255749544 0.4580424259338585 0
1.939933092956653 0.4703295377102508 0
1.764083133265116 -0.1995559597730341 0
1.755954388997401 -0.2382631054743398 0
1.793537231745732 -0.2259570126231071 0
0.7445559483558497 -0.8523375210679563 0
0.7527948644394991 -0.8132903239110831 0
0.7148641135492548 -0.8256747139804147 0
0.7231042472965187 -0.7866284464988641 0
2.25535456085397 -0.6861649022247948 0
2.017774778803378 -0.6556402686789425 0
1.239534265976992 0.6467278647101238 0
0.946652192633775 0.260298476402448 0
0.9762846232378802 0.2337310216067192 0
0.938528261915188 0.2214110806784045 0
1.014105536540126 0.2461115606534202 0
1.027669586423051 -0.6911716162470707 0
0.6778361834184228 0.8262776559951593 0
0.3217711587430018 0.3098923807656517 0
1.066784695053669 0.6626530074439969 0
1.006192393872378 0.2073168532368602 0
0.651278994609903 1.035832383921905 0
0.6598037632983093 1.07408347151769 0
0.6892848241363716 1.048203110501564 0
0.6978072809279811 1.086461446663529 0
0.727284036917782 1.06060887589272 0
0.7356192575510706 1.099428308023022 0
0.6654285860284156 1.110117385253132 0
0.7652384995784487 1.07311840126098 0
0.773754594083679 1.111391687869224 0
0.8032433105589659 1.085477361624673 0
0.8117693347994723 1.123717092980642 0
0.8412138457657345 1.097849012623118 0
1.997405239697368 -0.08598351979414594 0
0.3624650666785902 -0.3251791461001108 0
0.4027415904714382 0.1908107678331634 0
1.033451490156116 -1.157984580313397 0
1.025233809813033 -1.197064816412876 0
1.063192586091551 -1.184645826355327 0
1.054971336494558 -1.223726366755239 0
1.092927622377466 -1.211302003606108 0
0.4962589706093439 0.8033077703481479 0
0.6960310901482218 0.5776795366358134 0
0.1848369242133961 -0.4890696358108887 0
0.1550978510926539 -0.4623568275665818 0
0.1468322871184624 -0.5014696744787345 0
0.117089953019979 -0.4747559560861159 0
0.1253569699881122 -0.4356377393474209 0
0.108824774897422 -0.5138746118068542 0
0.08734431871225563 -0.4480378401600474 0
0.1749498948389272 0.1162396163011029 0
0.1451874337479929 0.1429143187299377 0
0.1534151957339627 0.1820325643017637 0
0.1144369388961204 0.1697732375212409 0
0.1225021263700851 0.2089228036529239 0
0.107030662729062 0.1305046632052651 0
0.6209831421580583 -0.2821468005502099 0
0.6127361440992916 -0.3208767976533118 0
0.6422713186098725 -0.3468439507706017 0
0.635552389419451 -1.033347815266274 0
0.5975459200889053 -1.045755924546256 0
0.5899286908935154 -1.084157921173512 0
0.2799751394098066 0.9513807726857629 0
0.2484639690701122 0.9774648490161254 0
0.6851708656487885 -0.7990135232051775 0
0.5862090831009099 -0.1118790454847101 0
0.8147527066020466 0.4711661678626319 0
2.006427732800176 -0.8756344007593093 0
1.026029103516243 -0.3668730652930155 0
1.196797575132308 -0.8884516749721543 0
1.662539140548664 -0.01649470482351356 0
1.776553521071298 0.524935558435919 0
1.784735474047221 0.5635367339210855 0
1.747108903515823 0.5513440462354767 0
1.755247205099922 0.5900329751258026 0
1.717646939782949 0.5777696220348597 0
1.725804585258118 0.6164912049935405 0
1.688251363281729 0.6041890930731825 0
1.696390350664191 0.6435585196923284 0
1.680031832818975 0.5654743997790124 0
1.032301262548729 0.8329073730694768 0
0.5830742566997889 -0.2945119407085072 0
0.5740816907611894 -0.3324870322616436 0
2.300826331428429 -0.6354378826087628 0
1.933662942121307 0.1083537788164121 0
1.963060628009364 0.08199977424702434 0
1.925540754533668 0.06971354243051361 0
1.954939658186845 0.04335801787280302 0
1.91742308200169 0.03106981841017641 0
1.94681904084184 0.004714925443972571 0
1.779778435850205 0.7053459549845982 0
2.368955785486715 -0.1470645760073901 0
1.961756944900062 -0.4212153141916204 0
1.81097137473005 0.3561280112278705 0
0.1385701178138133 -0.5405733100924796 0
2.049275981573084 0.3261708569351038 0
0.3517434271923828 -0.8715531163840905 0
0.322004833715003 -0.8448523760731195 0
1.415223768630433 0.812704807198216 0
1.452963274588725 0.8250439701931327 0
2.202290998256933 0.5562052021993702 0
1.952836209117407 -0.9648927041091231 0
0.8684106972089574 -1.102852213224792 0
1.31192511045876 0.4888703219146347 0
1.455072979189564 1.333585354807852 0
0.100559419609213 -0.5529783230987453 0
0.8601816704821394 -1.141940453591557 0
1.017832131908323 -0.4058661680347766 0
0.9882286681419175 -0.3793508129656198 0
2.593341716113884 -0.07348346363481836 0
2.630678578198219 -0.06128306273071216 0
2.60144647220198 -0.0350291509052193 0
2.638790137406598 -0.02283188564390607 0
2.609566980539455 0.003419719942454483 0
2.646900884953398 0.0156165652198377 0
2.617668676809598 0.04185725104177616 0
2.570402586418357 -0.511325881385627 0
2.578528081633634 -0.4729880436344484 0
2.607718904277791 -0.4991029163061321 0
2.615847787800355 -0.4607864463241313 0
2.549326961820103 -0.4467341508268956 0
1.909295846908572 -0.007573674142000634 0
2.149268661618676 -0.3622375144646827 0
1.435055141678271 1.07286724898473 0
1.001666035227888 -0.4842671021339709 0
2.122876036420163 -0.1526374860528152 0
0.4335597917799277 0.6735994139761017 0
1.60111496750963 -0.9720193312762035 0
0.5227471488455824 0.5936195274638121 0
2.420954768329232 0.2642694163888807 0
0.9169641046808759 1.122705657079687 0
1.063309102179991 0.479848771910713 0
1.055113179640975 0.4408931854569791 0
0.8495707214265483 1.136655857489638 0
1.472692104670066 -0.5806980049354015 0
1.4808499738386 -0.5418609246755303 0
1.464536900635311 -0.6195436095728251 0
1.451312799950348 -0.5153747021031297 0
1.489011711888183 -0.5030477362681912 0
1.459487640180001 -0.4765526528308734 0
1.871258493572103 0.8071859395296284 0
0.6978981866907483 0.2510609048256059 0
0.5525183947275505 0.5670039410797724 0
1.030496241675347 0.3240293284672378 0
1.678883777931956 0.06069713923695345 0
0.4583483633558602 0.7909837448318037 0
2.016805388136734 0.1715903549970096 0
1.923473530929173 -0.9385765993144304 0
0.5126597392977834 0.8814291879780447 0
1.766013263430599 -0.5211168706190159 0
1.803599234665903 -0.5089033877212183 0
2.000564027074747 0.09432883927776405 0
0.5597513394332776 -1.05806855623573 0
1.938696485888973 -0.03393064008957435 0
0.5678675423697149 -1.019061140017677 0
1.984323582529215 0.01705418304086697 0
0.4616504423044494 0.9739176105059479 0
0.4699759990854001 1.013141063946411 0
0.9144508501261959 0.1053961326221312 0
1.885966780591303 -0.9509803236862213 0
1.728434696103558 -0.5334248178886238 0
1.720368896028031 -0.5722671199347613 0
1.86754138323376 -0.7039826570528215 0
1.541503277423941 -0.09213261904199217 0
1.533354450613151 -0.1309023863259769 0
1.549631698886927 -0.05336702042849535 0
1.562827267606151 -0.1573153758919123 0
1.763498339309055 0.6285837733824844 0
0.5565086724234578 -0.08526119604619464 0
0.5482994455896247 -0.1242935714636462 0
1.118923633722767 1.078558539695468 0
1.094912433420953 0.9623812250071816 0
2.206176185527563 -0.09240005229946464 0
0.9901641302755351 0.1303590400537657 0
2.22243848156114 -0.01531920755142942 0
2.238699949535564 0.06175246610696078 0
2.254960452574953 0.1388134405168774 0
2.271464827460445 0.2161402521187367 0
2.279163711530324 0.2560889328163663 0
1.615104968753031 0.2562933126214122 0
1.622993263135099 0.2948068886135837 0
1.497366834247255 -0.464473466234008 0
1.467881015838389 -0.4380194010642183 0
1.429988134462317 -0.4501137260470721 0
1.438361981440624 -0.4115525636519106 0
1.416850359671266 0.4867248624960594 0
1.103233163046078 1.001397832727267 0
1.257858760777818 -0.4358103009554865 0
0.9227826131819212 0.1441971974684328 0
1.144271564648945 -0.4724750808358995 0
1.400432695609585 -0.4240278924287006 0
1.408664579499397 -0.3856352706224167 0
1.80793823477045 -1.15748200192842 0
1.333261015098492 -0.4108057954392461 0
1.293705659405634 -0.9280535040322162 0
1.732669540752973 -1.182278431495534 0
2.813842842078482 -0.1801906119157687 0
1.318654314813702 0.0206036953724826 0
1.310596905731345 -0.01827156676235398 0
1.984500260306619 -1.314155503425789 0
1.643328619819842 -0.2746048054803564 0
1.67281996273348 -0.3011253042593129 0
1.720942280811538 0.7581428971306413 0
1.729313199918333 0.7978740213084674 0
1.712471046755207 0.7200871751613503 0
2.224862707832362 0.9942570980843817 0
0.9850744332424655 -0.5621698197343692 0
0.9474190290000364 -0.5746098039048035 0
0.9768456250779549 -0.601139141574625 0
0.6932164278885603 -0.7601388511273358 0
1.525193239430462 -0.1694860637540488 0
1.55463826406983 -0.1954869174222476 0
1.514384075959258 -1.218040850373103 0
1.044660744632694 -0.93624033943247 0
1.074465880603414 -0.962733339758147 0
1.694986107897562 -1.194625237563671 0
1.031330895522716 -0.5108453399992529 0
1.710254613185179 -0.2892364414363694 0
0.8207741896766487 -0.8285362694596566 0
0.760868280885866 -0.774429533684204 0
1.3315682532856 -0.9153510728229277 0
1.433165025288218 0.5654472424560981 0
1.441317721069474 0.6043153356795489 0
0.8418103256438537 -0.8933535997915354 0
1.457708837156934 0.6820163260225278 0
0.3777460442561021 0.07362290605233013 0
0.6337539965973608 -0.7067381761527779 0
2.119933744285259 -0.3359199120003347 0
2.128145589958404 -0.2969584415927226 0
1.474081009574315 0.7597173626276499 0
0.3498345696132852 -0.222864795215637 0
0.5148630905527946 -0.5998789914671208 0
0.492191782572109 -1.044006686037559 0
0.455454194047201 -0.5465077151290646 0
0.7537840032724824 -1.13788637608462 0
1.581406069476851 1.266159519069715 0
0.5445689789190848 -0.6266395477588391 0
1.515183900447724 0.9543455801455467 0
1.506904996563582 0.9153839410556347 0
1.531698951832669 1.032200802818447 0
0.5217956798234182 0.08446279705191466 0
0.5595776116832775 0.096720154262629 0
0.5515014468798433 0.05782609876395348 0
0.3315685785985976 0.02209002131091117 0
0.3232982714894384 -0.01701057503636015 0
1.564963321213344 1.188306308027621 0
1.527384265759098 1.175799561632446 0
1.556659408256544 1.14940061066022 0
0.3069337403293049 -0.09524986568977013 0
0.1065020583649785 -0.6988935895378142 0
0.30341439083172 -0.2731397331468857 0
0.4543713379065257 0.09926502160840606 0
2.236375615827511 1.033325266010248 0
0.106989176756669 0.8264105282535799 0
0.1032550341936378 0.7842890057328429 0
0.1330253209517285 0.7575973605362467 0
1.480913518931162 -1.371081303503853 0
1.451345601170016 -1.345006398486332 0
1.442971299154394 -1.383411424568501 0
1.413438595038818 -1.357350126412348 0
1.421700403733626 -1.318626030315111 0
1.38374813365028 -1.330872830659492 0
1.392293224716079 -1.292351588133571 0
1.354043240167655 -1.304373330845993 0
1.597876705339351 1.344015459253454 0
1.604764811948399 1.381308585212612 0
1.92720403458194 1.40045241868604 0
1.89786934454728 1.426898389597469 0
1.956517176490186 1.374050059953474 0
1.860342383102771 1.414704928011338 0
1.868590360706548 1.453354066674827 0
2.714895970779442 -0.3203331225308222 0
2.752423520951443 -0.3078978575297184 0
2.318736559117326 -0.8808418528038193 0
2.326852456901539 -0.8423631448551416 0
0.09648846522837609 0.7448484356655274 0
0.07098598169783428 0.4860105907150492 0
1.536780582982177 1.395672554417269 0
2.711599708800535 0.3229940794868938 0
2.561949749301842 -0.5484298733173615 0
1.347149474974461 -1.341903983142549 0
1.316303292877855 -1.316519626283596 0
1.324395291338295 -1.27786535779927 0
1.287248119876712 -1.290111298333571 0
1.462998624653622 1.372004226714833 0
1.425339598777943 1.36013988206258 0
0.09638198722641385 -0.4090793927894394 0
0.1337526365571688 -0.3965480670453295 0
0.1048011671012127 -0.3699911990138414 0
0.8163009904878424 -1.156531147105854 0
1.236071797608471 1.29778302317446 0
1.19815982793887 1.285270301292682 0
1.189708425936752 1.246900699466496 0
1.273894888686968 1.30872753518394 0
2.552118760254399 0.556919108766248 0
0.2584785747710577 -0.9723056525661395 0
0.9707877775132445 1.211597361967876 0
2.075100162265845 -1.211254301011749 0
0.2874806207779259 0.9887489555800941 0
1.160072185860404 1.273281684910304 0
1.151741941910134 1.234540011083015 0
1.12223936640659 1.260502038411144 0
1.113807915745956 1.222083161846408 0
1.082835226597151 1.248245435604906 0
0.9195714522716125 -1.195243117568443 0
0.1415041662416607 -0.3580724697608557 0
0.1116782929593607 -0.3314478046142526 0
1.930768935000978 -1.403096864626943 0
1.893466348699539 -1.416117855383557 0
1.86399912386118 -1.389892888806772 0
1.85594032297269 -1.428657001894577 0
1.826392860912462 -1.402249958949819 0
1.818288118892948 -1.441078583514201 0
1.847927393504529 -1.467517522490339 0
1.810624239253061 -1.479537950454433 0
1.780610717057898 -1.45345165224122 0
1.968193771004043 -1.390578551756352 0
2.324518637201541 0.3086253689881224 0
2.361669116113463 0.320586819001749 0
1.806178873347428 1.326705088712586 0
2.744308411156767 0.2921951931712746 0
0.2089640648675137 0.9626484699174843 0
0.5913915988725044 1.087635952896801 0
0.5537628847736816 1.076749339329141 0
0.5508554928835377 -1.10230493911414 0
0.7794360664831188 1.147333736771233 0
0.8927154650816705 1.185485830000792 0
2.41951354571426 0.585631700222922 0
2.42765353161077 0.6240704644973573 0
2.466196716994373 0.6374150707953599 0
2.437178730748105 0.6638774941987704 0
2.411703505200097 0.5475373586336383 0
2.398207121171227 0.6511008369188799 0
2.40676603736939 0.6891272833626261 0
2.444508932210514 0.7027763241168814 0
2.414816499597248 0.7275755685577305 0
2.377722525075932 0.7155099226315329 0
2.385552676989835 0.7536198841019207 0
2.348499978840474 0.7417652344025117 0
2.356339987873092 0.7798485134209556 0
2.392378203672649 0.7905555994700825 0
2.364396725662098 0.8181866223839968 0
2.365383668599353 0.4999404878841981 0
2.356746054151785 0.4629730607805851 0
1.037900842433248 -0.1443800165485239 0
2.928719933314664 0.0350634921735038 0
2.899991460748068 0.06219641723432499 0
2.956096170308864 0.008998496209799089 0
0.5448529450564026 -0.3059478841198095 0
0.5318830346673969 -0.202313882359765 0
0.5344556764664543 -0.01610685419279162 0
1.951120566531662 -0.6417461115867545 0
1.650648823657649 0.5931709105408051 0
1.585434083493326 0.2835428120885307 0
1.582234578571355 0.1016858856002398 0
1.574093046536344 0.06237828760780675 0
1.512190649400708 -0.06552601396647352 0
2.776672285210302 -0.1925575980282767 0
2.664701296272896 -0.2296227150136133 0
1.041960697143987 0.5454651724053223 0
1.012271505940899 0.5719802495665518 0
2.562027583608615 0.593190607177506 0
2.281899406317963 0.9402434613062307 0
2.239147842822114 -0.763158178171137 0
2.209881406522266 -0.7368549212329583 0
2.108700308234575 -0.5531449379829878 0
2.116753962656756 -0.5142766588219281 0
1.0782457897134 0.8842039757675063 0
1.11606871472771 0.8965188749603096 0
1.043879728966005 0.219697824234646 0
1.011036340894652 0.898756117610102 0
0.9731774010479501 0.8865739660903119 0
1.481194822892138 1.124190956310098 0
2.208765590998995 0.9167595266972145 0
2.107766114525375 1.099816270274589 0
2.145182300773352 1.111969218325263 0
1.290599259709547 0.5548555573045644 0
2.028029722367732 1.217607131550112 0
2.173418411444268 -1.071615044797037 0
2.182227382061612 -1.033273579630243 0
2.10449309411824 0.9193537022409349 0
2.133857001734089 0.8930795689951707 0
1.992577582274376 -1.275516968725435 0
2.020084640180408 -1.301404799907077 0
2.482824238536815 -0.4324918732581705 0
2.083384602631538 -1.173425220023761 0
0.4492160525104778 -0.9125286596514488 0
1.390896193224521 -0.9684998072050615 0
1.399074244557898 -0.9295688128363584 0
0.6467424318607849 0.3433113435171167 0
0.684646233885888 0.3557088942562858 0
0.6088386953898752 0.3309183847987477 0
0.714324971211477 0.3291070874548661 0
2.041007955662302 1.114036542597493 0
2.062168089671042 -1.108679655662944 0
1.86363340392933 -0.05867505742124022 0
1.344836337743534 -1.019747687288025 0
2.053241511102057 -0.3201263011513918 0
1.380765730197063 0.982707776550748 0
0.943469483674909 0.9131933456398427 0
0.9352669306387444 0.8741640415589187 0
0.9649409424357935 0.8474606259712627 0
0.9270579775522607 0.8351356129037815 0
0.8973576776785092 0.8617594490430333 0
0.8891460523559084 0.8227242300318038 0
0.8594418539821005 0.8493499782266576 0
0.851225688496733 0.8103201798810487 0
0.8215215551758608 0.8369372249514451 0
0.8133030109349627 0.7979059097109642 0
0.7835936602228828 0.8245342615940422 0
0.775373898289726 0.7854947507301794 0
0.7456635995627565 0.8121136779152037 0
0.9188503164355373 0.7960989964492965 0
1.349553304803818 -0.3332845539792192 0
1.154230658394995 -0.7578253892711829 0
1.192061291895912 -0.7454374398755746 0
1.1690275840437 -0.3562824259658677 0
0.889143546815702 -0.01265372386662667 0
0.927015103761039 -0.0003250936367511599 0
0.3714660068622961 -0.610152686786869 0
1.479759319225309 -1.048166669029353 0
2.829586938701722 -0.1032563717845725 0
2.856236095318693 -0.1285217223002852 0
0.9251956610796632 0.325808456477288 0
0.5200536329337822 -0.7436316024179186 0
2.386881203838932 -0.3921860339550611 0
2.378762710839454 -0.4306794899679138 0
0.3599923946401759 -0.8324378647572294 0
1.369274624649886 0.7615336991476458 0
0.7569681786397403 1.034127770154663 0
0.6735648439718784 -1.020953862760954 0
2.57051926361016 0.3126565506919852 0
2.299012299834265 -0.3133310842178441 0
0.2736184391550286 0.5851450688689945 0
1.321747994648269 -0.6301640825614602 0
1.313582955962352 -0.6690379699673303 0
2.075187512694231 0.94569405521969 0
1.888012231943385 0.05737890893477716 0
2.555966391641149 -0.085755817086999 0
0.1980450937311259 -0.5939672909970606 0
0.8296981709947292 0.8759613549023336 0
2.5803128470194 0.02957026451919639 0
0.5423945425188014 0.8547280727962827 0
1.101134060973062 -1.172217853773634 0
1.130878147008158 -1.198879542391066 0
1.122662383279534 -1.237956776716958 0
1.16061416080265 -1.225533154164062 0
1.152961907689846 -1.263982245487337 0
1.190441688893136 -1.252079386977893 0
1.198557259921535 -1.213098387383622 0
1.182136572293471 -1.291262622740682 0
1.228288896208253 -1.239754001992638 0
1.832225240834278 -1.040372630110168 0
1.840355707278982 -1.00177438501382 0
1.062618745121218 -0.02708880458627663 0
0.7162779640281836 0.003262738594175564 0
0.7412615938596638 -1.035234093141089 0
2.16486260096993 0.5439867150018604 0
1.934523534846237 -0.7195660695960282 0
0.5892768178110909 0.07013264744226391 0
1.716459896799045 0.072996710247203 0
0.6783963650212131 -0.009137212698755552 0
1.740832333414358 0.1891360849396244 0
0.1614528822358546 0.2211725032755378 0
0.1316564789916329 0.2478750465430851 0
1.629938764923734 -0.1713430560486438 0
1.934944557143333 0.612251606144525 0
1.877961573592799 1.168771635965011 0
1.848659577550688 1.19517251031705 0
1.221272238292646 0.8943229174741872 0
1.178485822324315 1.025410738749461 0
1.409305683841123 -1.21626706633705 0
0.1260797962931851 0.7195743818164289 0
1.216271125779318 1.037811591150065 0
2.655010788746701 0.05403317419277105 0
2.625781129998751 0.08024187399165425 0
0.4038613749777699 0.7003119484020075 0
1.446209944638038 0.4592692219393523 0
1.665409010949297 -1.168284129632663 0
1.657073222986722 -1.206594621295108 0
1.765257687966162 0.3052202974231188 0
1.891162706732373 -1.093229684142432 0
1.951248993050601 0.6894171503255939 0
1.348350223386987 -0.005924961390050443 0
1.917010080066763 0.8579598323350021 0
2.80390509761699 -0.2182369427690025 0
2.172982903832763 0.5825176449814865 0
0.09852702810072284 0.4181041785947042 0
0.1270414627899614 0.3916791651186993 0
0.09015592619877057 0.3790063176957863 0
0.1188475066965616 0.3525784163893974 0
1.660453841013908 0.3075797580147914 0
1.630862026317216 0.3353507266527864 0
1.856878723768778 1.233800525353817 0
1.819180297466581 1.221614818040919 0
1.882779374517155 1.026456901297987 0
0.4829521133664521 0.9081668964615275 0
1.960956177312636 -0.9263142445504939 0
0.2653923048066005 0.5460478838110001 0
0.2951829762590305 0.5194169695239013 0
1.948108740073691 0.5088831641601723 0
1.977485914485094 0.482538245851866 0
1.926836933632052 0.5736982007161352 0
0.1977948262896458 0.5602984463949932 0
0.1597857831830046 0.5478762462471906 0
0.1298838572792379 0.5745118743331845 0
1.959943629729811 -0.09832983317507113 0
1.951932947010159 -0.1370686174766208 0
1.845632142221331 -1.144779657865872 0
1.183482983149003 0.8820480164437107 0
1.633087027495299 0.0099160371730203 0
1.595439012672363 -0.002348526514608919 0
2.412698063596845 0.2262815845411071 0
2.44216151208269 0.1993740895440933 0
1.830511647905265 0.6141025203170933 0
1.089343318518086 1.105641241542276 0
1.097595118701046 1.144646870568545 0
0.949149359912862 -1.221419293575631 0
1.85996099025793 0.5877480741173398 0
2.093743780425554 1.202275302300731 0
0.5814426249252859 0.03150930548213621 0
1.587999102998106 -0.8680702740051094 0
1.617473375911435 -0.8944745867277371 0
1.558506784315057 -0.8416467171706514 0
1.520659961811963 -0.8538073546559201 0
1.610708807346047 1.2373487928052 0
1.082472980559059 -0.9242396369794288 0
1.112202831227005 -0.9505644902665988 0
1.10413860669266 -0.9893723124401559 0
1.142027025867517 -0.9769781650837004 0
1.150038373494233 -0.9384750840975161 0
1.179865921181688 -0.9646373791732974 0
1.171720660823748 -1.003562573165557 0
2.660905144528999 0.4132707392073938 0
2.631609557726063 0.4394101642737594 0
2.594797128802706 0.4278083263973363 0
2.60288600170911 0.4662381735958754 0
2.69055740962614 0.387523855996145 0
0.9393914811951674 -0.6133931072082455 0
0.909824669301838 -0.5860614105096468 0
0.968673675785627 -0.640087598176537 0
0.3288587448686586 -0.1593538018489963 0
1.785417306057369 -0.2645857429441352 0
1.822991139843774 -0.2522744652588084 0
1.075784874218792 1.209800246129505 0
1.044215366904301 1.234248401580515 0
0.3149378804621099 -0.3745970085914062 0
0.3447518849701417 -0.4008060644760006 0
0.2941195478988028 -0.3107943187598534 0
0.2647362481044775 -0.2861968350683801 0
0.5235984194260332 -0.2402510891515808 0
1.22595936682782 -0.9147000690521465 0
1.506207265917282 -1.256434809826472 0
1.118079212887498 -1.27362753352639 0
2.370023647871641 0.3593770995523297 0
0.9475123344648444 -0.8951919281664728 0
0.9854248527722547 -0.8828035261673866 0
0.9095052441098073 -0.9079464023377692 0
1.294897462224883 -1.252026903913027 0
0.8526954720612002 -1.180251497518984 0
1.308485436599199 -1.356194265201796 0
1.510705482499495 -1.396670619962979 0
0.1330166339027467 0.938588091740691 0
0.09704067424751098 0.9280240425306967 0
1.204525954021868 1.321810431183581 0
1.433161162314493 1.397283631888632 0
0.5580208604700286 1.113795357579604 0
0.4390832314540002 1.037602901320559 0
0.4782548927783793 1.051205066052524 0
1.92200631257771 -1.440035500829916 0
2.17333268066654 1.084412784457122 0
0.2541055314254422 1.014428549434097 0
0.9378901643860953 1.237278338794422 0
0.09077835164721024 0.8899656749343812 0
0.09388697381876593 0.2354084254623053 0
0.1022867019055808 0.2744801504895202 0
0.1401153921905589 0.2869125903145541 0
1.905129605637712 1.464418605052031 0
1.875494435012805 1.494030754562518 0
0.07933782974526923 0.3414865303083965 0
2.402019010355864 0.8229128348189777 0
0.06759572580859771 0.7642426860166608 0
2.184497726893449 1.123788304750532 0
0.4504092172880776 -1.051890565262739 0
0.2178992251753801 -0.3326689748673197 0
1.016552798646163 -1.234100064422149 0
0.0686076343657223 -0.3475404681930033 0
0.08241024527348613 -0.3039520320646212 0
2.647115811164731 0.4781781481772083 0
2.611145717708085 0.5047475400589645 0
1.841732277380419 -1.504347190165007 0
1.87650190921436 -1.49326342047689 0
1.871910483682677 -1.535280426681664 0
2.215156786289074 -1.065136096679525 0
2.22033605351196 -1.021944553057901 0
2.190529468661018 -0.9949761032734999 0
2.228009386801452 -0.9826050146439919 0
2.245927667608579 -1.043586499796724 0
2.065595397545809 -1.248762644475103 0
0.08672053936904653 0.5244430777416947 0
2.954126603688272 -0.03192159843574745 0
0.08904458622873178 0.7027548263124589 0
2.153336289447009 1.150422666511664 0
0.6476500385130763 -1.138191666497995 0
0.07575449737846716 -0.6702675127818842 0
2.450746964867402 0.741623132713654 0
0.2148950138692277 -0.9911455340253547 0
0.1914657194536803 -0.9603011501622688 0
2.011813414187745 1.321407345163434 0
2.047853536781683 1.29850388026564 0
2.646114096551875 -0.4854139706245881 0
2.654119889553745 -0.4468469556001596 0
2.693449526038116 -0.4293426195931396 0
2.623856601296485 -0.4218722144725118 0
0.05078352024926634 0.3668594944598395 0
2.935958098047366 0.07532799545816622 0
2.118434527265414 -1.199198608164696 0
1.770159669396087 -1.498038942520312 0
1.742767513276587 -1.465994637706536 0
1.750869437449512 -1.427016557117208 0
1.713073480870222 -1.439551544760473 0
1.704950324986622 -1.478478657970657 0
1.676906182241644 -1.452319896382201 0
1.683778354267463 -1.413253373512711 0
1.643317537563805 -1.428576422219106 0
0.06536525510393258 0.2648042852897806 0
2.693604211837273 0.427615943949943 0
2.908167747020927 0.1008364312111161 0
2.870847905394108 0.08861305765935813 0
2.878132888527546 0.1261286236420567 0
2.841512868011771 0.1147094402782481 0
2.848709362042309 0.1521078715923482 0
2.812243274756878 0.1408812785957687 0
2.820343611657021 0.1792691619943572 0
0.06077779490678335 -0.4169630089225063 0
2.534653317691849 0.6218875717482854 0
1.830894651987376 1.441175528749237 0
0.6785275344544064 -1.163116654890876 0
2.311649237469313 -0.919598525121276 0
2.27349861892402 -0.9315915941720667 0
2.30260690625349 -0.957756100788691 0
1.814416885072482 1.365188427756235 0
0.9103052420784798 -1.232672915449401 0
2.986072218072823 -0.01459583340061475 0
2.952654457835309 -0.06758668346803608 0
0.07676964603417889 0.1568412427249658 0
1.76497284319706 1.134421341105565 0
1.756834591680066 1.095020207091095 0
1.964847183486374 1.413676072862141 0
1.994009397886342 1.386238837492297 0
1.404327989478372 -1.394565112050025 0
0.9404757669416977 -1.265001223959153 0
1.045489488924524 -1.265799895614832 0
1.434600516245397 -1.426535165741752 0
2.635293130718192 -0.5227067140367923 0
2.31886223265358 0.7682392931868353 0
2.311408080502592 0.7304583798938583 0
2.382156450113118 0.5753712017468324 0
0.07021248627074669 -0.5257443971027181 0
0.06443848500782448 -0.5646920554963465 0
1.691292941643655 0.7860728680774286 0
2.859894982802384 0.1864706130677078 0
2.749074268097194 0.335138674661885 0
0.04439101275726041 -0.3163498226195551 0
2.648466172730012 0.5169163909958313 0
2.353678788776688 0.2815866996903534 0
2.391003466487134 0.2925670029495704 0
2.287101496430622 0.2959345081137806 0
2.348835718829152 -0.9056520470713461 0
0.5260837288286875 -0.054985148506893 0
2.916436101315912 -0.05081437287329126 0
2.895879307700206 -0.08728916286192852 0
1.544535093658587 0.08980611911429082 0
1.536251660822443 0.05060874166124935 0
2.241894187454583 0.2436843393170657 0
0.4441290104457641 1.074550631335689 0
1.544181166542574 0.9263439598998842 0
0.0515695778198645 -0.4547122830981084 0
2.160422285222553 -0.1403644011224975 0
2.8300243858314 0.2169523864815703 0
2.79215858280326 0.2036447355433801 0
2.799448250338318 0.2441205886752737 0
2.826863062245179 0.2818665814791042 0
2.784485669897086 0.2806836719262533 0
2.75853091981376 0.2532756522781058 0
1.520151489059916 -0.02671892487556275 0
1.495753320351039 -0.1430687298513084 0
1.487164171240965 -0.1813007535580433 0
0.5219643433178909 1.101818429941036 0
2.722729528516691 0.4030086178436446 0
0.0686992949322924 0.1167533112565652 0
0.09885740257337614 0.09114430370580397 0
0.06476272265294963 0.07528995026115987 0
0.09866733624635909 0.05270926257989744 0
0.04201637919398035 0.1796601876526363 0
1.437979314539771 0.4203720543924823 0
2.146197826271031 -0.5412904331575982 0
2.154271305135335 -0.5024569661800442 0
2.100621072352285 -0.5923942693339375 0
2.063098110800181 -0.6040227364414065 0
1.008406774577611 -0.1176623773078742 0
1.016385753491547 -0.07837041707939153 0
0.9785674814526666 -0.09090277612563906 0
1.913193156930196 -0.654393854358941 0
0.935696396201434 0.03971590175315626 0
1.339997552293635 -0.04545416324779436 0
1.302289629128277 -0.05725976078026175 0
1.425201722560281 0.5265664341907598 0
1.462368264176906 0.5376880299501541 0
1.387411705585594 0.5138443258764501 0
1.320162674674275 0.5281531827439767 0
1.859432144091715 -0.7426502219533434 0
1.821864348469221 -0.7551424950913884 0
1.210625934470265 -0.1597064063171732 0
1.248184088118915 -0.1476210499269713 0
1.256517921055376 -0.1085100969444021 0
1.172757220483827 -0.1726832668231464 0
1.285896932991282 -0.1352777004314136 0
0.07840843150266058 0.1999983264727114 0
1.051976869688055 0.2585696242419872 0
1.088969024270753 1.285301861756855 0
1.51856651077372 -0.5295153691347144 0
2.253321674133614 0.9673142965515389 0
1.519190156686796 1.136865185227563 0
1.548932237856377 1.110418384627857 0
1.586080851914225 1.120703440654861 0
1.577669763191662 1.081705939985821 0
1.502260777314745 -0.6071850004531967 0
2.319484343478719 0.4509831925430041 0
2.268404196851659 -0.7895962634483942 0
2.201761945096217 -0.7753577136398178 0
2.172506313085828 -0.7491380456941168 0
2.25277509246921 0.4649873251722692 0
2.215343285394704 0.4528451778275527 0
2.207169365911481 0.4141112813785547 0
1.05029591148654 0.5845946525891259 0
1.020567636742329 0.6110552643570741 0
0.9826392764079133 0.5985834527880823 0
2.164315709886329 -0.7875816644277489 0
2.155875810981607 -0.8260577541039047 0
1.349668693979106 0.5013914450087822 0
1.380928393639621 -0.6832261938579333 0
1.418675318463785 -0.6708544820932986 0
2.768167325393378 -0.2311856492078688 0
2.796122711659813 -0.2565005595833636 0
1.274127822399515 0.4763470630127656 0
1.265947461325881 0.4375657303004541 0
0.9908332850017202 0.6375254326323792 0
1.802791035979086 -1.01424973012627 0
2.635601117309741 -0.2028642883375644 0
2.598210849571256 -0.2152669439607568 0
2.569018453790287 -0.1888662343709983 0
2.560901623199427 -0.2272828227927724 0
2.531703628008627 -0.2010939239042102 0
2.523501468043601 -0.2397936953567759 0
2.0006104421719 -1.236837931248236 0
1.59297532328364 -1.010911583156298 0
1.630705529208193 -0.9986142390944971 0
1.69084092647015 -0.5457356298345833 0
0.7374061126052366 0.7730564766097688 0
0.5531757310975118 -0.5885454335193593 0
1.824168410225662 -1.079547501999051 0
2.124005268322493 1.177053393598929 0
2.126839542998548 -0.7995973572910132 0
1.853685526781825 -1.105784376079002 0
0.859063730531339 -0.8171200571419104 0
2.348774617170515 0.4248021013121982 0
2.386102845646074 0.4355732249770146 0
1.555270284448858 -1.023236392021803 0
2.120806964098613 -1.161306034051647 0
1.423425509213821 0.8516008794910048 0
1.670624093901422 -1.488230722336223 0
0.8050962368099419 0.7588431325897471 0
2.198608609569085 -0.9562526611389446 0
0.6190351369687168 0.04361848906958323 0
2.445437622783384 -0.4447031973549032 0
2.036753124655863 1.256851460001523 0
2.076527501601204 1.264903985222342 0
2.26469318416567 -0.9681089705514507 0
2.230980588639673 -0.8018419864193183 0
2.297641787104878 -0.8159886633245176 0
2.335049612853753 -0.8038611150311713 0
2.362731789359833 -0.8299043517473008 0
2.372243102630885 -0.7916783459469527 0
2.402766923442277 -0.8177231781818001 0
2.408820964678519 -0.7760329692800078 0
1.00625499063183 -0.6269508067095597 0
1.282386518560013 0.51557030526345 0
1.703173336363793 1.517996419622434 0
1.665103923072628 1.505610319476666 0
1.65685583331704 1.466554365867373 0
1.618537999291317 1.454845775858181 0
1.649010653727766 1.428860060472032 0
2.565607742043945 0.4542165216120934 0
2.54787019825176 -0.1241922450581316 0
1.320076487227162 -0.3068013913707878 0
1.028786952906065 0.6500448563393977 0
0.120903808317792 -0.2942589932904399 0
0.09179323334713219 -0.2652578669257074 0
2.091491219332138 -1.134982687100302 0
2.157449681298649 -1.146657261237151 0
1.260949084199482 0.5812834269019429 0
0.6170485733853377 0.3699589370889056 0
0.5791333022032276 0.3575718869835717 0
1.539907629745723 1.070916525725985 0
2.282117209130351 0.4384914027748489 0
1.461156588814509 0.8639035162223317 0
1.490706843778004 0.8373810135086819 0
1.498639569728331 0.8764017187942242 0
1.5281318986287 0.8481600614363196 0
1.519966591613512 0.8097565361888615 0
1.983847242070835 1.347965234627605 0
2.16507643643161 -1.109745725108167 0
2.201248032654132 -1.135404084073111 0
1.808961148877965 1.514480252065593 0
1.846790528127243 1.525235981413588 0
1.854374737863867 1.567087552094566 0
1.888828767061136 1.53444068202311 0
1.969326327932301 0.4439468198743839 0
2.006854576258089 0.4561667946889452 0
0.6634327854340535 -0.7335073306465896 0
0.6719730048448946 -0.6952691282060492 0
2.33153392757704 -0.1592216701489488 0
2.323398321732438 -0.1977733704113544 0
0.655473227406282 -0.7723550964458576 0
1.374483755137655 -1.046345308232515 0
1.777967687473494 -1.542105497065359 0
2.156744829752155 0.5053716588763023 0
0.4872102388410385 -0.900137403633405 0
0.5169072234307266 -0.9267303191578075 0
1.294089393493988 -0.09612500138677288 0
1.323353241839701 -0.1233496784988979 0
2.135537463191993 0.5702421759650514 0
1.2445789634338 -0.3315487448125479 0
1.976393862641065 -1.352633879511818 0
2.00540908304794 -1.3768223171839 0
1.999856708684486 -1.419590080505885 0
0.7076095102653601 0.7996578183364171 0
0.7158756654939512 0.8387279583619605 0
0.7290338285945575 0.7339277919469481 0
0.8329274530004738 1.058948204257144 0
2.20521970676864 1.058563526548689 0
2.520171205304011 -0.4203208549028426 0
0.4606100763530833 -0.6901842484798911 0
2.067035126631274 0.9070278542314727 0
1.588927260610388 1.481091407130982 0
1.580704765829553 1.443976214759924 0
1.901166991926572 -0.04619125582270385 0
1.395219069910547 1.385766589988973 0
1.386772601317354 1.345807157388149 0
2.065141293966657 1.228300964138457 0
1.589566451645164 -1.481190726783934 0
1.580828115206693 -1.444634851641832 0
1.540281765744237 -1.426569602462389 0
1.511945030803596 -1.457520365201509 0
1.589519806974014 1.305132203029931 0
1.626522819888622 1.315696008276096 0
0.7225461067653461 0.368128568908679 0
0.6928623615001089 0.3948476125710866 0
0.7522321132127752 0.3415465359295741 0
2.096384091545846 0.8806394691412113 0
2.125798978495851 0.8543508384503192 0
2.117688198784663 0.8155612679211567 0
2.163266654486522 0.8668257099240175 0
2.080144754286723 0.8033639843299156 0
2.474674014668192 -0.4710522217709332 0
1.935542991711948 1.440089829075653 0
1.937114435019572 1.479379598687382 0
0.5873412852513386 0.3966586994903761 0
1.393926779632723 0.8782802808410923 0
1.947970003401178 1.335475017122072 0
1.925705136242983 -1.261538684978592 0
1.831109707144296 -0.2136394106312626 0
1.860552326665052 -0.2399690319873153 0
1.868665985088979 -0.2013241171059516 0
1.898100909066614 -0.2276677557961981 0
1.90628894531624 -0.1888212618600813 0
1.935693150131685 -0.2151487236742655 0
1.512794761454341 1.456484343988435 0
0.3302633082642124 -0.8057480689254573 0
0.4121161829130223 0.739385180053525 0
0.953001235712895 0.6253235637368092 0
0.4287384391176046 0.8179242450630365 0
2.408015489046159 -0.4569296685949456 0
2.399891807508535 -0.4954675767311466 0
0.9403951666204327 -0.1041092844180726 0
0.9480533865752434 -0.06472035130007589 0
2.029419548111011 -1.262688301313725 0
2.058319773864546 -1.291152231854033 0
1.209490527116841 -0.991410661713052 0
1.201438362942834 -1.030250748153065 0
2.071967993834682 0.7647643569772613 0
0.4666515539725243 0.8301796020169309 0
1.449668779700034 0.6431379673060649 0
1.487469988227146 0.6554616418543689 0
1.478940797758416 0.6154037569193058 0
1.998817659007714 1.244097520941779 0
1.361244551637507 -0.9419049955060418 0
1.369477541510461 -0.9030717847653518 0
1.407417013326359 -0.8908880893402065 0
1.162419993268734 -0.7188599403321279 0
1.20025167940679 -0.7064854990411567 0
1.264646311779401 -0.06958391626597221 0
1.757051717169427 -1.065792306569294 0
1.998691132310946 0.417516414041919 0
0.6068602622062114 0.6575340803995868 0
1.086592846443558 0.9232797611409099 0
1.124413354431963 0.9353937733614319 0
1.702221377963926 1.010548831924936 0
1.731722916585752 0.9843027246305935 0
1.723578125303329 0.9455735596774932 0
1.761217353584529 0.9579153155397865 0
1.753082628233431 0.919160943445462 0
1.790293604155719 0.9310403630431774 0
1.799063975913814 0.9678470314356933 0
1.782510085391529 0.8926895639568775 0
1.7453257558604 0.879498642594348 0
1.820068361632303 0.9030814746606461 0
1.812282502864848 0.8631367852937668 0
1.740953495962177 1.021415902619599 0
1.685935152535619 0.9332186059463331 0
0.6174821280520957 -0.7846892581710133 0
1.751170612271077 1.243574535556955 0
1.78937197958461 1.254188415634493 0
1.743025729542323 1.204485577975519 0
1.772657493363923 1.177492887315251 0
1.894226606412719 0.4193625433206655 0
1.471595047081982 -1.087077690017068 0
2.340706792948954 0.3860474342363054 0
2.032847135663717 1.075431260261061 0
2.003516377044764 1.101822595417286 0
1.602265285161129 1.198499076891533 0
1.963169847145373 -1.249170355005881 0
2.166375560990112 1.046818391332228 0
2.837368240222147 -0.06528621277841358 0
1.01726887669159 0.4284900555782 0
1.046909311959424 0.4019501067352971 0
1.084791907560867 0.4144114275720432 0
1.038722563755092 0.3629864870438495 0
1.068323774096415 0.3363722089884225 0
1.931775857793858 0.4316503151363558 0
1.316664521979135 1.179504038953798 0
1.34634486316972 1.152878568171556 0
1.384227005848509 1.16524274205526 0
1.37597914749066 1.126271672047811 0
1.413815978226134 1.138506498480461 0
1.367683770436596 1.08726755246384 0
0.9612991062799946 0.6643879885842052 0
0.915162624944442 0.6129655683682558 0
1.658220778841186 -0.7014896908826016 0
1.69592114404002 -0.6890220369145899 0
1.7254274400785 -0.7153036131048758 0
1.66638116250595 -0.6627448349782831 0
1.704155700476687 -0.6499904814028948 0
1.674630803736652 -0.6237737893286741 0
1.645097867227724 -0.5974966696272905 0
1.682767951222184 -0.5847864836445067 0
1.628707746413896 -0.6750429018508447 0
1.229883449761082 -0.7330511860013488 0
1.238066623643308 -0.694104700029889 0
1.208423023055478 -0.6675076939652211 0
1.246232450159503 -0.6551187331783749 0
1.267696839115488 -0.7206667638255551 0
1.29732448400731 -0.7472523955156609 0
1.305505424866575 -0.7082888705533735 0
1.609265452761311 -0.9331943086385073 0
1.646964907103915 -0.9208015323951649 0
1.655164717381801 -0.882187833094476 0
1.487915057999136 -1.009210439636911 0
1.489444280113255 1.163211825965496 0
0.6365741269999841 0.6308612776444756 0
0.6283877087953164 0.5918497708181016 0
2.078466509525764 1.12625665080162 0
2.296850016818427 0.8365779328601942 0
2.333902757785171 0.8501582684606499 0
2.342006147001419 0.8886108685230002 0
2.309967242609295 0.9128342981049573 0
1.669593461653345 0.855420650180885 0
1.69949903248476 0.8273046939133384 0
1.738635234314865 0.8370982774750549 0
1.707713937092766 0.8667573570427971 0
0.4157383654063307 0.08663353227330639 0
2.124861735379516 -0.4757249504871552 0
2.162614717446456 -0.4639133297634459 0
2.191990041015027 -0.4911226143858081 0
2.307143811306289 -0.2748154045298344 0
2.719220438907098 0.3628017787569158 0
0.4242690025431237 0.1251923360619864 0
1.537901786110368 -0.2716458661333413 0
1.575879326769491 -0.2596799720165665 0
2.115705835546468 -1.019268383137068 0
2.024752019039942 -1.120965571131664 0
0.5974637767852147 0.1091601100398291 0
2.060019044211568 -0.7861269204398524 0
0.6769249879626443 -0.8380614801397342 0
1.904255178693404 0.1347094101734678 0
0.4912326834077828 0.9471933827469878 0
2.131867648742747 -0.9422088085033948 0
2.169267934362896 -0.9299513821048002 0
1.336622878904332 -1.058699884693613 0
1.328427532250419 -1.097684866371375 0
1.469386426874717 0.9029975218829169 0
1.636601816219815 0.6996645286124268 0
1.666398252238346 0.6710046676814698 0
2.557507471831483 0.4157797600055223 0
1.139044133822049 -1.159774619721942 0
1.724577970907012 0.1117282925518623 0
2.140491721815746 0.4280181566397248 0
0.9308008097407376 -0.6517038694490702 0
0.9597116094371561 -0.6781032675619043 0
1.092178053285552 -1.322618835281371 0
1.411957234994144 0.6307820681685314 0
2.396734970365555 -0.6756999683341851 0
2.434086562005908 -0.6634778298822039 0
2.442197071956665 -0.6249949687569507 0
2.471433685882635 -0.6512604435570705 0
2.461441741342949 -0.6893081386167932 0
2.500083325494995 -0.6791429207435526 0
2.505911741257788 -0.6387107725943049 0
2.425676720089021 -0.7018668232577654 0
2.452754264951178 -0.7272050420879675 0
2.416926388626798 -0.7387094076130076 0
2.380183504534241 -0.7520255916579944 0
1.789389129775275 -0.9110102445224362 0
1.818938004002163 -0.9372195012174969 0
1.596235704262651 0.5063687122735145 0
1.625689522650927 0.4799838918179826 0
1.617476153235336 0.4412384853417926 0
1.655174699813804 0.4535603483133008 0
1.66373604936578 0.4909910935872734 0
1.579888662292757 0.4288838322896628 0
1.609321719615495 0.4024718972160449 0
1.571757781396721 0.390004156377335 0
1.601393636359518 0.3626231598368855 0
1.638997485769971 0.3749455531073885 0
1.668839571615004 0.3468533059633803 0
2.220341269511996 0.3102759534508296 0
2.249752282542002 0.2833138601994019 0
2.316487287770412 0.268645684995158 0
2.383044637930086 0.2538829059444617 0
1.552218969137333 1.292652960899552 0
0.2774627363554536 -0.06862983655373658 0
0.3149940045929179 -0.05610176892524003 0
1.018438566055257 1.296547576403111 0
1.012928061001982 1.259392516376101 0
1.323090439825847 1.394463074234143 0
1.355561416771964 1.370119210107395 0
1.316915616145598 1.356571562196618 0
1.285988460756579 1.382998145982815 0
1.320778466883715 -1.395814806275669 0
2.541302019025534 0.3389022653882165 0
1.275865029749413 -0.6816948298618239 0
1.902096432947136 -0.8739278165214502 0
2.171584637852137 0.07891931231921445 0
2.209120669357926 0.09116997774988035 0
1.392474005684361 1.204248016983303 0
1.770316183060338 -1.169844121768924 0
1.482189411750327 0.798396307070958 0
1.826960429040789 -0.8986196918963145 0
2.155345848832642 0.001746824048352416 0
2.192888130874218 0.0139960010362209 0
0.3367375480649846 -0.4395628849016551 0
0.3747095707896473 -0.4271769670646077 0
0.4049068217594063 -0.454196113782556 0
0.3835894490193487 -0.3891573970032872 0
0.3963061736469334 -0.4929362290425428 0
0.4347006655527337 -0.4815588102769082 0
0.4132000729157952 -0.4152626137160787 0
0.4258034181241307 -0.5200438612102964 0
2.187895796195155 0.1560606892269333 0
2.225538536903422 0.167587236247237 0
1.597277474732141 -0.3245768781800787 0
1.121078747313822 0.7530302566023068 0
1.129297412274112 0.7920076532677491 0
1.167160529069348 0.8043164291642879 0
1.158931975797274 0.7653988648340919 0
1.196769045629868 0.7776937583700785 0
1.517526943107257 -1.03575454819426 0
2.544419838055111 0.5189460382233798 0
2.581705195215434 0.5291399947148537 0
2.573693985032318 0.4923096601492805 0
2.528271255793404 0.4421167162287284 0
2.069242816286989 -0.242218234818492 0
2.106786550029018 -0.2303317059382584 0
2.114830306857955 -0.1912753146983615 0
2.144256621204294 -0.2182859253408362 0
2.09879724428165 -0.2698736901526745 0
1.168796092387715 -1.186436259984852 0
1.206695029202085 -1.173993269301023 0
1.277348566090472 0.6591040758881228 0
1.819731418793434 -0.4318029561492878 0
1.52330999106712 0.9932552598911164 0
1.560589789586654 1.004135276945845 0
0.809774319925588 0.6148858804676849 0
0.8394482432715642 0.5882396534512229 0
0.8015552149703995 0.575856053681291 0
0.8312476428855002 0.5492355714977695 0
0.8691210932553399 0.5615737008731172 0
0.8230281449021111 0.5102127092581223 0
2.139102482557401 -0.07542852145873848 0
2.176652808078523 -0.06317855749614434 0
2.024928909173945 0.2102166240949864 0
2.033058317722865 0.2488372281289839 0
2.003697402008819 0.2751615289814851 0
2.041198900929901 0.287437223929634 0
2.054311474604925 0.1839578623861855 0
1.25275413188975 0.5422741616897181 0
1.231277411408663 0.6077835090520334 0
1.717230476973968 -0.7543329123276254 0
1.754852347414246 -0.7416676477462701 0
1.784297882029859 -0.7681768152408823 0
2.524939659709544 -0.5618362464947819 0
2.559025819453816 -0.5906888282719793 0
2.516904737428178 -0.6005249477733146 0
2.479068923431563 -0.6127169331792688 0
2.676128098360156 -0.01066125207668076 0
2.359127784354303 0.1369464703035295 0
2.388454718286144 0.1106011946847783 0
2.380292035172962 0.07209709594833587 0
2.417762225356689 0.08408660171534771 0
2.396670872135783 0.148910366397417 0
1.656222355380857 -0.3774736205373791 0
1.876816227907091 -0.1625743297843806 0
1.914494733991023 -0.1497108478325156 0
1.465820705894616 0.7208794652369032 0
1.503209913090539 0.7319609190776043 0
1.018510170380431 -1.295136373267931 0
1.02230114220597 0.2850935201778527 0
1.992439563612165 0.05570511574598484 0
2.021841858897748 0.02948501667307306 0
1.326801361843496 0.05946369273971849 0
1.364469878533461 0.07106822802082152 0
1.372854056204174 0.1106202957605966 0
1.343165861596168 0.1371573874744679 0
1.351312981502891 0.1760179236244718 0
1.388976776221964 0.1875755295392934 0
1.397356524863017 0.2271731022755634 0
2.695541424660397 0.2461004169662029 0
2.103979262326753 -0.4112436632452008 0
2.133381679546882 -0.4376930676037779 0
1.209016246561071 -1.358055713435574 0
1.238393681842496 -1.330318092720463 0
1.170146134257108 -1.336974391643397 0
1.770632040598964 0.9945625850309915 0
1.014945946304608 -0.909631959904357 0
1.023561837216638 -0.8711065462915903 0
2.326626763909688 -0.0171747964555302 0
2.355915986239645 -0.04348731745898683 0
2.347809777718637 -0.0820628815836599 0
2.385222807245478 -0.06991037440809035 0
2.364039525408971 -0.004964058581862101 0
2.372161227687064 0.03356029683141473 0
2.401469102084911 0.007264170462965773 0
1.85726177433651 -0.4195169123099343 0
1.886725905218945 -0.4458415626519848 0
1.849200774032672 -0.4581427480750254 0
1.924252262745943 -0.4335147244343483 0
1.966157018504163 0.2629090215430019 0
1.620765790848373 0.6217990849427562 0
1.07162464282259 0.5189440810816504 0
1.101261174908492 0.492371841392276 0
1.367667639370278 0.2537079015488217 0
1.375813686591338 0.2925568359882148 0
1.413471047309665 0.3040602982434724 0
1.421868540002645 0.3436864356074005 0
1.392178032043843 0.3702250008673258 0
1.400285402363853 0.4089166003778311 0
0.5677638524388844 0.1357546857513618 0
0.6353775836977089 0.1216651634563609 0
0.6435840924516135 0.1605732164483634 0
0.6814905949090591 0.1729960747287344 0
0.6896861359509494 0.2120406346698879 0
0.719436810848282 0.1855855764614903 0
1.522820158114499 0.1571720920318536 0
1.552395832797536 0.1304850033746403 0
1.530978725702096 0.1961214101504452 0
1.568865410408151 0.2076967801074588 0
1.356127457152246 0.8659220711430822 0
2.015534734849436 -0.3317913529152979 0
2.045137978061111 -0.3584782606040645 0
1.634614682824949 0.5175952300858431 0
1.55555017146601 0.3117156511670932 0
2.512036157666543 0.3652056076737448 0
0.4903306267162851 -0.7169137222943451 0
1.339705630919644 0.7881038739397909 0
2.341359066560767 -0.4429121851262053 0
2.333237298122965 -0.4814309120726415 0
2.305798786057758 -0.7773723748715542 0
1.69510552688547 0.1380966486976421 0
2.279609981165388 -0.5706996290428216 0
1.86482270104986 0.4457632505908316 0
0.853356953730367 -0.3513281546567089 0
0.8912145552827426 -0.3389421360215522 0
0.9208562639689533 -0.3654854784709927 0
0.929040924857152 -0.326505555405817 0
0.8993934386778566 -0.2999497936581176 0
0.937238756424404 -0.2875583970442274 0
1.436897762574869 -0.9172604741545133 0
2.682387294454948 0.3494289513716009 0
2.070310623242535 1.087647573990745 0
0.794009499005605 -0.2981277928121966 0
0.8022006290446592 -0.2591379155186683 0
0.7725272170598481 -0.2325415886009325 0
0.8103917113400768 -0.2201423987961972 0
0.8400589602134727 -0.2467365718141857 0
0.7807228067934152 -0.19354734315955 0
0.8482422333057649 -0.2077377014821103 0
0.8779109276236109 -0.2343181668747187 0
0.8697204790851483 -0.2733050528447032 0
1.211794204434107 0.3477568805005363 0
1.249610116473756 0.3599211189079581 0
1.20360943931594 0.3088680797426255 0
1.233206958799969 0.2823189153174632 0
1.225034734451315 0.2434712007927142 0
1.187263179380427 0.2310802997962203 0
1.179080520360268 0.1921722906093653 0
1.208676348547807 0.1656281175696694 0
1.200495880198454 0.1267604007481137 0
1.162722891111855 0.1143784677834376 0
1.154542158518835 0.07546890015179802 0
1.184141297803937 0.04894003161330801 0
0.9720051148335669 -0.4576770180759309 0
1.009862558534748 -0.445302363619999 0
2.603015978815551 -0.3573336479470424 0
2.631849504023647 -0.3835236339273539 0
2.669031594411447 -0.3708941760315959 0
2.594764930871548 -0.3958070239812465 0
2.557478105814866 -0.4081238445499603 0
0.7999389209619601 0.9025967677934196 0
0.4226585961433366 -0.7026548281899062 0
1.17266275042397 1.346802565779439 0
2.395004025820429 -0.3536792684338924 0
2.567264435492333 0.1325939772211844 0
2.57538269237397 0.1710598028916457 0
2.114311242248385 0.6349597466817201 0
2.008680058562393 0.1329709967005326 0
2.038075595022673 0.106730408796694 0
0.8709114030570926 0.2354106481431076 0
0.86289568733834 0.1965424651849796 0
0.9008747968155255 0.2091042438231335 0
2.542926230040524 0.01727935587063972 0
1.801659948127329 -0.1872404644553525 0
0.9137520439318979 0.9398287847125589 0
2.412938730645642 -0.5987494167671494 0
2.085472494961555 -0.1649451546234141 0
0.8873096057206883 0.3133539752633488 0
1.85045302559697 0.04502097738487516 0
1.497820214587975 1.202358957763046 0
1.073501711182921 1.02813865910001 0
1.182257334082634 -0.4603670342251413 0
2.422815483074261 0.7656471406112413 0
1.747842569424195 -0.276863482477088 0
0.8464737166723932 0.1187019062841345 0
0.987637665557316 0.4550818879044168 0
0.7061085691790647 0.2900911365810182 0
0.7358172098744534 0.2635995433099124 0
1.127556717232412 -0.5490633195092586 0
1.097765164580952 -0.5235524789066254 0
1.744638085846593 -0.4563962871446212 0
1.459993300324292 -1.306751199542222 0
2.310375363928733 -0.094255735854225 0
2.339694699733136 -0.1205688897339294 0
0.6860405477795144 0.8653522512837141 0
2.456809634280521 -0.2258868087705699 0
2.448648320470888 -0.2644617531731376 0
2.486095951087937 -0.2521080175893593 0
0.9126815591682207 -0.4045044993587326 0
1.241116051344302 -0.5117079059322625 0
0.5247707104226393 0.2671306165929017 0
0.5627053545596221 0.2795157613103041 0
0.5544817836181833 0.2404751317824128 0
0.2987955387399768 -0.4519025314798032 0
0.9646613873975379 0.01260796999443462 0
0.7032810915499412 -1.047643489935186 0
1.426822810471383 -0.6319166874715729 0
1.456420642930379 -0.6584796597315643 0
1.486095926681477 -0.6849680732726366 0
1.028376347818059 -1.014154831823657 0
1.976218157267533 -0.02148503405076218 0
0.7911048266226688 -0.8014006822986787 0
0.7997444552499712 -0.7631063457346299 0
1.834198620446081 -0.03236611659248686 0
1.669376409996921 -0.4810706525260119 0
0.7189786170404587 1.021705096616333 0
0.4880865840699867 -0.0670873548519898 0
0.4850897267170278 -0.5732715579988151 0
0.4937375148241859 -0.5351851032287366 0
1.354475297302855 -0.474751578090328 0
0.2922497450024727 -0.8181327590236972 0
2.494914931853707 0.6101344227654109 0
2.50741030336748 0.6503791457272672 0
2.511788753473781 0.6901211113267156 0
2.477057849662478 0.6791281017386361 0
2.34287461212237 0.05989485866011743 0
2.60462972152742 0.1448293996090696 0
0.8336548316188642 -0.9323299412117503 0
0.8714321168581767 -0.9201878948337475 0
0.8633548864579534 -0.9590358557901402 0
0.8615420413009219 -0.3123361132947882 0
2.677698730837702 -0.3329231725894513 0
2.705682515345861 -0.3570599023295121 0
0.8513215944049637 -0.02509735839458233 0
0.8808999887719492 -0.05160190225669167 0
1.352827525807259 -0.1508309097987252 0
0.3368519262769122 -0.1202201627603921 0
0.6040226508508751 -0.6800996335209329 0
0.5742555513123855 -0.6534289559581694 0
0.6125969830736095 -0.6419567904159662 0
0.5364912623595435 -0.6654698908633256 0
1.277255967677972 -0.1749792824420803 0
1.351186301013133 1.009329308837558 0
1.389009692508828 1.021667799367186 0
0.3907290384021339 0.805395183065891 0
2.760450054886141 -0.2701191668959087 0
2.789125309402357 -0.2946480960261597 0
2.783753033737776 -0.3388660054625268 0
2.739163990942185 -0.2051134906605731 0
1.022596631524967 -0.5494778237325745 0
0.4715850573575492 -0.1451375467616044 0
0.5013084012270007 -0.171797659127377 0
0.547413246779839 0.7108501688699157 0
0.8282709809630348 1.233520441882895 0
0.8229269037892825 1.196407601386556 0
0.8606570237829474 1.209487832028628 0
0.8381332883696737 0.07953134877818199 0
0.8764225639174281 0.09260299482214429 0
1.170595257782525 -0.6798756961691663 0
1.197372594450207 -0.0554002903134252 0
2.848910853687583 -0.1670439574765609 0
2.884801942198005 -0.1516199015609031 0
0.5904645739800065 0.5794277295863899 0
0.7310442387771504 -0.748259224905334 0
2.18861005704866 -0.6722093062865724 0
0.3084916051968166 0.4147648343544958 0
0.3382329093561834 0.3880912755977007 0
0.316742380935795 0.4537898374874456 0
0.330003475950915 0.3489972139185678 0
0.3679645964067257 0.3614140326822076 0
0.3761920048418622 0.4004634916004329 0
0.3597329628818032 0.3223110218989483 0
0.3976893297261959 0.334717547581087 0
0.2920304742344452 0.3365695113385386 0
2.804322353920662 0.1026702826274273 0
2.75398117987989 0.1936272449648067 0
1.131238886883866 -0.3686605503055317 0
1.139414481268238 -0.3297256721036463 0
2.234101603658354 -0.6214513550658971 0
0.7131610123301644 -0.1793084889701729 0
0.2245301694216245 -0.8038230240314783 0
0.2625015104219481 -0.7914145270671953 0
0.2707476122418692 -0.7522912860730436 0
2.800819066657068 -0.07721288060705335 0
0.4112317297787432 -0.9249339973037376 0
0.4195043436531098 -0.885861310444634 0
0.3815037696860755 -0.8982533289636787 0
1.22007114660815 -0.4480888538149956 0
0.3400208771426427 0.0611386797980969 0
0.369075550488011 0.03504287069184445 0
2.775077096899107 0.1288946287407633 0
1.413587421561955 -0.5277144127432877 0
1.071382348883748 -1.145556269434523 0
2.115894146663431 1.138388726592584 0
1.231176263398995 -1.056867784305108 0
2.176216729030095 0.7627710076816584 0
2.146962581110667 0.7891291093719289 0
2.235920390073772 -0.9435849635733744 0
2.262130996286622 -1.007875719733462 0
1.69198974696719 -0.0429094338339427 0
0.8269613554025275 -1.234129931994278 0
0.7428563588654069 -0.2059428394942788 0
0.7510412558333838 -0.1669274289598413 0
0.7889113011693777 -0.1545256666544258 0
1.143466776357991 1.195552886278534 0
0.4759343097635689 0.03593953828082831 0
0.3464683323391501 0.4271261419985121 0
0.83187583569752 -0.285742401272838 0
1.295592038071273 -0.4231318022852349 0
0.3120184011661812 -0.556771815695872 0
0.508683284467901 -0.9658477671618133 0
2.101290952528663 0.7384023255171834 0
0.507844695814291 1.02530612340407 0
1.772209514373828 -0.1608390426369381 0
0.9683933132339289 0.1949853601798609 0
1.165412948041751 -0.5367961524341122 0
0.2527206415738514 -0.1858055798397154 0
0.2821148401977462 -0.2115261134192627 0
2.032820286569015 -1.082375401125185 0
0.8630078336826996 -0.6358148809778009 0
0.832970678894393 -0.6087246189524724 0
0.706015022688208 -0.5412119009637792 0
0.7142319654050802 -0.5021864031606958 0
0.6845483059873567 -0.4755525655522929 0
0.7439158770465526 -0.5288157837938831 0
0.7528151726529321 -0.4904789047850612 0
0.7826026086564684 -0.517207194353495 0
0.7737292063135658 -0.5555673458657368 0
0.812313983711173 -0.5438575581787187 0
0.6466400869026429 -0.487940266013673 0
0.6548647827994758 -0.4489161213173428 0
0.6934632615371952 -0.4372323243552705 0
0.6636863342040955 -0.4109495386788853 0
0.6250516183905162 -0.4226759845413753 0
0.8032750812567424 -0.5820450430943476 0
0.8419697919521714 -0.5704590441969823 0
0.8713668922629974 -0.5969062394062052 0
0.7233679238331052 -0.464088024841058 0
0.8608842516452548 0.5225494393876247 0
0.9044519235374548 1.260827856039352 0
0.7357324367932749 -0.5678414305116146 0
0.2856529700161112 -0.02950633192924468 0
0.3527840248679284 -0.04229407529937818 0
0.5771394705242506 0.6841877144308706 0
1.882951680987127 0.19968695372757 0
1.221786344067113 -1.285777694312119 0
1.13924716150878 0.5049590811744504 0
0.7950791662016844 -0.6210718295756013 0
2.070552583675841 0.2611778745584233 0
0.4820939195655214 -0.7560443316320781 0
1.278894714996867 -0.4993488031296002 0
1.140954648891755 -0.653275923502584 0
1.851047098852194 -0.7818348363747428 0
0.5277010346383074 -0.381478325597636 0
0.5573077487983259 -0.4082422438245945 0
0.5950813248112268 -0.3965026067523588 0
1.216581166224491 -0.6285122428454329 0
1.543217958442232 -0.4142023230093756 0
1.029201327864466 -0.1844913089602693 0
1.067249443333352 -0.171751332798138 0
1.097955700229755 -0.1975774209492569 0
1.089356483703842 -0.2367051020557333 0
1.000045828880449 -0.1572452385833602 0
0.3334887994489121 -0.6225721417657744 0
0.3632099384846427 -0.6492617359543238 0
0.4011787371634242 -0.6368413073573105 0
1.124575471059931 -0.7312299646224739 0
0.03463954809802952 -0.1400004089416116 0
0.06927638208201201 -0.1600000411653956 0
0.06912225535928392 -0.1997236689878668 0
0.1054518458965977 -0.1780770080765036 0
0.1030877177681116 -0.1396867749371724 0
0.1385374690723125 -0.1600028091566273 0
0.06913998206540643 -0.1199531378143439 0
0.06926113243185807 -0.08000626377582541 0
0.1022845832652602 -0.0999139705350674 0
0.1034816822961735 -0.06025267360196856 0
0.06922167312997854 -0.04006072878753809 0
0.1042660602564959 -0.02075450457959037 0
0.1418637110795429 0.001373475313622048 0
0.06875132759849557 -0.002049556365230775 0
0.03468132112018242 -0.02001334915931488 0
0.03362497705587553 -0.2192386388862065 0
1.019749342786766 0.10381885557974 0
0.7519826986748861 1.209472360877119 0
0.7462370104865701 1.171779144819481 0
0.7093001577337242 1.159455218621139 0
0.6765265599740095 1.184972856904337 0
0.6380571866297534 1.172643565830712 0
0.6320880482294575 1.134640215236695 0
1.037113014826939 0.6892284625152644 0
1.206801789543546 -0.3439066306013332 0
1.226944375490903 -0.08194059849628721 0
0.8809371870436876 0.7836845139928271 0
1.282330744870723 -0.3191742656287998 0
1.328203355991537 -0.2678670281383527 0
1.133854846846722 -1.015942321260941 0
1.445178880967868 -0.8784395425689404 0
1.482924857465137 -0.8661728409330944 0
1.453555900351225 -0.8399998432229521 0
0.7516443608207025 -1.208798706441182 0
0.7832222745797135 -1.184718705358472 0
1.826054367513742 -0.07109375923284864 0
2.092400091338365 -0.6314799032161899 0
2.054731180474647 -0.6426843798056704 0
2.344561828525324 -0.2626106363680208 0
0.6631693641992967 0.4215013979886809 0
0.6429896309061206 0.9968390249119704 0
2.450219458180004 -0.5865153141828624 0
0.2395274195514421 -0.08105807258341481 0
0.3647892275278735 0.178383361481228 0
0.03463412753414504 -0.06001390244801164 0
2.52828665464714 -0.381793390378237 0
1.343203085057299 -0.6956977784959751 0
2.672855647345533 -0.1909107940230135 0
0.2172652451327514 0.8215892540504891 0
0.2090413077065625 0.7824772928692298 0
0.1710367353889423 0.7700423581361974 0
0.4930148230115609 0.6202724991154192 0
0.4633015697563456 0.6469537987798406 0
0.4254188234271831 0.6345987391802569 0
2.424277420812071 -0.3799505328283533 0
0.03464143683193822 -0.860001265041042 0
0.06928061642323406 -0.8800011418365888 0
0.06928001767228259 -0.9199973363522262 0
0.1044465922324908 -0.8980118926061419 0
0.1029711635011145 -0.937870563065998 0
0.06707808290197612 -0.9561023236519808 0
0.1044102248961952 -0.8585455577474084 0
0.1385538385346329 -0.9199964321671913 0
0.1401323531317087 -0.9651556244944645 0
0.06936336174495028 -0.8397613507181705 0
0.06877236488291985 -0.800878398234886 0
0.03456057620269155 -0.7801497004320159 0
0.06824520866749841 -0.760580207141608 0
0.0347025611395121 -0.7398494579930404 0
0.07045821057541023 -0.7174903429542994 0
0.03702150244788288 -0.6600000000009431 0
0.1039198255428302 -0.820010631698779 0
0.2552634751288372 0.8340197257514462 0
0.2410072437693611 -0.7255922742951654 0
0.03282646729839168 0.8601513990651793 0
0.06860283766825023 0.8405610703530151 0
0.1633845083316131 -0.4232513007368918 0
0.03490111203698869 0.6598657411018571 0
0.06893375438161783 0.6393025081668342 0
0.06796555694611259 0.5999397991003613 0
0.1063967996082566 0.6178653496939005 0
0.1017259131690699 0.6612152507862923 0
0.03399847451674868 0.5800478753632247 0
0.818580255904844 -0.1811267766844554 0
0.6058232121289012 -1.006661618543982 0
0.03243275778727504 0.9382086770035168 0
0.03488933636511811 0.4619120087493763 0
0.03464062728460066 0.4999988020494085 0
0.03412576922189853 0.7428240008522863 0
0.03463996867629941 -0.9399981857202793 0
0.5614672434397252 -1.145292420902689 0
0.5241274817138908 -1.134196031729926 0
1.002832146057721 0.8598376550254785 0
2.747512230499916 -0.1663408251149403 0
1.921447073069968 -0.6151416627176811 0
1.95928115631002 -0.6024841986431345 0
3.016579944664556 0.02813264355191144 0
2.92223253760348 0.1580285353215448 0
2.855993993767142 -0.2479385042516822 0
2.734040555393874 -0.4115965623822996 0
0.4483611189731208 -1.111546899496731 0
0.371921474972261 1.085925395051533 0
0.4053749668589649 1.061798393431803 0
0.3337627272491314 1.073613242883728 0
0.3280416565071382 1.035618917196151 0
2.808995774707519 -0.03882025791723361 0
0.3719077412472037 -1.084979809892573 0
0.4035441202982776 -1.058821121111831 0
0.3632572885945395 -1.048637832284569 0
0.3256863723414414 -1.033171289946835 0
0.2959591124286804 -1.059984287738775 0
0.2894463883289438 -1.022364861339642 0
0.6092324393640218 -0.8237493725422299 0
0.8955189534390058 0.3523660702607819 0
0.2207378617409176 -1.034733087367659 0
0.1438263944992184 -1.010395053894156 0
0.2200384965607764 1.03798596872422 0
0.1435095130120783 1.011368479010292 0
0.1756277292668904 0.9871991167573355 0
1.690054427849467 0.2807243146979881 0
1.936748844152563 0.2892884801557907 0
0.2490182419945778 0.4680680455923716 0
2.601549718489748 0.599784726242402 0
0.06886693443040823 0.9880450419565558 0
0.7010754299686675 0.4339726733345349 0
2.601151442822048 -0.5987523959943812 0
1.703239034934701 0.1768246447563867 0
0.5282865444231682 -0.7045278636337111 0
2.011802452849313 0.313798739177329 0
1.357888207739866 0.5405370169362883 0
2.17933198980851 0.943856454871159 0
1.768951481912736 -0.3403782440494456 0
1.776164806178386 -0.8071678321234617 0
1.919220504890318 -0.2913543022067705 0
1.982203835112571 -0.9912128410057615 0
0.721352141741521 -0.1403001629430479 0
0.5803153984575216 0.8671572889061521 0
1.977046882115225 -0.8493400544635805 0
0.736314011259795 -0.8913854068723883 0
1.693789300725737 -0.3650545070680801 0
0.1913735752386143 0.1944567590885609 0
0.2293852889019491 0.2068731756102104 0
2.087384364388749 -0.4879034592425622 0
0.9310422420944073 -0.973264575866456 0
1.846142963721902 -0.6389706900095723 0
0.2839970368541203 -0.8572515885082004 0
1.844091576502928 -0.3158082122897572 0
2.659914379992898 -0.08753099792294683 0
1.991158483581972 -0.4475341451957702 0
1.932336767793043 -0.3948869809846621 0
0.797091777444517 -0.1154906943786684 0
0.6549566982543357 0.3823806354732369 0
0.6169357161277125 -0.4613506526205104 0
0.3103748373500552 0.08777442231162325 0
0.4406858583552976 0.2032398725850833 0
2.033908808764162 -0.5773460090989715 0
0.4767062593145791 0.5423284506892354 0
1.066277411141741 -1.001727134365531 0
2.477920455985111 -0.2907138993066566 0
0.3331389170923789 0.5318317066985803 0
2.862757873717797 0.05015718129183717 0
0.3097323631555117 0.9246813929290623 0
0.7850896732841428 0.4978039378481766 0
0.2559328727242597 -0.002852591463505295 0
1.990571280287587 1.205402026419407 0
1.845688168929217 1.014702665932097 0
0.1369159551874087 0.1037721053231033 0
1.733970873368142 0.6552162459389632 0
1.362988229155764 -1.266119339850329 0
2.578163256018864 -0.6300499189147408 0
0.1648282864351706 0.404164073171061 0
1.22170163691124 -0.772010399414692 0
0.5118143783190409 -0.7827442945972442 0
0.6448040358753886 0.6699634830150405 0
2.046867641858035 -0.6823092911720579 0
1.01932777696774 -0.7298361502762707 0
1.484120535172142 -0.3613491155047074 0
1.841895361464937 0.8341864700007351 0
2.586633744872831 -0.4343852872981989 0
0.5853640751146227 0.723270620948842 0
0.2037530258492929 0.9250544778448445 0
1.913706518031172 0.6771372589611975 0
0.8860721702832164 -0.1952497764708088 0
0.5361523452722115 0.489041342976082 0
2.5526960272136 -0.2661683500105927 0
2.627395747880098 -0.24174134929742 0
0.779247492607329 -1.022848253958893 0
1.116392030153221 -0.7702118322669493 0
0.8444095662154523 0.4445451723088207 0
0.2305779108089357 0.7167024794434247 0
1.192315317972469 0.08781989302002063 0
0.1206025143405783 0.8647920215456215 0
2.671208031030413 0.1308145492580439 0
1.718369025983672 -0.2505798654537248 0
1.971205995181659 -1.210490227282905 0
0.4223365261857156 0.4518536213714143 0
0.3394851986411911 0.8979856331895913 0
0.1368551141915514 -0.7244175308417906 0
1.15070418441034 0.7264285724306032 0
1.792437892339178 -0.7287408405149864 0
0.2685602116308528 0.7291243752256158 0
1.14336916345021 -0.145924216847029 0
0.2972337626597918 -0.9621885988096864 0
0.876635513939772 -1.063775670060223 0
0.680540607039209 -0.3349755498063178 0
1.100404379272582 -0.01470907535673389 0
2.271526018279203 -0.6091925620559584 0
0.2145695757323988 -0.5157703459950937 0
0.2011830789631683 -0.9217440001968558 0
0.9648637577334888 -0.8195277360873636 0
1.272859006998668 -0.03065709565129057 0
1.537178531737814 -0.7770889691700439 0
0.7409338322556743 0.120182810105486 0
1.239324690691336 -1.017950946772908 0
1.410570676026988 -0.7099211265278449 0
0.2789906639761481 -0.7131759228489342 0
0.2013698810904203 -0.410864746674076 0
2.054087236576231 -1.147238452547534 0
1.522668003460212 -1.179130213615889 0
1.552040600483283 -1.205391082676015 0
2.009979226252531 0.6367686255893383 0
0.2277794701255231 -0.6206738128549094 0
1.041654816158778 -1.118910599271398 0
2.612736665355419 0.1832794072850868 0
0.4500560118067723 0.7517843347715744 0
1.610918529567579 -1.256987272149727 0
0.6727175612807046 0.9701728999262329 0
0.649911048759424 0.5262436194385842 0
0.7397559958065918 -0.3885437113668008 0
1.715567301118653 0.906434653112725 0
0.2850266371128456 0.8073389554612241 0
0.3879023417807148 -0.2093296324802774 0
1.226349548784826 0.7511064359853519 0
0.529150394514359 0.9596048654314872 0
0.7991174639608418 -0.4417192906325163 0
0.7346494924427605 -0.2449358791986812 0
0.4009041475262299 -0.3133778069369352 0
0.2591276068784159 0.1801902609031586 0
0.08666360034376232 -0.6293573126524183 0
0.8584644673524852 -0.4948843394243624 0
0.6695561398637278 0.7871979617749609 0
0.9177990231951569 -0.5480397915924637 0
0.07855051588779022 -0.4855402220927303 0
2.40636524786057 -0.1348879445427019 0
0.20470689520539 0.08957121782913122 0
1.604336531641901 -0.7913348527973314 0
0.907573044457584 -0.2609417474766188 0
2.257790339604612 0.3224296217262034 0
1.201786967573236 -0.2003991088852205 0
0.6158997672811957 -0.1384878800954344 0
1.035682886380429 1.016001418304612 0
0.2818501179991612 0.6242448254484382 0
0.6878162596583184 0.5386502805810237 0
2.416150937257433 -0.418448154850504 0
0.6347384793541347 0.9577573167095035 0
2.369856958259394 0.9165074690223585 0
0.6190406438944418 -1.111560602122348 0
1.425093429718344 -0.3083391004642784 0
0.5924074099003259 0.252862223472311 0
0.3628748587589289 0.5051682488088782 0
0.6291834238985954 -0.2431295985851816 0
0.7307708520207642 0.4073780271912583 0
0.3514991113161307 0.283210430232792 0
2.290198922595348 0.4772392585033143 0
1.97571719300514 0.805265212997521 0
1.678276424963582 -1.270820276721403 0
0.9360518518284167 -1.117078851883415 0
0.4274025082113718 0.3080210123514664 0
2.833515839907684 0.07641622980297724 0
2.48290379646804 -0.7530339932684569 0
0.4520603208054542 0.4252034242159446 0
1.366290750803374 -1.085310191535859 0
0.6006241626244084 0.2918969496895272 0
2.69724886734629 -0.07534988150291135 0
0.47041774386709 0.1766112853817912 0
1.342958716864478 0.9703832102776958 0
2.189256544782262 0.6594486462587481 0
2.290890130521633 -0.3518472701826104 0
1.418568765963756 0.9950433236717019 0
0.3417425965684651 -0.5834663315824081 0
0.9384326075099874 1.056989078345211 0
0.7495407989794596 -0.9961762141112712 0
2.08674983620309 0.3384529555917164 0
1.219392919356102 1.220374586037646 0
0.9516776617035256 0.9522354178180723 0
0.5740809434539667 0.501435411071955 0
0.1945534782761054 0.3774956315802035 0
1.58482613203431 -1.049841991903513 0
2.02306588206631 0.5332340393981763 0
0.1600400949971708 -0.6063556164459827 0
1.252705821082492 -0.2926063972934895 0
2.034915175144894 -0.07369026075689546 0
2.352687897524167 -0.2241019175485237 0
0.8677939471107878 -0.7785272041646472 0
0.2470281532062517 0.7949083735630578 0
0.7042400435588496 0.6167116474220602 0
2.247872998022534 0.606855495276946 0
1.778408714680142 0.2014618583738403 0
1.049362362229293 0.07727095066186276 0
0.3087272773968804 -0.7398775578138299 0
0.9012856282808828 -0.9467192934956136 0
1.221905363979908 0.0612583417331953 0
1.941487535852632 0.9738081302958209 0
1.988769401628657 0.7016935021933395 0
0.7541475199789944 0.01567532753953741 0
2.165603393951793 -0.2850044873445238 0
1.954519906496356 0.8702068329142579 0
0.2438772377765536 0.6118139338006708 0
0.790138605569775 0.3541295415136891 0
0.9442867776879897 -1.078017318730877 0
1.034241678493482 -0.3279320740266102 0
2.577133286699727 -0.1503997915584948 0
0.1715867546033725 -0.3842602723797119 0
0.9333948941104561 0.3647698226605809 0
0.9749520327337196 -0.2748719138974287 0
1.981271542942857 -0.1632390309496611 0
2.599740274033766 0.2864104777017177 0
2.277388252191337 1.042389570354938 0
2.325680724148811 0.9813856575989336 0
1.709819461277216 0.5393488966750419 0
1.753828754045355 -1.245737356859088 0
2.237433750575568 -0.4409701831752991 0
0.3477736160077023 0.9369289607613176 0
1.509371653484771 -1.074720560668883 0
2.562381645353802 0.2742231055285266 0
1.382699117202605 -1.007417724610919 0
2.586747145379242 0.3894910664265417 0
1.096472593984101 0.6361392134296574 0
1.331502725628677 0.7492232180334066 0
1.667558196874944 -0.1590502503611742 0
0.7164449478065298 -1.151259651782814 0
1.329913109860811 -0.5912876490550725 0
2.292738586354834 -0.6739159685039351 0
1.09222833512114 -0.05361156087599452 0
1.832253474257688 0.2910969026545634 0
2.479521475727239 0.2114216188257235 0
2.30891251524361 -0.596953767769922 0
1.095965190154901 -1.028366492230252 0
0.7906437738221919 -1.125432505000651 0
1.085893911041148 -1.249431690567067 0
0.882280421285806 0.4569203828752926 0
0.6686531208484282 -0.8771076577236389 0
1.923621673213689 0.3929798861848328 0
2.184350792848665 0.8013126214308564 0
2.24529173556179 1.075615054311666 0
1.768398402343559 0.4862678946967914 0
1.30695122923611 0.6325891699188564 0
2.24405150493862 -0.9053035150760353 0
0.987010171520545 -1.208565490398119 0
1.295549561917778 0.4109261764647473 0
1.587272028552431 -0.04106418045257961 0
1.912380203052778 0.1733466225984661 0
2.186052744957436 0.4791477537165555 0
0.4309045015927521 -0.6634954906180369 0
0.6809613579516375 1.009281089529563 0
1.405513386158395 1.099519756474782 0
1.238280961187369 0.1389545079885363 0
1.163548108508973 -1.042572364795293 0
0.9744162136309096 0.5595958609388985 0
1.001120411063843 1.185289914814347 0
2.178606069833052 -0.388527843624424 0
1.167331133454696 -0.8619740863231842 0
0.179537208769722 -0.3466408322594965 0
1.512432350522438 -0.8925499941504612 0
1.840394732097516 0.3297568914313912 0
1.727671817868143 0.292937309219296 0
1.721452427928159 -0.06933479783779199 0
0.189783244336066 -0.6330714953454049 0
2.362510116899721 -0.5077030935364711 0
0.9170032036331112 0.2868501295850615 0
1.335097520778544 -0.7348353449364075 0
1.272557815657485 -0.86384870331124 0
2.440581470454956 0.5209429076330787 0
1.983059787001041 -0.4861301157372578 0
2.26158697378696 -0.3255411906675769 0
0.7066114660249476 -0.8647231826169623 0
1.148872456526247 1.05207554910368 0
0.1765711782273935 -0.5281687324794888 0
1.574851072863761 -0.7648266226693511 0
1.900636050523163 0.7807854970761166 0
1.7295970852552 -0.03064018013828571 0
0.3004924344721345 -0.7790065108362275 0
1.781545018670285 0.3825174560779201 0
1.023994830333692 0.7938687838165035 0
0.5720963514334105 0.8280755005033809 0
0.9466578539594726 1.096044876222936 0
1.908074198574119 -0.5107036361263675 0
1.557778636795994 -0.01460490450889859 0
0.2673522541221431 0.2192845763500826 0
1.348380482767267 -0.8388896479339345 0
2.796218790757293 0.06428234465362512 0
1.36108538681857 0.7226654154511546 0
0.5412020776024116 0.3452198164411717 0
1.245895467569441 1.011207371987074 0
1.963846291922275 -0.7458717880390386 0
1.259108074114209 0.9067361779458605 0
1.920311169422607 1.038732160448739 0
0.2356411691312953 0.5727174251070603 0
1.05755964785782 0.1161704799257427 0
2.549399728766897 0.3773555844119386 0
1.52567381458232 -0.9967664888598518 0
1.303717368731168 1.283135806814144 0
1.749843841325468 -0.5985606846179494 0
1.833015456187669 -0.5352677985775465 0
0.7459514810326613 -0.02330863395388545 0
2.13840856009001 1.236352944264161 0
2.139085071730695 -1.235508970461214 0
1.817338573101485 0.7176248909291769 0
1.308419157367567 1.140501746943361 0
0.7486655075852793 0.994995076358663 0
0.1667168743163326 0.07713130183780879 0
1.624232262061339 -1.360431977677416 0
1.246455767480301 0.1778282852855759 0
0.1565956019962874 0.3650584287661958 0
0.9566436708257209 0.8083593222883085 0
0.591283937042318 -0.2555323347206522 0
0.3181854726998637 0.9624607653760131 0
0.9668596423238909 -0.314074288936662 0
1.829190297327633 -1.22115204649766 0
2.23972103215248 0.5684045946012313 0
2.03579020360929 -0.9019076095309898 0
2.153098841419462 -1.007070891047277 0
2.533147195249161 0.3004847729176786 0
0.9088313081685954 0.2479173210402538 0
1.292145624325275 -0.6036701857957351 0
1.572774195794297 -0.4405834202046762 0
0.5494130485132454 0.3842664368122755 0
0.7866327755195122 1.00740839592176 0
2.116106601526638 0.3121586648518222 0
2.070041271985662 1.329193743531046 0
2.07229856878997 -1.329358709204278 0
1.421784452554795 -0.4888910232558306 0
1.907311867456298 1.142378629607524 0
1.928576668198858 -1.080724107755453 0
1.874826222326863 0.1610418981744313 0
0.8526453710107871 0.4835503935046653 0
0.4324818193172694 0.1642021084276417 0
0.5780169477092773 -0.1508960306351779 0
0.950483692447111 -0.3919945470427776 0
1.877875841135215 -0.989518025329196 0
1.446861067140356 1.294610386368548 0
1.788642223329399 -1.41463601314428 0
0.7949233863207739 1.046533925429693 0
1.56038782102771 -1.166652072005715 0
1.660309716426736 -1.0252905123434 0
2.668019819673232 -0.04909573495763653 0
0.2388058471475427 0.7558024260069256 0
1.679397855674881 1.401971985083433 0
1.770276044142217 0.1627726129389164 0
0.1314740470275499 0.0663390122515285 0
0.3681959508052599 -0.7932568034271266 0
2.26971608573222 -0.287008555085259 0
0.3945271765805035 0.1517552951350535 0
2.083317481950547 0.9842190428000378 0
0.5341911155973229 0.815656415296603 0
1.211169800834848 1.181368569030016 0
0.1683116099527733 -0.5672659564270388 0
1.417427979745794 -1.177393313159586 0
0.6663159839761104 0.6042851948750723 0
0.7115530577911819 -1.00856792552007 0
2.018127775866787 0.675355540186085 0
0.6472052421014229 -0.8113836305740936 0
0.8625710397829687 1.032237455386144 0
2.471413661939954 0.1729712166599472 0
0.1630266983899694 0.7311154232347883 0
2.226039810593304 -0.6599395205173908 0
1.786949875526057 1.067890603411902 0
0.8708647943483103 1.071350681871409 0
2.019637209887639 -0.978984675954401 0
1.250939568384001 0.8678182343350382 0
1.027974806846687 0.1426709219776729 0
1.548271129174176 -1.384727264094315 0
0.6405750972395676 -0.02156540162239618 0
0.3979230360007641 -0.8199496307076357 0
0.9801433785514548 -0.4186398748894666 0
0.948205581711306 0.7691547702750997 0
0.6141778108262214 -0.9676150381948576 0
0.9447960728940286 0.5862533322619993 0
0.9063497879363056 -1.090429472563017 0
0.553533953781213 -0.2673489388422422 0
1.201719742901695 0.634349949746749 0
1.499431778628133 1.383520194428474 0
0.1698577159029645 0.2602471289697802 0
1.177183954393369 -0.3173467053904738 0
0.9055684749842987 0.9007816196235858 0
0.6581165632369295 0.5652548597091891 0
0.2376149562552814 0.2459578142495727 0
1.213118347662813 0.8554476584211811 0
1.98388051333177 0.8438596103965109 0
1.700158308187821 -0.004242118107518781 0
1.673560444733843 -1.129473882923523 0
1.694929170813378 1.478964400846901 0
1.739072216531828 0.5127038276290423 0
1.809239148328953 0.6790062377166373 0
0.3897013219340227 -0.8591410741932319 0
1.193515062887639 0.5954051062154713 0
0.5761822036409145 -0.9799873389589584 0
1.216845282123644 0.2044932995492006 0
2.783280842270078 0.1669176425132253 0
1.894378830398052 1.245997041586694 0
0.6818478148229393 -0.9818899682718394 0
1.387306967291503 -0.3207253539683703 0
1.638081735548277 -0.1326405524506598 0
2.161187099387352 -0.9685875890124547 0
2.713457931279155 0.001514696741600822 0
0.7080766133340957 -0.03571111410203257 0
1.283985410645571 -0.6425423102425846 0
1.365912616018593 -0.2554842621984984 0
1.767231878898713 -1.349755213744953 0
2.04584794549277 0.9719833830156593 0
1.109306569769217 -1.133135219878655 0
0.9861234782401285 -0.05199689356773314 0
1.047453803045498 -0.4323371708414756 0
1.254102653680198 1.050172645590893 0
1.926348999802597 -0.7581561887241027 0
1.054394647382375 -0.06599211474210324 0
2.315266969068044 -0.2362829678853554 0
1.03917636045639 -0.4716192296342272 0
0.9103196982074166 0.756776575050139 0
1.37748038658913 0.8003843328823014 0
2.684235289871625 0.02776897494508652 0
1.949672352412051 1.012408269202277 0
0.4356214112248571 0.3470999798296216 0
1.494098322649787 -0.6460913711520732 0
2.118673972975922 -0.8387263628071552 0
1.262831295685712 0.2555213577284335 0
2.692344564655347 0.0661856710196765 0
1.89612158418325 0.09604010866005877 0
1.600453733032484 -0.1449599657630842 0
0.1995905244849794 0.2335570521450906 0
0.8676258114413598 0.8883833860688022 0
1.079987179085175 0.5581094902404629 0
0.2008451216341474 0.7434019093456304 0
0.155408042995396 0.6930981805367979 0
1.802832533995586 0.3174813644420555 0
1.058525044868305 0.6236035455875031 0
1.270992978946822 0.2944018638054807 0
2.285975246002603 -0.2099425985993763 0
1.540136523011915 -0.5956175373081566 0
1.26916152276951 0.6202069879085759 0
1.920559686832772 -1.119315623859887 0
1.953666642358627 -0.4598216233080016 0
1.8425321507569 -1.32493552303079 0
0.6702041273129771 -0.04810527602825541 0
0.178114247969116 0.2993147525637875 0
2.078649351031599 0.2998234343320123 0
2.216654757369125 0.955557647883611 0
0.1303110240925696 -0.5796688525192707 0
0.4059107683148811 0.3737757533074385 0
0.5709154900196834 0.3185501747287293 0
1.852117413209667 1.37627827924767 0
1.024505752859287 -0.03954197087715418 0
1.732697747180026 0.1504387315178967 0
1.392291415384677 -0.462625428737449 0
2.294107924294825 -0.1714000272623722 0
0.8378750975021594 0.9150126406327903 0
0.4574263071571898 -0.8733897015336007 0
2.210442282933898 0.5946866735555048 0
2.169762492126243 0.4015015685718891 0
1.09305764960353 0.4534144510273212 0
0.8429767350690522 0.7712850290128056 0
1.181461832917559 1.207967632514785 0
1.241369106747645 0.3211363624989206 0
1.510346327026302 -0.5683317908553571 0
1.379763282139725 -1.189548312154577 0
1.858572798740617 0.08370071311079505 0
2.355783212714735 -0.8681889570782493 0
0.7586887847973129 0.7072588135620334 0
0.09396392426850991 -0.5906429843302927 0
1.638820942450718 -0.9597433794196129 0
2.143168717879617 -0.7229422665358098 0
1.176946123993631 -1.14734908456931 0
1.592442873284893 -0.1834473475573253 0
1.990282261727631 -0.9526691565567712 0
0.5066036236179531 -0.3168241519607846 0
1.114710991657917 0.3882908502713234 0
1.869757580846355 1.130150541400096 0
1.773406635070926 0.3438567272088536 0
1.234567473105217 0.7900105316160941 0
0.4141310970358112 0.4128229952185341 0
0.5250804358760616 -0.887576458666266 0
2.263431151861348 -0.6476836984961231 0
0.8267671621578587 -0.1420725091548437 0
1.980621419476493 0.6631018739186529 0
0.8345128302841894 0.7319905243486109 0
1.385683614349971 0.8393156493669092 0
0.8981287774807675 -1.129494366801517 0
1.224456077762674 1.076778685695759 0
2.037708649722481 0.9334022374709192 0
1.417056586654735 1.320876151079466 0
1.774820787544852 0.8516972738044081 0
2.37063035632249 -0.4691685376448136 0
1.55647931346015 -0.5181660795607741 0
1.885174930993342 -1.454472250243964 0
1.91687104759745 -1.481828348658675 0
2.375311937439744 0.2142863917317816 0
0.5548125525702018 -0.9142554842070767 0
1.287376604316731 0.3721165967367429 0
2.434108570147401 0.160920473044892 0
1.946361272054141 0.8316124340727407 0
1.426792052928013 1.033939960624901 0
0.7917889964914987 0.8635457491519349 0
1.91081760274962 -1.549651536546611 0
1.956725384905592 -1.488869483063639 0
1.87205063786683 -1.351237426775256 0
1.076538432576054 0.3754751700910857 0
1.635873838670755 -1.14185420620209 0
1.684758114104425 -0.9092009687560201 0
2.036186505058033 0.4297387093209804 0
0.7670990372290469 0.7464516933382698 0
2.393302843680178 -0.03134115957014675 0
2.326545529571008 0.8083799608089397 0
2.422609756664547 -0.05782127771062762 0
0.8900090852753264 -1.168459980343848 0
1.879888727213573 0.01871420388665088 0
1.526663196570966 -0.4907703972472039 0
2.181136044362317 0.6209680401234374 0
0.643852280621227 -0.9942815889800329 0
0.7538199932984431 0.8511507828295242 0
1.186631100058269 1.064390845411002 0
2.377105953799823 -0.1085188090008621 0
2.438910224483098 0.01908712587055283 0
2.663139385816807 0.09243365433252521 0
1.135365827637367 1.156626767825404 0
0.4850915634663189 -0.2503804631374136 0
1.754029785710833 0.08538094496588883 0
1.353032702596467 -0.9808186186212593 0
2.044322845186331 0.4683413765982488 0
0.1483975238780515 0.3259697415111285 0
0.7240214735886217 0.8777840069451734 0
1.99837389717341 -0.9141353752637369 0
2.409570408597357 0.04566042028623683 0
2.596485113442073 0.1064151772035328 0
1.244524115045791 -1.16153180504006 0
1.379323890933018 1.308859029519081 0
1.943099327371621 0.6508413082174315 0
1.865178547138835 1.272493761008026 0
2.455181535243211 0.09610657999200946 0
1.060141901634051 0.2975927035050789 0
1.871749985381734 -0.01997123692537398 0
1.228093339707442 0.4254913521557971 0
1.357753899607608 -0.2943530862331352 0
1.692920182095991 -0.870436109391647 0
1.912134149107044 1.000153229441369 0
1.52386566523259 -0.6731739909900493 0
2.633911630536196 0.1186629023304202 0
0.4931921132932112 -0.2114484943134879 0
0.8816723641074349 -1.207679541486001 0
0.8987395424209805 0.5348902734874674 0
1.91616903044426 -0.4721197828150008 0
1.09844858709513 0.3105629847953033 0
2.281591299311424 0.7580289565306622 0
1.840448351169998 1.156753564295173 0
1.236130887381267 -1.200559879425378 0
1.745899494336677 0.04669242016312195 0
2.551017093623811 0.05574619133499437 0
0.6202174911013989 0.5528305806058742 0
1.397245905258238 1.060591601441216 0
1.735839209956545 0.3316626912745098 0
1.589972624170759 -1.192935049732891 0
1.908827015147001 0.8193782242615167 0
2.109468993722815 0.77697203728641 0
0.9069416508296869 0.5739080873964391 0
1.10562924327707 1.183260164479983 0
2.588401109179142 0.06800276308401751 0
1.236321706217918 0.4642668034227543 0
2.217964448687077 -0.6984145496131442 0
1.905540843169691 0.6385570274076172 0
2.512017087280573 -0.4588597332770742 0
0.3844412377465322 0.4394909958047663 0
0.5401904453678738 -0.1633039619498366 0
0.1104230074122028 0.3137336556235398 0
2.106164333078049 0.5964416361507729 0
0.9157154947098256 -0.2218274779481221 0
1.627657147163663 -1.180410173714389 0
0.9087744088042184 1.083643279755337 0
2.572205377181194 -0.008879449044292201 0
1.082141631173303 0.2327908217006871 0
0.7819471523216628 0.3151093401795625 0
0.5822825007034692 0.5404257751259892 0
1.279552469923361 -1.325133237651655 0
2.564097320186158 -0.04731977959638296 0
0.3547037568930209 0.4661540882855808 0
0.7440283278999269 0.3025914042151069 0
1.897448560075585 0.6000022789633253 0
2.526684544369318 -0.05963830794509693 0
1.07398731210469 0.1938720386143043 0
2.171232104650194 0.9053230921952604 0
1.874601328323068 0.9879519258099887 0
2.518575330790179 -0.09808461330666574 0
2.14368339526667 0.6087356465100522 0
0.5094071597668273 -0.132712041111716 0
0.7655061299461391 0.2370942198925312 0
1.792835403445908 0.602177419888528 0
2.127401161194339 0.5316034573428409 0
1.85641031498326 -0.9248585204314946 0
2.539783235737898 -0.1626877648533008 0
2.494292518336929 -0.2134813723268217 0
0.5443708392491249 0.5280310926172906 0
0.8772654956896994 0.6005349401298257 0
0.5177317766715481 -0.09402282431666242 0
1.698211561238 0.3197028820133731 0
0.7276129106845428 0.2245795704763969 0
1.878670689907296 -0.4844228618734991 0
2.099887724538643 0.2349453369444718 0
1.87952896479478 0.8457528047803572 0
2.014973930315398 0.4947099294489682 0
0.3249616433421559 0.4927998120447277 0
1.661222897086881 -0.519739808110554 0
0.5146323372232472 0.5546680138457525 0
2.062413891110388 0.2225917128657642 0
2.180546887053488 -0.7106740385150712 0
0.3875111913282111 0.6222680587806135 0
0.5648676373891065 -0.04626952251638229 0
1.14569780447472 0.8698192082593341 0
0.879117041794741 1.110255341443107 0
0.7491330792508319 0.1591208219065768 0
2.368964591917383 0.6783739491556463 0
0.8855345949093756 0.639656742567098 0
0.2870119993712541 0.4804120836594994 0
1.204955241357102 0.8165855873666081 0
0.3956712422243821 0.6613086255164879 0
0.4849140933273654 0.5813256380781757 0
0.8871560726101844 1.147999962832015 0
0.3659139682540044 0.6880536548669888 0
0.2572840483999018 0.5070763047515301 0
1.969022855807842 -0.8878624383152935 0
1.98563346871435 0.5210631799353439 0
2.08368990058709 0.1577845772406635 0
1.153923094476249 0.908694301700667 0
2.155106327789489 0.8278435015968461 0
1.708320911932507 0.03437446770884059 0
1.988589800063886 -0.6289086143998978 0
0.3741836288306679 0.7271071194615231 0
0.4551686962820453 0.6079571313710166 0
0.6733307897212031 0.1341416533643885 0
1.84115420311037 -0.496710872552835 0
2.200683510714972 0.878448654057157 0
1.482561462348184 -0.0384513190872082 0
1.457660231723667 -0.1544084074698562 0
0.2275423481351412 0.5337536362594264 0
0.4172403952379038 0.5956137394325034 0
2.046175318455599 0.1453811865473658 0
1.504055468954121 -0.1040942577640315 0
1.95625612140734 0.5474081145895504 0
0.4204060169759555 0.7786117453192422 0
1.83448946225026 -1.363626357741954 0
2.390003199882134 0.6127057063611636 0
1.699192363194697 -1.516537866268217 0
0.6271391144383556 0.08269450196751428 0
1.175321556908429 0.8431987065629342 0
1.918727045139482 0.5351862791785574 0
1.605385780086269 -0.285910728905136 0
0.8847997092939899 0.1316949244829168 0
2.343896356481497 0.5660737492862442 0
0.665103671493481 0.09522132400289593 0
0.6487587305867409 0.01729812312904126 0
0.9965017795986867 -0.3403843602948571 0
1.931575770732282 -0.9001402110826182 0
0.1895349195157757 0.5213287385777021 0
1.162167271628006 0.9475702947833371 0
1.670726565030351 0.02211936631951715 0
2.067464410519773 0.0805970465100611 0
2.013660722194558 -1.340368793688689 0
1.451617812996728 1.150696911451254 0
0.1515566743055562 0.5089033406547505 0
0.9060441586502084 0.06611549339967775 0
1.773100619626547 -0.9882108399856566 0
1.811711027132999 -0.4703708253945333 0
1.44333147992567 1.111821588839709 0
1.889329444493166 0.5614547396514062 0
0.1230532968526014 0.5338460346828756 0
0.5465684610245294 -0.9533589074902103 0
1.641287951448501 0.04845700602731644 0
2.029938214729452 0.06815321551508308 0
2.701957651981119 -0.2174785896828269 0
0.9586408366013014 -0.3529035199481046 0
1.89708640982249 -0.7315866023596185 0
1.774201844555516 -0.4826645162200226 0
0.5045300256317566 0.8423651471845957 0
2.403000083668085 0.5103298368636865 0
1.905131839479427 -0.6928075025637577 0
1.603625003527521 0.0361721847049388 0
1.375701712616702 -1.369772265449815 0
1.875501863015337 -0.6655136802553414 0
2.177907231739298 0.4403924445283785 0
2.263564665171762 1.004618201192029 0
1.506477642409246 0.07831872633136104 0
2.097519054403605 -0.7736869573817018 0
1.894006939682856 -0.9124626642248859 0
2.051231958500682 0.003409319346941759 0
0.5383115190951682 -0.9924750026496427 0
0.4450220231015762 0.8959235019033622 0
2.502421414738447 -0.1750359182352505 0
1.848470764210717 -0.9633467926330057 0
0.7112505913263545 0.1466192732427344 0
0.4533241845469262 0.9349566846626705 0
1.590441762249283 0.1404281654434159 0
0.5300942410378017 -1.03152464042585 0
1.736607494311061 -0.4949695315046367 0
1.593460383054982 0.3225684894355075 0
1.547339907807671 0.2732741666874965 0
1.616418801126088 -1.457195376236677 0
1.794789585606223 -1.052987130229074 0
1.668423038356939 -0.9864916297138597 0
1.56043527928072 0.1690748088647638 0
0.9944635253049166 0.8206580613513581 0
1.257763452323198 0.3987707974136839 0
2.013677829531797 -0.009031791664072909 0
0.4748066664316976 0.8692060990388986 0
2.424119146084698 0.4446468320845502 0
0.5216594946965918 -1.070206604747721 0
1.565932799623579 0.02395438084741905 0
1.60695775125314 0.2175598972777075 0
2.407830034522743 0.3682204468429267 0
1.796854168074858 -1.376032166976594 0
0.4995518536090716 0.9863219070301495 0
1.698917270901047 -0.5072807555195978 0
1.040598061749338 0.8718591358239907 0
2.203806258645313 0.233288732217721 0
2.138071462336048 -0.5803578091096446 0
2.005562046433476 -0.0475397708000342 0
2.18367960663817 -0.5296426069438347 0
2.576055384008767 0.6302407264931653 0
1.048825965653337 0.9109525643713097 0
2.229376263236822 -0.4792648988286521 0
0.06707361225774779 0.5564680996122672 0
2.2633784732617 0.1775410342867946 0
0.5457349710344472 1.037785983145066 0
2.090839963482222 -0.3090906602736859 0
2.42591636095843 0.1225212338158836 0
2.217152925093493 0.1291748070857116 0
2.247154449568354 0.1002160491512843 0
1.131026524369224 0.4660286899859127 0
2.200778812829816 0.05236577267769422 0
2.230787062592811 0.02341879183290066 0
2.184539036599815 -0.02480080538083662 0
1.733567682643876 -0.6762944265420892 0
2.136222682591576 -0.2577696437018848 0
0.5159463096649173 1.063231874416122 0
2.13510935815501 -0.7613567550518168 0
2.152109527562592 -0.1793091061068985 0
2.214530692377561 -0.05366659679586824 0
2.168296090259678 -0.1019631702367972 0
2.429471199046151 0.3023215020157852 0
2.181852913293796 -0.2074856742529765 0
2.198275105617582 -0.1307602092164971 0
1.930460815671666 -0.07223491359253684 0
1.135750206413014 -0.18541563927543 0
1.712252480915931 -0.6111235170727083 0
1.759082006394855 -1.388434216258431 0
1.801182058283003 0.6405591476520748 0
1.528284092375308 0.01172421171527209 0
1.701729119954132 0.500648984012011 0
2.40470610171539 0.1875303866109544 0
1.693215242160443 0.4631021932753963 0
1.851796297205668 0.5492557439355449 0
1.647002551766424 0.4142547023205476 0
1.968057445682528 -0.05991657919355328 0
1.822338787902538 0.5756526523658525 0
1.612702148829388 0.5831798564516608 0
1.658566388612352 0.6324257315713114 0
1.721298503866905 -1.40091759655356 0
1.77558673935534 1.356332808893712 0
1.691756545736027 -1.374537103074989 0
1.810828086342916 -0.9757386615961561 0
1.822656690241785 1.403954098717063 0
0.6109454379170833 0.00482619123425758 0
1.791895585096617 1.437399439478314 0
0.5731057860828515 -0.007364617632509752 0
1.827888762042685 1.26082176126709 0
2.439612597758178 0.8239647916498103 0
1.839173332779599 1.481389855746134 0
1.653550918703708 -1.387373589575779 0
1.780686576903779 1.215692915575809 0
1.726557099441426 1.124068062596258 0
1.771691370322115 0.6670187685377217 0
1.653409055371307 0.7759464260904889 0
1.92248152884937 -0.1109925621158207 0
1.88315062450349 -1.131874047088102 0
1.682589364421207 0.7480964566207322 0
1.811256744503523 1.183510194475962 0
1.742170766457888 0.6934009541209175 0
1.766919601640361 0.8105092858376732 0
1.663619187809213 -0.8438425084556376 0
2.3781484269035 0.3973048419887112 0
1.615083724384148 -1.397153822735757 0
1.535444769030103 -0.4526193220709948 0
1.875137908824387 -1.170451165437463 0
1.132682084160983 0.9743620077330021 0
1.836908708291286 0.9777148768104871 0
1.625777501040869 -0.8560689893346123 0
1.140881970392328 1.013212372271839 0
1.943816476045893 -0.176001525503397 0
1.85822969928581 0.91141298688317 0
1.59636119060673 -0.8296789262967452 0
1.965228469002875 -0.2406178043521305 0
1.849946965985503 0.8736441178400499 0
1.505940863453632 -0.4261166780492708 0
2.598578913910814 -0.5356334500379304 0
1.036259650789137 0.1811031746695079 0
1.566880657594227 -0.8033145892318657 0
1.476428269312517 -0.3996583237399752 0
0.918586999744609 -0.0389314557941637 0
1.424052301742726 -0.813890481952366 0
0.9984665982029844 0.1687250215119836 0
1.446905513869988 -0.3731923406711123 0
1.529015445225348 -0.8155358274231834 0
0.9607450299308616 0.1563069666509317 0
2.486691320293491 0.7560378567029886 0
1.378968168125775 -0.3595902814784205 0
1.41572581377966 -0.85245144956047 0
0.9307638990555162 0.1828941205097543 0
1.051494864983755 1.09434281888927 0
1.417131379779937 -0.3468897094300395 0
2.002982797898182 1.423620825300782 0
1.370811529669713 -0.3982987550784577 0
1.704753202062377 0.6809581672599464 0
1.059955729090903 1.132773651996976 0
0.4783215542476917 -1.083357734640586 0
1.331775769244196 -0.08457811920941267 0
1.491329815677359 -0.8278173702809255 0
1.361081629750022 -0.1118071368015923 0
1.37761500678389 -0.03408769872527065 0
1.385585658447403 0.005062672852931265 0
1.356290383463748 0.03230426532490098 0
1.927522319257491 -0.253263128139992 0
2.189046162770452 1.165765358343459 0
1.46174377306192 -0.801592400323962 0
1.402105759298097 0.0823677711773875 0
1.111164367191936 1.040029232487173 0
1.410116649295054 0.1215207682331409 0
1.889955691895516 -0.2656355791281104 0
1.380804277086815 0.148817429364085 0
1.081573268281276 1.066792442024772 0
1.426586884910782 0.1988409289113851 0
0.8928052431186728 0.170347185992233 0
1.434577778804679 0.2379928073508527 0
1.85239912338122 -0.2779251898879762 0
1.837463001331831 -1.183054580356245 0
1.405294377087082 0.2653210163970425 0
1.451071950083711 0.3152520344891752 0
1.814842312041311 -0.290220918914788 0
1.45906004742774 0.3544152657416835 0
1.777271095427639 -0.3025160547849745 0
2.417146466602326 -0.8544837803712448 0
2.025810297026772 -0.6164208369278076 0
1.429790804770767 0.3817422029058324 0
1.799839492947401 -1.19548437166576 0
1.377897830385447 -0.8648514525929702 0
1.73969403574705 -0.3148244884307 0
1.126839726223412 -0.2248048647281588 0
1.454444856035235 0.4981634796389354 0
1.475659504888679 0.4311818150055213 0
1.362963565922147 -0.4367215510507786 0
1.483808561399214 0.47011476846555 0
2.441882847770892 -0.8233356635756214 0
1.762182448362116 -1.207852749588368 0
1.325155212211856 -0.4490680745224909 0
1.702213453451984 -0.3271989565151404 0
1.068177217326628 1.171430617035079 0
1.287338237947321 -0.4613939918962375 0
1.038472970880937 1.196838371882419 0
1.34001585557173 -0.8772168249186533 0
1.664615614287407 -0.3392883763588707 0
1.264230387047433 -0.902278065352025 0
0.9564917055015815 -0.02610356155465667 0
1.724489809632604 -1.22022643886096 0
1.249555663313975 -0.4737813378936749 0
1.302110355573096 -0.889709863876274 0
1.635046400508027 -0.3127765464636197 0
1.686485005225807 -1.232525690387092 0
1.255658163596716 -0.9406607191215866 0
1.211861694587185 -0.4862154236938989 0
2.785872002017957 0.3457391140439267 0
1.648775931299963 -1.244746312468252 0
1.613970150640619 -0.2480183365588569 0
1.173704020530493 -0.4984385676069233 0
1.135888155081595 -0.5107887560457495 0
1.619351980955994 -1.218770022590876 0
1.584032158253695 -0.2216954086162189 0
1.106255465653746 -0.4850210851365984 0
1.217185255399133 -0.9529821392932571 0
1.850873410307242 -1.568415331913653 0
1.187631329646071 -0.926481814612834 0
0.07355309005719454 0.3009745047282424 0
1.58141036104944 -1.231301689483697 0
0.0334483572993636 -0.5410921161508865 0
1.499841551673278 0.5486949343880899 0
1.12073704977399 -0.9122530415424732 0
2.200106996352934 -0.4527077021631636 0
2.170928625505905 -0.4262200123418231 0
1.47065507228616 0.576455317258479 0
1.543585989086236 -1.243983823053528 0
1.546317390491451 -0.2335539408565529 0
1.052869907133258 -0.8978718524331654 0
1.158648895603823 -0.9003133894293597 0
1.468395783207006 -1.268572578035719 0
1.516630206410448 -0.2074488804705851 0
1.401457823343168 -1.254341575560408 0
1.032598850212647 -0.8331283888368477 0
1.516505642772964 0.6260231763023331 0
1.535594434195524 -1.282265844235322 0
1.37165233412467 -1.227932541894914 0
1.478385204960672 -0.2193316586755101 0
2.141474388053264 -0.3999055037780522 0
1.497780380875225 -1.294520652795871 0
1.449139507081125 -0.1927682913718868 0
1.091303109863715 -0.885977092003989 0
1.524427459610399 0.6653718727595098 0
2.112096003081682 -0.3735546112934359 0
1.068007938405319 -0.4980475826605909 0
1.304093668324643 -1.213867087225176 0
2.082840244341885 -0.3470541737752793 0
1.495241343454504 0.6932161196075175 0
1.430495606624138 -1.280505637873343 0
1.474397092697101 -0.07699913557431538 0
1.05980956269942 -0.5369567155129218 0
1.540669758574993 0.7427999996311462 0
0.8791322473564936 -0.8818716314006257 0
0.994175228376496 -0.8450550675116878 0
0.8499358656739914 -0.8552776188383582 0
1.511544595421571 0.7706445184991009 0
1.014295032298649 -0.5881990644834005 0
1.035762478561223 -0.6525959110406531 0
0.8294399301267903 -0.7900324789848472 0
0.9562986138049347 -0.8574352242763286 0
0.9980182692016407 -0.6655333956801077 0
1.557513366151984 0.8194007965334911 0
0.9180197944378392 -0.8697790205941218 0
0.807940465416632 -0.7248400111168547 0
1.565255276962226 0.8591333087047879 0
0.7697057211468834 -0.7364951493212331 0
1.052096323072833 -0.5751064804937127 0
1.536141525502535 0.8871954321743225 0
1.333330135414096 -1.239913649198116 0
0.7014091858726824 -0.7218565324318672 0
0.1410781013368065 -0.8711081888615581 0
0.9512403134768279 -0.7161551637112021 0
0.9895364931959896 -0.7038377143309913 0
0.9216906222765746 -0.6896668440358348 0
0.901161591367176 -0.6244808349448099 0
0.6807219780867397 -0.6570699617647587 0
0.642427334211265 -0.6685735835199098 0
1.264554256016768 -1.226874828114554 0
0.6213966552816258 -0.6037931775744606 0
0.7400632294410117 -0.7100659677885494 0
0.8805512324395111 -0.5592446318262092 0
0.8509464626133365 -0.5326456962633678 0
0.5830173593110116 -0.6152214251922099 0
1.58157524069981 0.9370296368196805 0
0.8212894122697983 -0.5060489520946603 0
1.676842655475692 0.385908075028497 0
1.257825923365056 -1.26583416166702 0
2.971467311671318 0.08807074778727618 0
0.7914267100230545 -0.4794356295568003 0
1.552494863965471 0.9650907158030667 0
0.76207276157976 -0.4528448515243012 0
1.597960049350809 1.014716105683151 0
1.49843747091987 0.03944463909253995 0
0.7321127838087566 -0.4262424354123416 0
0.5619767279491881 -0.550441199524686 0
2.234072247373259 0.2052908999067067 0
0.7023662448586705 -0.3996471547864118 0
1.569081266049646 1.042805903937135 0
0.5235915669746221 -0.5618233816810958 0
0.6718425977889382 -0.3731674522754685 0
0.5025684338270577 -0.4971163111574963 0
0.6337071487991994 -0.3847619235804033 0
2.842199212499171 -0.2091322226534172 0
0.4642624752195986 -0.5084486145021934 0
1.577548782266521 0.2454013399280555 0
0.5648514189255056 -0.3702994463630912 0
2.66171588102506 -0.4079103304794141 0
0.535638859468068 -0.3436833193802429 0
0.6040436149822993 -0.3585323236507226 0
0.4433782483720164 -0.4431306087907038 0
0.4228873964118151 -0.3780382491129038 0
0.515107303136342 -0.2783535851902692 0
0.3920410746911838 -0.3515057789146296 0
0.353673945959775 -0.3629805482304598 0
0.2845244559085118 -0.3484782070809732 0
0.4222931872376869 -1.025107438034091 0
0.2552965407270612 -0.3222897865769746 0
0.4075544628251814 0.04858133699559784 0
0.3241351079524573 -0.3367030127289107 0
0.3607922009860928 -0.003616078171350566 0
0.382580408234342 -0.06733386947139977 0
0.3448524055241929 -0.08121873403805105 0
0.36718594305927 -0.1445703946092939 0
0.06862469289697795 0.4423933130008139 0
0.357975400811509 -0.1842964038957998 0
1.614895594977059 1.091695956731328 0
0.3202956661716337 -0.1980188882547376 0
1.622733957814459 1.13132187944466 0
0.2358890601862861 -0.2618505831347282 0
1.594009501430602 1.159672524784346 0
1.672871166342472 0.5283238027670063 0
2.535338395099645 -0.692735192570989 0
1.642979976772776 0.5552845780577009 0
1.639494308890674 1.208322144652231 0
2.39899408444463 0.3308937970343728 0
0.1357676233604369 -0.08240553383852736 0
2.370813832728456 0.8548352568897045 0
1.647289189773807 1.247982212264142 0
2.091870427565456 1.299285197794919 0
2.742527087717129 -0.3456226070104832 0
1.618566630211462 1.276460589316512 0
0.5445215316811882 0.02054499048301659 0
2.925098436969659 -0.1544797677202773 0
0.5151811511679509 0.04719264397500657 0
1.663417443522118 1.325854733794396 0
0.4848488900800135 0.07357267848206261 0
0.1012679378595506 0.01646952423758272 0
1.634696914865317 1.353696240041951 0
2.699153643529214 -0.3925716354058156 0
0.4459257241812898 0.06147712993724391 0
2.095268210329283 -1.299020927205583 0
2.183290393421 -1.173562431042367 0
0.1449794627100402 0.6114819779899263 0
2.394573615463542 0.4727448480780847 0
0.3992898138372978 0.01026833471572799 0
0.6414106066504334 -1.175688465384475 0
2.37370708859949 0.5378006667446531 0
2.360416981486873 0.640774744801846 0
2.340544789316066 0.7046966992946991 0
1.283538376861411 -1.38475400894931 0
2.273203340683442 0.720224858727757 0
0.2532239058528861 -1.010123376593865 0
2.910838677335701 -0.120801885537578 0
0.8191815821309705 -1.197142251428507 0
0.3122112871781285 -0.2362769664559619 0
2.302409982094846 0.6934517970402634 0
0.2737415432078852 -0.2489109970813319 0
1.674607569120208 0.7096135802069912 0
0.9780853566019322 -1.2455827473702 0
0.1091176088987445 -0.2221947571922041 0
0.03358701673124434 0.09803834773643738 0
1.809294080192128 -1.519471598835636 0
2.880124118920563 0.2202125432355034 0
1.828441900321344 0.9401756998905255 0
1.472411729174481 -1.407428432768174 0
2.902258410818812 -0.1877753138224149 0
1.809613596739922 1.004656783977967 0
1.779936709161804 1.031137766569612 0
1.748500993737587 1.05820825243925 0
0.0664547493959342 -0.2385003483068218 0
1.718608502045461 1.085738061356881 0
1.890514794604738 1.578990249717322 0
1.203158665086186 -1.321026798629195 0
0.03254510909265265 -0.9763665931884287 0
0.03292890057669307 0.9760798884126873 0
3.03891463995665 -0.0003706583139989035 0
2.54040498740684 -0.6309946199900206 0
1.612081913024739 1.41777748926684 0
0.03250162946873934 0.05629447356589044 0
1.641939338762736 1.391220619654495 0
0.1023751346853143 -0.7418729195441758 0
1.5423186402608 1.432777834744068 0
1.505210471544693 1.420351079879834 0
1.401206794572311 1.421630273829349 0
1.887189040306255 -1.577703699517107 0
2.290068514475003 0.9757900325738345 0
1.050744633918816 1.272311551974137 0
1.958749454343034 -1.426444711272211 0
1.096691515775975 1.321868807117301 0
1.574191851457973 1.406928423310077 0
1.348843053303831 1.332819885292817 0
1.129542222396349 1.296927632022708 0
1.166625551265096 1.309679001262894 0
1.311416932671322 1.320200038933023 0
1.211124246637571 1.35884830851933 0
1.242255265921048 1.33411058958809 0
1.797280328239547 1.290060400089551 0
1.767697728433074 1.318192513749821 0
0.03006569010834527 0.7799999999993902 0
2.590996939799161 0.5640543235674421 0
1.469716664188051 1.408045423819941 0
1.43893895082304 1.433641434313786 0
0.06717364149487103 0.6729945828347678 0
0.03947187696619937 0.3304150736931133 0
2.862653699989102 -0.0919792797283682 0
0.07247453765253918 -0.3844230352237594 0
2.326593168761908 -0.9830135658627088 0
1.279778083574563 1.345639435707209 0
2.665498023022692 0.4466432665868221 0
0.03084550858638271 -0.5803470930536632 0
0.3599371756145743 -1.01354346873943 0
2.027463502354329 1.394286633784861 0
0.1505337340017109 -0.3210152018492927 0
3.018980616185018 -0.02876350293520821 0
1.147561038153789 -1.299920891647618 0
0.1328619875601524 -0.2568645227800802 0
2.671434046579927 -0.5104352067267341 0
0.5249959758736223 1.138215463665392 0
0.09924279535971954 0.9637017764071245 0
0.5628244488717168 1.149917765343586 0
0.1388414595591521 0.9745142601260661 0
2.100786852279792 -1.238989006889836 0
0.1710748874985425 0.9502121207369726 0
0.6287770972537152 1.098157709136079 0
0.898944593277205 1.223300784778108 0
0.214797057893684 1.000557201500432 0
2.214834491630779 1.144236854262138 0
0.2273270397306497 -0.2984069175465454 0
1.007274383635051 1.222559275021072 0
0.9429452420416076 1.273583530364394 0
0.6714607197037752 1.147229467325888 0
0.2585881311035886 1.050701961030047 0
0.7061971914133758 1.121994089997044 0
0.1893355339112488 -0.3103919573328204 0
0.7427866904365762 1.134863169368061 0
0.7853306517510912 1.184240725369202 0
0.3250824152059541 0.999146387845369 0
0.8567844775331431 1.172080483586823 0
0.8186954925728538 1.159692092281496 0
0.3674400988795664 1.048461520761804 0
0.4000099766736195 1.024477372693278 0
0.4511255295728044 1.1118014003325 0
0.06322842080402952 0.916318947057855 0
0.4833398772688797 1.088030097302935 0
2.19728137861135 -1.097198706540611 0
0.7491964807028844 -1.171534599189839 0
0.03296150550914868 0.2545594310410744 0
2.726149207121591 0.2597859109352592 0
1.578115244936027 -1.407869693302617 0
0.584929503854282 -1.11963309198385 0
0.0718606939574525 0.8040660228504182 0
0.9754489264977551 1.248123609669056 0
2.282841014647591 -1.041156889150188 0
0.1717420064343267 -0.9892433518028197 0
0.5956163080225327 1.124105558203957 0
2.254530266137352 -1.079325011083966 0
0.1005936050992135 -0.7833772778755967 0
2.962239257850938 0.04818865369331182 0
2.479667071538759 0.7157454297889674 0
0.2917722177653354 1.024962544457361 0
0.134596593289763 -0.1208467166147624 0
0.06294077523766534 0.4032892533189651 0
2.444189551535688 -0.7618966245613273 0
2.102369375948699 1.234572156229325 0
2.774344759667026 0.3128304613022624 0
2.720806664474561 -0.4459695251106459 0
2.973427223104001 -0.0949790308182043 0
1.256961307814948 -1.299434896936965 0
1.0846911142075 -1.286429148295603 0
2.419949643331799 0.8567742383430051 0
0.1686074763764642 -0.9326966982193167 0
0.09505347845795487 0.5799708364455607 0
1.917018828913626 1.555425991898145 0
1.731631253070587 -1.49788103167198 0
0.1427438117232956 -0.1944192107997885 0
0.03070083525029793 -0.346824593513347 0
0.06955849695225594 -0.9896592728893997 0
2.589469352515247 -0.5675052421575533 0
2.814431509736226 -0.317499464569825 0
2.676821731611547 0.5006379653009873 0
0.5122120836083621 -1.102376072825381 0
2.884868892871821 0.1577831789926716 0
0.06063008068836608 -0.6023693895513333 0
0.9017057759431261 -1.265669316370579 0
1.899731994757898 -1.517892752463924 0
2.930083161439808 -0.09372294224765451 0
0.06508263970733884 0.9525813741889755 0
2.619885588512892 0.5368429731094138 0
0.05706790034488949 -0.279310318870453 0
2.376735451444216 -0.9215046794466897 0
2.31565694148275 0.9472556835296446 0
2.016307610421452 1.359478923711333 0
0.06577581060089877 0.03430420065845648 0
0.0657034776291102 0.731300907330666 0
1.908380897011779 1.497574053285227 0
1.395884450609665 -1.427244268917472 0
0.1231759299787177 0.6857764897686789 0
2.031100347147003 -1.397678036582092 0
0.02676134824360323 -0.4227826331154662 0
2.723806175472852 0.442722208093977 0
2.384404677668702 -0.8544481738182549 0
0.1628208402968946 -0.1374319520696028 0
0.06215161666521385 0.8784531484972059 0
2.206327564469633 1.090859874205683 0
2.72866548538275 -0.3767383018963384 0
1.647475847893708 -1.466546221721806 0
1.007212095974975 -1.265594653617607 0
0.02959468908176649 0.3901913735494068 0
0.8509854977078132 -1.212043162154404 0
2.98715757970867 0.02216190257582314 0
2.824675928324667 -0.2426496030168648 0
1.501405909517175 -1.427274758258751 0
0.1278246251236133 -0.8004203958763852 0
0.06333392744056282 0.2312803563470552 0
2.124787021446922 1.207333300955243 0
2.040092992520952 -1.325911754580507 0
2.423217010937655 0.796431049392738 0
2.146657287211058 -1.176579848408535 0
0.4362037527076158 -1.081273795200435 0
0.2854001460716062 -0.9903364336371133 0
1.344572252685597 -1.373881911102709 0
0.6726294748920255 -1.194825833596909 0
2.481208524454803 -0.7135248106383958 0
1.948019106891463 -1.458795500609087 0
2.766334098202323 0.2220427213271346 0
0.09771072840734883 -0.9692357932826809 0
1.837807748515591 -1.536835058584686 0
1.606569395661011 -1.427350892015347 0
2.290658024287293 -0.984355244858928 0
2.907928288044022 0.1299446971964085 0
2.870828421601904 -0.1897506269861088 0
0.0265012576705958 -0.2914494333296683 0
2.648650578328683 0.5469998217460494 0
0.1277393634466804 0.03510835234874668 0
2.087736356378402 -1.271083451965537 0
2.52605487906117 -0.6622118551868947 0
2.340098801912895 0.9206766029772526 0
2.882081944508341 -0.1160423903978126 0
2.041452674697532 1.332674255652433 0
0.09679102768257107 0.5507623889428839 0
0.09060229140563633 0.8600098940711925 0
0.3888297458023565 -1.029265864581088 0
1.27174974463699 -1.35488285576353 0
1.964245361008901 1.495404452430218 0
1.116806825622171 -1.304247152827614 0
1.661099450906948 -1.517638487709588 0
0.02121186109749786 -0.4596673865337564 0
0.05696827952272932 -0.6381530238572751 0
0.05603530518558361 0.5203622889341657 0
0.7798430434768936 -1.153277069232378 0
2.434348089179773 -0.7934123764328601 0
2.749522141747154 0.4166983959462252 0
2.541222351458432 0.7023009996787766 0
3.009540999717544 0.001312910295582544 0
2.658007157442386 -0.5438463758507848 0
$EndNodes
$Elements
11 10457 1 10457
0 1 15 1
1 1 
0 2 15 1
2 2 
0 3 15 1
3 3 
0 4 15 1
4 4 
0 5 15 1
5 5 
1 1 1 50
6 1 6 
7 6 7 
8 7 8 
9 8 9 
10 9 10 
11 10 11 
12 11 12 
13 12 13 
14 13 14 
15 14 15 
16 15 16 
17 16 17 
18 17 18 
19 18 19 
20 19 20 
21 20 21 
22 21 22 
23 22 23 
24 23 24 
25 24 25 
26 25 26 
27 26 27 
28 27 28 
29 28 29 
30 29 30 
31 30 31 
32 31 32 
33 32 33 
34 33 34 
35 34 35 
36 35 36 
37 36 37 
38 37 38 
39 38 39 
40 39 40 
41 40 41 
42 41 42 
43 42 43 
44 43 44 
45 44 45 
46 45 46 
47 46 47 
48 47 48 
49 48 49 
50 49 50 
51 50 51 
52 51 52 
53 52 53 
54 53 54 
55 54 2 
1 2 1 50
56 2 55 
57 55 56 
58 56 57 
59 57 58 
60 58 59 
61 59 60 
62 60 61 
63 61 62 
64 62 63 
65 63 64 
66 64 65 
67 65 66 
68 66 67 
69 67 68 
70 68 69 
71 69 70 
72 70 71 
73 71 72 
74 72 73 
75 73 74 
76 74 75 
77 75 76 
78 76 77 
79 77 78 
80 78 79 
81 79 80 
82 80 81 
83 81 82 
84 82 83 
85 83 84 
86 84 85 
87 85 86 
88 86 87 
89 87 88 
90 88 89 
91 89 90 
92 90 91 
93 91 92 
94 92 93 
95 93 94 
96 94 95 
97 95 96 
98 96 97 
99 97 98 
100 98 99 
101 99 100 
102 100 101 
103 101 102 
104 102 103 
105 103 3 
1 3 1 51
106 3 104 
107 104 105 
108 105 106 
109 106 107 
110 107 108 
111 108 109 
112 109 110 
113 110 111 
114 111 112 
115 112 113 
116 113 114 
117 114 115 
118 115 116 
119 116 117 
120 117 118 
121 118 119 
122 119 120 
123 120 121 
124 121 122 
125 122 123 
126 123 124 
127 124 125 
128 125 126 
129 126 127 
130 127 128 
131 128 129 
132 129 130 
133 130 131 
134 131 132 
135 132 133 
136 133 134 
137 134 135 
138 135 136 
139 136 137 
140 137 138 
141 138 139 
142 139 140 
143 140 141 
144 141 142 
145 142 143 
146 143 144 
147 144 145 
148 145 146 
149 146 147 
150 147 148 
151 148 149 
152 149 150 
153 150 151 
154 151 152 
155 152 153 
156 153 4 
1 4 1 51
157 4 154 
158 154 155 
159 155 156 
160 156 157 
161 157 158 
162 158 159 
163 159 160 
164 160 161 
165 161 162 
166 162 163 
167 163 164 
168 164 165 
169 165 166 
170 166 167 
171 167 168 
172 168 169 
173 169 170 
174 170 171 
175 171 172 
176 172 173 
177 173 174 
178 174 175 
179 175 176 
180 176 177 
181 177 178 
182 178 179 
183 179 180 
184 180 181 
185 181 182 
186 182 183 
187 183 184 
188 184 185 
189 185 186 
190 186 187 
191 187 188 
192 188 189 
193 189 190 
194 190 191 
195 191 192 
196 192 193 
197 193 194 
198 194 195 
199 195 196 
200 196 197 
201 197 198 
202 198 199 
203 199 200 
204 200 201 
205 201 202 
206 202 203 
207 203 5 
1 5 1 50
208 5 204 
209 204 205 
210 205 206 
211 206 207 
212 207 208 
213 208 209 
214 209 210 
215 210 211 
216 211 212 
217 212 213 
218 213 214 
219 214 215 
220 215 216 
221 216 217 
222 217 218 
223 218 219 
224 219 220 
225 220 221 
226 221 222 
227 222 223 
228 223 224 
229 224 225 
230 225 226 
231 226 227 
232 227 228 
233 228 229 
234 229 230 
235 230 231 
236 231 232 
237 232 233 
238 233 234 
239 234 235 
240 235 236 
241 236 237 
242 237 238 
243 238 239 
244 239 240 
245 240 241 
246 241 242 
247 242 243 
248 243 244 
249 244 245 
250 245 246 
251 246 247 
252 247 248 
253 248 249 
254 249 250 
255 250 251 
256 251 252 
257 252 1 
2 1 2 10200
258 3259 5032 5088 
259 3064 300 4152 
260 307 3096 3751 
261 283 3142 3143 
262 283 3140 3142 
263 2911 3603 5087 
264 2713 3302 4240 
265 3040 4881 5076 
266 4240 3302 5176 
267 307 3751 3752 
268 189 190 3274 
269 1865 3957 3967 
270 288 3067 4010 
271 3958 3954 4933 
272 312 189 3274 
273 271 3063 3223 
274 3061 332 3105 
275 3874 3602 5045 
276 3602 3874 5140 
277 278 3065 3965 
278 5032 3899 5147 
279 345 3959 4011 
280 3995 3073 5011 
281 3067 288 5126 
282 291 3078 3287 
283 3603 2911 5045 
284 3073 3995 5138 
285 1641 1659 3908 
286 3957 1865 4933 
287 2781 3144 3145 
288 2125 5032 5147 
289 332 3061 3104 
290 253 3066 3711 
291 2091 3976 3977 
292 165 274 3776 
293 2101 2308 3131 
294 4881 267 5076 
295 3047 303 5148 
296 303 3047 5078 
297 312 3054 5128 
298 3278 348 5167 
299 340 3752 5131 
300 3752 3753 5131 
301 2790 2791 3753 
302 305 3049 5152 
303 3049 305 5081 
304 306 3071 3072 
305 3063 271 4823 
306 3032 2524 5098 
307 3976 2091 5015 
308 3573 4021 4065 
309 3275 3276 4768 
310 3053 4498 5057 
311 3039 3276 3278 
312 3436 309 4999 
313 164 165 3776 
314 3140 283 5035 
315 3959 3068 5126 
316 3070 4325 5001 
317 5071 301 5123 
318 3276 3039 4768 
319 2785 3986 3987 
320 144 145 3143 
321 300 3064 5018 
322 3068 3959 5143 
323 4879 3053 5057 
324 311 3043 5099 
325 3043 311 5176 
326 2326 4005 4007 
327 3044 4003 4978 
328 357 1201 4759 
329 311 4240 5176 
330 3136 3028 3998 
331 335 3136 3998 
332 309 3436 4151 
333 289 3076 3088 
334 3062 287 5166 
335 228 229 3112 
336 34 35 3155 
337 3039 3278 5167 
338 3122 3140 5035 
339 3066 253 4805 
340 2966 3976 5015 
341 3033 2344 5097 
342 3077 272 4302 
343 287 3062 5075 
344 1201 3102 4759 
345 4003 3044 5191 
346 2090 3958 4933 
347 3096 307 4719 
348 3054 312 5117 
349 3976 2966 5144 
350 4213 2713 4240 
351 5032 2125 5088 
352 254 228 3112 
353 4999 309 5142 
354 348 3278 5145 
355 310 3129 4462 
356 2781 3145 5120 
357 3238 3070 5001 
358 3065 2710 3965 
359 1916 1641 3908 
360 3042 5071 5123 
361 3041 4999 5142 
362 3155 327 3179 
363 3065 278 3966 
364 276 215 3114 
365 4012 3032 5098 
366 4011 3959 5126 
367 2182 2101 3131 
368 369 579 4771 
369 215 216 3114 
370 2381 3107 3386 
371 5125 187 5128 
372 3107 579 3386 
373 3099 341 3101 
374 4152 300 5122 
375 39 3075 5076 
376 2791 2795 3753 
377 579 3107 4771 
378 316 3109 3327 
379 3287 3078 5034 
380 3181 2764 5059 
381 3075 39 5180 
382 1659 2075 3908 
383 3071 306 5089 
384 2308 3061 3131 
385 3129 310 5162 
386 3076 4950 5130 
387 198 199 3297 
388 199 317 3297 
389 5042 3259 5161 
390 3076 289 4950 
391 2737 3982 3983 
392 339 3478 4994 
393 3023 5093 5095 
394 5093 4014 5095 
395 3986 2785 5122 
396 263 3098 4226 
397 4486 1822 4779 
398 2333 5112 5113 
399 5112 3998 5113 
400 3603 295 5087 
401 3136 5114 5116 
402 5114 270 5116 
403 3751 2790 3753 
404 2326 4007 5192 
405 3119 268 4138 
406 3179 327 5186 
407 1822 3379 4073 
408 3954 3957 4933 
409 3379 1822 4486 
410 272 3077 5190 
411 292 90 5056 
412 306 3072 3073 
413 3868 3033 5097 
414 2515 2514 3179 
415 145 283 3143 
416 336 144 3143 
417 3434 3435 4507 
418 3435 2802 4507 
419 258 5042 5161 
420 3377 3440 3441 
421 4950 347 5130 
422 3963 5053 5129 
423 1404 1707 4547 
424 269 3123 3447 
425 3058 5125 5128 
426 2488 5103 5105 
427 5103 3915 5105 
428 1707 3116 4547 
429 2664 3121 3439 
430 3959 345 5198 
431 3121 1428 3439 
432 2786 5108 5111 
433 5108 3783 5111 
434 298 34 3155 
435 35 327 3155 
436 3478 339 5195 
437 3573 4065 5049 
438 341 3099 3129 
439 3068 3067 5126 
440 3930 2750 5026 
441 4762 1201 4764 
442 5032 3259 5042 
443 3097 4762 4764 
444 3062 3977 5075 
445 1723 3275 4768 
446 2822 3096 4719 
447 3113 323 3587 
448 3314 3022 4367 
449 3078 291 5146 
450 268 3138 4138 
451 3309 3310 3507 
452 3086 267 4881 
453 292 3309 3507 
454 3776 274 5002 
455 3043 3063 4823 
456 1723 3097 4764 
457 3106 298 3155 
458 3097 1723 4768 
459 1425 3464 4757 
460 3977 3062 5169 
461 359 357 4759 
462 3274 190 5014 
463 32 5033 5051 
464 316 3327 3328 
465 2713 4213 4682 
466 3075 3040 5076 
467 3386 4770 4777 
468 3103 297 4543 
469 4770 2955 4777 
470 3150 269 3447 
471 3102 1201 4762 
472 3464 2539 4757 
473 298 3106 3151 
474 322 3181 5059 
475 3982 2737 4986 
476 2251 4790 5036 
477 4010 3067 5024 
478 3540 5072 5160 
479 4021 3573 5150 
480 3054 3058 5128 
481 4815 3996 5191 
482 3440 4486 4779 
483 267 3086 5119 
484 3384 2955 4770 
485 2780 5069 5070 
486 2955 3384 4766 
487 5069 906 5070 
488 1125 1266 5023 
489 3440 3439 3441 
490 2664 3439 3440 
491 2750 3930 5222 
492 448 3494 4696 
493 5061 294 5064 
494 3181 5061 5064 
495 2793 4643 5020 
496 3043 4823 5099 
497 371 369 4771 
498 3901 1743 5147 
499 2953 3494 3495 
500 2137 4650 5019 
501 3035 2515 3179 
502 5005 159 5038 
503 5067 265 5068 
504 3025 5067 5068 
505 3109 316 4811 
506 281 3296 4659 
507 5007 3317 5010 
508 1820 4706 5016 
509 312 3274 5117 
510 3494 2953 4696 
511 1743 3901 5174 
512 1618 5007 5010 
513 305 3087 5081 
514 279 3994 4965 
515 2381 3386 4777 
516 2075 3905 3907 
517 3205 334 3775 
518 3095 303 5078 
519 3111 293 4679 
520 5053 2117 5129 
521 4710 3015 4781 
522 3126 2000 3499 
523 3128 2639 3498 
524 423 434 4683 
525 5000 2986 5003 
526 2514 3106 3179 
527 3309 292 5056 
528 3145 2042 5120 
529 1042 5000 5003 
530 3500 2973 4491 
531 2639 3135 3498 
532 3135 707 3498 
533 2815 3133 3635 
534 3133 434 3635 
535 4990 3186 4992 
536 3379 3378 4793 
537 3378 4790 4793 
538 2952 3496 4597 
539 812 4990 4992 
540 3061 3105 3131 
541 5051 3153 5165 
542 434 3133 4683 
543 3232 3082 4644 
544 3108 5041 5043 
545 5041 533 5043 
546 2665 4813 5030 
547 1707 3434 4507 
548 3524 3528 4972 
549 483 4773 4776 
550 4773 3121 4776 
551 3440 3377 4486 
552 1266 1404 4547 
553 3116 1707 4507 
554 1139 4740 4997 
555 1206 4710 4781 
556 464 4756 4995 
557 3087 305 5172 
558 831 4520 4974 
559 3115 264 4795 
560 303 3095 5171 
561 2000 1999 3499 
562 3544 3546 4734 
563 4954 3553 4960 
564 2075 3907 3908 
565 534 4954 4960 
566 1199 3118 4650 
567 430 580 4634 
568 3118 1199 4643 
569 3098 263 5194 
570 4946 3137 4952 
571 1607 4946 4952 
572 666 3547 4725 
573 3127 2590 3500 
574 2042 3145 5197 
575 273 3996 4815 
576 3899 3901 5147 
577 4073 3379 4793 
578 438 441 4635 
579 3023 3024 5091 
580 3023 5091 5093 
581 1428 3121 4773 
582 4927 3270 4930 
583 580 3146 4634 
584 5139 315 5158 
585 2639 3128 3499 
586 516 4927 4930 
587 1206 3228 4706 
588 3740 3741 4921 
589 2524 2782 5098 
590 3546 2152 4734 
591 5072 259 5160 
592 3495 4753 4948 
593 3101 341 5079 
594 2353 2812 4628 
595 441 3147 4635 
596 3848 3865 4937 
597 3435 3436 4999 
598 13 14 3966 
599 583 4697 4967 
600 3123 269 4870 
601 3547 2689 4725 
602 4914 3586 4918 
603 3002 4987 4989 
604 1609 4914 4918 
605 3871 4983 4984 
606 4987 2691 4989 
607 2953 3495 3496 
608 3144 2781 5137 
609 4905 3355 4910 
610 3044 4815 5191 
611 4983 891 4984 
612 3131 3105 5158 
613 473 4905 4910 
614 3150 3087 5172 
615 3158 3445 4718 
616 2000 3126 3500 
617 2938 4848 4851 
618 3095 3138 5171 
619 3619 1425 4757 
620 4884 3169 4888 
621 3228 1206 4781 
622 3933 900 4070 
623 2826 3157 4716 
624 1608 4884 4888 
625 1420 4715 4958 
626 4566 3780 4587 
627 3132 3131 5158 
628 3752 3751 3753 
629 2911 3874 5045 
630 2630 4587 4596 
631 2630 4566 4587 
632 3130 2811 4609 
633 2629 2630 4596 
634 254 3112 5031 
635 2590 2973 3500 
636 5033 3153 5051 
637 297 3103 5156 
638 3011 4520 4542 
639 3153 3154 5165 
640 2810 3011 4542 
641 3130 2629 4596 
642 3489 3490 4751 
643 3490 4749 4751 
644 268 3119 4883 
645 3780 2810 4542 
646 2629 3130 4609 
647 2590 3127 4740 
648 2810 3780 4566 
649 3445 933 4718 
650 3027 3149 5090 
651 1892 1890 3991 
652 3159 910 3932 
653 2350 2380 3888 
654 3027 5090 5092 
655 463 467 3890 
656 3619 2813 4756 
657 3160 3159 3932 
658 4848 447 4851 
659 2813 3619 4757 
660 4790 3378 5036 
661 3157 918 4716 
662 3161 538 3163 
663 2004 3178 3292 
664 3134 4748 4955 
665 3783 5110 5111 
666 3392 2986 4996 
667 5105 3915 5107 
668 3915 3914 5107 
669 4609 2811 4765 
670 815 3174 3175 
671 4693 3635 4701 
672 3783 3784 5110 
673 3174 815 4144 
674 3187 3186 4988 
675 2345 4693 4701 
676 3177 3174 4144 
677 3489 1825 4753 
678 3496 1859 4597 
679 4996 2986 5000 
680 1999 2639 3499 
681 1583 3177 4144 
682 1266 4547 5023 
683 4988 3186 4990 
684 1825 3489 4751 
685 3642 448 4696 
686 276 3114 5037 
687 2359 1935 4662 
688 323 3113 5141 
689 5104 280 5132 
690 2182 3131 3132 
691 2952 2953 3496 
692 4643 1199 5020 
693 349 4490 4499 
694 3786 3713 4649 
695 3150 5172 5224 
696 3515 4727 4728 
697 2812 3164 3990 
698 4727 2637 4728 
699 3164 1899 3990 
700 4650 3118 5019 
701 2879 2359 3165 
702 3971 2714 5123 
703 436 432 4912 
704 4965 3994 5183 
705 253 3711 5189 
706 3827 262 5125 
707 2805 2350 3888 
708 3521 4730 4731 
709 3887 2805 3888 
710 4730 2636 4731 
711 2000 3500 4491 
712 3642 2814 4697 
713 5171 3138 5219 
714 425 423 4683 
715 2814 3642 4696 
716 3561 4732 4738 
717 4706 3228 5016 
718 4732 2635 4738 
719 3165 2359 4662 
720 3637 2345 4701 
721 3271 3270 4924 
722 2539 3464 4813 
723 2344 2787 5097 
724 3139 4739 4742 
725 4924 3270 4927 
726 2345 3637 4709 
727 4739 2633 4742 
728 472 475 3891 
729 3162 4407 4447 
730 2619 3786 4649 
731 3356 3355 4897 
732 4839 3625 4843 
733 1584 4908 4940 
734 3528 798 4972 
735 477 479 3346 
736 4897 3355 4905 
737 3546 4737 4741 
738 2815 3635 4693 
739 814 4839 4843 
740 707 3135 4715 
741 4737 2348 4741 
742 5050 3253 5052 
743 4833 3597 4836 
744 1541 3888 3889 
745 2004 3292 3764 
746 4975 3525 4976 
747 429 4833 4836 
748 336 3143 3144 
749 2163 1735 3733 
750 3933 2471 4842 
751 3531 2637 4727 
752 293 3111 5168 
753 3178 2004 3770 
754 3790 5005 5038 
755 815 3175 3770 
756 3532 4648 4866 
757 2495 4975 4976 
758 3640 2858 4909 
759 2802 3435 4999 
760 2637 3531 4723 
761 4957 3221 4961 
762 1597 4957 4961 
763 3296 281 5170 
764 3733 2151 4862 
765 787 4963 4966 
766 4963 3747 4966 
767 4165 3481 5195 
768 3515 2636 4730 
769 278 13 3966 
770 14 331 3966 
771 5092 304 5127 
772 2812 3991 4628 
773 4827 3593 4829 
774 3338 3337 4789 
775 1541 3889 3890 
776 813 4827 4829 
777 2636 3515 4728 
778 432 430 4634 
779 2805 3887 3891 
780 3741 1605 4921 
781 4941 3768 4945 
782 4753 1825 4948 
783 3521 2635 4732 
784 3187 534 4960 
785 3163 538 3346 
786 771 4941 4945 
787 4938 3282 4939 
788 4820 2944 4821 
789 538 3161 3891 
790 2635 3521 4731 
791 3584 2222 4774 
792 433 4820 4821 
793 4520 3011 4974 
794 1601 4938 4939 
795 3888 2380 3889 
796 440 438 4635 
797 3169 447 4848 
798 4740 3127 4997 
799 3547 3544 4734 
800 2471 3933 4070 
801 3932 900 3933 
802 3561 2633 4739 
803 3297 317 5060 
804 3112 229 5156 
805 5102 257 5124 
806 2633 3561 4738 
807 2471 2353 4628 
808 2471 4628 4842 
809 2380 4097 4744 
810 343 3238 5001 
811 4756 2813 4995 
812 2858 666 4725 
813 3139 2348 4737 
814 4962 3861 4964 
815 4982 3818 5017 
816 271 3223 5187 
817 3147 441 4639 
818 4926 3741 4928 
819 4991 2296 5029 
820 2348 3139 4742 
821 442 445 3764 
822 758 4926 4928 
823 2519 4962 4964 
824 2394 3222 3225 
825 1890 2148 3991 
826 3222 2187 3225 
827 3173 1507 3571 
828 4980 3442 5012 
829 4258 5085 5106 
830 4813 3464 5030 
831 461 463 3890 
832 3990 1892 3991 
833 467 1541 3890 
834 5054 3307 5062 
835 5096 2783 5127 
836 3042 3984 5071 
837 740 726 3881 
838 3865 3000 4937 
839 450 452 3770 
840 3292 4816 4818 
841 2879 3165 3733 
842 3247 4920 4923 
843 3137 516 4930 
844 2152 3546 4741 
845 332 3104 5086 
846 4920 2477 4923 
847 2818 3777 3989 
848 3314 4367 5121 
849 3156 2938 4849 
850 3177 1583 4744 
851 3482 3246 3483 
852 180 4841 4852 
853 5109 2759 5132 
854 3889 4744 4847 
855 4849 2938 4851 
856 3002 3765 4985 
857 3412 3411 4733 
858 2393 3364 4699 
859 3002 4985 4987 
860 2077 2666 4442 
861 2764 3006 5059 
862 2689 3547 4734 
863 3168 2646 3170 
864 5101 2757 5124 
865 3143 3142 3144 
866 3146 580 4748 
867 3624 3625 4837 
868 2646 2073 3170 
869 3157 3158 4718 
870 2666 3183 4442 
871 4837 3625 4839 
872 3414 3415 4745 
873 3571 3570 4095 
874 3173 3571 4095 
875 4697 2814 4967 
876 3160 3932 3933 
877 333 3122 5035 
878 3159 2826 4716 
879 3170 2073 3201 
880 2176 3184 3185 
881 582 3699 4832 
882 4806 4397 4810 
883 3905 2075 4998 
884 3246 3244 3483 
885 3596 3597 4831 
886 3105 5139 5158 
887 3356 1608 4888 
888 2176 2833 3184 
889 3943 1682 4671 
890 3106 3155 3179 
891 4831 3597 4833 
892 2564 3171 3201 
893 3172 834 3881 
894 3175 3178 3770 
895 4816 1146 4818 
896 3412 2388 3570 
897 2394 2393 3222 
898 3570 2388 4095 
899 2700 2160 3265 
900 4677 2623 4680 
901 3183 2666 4682 
902 1143 3219 3417 
903 3271 1609 4918 
904 2187 2942 3225 
905 3586 473 4910 
906 4805 340 5131 
907 3164 4677 4680 
908 3887 472 3891 
909 475 538 3891 
910 3204 3205 3774 
911 2733 3775 3776 
912 3244 1886 3483 
913 3592 3593 4825 
914 538 477 3346 
915 2366 3204 3774 
916 4407 2151 4447 
917 1507 3173 3881 
918 2812 3990 3991 
919 294 3691 5065 
920 4715 3135 4958 
921 479 1542 3346 
922 1608 3356 4897 
923 3553 1607 4952 
924 4825 3593 4827 
925 2707 3430 3708 
926 5064 294 5065 
927 447 3169 4884 
928 2778 3126 3499 
929 473 3586 4914 
930 3128 2778 3499 
931 3162 3163 4407 
932 933 3445 4721 
933 516 3137 4946 
934 3322 3324 4626 
935 1609 3271 4924 
936 2179 2047 3389 
937 1935 3786 4662 
938 3166 2944 4819 
939 2785 3987 5153 
940 3620 1966 3621 
941 918 3157 4718 
942 3324 1850 4626 
943 1735 2151 3733 
944 4819 2944 4820 
945 3620 2820 4427 
946 1607 3553 4954 
947 3165 2163 3733 
948 3713 582 4649 
949 2396 3224 4420 
950 1603 3338 4789 
951 3253 2376 4343 
952 3889 2380 4744 
953 910 3159 4716 
954 2819 3210 3943 
955 3171 2564 3248 
956 2714 3971 5213 
957 1966 3620 4427 
958 1001 1003 3875 
959 3242 1886 3244 
960 2079 4877 4907 
961 3251 2376 3253 
962 3210 2819 4081 
963 302 3982 4986 
964 3211 3210 4081 
965 1613 3203 3736 
966 3222 2393 4699 
967 2968 3584 4774 
968 4454 3468 4681 
969 2151 4407 4862 
970 1906 3211 4081 
971 5025 3790 5210 
972 3211 1906 3213 
973 2388 3412 4733 
974 3196 3197 4431 
975 1471 1441 3200 
976 1899 3164 4680 
977 3172 2623 4673 
978 2726 5050 5052 
979 3213 1906 4080 
980 1960 3196 4431 
981 2733 3774 3775 
982 3215 3213 4080 
983 3126 3127 3500 
984 2837 3248 3567 
985 3219 2622 3417 
986 1422 927 3195 
987 3392 812 4992 
988 4673 2623 4677 
989 3215 2196 3726 
990 1514 1515 4720 
991 2819 3943 4671 
992 667 669 3737 
993 2373 3193 3266 
994 22 3124 5148 
995 3317 1042 5003 
996 2196 3215 4080 
997 3786 2619 4662 
998 3193 2373 3194 
999 3726 3724 4593 
1000 534 3187 4988 
1001 439 442 3764 
1002 3190 2177 3240 
1003 2176 3185 3265 
1004 3508 3507 5063 
1005 671 673 4110 
1006 3508 5063 5066 
1007 3206 1076 3248 
1008 445 2004 3764 
1009 2190 3414 4745 
1010 1613 3736 3737 
1011 834 740 3881 
1012 2004 450 3770 
1013 1223 3180 4534 
1014 3202 789 3942 
1015 2180 4491 4750 
1016 3156 814 4843 
1017 1612 3400 4501 
1018 452 815 3770 
1019 2480 3257 3919 
1020 4876 3450 4890 
1021 726 1507 3881 
1022 2618 3841 4712 
1023 2818 3204 3777 
1024 3258 3259 5088 
1025 3224 3200 4420 
1026 812 3392 4996 
1027 4748 580 4955 
1028 3777 1682 3989 
1029 2830 3180 4573 
1030 2376 3251 4387 
1031 3066 4805 5131 
1032 432 4634 4912 
1033 1682 3777 4671 
1034 2177 3190 3241 
1035 2830 4573 4582 
1036 3942 789 4266 
1037 3191 1921 3199 
1038 2160 2176 3265 
1039 3184 2833 3430 
1040 3624 429 4836 
1041 3266 3193 4159 
1042 3251 3250 4387 
1043 1921 3191 3240 
1044 1223 4534 4546 
1045 781 818 4340 
1046 2862 3988 4702 
1047 4434 3188 4459 
1048 3218 4465 4700 
1049 3189 2048 3266 
1050 2015 4488 4511 
1051 4455 3621 4729 
1052 3201 3171 4025 
1053 814 3156 4849 
1054 3367 2632 3368 
1055 3182 788 4459 
1056 4583 2834 4633 
1057 788 4434 4459 
1058 2048 3189 3227 
1059 4648 2661 4866 
1060 2020 3217 3218 
1061 3232 4644 5218 
1062 3058 3055 3827 
1063 3125 137 5152 
1064 1754 2617 4692 
1065 3170 3201 4025 
1066 3737 4419 4540 
1067 3596 813 4829 
1068 3161 2805 3891 
1069 3215 3726 4593 
1070 1515 2632 3367 
1071 3180 1223 4573 
1072 4488 3182 4511 
1073 2664 3440 4779 
1074 429 3624 4837 
1075 4534 3400 4546 
1076 669 1613 3737 
1077 4026 2077 4442 
1078 3216 2297 3348 
1079 2073 2072 3201 
1080 2370 1846 3648 
1081 3015 3389 4781 
1082 4419 2013 4540 
1083 2707 3184 3430 
1084 2184 1837 4660 
1085 2072 2564 3201 
1086 3774 3205 3775 
1087 1224 3398 4455 
1088 788 3182 4488 
1089 1042 3317 5007 
1090 3773 3343 4641 
1091 3163 3346 3347 
1092 3188 2013 4419 
1093 2843 3216 3348 
1094 3621 1966 3875 
1095 3400 1612 4546 
1096 3427 3428 4503 
1097 3015 2179 3389 
1098 3324 4583 4633 
1099 2672 4876 4890 
1100 1886 3242 3648 
1101 834 3172 4673 
1102 2047 2048 3389 
1103 3430 1837 3708 
1104 4471 1612 4501 
1105 3427 928 4465 
1106 813 3596 4831 
1107 2373 1422 3195 
1108 779 780 4590 
1109 2980 2314 3311 
1110 3592 433 4821 
1111 889 916 3325 
1112 1921 1471 3200 
1113 2013 3188 4434 
1114 3223 3063 3822 
1115 3685 3074 3687 
1116 2834 4026 4442 
1117 2837 3171 3248 
1118 3578 3581 4726 
1119 3609 3610 4516 
1120 3194 2373 3195 
1121 3239 3057 3826 
1122 1003 1006 3875 
1123 2322 3223 3822 
1124 3398 4471 4501 
1125 3398 1224 4471 
1126 4503 3428 4538 
1127 90 91 5056 
1128 2568 3683 4370 
1129 3257 1546 3919 
1130 3163 3347 4407 
1131 3057 3234 3826 
1132 1966 1001 3875 
1133 3073 3072 4969 
1134 3203 1613 4110 
1135 3166 1146 4816 
1136 1076 3206 4561 
1137 433 3592 4825 
1138 3022 3314 5184 
1139 827 843 4183 
1140 3018 4915 4925 
1141 2856 3742 4535 
1142 2824 3190 3240 
1143 3792 4932 4942 
1144 1934 779 3288 
1145 3688 3687 4074 
1146 2581 3303 3688 
1147 3220 1768 3298 
1148 3409 4373 4558 
1149 3687 3074 4074 
1150 3189 3266 4159 
1151 3580 1591 4527 
1152 2606 3343 3353 
1153 2820 3196 4427 
1154 1934 3288 4248 
1155 1768 3220 3300 
1156 2845 3303 4564 
1157 3298 1768 4136 
1158 4097 3177 4744 
1159 2564 3206 3248 
1160 2502 2606 3353 
1161 3208 1546 3257 
1162 3425 3942 4266 
1163 2533 4589 4755 
1164 4969 3686 5011 
1165 2581 3688 4074 
1166 348 3328 5167 
1167 3234 1811 3826 
1168 3393 1456 4090 
1169 4408 2079 4413 
1170 2699 3269 3462 
1171 3610 1595 4516 
1172 1069 1315 4629 
1173 1613 671 4110 
1174 3209 791 4663 
1175 3173 3172 3881 
1176 928 3427 4503 
1177 4142 3668 4569 
1178 3200 1441 4420 
1179 1146 3166 4819 
1180 4026 2834 4583 
1181 2215 3322 3323 
1182 2223 2856 3308 
1183 3055 3057 3827 
1184 1546 3208 3408 
1185 3204 2366 3777 
1186 789 3202 4110 
1187 3230 2341 3261 
1188 2858 4725 4909 
1189 3197 3257 4431 
1190 2844 3348 3349 
1191 4684 898 4736 
1192 3305 2841 3321 
1193 3683 4408 4413 
1194 673 789 4110 
1195 3195 4454 4681 
1196 2297 3059 3348 
1197 4907 3718 4913 
1198 2855 2074 3260 
1199 2478 3298 4136 
1200 4868 2285 4878 
1201 3191 2824 3240 
1202 985 3305 3321 
1203 5054 2738 5055 
1204 1074 4536 4703 
1205 2873 4310 4371 
1206 1872 4915 4917 
1207 3283 2391 3722 
1208 3229 984 3538 
1209 1910 1925 3326 
1210 3196 1960 4427 
1211 4310 567 4371 
1212 3683 2568 4408 
1213 1925 3236 3326 
1214 3248 1076 3567 
1215 3217 2020 4183 
1216 1515 3367 4720 
1217 1811 3234 3459 
1218 2679 3740 4921 
1219 2552 3283 3722 
1220 1922 3262 3567 
1221 3195 927 4454 
1222 4463 3300 4505 
1223 3226 1872 4917 
1224 3262 2837 3567 
1225 3342 1043 3408 
1226 716 781 4340 
1227 3267 1933 3462 
1228 3364 791 4699 
1229 1248 4809 4830 
1230 3288 779 4590 
1231 3269 3267 3462 
1232 3358 2681 3359 
1233 3298 2478 3299 
1234 2855 3260 4113 
1235 3219 1143 4604 
1236 889 3325 3352 
1237 2997 3254 3541 
1238 2735 2178 3241 
1239 285 97 3250 
1240 3224 2396 4684 
1241 3323 3825 4557 
1242 973 960 4585 
1243 3254 1853 3541 
1244 3527 3524 4972 
1245 3289 2847 4452 
1246 3144 3142 3145 
1247 2178 2177 3241 
1248 1846 1886 3648 
1249 2896 3425 3512 
1250 985 986 3305 
1251 1933 3231 3330 
1252 3216 2843 3393 
1253 2177 1702 3240 
1254 3057 3239 3827 
1255 2396 3454 4684 
1256 2841 2842 3321 
1257 3671 2379 4458 
1258 2341 3230 3260 
1259 2969 3225 4775 
1260 3433 2835 3660 
1261 2569 2568 4370 
1262 3318 1602 3320 
1263 4806 2652 4812 
1264 3308 2856 4535 
1265 3199 1921 3200 
1266 1702 1921 3240 
1267 2314 2838 3311 
1268 2854 3433 3660 
1269 818 2020 4340 
1270 4213 261 4682 
1271 3069 2335 3272 
1272 1913 1910 3326 
1273 3190 2370 3648 
1274 3231 1933 3267 
1275 3922 2873 4414 
1276 1941 2286 4522 
1277 4334 2569 4370 
1278 3320 1602 4204 
1279 3718 1571 4913 
1280 2020 3218 4340 
1281 2074 2341 3260 
1282 809 3922 4414 
1283 3255 973 4585 
1284 2738 4377 5055 
1285 3411 3414 4733 
1286 3319 3935 4020 
1287 2215 3321 3322 
1288 4919 3778 4929 
1289 3409 3342 4373 
1290 3343 2606 4641 
1291 539 571 3300 
1292 4018 2822 4719 
1293 1723 351 3275 
1294 98 3249 3250 
1295 3318 3319 4157 
1296 1602 3318 4157 
1297 2976 4809 4814 
1298 4595 1499 4614 
1299 3528 3525 4973 
1300 2286 2681 3358 
1301 3208 3342 3408 
1302 3303 2581 4564 
1303 285 3250 3251 
1304 1005 1076 4561 
1305 1837 3430 4660 
1306 3390 2854 3660 
1307 1850 3324 4633 
1308 1769 3657 4142 
1309 3337 3584 4789 
1310 3458 3459 4399 
1311 3236 1925 3344 
1312 482 478 4078 
1313 3257 2480 4431 
1314 3332 1456 3393 
1315 3415 3417 4745 
1316 2873 4371 4414 
1317 2652 2651 4812 
1318 3407 4251 4553 
1319 3922 809 4456 
1320 3237 2838 3357 
1321 4465 928 4700 
1322 2095 2336 3357 
1323 3433 2322 3822 
1324 3441 521 4125 
1325 3638 3330 4481 
1326 3377 3441 4125 
1327 3323 3322 4626 
1328 3841 2031 4712 
1329 3540 3050 3541 
1330 3233 4456 4480 
1331 3935 3319 4047 
1332 1591 3580 4533 
1333 1576 3422 3885 
1334 1060 3935 4047 
1335 2228 3235 4645 
1336 916 2215 3325 
1337 4210 470 4313 
1338 3700 3698 4319 
1339 3988 2541 4702 
1340 3425 2896 3942 
1341 3416 1143 3417 
1342 3884 4968 4971 
1343 3007 4977 4981 
1344 3009 4977 4979 
1345 3613 983 4506 
1346 3674 2384 4393 
1347 3667 482 4078 
1348 1224 4455 4729 
1349 264 3115 5227 
1350 571 1768 3300 
1351 2723 4064 4895 
1352 667 3737 4540 
1353 2977 2976 4814 
1354 3657 4210 4313 
1355 4491 2973 4750 
1356 3299 2478 3723 
1357 2020 827 4183 
1358 1589 3256 3923 
1359 607 605 3416 
1360 1342 3289 4452 
1361 1959 2885 4023 
1362 791 712 4663 
1363 3422 3421 3885 
1364 3549 3548 4467 
1365 4744 1583 4847 
1366 3256 1589 3924 
1367 2617 3457 4692 
1368 1756 1505 3345 
1369 3590 3589 4670 
1370 3319 4020 4157 
1371 3568 2472 4435 
1372 2475 3700 4319 
1373 102 103 3277 
1374 3459 3234 4399 
1375 3263 1060 4047 
1376 4973 3525 4975 
1377 3724 957 4593 
1378 2838 3237 3311 
1379 2885 3644 4023 
1380 3010 3009 4979 
1381 98 99 3249 
1382 1591 4517 4527 
1383 3325 3323 4557 
1384 1589 3923 4186 
1385 4456 809 4480 
1386 3923 3294 4186 
1387 986 988 4484 
1388 3512 3422 4402 
1389 3657 1769 4210 
1390 3965 2710 5053 
1391 5066 2754 5080 
1392 3250 3249 4387 
1393 290 350 351 
1394 3216 3393 4090 
1395 2987 4891 4904 
1396 3579 3580 4527 
1397 351 350 3275 
1398 3644 2885 3878 
1399 984 3229 4183 
1400 3421 1765 3885 
1401 3272 2335 3331 
1402 1545 3233 4480 
1403 957 958 4689 
1404 3409 4558 4595 
1405 547 545 3329 
1406 1253 3351 3823 
1407 2991 4885 4892 
1408 843 984 4183 
1409 1150 1955 3365 
1410 3452 2855 4113 
1411 2222 2223 4774 
1412 3235 2920 4645 
1413 3351 3350 4109 
1414 214 276 3315 
1415 4895 4064 4899 
1416 2969 4775 4784 
1417 4115 4882 4889 
1418 2379 4432 4458 
1419 1315 3341 4629 
1420 4649 582 4832 
1421 3350 2285 4109 
1422 3674 3673 4421 
1423 3305 986 4484 
1424 2896 3512 4402 
1425 1955 3279 3365 
1426 3538 984 4219 
1427 3262 1922 3568 
1428 1853 3254 3542 
1429 2771 2769 4489 
1430 3050 2997 3541 
1431 1457 1456 3332 
1432 4506 983 4508 
1433 2307 2839 3273 
1434 4591 1418 4685 
1435 4604 3743 4713 
1436 2379 3671 4493 
1437 3697 3696 4638 
1438 3400 3399 4501 
1439 320 3306 3307 
1440 517 3633 4598 
1441 1765 3421 3787 
1442 3012 4878 4880 
1443 2048 1908 3266 
1444 2777 3295 3296 
1445 3233 1545 4505 
1446 3281 2670 3285 
1447 4466 904 4607 
1448 2777 2299 3295 
1449 2881 3538 4219 
1450 1253 1254 4253 
1451 2286 3358 4522 
1452 4334 3654 4672 
1453 3823 3351 4109 
1454 1099 3405 3407 
1455 2289 3281 3285 
1456 2391 3283 4450 
1457 3206 3207 4561 
1458 4421 3673 4432 
1459 3238 343 5136 
1460 290 100 350 
1461 207 291 3287 
1462 3404 2184 3406 
1463 3877 3565 4441 
1464 2336 3237 3357 
1465 1908 2373 3266 
1466 1765 3787 3880 
1467 4432 3673 4458 
1468 1545 4463 4505 
1469 451 449 3924 
1470 4517 3613 4527 
1471 1769 4142 4569 
1472 4663 1926 4761 
1473 97 98 3250 
1474 2735 3241 3242 
1475 1251 3549 4467 
1476 3351 1253 4253 
1477 1060 3263 3329 
1478 3465 1497 3542 
1479 1099 3403 3405 
1480 3294 459 4186 
1481 1148 1150 3365 
1482 1143 603 4604 
1483 4861 4267 4865 
1484 3737 3736 4419 
1485 3262 3568 4435 
1486 4867 4161 4871 
1487 932 1027 3723 
1488 1980 2391 4450 
1489 545 1060 3329 
1490 3337 3335 3583 
1491 605 1143 3416 
1492 2835 3433 3822 
1493 983 3613 4517 
1494 3722 3609 4516 
1495 2530 3012 4880 
1496 3633 3632 4598 
1497 2048 3227 3389 
1498 4264 3647 4487 
1499 3683 3682 4370 
1500 2697 3767 3769 
1501 2769 3030 4489 
1502 2014 3877 4441 
1503 2409 3571 4028 
1504 3335 1873 3583 
1505 3330 3231 4481 
1506 2874 3256 4537 
1507 3279 1955 3401 
1508 1589 451 3924 
1509 3979 3832 4478 
1510 3571 1507 4028 
1511 459 3294 3920 
1512 4251 2584 4553 
1513 3185 3187 3265 
1514 746 4934 4935 
1515 2289 3285 3382 
1516 3327 3038 3328 
1517 1151 1149 4024 
1518 4908 3019 4940 
1519 1619 3716 4579 
1520 4894 1417 4900 
1521 3476 3475 3575 
1522 3769 2288 4023 
1523 867 486 4046 
1524 4272 2037 4515 
1525 2854 3390 3391 
1526 3254 3465 3542 
1527 3566 3562 4606 
1528 3678 2392 4086 
1529 286 211 3312 
1530 3767 2288 3769 
1531 3275 318 3276 
1532 3316 2696 3501 
1533 350 318 3275 
1534 521 3381 4125 
1535 482 3667 3979 
1536 1460 1457 3332 
1537 3064 3098 5018 
1538 2223 3308 4743 
1539 3610 4506 4508 
1540 478 476 4078 
1541 3300 3220 4505 
1542 1656 1691 4060 
1543 2556 3565 4024 
1544 1691 2095 3357 
1545 3583 2222 3584 
1546 2902 3701 4551 
1547 3333 1873 3335 
1548 353 351 1723 
1549 2303 3316 3501 
1550 3669 3656 3759 
1551 3293 792 4568 
1552 2384 3674 4421 
1553 3276 3277 3278 
1554 1925 1756 3345 
1555 3466 2904 4406 
1556 3105 332 5139 
1557 3363 1740 4106 
1558 3413 1917 3415 
1559 1917 3413 3418 
1560 3467 3649 4448 
1561 3831 1971 3832 
1562 3286 2857 4221 
1563 3574 3479 3575 
1564 3180 3588 4534 
1565 3643 1497 4295 
1566 2288 1959 4023 
1567 3167 3291 3363 
1568 1917 607 3416 
1569 3403 1099 4304 
1570 3470 4934 4936 
1571 547 3329 4322 
1572 3716 3715 4579 
1573 792 793 4568 
1574 1358 3814 4390 
1575 3511 1133 3643 
1576 265 87 3509 
1577 1497 3465 4295 
1578 521 381 3381 
1579 1257 1258 4233 
1580 3301 1278 4338 
1581 2728 3038 3327 
1582 320 95 3306 
1583 1101 1097 3407 
1584 3207 4536 4561 
1585 4361 3807 4477 
1586 3422 1576 4402 
1587 2632 2647 4785 
1588 3575 3475 3937 
1589 3920 2877 4379 
1590 3787 2416 3880 
1591 1294 1918 3391 
1592 3675 3674 4393 
1593 4577 2899 4581 
1594 2857 3286 3460 
1595 3337 3583 3584 
1596 3031 3302 3394 
1597 717 791 3364 
1598 1353 3340 4277 
1599 290 351 352 
1600 3345 1505 4264 
1601 3559 3867 4331 
1602 967 3701 4572 
1603 3442 2094 3448 
1604 352 351 353 
1605 559 561 3408 
1606 3321 2842 3322 
1607 2849 3358 3359 
1608 2311 1790 3394 
1609 3402 3403 4304 
1610 3950 2386 4149 
1611 4008 3382 4357 
1612 856 4376 4391 
1613 1595 3610 4508 
1614 2012 3536 3537 
1615 2096 2098 3331 
1616 3241 3190 3648 
1617 3701 969 4551 
1618 4873 3844 4874 
1619 2341 2307 3273 
1620 1661 3804 4394 
1621 3479 3476 3575 
1622 3925 1257 4233 
1623 2712 3442 3448 
1624 4588 517 4598 
1625 3261 2341 3273 
1626 275 93 3339 
1627 2012 3537 4128 
1628 3387 3401 4238 
1629 213 214 3315 
1630 1517 3644 3878 
1631 1623 3564 3618 
1632 2520 3980 4513 
1633 3304 1517 3690 
1634 448 3493 3494 
1635 3468 1934 4681 
1636 3469 3470 4936 
1637 2849 3359 3360 
1638 1832 1835 3516 
1639 1604 4358 4363 
1640 3678 3677 4252 
1641 579 3385 3386 
1642 1097 1099 3407 
1643 3290 3289 4476 
1644 2184 3404 3516 
1645 698 3590 4670 
1646 3306 3252 3307 
1647 3670 3671 4458 
1648 780 792 4590 
1649 2855 3452 3847 
1650 3849 3863 3864 
1651 1634 3702 3842 
1652 791 3209 4699 
1653 101 318 350 
1654 319 206 3287 
1655 3579 3612 3754 
1656 3452 1448 3847 
1657 2705 3503 3870 
1658 3051 2774 3052 
1659 2409 3570 3571 
1660 3167 3363 4106 
1661 3690 1359 4249 
1662 3407 3405 4251 
1663 3348 3059 3349 
1664 459 3920 4379 
1665 926 3412 3569 
1666 3867 2218 4331 
1667 3538 3429 4296 
1668 967 4572 4577 
1669 2335 2096 3331 
1670 2847 3814 4452 
1671 3340 3749 4277 
1672 285 3252 3306 
1673 2884 3706 4009 
1674 782 717 3364 
1675 3698 530 4319 
1676 2604 2198 3399 
1677 1517 3304 3644 
1678 579 367 3385 
1679 3757 3018 4196 
1680 3503 3502 3870 
1681 2438 2436 3529 
1682 1740 3363 3921 
1683 3840 3352 4557 
1684 2683 3354 3356 
1685 1971 3831 4031 
1686 3569 3412 3570 
1687 2098 2126 3331 
1688 3443 1733 3600 
1689 3229 3538 4296 
1690 2384 4308 4393 
1691 3984 3042 5166 
1692 285 3251 3252 
1693 2859 3771 3772 
1694 539 3300 4463 
1695 1255 3466 4406 
1696 3383 906 3384 
1697 2898 3707 4461 
1698 3431 3366 4069 
1699 1043 3342 3409 
1700 4326 3349 5013 
1701 2478 932 3723 
1702 1929 1933 3330 
1703 3444 3443 3600 
1704 1780 3431 4069 
1705 101 102 318 
1706 205 206 319 
1707 3503 2705 3871 
1708 1963 2415 4347 
1709 2829 3367 3368 
1710 686 691 3424 
1711 2777 3296 3297 
1712 2416 3361 3895 
1713 2768 2299 2777 
1714 3581 4494 4726 
1715 3511 3643 4295 
1716 3611 3613 4506 
1717 1758 3419 3423 
1718 3559 2527 4058 
1719 4841 3245 4852 
1720 2729 3109 3110 
1721 3863 3849 3876 
1722 1918 2854 3391 
1723 3758 3757 4196 
1724 2299 2162 3295 
1725 2126 2729 3331 
1726 3290 4476 4492 
1727 3707 1173 4461 
1728 833 3848 4937 
1729 3679 3678 4086 
1730 357 355 1201 
1731 1842 2303 3501 
1732 1184 3467 4448 
1733 2162 2385 2660 
1734 4800 672 4824 
1735 1369 4372 4392 
1736 1149 2556 4024 
1737 1027 1108 3723 
1738 2126 2727 2729 
1739 1845 1787 2162 
1740 1490 1488 3640 
1741 4358 3301 4363 
1742 1426 1929 3330 
1743 1758 3423 3424 
1744 363 906 3383 
1745 3326 2845 4564 
1746 3689 1114 4451 
1747 3345 4264 4487 
1748 1419 3369 3370 
1749 4252 3677 4308 
1750 3533 3536 4094 
1751 3475 3704 3937 
1752 1611 3697 4638 
1753 4574 1619 4579 
1754 2729 2727 3109 
1755 1554 2416 3895 
1756 3775 334 5151 
1757 381 379 3381 
1758 4308 3677 4393 
1759 3833 2761 4457 
1760 3865 3864 4943 
1761 2215 3323 3325 
1762 3387 2461 3401 
1763 3460 3286 4167 
1764 2694 2438 3529 
1765 3302 2311 3394 
1766 3742 1204 4535 
1767 561 1546 3408 
1768 2409 3569 3570 
1769 3502 1816 3870 
1770 2415 3446 4347 
1771 1623 3618 4016 
1772 2849 3360 3658 
1773 2859 3772 4174 
1774 3398 2593 4455 
1775 486 484 4046 
1776 3742 2856 3931 
1777 3401 1955 4238 
1778 1627 1460 1787 
1779 482 3979 4478 
1780 2479 3800 4158 
1781 1873 3333 3702 
1782 3304 3690 4249 
1783 2886 3950 4149 
1784 2901 3689 4451 
1785 1598 3800 3801 
1786 1419 377 3369 
1787 1598 3801 4163 
1788 3128 3498 4143 
1789 1855 3556 3557 
1790 3252 3251 3253 
1791 2604 3399 3400 
1792 2071 2349 3627 
1793 711 725 3519 
1794 3312 321 3313 
1795 2411 2593 3396 
1796 2197 3397 3399 
1797 1210 1294 3391 
1798 3410 626 3418 
1799 861 3352 3840 
1800 2660 2843 2844 
1801 1093 3771 4171 
1802 864 889 3352 
1803 3862 835 3884 
1804 3669 3668 4142 
1805 3726 2196 4054 
1806 915 994 3388 
1807 212 321 3312 
1808 1855 3557 3559 
1809 549 547 4322 
1810 99 290 3249 
1811 3366 1188 4069 
1812 448 409 3493 
1813 3498 3497 4143 
1814 3864 3857 4944 
1815 223 295 3603 
1816 1486 3458 4399 
1817 3565 2556 4441 
1818 3388 2881 4219 
1819 3424 3425 4266 
1820 691 1758 3424 
1821 1048 1196 3461 
1822 3426 2983 3427 
1823 2059 2352 3595 
1824 354 353 355 
1825 1623 1151 4024 
1826 3382 3285 4357 
1827 1971 867 4046 
1828 3662 3665 3836 
1829 2162 1787 2385 
1830 3857 3855 4947 
1831 1691 3357 4060 
1832 1053 1133 4318 
1833 3688 3303 3941 
1834 530 3706 4265 
1835 2436 3526 3529 
1836 3536 2012 4094 
1837 3832 1971 4046 
1838 1043 559 3408 
1839 99 100 290 
1840 207 208 291 
1841 3461 3460 4167 
1842 2395 1876 3451 
1843 1315 3773 4641 
1844 2271 2983 3426 
1845 1426 3330 3638 
1846 4369 1358 4390 
1847 1835 2184 3516 
1848 861 864 3352 
1849 1936 4288 4445 
1850 1876 1442 3451 
1851 3354 2683 3472 
1852 1942 1490 3640 
1853 3788 1740 3921 
1854 255 3909 3910 
1855 3564 1623 4024 
1856 2729 3272 3331 
1857 3645 2889 4224 
1858 2888 3340 4346 
1859 2336 2335 3069 
1860 1188 3366 3872 
1861 683 2409 4028 
1862 2998 3150 3447 
1863 2162 2660 3295 
1864 96 97 285 
1865 210 211 286 
1866 1948 1951 3429 
1867 1254 1257 4253 
1868 3656 3669 4142 
1869 2198 2197 3399 
1870 2392 3678 4252 
1871 3413 3410 3418 
1872 2586 3545 3705 
1873 1855 527 3556 
1874 3612 3579 4527 
1875 1196 1216 3461 
1876 3702 2463 3842 
1877 3436 2347 3437 
1878 3361 2416 3787 
1879 3848 3849 3865 
1880 1790 1714 3394 
1881 1278 3301 4358 
1882 29 30 3910 
1883 3749 2219 3810 
1884 3892 2880 3893 
1885 4536 3207 4703 
1886 811 462 3806 
1887 2105 2347 3434 
1888 1845 2162 2299 
1889 3506 292 3507 
1890 1072 1021 3676 
1891 1733 3443 4038 
1892 87 88 3509 
1893 2336 3069 3070 
1894 352 353 354 
1895 89 292 3506 
1896 1830 1832 3516 
1897 1428 3438 3439 
1898 3242 3241 3648 
1899 96 285 3306 
1900 3595 2352 3596 
1901 725 1418 3519 
1902 4372 3980 4392 
1903 2095 2335 2336 
1904 2197 3396 3397 
1905 2041 3927 4259 
1906 94 320 3339 
1907 2094 1773 4348 
1908 2735 3242 3243 
1909 3749 3810 4277 
1910 2660 2385 2843 
1911 3755 3694 4119 
1912 1204 3707 4510 
1913 3434 2347 3435 
1914 3803 1665 3819 
1915 649 652 3705 
1916 3849 3864 3865 
1917 3480 3481 3482 
1918 3448 2094 4348 
1919 2386 3236 4149 
1920 3927 2985 4259 
1921 1634 1873 3702 
1922 2931 4272 4515 
1923 3456 1233 4330 
1924 1278 4323 4338 
1925 3474 3477 3480 
1926 3804 3141 4394 
1927 3744 1238 4250 
1928 2436 2036 3526 
1929 1920 2322 3433 
1930 4376 3568 4391 
1931 2470 4361 4477 
1932 3396 2593 3397 
1933 3800 1598 4158 
1934 2349 3156 3627 
1935 3725 3726 4054 
1936 30 255 3910 
1937 3369 533 3380 
1938 3415 1917 3416 
1939 3855 3854 4951 
1940 1428 385 3438 
1941 2396 1429 3454 
1942 851 590 3449 
1943 1470 1811 3459 
1944 3821 2497 4118 
1945 1133 3511 4318 
1946 1958 2289 3382 
1947 1233 1169 4330 
1948 3199 3200 3224 
1949 1627 1787 1845 
1950 1810 3863 3876 
1951 3395 2882 3812 
1952 1072 3676 3677 
1953 1811 1701 4243 
1954 2340 2986 3392 
1955 697 3566 4606 
1956 994 1038 3388 
1957 481 485 3763 
1958 3406 2184 4660 
1959 4943 3864 4944 
1960 3669 3759 3836 
1961 2268 3522 3523 
1962 363 361 906 
1963 1308 3689 4497 
1964 3409 4595 4614 
1965 3419 1758 4067 
1966 1920 1919 2314 
1967 3892 1363 4175 
1968 318 102 3277 
1969 2155 2699 3462 
1970 2886 3692 3950 
1971 3744 2890 4305 
1972 3814 3815 4390 
1973 3458 1440 3459 
1974 94 95 320 
1975 212 213 321 
1976 638 926 3569 
1977 1425 3463 3464 
1978 3425 3423 3512 
1979 3534 2261 3535 
1980 3235 2228 4652 
1981 2888 4346 4369 
1982 3771 2859 4171 
1983 1258 1272 4233 
1984 851 3449 3450 
1985 3484 711 3519 
1986 3893 2880 3894 
1987 1631 1958 3382 
1988 3548 3466 4467 
1989 3261 3273 3274 
1990 2969 2394 3225 
1991 3316 2725 3317 
1992 3432 3431 4354 
1993 1855 3559 4058 
1994 1359 3893 3894 
1995 2322 2314 2980 
1996 2279 1643 2393 
1997 1614 1616 3402 
1998 2268 3523 3524 
1999 695 711 3484 
2000 407 3491 3493 
2001 3093 3803 3819 
2002 1434 1440 3458 
2003 1918 1919 1920 
2004 4514 3299 4525 
2005 794 804 3513 
2006 2491 3301 4338 
2007 2303 2725 3316 
2008 4529 1584 4549 
2009 1798 3833 4457 
2010 3706 508 4009 
2011 1643 782 3364 
2012 4397 2874 4537 
2013 2279 2393 2394 
2014 356 355 357 
2015 2472 3568 4376 
2016 1918 1655 1919 
2017 3322 2842 3324 
2018 2678 2281 4089 
2019 3453 1763 3629 
2020 1778 1301 3714 
2021 1160 1176 3651 
2022 1519 3808 3830 
2023 1920 2314 2322 
2024 1861 2261 3534 
2025 2461 3387 3651 
2026 3626 2069 3627 
2027 2210 3755 4119 
2028 1359 3894 4249 
2029 1440 1470 3459 
2030 3618 2428 4016 
2031 2277 1727 3472 
2032 3830 3808 3831 
2033 2888 4369 4390 
2034 2322 2980 3223 
2035 3365 3280 4504 
2036 1416 1225 3681 
2037 3854 3866 4953 
2038 2829 3368 4625 
2039 1518 1554 3895 
2040 3750 2790 3751 
2041 2112 3473 3480 
2042 1294 1655 1918 
2043 1197 3638 4481 
2044 2093 2707 3708 
2045 417 583 3636 
2046 1425 393 3463 
2047 3480 3477 3481 
2048 2297 2103 2758 
2049 3427 2983 3428 
2050 2095 2096 2335 
2051 1614 3402 4304 
2052 3473 3474 3480 
2053 2573 3576 4341 
2054 3703 1120 4180 
2055 3577 2180 3581 
2056 365 3383 3385 
2057 2144 3486 3487 
2058 530 4265 4319 
2059 1270 3821 4118 
2060 2652 4806 4810 
2061 3924 449 4403 
2062 3636 583 3637 
2063 407 405 3491 
2064 3623 2351 3624 
2065 1429 844 3454 
2066 2268 1786 3522 
2067 652 2586 3705 
2068 835 3862 4048 
2069 2136 2790 3750 
2070 3645 1197 4415 
2071 3572 3573 3574 
2072 257 3504 3505 
2073 2209 2271 3426 
2074 2411 3396 3714 
2075 2462 3279 3401 
2076 4489 3030 4490 
2077 100 101 350 
2078 206 207 3287 
2079 3451 1486 4317 
2080 3594 2057 3595 
2081 2844 2843 3348 
2082 2126 2127 2727 
2083 527 529 3556 
2084 2067 2069 3626 
2085 3490 3487 3641 
2086 2479 3797 3800 
2087 997 936 3647 
2088 3539 3540 3541 
2089 3289 1342 4476 
2090 2553 3617 4045 
2091 2552 3722 4516 
2092 1655 1656 4060 
2093 1475 594 3532 
2094 3344 1925 3345 
2095 3487 3486 3641 
2096 1019 3675 3676 
2097 1946 1948 3429 
2098 3814 1358 4452 
2099 1493 1733 4038 
2100 2112 1695 3473 
2101 2690 2420 3518 
2102 2543 4968 4970 
2103 225 323 3471 
2104 1539 3455 4237 
2105 365 363 3383 
2106 1839 2093 3708 
2107 1220 3680 3681 
2108 1732 1703 2103 
2109 3031 2836 3043 
2110 4947 3855 4951 
2111 2998 3447 3659 
2112 3686 3760 3761 
2113 2484 3744 4250 
2114 1898 1896 4040 
2115 3612 2189 3754 
2116 1272 3738 4053 
2117 1181 3742 3931 
2118 3303 1480 3941 
2119 1080 3645 4224 
2120 1488 3639 3640 
2121 3432 4354 4381 
2122 2057 2059 3595 
2123 3202 3203 4110 
2124 718 1421 3497 
2125 3576 1677 4341 
2126 3438 521 3441 
2127 2860 3703 4180 
2128 4323 2890 4338 
2129 2698 2156 3552 
2130 613 1917 3418 
2131 2880 3892 4175 
2132 609 598 3582 
2133 1691 1692 2095 
2134 3493 3492 3494 
2135 1211 1207 1378 
2136 1816 3502 3938 
2137 409 407 3493 
2138 2069 2071 3627 
2139 92 93 275 
2140 214 215 276 
2141 1762 2203 3630 
2142 739 794 3513 
2143 1086 1426 3638 
2144 1705 2105 3434 
2145 2144 403 3486 
2146 1724 1504 3704 
2147 3658 3360 3926 
2148 1379 1378 1713 
2149 1077 1243 3550 
2150 2758 2846 3077 
2151 1714 1713 2153 
2152 3831 3808 4031 
2153 257 80 3504 
2154 2706 2340 3392 
2155 2461 2462 3401 
2156 3514 676 3515 
2157 3607 2189 3611 
2158 1220 1056 3680 
2159 2739 2130 3659 
2160 1073 3672 3673 
2161 2093 2092 2340 
2162 1542 481 3763 
2163 666 3543 3547 
2164 2065 2351 3623 
2165 369 367 579 
2166 3237 3070 3238 
2167 3520 1423 3521 
2168 1019 1017 3675 
2169 3661 3662 3836 
2170 3630 2203 3631 
2171 2857 1941 4522 
2172 3530 1420 3531 
2173 2297 2758 3059 
2174 3329 3264 4322 
2175 3229 3217 4183 
2176 3346 1542 3347 
2177 321 213 3315 
2178 1452 1450 1703 
2179 367 365 3385 
2180 862 2458 3695 
2181 3614 3615 3616 
2182 995 1051 3694 
2183 637 642 3639 
2184 1190 1248 4146 
2185 2055 2057 3594 
2186 211 212 3312 
2187 1058 1207 1211 
2188 2831 1514 4720 
2189 2085 2755 3539 
2190 1931 2155 3462 
2191 3617 630 4045 
2192 2666 2311 2713 
2193 462 460 3806 
2194 2293 2740 3572 
2195 664 676 3514 
2196 3712 2678 4089 
2197 1837 1836 3708 
2198 2905 3466 3548 
2199 642 2858 3639 
2200 1450 1448 3452 
2201 3539 2755 3540 
2202 1211 1378 1379 
2203 681 1420 3530 
2204 624 630 3614 
2205 3559 3557 3867 
2206 590 588 3449 
2207 1727 1725 3472 
2208 3826 1811 4243 
2209 2704 2457 3817 
2210 1225 1220 3681 
2211 2303 2304 2725 
2212 3597 2352 3622 
2213 3533 3534 3536 
2214 3424 3423 3425 
2215 3665 3669 3836 
2216 2347 2346 3437 
2217 1732 2103 2297 
2218 2685 2088 3585 
2219 721 723 3468 
2220 3872 3781 4075 
2221 660 1423 3520 
2222 1419 3370 3371 
2223 3180 2476 3588 
2224 1763 3453 3628 
2225 3684 3685 3687 
2226 3491 3492 3493 
2227 773 835 4048 
2228 1227 1313 3628 
2229 3370 3369 3380 
2230 2391 3721 3722 
2231 4086 2392 4197 
2232 3699 3698 3700 
2233 3435 2347 3436 
2234 3682 2021 4370 
2235 1188 3872 4075 
2236 1896 1899 4040 
2237 2093 2340 2706 
2238 2153 2836 3031 
2239 375 533 3369 
2240 1935 3785 3786 
2241 29 3910 3940 
2242 1226 1144 3731 
2243 2653 2394 2969 
2244 1248 3709 4146 
2245 3591 2354 3592 
2246 1379 1713 1714 
2247 2278 1643 2279 
2248 1314 1226 3731 
2249 1839 2092 2093 
2250 354 355 356 
2251 3605 3017 3606 
2252 2109 2557 3815 
2253 2729 3110 3272 
2254 2854 1920 3433 
2255 666 643 3543 
2256 626 619 3418 
2257 717 712 791 
2258 1813 2421 3598 
2259 3572 2740 3573 
2260 3475 1724 3704 
2261 1953 1954 2209 
2262 4589 2975 4755 
2263 1787 1460 3332 
2264 619 613 3418 
2265 1456 1453 4090 
2266 375 373 533 
2267 967 4577 4581 
2268 828 862 3695 
2269 1073 1015 3672 
2270 293 218 3510 
2271 323 226 3587 
2272 2704 3817 3818 
2273 620 624 3614 
2274 3387 1160 3651 
2275 3340 1353 4346 
2276 2077 1790 2311 
2277 3611 2189 3612 
2278 1996 2180 3577 
2279 3371 3370 3372 
2280 89 90 292 
2281 2209 1954 2271 
2282 1953 1952 1954 
2283 217 218 293 
2284 2340 2696 2986 
2285 1687 1853 3542 
2286 614 888 3719 
2287 3370 3380 3604 
2288 988 1031 4484 
2289 2153 2835 2836 
2290 1021 1019 3676 
2291 1835 1834 1836 
2292 2077 2311 2666 
2293 358 357 359 
2294 1631 3382 4008 
2295 1951 1952 1953 
2296 3866 3860 4956 
2297 3681 4086 4197 
2298 1835 1836 1837 
2299 594 592 3532 
2300 2546 2612 3589 
2301 3185 2708 3186 
2302 2588 2209 3426 
2303 1508 653 3560 
2304 502 3698 3699 
2305 1308 4497 4514 
2306 3192 4466 4607 
2307 2112 3482 3483 
2308 2053 2354 3591 
2309 2292 3017 3605 
2310 973 3255 4592 
2311 1992 2181 3754 
2312 1294 1295 1655 
2313 3653 3652 3759 
2314 3543 3544 3547 
2315 2271 2982 2983 
2316 3264 4288 4322 
2317 1452 1703 1732 
2318 1832 1834 1835 
2319 2074 1876 2307 
2320 3467 2410 3649 
2321 266 3601 3602 
2322 3066 2796 3711 
2323 2204 2602 3632 
2324 2425 3788 3921 
2325 598 596 3582 
2326 2881 1946 3429 
2327 1058 1059 1207 
2328 1988 2189 3607 
2329 4944 3857 4947 
2330 4305 2890 4323 
2331 1378 3390 3660 
2332 3656 3653 3759 
2333 1984 2193 3721 
2334 1951 1950 1952 
2335 1839 1840 2092 
2336 3856 1810 3869 
2337 633 632 638 
2338 1442 1438 3451 
2339 991 1077 3550 
2340 3686 1905 3760 
2341 2111 2109 3815 
2342 1296 1687 3542 
2343 1828 1830 2399 
2344 701 695 3484 
2345 1318 1319 3758 
2346 2476 2398 3588 
2347 395 1425 3619 
2348 3551 620 3614 
2349 3405 3404 3406 
2350 2193 3609 3721 
2351 639 638 677 
2352 3396 1778 3714 
2353 4102 3650 4232 
2354 647 649 3705 
2355 3313 321 3314 
2356 1685 1905 3684 
2357 678 677 683 
2358 3185 3186 3187 
2359 1703 1450 3452 
2360 3670 1074 3671 
2361 711 724 725 
2362 377 375 3369 
2363 916 985 2215 
2364 2683 2277 3472 
2365 684 683 694 
2366 3805 811 3806 
2367 3268 3271 3518 
2368 485 3762 3763 
2369 379 377 1419 
2370 695 694 711 
2371 616 620 3551 
2372 2215 985 3321 
2373 554 1545 4480 
2374 1774 3652 3653 
2375 3403 3404 3405 
2376 3706 2884 4265 
2377 1683 1442 1876 
2378 2728 2731 3038 
2379 3797 2479 3802 
2380 1538 1527 3661 
2381 1774 1531 3652 
2382 4009 581 4209 
2383 2433 2607 3696 
2384 2877 3806 4379 
2385 2585 3682 3683 
2386 2886 944 3692 
2387 3614 630 3615 
2388 3684 1905 3685 
2389 2074 2307 2341 
2390 2181 3579 3754 
2391 2021 1535 3727 
2392 610 614 3719 
2393 3373 3372 3374 
2394 3447 2739 3659 
2395 3850 3853 3869 
2396 3522 1786 3732 
2397 725 726 739 
2398 1204 4510 4535 
2399 977 950 3725 
2400 2416 1556 3880 
2401 638 632 926 
2402 3397 2593 3398 
2403 3552 2700 3553 
2404 3376 3374 3378 
2405 2839 2840 3054 
2406 1911 2293 3572 
2407 2758 2103 2846 
2408 1796 2222 3583 
2409 1948 1950 1951 
2410 1944 1946 2881 
2411 1301 1304 3714 
2412 2378 3202 3942 
2413 529 3554 3556 
2414 2585 1808 3682 
2415 739 740 794 
2416 2917 2150 3734 
2417 2036 2268 3526 
2418 794 795 802 
2419 2307 2395 2839 
2420 1176 1231 3651 
2421 86 87 265 
2422 1944 1945 1946 
2423 1683 1876 2074 
2424 1155 1153 4016 
2425 3054 3055 3058 
2426 3534 3535 3536 
2427 1313 1763 3628 
2428 3415 3416 3417 
2429 1424 844 1429 
2430 2238 2236 4022 
2431 220 221 266 
2432 3596 2352 3597 
2433 3403 2399 3404 
2434 2921 3467 4521 
2435 3639 2858 3640 
2436 3439 3438 3441 
2437 862 860 908 
2438 737 1518 4083 
2439 828 860 862 
2440 1707 1705 3434 
2441 862 908 909 
2442 266 221 3601 
2443 2598 2174 3820 
2444 3694 1051 4119 
2445 1082 1197 3645 
2446 926 3411 3412 
2447 2699 2698 3137 
2448 93 94 3339 
2449 588 1417 3449 
2450 3077 2846 3230 
2451 1874 1464 4216 
2452 3565 3564 4024 
2453 2602 3715 3716 
2454 2352 2061 3622 
2455 802 803 824 
2456 1430 1429 1431 
2457 909 908 998 
2458 1031 1032 1058 
2459 419 417 3636 
2460 379 1419 3381 
2461 1520 1519 4131 
2462 1804 1469 4161 
2463 588 586 1417 
2464 2346 2823 3437 
2465 1810 3856 3863 
2466 411 448 3642 
2467 3731 3730 4154 
2468 1125 1124 1266 
2469 529 532 3554 
2470 999 998 1124 
2471 1926 3484 3485 
2472 1725 2087 3472 
2473 2216 1806 3805 
2474 1933 1931 3462 
2475 3395 3812 4001 
2476 3096 3750 3751 
2477 1824 3130 3745 
2478 1497 1296 3542 
2479 2544 4102 4232 
2480 1133 1134 3643 
2481 383 381 521 
2482 1434 1433 1440 
2483 1656 1658 1691 
2484 684 694 695 
2485 3497 1421 4143 
2486 2393 1643 3364 
2487 1432 1431 1433 
2488 2105 2346 2347 
2489 88 89 3506 
2490 4686 1610 4704 
2491 1496 2878 3762 
2492 383 521 3438 
2493 700 709 4067 
2494 592 851 3532 
2495 1011 1074 3670 
2496 558 809 4414 
2497 678 683 684 
2498 2418 2417 2623 
2499 360 359 361 
2500 4785 2647 4788 
2501 1393 1813 3598 
2502 3506 3507 3508 
2503 4504 3280 4523 
2504 2430 2428 3618 
2505 2158 2700 3552 
2506 3236 3344 4149 
2507 3729 1936 3730 
2508 3494 3492 3495 
2509 824 825 844 
2510 1715 1714 1790 
2511 1041 1824 3745 
2512 2174 1775 3820 
2513 3601 222 3603 
2514 3904 3903 3905 
2515 1127 1125 5023 
2516 909 998 999 
2517 1851 2085 3539 
2518 1404 1705 1707 
2519 3963 3964 3965 
2520 1427 2471 4070 
2521 1138 981 4031 
2522 978 995 3694 
2523 2382 2209 2588 
2524 3423 3420 3512 
2525 632 626 3410 
2526 2877 2216 3805 
2527 2219 3749 4041 
2528 999 1124 1125 
2529 3562 2434 3563 
2530 3485 3484 3519 
2531 905 912 3793 
2532 703 701 1926 
2533 294 84 3691 
2534 3374 3372 3375 
2535 639 677 678 
2536 2112 3480 3482 
2537 1438 1436 1486 
2538 2271 2275 2982 
2539 3988 2831 4714 
2540 1703 3452 4113 
2541 1307 3703 4380 
2542 1946 1947 1948 
2543 2156 2158 3552 
2544 2881 3429 3538 
2545 385 383 3438 
2546 596 1475 3582 
2547 1539 4008 4357 
2548 3536 3535 3537 
2549 3615 630 3617 
2550 3099 2734 3129 
2551 2457 1387 4049 
2552 705 718 3497 
2553 1179 1204 3742 
2554 1886 1720 3483 
2555 1153 1623 4016 
2556 1836 1838 1839 
2557 1334 1539 4237 
2558 1948 1949 1950 
2559 935 1500 3650 
2560 2458 909 4172 
2561 2602 2206 3715 
2562 627 626 632 
2563 295 224 3471 
2564 1926 701 3484 
2565 1436 1434 3458 
2566 3217 2588 3218 
2567 356 357 358 
2568 2324 2178 2734 
2569 2679 2363 3740 
2570 1666 1665 4286 
2571 504 530 3698 
2572 3782 296 3784 
2573 2236 2923 4022 
2574 608 609 610 
2575 2173 2174 2595 
2576 2021 3727 4334 
2577 1418 739 3513 
2578 2550 2616 3739 
2579 11 12 3964 
2580 2150 2328 3734 
2581 2707 2706 2708 
2582 1338 1631 4008 
2583 2155 2156 2698 
2584 1440 1441 1470 
2585 2098 2100 2126 
2586 725 724 726 
2587 1432 1433 1434 
2588 1791 1790 2077 
2589 589 588 590 
2590 222 223 3603 
2591 913 920 3807 
2592 1830 1831 1832 
2593 1616 1828 3402 
2594 1931 1932 2155 
2595 2439 2441 3894 
2596 683 677 2409 
2597 3243 3244 3245 
2598 490 1496 3762 
2599 3402 2399 3403 
2600 1842 2302 2303 
2601 886 887 898 
2602 1307 1118 3703 
2603 2130 2131 3659 
2604 1424 1429 1430 
2605 893 4608 4637 
2606 3268 3269 3270 
2607 936 938 3647 
2608 872 1936 3729 
2609 977 3725 4054 
2610 1816 1642 4059 
2611 1577 1628 3820 
2612 2595 2174 2596 
2613 1935 492 3785 
2614 2401 2648 3816 
2615 1430 1431 1432 
2616 3634 419 3636 
2617 2410 2243 3649 
2618 1705 1706 2105 
2619 1929 1930 1931 
2620 943 2887 3646 
2621 4953 3866 4956 
2622 3585 2690 3586 
2623 954 957 3724 
2624 2346 2369 2823 
2625 3523 3525 3528 
2626 591 590 592 
2627 794 802 804 
2628 2155 2698 2699 
2629 1484 1685 3684 
2630 711 694 724 
2631 610 611 614 
2632 1929 1931 1933 
2633 83 84 294 
2634 3043 2836 3063 
2635 387 385 1428 
2636 3680 3679 4086 
2637 4365 1624 4383 
2638 1504 1503 3704 
2639 739 726 740 
2640 1438 1486 3451 
2641 633 638 639 
2642 1572 1573 1577 
2643 2692 2442 3746 
2644 2105 2165 2346 
2645 593 592 594 
2646 2884 4009 4209 
2647 729 779 1934 
2648 1470 1471 1701 
2649 2041 3926 3927 
2650 1038 1075 1944 
2651 2596 2599 3182 
2652 1426 1928 1929 
2653 2172 1902 2417 
2654 1444 1446 4030 
2655 2910 3548 3549 
2656 81 322 3504 
2657 595 594 596 
2658 2924 4378 4425 
2659 1207 1208 3390 
2660 1832 1833 1834 
2661 2173 1775 2174 
2662 3488 3487 3489 
2663 3371 3372 3373 
2664 794 740 795 
2665 1519 3830 4131 
2666 535 539 4463 
2667 597 596 598 
2668 4360 3946 4428 
2669 3624 2351 3625 
2670 1828 1829 1830 
2671 3354 2685 3355 
2672 1660 1816 3938 
2673 3203 2377 3735 
2674 2324 2734 3099 
2675 2432 2434 3562 
2676 570 568 575 
2677 599 598 608 
2678 492 493 3785 
2679 2158 2160 2700 
2680 1758 700 4067 
2681 2078 2217 3710 
2682 391 389 483 
2683 1377 1376 1725 
2684 949 1476 3692 
2685 802 795 803 
2686 1701 1702 1877 
2687 2144 3487 3488 
2688 498 582 3713 
2689 1315 1071 3773 
2690 1131 1129 1391 
2691 3486 464 3641 
2692 1243 1242 1376 
2693 3168 2682 3169 
2694 2462 2961 2962 
2695 1216 1937 3461 
2696 3243 3242 3244 
2697 614 615 616 
2698 2472 991 3550 
2699 2798 2801 3711 
2700 1695 1548 3473 
2701 1763 1762 3630 
2702 3902 3903 3904 
2703 1242 4224 4287 
2704 616 617 620 
2705 3268 3270 3271 
2706 820 819 855 
2707 2361 2277 2682 
2708 1470 1701 1811 
2709 576 575 819 
2710 1569 1570 1572 
2711 824 844 1424 
2712 3721 3609 3722 
2713 2217 2401 3816 
2714 2801 2802 3041 
2715 3592 2354 3593 
2716 2846 2103 4113 
2717 620 621 624 
2718 760 1810 3876 
2719 1575 1564 3844 
2720 3666 3831 3832 
2721 662 664 3514 
2722 1667 4400 4416 
2723 2420 2560 3518 
2724 223 224 295 
2725 1577 1573 1628 
2726 12 278 3964 
2727 2463 1637 3842 
2728 1404 1405 1705 
2729 845 885 886 
2730 2617 2618 4712 
2731 3611 3612 3613 
2732 1272 1273 3738 
2733 1941 2284 2286 
2734 3693 978 3694 
2735 1939 1941 2857 
2736 806 782 1643 
2737 3473 1724 3474 
2738 849 3779 3780 
2739 3004 3333 3334 
2740 3807 920 4102 
2741 1502 1501 1503 
2742 1877 2178 2324 
2743 613 607 1917 
2744 1516 2017 2030 
2745 1003 1002 1004 
2746 674 681 3530 
2747 1005 1004 1076 
2748 391 483 3463 
2749 570 2480 3919 
2750 3568 1922 4391 
2751 636 637 3639 
2752 1318 3758 4196 
2753 1546 563 3919 
2754 1877 2177 2178 
2755 1937 1938 1939 
2756 3477 3476 3478 
2757 3760 2732 3761 
2758 3824 1965 3825 
2759 2286 2655 2681 
2760 2560 3268 3518 
2761 2087 2088 2685 
2762 1939 1940 1941 
2763 565 570 3919 
2764 95 96 3306 
2765 1574 1570 3879 
2766 3524 3523 3528 
2767 3334 3335 3336 
2768 3429 1951 4296 
2769 1572 1570 1573 
2770 1374 2448 3732 
2771 362 361 363 
2772 624 625 628 
2773 592 590 851 
2774 2905 2904 3466 
2775 2349 2646 2938 
2776 1095 1097 1101 
2777 1725 1726 2087 
2778 3184 2708 3185 
2779 628 629 634 
2780 3685 1905 3686 
2781 634 635 636 
2782 2360 2161 2826 
2783 991 992 1077 
2784 1500 997 1501 
2785 902 903 991 
2786 1077 1078 1242 
2787 1072 3677 3678 
2788 2118 1911 3572 
2789 938 3646 3647 
2790 3373 3374 3376 
2791 904 905 3793 
2792 2314 1919 2838 
2793 2425 1736 3788 
2794 824 803 825 
2795 2796 2798 3711 
2796 3817 2457 4049 
2797 1796 1923 2222 
2798 804 802 4033 
2799 3336 3337 3338 
2800 1774 3654 3727 
2801 1514 1513 1515 
2802 2772 2773 4337 
2803 2718 2721 3720 
2804 1949 2849 3658 
2805 2088 2202 3585 
2806 3376 3378 3379 
2807 1126 1125 1127 
2808 3426 3427 4465 
2809 1229 1227 3628 
2810 855 857 902 
2811 565 566 568 
2812 981 1971 4031 
2813 88 3506 3509 
2814 1869 2219 4041 
2815 1994 1996 3577 
2816 1142 1235 3802 
2817 597 598 599 
2818 723 729 3468 
2819 889 890 916 
2820 844 845 3454 
2821 3260 2846 4113 
2822 2464 2463 2465 
2823 605 603 1143 
2824 888 616 3551 
2825 3633 517 4612 
2826 3762 2878 3763 
2827 926 3410 3411 
2828 2826 2827 3157 
2829 3224 4684 4736 
2830 1849 1727 2277 
2831 1493 1492 1733 
2832 421 419 3634 
2833 4288 3264 4445 
2834 2340 2092 2696 
2835 3419 3362 3420 
2836 610 609 611 
2837 642 643 666 
2838 595 596 597 
2839 401 399 464 
2840 1720 1695 2112 
2841 844 825 845 
2842 395 393 1425 
2843 2461 2030 2462 
2844 2713 2311 3302 
2845 587 586 588 
2846 3756 3757 3758 
2847 912 913 3807 
2848 3812 1672 4001 
2849 1491 1490 1492 
2850 3003 2465 3004 
2851 3878 2885 4068 
2852 1489 1488 1490 
2853 3853 3856 3869 
2854 81 82 322 
2855 1527 1525 3661 
2856 1836 1839 3708 
2857 1421 1422 1647 
2858 2607 3562 3566 
2859 1072 3678 3679 
2860 3203 3735 3736 
2861 1567 1568 1569 
2862 393 391 3463 
2863 2202 2690 3585 
2864 1548 1504 1724 
2865 1487 636 1488 
2866 1905 1904 3760 
2867 2418 2623 3172 
2868 565 568 570 
2869 593 594 595 
2870 4412 2415 4433 
2871 2909 2907 2910 
2872 1086 1088 1426 
2873 997 3647 4264 
2874 2896 2378 3942 
2875 657 660 3520 
2876 2405 2406 2407 
2877 2560 3267 3268 
2878 3781 1550 4075 
2879 3629 1763 3630 
2880 1128 1127 1129 
2881 2597 2595 3188 
2882 1319 1322 3758 
2883 1112 1114 3689 
2884 3279 2962 3280 
2885 2907 2905 3548 
2886 2612 3696 3697 
2887 1569 1568 1570 
2888 1647 1908 2047 
2889 434 3634 3635 
2890 561 563 1546 
2891 1733 3599 3600 
2892 2880 2439 3894 
2893 1001 925 1002 
2894 2202 2420 2690 
2895 2795 2796 3066 
2896 438 436 441 
2897 1918 1920 2854 
2898 2411 2368 2592 
2899 563 564 565 
2900 1503 1505 1506 
2901 397 395 3619 
2902 76 296 3782 
2903 1570 1568 3879 
2904 2616 3589 3590 
2905 2219 3809 3810 
2906 1567 1566 1568 
2907 1093 1095 3771 
2908 2403 2404 2405 
2909 1647 1422 1908 
2910 2453 3432 3791 
2911 1665 3803 4286 
2912 518 520 4058 
2913 2307 1876 2395 
2914 1478 1477 1479 
2915 2087 3354 3472 
2916 1720 2112 3483 
2917 2856 1923 3931 
2918 845 886 3454 
2919 2153 1713 2835 
2920 1565 1566 1567 
2921 2662 2281 2678 
2922 3411 3413 3414 
2923 1564 1562 3844 
2924 2047 1908 2048 
2925 860 861 3840 
2926 1538 3661 3836 
2927 3474 3475 3476 
2928 1518 3895 4083 
2929 800 828 3695 
2930 3419 3420 3423 
2931 1266 1267 1404 
2932 916 917 985 
2933 974 978 3693 
2934 2050 2051 2658 
2935 1531 1529 3652 
2936 3771 1101 3772 
2937 899 901 904 
2938 2051 2053 3591 
2939 2167 2732 3760 
2940 1506 1756 1757 
2941 1210 1213 1294 
2942 2809 2543 4970 
2943 1302 1189 1513 
2944 591 592 593 
2945 1073 3673 3674 
2946 824 1424 4033 
2947 1421 927 1422 
2948 1873 1796 3583 
2949 585 584 586 
2950 2065 2067 2351 
2951 2486 2890 3744 
2952 2263 2611 4299 
2953 3420 3422 3512 
2954 1492 1942 3599 
2955 3900 3897 3902 
2956 2405 2404 2406 
2957 2203 2204 3632 
2958 3725 3724 3726 
2959 1738 1739 2050 
2960 1634 1625 1796 
2961 1757 1910 1911 
2962 1216 1249 1937 
2963 1476 977 1477 
2964 1302 1513 1514 
2965 707 3497 3498 
2966 1004 1922 3567 
2967 2336 3070 3237 
2968 1231 1312 1516 
2969 1486 1436 3458 
2970 1257 3925 4253 
2971 1887 1730 2161 
2972 2839 2395 2840 
2973 692 705 707 
2974 614 611 615 
2975 3354 3355 3356 
2976 1923 1625 3931 
2977 570 575 576 
2978 1502 1503 1504 
2979 411 409 448 
2980 596 594 1475 
2981 1978 1980 4450 
2982 2169 1775 2173 
2983 3544 3545 3546 
2984 905 911 912 
2985 718 927 1421 
2986 1911 1913 2293 
2987 2059 2061 2352 
2988 2887 3344 4487 
2989 2061 2063 3622 
2990 1774 3653 3654 
2991 2755 2339 2822 
2992 1853 1851 3539 
2993 2407 2406 2874 
2994 1840 1842 3501 
2995 1565 1564 1566 
2996 1479 1481 1482 
2997 725 739 1418 
2998 902 991 2472 
2999 1500 1501 1502 
3000 1243 1376 1377 
3001 3543 1498 3544 
3002 2910 2907 3548 
3003 645 647 1498 
3004 1377 1725 1727 
3005 2063 2065 3623 
3006 935 936 997 
3007 2071 2073 2349 
3008 561 562 563 
3009 1077 1242 1243 
3010 3390 1208 3391 
3011 430 427 580 
3012 2087 2685 3354 
3013 2085 2339 2755 
3014 401 464 3486 
3015 403 401 3486 
3016 637 641 642 
3017 2118 3572 3574 
3018 1807 2414 3738 
3019 3870 1816 4059 
3020 2293 2294 2577 
3021 1719 2455 3809 
3022 2118 3575 3937 
3023 3081 3083 3084 
3024 2462 2030 2961 
3025 2930 4365 4383 
3026 1130 1129 1131 
3027 1548 1724 3473 
3028 2148 1888 4051 
3029 2845 1480 3303 
3030 652 653 1508 
3031 3334 3333 3335 
3032 3284 4412 4433 
3033 3474 3476 3477 
3034 2501 2499 2904 
3035 569 1861 3534 
3036 2361 2682 3168 
3037 3756 2684 3757 
3038 2675 2674 2987 
3039 1535 1533 3727 
3040 576 819 820 
3041 660 662 1423 
3042 557 559 1043 
3043 227 254 3587 
3044 681 688 1420 
3045 1990 1992 3754 
3046 1801 1637 2463 
3047 2431 2430 2432 
3048 1122 1189 1302 
3049 1431 1429 2396 
3050 616 615 617 
3051 608 598 609 
3052 2414 2282 2674 
3053 849 850 3779 
3054 1563 1564 1565 
3055 3004 2465 3333 
3056 3676 3675 4393 
3057 2433 2432 2607 
3058 1791 2077 4026 
3059 2222 1923 2223 
3060 1807 1883 2282 
3061 2429 2428 2430 
3062 2401 2402 2403 
3063 620 617 621 
3064 2172 2417 2418 
3065 820 855 856 
3066 886 885 887 
3067 3363 3176 3921 
3068 2882 1700 3812 
3069 1757 2118 3937 
3070 1853 3539 3541 
3071 405 403 2144 
3072 2592 3620 3621 
3073 3178 3291 3292 
3074 1415 1416 1738 
3075 1082 1084 1197 
3076 993 914 4114 
3077 1495 1484 3684 
3078 1563 1562 1564 
3079 1080 1082 3645 
3080 2403 2402 2404 
3081 1344 3878 4068 
3082 1779 1778 2197 
3083 2282 2292 3605 
3084 1849 2277 2361 
3085 2779 2179 3015 
3086 943 944 2886 
3087 3704 1506 3937 
3088 3900 3902 3904 
3089 1011 1009 1074 
3090 2399 1830 3516 
3091 3336 3335 3337 
3092 1144 3729 3731 
3093 1561 1562 1563 
3094 423 421 434 
3095 1755 1577 1775 
3096 1757 1911 2118 
3097 2293 2577 2740 
3098 2605 2410 2921 
3099 2053 2055 2354 
3100 1796 1625 1923 
3101 1714 2153 3394 
3102 3533 569 3534 
3103 1986 1988 3607 
3104 1001 1002 1003 
3105 1776 1909 2368 
3106 1478 1479 1480 
3107 935 997 1500 
3108 2847 2317 3813 
3109 557 558 559 
3110 1118 1120 3703 
3111 589 590 591 
3112 943 2886 2887 
3113 3175 3176 3178 
3114 3710 2217 3816 
3115 581 1057 1300 
3116 1371 1374 3732 
3117 225 226 323 
3118 559 560 561 
3119 2050 1739 2051 
3120 2296 3845 3846 
3121 966 969 3701 
3122 3716 4588 4598 
3123 1944 1075 1945 
3124 913 919 920 
3125 1633 2435 3838 
3126 1003 1004 1005 
3127 921 934 935 
3128 655 657 659 
3129 649 651 652 
3130 664 674 676 
3131 835 3883 3884 
3132 434 421 3634 
3133 1200 1296 1497 
3134 707 705 3497 
3135 2990 2988 2991 
3136 3631 2203 3632 
3137 3158 3444 3445 
3138 1561 1560 1562 
3139 828 829 860 
3140 4951 3854 4953 
3141 2527 518 4058 
3142 1808 1537 3682 
3143 2658 2051 3591 
3144 3294 2402 3920 
3145 2085 2086 2339 
3146 1177 1173 3707 
3147 1503 1506 3704 
3148 1476 1477 1478 
3149 1239 1186 1625 
3150 3176 2427 3921 
3151 2283 2677 3778 
3152 3489 3487 3490 
3153 2921 2410 3467 
3154 3557 3555 3558 
3155 1013 1011 3670 
3156 2217 2400 2401 
3157 3420 3421 3422 
3158 624 621 625 
3159 1378 1207 3390 
3160 1516 1312 2017 
3161 553 555 1499 
3162 1687 1851 1853 
3163 2798 2800 2801 
3164 2548 2546 3589 
3165 413 411 3642 
3166 2349 2938 3156 
3167 2607 2432 3562 
3168 2181 3577 3578 
3169 2579 3071 3115 
3170 2006 3828 4262 
3171 2447 2433 3696 
3172 921 935 3650 
3173 2481 2476 2830 
3174 3054 2840 3055 
3175 1300 1301 1778 
3176 1440 1433 1441 
3177 923 880 3939 
3178 2411 2592 2593 
3179 1107 1026 4032 
3180 2432 2430 2434 
3181 2401 2400 2402 
3182 949 950 977 
3183 1982 1984 3721 
3184 1007 1005 4561 
3185 79 80 257 
3186 2360 2826 3159 
3187 555 556 557 
3188 1515 2422 2632 
3189 504 506 530 
3190 1738 1416 1739 
3191 2596 2598 2599 
3192 835 775 3883 
3193 2586 1508 3139 
3194 568 569 3533 
3195 628 625 629 
3196 1017 1015 1073 
3197 1482 1483 1484 
3198 960 962 4585 
3199 764 3850 3869 
3200 623 619 626 
3201 627 632 633 
3202 2877 3805 3806 
3203 634 629 635 
3204 636 635 637 
3205 1038 1944 3388 
3206 2876 3362 3419 
3207 1367 1633 3838 
3208 2078 2216 2217 
3209 898 887 899 
3210 1491 1492 1493 
3211 2876 3361 3362 
3212 2193 3607 3608 
3213 3860 3861 4959 
3214 1424 2528 4033 
3215 3178 3176 3291 
3216 1132 1131 1199 
3217 1204 1177 3707 
3218 510 512 581 
3219 2791 2794 2795 
3220 1116 1118 1307 
3221 3962 11 3964 
3222 2402 2400 3920 
3223 652 651 653 
3224 3654 3653 3655 
3225 800 801 828 
3226 3794 3796 3835 
3227 1495 3684 3687 
3228 1207 1059 1208 
3229 2217 2216 2400 
3230 938 940 3646 
3231 1488 636 3639 
3232 1996 1998 2180 
3233 1287 2601 4275 
3234 642 641 643 
3235 1495 3688 3941 
3236 2847 3813 3814 
3237 3352 3325 4557 
3238 2268 3524 3526 
3239 1776 2368 2411 
3240 2725 2304 2726 
3241 2479 1142 3802 
3242 2612 2447 3696 
3243 2265 2684 3756 
3244 1489 1490 1491 
3245 3852 3860 3866 
3246 1470 1441 1471 
3247 1423 662 3514 
3248 3622 2063 3623 
3249 2616 2548 3589 
3250 2527 3559 4331 
3251 920 921 3650 
3252 1887 2161 2360 
3253 1181 1179 3742 
3254 880 2496 3939 
3255 3578 3577 3581 
3256 949 977 1476 
3257 3657 3656 4142 
3258 1480 1479 3941 
3259 502 504 3698 
3260 1927 610 3719 
3261 1276 1290 1807 
3262 1122 1123 1189 
3263 1179 1177 1204 
3264 3850 821 3851 
3265 940 942 943 
3266 3366 2451 3872 
3267 2876 3419 4067 
3268 3665 3667 3668 
3269 1861 2260 2261 
3270 3701 2902 4572 
3271 3897 3896 3902 
3272 1071 1136 3773 
3273 2200 2198 2604 
3274 1992 1994 2181 
3275 2614 2550 3739 
3276 364 363 365 
3277 2659 2658 2944 
3278 3693 3694 3755 
3279 2550 2548 2616 
3280 940 943 3646 
3281 2265 2266 2362 
3282 659 657 3520 
3283 498 500 582 
3284 1415 1225 1416 
3285 1482 1495 3941 
3286 3560 659 3561 
3287 1487 1488 1489 
3288 2181 1994 3577 
3289 998 1965 3824 
3290 3544 1498 3545 
3291 1685 1903 1904 
3292 1171 1169 1233 
3293 2998 2994 3087 
3294 614 616 888 
3295 954 956 957 
3296 500 502 3699 
3297 1443 1442 1683 
3298 1163 1161 2428 
3299 1946 1945 1947 
3300 3175 2427 3176 
3301 1056 1025 3680 
3302 3809 2455 3810 
3303 1221 1220 1225 
3304 1408 1225 1415 
3305 1517 1348 3690 
3306 2086 2136 3750 
3307 1558 1560 1561 
3308 2368 2820 3620 
3309 634 636 1487 
3310 2546 2447 2612 
3311 643 645 3543 
3312 1700 1675 3812 
3313 2140 2047 2179 
3314 2682 2277 2683 
3315 2781 2739 3123 
3316 946 948 949 
3317 1915 1550 3781 
3318 2421 2130 2739 
3319 952 954 3724 
3320 676 674 3530 
3321 1902 1898 4040 
3322 2826 2161 2827 
3323 3666 3830 3831 
3324 1661 1397 3804 
3325 1518 1553 1554 
3326 2372 2137 2803 
3327 1304 1767 1776 
3328 1484 1485 1685 
3329 3631 3632 3633 
3330 2155 1932 2156 
3331 2243 2241 3649 
3332 1393 1392 1813 
3333 3820 1628 4327 
3334 1963 1976 2415 
3335 1851 1852 2085 
3336 2292 3016 3017 
3337 2078 1806 2216 
3338 2579 2580 3071 
3339 2296 1744 3845 
3340 2990 2991 2992 
3341 1984 1986 2193 
3342 608 1927 3743 
3343 1203 1202 1392 
3344 1988 1990 2189 
3345 1330 4237 4271 
3346 496 498 3713 
3347 2362 2363 2679 
3348 2499 2497 3821 
3349 1496 1935 2359 
3350 3740 2680 3741 
3351 2778 2179 2779 
3352 2349 2073 2646 
3353 553 554 555 
3354 1525 1854 3661 
3355 1980 1982 2391 
3356 3609 3608 3610 
3357 2909 2910 2912 
3358 2008 2531 3828 
3359 1076 1004 3567 
3360 2577 2578 2579 
3361 2246 2243 2410 
3362 1972 4418 4444 
3363 2442 2440 3746 
3364 944 946 3692 
3365 2843 2385 3393 
3366 1701 1471 1702 
3367 325 3782 3783 
3368 3785 3713 3786 
3369 358 359 360 
3370 2452 2453 3791 
3371 10 11 3962 
3372 1015 1013 3672 
3373 1904 2166 2167 
3374 1051 1049 1202 
3375 1725 1376 1726 
3376 1685 1904 1905 
3377 1482 1484 1495 
3378 946 949 3692 
3379 1004 1002 1922 
3380 1529 1538 3652 
3381 2501 2904 2905 
3382 1095 1101 3771 
3383 2087 1726 2088 
3384 3789 2883 3790 
3385 599 608 3743 
3386 1273 1276 3738 
3387 3783 3782 3784 
3388 1931 1930 1932 
3389 3551 3614 3616 
3390 1300 1778 1779 
3391 1492 1490 1942 
3392 1687 1688 1851 
3393 366 365 367 
3394 1296 1297 1687 
3395 2136 2789 2790 
3396 1733 1492 3599 
3397 3100 3099 3101 
3398 417 415 583 
3399 324 3929 3930 
3400 1308 1112 3689 
3401 218 219 3510 
3402 2474 2398 2476 
3403 904 901 905 
3404 2317 2134 3813 
3405 3661 1854 3662 
3406 3126 2779 3127 
3407 1013 3670 3672 
3408 1120 1121 1122 
3409 2331 2520 2891 
3410 1779 2197 2198 
3411 2599 2600 2642 
3412 2979 2267 4580 
3413 3157 2827 3158 
3414 2675 2987 2988 
3415 3174 2427 3175 
3416 1200 1205 1296 
3417 3109 2727 3327 
3418 2491 2493 3301 
3419 2426 2425 2427 
3420 368 367 369 
3421 3665 3664 3667 
3422 1554 1556 2416 
3423 731 2875 2876 
3424 642 666 2858 
3425 493 496 3785 
3426 1849 2361 4025 
3427 405 2144 3491 
3428 2213 2994 2998 
3429 490 492 1496 
3430 1554 1555 1556 
3431 958 960 973 
3432 3268 3267 3269 
3433 1110 1112 1308 
3434 1322 3756 3758 
3435 3964 278 3965 
3436 855 819 857 
3437 2462 2962 3279 
3438 912 911 913 
3439 3662 3664 3665 
3440 2143 2883 3789 
3441 3579 3578 3580 
3442 3652 1538 3759 
3443 1077 992 1078 
3444 1952 1950 2041 
3445 2448 3522 3732 
3446 28 29 3940 
3447 2464 2465 3003 
3448 991 903 992 
3449 964 966 967 
3450 1529 1527 1538 
3451 506 508 3706 
3452 653 655 3560 
3453 1828 2399 3402 
3454 1023 1021 1072 
3455 2213 2214 2994 
3456 1533 1774 3727 
3457 768 770 3858 
3458 3608 3607 3611 
3459 2300 2299 2768 
3460 1283 2943 4077 
3461 2424 2709 3765 
3462 3735 2597 3736 
3463 2193 1986 3607 
3464 902 857 903 
3465 4423 2898 4461 
3466 2878 2359 2879 
3467 608 610 1927 
3468 2451 2449 3872 
3469 4154 3730 4168 
3470 1533 1531 1774 
3471 1616 1827 1828 
3472 2398 2200 3588 
3473 2830 2476 3180 
3474 950 952 3725 
3475 729 730 779 
3476 1359 1352 3893 
3477 2189 1990 3754 
3478 1929 1928 1930 
3479 1904 2167 3760 
3480 1877 1702 2177 
3481 304 3917 3918 
3482 2727 2728 3327 
3483 1937 1249 1938 
3484 593 595 3886 
3485 1516 2030 2461 
3486 1681 1682 3943 
3487 3202 2377 3203 
3488 2734 2178 2735 
3489 3850 3851 3853 
3490 2173 2597 3735 
3491 2286 2284 2655 
3492 1939 1938 1940 
3493 3667 3664 3979 
3494 2414 2674 2675 
3495 3853 3851 3854 
3496 718 719 927 
3497 1446 1788 4030 
3498 1941 1940 2284 
3499 2391 1982 3721 
3500 2361 3170 4025 
3501 1537 1535 2021 
3502 2282 1883 2292 
3503 1525 1523 1854 
3504 1824 2089 2811 
3505 1807 2282 2414 
3506 2998 3087 3150 
3507 260 3913 3914 
3508 370 369 371 
3509 1537 2021 3682 
3510 1510 1306 2137 
3511 1324 1326 2265 
3512 2421 2739 2781 
3513 2674 2282 3605 
3514 258 24 3911 
3515 1806 1600 3805 
3516 1655 1295 1656 
3517 624 628 630 
3518 1844 1719 3809 
3519 2283 1808 2585 
3520 1924 1514 2831 
3521 952 3724 3725 
3522 1503 1501 1505 
3523 1219 1056 1220 
3524 2167 2364 2365 
3525 2283 2585 2677 
3526 1813 2130 2421 
3527 1801 2463 2464 
3528 1051 1202 1203 
3529 1762 1764 2203 
3530 2718 2720 2721 
3531 1313 1314 1762 
3532 3853 3854 3855 
3533 1186 1181 3931 
3534 1235 1621 3802 
3535 3281 2687 3282 
3536 232 324 3829 
3537 2981 2920 3235 
3538 1203 1392 1393 
3539 729 1934 3468 
3540 3896 299 3902 
3541 971 974 976 
3542 2703 2702 2920 
3543 1807 1290 1883 
3544 2271 1954 2275 
3545 2827 2161 4038 
3546 601 599 3743 
3547 3237 3238 3311 
3548 1451 1450 1452 
3549 3474 1724 3475 
3550 645 1498 3543 
3551 2167 2365 2732 
3552 296 77 3868 
3553 2486 2489 2890 
3554 995 1049 1051 
3555 897 1041 3745 
3556 967 966 3701 
3557 1227 1226 1313 
3558 1682 1679 3989 
3559 2281 1802 4089 
3560 3279 3280 3365 
3561 1397 1395 2042 
3562 1948 1947 1949 
3563 71 3916 3917 
3564 2721 2722 2723 
3565 587 588 589 
3566 2732 2365 2733 
3567 957 956 958 
3568 2200 2604 3588 
3569 1506 1505 1756 
3570 976 974 3693 
3571 1190 1247 1248 
3572 2562 2608 2958 
3573 766 821 3850 
3574 1118 1119 1120 
3575 2351 2067 3626 
3576 2853 3318 3320 
3577 3049 3050 3125 
3578 1634 1796 1873 
3579 530 506 3706 
3580 1276 1807 3738 
3581 372 371 373 
3582 1953 2209 2382 
3583 1482 1481 1483 
3584 227 228 254 
3585 1479 1477 1481 
3586 3478 3476 3479 
3587 575 568 3533 
3588 582 500 3699 
3589 2289 2287 2687 
3590 988 990 1031 
3591 1556 1557 1558 
3592 1415 1740 3788 
3593 71 72 3916 
3594 1757 1756 1910 
3595 2484 2486 3744 
3596 920 919 921 
3597 3729 3730 3731 
3598 4658 698 4670 
3599 793 797 800 
3600 1145 1144 1226 
3601 1379 1714 1715 
3602 1426 1088 1928 
3603 3526 3524 3527 
3604 1272 4053 4233 
3605 1519 1264 3808 
3606 862 909 2458 
3607 3813 2111 3815 
3608 1813 1814 2130 
3609 374 373 375 
3610 858 897 1777 
3611 3723 1108 4525 
3612 2279 2653 3517 
3613 705 706 718 
3614 2145 1736 2425 
3615 2041 3658 3926 
3616 1458 1459 4314 
3617 3227 2804 3228 
3618 2448 3007 3008 
3619 995 996 1049 
3620 1885 2423 2424 
3621 1558 1559 1560 
3622 1911 1910 1913 
3623 2592 2368 3620 
3624 935 934 936 
3625 1633 1786 2036 
3626 692 693 705 
3627 1116 1117 1118 
3628 1439 1438 1442 
3629 634 1487 4045 
3630 1239 1625 1634 
3631 568 566 569 
3632 2823 2369 3183 
3633 2354 2055 3594 
3634 360 361 362 
3635 1322 1324 3756 
3636 2697 2692 3221 
3637 2363 2467 3740 
3638 868 549 4322 
3639 1134 1200 3643 
3640 2197 1778 3396 
3641 3245 3244 3246 
3642 2265 2362 2684 
3643 1239 1634 3842 
3644 1795 1617 2930 
3645 3502 2423 3938 
3646 1041 1817 1824 
3647 3794 2023 3796 
3648 1264 1262 3808 
3649 446 443 584 
3650 1449 1448 1450 
3651 1017 1073 3675 
3652 1835 1837 2184 
3653 2204 2206 2602 
3654 2573 2575 3576 
3655 2131 2212 2213 
3656 2474 2481 3843 
3657 2293 1913 2294 
3658 2328 2331 3734 
3659 2909 2912 3874 
3660 2429 2430 2431 
3661 3899 3900 3901 
3662 2865 2873 3922 
3663 3655 3656 3657 
3664 2467 2469 2680 
3665 1350 1359 3690 
3666 3554 1499 3555 
3667 224 225 3471 
3668 1839 1838 1840 
3669 2423 1741 3938 
3670 3556 3555 3557 
3671 2431 2432 2433 
3672 581 512 1057 
3673 2650 2078 3710 
3674 2474 2476 2481 
3675 3960 313 3961 
3676 2452 2451 2453 
3677 2035 1700 2143 
3678 84 85 3691 
3679 3746 2694 3747 
3680 1775 1577 3820 
3681 2995 2997 3049 
3682 1956 3794 3795 
3683 1524 1523 1525 
3684 1496 492 1935 
3685 304 70 3917 
3686 1846 1720 1886 
3687 376 375 377 
3688 3906 3903 3940 
3689 3443 2827 4038 
3690 949 948 950 
3691 1300 1057 1301 
3692 686 3424 4266 
3693 2208 2851 2853 
3694 1134 1140 1200 
3695 1026 931 4032 
3696 2265 1326 2266 
3697 3766 3767 3768 
3698 2036 1786 2268 
3699 1526 1525 1527 
3700 874 872 3729 
3701 532 553 3554 
3702 3797 3795 3798 
3703 2701 1229 2702 
3704 3717 1571 3718 
3705 2569 4334 4672 
3706 864 866 889 
3707 3800 3798 3801 
3708 1048 3461 4167 
3709 1397 2042 3804 
3710 2279 2394 2653 
3711 1374 2295 2448 
3712 2043 1806 2078 
3713 2686 2094 3442 
3714 1528 1527 1529 
3715 4005 4006 4007 
3716 2657 2143 3789 
3717 1025 3679 3680 
3718 2920 2702 3453 
3719 1053 1062 1133 
3720 2076 1773 2094 
3721 3898 3897 3899 
3722 1163 2428 2429 
3723 1633 1370 1786 
3724 2368 1909 2820 
3725 1367 1370 1633 
3726 2577 2294 2578 
3727 3404 2399 3516 
3728 1208 1210 3391 
3729 2440 2694 3746 
3730 4426 2901 4451 
3731 2448 2295 3007 
3732 1197 1084 3638 
3733 878 874 1144 
3734 487 490 3762 
3735 999 1125 1126 
3736 1058 1032 1059 
3737 80 81 3504 
3738 688 689 692 
3739 872 870 1936 
3740 2467 2680 3740 
3741 2982 2275 2984 
3742 2390 2847 3289 
3743 2362 2266 2363 
3744 1461 1627 4438 
3745 1998 1999 2000 
3746 1958 2287 2289 
3747 2206 2208 3715 
3748 3344 2887 4149 
3749 2289 2687 3281 
3750 2318 2317 2390 
3751 2862 2832 3988 
3752 652 1508 2586 
3753 1777 897 3745 
3754 1126 1127 1128 
3755 1084 1086 3638 
3756 2454 2424 3002 
3757 2235 2237 4015 
3758 1631 1957 1958 
3759 1581 1362 3969 
3760 565 564 566 
3761 2440 2438 2694 
3762 2450 2449 2451 
3763 2105 1706 2165 
3764 786 807 3882 
3765 2444 2692 2697 
3766 2603 2452 3791 
3767 1370 1371 3732 
3768 1324 2265 3756 
3769 3523 3008 3525 
3770 378 377 379 
3771 943 942 944 
3772 2424 2423 2709 
3773 1250 1253 3823 
3774 1996 1997 1998 
3775 221 222 3601 
3776 1348 1350 3690 
3777 1776 1767 1909 
3778 2445 3769 4023 
3779 3734 2891 4355 
3780 496 3713 3785 
3781 3420 3362 3421 
3782 3002 2424 3765 
3783 1824 1817 2089 
3784 3810 2455 3811 
3785 737 742 1518 
3786 2459 2457 2704 
3787 2346 2165 2369 
3788 1114 1115 1116 
3789 2051 2052 2053 
3790 2876 2875 3361 
3791 1705 1405 1706 
3792 2801 2800 2802 
3793 226 227 3587 
3794 780 784 792 
3795 2450 2451 2452 
3796 2173 2595 2597 
3797 1678 1675 1700 
3798 380 379 381 
3799 978 979 995 
3800 662 663 664 
3801 2822 2339 3096 
3802 1685 1485 1903 
3803 1958 1959 2287 
3804 1742 1741 1885 
3805 1484 1483 1485 
3806 1128 1129 1130 
3807 1411 4368 4439 
3808 1530 1529 1531 
3809 1023 1072 3679 
3810 664 665 674 
3811 2832 2831 3988 
3812 1885 1741 2423 
3813 2444 2442 2692 
3814 1313 1226 1314 
3815 3563 3564 3565 
3816 2246 2410 2605 
3817 1696 1695 1720 
3818 2390 3290 3839 
3819 778 3882 3883 
3820 1112 1113 1114 
3821 655 659 3560 
3822 2904 2499 3821 
3823 1547 1504 1548 
3824 1487 2553 4045 
3825 924 856 925 
3826 674 675 681 
3827 2453 3431 3432 
3828 1158 3387 4238 
3829 1994 1995 1996 
3830 2093 2706 2707 
3831 76 77 296 
3832 630 628 4045 
3833 3522 3008 3523 
3834 1904 1903 2166 
3835 974 975 978 
3836 1163 2429 3873 
3837 1334 1336 1539 
3838 1715 1790 1791 
3839 382 381 383 
3840 3071 2580 3072 
3841 1144 874 3729 
3842 1621 1781 1956 
3843 2193 3608 3609 
3844 1762 1314 1764 
3845 1481 1477 4054 
3846 1532 1531 1533 
3847 1313 1762 1763 
3848 2203 1764 2204 
3849 1110 1111 1112 
3850 2365 2366 3774 
3851 3716 1619 4588 
3852 3662 3663 3664 
3853 1357 1363 3892 
3854 1781 2023 3794 
3855 2057 2058 2059 
3856 3343 1772 3353 
3857 3902 299 3903 
3858 1620 1772 3343 
3859 1730 1493 4038 
3860 2035 2143 2657 
3861 681 682 688 
3862 1675 1672 3812 
3863 1161 1155 4016 
3864 2053 2054 2055 
3865 1212 1209 4292 
3866 384 383 385 
3867 1836 1834 1838 
3868 1788 2259 2562 
3869 1000 925 1001 
3870 775 778 3883 
3871 2208 2853 3715 
3872 2050 2658 2659 
3873 1383 1191 1773 
3874 1961 1963 4347 
3875 1560 1571 3717 
3876 609 3582 4035 
3877 1238 3744 4305 
3878 1883 1290 4039 
3879 3845 2454 3846 
3880 2002 3912 4194 
3881 2167 2166 2364 
3882 1415 1738 1740 
3883 1554 1553 1555 
3884 1665 1662 3819 
3885 2386 1480 2845 
3886 3910 3906 3940 
3887 2491 2492 2493 
3888 1310 1264 1519 
3889 850 858 3779 
3890 1338 1340 1631 
3891 2109 2108 2557 
3892 1549 1548 1695 
3893 508 510 4009 
3894 752 754 833 
3895 660 661 662 
3896 1534 1533 1535 
3897 3052 4489 4490 
3898 1496 2359 2878 
3899 2241 2238 4022 
3900 971 972 974 
3901 2723 2724 4064 
3902 2059 2060 2061 
3903 2258 2256 2449 
3904 2316 2134 2317 
3905 2055 2056 2057 
3906 1522 1520 1523 
3907 2258 2449 2450 
3908 1396 1395 1397 
3909 2453 3366 3431 
3910 1262 1138 4031 
3911 3856 3855 3857 
3912 3557 3558 3867 
3913 1572 1577 1755 
3914 2164 2634 3912 
3915 2795 2794 2796 
3916 325 75 3782 
3917 2460 1883 4039 
3918 3899 3897 3900 
3919 1848 1727 1849 
3920 2435 2036 2436 
3921 1395 1393 3598 
3922 1355 3892 3893 
3923 1006 1005 1007 
3924 1899 1894 3990 
3925 1515 1513 2422 
3926 1678 1700 2035 
3927 653 654 655 
3928 1536 1535 1537 
3929 2790 2789 2791 
3930 1662 1661 3819 
3931 1824 2811 3130 
3932 926 632 3410 
3933 2853 2851 3318 
3934 2703 2920 2981 
3935 532 536 553 
3936 524 527 1855 
3937 2095 1692 2096 
3938 3766 2288 3767 
3939 1389 1387 2457 
3940 1398 1397 1661 
3941 512 511 4084 
3942 2143 2882 2883 
3943 1408 1415 3788 
3944 27 299 3896 
3945 2134 2111 3813 
3946 563 562 564 
3947 1937 1939 3460 
3948 2196 1481 4054 
3949 1660 1642 1816 
3950 2313 2718 3720 
3951 1266 1124 1267 
3952 757 760 3876 
3953 326 3896 3897 
3954 1394 1393 1395 
3955 1992 1993 1994 
3956 649 650 651 
3957 4224 2889 4287 
3958 2331 2891 3734 
3959 1219 1220 1221 
3960 1108 1109 1110 
3961 647 648 649 
3962 1674 1721 1722 
3963 260 3914 3915 
3964 2680 2469 3792 
3965 1712 1694 1741 
3966 3236 2845 3326 
3967 1221 1225 1408 
3968 1145 1226 1227 
3969 655 656 657 
3970 2469 2670 3792 
3971 2701 2702 2703 
3972 2579 2578 2580 
3973 998 908 1965 
3974 2263 2610 2611 
3975 3798 3795 3799 
3976 1648 1537 1808 
3977 3975 3974 3976 
3978 3049 2997 3050 
3979 2023 1782 4017 
3980 2404 3294 3923 
3981 1566 1575 3728 
3982 1746 1744 2296 
3983 2169 2173 3735 
3984 1541 3887 3888 
3985 1060 543 3935 
3986 3123 2739 3447 
3987 2181 3578 3579 
3988 2743 2744 3019 
3989 1885 2454 3845 
3990 2724 2742 2743 
3991 2220 4036 4037 
3992 1956 1781 3794 
3993 2609 2024 2903 
3994 2303 2302 2304 
3995 2390 3289 3290 
3996 3863 3857 3864 
3997 2437 2436 2438 
3998 2667 2283 3778 
3999 2521 2615 3980 
4000 723 728 729 
4001 2049 1808 2283 
4002 4212 1202 4220 
4003 2724 2743 4064 
4004 969 970 971 
4005 2557 2558 2888 
4006 2659 2944 3166 
4007 2107 1871 2108 
4008 657 658 660 
4009 1363 3838 4175 
4010 1025 1023 3679 
4011 637 640 641 
4012 3692 1476 3950 
4013 1647 2047 2140 
4014 1670 1669 1674 
4015 2439 2438 2440 
4016 878 1144 1145 
4017 557 556 558 
4018 1990 1991 1992 
4019 2609 4675 4705 
4020 1352 1355 3893 
4021 645 646 647 
4022 915 3388 4219 
4023 1387 1384 4049 
4024 2405 2407 2654 
4025 1437 1436 1438 
4026 643 644 645 
4027 966 968 969 
4028 559 558 560 
4029 1956 3795 3797 
4030 2426 2427 3174 
4031 2489 2490 2491 
4032 2915 1406 4101 
4033 2390 2317 2847 
4034 857 819 4094 
4035 1786 1370 3732 
4036 563 565 3919 
4037 845 884 885 
4038 4237 3455 4271 
4039 3797 3798 3800 
4040 3563 3565 3877 
4041 770 773 4048 
4042 760 762 1810 
4043 2287 2288 3766 
4044 2382 2588 3217 
4045 1089 1093 4171 
4046 386 385 387 
4047 2441 2440 2442 
4048 2861 2832 2862 
4049 1869 1867 2219 
4050 1988 1989 1990 
4051 297 231 3829 
4052 2085 1852 2086 
4053 2145 2425 2426 
4054 1364 1367 3838 
4055 3951 313 3960 
4056 3411 3410 3413 
4057 2131 2213 3659 
4058 1416 3681 4197 
4059 1943 1722 2101 
4060 2365 2364 2366 
4061 1668 1666 1669 
4062 2405 2654 3837 
4063 1435 1434 1436 
4064 1973 2917 4082 
4065 1566 1564 1575 
4066 2824 2370 3190 
4067 2308 2806 2808 
4068 2006 2008 3828 
4069 467 469 1541 
4070 3092 3094 3122 
4071 3357 2838 4060 
4072 989 987 4202 
4073 230 231 297 
4074 1562 1560 3717 
4075 2776 3079 3080 
4076 1986 1987 1988 
4077 2061 2062 2063 
4078 3852 3859 3860 
4079 561 560 562 
4080 2865 2863 2873 
4081 2266 1326 4034 
4082 875 878 4050 
4083 2076 2094 2686 
4084 858 1777 3779 
4085 2008 2010 2531 
4086 1130 1131 1132 
4087 964 965 966 
4088 1894 1892 3990 
4089 677 638 3569 
4090 1304 1776 3714 
4091 1805 1600 1806 
4092 2101 2119 2308 
4093 2401 2403 2648 
4094 2520 2521 3980 
4095 2331 2332 2520 
4096 1568 1566 3728 
4097 2994 2214 2995 
4098 522 519 4020 
4099 1383 1773 2076 
4100 1562 3717 3844 
4101 3666 3832 3979 
4102 743 746 4071 
4103 2871 2869 3233 
4104 2316 2317 2318 
4105 3927 3926 3928 
4106 1813 1392 1814 
4107 1984 1985 1986 
4108 2130 1814 2131 
4109 2486 2487 2489 
4110 838 839 849 
4111 324 233 3929 
4112 2778 2779 3126 
4113 543 541 3935 
4114 2140 2179 2778 
4115 2465 2463 3702 
4116 2466 2266 4034 
4117 766 768 821 
4118 764 766 3850 
4119 2153 3031 3394 
4120 2632 2422 2647 
4121 2318 2390 3839 
4122 1346 1348 1517 
4123 1344 1346 3878 
4124 1556 1555 1557 
4125 2904 3821 4406 
4126 2256 1915 3781 
4127 24 25 3911 
4128 2443 2442 2444 
4129 326 3897 3898 
4130 744 4896 4916 
4131 1674 1669 1721 
4132 3491 3488 3492 
4133 1518 742 1553 
4134 1367 1368 1370 
4135 2459 2704 2705 
4136 1008 1007 1009 
4137 2648 2403 3837 
4138 2143 1700 2882 
4139 773 775 835 
4140 1755 1775 2169 
4141 30 31 255 
4142 1631 1340 1957 
4143 896 2478 4136 
4144 555 554 556 
4145 1982 1983 1984 
4146 2449 3781 3872 
4147 388 387 389 
4148 575 3533 4094 
4149 2213 2212 2214 
4150 1722 1721 4056 
4151 3665 3668 3669 
4152 70 71 3917 
4153 77 78 3868 
4154 2107 2108 2109 
4155 490 491 492 
4156 1191 923 3939 
4157 1374 1375 2295 
4158 2372 2803 2804 
4159 1231 1232 1312 
4160 1694 1660 3938 
4161 2596 2174 2598 
4162 2237 2245 4015 
4163 1498 647 3705 
4164 1049 996 1050 
4165 1980 1981 1982 
4166 1412 2505 3972 
4167 3960 3961 3967 
4168 3051 3052 3053 
4169 2993 2992 3350 
4170 985 917 986 
4171 1287 1317 2601 
4172 1558 1557 1559 
4173 962 963 964 
4174 396 395 397 
4175 394 393 395 
4176 1969 2482 3936 
4177 1404 1267 1405 
4178 3414 3413 3415 
4179 1885 2424 2454 
4180 392 391 393 
4181 390 389 391 
4182 1389 2457 2459 
4183 2460 4039 4196 
4184 3344 3345 4487 
4185 960 961 962 
4186 2063 2064 2065 
4187 1346 1517 3878 
4188 1565 1567 1576 
4189 1560 1559 1571 
4190 1664 1662 1665 
4191 2575 2576 2935 
4192 2042 1395 3598 
4193 260 73 3913 
4194 2589 2452 2603 
4195 1350 1352 1359 
4196 2484 2485 2486 
4197 958 959 960 
4198 1668 1669 1670 
4199 2989 2988 2990 
4200 402 401 403 
4201 2733 2365 3774 
4202 1620 1626 1772 
4203 1510 2137 2372 
4204 3655 3653 3656 
4205 400 399 401 
4206 1494 1493 1730 
4207 398 397 399 
4208 412 411 413 
4209 2308 2119 2806 
4210 4003 4002 4004 
4211 1943 2101 2182 
4212 1363 1364 3838 
4213 2687 2287 3766 
4214 3204 2946 3205 
4215 1569 4227 4320 
4216 404 403 405 
4217 406 405 407 
4218 2806 2807 3076 
4219 1136 1620 3773 
4220 1046 993 4114 
4221 1556 1558 3880 
4222 410 409 411 
4223 1851 1688 1852 
4224 3976 3974 3977 
4225 2818 2657 2946 
4226 2716 2226 3946 
4227 2400 2216 2877 
4228 1069 1071 1315 
4229 1621 1956 3802 
4230 4624 1611 4638 
4231 1699 1581 3969 
4232 1573 1570 1574 
4233 3867 3558 4544 
4234 277 44 3978 
4235 408 407 409 
4236 1978 1979 1980 
4237 1958 1957 1959 
4238 2763 2761 3833 
4239 1970 574 4052 
4240 2557 2108 2558 
4241 1742 1885 3845 
4242 1628 1573 3748 
4243 313 10 3962 
4244 2101 1722 2119 
4245 1642 1390 4059 
4246 4006 338 4007 
4247 1674 1722 1943 
4248 1680 1759 4043 
4249 778 786 3882 
4250 1302 1514 1924 
4251 808 817 831 
4252 3819 1661 4394 
4253 1687 1297 1688 
4254 1189 1123 1190 
4255 2380 2146 4097 
4256 1010 1009 1011 
4257 2448 3008 3522 
4258 3001 2669 3247 
4259 1944 2881 3388 
4260 1296 1205 1297 
4261 330 3974 3975 
4262 2199 2198 2200 
4263 833 754 3848 
4264 1760 1681 3943 
4265 2521 2613 2615 
4266 1712 1741 1742 
4267 2709 3502 3503 
4268 2748 2749 2766 
4269 2245 2641 2952 
4270 3372 3370 3604 
4271 75 76 3782 
4272 1122 1121 1123 
4273 2573 2574 2575 
4274 1830 1829 1831 
4275 832 837 838 
4276 1908 1422 2373 
4277 3858 770 4048 
4278 954 955 956 
4279 2427 2425 3921 
4280 3851 821 3852 
4281 1867 1844 3809 
4282 3997 335 3998 
4283 2287 1959 2288 
4284 3283 3284 4450 
4285 1200 1497 3643 
4286 786 799 807 
4287 2453 2451 3366 
4288 1731 1730 1887 
4289 2065 2066 2067 
4290 74 75 325 
4291 1322 1323 1324 
4292 1600 811 3805 
4293 2403 2405 3837 
4294 2320 2318 3839 
4295 362 363 364 
4296 553 536 554 
4297 1956 3797 3802 
4298 496 497 498 
4299 865 863 4199 
4300 2449 2256 3781 
4301 3061 2808 3104 
4302 2707 2708 3184 
4303 1355 1357 3892 
4304 1012 1011 1013 
4305 3848 756 3849 
4306 1943 3395 4001 
4307 2278 2279 3517 
4308 487 489 490 
4309 2292 2460 3016 
4310 1568 3728 3879 
4311 3905 3906 3907 
4312 330 3973 3974 
4313 4004 284 4005 
4314 1879 1880 4121 
4315 1136 1280 1620 
4316 709 731 4067 
4317 3954 3952 3957 
4318 1674 1943 4001 
4319 1310 1519 1520 
4320 1573 1574 3748 
4321 585 586 587 
4322 498 499 500 
4323 2290 1046 2673 
4324 1976 1977 1978 
4325 2837 2185 3171 
4326 1633 2036 2435 
4327 1973 2150 2917 
4328 2874 2406 3256 
4329 4195 1353 4277 
4330 1524 1525 1526 
4331 1200 1140 1205 
4332 2482 2483 2484 
4333 899 900 901 
4334 897 1040 1041 
4335 3854 3851 3866 
4336 1357 1361 1363 
4337 860 829 861 
4338 2225 1752 3944 
4339 500 501 502 
4340 858 859 897 
4341 1364 1366 1367 
4342 502 503 504 
4343 504 505 506 
4344 3526 3527 3529 
4345 1868 1867 1869 
4346 1044 2479 4158 
4347 328 3951 3952 
4348 2571 2572 2573 
4349 1522 1523 1524 
4350 2257 2256 2258 
4351 3953 3952 3954 
4352 2220 2221 4036 
4353 280 3999 4000 
4354 2328 2330 2331 
4355 995 979 996 
4356 2404 2402 3294 
4357 2067 2068 2069 
4358 1041 1259 1817 
4359 1963 1964 1976 
4360 1526 1527 1528 
4361 3122 3094 3140 
4362 479 481 1542 
4363 1628 3748 4449 
4364 1469 1473 4161 
4365 1625 1186 3931 
4366 694 683 4028 
4367 1276 1277 1290 
4368 1371 1373 1374 
4369 2225 3944 3945 
4370 337 4002 4003 
4371 2888 2558 3340 
4372 74 325 3913 
4373 2069 2070 2071 
4374 1027 1106 1108 
4375 2308 2808 3061 
4376 850 853 858 
4377 245 246 4006 
4378 905 910 911 
4379 2002 2164 3912 
4380 1324 1325 1326 
4381 2505 2508 3972 
4382 1672 1670 4001 
4383 3955 3954 3958 
4384 1398 1661 1662 
4385 2397 2200 2398 
4386 952 953 954 
4387 3980 4372 4513 
4388 3905 3903 3906 
4389 696 695 701 
4390 2071 2072 2073 
4391 2400 2877 3920 
4392 27 28 299 
4393 1736 1408 3788 
4394 3851 3852 3866 
4395 485 487 3762 
4396 33 34 298 
4397 1120 1122 4180 
4398 1506 1757 3937 
4399 1826 1615 4179 
4400 1561 1563 1765 
4401 246 338 4006 
4402 1810 762 3869 
4403 1752 1750 3944 
4404 1396 1397 1398 
4405 232 233 324 
4406 1291 1293 1318 
4407 2385 1787 3332 
4408 3759 1538 3836 
4409 3811 3969 4111 
4410 1133 1062 1134 
4411 1594 1592 3968 
4412 553 1499 3554 
4413 326 26 3896 
4414 3953 3956 3985 
4415 1719 1699 2455 
4416 1961 1962 1963 
4417 520 524 4058 
4418 3853 3855 3856 
4419 1014 1013 1015 
4420 2702 1229 3628 
4421 1528 1529 1530 
4422 1158 1160 3387 
4423 3158 3443 3444 
4424 2324 3099 3100 
4425 3076 2807 3088 
4426 2204 2205 2206 
4427 3811 2455 3969 
4428 1336 1338 4008 
4429 3210 1760 3943 
4430 3320 4574 4579 
4431 3793 912 4361 
4432 1880 2046 4121 
4433 3961 3962 3963 
4434 3593 2354 3594 
4435 754 756 3848 
4436 2558 2108 4041 
4437 493 495 496 
4438 1319 1321 1322 
4439 1858 1299 4278 
4440 2535 2537 2628 
4441 950 951 952 
4442 1120 1119 1121 
4443 3662 1854 3663 
4444 1664 1665 1666 
4445 2767 3048 3258 
4446 1183 4276 4385 
4447 2367 1760 3210 
4448 2363 2466 2467 
4449 2435 2436 2437 
4450 3018 2460 4196 
4451 2164 2358 2634 
4452 1176 1194 1231 
4453 1118 1117 1119 
4454 301 3970 3971 
4455 2867 2865 3922 
4456 913 918 919 
4457 3550 1243 4242 
4458 1795 2930 2970 
4459 921 933 934 
4460 2043 2078 2650 
4461 2906 2905 2907 
4462 2219 1867 3809 
4463 506 507 508 
4464 1832 1831 1833 
4465 475 477 538 
4466 3554 3555 3556 
4467 2024 1107 4032 
4468 2480 576 4223 
4469 1967 3936 4150 
4470 299 28 3940 
4471 541 522 4020 
4472 2050 2659 4106 
4473 1740 1738 4106 
4474 869 868 870 
4475 3563 2434 3564 
4476 1620 3343 3773 
4477 1866 1844 1867 
4478 3193 1907 4159 
4479 1870 1869 1871 
4480 1258 1271 1272 
4481 1394 1395 1396 
4482 946 947 948 
4483 718 706 719 
4484 1479 1482 3941 
4485 446 584 585 
4486 1530 1531 1532 
4487 1427 2353 2471 
4488 896 932 2478 
4489 328 3952 3953 
4490 2255 1915 2256 
4491 929 892 4055 
4492 3291 3176 3363 
4493 2437 2438 2439 
4494 1759 2195 4043 
4495 2599 2598 2600 
4496 44 45 3978 
4497 1016 1015 1017 
4498 1621 1622 1781 
4499 1741 1694 3938 
4500 2129 4185 4263 
4501 1781 1782 2023 
4502 1273 1275 1276 
4503 508 509 510 
4504 3650 1500 4232 
4505 1676 1675 1678 
4506 2473 2398 2474 
4507 368 369 370 
4508 546 548 4079 
4509 510 511 512 
4510 1871 1869 4041 
4511 366 367 368 
4512 2508 2747 2748 
4513 1561 1765 3880 
4514 1967 1969 3936 
4515 3944 1750 3968 
4516 1294 1213 1295 
4517 2012 857 4094 
4518 2964 2025 4293 
4519 2195 2570 2571 
4520 1565 1576 3885 
4521 364 365 366 
4522 1203 1393 1394 
4523 231 232 3829 
4524 2512 2511 4062 
4525 1773 1191 3939 
4526 3860 3859 3861 
4527 1254 1256 1257 
4528 1744 1742 3845 
4529 1331 1333 1334 
4530 1681 1679 1682 
4531 2106 1871 2107 
4532 2439 2440 2441 
4533 2444 2697 3769 
4534 1018 1017 1019 
4535 1334 1335 1336 
4536 2206 2207 2208 
4537 1532 1533 1534 
4538 43 277 3983 
4539 2445 2444 3769 
4540 1327 1329 1330 
4541 1969 2116 2482 
4542 1558 1561 3880 
4543 1939 2857 3460 
4544 2208 2850 2851 
4545 1828 1827 1829 
4546 234 263 3929 
4547 300 238 3986 
4548 1924 2831 2832 
4549 2051 1739 2052 
4550 1782 1784 4017 
4551 1116 1115 1117 
4552 3856 3857 3863 
4553 1231 1516 3651 
4554 328 3953 3985 
4555 1754 2121 2617 
4556 1534 1535 1536 
4557 72 260 3916 
4558 25 26 326 
4559 1112 1111 1113 
4560 2508 2748 3972 
4561 1636 1729 1961 
4562 1799 1783 4066 
4563 1050 1053 4318 
4564 2441 2442 2443 
4565 3953 3954 3955 
4566 238 239 3986 
4567 938 939 940 
4568 35 36 327 
4569 978 975 979 
4570 623 626 627 
4571 2467 2468 2469 
4572 2618 3029 3841 
4573 370 371 372 
4574 1020 1019 1021 
4575 26 27 3896 
4576 3749 2558 4041 
4577 2908 2907 2909 
4578 2500 2499 2501 
4579 3795 3794 3835 
4580 2493 2492 2594 
4581 1114 1113 1115 
4582 1937 3460 3461 
4583 1536 1537 1648 
4584 2975 2267 2979 
4585 871 870 872 
4586 3935 541 4020 
4587 944 945 946 
4588 4002 284 4004 
4589 1750 1594 3968 
4590 940 941 942 
4591 240 273 3987 
4592 1890 1888 2148 
4593 2806 2119 2807 
4594 2034 1629 2267 
4595 1805 1806 2043 
4596 3957 3960 3967 
4597 302 41 3982 
4598 1228 1227 1229 
4599 372 373 374 
4600 936 937 938 
4601 1998 1997 1999 
4602 1216 1217 1249 
4603 3961 313 3962 
4604 2221 2513 4036 
4605 233 234 3929 
4606 1541 469 3887 
4607 1957 1340 4068 
4608 2925 3036 3037 
4609 3968 4126 4190 
4610 1495 3687 3688 
4611 545 543 1060 
4612 1110 1109 1111 
4613 1044 1142 2479 
4614 3664 3663 3666 
4615 374 375 376 
4616 873 872 874 
4617 2475 2474 3843 
4618 2513 2515 2924 
4619 974 972 975 
4620 2139 1823 2551 
4621 2133 2111 2134 
4622 2861 2862 2863 
4623 1784 1800 2252 
4624 1648 1808 2049 
4625 1996 1995 1997 
4626 1196 1215 1216 
4627 1238 4122 4250 
4628 414 413 415 
4629 2298 1229 2701 
4630 1478 1480 2386 
4631 875 874 878 
4632 1235 1381 1621 
4633 3986 239 3987 
4634 41 42 3982 
4635 2213 2998 3659 
4636 2110 2109 2111 
4637 2049 2283 2667 
4638 3955 3958 3959 
4639 3808 1262 4031 
4640 2245 2952 4015 
4641 2450 2452 2589 
4642 806 1643 2278 
4643 2748 2766 4208 
4644 328 8 3951 
4645 2498 2497 2499 
4646 762 764 3869 
4647 2118 3574 3575 
4648 2469 2525 2670 
4649 2455 1699 3969 
4650 722 720 4178 
4651 3982 42 3983 
4652 3153 3152 3154 
4653 2916 1975 4200 
4654 1189 1190 4146 
4655 1523 1520 4131 
4656 2088 2201 2202 
4657 3817 2686 3818 
4658 2930 1617 4291 
4659 2310 4112 4208 
4660 2443 2444 2445 
4661 329 53 3981 
4662 2482 2484 4250 
4663 2223 1923 2856 
4664 2736 2716 2933 
4665 1192 1191 1383 
4666 1563 1565 3885 
4667 916 890 917 
4668 1414 1299 1858 
4669 1336 1337 1338 
4670 63 64 3997 
4671 1673 1672 1675 
4672 3952 3951 3960 
4673 428 427 430 
4674 287 48 3984 
4675 1671 1670 1672 
4676 1285 1283 4077 
4677 3859 3858 4048 
4678 431 430 432 
4679 2171 1902 2172 
4680 2661 2281 2662 
4681 4013 314 4014 
4682 3100 3101 3239 
4683 52 329 3970 
4684 2491 2490 2492 
4685 1363 1361 1364 
4686 1765 1563 3885 
4687 2026 2025 2964 
4688 426 425 427 
4689 831 817 832 
4690 570 576 2480 
4691 2642 2600 2643 
4692 1370 1368 1371 
4693 64 335 3997 
4694 807 799 808 
4695 1250 1252 1253 
4696 1620 1280 1626 
4697 551 549 868 
4698 2446 2433 2447 
4699 1505 1501 4264 
4700 2519 1812 4100 
4701 376 377 378 
4702 437 436 438 
4703 1367 1366 1368 
4704 2935 2576 2936 
4705 2315 2134 2316 
4706 600 599 601 
4707 734 737 4083 
4708 53 54 3981 
4709 48 49 3984 
4710 2084 1752 2225 
4711 889 866 890 
4712 2709 2423 3502 
4713 510 581 4009 
4714 1502 1504 1547 
4715 73 74 3913 
4716 2295 1375 2309 
4717 1022 1021 1023 
4718 378 379 380 
4719 1338 1339 1340 
4720 792 784 793 
4721 3738 2414 4053 
4722 1994 1993 1995 
4723 2551 1823 4303 
4724 1866 1867 1868 
4725 3814 3813 3815 
4726 2422 1513 4146 
4727 3171 2185 4025 
4728 330 46 3973 
4729 1388 1387 1389 
4730 653 651 654 
4731 1638 1637 1801 
4732 72 73 260 
4733 63 3997 3999 
4734 971 970 972 
4735 849 839 850 
4736 1187 1186 1239 
4737 2549 2548 2550 
4738 2582 2550 2614 
4739 1880 1882 2046 
4740 2950 2949 2951 
4741 23 24 258 
4742 9 313 3951 
4743 1691 1658 1692 
4744 1776 2411 3714 
4745 2547 2546 2548 
4746 1108 1106 1109 
4747 380 381 382 
4748 280 62 3999 
4749 234 235 263 
4750 2715 2226 2716 
4751 820 856 924 
4752 880 877 2496 
4753 422 421 423 
4754 838 837 839 
4755 424 423 425 
4756 2545 2447 2546 
4757 1788 2562 4030 
4758 37 38 267 
4759 1172 1171 1173 
4760 420 419 421 
4761 1170 1169 1171 
4762 7 8 328 
4763 877 875 4050 
4764 435 432 436 
4765 59 60 4012 
4766 1162 1161 1163 
4767 969 968 970 
4768 1301 1303 1304 
4769 9 10 313 
4770 1168 1167 1169 
4771 301 51 3970 
4772 1174 1173 1177 
4773 1031 990 1032 
4774 1647 2140 4143 
4775 1374 1373 1375 
4776 382 383 384 
4777 3045 2310 4258 
4778 2885 1957 4068 
4779 52 53 329 
4780 416 415 417 
4781 2428 1161 4016 
4782 42 43 3983 
4783 3333 2465 3702 
4784 4126 1102 4190 
4785 1670 1674 4001 
4786 20 21 303 
4787 2035 2657 2818 
4788 2520 2332 2521 
4789 1178 1177 1179 
4790 2959 1030 2960 
4791 2659 3167 4106 
4792 2257 2258 3948 
4793 6 7 3985 
4794 47 287 3973 
4795 40 41 302 
4796 1003 1005 1006 
4797 2319 2318 2320 
4798 1992 1991 1993 
4799 734 736 737 
4800 2673 4114 4115 
4801 50 51 301 
4802 47 48 287 
4803 8 9 3951 
4804 2242 2241 2243 
4805 1539 1336 4008 
4806 2053 2052 2054 
4807 2766 2749 2767 
4808 418 417 419 
4809 1030 929 4055 
4810 69 70 304 
4811 2202 2419 2420 
4812 800 797 801 
4813 821 768 3858 
4814 1304 1766 1767 
4815 3681 3680 4086 
4816 747 749 750 
4817 966 965 968 
4818 45 46 330 
4819 2773 2776 4337 
4820 1035 923 1191 
4821 3151 2516 3152 
4822 51 52 3970 
4823 43 44 277 
4824 239 240 3987 
4825 3811 4195 4277 
4826 3055 3056 3057 
4827 1386 1384 1387 
4828 4185 2900 4263 
4829 237 238 300 
4830 1182 1181 1186 
4831 2972 4246 4283 
4832 12 13 278 
4833 14 15 331 
4834 2760 2753 2761 
4835 17 18 268 
4836 2489 2487 2490 
4837 384 385 386 
4838 4317 1486 4399 
4839 2516 2512 4062 
4840 779 730 780 
4841 2820 2821 3196 
4842 4115 4114 4339 
4843 3649 2241 4022 
4844 46 47 3973 
4845 2220 4037 4133 
4846 1659 1642 1660 
4847 1667 1666 1668 
4848 1784 2252 4017 
4849 3406 4660 4665 
4850 1990 1989 1991 
4851 2258 3947 3948 
4852 1067 1068 1069 
4853 1544 1408 1736 
4854 2227 1975 2916 
4855 705 693 706 
4856 828 801 829 
4857 795 740 834 
4858 743 745 746 
4859 1024 1023 1025 
4860 2818 2946 3204 
4861 1710 1588 2025 
4862 1288 1285 1629 
4863 802 824 4033 
4864 3953 3955 3956 
4865 2948 2123 2949 
4866 2560 3231 3267 
4867 1419 3371 3381 
4868 1055 1025 1056 
4869 1218 1056 1219 
4870 2244 2243 2246 
4871 2417 1902 4040 
4872 3957 3952 3960 
4873 2486 2485 2487 
4874 62 63 3999 
4875 2255 2256 2257 
4876 3862 3859 4048 
4877 643 641 644 
4878 314 59 4012 
4879 1693 1660 1694 
4880 151 152 347 
4881 155 156 332 
4882 157 158 315 
4883 149 150 289 
4884 148 149 3993 
4885 149 289 3993 
4886 160 161 279 
4887 1078 1079 1080 
4888 147 148 333 
4889 1701 1877 4243 
4890 333 148 3993 
4891 145 146 283 
4892 161 162 3994 
4893 4631 3631 4691 
4894 2748 2747 2749 
4895 2089 1817 3834 
4896 279 161 3994 
4897 260 3915 3916 
4898 2420 2559 2560 
4899 162 163 334 
4900 3903 299 3940 
4901 924 925 1000 
4902 143 144 336 
4903 1717 2956 4061 
4904 621 617 741 
4905 162 334 3994 
4906 1988 1987 1989 
4907 66 67 270 
4908 141 142 269 
4909 637 635 640 
4910 2531 2010 2971 
4911 1943 2182 3395 
4912 7 328 3985 
4913 3309 2746 3310 
4914 2123 1799 4066 
4915 165 166 274 
4916 1377 1727 1848 
4917 2331 2330 2332 
4918 4112 3972 4208 
4919 1868 1869 1870 
4920 240 241 273 
4921 64 65 335 
4922 3258 3048 3259 
4923 692 689 693 
4924 1743 1742 1744 
4925 2144 3488 3491 
4926 2575 2574 2576 
4927 241 242 3996 
4928 1464 1467 4216 
4929 1952 2041 4259 
4930 1291 1318 4039 
4931 750 751 752 
4932 1341 1343 1344 
4933 1314 3731 4154 
4934 1327 1330 4034 
4935 1711 1694 1712 
4936 1344 1345 1346 
4937 242 243 337 
4938 61 62 280 
4939 930 1029 1063 
4940 3545 1498 3705 
4941 1067 1069 4629 
4942 731 732 2875 
4943 2161 1730 4038 
4944 574 823 4052 
4945 1069 1070 1071 
4946 469 472 3887 
4947 243 244 4002 
4948 1986 1985 1987 
4949 3453 2702 3628 
4950 2055 2054 2056 
4951 1064 1066 1067 
4952 737 738 742 
4953 2409 677 3569 
4954 3945 3944 4190 
4955 244 245 284 
4956 2262 2024 2609 
4957 3140 3141 3142 
4958 273 241 3996 
4959 246 247 338 
4960 1308 4514 4525 
4961 964 963 965 
4962 247 248 4010 
4963 1237 1107 2024 
4964 552 574 1970 
4965 3362 3361 3787 
4966 248 249 288 
4967 1000 1001 1966 
4968 152 153 3992 
4969 347 152 3992 
4970 1180 1179 1181 
4971 1473 1690 1879 
4972 2434 2430 3618 
4973 664 663 665 
4974 1817 1818 3834 
4975 1737 1736 2145 
4976 629 625 1511 
4977 242 337 3996 
4978 1696 1720 1846 
4979 606 605 607 
4980 138 139 305 
4981 958 956 959 
4982 2057 2056 2058 
4983 662 661 663 
4984 1717 1403 2956 
4985 612 607 613 
4986 2573 2572 2574 
4987 337 243 4002 
4988 981 867 1971 
4989 2192 1791 4026 
4990 1641 1390 1642 
4991 1779 2198 2199 
4992 58 59 314 
4993 25 326 3911 
4994 604 603 605 
4995 2361 3168 3170 
4996 1984 1983 1985 
4997 962 961 963 
4998 649 648 650 
4999 2225 3945 3946 
5000 168 169 306 
5001 244 284 4002 
5002 674 665 675 
5003 1745 1744 1746 
5004 752 753 754 
5005 249 250 4011 
5006 2617 2121 2618 
5007 2762 2761 2763 
5008 2059 2058 2060 
5009 729 728 730 
5010 2386 2845 3236 
5011 823 847 1230 
5012 1747 1746 2032 
5013 647 646 648 
5014 628 634 4045 
5015 3088 3089 3090 
5016 960 959 961 
5017 2903 2024 4032 
5018 2513 2924 4036 
5019 338 247 4010 
5020 1856 989 4202 
5021 2450 2589 3947 
5022 57 58 4013 
5023 1982 1981 1983 
5024 248 288 4010 
5025 2484 2483 2485 
5026 655 654 656 
5027 2038 1644 2563 
5028 2102 1686 2497 
5029 135 136 259 
5030 581 1300 4209 
5031 284 245 4006 
5032 569 1847 1861 
5033 1153 1151 1623 
5034 2195 2571 4043 
5035 3907 3906 3909 
5036 1166 1164 1167 
5037 1006 1007 1008 
5038 3799 3795 3835 
5039 2892 4212 4220 
5040 514 518 2527 
5041 1817 1259 1818 
5042 548 552 4079 
5043 2236 2234 2923 
5044 2385 3332 3393 
5045 2995 2996 2997 
5046 1041 1040 1259 
5047 1157 1155 1161 
5048 250 251 345 
5049 1896 1894 1899 
5050 1870 1871 2106 
5051 2752 2306 2753 
5052 897 859 1040 
5053 3090 3091 3092 
5054 2131 2211 2212 
5055 2258 2450 3947 
5056 1346 1347 1348 
5057 2377 2169 3735 
5058 56 57 346 
5059 330 3975 3978 
5060 858 853 859 
5061 1263 1262 1264 
5062 3664 3666 3979 
5063 1049 1050 4220 
5064 1080 1081 1082 
5065 2240 2238 2241 
5066 1261 1138 1262 
5067 1549 1695 1696 
5068 602 601 603 
5069 1164 1163 3873 
5070 2204 1764 2205 
5071 2269 1802 2281 
5072 2156 2157 2158 
5073 3963 3962 3964 
5074 2108 1871 4041 
5075 709 714 731 
5076 386 387 388 
5077 2509 2506 2555 
5078 288 249 4011 
5079 1547 1548 1549 
5080 2226 2225 3946 
5081 681 675 682 
5082 4107 631 4274 
5083 490 489 491 
5084 171 172 264 
5085 45 330 3978 
5086 1461 1460 1627 
5087 2339 2086 3750 
5088 55 56 4019 
5089 1348 1349 1350 
5090 1038 1039 1075 
5091 754 755 756 
5092 1980 1979 1981 
5093 1734 1406 2915 
5094 3092 3093 3094 
5095 615 611 1512 
5096 3625 2351 3626 
5097 524 1855 4058 
5098 657 656 658 
5099 1167 1164 3873 
5100 2253 1856 2945 
5101 511 514 4084 
5102 2292 1883 2460 
5103 645 644 646 
5104 1240 1239 3842 
5105 688 682 689 
5106 2990 2992 2993 
5107 1283 1281 2943 
5108 1324 1323 1325 
5109 1350 1351 1352 
5110 388 389 390 
5111 58 314 4013 
5112 2275 1954 4259 
5113 660 658 661 
5114 1268 1240 1637 
5115 394 395 396 
5116 392 393 394 
5117 390 391 392 
5118 1031 1058 4405 
5119 1949 2848 2849 
5120 1781 1622 1782 
5121 2764 2763 3005 
5122 2084 2225 2226 
5123 2482 2116 2483 
5124 4005 284 4006 
5125 2727 2127 2728 
5126 2675 2988 2989 
5127 2571 2570 2572 
5128 845 825 884 
5129 2107 2109 2110 
5130 1491 1493 1494 
5131 250 345 4011 
5132 2363 2266 2466 
5133 2952 2641 2953 
5134 1326 1325 1327 
5135 1309 1264 1310 
5136 396 397 398 
5137 449 444 4403 
5138 2350 2146 2380 
5139 2306 1826 4179 
5140 3375 3372 3604 
5141 1322 1321 1323 
5142 1352 1354 1355 
5143 2061 2060 2062 
5144 1749 1594 1750 
5145 721 3468 4454 
5146 760 761 762 
5147 1149 1147 2556 
5148 1663 1662 1664 
5149 1334 1333 1335 
5150 1521 1520 1522 
5151 1477 977 4054 
5152 1637 1240 3842 
5153 2715 2716 2736 
5154 1698 1581 1699 
5155 346 57 4013 
5156 540 537 1780 
5157 398 399 400 
5158 400 401 402 
5159 2924 2515 2925 
5160 1621 1381 1622 
5161 2721 2720 2722 
5162 2367 3210 3211 
5163 1848 1849 2185 
5164 2496 877 4050 
5165 1086 1087 1088 
5166 402 403 404 
5167 1978 1977 1979 
5168 2736 2933 3062 
5169 3197 3208 3257 
5170 757 759 760 
5171 1878 1649 2495 
5172 954 953 955 
5173 404 405 406 
5174 166 167 3995 
5175 2791 2793 2794 
5176 1676 1678 1679 
5177 1330 1329 1331 
5178 1318 1293 1319 
5179 1093 1094 1095 
5180 2076 2686 3817 
5181 3318 2851 3319 
5182 410 411 412 
5183 1336 1335 1337 
5184 1901 1898 1902 
5185 1424 1430 2528 
5186 554 536 1545 
5187 2086 2135 2136 
5188 2360 3159 3160 
5189 2960 1030 4055 
5190 1861 2188 2260 
5191 274 166 3995 
5192 406 407 408 
5193 2140 3128 4143 
5194 1082 1083 1084 
5195 3276 318 3277 
5196 56 346 4019 
5197 1071 1135 1136 
5198 1084 1085 1086 
5199 1718 1699 1719 
5200 2723 2722 2724 
5201 1073 3674 3675 
5202 1008 1009 1010 
5203 551 868 869 
5204 408 409 410 
5205 1356 1354 4111 
5206 3663 1854 4131 
5207 326 3898 3911 
5208 1145 1227 1228 
5209 578 572 1188 
5210 1211 4349 4405 
5211 2260 2828 2829 
5212 1683 2074 2855 
5213 895 841 1550 
5214 762 763 764 
5215 1668 1670 1671 
5216 1865 1844 1866 
5217 3852 3858 3859 
5218 3668 3667 4078 
5219 2206 2205 2207 
5220 2562 2259 2608 
5221 3969 1362 4111 
5222 1010 1011 1012 
5223 496 495 497 
5224 1281 865 4199 
5225 2026 2964 2965 
5226 1843 1719 1844 
5227 1487 1489 2553 
5228 1679 1678 3989 
5229 1136 1279 1280 
5230 2459 2705 3870 
5231 950 948 951 
5232 520 523 524 
5233 492 491 493 
5234 1780 537 4191 
5235 1976 1964 1977 
5236 3340 2558 3749 
5237 2199 2200 2397 
5238 2518 1812 2519 
5239 3644 2445 4023 
5240 1626 1652 1653 
5241 2114 1864 2591 
5242 1950 1949 3658 
5243 731 2876 4067 
5244 3016 2460 3018 
5245 952 951 953 
5246 1432 1434 1435 
5247 1447 1445 1448 
5248 2467 2466 2468 
5249 3709 2422 4146 
5250 3152 2516 4062 
5251 2035 2818 3989 
5252 726 724 1507 
5253 1045 668 4107 
5254 764 765 766 
5255 1355 1356 1357 
5256 2110 2111 2133 
5257 1586 4147 4203 
5258 2063 2062 2064 
5259 1710 2025 2026 
5260 869 870 871 
5261 2208 2207 2850 
5262 766 767 768 
5263 823 1230 4052 
5264 1338 1337 1339 
5265 1751 1750 1752 
5266 587 854 4153 
5267 768 769 770 
5268 1192 1383 1384 
5269 1748 2276 2523 
5270 4600 697 4606 
5271 1593 1748 4057 
5272 1147 722 4178 
5273 1963 1962 1964 
5274 1483 1481 2196 
5275 1340 1339 1341 
5276 1290 1277 1291 
5277 2949 2123 4066 
5278 770 772 773 
5279 1069 1068 1070 
5280 2923 2234 4193 
5281 756 757 3876 
5282 902 2472 4376 
5283 1012 1013 1014 
5284 2316 2318 2319 
5285 1312 1232 1630 
5286 1678 2035 3989 
5287 1673 1675 1676 
5288 1050 1052 1053 
5289 2291 4893 4911 
5290 629 1511 4029 
5291 1067 1066 1068 
5292 2990 2993 3925 
5293 3151 3152 3153 
5294 1302 1924 4180 
5295 2136 2788 2789 
5296 1364 1365 1366 
5297 2921 4521 4550 
5298 1063 1029 1064 
5299 1476 1478 3950 
5300 1903 1485 1906 
5301 3024 2321 3034 
5302 3455 1539 4357 
5303 524 526 527 
5304 1035 1191 1192 
5305 2587 2257 3948 
5306 2523 2524 2759 
5307 1439 1442 1443 
5308 587 589 854 
5309 3189 2804 3227 
5310 3088 2807 3089 
5311 1276 1275 1277 
5312 2310 4208 4258 
5313 1478 2386 3950 
5314 2989 2990 3925 
5315 3158 2827 3443 
5316 913 911 918 
5317 1866 1868 2090 
5318 498 497 499 
5319 2133 2134 2315 
5320 773 774 775 
5321 1748 2523 4057 
5322 2993 3350 3351 
5323 1053 1061 1062 
5324 2397 2398 2473 
5325 2364 2166 2819 
5326 500 499 501 
5327 1959 1957 2885 
5328 2872 2871 3220 
5329 2950 2951 3040 
5330 905 901 910 
5331 3304 2445 3644 
5332 2083 1752 2084 
5333 504 503 505 
5334 819 575 4094 
5335 775 777 778 
5336 2472 3550 4435 
5337 502 501 503 
5338 2796 2797 2798 
5339 668 631 4107 
5340 2389 2257 2587 
5341 1228 1229 2298 
5342 1341 1344 4068 
5343 1386 1387 1388 
5344 2948 2949 2950 
5345 2119 1722 4056 
5346 4246 2626 4283 
5347 2469 2468 2525 
5348 3431 1780 4354 
5349 1357 1360 1361 
5350 2671 2627 2672 
5351 621 741 4042 
5352 871 872 873 
5353 1190 1246 1247 
5354 469 471 472 
5355 132 133 307 
5356 467 468 469 
5357 1272 1271 1273 
5358 1653 1753 1754 
5359 4714 2831 4720 
5360 691 700 1758 
5361 899 887 900 
5362 1222 4294 4366 
5363 1629 1285 4077 
5364 1712 1742 1743 
5365 959 956 4139 
5366 2412 1907 3193 
5367 1388 1389 1390 
5368 873 874 875 
5369 2254 1915 2255 
5370 1516 2461 3651 
5371 2103 1703 4113 
5372 2334 3067 3068 
5373 1751 2083 2273 
5374 2065 2064 2066 
5375 2672 2627 4468 
5376 1245 1104 1632 
5377 456 458 1583 
5378 1326 1327 4034 
5379 1344 1343 1345 
5380 2670 2525 3285 
5381 946 945 947 
5382 2273 2321 3023 
5383 808 816 817 
5384 778 785 786 
5385 445 450 2004 
5386 1961 1729 1962 
5387 1797 1632 2037 
5388 1371 1372 1373 
5389 1653 1754 4692 
5390 463 466 467 
5391 4122 3936 4250 
5392 944 942 945 
5393 1362 1356 4111 
5394 1014 1015 1016 
5395 921 919 933 
5396 2601 1317 4073 
5397 2587 3948 3949 
5398 2309 2310 3045 
5399 2625 2040 2627 
5400 2870 2869 2871 
5401 1671 1672 1673 
5402 2272 2037 2631 
5403 2473 2474 2475 
5404 832 836 837 
5405 920 3650 4102 
5406 452 454 815 
5407 2129 2337 2338 
5408 1697 2128 2129 
5409 2489 2491 4338 
5410 1773 3939 4348 
5411 439 438 440 
5412 558 556 809 
5413 1016 1017 1018 
5414 1749 1750 1751 
5415 2262 2609 2957 
5416 1099 1098 4304 
5417 1237 2024 2262 
5418 3373 3376 3377 
5419 1748 1594 1749 
5420 4415 1197 4481 
5421 870 868 4288 
5422 1071 1070 1135 
5423 856 855 4376 
5424 3506 3508 3509 
5425 2942 2018 4329 
5426 994 1037 1038 
5427 1843 1844 1865 
5428 786 798 799 
5429 2836 2835 3822 
5430 1494 1730 1731 
5431 885 884 1427 
5432 2334 2106 2756 
5433 1346 1345 1347 
5434 2523 2276 2524 
5435 1641 1642 1659 
5436 1509 1306 1510 
5437 2170 2169 2377 
5438 1540 593 3886 
5439 552 1970 4079 
5440 1659 1660 1693 
5441 1555 1553 2477 
5442 2509 2555 2566 
5443 1089 1091 1093 
5444 591 593 1540 
5445 2714 2226 2715 
5446 506 505 507 
5447 1914 1550 1915 
5448 1412 3972 4112 
5449 2508 2510 2747 
5450 1392 1202 4212 
5451 1231 1194 1232 
5452 1664 1666 1667 
5453 1018 1019 1020 
5454 1467 1469 1804 
5455 3140 3094 3141 
5456 936 934 937 
5457 2524 2276 2782 
5458 1751 1752 2083 
5459 2973 2001 2974 
5460 134 135 4018 
5461 1953 2382 4296 
5462 2743 2742 2744 
5463 2767 3047 3048 
5464 2185 1849 4025 
5465 527 528 529 
5466 2067 2066 2068 
5467 2227 2916 2922 
5468 1257 1256 1258 
5469 3414 2190 4733 
5470 1328 4177 4355 
5471 1754 2120 2121 
5472 4164 1721 4286 
5473 1698 1699 1718 
5474 2668 2667 2669 
5475 2107 2110 4098 
5476 172 173 4021 
5477 2866 2865 2867 
5478 1078 1080 4224 
5479 1693 1694 1711 
5480 2673 1046 4114 
5481 2868 2867 2869 
5482 1020 1021 1022 
5483 3849 756 3876 
5484 3361 2875 3895 
5485 940 939 941 
5486 850 852 853 
5487 2501 2905 2906 
5488 1910 1756 1925 
5489 3968 1592 4126 
5490 571 577 1768 
5491 2343 2737 3060 
5492 1348 1347 1349 
5493 2798 2799 2800 
5494 1559 1557 1578 
5495 514 2527 4084 
5496 2273 2083 2321 
5497 1718 1719 1843 
5498 3023 2321 3024 
5499 1134 1139 1140 
5500 2759 2524 3032 
5501 750 749 751 
5502 529 531 532 
5503 1384 1383 4049 
5504 2158 2159 2160 
5505 2505 2507 2508 
5506 2864 2863 2865 
5507 1403 1212 4292 
5508 2618 3028 3029 
5509 1350 1349 1351 
5510 1738 2050 4106 
5511 2715 2736 3042 
5512 2437 2439 2880 
5513 2807 2119 4056 
5514 1095 1096 1097 
5515 532 535 536 
5516 1938 1249 3823 
5517 1626 1280 1652 
5518 2628 2537 4063 
5519 2069 2068 2070 
5520 2084 2226 2714 
5521 2284 1940 2285 
5522 1747 2032 2033 
5523 1352 1351 1354 
5524 746 745 747 
5525 446 585 1552 
5526 1870 2106 2334 
5527 1305 1132 1306 
5528 1743 1744 1745 
5529 1543 2691 4127 
5530 702 701 703 
5531 654 651 4187 
5532 1221 1408 1544 
5533 1731 1887 1888 
5534 2431 2433 2446 
5535 1587 1708 1709 
5536 1398 1662 1663 
5537 1290 1291 4039 
5538 1459 1462 4314 
5539 1579 1065 1586 
5540 3803 4164 4286 
5541 1543 1650 2691 
5542 3090 3089 3091 
5543 3072 2580 3074 
5544 3218 2588 4465 
5545 2071 2070 2072 
5546 1745 1746 1747 
5547 1593 1592 1594 
5548 1748 1749 2276 
5549 752 751 753 
5550 2160 2175 2176 
5551 508 507 509 
5552 2999 2669 3001 
5553 2255 2257 2389 
5554 1884 2342 2343 
5555 2464 3003 3712 
5556 2911 2909 3874 
5557 615 1512 4027 
5558 1771 1600 1805 
5559 4147 2894 4203 
5560 510 509 511 
5561 1732 2297 3216 
5562 3830 3663 4131 
5563 2131 1814 2211 
5564 938 937 939 
5565 540 1780 4069 
5566 1653 1652 1753 
5567 1236 1654 1967 
5568 1301 1057 1303 
5569 1364 1361 1365 
5570 2426 3174 3177 
5571 2319 2320 2693 
5572 135 259 4018 
5573 1136 1135 1279 
5574 1593 1594 1748 
5575 1782 1783 1784 
5576 822 573 4091 
5577 1579 1587 4085 
5578 754 753 755 
5579 1967 1968 1969 
5580 2334 2756 3067 
5581 737 736 738 
5582 742 738 743 
5583 2025 1588 4203 
5584 3807 4102 4477 
5585 2120 1753 2122 
5586 1784 1799 1800 
5587 2406 2404 3923 
5588 130 131 340 
5589 716 712 717 
5590 2860 2832 2861 
5591 173 174 4065 
5592 2578 2294 2581 
5593 1355 1354 1356 
5594 3852 821 3858 
5595 412 413 414 
5596 1383 2076 4049 
5597 3092 3091 3093 
5598 1713 1378 3660 
5599 453 451 1589 
5600 1310 1520 1521 
5601 843 882 984 
5602 1599 811 1600 
5603 1587 1586 1588 
5604 1340 1341 4068 
5605 2521 2522 2613 
5606 1524 1526 1792 
5607 1253 1252 1254 
5608 3469 3001 3470 
5609 1124 998 3824 
5610 2328 2329 2330 
5611 1280 1279 4092 
5612 1064 1065 1066 
5613 756 755 757 
5614 2443 2445 3304 
5615 1022 1023 1024 
5616 2052 1739 4197 
5617 1070 1068 1102 
5618 2820 1909 2821 
5619 1999 2638 2639 
5620 264 172 4021 
5621 1636 1961 4270 
5622 2389 2937 3341 
5623 673 680 789 
5624 1261 1262 1263 
5625 2925 3035 3036 
5626 2106 2107 4098 
5627 1376 1242 4287 
5628 1390 1389 4059 
5629 1188 572 4069 
5630 885 1427 4070 
5631 2497 1686 4118 
5632 2851 2850 4047 
5633 1708 1588 1710 
5634 1279 1135 1592 
5635 1414 1858 1859 
5636 1218 1219 1406 
5637 1024 1025 1055 
5638 1055 1056 1218 
5639 542 541 543 
5640 3421 3362 3787 
5641 4276 3828 4385 
5642 1028 929 1030 
5643 1371 1368 1372 
5644 2618 2121 3028 
5645 2088 1726 2201 
5646 896 931 932 
5647 3861 3859 3862 
5648 2767 2749 3047 
5649 840 894 896 
5650 930 1028 1029 
5651 525 522 541 
5652 1394 1396 2210 
5653 893 929 930 
5654 2389 2587 2937 
5655 932 1026 1027 
5656 2995 2214 2996 
5657 876 879 1598 
5658 760 759 761 
5659 2418 3172 3173 
5660 1027 1105 1106 
5661 1389 2459 4059 
5662 1249 1217 1250 
5663 3096 2339 3750 
5664 2513 2514 2515 
5665 1357 1356 1360 
5666 1462 1464 1874 
5667 2659 3166 3167 
5668 2850 3263 4047 
5669 2221 2512 2513 
5670 3027 2784 3149 
5671 762 761 763 
5672 1385 1399 2220 
5673 1235 1380 1381 
5674 1969 2115 2116 
5675 669 671 1613 
5676 597 599 600 
5677 1924 2860 4180 
5678 1142 1234 1235 
5679 2950 3040 3075 
5680 846 822 848 
5681 1044 1141 1142 
5682 578 1188 4075 
5683 515 513 1602 
5684 1263 1264 1309 
5685 1550 841 4075 
5686 1580 1362 1581 
5687 1697 1581 1698 
5688 2894 1030 2959 
5689 1544 1736 1737 
5690 2229 2931 2934 
5691 922 1034 1044 
5692 2076 3817 4049 
5693 544 543 545 
5694 1702 1471 1921 
5695 3838 2435 4175 
5696 174 175 308 
5697 1360 1356 1362 
5698 4378 1382 4425 
5699 1064 1029 1065 
5700 524 523 526 
5701 1718 1843 2117 
5702 3048 3047 3124 
5703 2873 2863 4310 
5704 1279 1592 1593 
5705 3873 4247 4330 
5706 2337 2128 2710 
5707 2508 2507 2510 
5708 1249 1250 3823 
5709 1737 2145 2146 
5710 947 3446 3934 
5711 1754 1753 2120 
5712 2309 1375 2310 
5713 2129 2128 2337 
5714 1884 1799 2123 
5715 1331 1334 4237 
5716 1764 1314 4154 
5717 2026 2965 2966 
5718 1528 1530 1875 
5719 1914 1915 2254 
5720 764 763 765 
5721 847 892 893 
5722 3089 2807 4056 
5723 2120 2122 2333 
5724 1366 1365 1582 
5725 1169 1167 4330 
5726 1105 1026 1107 
5727 1051 1203 4119 
5728 832 817 836 
5729 704 703 712 
5730 808 799 816 
5731 2038 2563 2567 
5732 2110 2133 2326 
5733 1331 1332 1333 
5734 1582 1365 2900 
5735 1513 1189 4146 
5736 2903 4032 4280 
5737 472 474 475 
5738 903 857 2012 
5739 768 767 769 
5740 1421 1647 4143 
5741 1236 1107 1237 
5742 766 765 767 
5743 4050 878 4170 
5744 770 769 772 
5745 2110 2326 4098 
5746 2342 2123 2948 
5747 465 462 811 
5748 2563 1644 4099 
5749 1385 1384 1386 
5750 895 1550 1914 
5751 1521 1522 1812 
5752 577 572 578 
5753 840 578 841 
5754 894 841 895 
5755 546 545 547 
5756 1216 1215 1217 
5757 1854 1523 4131 
5758 2985 2275 4259 
5759 1351 1349 1353 
5760 1669 1666 4286 
5761 1579 1586 1587 
5762 571 540 572 
5763 487 488 489 
5764 1247 1400 1401 
5765 2747 2510 3095 
5766 948 947 3934 
5767 2783 2115 2784 
5768 1380 1234 1382 
5769 1532 1534 1645 
5770 2547 2548 2549 
5771 1111 1109 1238 
5772 3095 2510 3138 
5773 2549 2550 2582 
5774 3119 2566 3120 
5775 3446 2415 4412 
5776 509 507 4204 
5777 2446 2447 2545 
5778 2254 2255 4120 
5779 485 486 487 
5780 2769 2768 3030 
5781 1587 1709 4085 
5782 670 668 1045 
5783 1593 4057 4092 
5784 1327 1328 1329 
5785 2545 2546 2547 
5786 2514 2512 2516 
5787 1162 1163 1164 
5788 3230 2846 3260 
5789 1341 1342 1343 
5790 773 772 774 
5791 1782 1622 1783 
5792 585 587 4153 
5793 850 839 852 
5794 1066 1065 1579 
5795 2343 2342 2737 
5796 548 547 549 
5797 1411 2141 2142 
5798 4227 2895 4320 
5799 2582 2614 3308 
5800 539 537 540 
5801 3034 2321 4087 
5802 1968 1654 2031 
5803 3106 2516 3151 
5804 481 484 485 
5805 1914 2254 2502 
5806 2221 1399 2511 
5807 1034 923 1035 
5808 2498 2499 2500 
5809 1587 1588 1708 
5810 1260 1410 1411 
5811 1708 1710 2091 
5812 1050 996 1052 
5813 1749 1751 4076 
5814 2378 2377 3202 
5815 3936 4122 4150 
5816 2496 4332 4348 
5817 922 880 923 
5818 1168 1169 1170 
5819 1361 1360 4117 
5820 1078 992 1079 
5821 550 549 551 
5822 1437 1438 1439 
5823 3909 3906 3910 
5824 731 714 732 
5825 1170 1171 1172 
5826 569 566 1847 
5827 1360 1362 1580 
5828 879 877 880 
5829 2150 2327 2328 
5830 1652 1280 4092 
5831 1680 1679 1681 
5832 2571 2573 4341 
5833 2459 3870 4059 
5834 535 531 537 
5835 2242 2243 2244 
5836 1172 1173 1174 
5837 876 875 877 
5838 1536 1648 1809 
5839 1087 1085 4291 
5840 775 774 777 
5841 1595 959 4139 
5842 1157 1161 1162 
5843 778 777 785 
5844 823 846 847 
5845 2195 2383 2570 
5846 1304 1303 1766 
5847 128 129 253 
5848 1794 1617 1795 
5849 684 695 696 
5850 3029 3028 3136 
5851 2355 3161 3162 
5852 1174 1177 1178 
5853 1580 1581 1697 
5854 2906 2907 2908 
5855 548 550 552 
5856 2850 2852 3263 
5857 1373 1372 1412 
5858 2240 2241 2242 
5859 2783 2784 3027 
5860 2414 2675 4053 
5861 2092 1840 3501 
5862 4400 3576 4416 
5863 2951 2949 4309 
5864 1751 2273 4076 
5865 2034 2267 2975 
5866 1166 1167 1168 
5867 2049 2667 2668 
5868 2324 3100 4243 
5869 1697 1698 2128 
5870 1586 1065 4147 
5871 2083 2084 4087 
5872 2276 1749 4076 
5873 2212 2211 2456 
5874 2495 1649 4132 
5875 2505 2504 2506 
5876 442 440 443 
5877 2507 2506 2509 
5878 2337 2710 3065 
5879 1407 1735 2002 
5880 1640 1390 1641 
5881 742 743 4071 
5882 2140 2778 3128 
5883 2925 2515 3035 
5884 1412 1372 2504 
5885 2262 2957 3457 
5886 2485 2483 2488 
5887 810 2027 2028 
5888 1967 1654 1968 
5889 786 785 798 
5890 2102 2497 2498 
5891 1259 1040 1815 
5892 2408 2298 2712 
5893 2002 2163 2164 
5894 3263 3264 3329 
5895 2509 2566 3119 
5896 2090 1868 4104 
5897 2244 2246 2247 
5898 930 929 1028 
5899 1489 1491 4044 
5900 1767 1766 2183 
5901 527 526 528 
5902 2591 1864 4281 
5903 574 822 823 
5904 2084 2714 4087 
5905 1345 1343 1358 
5906 2502 2254 2606 
5907 2872 3220 3298 
5908 1784 1783 1799 
5909 1800 1799 1884 
5910 572 540 4069 
5911 2290 2673 3013 
5912 893 892 929 
5913 552 573 574 
5914 719 720 721 
5915 2039 2624 2626 
5916 3212 3211 3213 
5917 2191 1791 2192 
5918 2782 2276 4076 
5919 1097 1098 1099 
5920 1888 1887 4051 
5921 2576 2574 2902 
5922 1919 1655 4060 
5923 3666 3663 3830 
5924 1759 1681 1760 
5925 1192 1384 1385 
5926 4222 2456 4295 
5927 479 480 481 
5928 529 528 531 
5929 945 942 4173 
5930 810 494 1975 
5931 1388 1390 1640 
5932 859 853 891 
5933 2187 2018 2942 
5934 532 531 535 
5935 480 478 482 
5936 4959 3861 4962 
5937 3894 2441 4249 
5938 955 1033 2552 
5939 2006 2007 2008 
5940 493 494 495 
5941 2875 732 4083 
5942 1028 1030 2894 
5943 837 836 1543 
5944 2645 2651 2652 
5945 1401 1862 1863 
5946 1068 1066 4096 
5947 2194 1760 2367 
5948 1659 1693 2075 
5949 551 869 1972 
5950 2756 2106 4098 
5951 785 777 787 
5952 4056 1721 4164 
5953 2997 2996 3254 
5954 3811 4111 4195 
5955 3196 2821 3197 
5956 542 544 1311 
5957 2334 3068 4104 
5958 1569 1572 4227 
5959 2870 2871 2872 
5960 1435 1436 1437 
5961 1288 1629 2034 
5962 2164 2357 2358 
5963 2008 2009 2010 
5964 848 822 4091 
5965 841 578 4075 
5966 2841 2192 2842 
5967 1884 2123 2342 
5968 1868 1870 4104 
5969 1945 1075 3286 
5970 2893 4173 4270 
5971 469 468 471 
5972 1443 1683 3847 
5973 956 955 4139 
5974 2626 2817 3146 
5975 618 613 619 
5976 1341 1339 1342 
5977 908 860 3840 
5978 2675 2989 4053 
5979 1973 2149 2150 
5980 472 471 474 
5981 542 543 544 
5982 932 931 1026 
5983 1178 1179 1180 
5984 896 894 931 
5985 2505 2506 2507 
5986 854 589 4072 
5987 1027 1026 1105 
5988 1805 2043 2079 
5989 1759 2194 2195 
5990 2321 2083 4087 
5991 1279 1593 4092 
5992 1638 1801 1802 
5993 1887 2360 4051 
5994 3873 2429 4247 
5995 2205 1764 4154 
5996 3093 3091 3803 
5997 525 542 4123 
5998 1241 1269 2006 
5999 1969 1968 2115 
6000 3036 3035 3086 
6001 488 486 867 
6002 847 846 892 
6003 1543 836 1649 
6004 1319 1320 1321 
6005 1187 1239 1240 
6006 475 476 477 
6007 1182 1186 1187 
6008 564 562 567 
6009 1335 1333 1369 
6010 2086 1852 2135 
6011 1106 1105 4150 
6012 1236 1237 1654 
6013 1105 1107 1236 
6014 2513 2512 2514 
6015 2220 1399 2221 
6016 2255 2389 4120 
6017 1381 1380 1684 
6018 2561 2918 2947 
6019 1553 742 4071 
6020 1117 1115 1278 
6021 577 578 840 
6022 840 841 894 
6023 1412 2504 2505 
6024 544 545 546 
6025 1291 1292 1293 
6026 2372 2804 3189 
6027 1145 1228 4170 
6028 1409 1860 1973 
6029 571 572 577 
6030 1912 2413 2561 
6031 467 466 468 
6032 2521 2332 2522 
6033 1142 1141 1234 
6034 1235 1234 1380 
6035 546 547 548 
6036 1745 1747 2125 
6037 2358 2619 2649 
6038 548 549 550 
6039 1640 1641 1916 
6040 535 537 539 
6041 2861 2863 2864 
6042 539 540 571 
6043 1044 1034 1141 
6044 2126 2100 2127 
6045 817 816 4132 
6046 1365 1361 4117 
6047 2850 2207 2852 
6048 873 875 876 
6049 3084 3083 3085 
6050 513 509 4204 
6051 2492 2490 2786 
6052 3214 3213 3215 
6053 2116 2115 2783 
6054 2887 2886 4149 
6055 444 443 446 
6056 1576 1567 4320 
6057 2229 2934 4289 
6058 1228 2298 2408 
6059 823 822 846 
6060 477 478 479 
6061 457 455 459 
6062 1121 1119 1604 
6063 2791 2789 2793 
6064 1385 1386 1399 
6065 528 526 2503 
6066 4544 3558 4558 
6067 1502 1547 4232 
6068 2514 2516 3106 
6069 2643 2644 2645 
6070 774 772 1597 
6071 2933 2716 4360 
6072 414 415 416 
6073 525 541 542 
6074 574 573 822 
6075 2668 2669 2999 
6076 2269 2281 2661 
6077 970 968 1591 
6078 1579 4085 4096 
6079 1922 1002 4391 
6080 732 734 4083 
6081 2113 2344 2757 
6082 1709 4360 4428 
6083 2760 2761 2762 
6084 2221 2511 2512 
6085 922 923 1034 
6086 879 880 922 
6087 1650 1649 1878 
6088 1268 1637 1638 
6089 1473 1879 4161 
6090 1779 2199 4209 
6091 876 877 879 
6092 1676 1679 1680 
6093 2868 2869 2870 
6094 1180 1181 1182 
6095 1491 1494 4044 
6096 975 972 982 
6097 3319 2851 4047 
6098 2202 2201 2419 
6099 650 710 2494 
6100 2647 2422 3709 
6101 2711 1878 3009 
6102 2999 3001 3469 
6103 1122 1302 4180 
6104 747 748 749 
6105 769 767 771 
6106 2245 2640 2641 
6107 2027 1975 2227 
6108 2764 3005 3006 
6109 1190 1123 1246 
6110 2525 2468 3455 
6111 1205 1140 1206 
6112 1134 1062 1139 
6113 878 1145 4170 
6114 552 550 573 
6115 2005 1846 2370 
6116 2166 1903 4081 
6117 2629 2526 2630 
6118 2866 2867 2868 
6119 1903 1906 4081 
6120 1688 1297 1820 
6121 1930 1928 2859 
6122 1310 1521 4156 
6123 2141 1410 2526 
6124 1396 1398 4088 
6125 2752 2753 2760 
6126 1870 2334 4104 
6127 980 867 981 
6128 757 758 759 
6129 1803 2270 2926 
6130 2435 2437 4175 
6131 2319 2693 3044 
6132 1671 1673 1677 
6133 2553 1489 4044 
6134 487 486 488 
6135 2555 2506 4273 
6136 1698 1718 4093 
6137 1092 1090 1617 
6138 1066 1579 4096 
6139 485 484 486 
6140 3549 4529 4549 
6141 2156 1932 2157 
6142 1368 1366 4103 
6143 1406 1219 4101 
6144 520 522 523 
6145 2408 2712 3448 
6146 1260 1138 1261 
6147 1137 981 1138 
6148 1552 585 4153 
6149 818 827 2020 
6150 3511 2892 4318 
6151 961 959 1595 
6152 1485 1483 4080 
6153 456 1583 4144 
6154 2606 2254 4120 
6155 2613 2522 2785 
6156 1309 1310 4156 
6157 1999 1997 2638 
6158 947 2893 3446 
6159 1327 1325 1328 
6160 965 963 983 
6161 2328 2327 2329 
6162 1599 1600 1771 
6163 1126 1128 1761 
6164 1483 2196 4080 
6165 1451 1452 1453 
6166 2899 2383 3255 
6167 1995 1993 2637 
6168 734 735 736 
6169 3263 2852 3264 
6170 2864 2865 2866 
6171 2668 2999 3000 
6172 3256 2406 3923 
6173 2237 2239 2245 
6174 1331 1329 1332 
6175 2360 3160 4051 
6176 1543 1649 1650 
6177 1360 1580 4117 
6178 416 417 418 
6179 426 427 428 
6180 2762 2763 2764 
6181 481 480 484 
6182 511 513 514 
6183 1991 1989 2636 
6184 589 591 4072 
6185 2796 2794 2797 
6186 790 1872 3226 
6187 2580 2578 4074 
6188 1102 1068 4096 
6189 743 744 745 
6190 518 519 520 
6191 635 629 4029 
6192 1924 2832 2860 
6193 176 177 339 
6194 909 999 4172 
6195 2420 2419 2559 
6196 1521 1812 2517 
6197 2232 2233 2941 
6198 1770 1309 1793 
6199 420 421 422 
6200 1307 4380 4426 
6201 1273 1274 1275 
6202 2338 2337 4134 
6203 428 430 431 
6204 815 454 4144 
6205 2389 3341 4120 
6206 2711 3009 3010 
6207 1650 1878 2711 
6208 1375 1373 4112 
6209 836 817 4132 
6210 1819 2132 2231 
6211 1861 1847 2188 
6212 1165 1185 2232 
6213 1610 654 4187 
6214 2517 1812 2518 
6215 1448 1445 3847 
6216 422 423 424 
6217 418 419 420 
6218 1263 1309 1770 
6219 1683 2855 3847 
6220 4021 173 4065 
6221 424 425 426 
6222 3055 2840 3056 
6223 625 621 4042 
6224 757 755 758 
6225 523 522 525 
6226 1987 1985 2635 
6227 2872 3298 3299 
6228 520 519 522 
6229 2146 2145 4097 
6230 765 763 1601 
6231 2542 2518 2543 
6232 2392 2052 4197 
6233 2168 1793 2274 
6234 2560 2559 3231 
6235 901 900 3932 
6236 1768 577 4136 
6237 2810 2274 3011 
6238 3154 3152 4345 
6239 1154 1156 1158 
6240 2260 2188 2828 
6241 512 4084 4236 
6242 3283 1033 3284 
6243 514 515 518 
6244 1158 1159 1160 
6245 495 494 810 
6246 761 759 776 
6247 2829 2828 3367 
6248 633 639 1289 
6249 493 491 494 
6250 2753 2306 4179 
6251 1522 1524 4100 
6252 1949 1947 2848 
6253 1459 1457 1460 
6254 1237 2262 4129 
6255 2477 1553 4071 
6256 1739 1416 4197 
6257 2367 3211 3212 
6258 1551 1819 4162 
6259 4236 4084 4331 
6260 4247 3456 4330 
6261 2892 4220 4318 
6262 1411 1410 2141 
6263 1812 1522 4100 
6264 3399 3397 4501 
6265 861 863 864 
6266 2357 2163 3165 
6267 793 796 797 
6268 2330 2329 3064 
6269 1636 1728 1729 
6270 3314 321 3315 
6271 2530 715 3012 
6272 790 748 1651 
6273 2900 1365 4117 
6274 1053 1052 1061 
6275 1130 1132 1305 
6276 518 515 519 
6277 2556 1147 4178 
6278 1599 1771 2529 
6279 2735 3243 4462 
6280 2355 2350 2805 
6281 1366 1582 4103 
6282 431 432 435 
6283 1377 1848 4242 
6284 501 499 517 
6285 3057 3056 3234 
6286 465 811 1599 
6287 1622 1381 4182 
6288 2395 3451 4317 
6289 2145 2426 4097 
6290 721 722 723 
6291 2542 2543 2809 
6292 951 948 3934 
6293 1103 1244 1614 
6294 955 953 1033 
6295 2517 2518 2542 
6296 1983 1981 2633 
6297 1755 2169 2170 
6298 1407 1406 1734 
6299 735 733 1596 
6300 1236 1967 4150 
6301 514 513 515 
6302 942 941 4173 
6303 617 615 4027 
6304 2677 2585 4413 
6305 2371 2370 2824 
6306 475 474 476 
6307 1323 1321 4082 
6308 2154 2688 2689 
6309 1219 1221 4101 
6310 437 438 439 
6311 1150 1152 1955 
6312 2387 2185 2837 
6313 1035 1192 4133 
6314 2128 1698 4093 
6315 2570 2383 2899 
6316 474 471 1769 
6317 1449 1450 1451 
6318 3815 2557 4390 
6319 1109 1106 4122 
6320 1105 1236 4150 
6321 479 478 480 
6322 477 476 478 
6323 1233 4423 4461 
6324 651 650 4187 
6325 2263 2264 2610 
6326 1770 1793 2168 
6327 1386 1388 4140 
6328 2625 2627 2671 
6329 1135 1070 4126 
6330 830 2029 2248 
6331 2908 2909 2911 
6332 488 867 980 
6333 2168 2274 2810 
6334 611 609 4035 
6335 1258 1270 1271 
6336 4208 2766 4258 
6337 2819 2166 4081 
6338 511 509 513 
6339 780 783 784 
6340 435 436 437 
6341 810 1975 2027 
6342 1635 1198 2003 
6343 1735 1734 2151 
6344 2825 2824 3191 
6345 2710 2128 4093 
6346 1373 1412 4112 
6347 1070 1102 4126 
6348 1080 1079 1081 
6349 1680 1681 1759 
6350 1630 2532 2533 
6351 3405 3406 4251 
6352 505 503 1619 
6353 2136 2135 2788 
6354 2186 2913 2914 
6355 2147 2146 2350 
6356 2141 2526 2629 
6357 1979 1977 2348 
6358 2529 2568 2569 
6359 2195 2194 2383 
6360 2456 2211 2892 
6361 839 837 4127 
6362 1260 1261 1410 
6363 1300 1779 4209 
6364 3162 3161 3163 
6365 468 466 470 
6366 1160 1175 1176 
6367 1203 1394 4119 
6368 497 495 4108 
6369 980 981 1137 
6370 1897 1900 2263 
6371 1526 1528 4124 
6372 732 733 734 
6373 2511 1399 4140 
6374 1065 1029 4147 
6375 1137 1138 1260 
6376 955 2552 4139 
6377 290 352 3249 
6378 4103 1582 4273 
6379 2412 3193 3194 
6380 1372 1368 4103 
6381 1218 1406 1407 
6382 1242 1078 4224 
6383 2027 2227 2228 
6384 2054 2052 2392 
6385 925 856 4391 
6386 1585 1635 1636 
6387 1906 1485 4080 
6388 947 945 2893 
6389 1202 1049 4220 
6390 4034 1330 4271 
6391 941 1198 1585 
6392 2171 2172 2388 
6393 1718 2117 4093 
6394 840 896 4136 
6395 3944 3968 4190 
6396 1901 1902 2171 
6397 1398 1663 4088 
6398 1509 1510 1907 
6399 2437 2880 4175 
6400 753 751 1605 
6401 3564 2434 3618 
6402 2456 2892 3511 
6403 177 178 4165 
6404 2866 2868 2901 
6405 2002 1735 2163 
6406 1592 1135 4126 
6407 747 745 748 
6408 1759 1760 2194 
6409 2894 2959 4293 
6410 4182 1684 4309 
6411 4020 519 4157 
6412 1228 2408 4170 
6413 461 462 463 
6414 463 465 466 
6415 1737 2146 2147 
6416 2164 2163 2357 
6417 1029 1028 4147 
6418 458 460 461 
6419 542 1311 4123 
6420 1254 1255 1256 
6421 1319 1293 1320 
6422 2199 2397 2884 
6423 2031 1654 4129 
6424 2529 1771 2568 
6425 3206 2374 3207 
6426 3895 2875 4083 
6427 3064 2329 3098 
6428 174 308 4065 
6429 1455 1453 1456 
6430 1022 1024 1222 
6431 1524 1792 4100 
6432 125 126 309 
6433 1654 1237 4129 
6434 1381 1684 4182 
6435 1530 1532 4130 
6436 2122 1753 4218 
6437 1964 1962 2152 
6438 2129 2338 4185 
6439 1413 1299 1414 
6440 2501 2906 4235 
6441 1614 1615 1616 
6442 723 727 728 
6443 837 1543 4127 
6444 2639 2638 3135 
6445 699 690 1606 
6446 3192 3191 3199 
6447 1802 1801 4089 
6448 4177 2917 4355 
6449 2971 2010 2972 
6450 4173 1585 4270 
6451 2327 2149 2695 
6452 1016 1018 1223 
6453 2552 1033 3283 
6454 2210 1396 4088 
6455 646 644 1603 
6456 2041 1950 3658 
6457 1247 1246 1400 
6458 1534 1536 4135 
6459 2305 2754 4297 
6460 1648 2049 4137 
6461 2849 2848 3358 
6462 2310 1375 4112 
6463 2154 1728 2583 
6464 986 987 988 
6465 745 744 4105 
6466 1814 1392 4212 
6467 450 451 452 
6468 4055 892 4155 
6469 1008 1010 1224 
6470 452 453 454 
6471 4418 3801 4444 
6472 2358 2357 2619 
6473 454 455 456 
6474 1298 1193 1299 
6475 456 457 458 
6476 743 738 744 
6477 2533 2534 2535 
6478 1221 1544 4101 
6479 1291 1277 1292 
6480 1385 2220 4133 
6481 2943 1281 4199 
6482 4956 3860 4959 
6483 1801 2464 4089 
6484 3138 2510 4138 
6485 1697 2129 4263 
6486 1409 1320 1644 
6487 4066 1783 4182 
6488 4368 2922 4439 
6489 810 2028 4108 
6490 445 449 450 
6491 2355 2805 3161 
6492 3212 3213 3214 
6493 1307 4426 4451 
6494 442 444 445 
6495 650 648 710 
6496 1598 879 4158 
6497 2945 1856 4202 
6498 887 885 4070 
6499 2337 3065 4134 
6500 719 706 720 
6501 2272 2631 2976 
6502 2426 3177 4097 
6503 749 748 790 
6504 1797 2037 2272 
6505 4091 573 4166 
6506 2893 945 4173 
6507 640 635 4029 
6508 1677 4169 4341 
6509 1082 1081 1083 
6510 2509 3119 4138 
6511 2750 2567 3020 
6512 2441 2443 4249 
6513 846 848 4155 
6514 1245 1632 1797 
6515 2537 2539 4063 
6516 2510 2507 4138 
6517 1354 1351 4195 
6518 876 1598 4163 
6519 1238 1109 4122 
6520 1399 1386 4140 
6521 713 708 715 
6522 656 654 1610 
6523 4082 2917 4177 
6524 924 1000 1960 
6525 2535 2536 2537 
6526 4294 3912 4366 
6527 1407 1734 1735 
6528 2147 2350 2355 
6529 907 1282 2249 
6530 2507 2509 4138 
6531 515 1602 4157 
6532 922 1044 4158 
6533 871 873 4163 
6534 2578 2581 4074 
6535 2212 2456 4222 
6536 1783 1622 4182 
6537 3254 2996 3465 
6538 1176 1193 1194 
6539 1860 1644 2038 
6540 1090 1087 4291 
6541 591 1540 4072 
6542 2523 2759 4312 
6543 1298 1413 1590 
6544 661 658 698 
6545 1293 1292 4099 
6546 665 663 1611 
6547 3080 3079 3081 
6548 2150 2149 2327 
6549 1819 2231 4162 
6550 2060 2058 2384 
6551 1012 1014 1612 
6552 1792 1526 4124 
6553 463 462 465 
6554 1521 2517 4156 
6555 461 460 462 
6556 1649 836 4132 
6557 2081 1717 4061 
6558 1511 625 4042 
6559 1321 1320 1409 
6560 2262 3457 4129 
6561 941 939 1198 
6562 576 820 4223 
6563 1616 1826 1827 
6564 1889 1891 2224 
6565 3074 2580 4074 
6566 2332 2330 4152 
6567 4122 1106 4150 
6568 1351 1353 4195 
6569 1973 1860 2149 
6570 2072 2374 2564 
6571 790 1651 1872 
6572 1500 1502 4232 
6573 2504 1372 4103 
6574 1088 1087 1089 
6575 1273 1271 1274 
6576 3832 4046 4478 
6577 1431 2396 4420 
6578 2207 2205 4168 
6579 1938 3823 4109 
6580 1175 1159 2554 
6581 709 713 714 
6582 1409 1973 4082 
6583 682 675 697 
6584 1165 1164 1166 
6585 2344 2114 2787 
6586 458 457 460 
6587 178 179 256 
6588 2233 1185 2234 
6589 1086 1085 1087 
6590 1766 1303 2218 
6591 1913 3326 4564 
6592 4111 1354 4195 
6593 1093 1091 1094 
6594 1084 1083 1085 
6595 1652 4092 4218 
6596 1284 1286 1287 
6597 2214 2212 4222 
6598 1673 1676 4169 
6599 1394 2210 4119 
6600 4039 1318 4196 
6601 2305 2751 2754 
6602 402 404 447 
6603 2641 2640 2814 
6604 4262 3828 4276 
6605 124 125 4151 
6606 1061 1052 2001 
6607 2967 710 2968 
6608 2466 4034 4271 
6609 495 810 4108 
6610 1528 1875 4124 
6611 442 443 444 
6612 852 839 4127 
6613 622 619 623 
6614 1305 1306 1509 
6615 1551 1274 1686 
6616 1388 1640 4140 
6617 2113 1864 2114 
6618 1893 1895 2022 
6619 1840 1841 1842 
6620 453 1589 4186 
6621 550 551 4166 
6622 3730 1936 4445 
6623 398 400 1608 
6624 3972 2748 4208 
6625 2038 2567 2750 
6626 3100 3826 4243 
6627 685 679 687 
6628 1028 2894 4147 
6629 2239 2238 2240 
6630 2237 2236 2238 
6631 1940 1938 4109 
6632 1912 2561 4315 
6633 1038 1037 1039 
6634 1767 2183 4254 
6635 693 689 2014 
6636 1447 1448 1449 
6637 2536 2534 4215 
6638 1192 1385 4133 
6639 2199 2884 4209 
6640 1156 1155 1157 
6641 1154 1153 1155 
6642 3945 4190 4342 
6643 2815 2247 2816 
6644 551 1972 4166 
6645 2597 3188 4419 
6646 2235 2234 2236 
6647 736 735 1639 
6648 2008 2007 2009 
6649 3465 4222 4295 
6650 1261 1263 4145 
6651 1696 1846 2005 
6652 732 714 733 
6653 2538 2536 2540 
6654 452 451 453 
6655 454 453 455 
6656 456 455 457 
6657 2382 3229 4296 
6658 1250 1251 1252 
6659 3668 4078 4569 
6660 996 979 4231 
6661 2218 4236 4331 
6662 1441 1433 4420 
6663 1596 733 4257 
6664 577 840 4136 
6665 1877 2324 4243 
6666 3089 4056 4164 
6667 2765 2132 2978 
6668 450 449 451 
6669 2006 1269 2007 
6670 1152 1151 1153 
6671 1547 1549 2544 
6672 2798 2797 2799 
6673 2590 2001 2973 
6674 439 440 442 
6675 2626 2624 2817 
6676 2643 2600 2644 
6677 1401 1400 1862 
6678 1889 1888 1890 
6679 1588 1586 4203 
6680 3886 595 4321 
6681 2170 2377 2378 
6682 1862 1400 1864 
6683 3091 3089 4164 
6684 445 444 449 
6685 3188 2595 4459 
6686 2211 1814 4212 
6687 1532 1645 4130 
6688 526 523 4148 
6689 3133 2816 3134 
6690 2353 2356 2812 
6691 1057 512 4236 
6692 1875 1530 4130 
6693 1547 2544 4232 
6694 1061 2001 2590 
6695 2021 4334 4370 
6696 1243 1377 4242 
6697 741 617 4027 
6698 2974 2001 4231 
6699 892 846 4155 
6700 734 733 735 
6701 1819 1686 2102 
6702 4194 3912 4294 
6703 2066 2064 2379 
6704 650 2494 4187 
6705 2537 2538 2539 
6706 1602 513 4204 
6707 1753 1652 4218 
6708 992 903 4128 
6709 4062 4306 4345 
6710 1848 2185 2387 
6711 1680 4043 4169 
6712 3703 2860 4380 
6713 2916 4200 4300 
6714 1208 1209 1210 
6715 1645 1534 4135 
6716 392 394 473 
6717 388 390 1609 
6718 2244 2247 2815 
6719 4203 2894 4293 
6720 1954 1952 4259 
6721 3197 3198 3208 
6722 1162 1164 1165 
6723 1267 1124 3824 
6724 2240 2242 2345 
6725 3046 2500 3113 
6726 2245 2239 2640 
6727 2446 2545 3456 
6728 1793 1309 4156 
6729 2800 2799 3116 
6730 2547 2549 2898 
6731 3103 2978 3112 
6732 2464 3712 4089 
6733 1170 1172 1184 
6734 1427 1974 2353 
6735 1536 1809 4135 
6736 1258 1256 1270 
6737 1287 1316 1317 
6738 408 410 814 
6739 1098 1103 4304 
6740 414 416 429 
6741 2996 2214 4222 
6742 1501 997 4264 
6743 1409 1644 1860 
6744 1630 1232 2532 
6745 1809 1648 4137 
6746 1891 1890 1892 
6747 2757 2344 3033 
6748 2915 4101 4229 
6749 861 829 863 
6750 537 531 4191 
6751 1275 1274 1551 
6752 2494 710 2967 
6753 3803 3091 4164 
6754 780 730 783 
6755 2232 1185 2233 
6756 2231 2132 2765 
6757 2645 2644 2651 
6758 2369 2165 2834 
6759 546 4079 4181 
6760 2927 2029 2963 
6761 1729 1728 2154 
6762 1196 1214 1215 
6763 454 456 4144 
6764 2049 2668 4137 
6765 2504 4103 4273 
6766 2596 3182 4459 
6767 1158 1156 1159 
6768 2172 2418 4095 
6769 1551 4162 4205 
6770 3936 2482 4250 
6771 1160 1159 1175 
6772 123 124 342 
6773 1317 1822 4073 
6774 525 4123 4148 
6775 910 901 3932 
6776 1636 1635 1728 
6777 2056 2054 4252 
6778 420 422 813 
6779 2889 3645 4415 
6780 2009 2007 2011 
6781 1325 1323 4177 
6782 1303 1057 4236 
6783 1706 1405 1850 
6784 2429 2431 4247 
6785 879 922 4158 
6786 751 749 4189 
6787 1271 1270 4118 
6788 4528 3755 4541 
6789 4092 4057 4218 
6790 1150 1149 1151 
6791 953 951 4188 
6792 727 722 1147 
6793 573 550 4166 
6794 600 601 602 
6795 523 525 4148 
6796 3824 3825 4239 
6797 864 865 866 
6798 3197 2821 3198 
6799 2431 2446 4247 
6800 873 876 4163 
6801 1241 1240 1268 
6802 1148 1147 1149 
6803 2984 2275 2985 
6804 3320 4204 4574 
6805 1467 1804 4216 
6806 519 515 4157 
6807 1909 1767 4254 
6808 2625 2671 3147 
6809 2624 2040 2625 
6810 2005 2371 2470 
6811 2285 1940 4109 
6812 2784 4724 4735 
6813 2724 2741 2742 
6814 2039 2011 2040 
6815 2072 2070 2374 
6816 3100 3239 3826 
6817 1178 1180 1183 
6818 1453 1452 4090 
6819 1055 1218 4194 
6820 426 428 433 
6821 564 567 4279 
6822 3371 3373 4125 
6823 748 745 4105 
6824 2113 2114 2344 
6825 2154 2689 4201 
6826 1321 1409 4082 
6827 181 182 310 
6828 1254 1252 1255 
6829 2154 2583 2688 
6830 789 680 4266 
6831 382 384 516 
6832 1879 1690 1880 
6833 2330 3064 4152 
6834 2010 2009 4246 
6835 1893 1892 1894 
6836 1075 1039 4167 
6837 4133 4037 4284 
6838 1907 1510 4159 
6839 2468 2466 4271 
6840 4310 2862 4702 
6841 2500 2501 4235 
6842 2232 2941 4430 
6843 790 3226 4189 
6844 1410 1261 4145 
6845 2503 526 4148 
6846 1092 1617 1794 
6847 1585 1198 1635 
6848 1095 1094 1096 
6849 2663 2139 2665 
6850 2039 2040 2624 
6851 2158 2157 2159 
6852 1965 908 3840 
6853 1311 544 4181 
6854 2498 2500 3046 
6855 4306 1916 4345 
6856 2388 2172 4095 
6857 1862 1864 2113 
6858 1407 2002 4194 
6859 4117 1580 4263 
6860 1510 2372 4159 
6861 2526 1410 4145 
6862 1848 2387 4242 
6863 2815 2816 3133 
6864 941 1585 4173 
6865 2821 1909 4254 
6866 1165 1166 1185 
6867 2237 2238 2239 
6868 986 917 987 
6869 1676 1680 4169 
6870 1187 1240 1241 
6871 2852 2207 4168 
6872 1446 1474 1788 
6873 1052 996 4231 
6874 900 887 4070 
6875 801 797 4116 
6876 1731 1888 1889 
6877 1154 1155 1156 
6878 2561 2413 2918 
6879 2205 4154 4168 
6880 2522 2332 4152 
6881 2235 2236 2237 
6882 1320 1293 4099 
6883 1512 611 4035 
6884 1152 1153 1154 
6885 1123 1121 4176 
6886 724 694 4028 
6887 3810 3811 4277 
6888 1330 1331 4237 
6889 2138 2663 2664 
6890 721 720 722 
6891 700 708 709 
6892 830 796 1785 
6893 2575 2935 4416 
6894 2248 2029 2927 
6895 544 546 4181 
6896 793 784 796 
6897 2233 2234 2235 
6898 604 605 606 
6899 2356 1974 2919 
6900 2788 2135 2792 
6901 1788 1789 2259 
6902 1803 1802 2269 
6903 2005 2370 2371 
6904 528 2503 4191 
6905 2009 2011 2039 
6906 830 2248 4116 
6907 1975 494 4200 
6908 3446 2893 4347 
6909 531 528 4191 
6910 4163 3801 4418 
6911 122 123 4214 
6912 713 715 2530 
6913 1176 1175 1193 
6914 491 489 4200 
6915 2387 2837 3262 
6916 2138 1823 2139 
6917 2765 2978 3103 
6918 602 603 604 
6919 1551 1686 1819 
6920 606 607 612 
6921 3208 3198 3342 
6922 2925 3037 4378 
6923 3063 2836 3822 
6924 612 613 618 
6925 2533 2532 2534 
6926 2788 2792 3118 
6927 2188 1847 2541 
6928 4332 3448 4348 
6929 1819 2102 2132 
6930 1413 1414 1825 
6931 1298 1299 1413 
6932 2367 3212 4207 
6933 2122 4218 4312 
6934 1715 1791 2191 
6935 1677 1673 4169 
6936 1677 3576 4400 
6937 1054 1857 2250 
6938 3373 3377 4125 
6939 4355 2891 4396 
6940 4066 4182 4309 
6941 435 437 1146 
6942 1317 1821 1822 
6943 1241 1268 1269 
6944 459 455 4186 
6945 2900 4117 4263 
6946 120 121 4213 
6947 1250 1217 1251 
6948 378 380 1607 
6949 1284 1283 1285 
6950 2947 2918 3293 
6951 183 184 341 
6952 1852 1688 4268 
6953 723 722 727 
6954 2397 2473 4265 
6955 1286 1285 1288 
6956 2194 2367 4207 
6957 1263 1770 4145 
6958 1194 1193 1298 
6959 691 699 700 
6960 1150 1151 1152 
6961 890 866 4160 
6962 2762 2764 3181 
6963 3672 3670 4458 
6964 1951 1953 4296 
6965 2906 2908 3014 
6966 2668 3000 4137 
6967 2835 1713 3660 
6968 3649 4022 4448 
6969 1821 1316 1823 
6970 2535 2534 2536 
6971 2564 2374 3206 
6972 2371 2824 2825 
6973 1936 870 4288 
6974 2443 3304 4249 
6975 749 790 4189 
6976 3707 2898 4510 
6977 2170 2378 2895 
6978 3147 2671 3148 
6979 1048 1195 1196 
6980 1452 1732 4090 
6981 1282 1281 1283 
6982 1962 1729 4201 
6983 1638 1802 1803 
6984 984 882 4219 
6985 1092 1794 2229 
6986 1912 1907 2412 
6987 1298 1590 4241 
6988 1035 4133 4284 
6989 2540 2536 4215 
6990 4032 931 4280 
6991 2621 2264 2622 
6992 1842 2301 2302 
6993 2610 2264 2621 
6994 2892 2211 4212 
6995 374 376 534 
6996 2903 4280 4350 
6997 2918 2413 3288 
6998 2825 3191 3192 
6999 2751 2306 2752 
7000 903 2012 4128 
7001 1509 1907 1912 
7002 1111 1238 4305 
7003 1097 1096 1098 
7004 1427 884 1974 
7005 1277 1275 4205 
7006 2305 1826 2306 
7007 4062 2511 4306 
7008 2419 2201 2889 
7009 2718 2719 2720 
7010 121 122 261 
7011 931 894 4280 
7012 1148 1149 1150 
7013 1651 748 4105 
7014 1726 1376 4287 
7015 1211 1379 4349 
7016 1721 1669 4286 
7017 1274 1271 4118 
7018 1244 1104 1245 
7019 2906 3014 4235 
7020 825 803 4290 
7021 1208 1059 1209 
7022 2418 3173 4095 
7023 3255 2383 4207 
7024 2160 2159 2175 
7025 686 690 691 
7026 4169 4043 4341 
7027 3689 2901 4497 
7028 727 1147 1148 
7029 2229 2230 2931 
7030 2176 2175 2833 
7031 3381 3371 4125 
7032 939 937 4217 
7033 1141 1034 4284 
7034 2598 3820 4327 
7035 999 1126 4172 
7036 1889 1890 1891 
7037 2263 1900 2264 
7038 2037 1632 4515 
7039 2272 2976 2977 
7040 1121 1604 4176 
7041 709 708 713 
7042 185 186 262 
7043 648 646 4211 
7044 2229 1794 2230 
7045 3284 4433 4450 
7046 1079 992 4128 
7047 2039 2626 4246 
7048 1932 1930 4174 
7049 1891 1892 1893 
7050 830 1785 2029 
7051 2537 2536 2538 
7052 907 865 1281 
7053 1614 1244 1615 
7054 1214 1195 1265 
7055 797 796 830 
7056 680 685 686 
7057 1246 1123 4176 
7058 494 491 4200 
7059 1928 1088 4171 
7060 2631 2037 4272 
7061 2528 1430 4316 
7062 1128 1130 4192 
7063 1039 1048 4167 
7064 1895 1894 1896 
7065 2538 2540 2813 
7066 781 717 782 
7067 1328 1325 4177 
7068 2895 2378 2896 
7069 1580 1697 4263 
7070 988 989 990 
7071 3284 1033 4188 
7072 700 699 708 
7073 1088 1089 4171 
7074 2372 3189 4159 
7075 2201 1726 4287 
7076 4519 2977 4559 
7077 1803 2269 2270 
7078 2656 2278 3517 
7079 3465 2996 4222 
7080 1034 1035 4284 
7081 3256 3924 4537 
7082 3093 3819 4394 
7083 1166 1168 4193 
7084 894 895 4280 
7085 119 120 4240 
7086 566 564 4279 
7087 2696 2092 3501 
7088 1323 4082 4177 
7089 470 466 4206 
7090 1287 1286 1316 
7091 2218 1303 4236 
7092 1033 953 4188 
7093 1218 1407 4194 
7094 2496 4050 4332 
7095 1245 1797 1798 
7096 907 2249 4160 
7097 951 3934 4188 
7098 1103 1100 1104 
7099 2593 2592 4455 
7100 784 783 4184 
7101 2113 2757 4255 
7102 2774 2771 4489 
7103 1157 1162 4230 
7104 4349 2897 4405 
7105 471 468 4210 
7106 4218 4057 4312 
7107 1912 2412 2413 
7108 2313 2717 2718 
7109 1976 1978 4433 
7110 1893 1894 1895 
7111 1241 2006 4262 
7112 691 690 699 
7113 1432 1435 4316 
7114 3727 3654 4334 
7115 2812 2356 3164 
7116 1024 1055 4294 
7117 1113 1111 4305 
7118 466 465 4206 
7119 1599 2529 4206 
7120 820 924 4223 
7121 1039 1047 1048 
7122 2280 2278 2656 
7123 1716 2080 2082 
7124 2135 1852 4268 
7125 2025 4203 4293 
7126 2506 2504 4273 
7127 1089 1087 1090 
7128 2972 2010 4246 
7129 1083 1081 1624 
7130 673 679 680 
7131 1233 3456 4423 
7132 2734 2735 4462 
7133 3647 3646 4487 
7134 1863 1862 4255 
7135 1089 1090 1091 
7136 3116 2799 3117 
7137 864 863 865 
7138 2353 1974 2356 
7139 1688 1820 4268 
7140 368 370 812 
7141 1729 2154 4201 
7142 1544 1737 4229 
7143 2235 4015 4261 
7144 1644 1320 4099 
7145 2989 3925 4233 
7146 465 1599 4206 
7147 455 453 4186 
7148 2383 2194 4207 
7149 2562 2958 4469 
7150 1834 1833 4336 
7151 1769 471 4210 
7152 1054 989 1856 
7153 1827 1826 2305 
7154 2893 4270 4347 
7155 2054 2392 4252 
7156 2191 2192 2841 
7157 1616 1615 1826 
7158 2621 2622 3219 
7159 1897 1896 1898 
7160 2608 2259 2620 
7161 686 685 690 
7162 4220 1050 4318 
7163 468 470 4210 
7164 1605 751 4189 
7165 2446 3456 4247 
7166 1572 1755 4227 
7167 2102 2498 4244 
7168 1275 1551 4205 
7169 1165 2232 4230 
7170 1549 1696 4228 
7171 2016 2291 2932 
7172 671 672 673 
7173 2001 1052 4231 
7174 1803 2926 4225 
7175 627 633 4141 
7176 2511 4140 4306 
7177 1154 1158 4238 
7178 3455 2468 4271 
7179 1430 1432 4316 
7180 1900 1898 1901 
7181 1439 1443 1444 
7182 560 558 4414 
7183 3286 1075 4167 
7184 4140 1640 4306 
7185 1857 1856 2253 
7186 1282 1283 1284 
7187 3655 3657 4313 
7188 1032 990 4198 
7189 595 597 4321 
7190 1901 2171 2190 
7191 1955 1152 4238 
7192 1284 1285 1286 
7193 2138 2139 2663 
7194 1656 1657 1658 
7195 2956 1403 4292 
7196 1585 1636 4270 
7197 669 670 671 
7198 2009 2039 4246 
7199 622 631 667 
7200 2840 2395 4317 
7201 1831 1829 2104 
7202 488 980 4300 
7203 2003 1198 4217 
7204 1353 1349 4346 
7205 489 488 4300 
7206 3098 2329 4226 
7207 1845 2299 2300 
7208 2884 2397 4265 
7209 2382 3217 3229 
7210 618 619 622 
7211 2626 3146 4283 
7212 2016 1046 2290 
7213 3925 2993 4253 
7214 339 177 4165 
7215 2070 2068 4245 
7216 2838 1919 4060 
7217 1103 1104 1244 
7218 2993 3351 4253 
7219 680 679 685 
7220 118 119 311 
7221 2058 2056 4308 
7222 1278 1115 4323 
7223 1317 1316 1821 
7224 2664 2663 3121 
7225 1098 1096 1100 
7226 667 668 669 
7227 4200 489 4300 
7228 1091 1090 1092 
7229 2329 2327 4226 
7230 2941 2233 4261 
7231 188 189 312 
7232 622 623 631 
7233 3198 2821 4254 
7234 4288 868 4322 
7235 2305 2306 2751 
7236 866 865 907 
7237 1895 1896 1897 
7238 1126 1761 4172 
7239 1036 993 1046 
7240 1897 1898 1900 
7241 1196 1195 1214 
7242 1780 4191 4354 
7243 1232 1194 4241 
7244 1215 1214 1584 
7245 2152 1962 4201 
7246 1686 1274 4118 
7247 792 3293 4590 
7248 1182 1187 4262 
7249 1737 2147 4229 
7250 1222 1024 4294 
7251 733 714 4257 
7252 680 686 4266 
7253 797 830 4116 
7254 1667 1668 4400 
7255 2327 2695 4226 
7256 2584 4496 4553 
7257 1292 1277 4205 
7258 2234 1185 4193 
7259 2859 1928 4171 
7260 1945 3286 4221 
7261 3798 3799 4444 
7262 1821 1823 2138 
7263 1840 1838 1841 
7264 3113 2500 4235 
7265 1185 1166 4193 
7266 2080 1717 2081 
7267 1617 1090 4291 
7268 4053 2989 4233 
7269 673 672 679 
7270 2561 2947 4453 
7271 907 1281 1282 
7272 2914 2913 3209 
7273 2038 2750 4234 
7274 1930 2859 4174 
7275 1860 2038 4234 
7276 881 842 883 
7277 4156 2517 4311 
7278 1098 1100 1103 
7279 646 1603 4211 
7280 1039 1037 1047 
7281 1635 2003 4256 
7282 1761 1128 4192 
7283 2724 2722 2741 
7284 4101 1544 4229 
7285 1567 1569 4320 
7286 671 670 672 
7287 1947 1945 4221 
7288 2157 1932 4174 
7289 710 648 4211 
7290 2695 2149 4234 
7291 1130 1305 4192 
7292 2978 2132 4244 
7293 2917 3734 4355 
7294 669 668 670 
7295 1198 939 4217 
7296 3094 3093 4394 
7297 2863 2862 4310 
7298 2274 1793 4311 
7299 1507 724 4028 
7300 2583 1728 4256 
7301 1268 1638 4225 
7302 2082 2325 2381 
7303 2045 2312 2313 
7304 1115 1113 4323 
7305 1793 4156 4311 
7306 4290 803 4410 
7307 2742 2741 3021 
7308 696 701 702 
7309 714 713 4257 
7310 1914 2502 4350 
7311 1055 4194 4294 
7312 2132 2102 4244 
7313 2860 2861 4380 
7314 1656 1295 1657 
7315 3207 2374 4245 
7316 1732 3216 4090 
7317 1369 1333 4372 
7318 2250 1857 2251 
7319 1435 1437 2019 
7320 633 1289 4141 
7321 1640 1916 4306 
7322 1444 1443 1445 
7323 1494 1731 4269 
7324 597 600 4321 
7325 667 631 668 
7326 2968 710 4211 
7327 1194 1298 4241 
7328 1847 566 4279 
7329 2456 3511 4295 
7330 2175 2159 2584 
7331 1345 1358 4369 
7332 988 987 989 
7333 2149 1860 4234 
7334 1405 1267 4239 
7335 796 784 4184 
7336 1048 1047 1195 
7337 1114 1116 4451 
7338 562 560 4371 
7339 1162 1165 4230 
7340 2384 2058 4308 
7341 699 1606 4267 
7342 3324 2842 4583 
7343 924 1960 4223 
7344 2249 1282 4275 
7345 4057 2523 4312 
7346 1117 1278 4358 
7347 2600 2598 4327 
7348 1755 2170 4227 
7349 4050 4170 4332 
7350 1156 1157 4260 
7351 178 256 4165 
7352 2473 2475 4319 
7353 115 116 271 
7354 1604 1119 4358 
7355 191 192 272 
7356 927 719 4454 
7357 2011 4398 4424 
7358 2630 2526 4333 
7359 1210 1212 1213 
7360 1889 2224 4269 
7361 3233 2869 4456 
7362 1054 2250 4198 
7363 3946 3945 4428 
7364 125 309 4151 
7365 1382 1234 4382 
7366 1882 2044 2045 
7367 2554 1159 4260 
7368 1152 1154 4238 
7369 1269 1268 4225 
7370 2525 3455 4357 
7371 1103 1614 4304 
7372 2889 2201 4287 
7373 1299 1193 4278 
7374 715 708 4267 
7375 994 1036 1037 
7376 3806 460 4379 
7377 1696 2005 4228 
7378 2751 2752 3025 
7379 2056 4252 4308 
7380 4170 2408 4332 
7381 2792 2135 4268 
7382 2890 2489 4338 
7383 4145 1770 4333 
7384 2848 1947 4221 
7385 362 364 1042 
7386 2526 4145 4333 
7387 2544 1549 4228 
7388 1582 2900 4352 
7389 1897 2263 4299 
7390 1862 2113 4255 
7391 354 356 2376 
7392 2498 3046 4244 
7393 2761 2753 4457 
7394 1606 690 4285 
7395 795 834 4410 
7396 600 602 2015 
7397 2949 4066 4309 
7398 1284 1287 4275 
7399 706 693 4324 
7400 975 982 4359 
7401 866 907 4160 
7402 1175 2554 4278 
7403 2412 3194 4248 
7404 915 993 994 
7405 990 989 1054 
7406 2867 3922 4456 
7407 1054 1856 1857 
7408 1462 1874 4314 
7409 612 618 2013 
7410 1329 1328 4396 
7411 1785 796 4184 
7412 2517 2542 4311 
7413 1113 4305 4323 
7414 3107 2325 3108 
7415 2717 2312 3022 
7416 4044 1494 4269 
7417 1187 1241 4262 
7418 2532 1232 4241 
7419 2224 1891 4282 
7420 2374 2070 4245 
7421 2233 2235 4261 
7422 805 782 806 
7423 882 914 915 
7424 1141 4284 4382 
7425 884 825 4290 
7426 3617 2553 4437 
7427 685 687 4285 
7428 2005 2470 4228 
7429 1728 1635 4256 
7430 3056 2840 4317 
7431 2096 2097 2098 
7432 1180 1182 4276 
7433 1893 2022 4282 
7434 604 606 788 
7435 2044 1881 2124 
7436 1159 1156 4260 
7437 1157 4230 4260 
7438 3939 2496 4348 
7439 358 360 1618 
7440 114 115 4301 
7441 1789 1474 2018 
7442 898 899 4466 
7443 2180 1998 4491 
7444 192 193 4302 
7445 3111 2719 3114 
7446 2930 4291 4365 
7447 713 2530 4257 
7448 4178 720 4324 
7449 2720 2719 3111 
7450 1173 1171 4461 
7451 1788 1474 1789 
7452 4191 2503 4354 
7453 4265 2473 4319 
7454 1716 1403 1717 
7455 693 2014 4324 
7456 2016 2290 2291 
7457 4280 895 4350 
7458 1864 1400 4281 
7459 843 881 882 
7460 2923 4193 4344 
7461 2022 1895 4299 
7462 342 124 4151 
7463 3026 2746 3309 
7464 2900 4185 4352 
7465 2259 1789 4335 
7466 4036 2924 4425 
7467 720 706 4324 
7468 3549 1251 4529 
7469 1880 1881 1882 
7470 2897 2841 3305 
7471 1400 1246 4281 
7472 1805 2079 4408 
7473 4231 979 4359 
7474 3288 2413 4248 
7475 882 915 4219 
7476 2191 2841 2897 
7477 1638 1803 4225 
7478 1349 1347 4346 
7479 4270 1961 4347 
7480 2170 2895 4227 
7481 1102 4096 4342 
7482 1704 2929 2954 
7483 4190 1102 4342 
7484 1183 1180 4276 
7485 2716 3946 4360 
7486 2413 2412 4248 
7487 2745 2565 2746 
7488 1731 1889 4269 
7489 2895 2896 4402 
7490 1036 1046 2016 
7491 912 3807 4361 
7492 1435 2019 4316 
7493 1193 1175 4278 
7494 1119 1117 4358 
7495 113 114 343 
7496 193 194 344 
7497 2304 2302 2738 
7498 4254 2183 4373 
7499 708 699 4267 
7500 1829 1827 4297 
7501 2551 4303 4389 
7502 2408 3448 4332 
7503 460 457 4379 
7504 2627 2040 4424 
7505 3821 1270 4406 
7506 2541 1847 4279 
7507 444 446 4403 
7508 1246 4176 4281 
7509 2776 3080 4337 
7510 2355 3162 4411 
7511 2599 2642 4511 
7512 1664 1667 4422 
7513 1170 1184 4344 
7514 3296 3295 4659 
7515 623 627 4274 
7516 3301 2493 4363 
7517 4430 2941 4473 
7518 195 196 4326 
7519 631 623 4274 
7520 702 703 704 
7521 2644 2600 4327 
7522 2274 4311 4375 
7523 1850 1405 4239 
7524 4551 976 4560 
7525 1789 2018 2186 
7526 1770 2168 4333 
7527 1168 1170 4344 
7528 3466 1255 4467 
7529 4300 980 4401 
7530 994 993 1036 
7531 1379 1715 4349 
7532 2974 4231 4359 
7533 1827 2305 4297 
7534 1167 3873 4330 
7535 1092 2229 4289 
7536 716 717 781 
7537 3285 2525 4357 
7538 123 342 4214 
7539 1402 1212 1403 
7540 915 914 993 
7541 882 881 914 
7542 895 1914 4350 
7543 1148 3365 4504 
7544 1094 1091 4289 
7545 1891 1893 4282 
7546 1671 1677 4400 
7547 2186 2914 4335 
7548 979 975 4359 
7549 4199 863 4356 
7550 4043 2571 4341 
7551 1444 1445 1446 
7552 4096 4085 4342 
7553 1444 4030 4364 
7554 690 685 4285 
7555 704 712 716 
7556 2313 2312 2717 
7557 1709 1708 4429 
7558 990 1054 4198 
7559 1267 3824 4239 
7560 1842 1841 2301 
7561 2082 2080 2325 
7562 1182 4262 4276 
7563 1716 1717 2080 
7564 1282 1284 4275 
7565 4084 2527 4331 
7566 111 112 4325 
7567 1286 1288 4303 
7568 1445 1443 3847 
7569 2301 1841 2565 
7570 855 902 4376 
7571 3791 3432 4552 
7572 3677 3676 4393 
7573 4320 2895 4402 
7574 4193 1168 4344 
7575 829 801 4356 
7576 2933 4360 4429 
7577 4327 1628 4449 
7578 3152 4062 4345 
7579 2919 1974 4290 
7580 3912 2634 4366 
7581 2718 2717 2719 
7582 1823 1316 4303 
7583 2045 2044 2312 
7584 2891 2520 4513 
7585 1245 1798 4351 
7586 2019 4364 4469 
7587 4311 2542 4375 
7588 807 808 4470 
7589 2555 4273 4352 
7590 1446 1447 1474 
7591 1091 1092 4289 
7592 1972 869 4418 
7593 2186 2187 2913 
7594 801 4116 4356 
7595 2568 1771 4408 
7596 4128 3537 4474 
7597 2622 2264 4298 
7598 1210 1209 1212 
7599 2922 2916 4401 
7600 3011 2274 4375 
7601 1347 1345 4369 
7602 2919 4290 4410 
7603 1446 1445 1447 
7604 1901 2190 4298 
7605 1900 1901 4298 
7606 2186 2018 2187 
7607 1974 884 4290 
7608 827 842 843 
7609 1895 1897 4299 
7610 1244 1245 4351 
7611 4215 2534 4388 
7612 863 829 4356 
7613 600 2015 4321 
7614 2264 1900 4298 
7615 1473 1689 1690 
7616 261 122 4214 
7617 1880 1690 1881 
7618 1333 1332 4372 
7619 4284 4037 4382 
7620 3945 4342 4428 
7621 3828 2531 4385 
7622 1270 1256 4406 
7623 3081 3082 3083 
7624 1704 1657 2928 
7625 121 261 4213 
7626 4346 1347 4369 
7627 4251 3406 4665 
7628 4229 2147 4411 
7629 3038 2731 3039 
7630 1437 1439 4364 
7631 1305 1509 4315 
7632 2620 2259 4335 
7633 4179 1615 4351 
7634 2280 2676 2939 
7635 843 842 881 
7636 806 2278 2280 
7637 1509 1912 4315 
7638 818 826 827 
7639 1213 1212 1402 
7640 1380 1382 4440 
7641 1882 1881 2044 
7642 4205 4162 4374 
7643 1469 1472 1473 
7644 1316 1286 4303 
7645 567 562 4371 
7646 1260 1411 4439 
7647 120 4213 4240 
7648 1411 2142 4368 
7649 2924 2925 4378 
7650 871 4163 4418 
7651 1292 4205 4374 
7652 1451 1453 1454 
7653 3608 3611 4506 
7654 2301 2565 2745 
7655 1472 1468 1646 
7656 627 4141 4274 
7657 4202 987 4384 
7658 457 459 4379 
7659 1715 2191 4349 
7660 781 805 818 
7661 890 4160 4384 
7662 110 111 282 
7663 4273 1582 4352 
7664 196 197 281 
7665 3198 4254 4373 
7666 2381 2325 3107 
7667 1615 1244 4351 
7668 4398 2926 4424 
7669 2899 3255 4585 
7670 2011 2007 4398 
7671 1704 2954 4395 
7672 2302 2301 4377 
7673 2915 4229 4411 
7674 1085 1083 4365 
7675 2104 1829 4297 
7676 4568 3695 4586 
7677 2970 2930 4383 
7678 2280 2656 2676 
7679 2557 2888 4390 
7680 536 535 4463 
7681 4344 1184 4448 
7682 2096 1692 2097 
7683 1328 4355 4396 
7684 1358 1343 4452 
7685 2936 4528 4541 
7686 2913 2187 3222 
7687 1002 925 4391 
7688 1465 1463 1466 
7689 2861 2864 4380 
7690 3934 3446 4412 
7691 2916 4300 4401 
7692 2542 2809 4375 
7693 1789 2186 4335 
7694 2323 2099 2375 
7695 4351 1798 4457 
7696 2563 4099 4374 
7697 1234 1141 4382 
7698 1467 1468 1469 
7699 2745 2746 3026 
7700 917 890 4384 
7701 4324 2014 4441 
7702 2866 2901 4426 
7703 3485 3519 4591 
7704 1402 1403 1716 
7705 2871 3233 4505 
7706 2151 1734 4447 
7707 4336 1833 4485 
7708 1101 3407 4553 
7709 781 782 805 
7710 4354 2503 4381 
7711 4192 1305 4315 
7712 827 826 842 
7713 2603 3791 4575 
7714 3299 3723 4525 
7715 4099 1292 4374 
7716 4241 1590 4388 
7717 2060 2384 4421 
7718 3793 4361 4562 
7719 3980 2615 4392 
7720 1083 1624 4365 
7721 2939 2676 2940 
7722 4470 831 4974 
7723 1439 1444 4364 
7724 1838 1834 4336 
7725 2261 4610 4646 
7726 1463 1461 4438 
7727 987 917 4384 
7728 1960 1000 4427 
7729 4291 1085 4365 
7730 1269 4225 4398 
7731 818 805 826 
7732 311 119 4240 
7733 3310 2746 4485 
7734 3342 3198 4373 
7735 4653 2569 4672 
7736 1288 2034 4389 
7737 2532 4241 4388 
7738 2585 3683 4413 
7739 1668 1671 4400 
7740 1464 1465 1467 
7741 1047 1037 4353 
7742 1690 1689 4307 
7743 1576 4320 4402 
7744 1552 4153 4397 
7745 2852 4168 4445 
7746 3141 3094 4394 
7747 2016 2932 4353 
7748 1058 1211 4405 
7749 2547 2898 4423 
7750 3456 2545 4423 
7751 4114 914 4339 
7752 2480 4223 4431 
7753 2902 4551 4560 
7754 1658 1657 1704 
7755 1632 1104 4483 
7756 2019 1437 4364 
7757 2379 2064 4432 
7758 2082 2381 4548 
7759 2098 2099 2100 
7760 849 3780 4542 
7761 881 883 4339 
7762 446 1552 4403 
7763 4352 4185 4443 
7764 4303 1288 4389 
7765 4289 2934 4409 
7766 2954 2929 2955 
7767 4225 2926 4398 
7768 1447 1449 4329 
7769 1771 1805 4408 
7770 2018 1474 4329 
7771 2419 2889 4415 
7772 3377 3376 4486 
7773 803 795 4410 
7774 1332 1329 4396 
7775 1473 1472 1689 
7776 4411 3162 4447 
7777 2912 2910 4549 
7778 3234 3056 4399 
7779 2555 4352 4443 
7780 4342 4085 4428 
7781 702 704 928 
7782 2620 4591 4685 
7783 4378 3037 4440 
7784 4168 3730 4445 
7785 556 554 4480 
7786 3616 3615 4599 
7787 4360 1709 4429 
7788 1108 1110 4525 
7789 4292 1209 4417 
7790 4148 4123 4381 
7791 2369 2834 4442 
7792 1037 1036 4353 
7793 2728 2730 2731 
7794 1459 1460 1461 
7795 2534 2532 4388 
7796 1704 2928 2929 
7797 976 3693 4528 
7798 2503 4148 4381 
7799 831 832 4520 
7800 4221 2857 4522 
7801 1256 1255 4406 
7802 1382 4382 4425 
7803 2922 4401 4439 
7804 2080 2081 4362 
7805 4364 4030 4469 
7806 1100 1096 4409 
7807 980 1137 4401 
7808 2007 1269 4398 
7809 1469 1468 1472 
7810 3576 2575 4416 
7811 1342 1339 4476 
7812 3467 1184 4521 
7813 1295 1213 4328 
7814 2776 3078 3079 
7815 2323 2780 3102 
7816 4178 4324 4441 
7817 2458 4172 4512 
7818 4046 484 4478 
7819 1467 1465 1468 
7820 2923 4344 4448 
7821 484 480 4478 
7822 1009 1007 4536 
7823 1100 4409 4483 
7824 1433 1431 4420 
7825 3083 3082 3232 
7826 4416 2935 4422 
7827 1881 1690 4307 
7828 1032 4198 4417 
7829 1209 1059 4417 
7830 2191 2897 4349 
7831 1255 1252 4467 
7832 356 358 4343 
7833 1474 1447 4329 
7834 1455 1456 1457 
7835 2098 2097 2099 
7836 4453 2947 4512 
7837 1036 2016 4353 
7838 2738 2302 4377 
7839 3056 4317 4399 
7840 2124 1881 4307 
7841 1094 4289 4409 
7842 914 881 4339 
7843 1382 4378 4440 
7844 2566 2555 4443 
7845 3736 2597 4419 
7846 2147 2355 4411 
7847 1224 1010 4471 
7848 869 871 4418 
7849 3588 2604 4534 
7850 4594 1970 4605 
7851 1012 1612 4471 
7852 3108 2325 4362 
7853 4179 4351 4457 
7854 2280 2939 4386 
7855 2062 2060 4421 
7856 4242 2387 4435 
7857 3550 4242 4435 
7858 1462 1463 1464 
7859 4371 560 4414 
7860 1335 1369 4492 
7861 2559 2419 4415 
7862 2773 2771 2774 
7863 2301 2745 4377 
7864 1096 1094 4409 
7865 969 971 4551 
7866 1657 1295 4328 
7867 3745 3130 4596 
7868 2044 2124 4367 
7869 2897 3305 4484 
7870 1213 1402 4328 
7871 1667 4416 4422 
7872 1454 1453 1455 
7873 4037 4036 4425 
7874 1841 1838 4336 
7875 3022 2312 4367 
7876 1000 1966 4427 
7877 115 271 4301 
7878 272 192 4302 
7879 3183 2369 4442 
7880 2567 2563 4482 
7881 1047 4353 4460 
7882 2935 2936 4518 
7883 1663 1664 4422 
7884 793 800 4568 
7885 1059 1032 4417 
7886 3219 4604 4713 
7887 2415 1976 4433 
7888 2775 2774 3051 
7889 291 208 4644 
7890 1265 1195 4460 
7891 4044 4269 4437 
7892 612 2013 4434 
7893 4380 2864 4426 
7894 1464 1463 1465 
7895 2545 2547 4423 
7896 2566 4443 4464 
7897 4269 2224 4437 
7898 3081 3079 3082 
7899 2601 4073 4601 
7900 788 606 4434 
7901 4496 3772 4553 
7902 4328 1402 4472 
7903 2064 2062 4432 
7904 805 806 4386 
7905 2267 1629 4563 
7906 3615 3617 4545 
7907 2728 2127 2730 
7908 2800 3116 4507 
7909 4401 1137 4439 
7910 1708 2091 4429 
7911 2864 2866 4426 
7912 2300 2768 2769 
7913 2942 4329 4436 
7914 2901 2868 4497 
7915 2323 3102 4446 
7916 4433 1978 4450 
7917 2644 4327 4449 
7918 3791 4552 4575 
7919 3129 2734 4462 
7920 904 3793 4607 
7921 4188 3934 4412 
7922 3801 3798 4444 
7923 343 114 4301 
7924 4085 1709 4428 
7925 193 344 4302 
7926 961 1595 4508 
7927 983 963 4508 
7928 2325 2080 4362 
7929 4382 4037 4425 
7930 4174 3772 4496 
7931 4353 2932 4460 
7932 2312 2044 4367 
7933 1858 4278 4473 
7934 1591 968 4517 
7935 2565 1841 4336 
7936 2915 4411 4447 
7937 2100 2099 2323 
7938 3120 2566 4464 
7939 1716 2082 4472 
7940 965 983 4517 
7941 3839 4668 4687 
7942 2872 3299 4514 
7943 2040 2011 4424 
7944 2066 2379 4493 
7945 1624 1081 4474 
7946 2928 1657 4328 
7947 3284 4188 4412 
7948 806 2280 4386 
7949 4022 2923 4448 
7950 2323 2375 2780 
7951 4166 1972 4475 
7952 4409 2934 4483 
7953 606 612 4434 
7954 3005 2763 4559 
7955 2553 4044 4437 
7956 2937 4617 4620 
7957 678 684 4538 
7958 1684 1380 4440 
7959 3673 3672 4458 
7960 1079 4128 4474 
7961 3833 1798 4519 
7962 1449 1451 4436 
7963 1734 2915 4447 
7964 1137 1260 4439 
7965 1116 1307 4451 
7966 2062 4421 4432 
7967 3632 2602 4598 
7968 1965 3840 4557 
7969 4356 4116 4479 
7970 3833 4519 4559 
7971 2595 2596 4459 
7972 4223 1960 4431 
7973 2387 3262 4435 
7974 4444 3799 4475 
7975 1459 1461 1462 
7976 3264 2852 4445 
7977 2592 3621 4455 
7978 4405 2897 4484 
7979 2567 4482 4509 
7980 1455 1457 1458 
7981 4245 2068 4493 
7982 1462 1461 1463 
7983 2588 3426 4465 
7984 4645 3629 4651 
7985 2951 4309 4524 
7986 2898 2549 4510 
7987 3780 3779 4587 
7988 4230 2232 4430 
7989 1692 1658 4395 
7990 970 1591 4533 
7991 1458 1457 1459 
7992 4139 2552 4516 
7993 4443 2338 4464 
7994 2926 2270 4468 
7995 1343 1342 4452 
7996 982 972 4533 
7997 826 805 4386 
7998 727 1148 4504 
7999 3715 2853 4579 
8000 1171 1233 4461 
8001 4315 2561 4453 
8002 4329 1449 4436 
8003 2376 356 4343 
8004 358 1618 4343 
8005 2936 2576 4560 
8006 2218 3867 4544 
8007 1184 1172 4521 
8008 4185 2338 4443 
8009 2651 2644 4449 
8010 783 730 4523 
8011 2869 2867 4456 
8012 1545 536 4463 
8013 4384 4160 4495 
8014 2565 4336 4485 
8015 604 788 4488 
8016 2015 602 4488 
8017 3052 2774 4489 
8018 962 964 4581 
8019 4260 4230 4430 
8020 719 721 4454 
8021 1451 1454 4436 
8022 196 281 4326 
8023 2556 4178 4441 
8024 2554 4430 4473 
8025 899 904 4466 
8026 4374 4162 4482 
8027 282 111 4325 
8028 1215 1584 4529 
8029 2272 2977 4519 
8030 3020 2567 4509 
8031 1031 4405 4484 
8032 3581 2180 4750 
8033 1658 1704 4395 
8034 3621 3875 4729 
8035 2660 2844 4659 
8036 2554 4260 4430 
8037 2338 4134 4464 
8038 1798 1797 4519 
8039 1016 1223 4546 
8040 352 354 4387 
8041 1465 1466 4404 
8042 1251 1217 4529 
8043 2294 1913 4564 
8044 2584 2159 4496 
8045 2157 4174 4496 
8046 1043 3409 4614 
8047 1766 2218 4544 
8048 3646 2887 4487 
8049 1612 1014 4546 
8050 4199 4356 4479 
8051 2928 4328 4472 
8052 3376 3379 4486 
8053 1761 4192 4453 
8054 2097 1692 4395 
8055 808 831 4470 
8056 1646 1468 4404 
8057 883 842 4502 
8058 2563 4374 4482 
8059 2744 2742 4576 
8060 339 4165 5195 
8061 4102 2544 4477 
8062 1252 1251 4467 
8063 4192 4315 4453 
8064 1010 1012 4471 
8065 4558 3558 4595 
8066 3293 4568 4586 
8067 1178 1183 4550 
8068 783 4523 4602 
8069 1195 1047 4460 
8070 3249 352 4387 
8071 2773 2775 2776 
8072 4518 2936 4541 
8073 4275 2601 4556 
8074 2168 2810 4566 
8075 2559 4415 4481 
8076 1339 1337 4476 
8077 2627 4424 4468 
8078 4396 2891 4513 
8079 2753 4179 4457 
8080 2848 4221 4522 
8081 2902 2574 4572 
8082 622 667 4540 
8083 3555 1499 4595 
8084 809 556 4480 
8085 2535 2628 4589 
8086 1332 4396 4513 
8087 480 482 4478 
8088 3040 2951 4567 
8089 603 601 4604 
8090 2458 4512 4586 
8091 476 474 4569 
8092 2842 2192 4583 
8093 4078 476 4569 
8094 1831 2104 4530 
8095 4593 957 4689 
8096 1468 1465 4404 
8097 3341 1315 4641 
8098 4417 4198 4539 
8099 1081 1079 4474 
8100 2570 2899 4577 
8101 2951 4524 4567 
8102 505 1619 4574 
8103 2470 2371 4562 
8104 3231 2559 4481 
8105 4091 4166 4475 
8106 4202 4384 4495 
8107 3799 3835 4565 
8108 2731 2730 3097 
8109 1998 2000 4491 
8110 4403 1552 4537 
8111 107 108 316 
8112 199 200 317 
8113 4015 2952 4597 
8114 3513 804 4654 
8115 4940 3019 4949 
8116 1223 1018 4573 
8117 2943 4199 4479 
8118 3432 4381 4552 
8119 4030 2562 4469 
8120 3835 3796 4578 
8121 2544 4228 4477 
8122 1663 4422 4518 
8123 4440 3037 4524 
8124 2013 618 4540 
8125 1972 4444 4475 
8126 2776 2775 3078 
8127 2603 4575 4594 
8128 1466 1463 4438 
8129 4204 507 4574 
8130 2943 4479 4531 
8131 602 604 4488 
8132 2773 2774 2775 
8133 3755 2210 4541 
8134 1104 1100 4483 
8135 3617 4437 4545 
8136 557 1043 4614 
8137 1337 1335 4492 
8138 4424 2926 4468 
8139 1845 2300 4500 
8140 354 2376 4387 
8141 4116 2248 4479 
8142 3020 4509 4543 
8143 1499 555 4614 
8144 4476 1337 4492 
8145 4381 4123 4552 
8146 4278 2554 4473 
8147 4438 1627 4500 
8148 1022 1222 4582 
8149 4162 2231 4482 
8150 4422 2935 4518 
8151 1627 1845 4500 
8152 3397 3398 4501 
8153 2068 2066 4493 
8154 3877 4600 4606 
8155 1761 4453 4512 
8156 2127 2100 4446 
8157 3890 3889 4847 
8158 4479 2248 4531 
8159 2802 2800 4507 
8160 3562 3563 4606 
8161 1858 4473 4554 
8162 4228 2470 4477 
8163 2746 2565 4485 
8164 804 4033 4622 
8165 4792 640 4822 
8166 4361 2470 4562 
8167 4386 2939 4502 
8168 3629 3630 4631 
8169 4482 2231 4509 
8170 3671 1074 4703 
8171 4079 1970 4594 
8172 2228 4645 4651 
8173 2868 2870 4497 
8174 4565 3835 4578 
8175 1859 1858 4554 
8176 2591 4571 4611 
8177 2100 2323 4446 
8178 1402 1716 4472 
8179 3610 3608 4506 
8180 1632 4483 4515 
8181 702 928 4503 
8182 501 517 4588 
8183 3182 2599 4511 
8184 3537 3535 4616 
8185 1619 503 4588 
8186 826 4386 4502 
8187 3616 4599 4632 
8188 3839 3290 4668 
8189 963 961 4508 
8190 2960 4055 4603 
8191 3310 4485 4530 
8192 1684 4440 4524 
8193 2493 2594 4611 
8194 3220 2871 4505 
8195 2159 2157 4496 
8196 728 727 4504 
8197 4176 1604 4571 
8198 2945 4202 4495 
8199 3924 4403 4537 
8200 3825 3323 4626 
8201 2260 2829 4610 
8202 3212 3214 4592 
8203 4469 2958 4526 
8204 696 702 4503 
8205 4608 3949 4637 
8206 4340 3218 4700 
8207 968 965 4517 
8208 2023 4017 4615 
8209 3877 2014 4600 
8210 930 1063 4608 
8211 4511 2642 4783 
8212 2549 2582 4510 
8213 4473 2941 4554 
8214 4475 3799 4565 
8215 2375 2099 4532 
8216 2591 4281 4571 
8217 832 838 4520 
8218 4437 2224 4545 
8219 4160 2249 4495 
8220 4616 3535 4646 
8221 4359 982 4494 
8222 1595 4139 4516 
8223 3793 4562 4607 
8224 2945 4495 4556 
8225 2934 2931 4515 
8226 2870 2872 4514 
8227 4316 2019 4526 
8228 4520 838 4542 
8229 4292 4417 4539 
8230 4497 2870 4514 
8231 2772 2771 2773 
8232 3613 3612 4527 
8233 2231 2765 4509 
8234 3696 2607 4638 
8235 2730 2127 4446 
8236 2604 3400 4534 
8237 730 728 4523 
8238 3566 4624 4638 
8239 1110 1308 4525 
8240 1172 1174 4521 
8241 3580 3578 4726 
8242 4088 1663 4518 
8243 4612 4108 4691 
8244 1797 2272 4519 
8245 3566 697 4624 
8246 4495 2249 4556 
8247 4077 2943 4531 
8248 898 4466 4736 
8249 728 4504 4523 
8250 3693 3755 4528 
8251 682 697 4600 
8252 3695 2458 4586 
8253 2014 689 4600 
8254 2300 2769 2770 
8255 1604 4363 4571 
8256 4172 1761 4512 
8257 4077 4531 4563 
8258 3358 2848 4522 
8259 2920 3453 4645 
8260 3293 2918 4590 
8261 4091 4475 4565 
8262 4531 2927 4563 
8263 1217 1215 4529 
8264 4592 3214 4689 
8265 3280 2962 4602 
8266 2960 4603 4615 
8267 4615 4017 4621 
8268 2962 2961 4623 
8269 842 826 4502 
8270 4581 2899 4585 
8271 2797 2794 4613 
8272 1064 1067 4620 
8273 972 970 4533 
8274 4115 4339 4555 
8275 200 201 4499 
8276 2141 2629 4609 
8277 4617 1063 4620 
8278 2528 4316 4526 
8279 2630 4333 4566 
8280 1833 1831 4530 
8281 517 499 4612 
8282 976 4528 4560 
8283 497 4108 4612 
8284 3532 851 4648 
8285 2770 2771 2772 
8286 2974 4359 4494 
8287 4309 1684 4524 
8288 1074 1009 4536 
8289 2665 4778 4813 
8290 3949 3948 4630 
8291 3312 3313 4698 
8292 4372 1332 4513 
8293 4395 2954 4532 
8294 838 849 4542 
8295 4512 2947 4586 
8296 4510 2582 4535 
8297 684 696 4538 
8298 4509 2765 4543 
8299 2582 3308 4535 
8300 3255 4207 4592 
8301 2910 3549 4549 
8302 2248 2927 4531 
8303 4017 2252 4621 
8304 2787 2114 4619 
8305 4485 1833 4530 
8306 4524 3037 4567 
8307 1014 1016 4546 
8308 4528 2936 4560 
8309 618 622 4540 
8310 971 976 4551 
8311 2097 4395 4532 
8312 2183 1766 4544 
8313 3772 1101 4553 
8314 3719 888 4674 
8315 3116 3117 4547 
8316 4521 1174 4550 
8317 1795 2970 4625 
8318 2247 4669 4678 
8319 4088 4518 4541 
8320 2210 4088 4541 
8321 1174 1178 4550 
8322 1418 3513 4685 
8323 3697 1611 4658 
8324 2019 4469 4526 
8325 2137 1306 4650 
8326 4483 2934 4515 
8327 2770 2769 2771 
8328 3209 4663 4761 
8329 2765 3103 4543 
8330 3417 2622 4745 
8331 2964 4293 4636 
8332 1689 4760 4769 
8333 4539 2250 4584 
8334 4198 2250 4539 
8335 4536 1007 4561 
8336 3825 1965 4557 
8337 1132 1199 4650 
8338 4040 1899 4680 
8339 4550 1183 4627 
8340 847 893 4637 
8341 883 4502 4570 
8342 2030 2017 4647 
8343 4610 2970 4646 
8344 665 1611 4624 
8345 2183 4544 4558 
8346 3589 2612 4670 
8347 4123 1311 4552 
8348 697 675 4624 
8349 4299 2611 4632 
8350 3697 4658 4670 
8351 3615 4545 4599 
8352 696 4503 4538 
8353 2300 2770 4500 
8354 2224 4282 4545 
8355 4523 3280 4602 
8356 2099 2097 4532 
8357 2793 2789 4643 
8358 2763 3833 4559 
8359 4339 883 4555 
8360 2576 2902 4560 
8361 4623 2961 4640 
8362 4578 3796 4603 
8363 2605 2921 4627 
8364 1552 4397 4537 
8365 4472 2082 4548 
8366 4571 4363 4611 
8367 1706 1850 4633 
8368 4555 883 4570 
8369 2927 2963 4580 
8370 2531 2971 4657 
8371 2834 2165 4633 
8372 2941 4261 4554 
8373 3037 3036 4567 
8374 712 703 4663 
8375 2581 2294 4564 
8376 2625 3147 4639 
8377 2929 2928 4548 
8378 2371 2825 4562 
8379 2956 4539 4584 
8380 4621 2252 4636 
8381 2817 2624 4639 
8382 4552 1311 4575 
8383 800 3695 4568 
8384 888 3551 4664 
8385 2956 4292 4539 
8386 2249 4275 4556 
8387 2603 4594 4605 
8388 105 106 348 
8389 201 202 349 
8390 2963 2029 4640 
8391 1629 4077 4563 
8392 474 1769 4569 
8393 4120 3341 4641 
8394 4625 3368 4656 
8395 2623 2417 4680 
8396 848 4091 4565 
8397 2574 2572 4572 
8398 2788 3118 4643 
8399 1018 1020 4573 
8400 3777 2366 4671 
8401 507 505 4574 
8402 3590 698 4686 
8403 3636 3637 4701 
8404 2642 2643 4794 
8405 2028 4631 4691 
8406 2028 2027 4651 
8407 2963 4640 4647 
8408 2529 2569 4653 
8409 4373 2183 4558 
8410 2965 2964 4655 
8411 2928 4472 4548 
8412 848 4565 4578 
8413 4502 2939 4570 
8414 2742 3021 4576 
8415 2267 4563 4580 
8416 2228 2227 4652 
8417 2609 2903 4675 
8418 2938 2646 4848 
8419 2572 2570 4577 
8420 1970 4052 4605 
8421 3513 4654 4685 
8422 3590 4686 4704 
8423 4333 2168 4566 
8424 2853 3320 4579 
8425 1311 4181 4575 
8426 3654 3655 4672 
8427 4572 2572 4577 
8428 964 967 4581 
8429 1927 3719 4695 
8430 2366 2364 4671 
8431 1884 2343 4661 
8432 4281 4176 4571 
8433 2343 3060 4667 
8434 2965 4655 4661 
8435 1020 1022 4582 
8436 962 4581 4585 
8437 3454 886 4684 
8438 2587 3949 4617 
8439 4155 848 4578 
8440 4573 1020 4582 
8441 2481 2830 4796 
8442 2939 2940 4570 
8443 1611 663 4658 
8444 661 698 4658 
8445 4602 2962 4623 
8446 3779 1777 4587 
8447 4783 2642 4794 
8448 2982 2984 4791 
8449 2247 2246 4669 
8450 2964 4636 4655 
8451 4587 1777 4596 
8452 353 1723 4764 
8453 1859 4554 4597 
8454 2230 1794 4656 
8455 202 203 4498 
8456 2619 2357 4662 
8457 2643 2645 4798 
8458 3719 4674 4695 
8459 3519 1418 4591 
8460 4061 2956 4584 
8461 3743 1927 4713 
8462 4717 2494 4754 
8463 4632 2611 4664 
8464 1624 4474 4616 
8465 982 4533 4726 
8466 4605 4052 4618 
8467 1630 2533 4755 
8468 4661 2343 4667 
8469 2937 2587 4617 
8470 2947 3293 4586 
8471 2250 2251 4584 
8472 804 4622 4654 
8473 4675 3353 4705 
8474 3739 2616 4704 
8475 413 3642 4697 
8476 3635 3634 4701 
8477 4239 3825 4626 
8478 2192 4026 4583 
8479 2502 3353 4675 
8480 503 501 4588 
8481 2605 4627 4657 
8482 583 415 4697 
8483 4052 1230 4618 
8484 1265 4899 4931 
8485 2803 2137 5019 
8486 4772 4063 4778 
8487 470 4206 4653 
8488 3535 2261 4646 
8489 2528 4526 4622 
8490 3341 2937 4629 
8491 958 973 4689 
8492 1777 3745 4596 
8493 4613 2793 5020 
8494 3546 3545 4737 
8495 3558 3555 4595 
8496 2533 2535 4589 
8497 4313 470 4653 
8498 2602 3716 4598 
8499 3214 3215 4593 
8500 2584 4251 4665 
8501 2628 4063 4772 
8502 2918 3288 4590 
8503 2175 2584 4665 
8504 4618 1230 4630 
8505 1626 1653 4688 
8506 4207 3212 4592 
8507 1927 4695 4713 
8508 4562 2825 4607 
8509 3485 4591 4690 
8510 3530 3531 4727 
8511 4526 2958 4622 
8512 2645 2652 4802 
8513 692 707 4715 
8514 1420 688 4715 
8515 4589 2628 4747 
8516 4794 2643 4798 
8517 4313 4653 4672 
8518 3514 3515 4730 
8519 3117 5021 5028 
8520 2720 3111 4679 
8521 2921 4550 4627 
8522 689 682 4600 
8523 4181 4079 4594 
8524 4556 2601 4601 
8525 4575 4181 4594 
8526 3164 2356 4677 
8527 4545 4282 4599 
8528 2586 3139 4737 
8529 3515 676 4727 
8530 3520 3521 4732 
8531 3843 2481 4801 
8532 3457 2617 4712 
8533 4647 2017 4666 
8534 3168 3169 4848 
8535 601 3743 4604 
8536 3949 4630 4637 
8537 1289 4780 4787 
8538 656 1610 4686 
8539 3521 1423 4730 
8540 698 658 4686 
8541 4611 2594 4619 
8542 888 4664 4674 
8543 1201 355 4764 
8544 2253 2945 4601 
8545 4155 4578 4603 
8546 2741 2722 4679 
8547 3148 4900 4903 
8548 3991 2148 4628 
8549 4282 2022 4599 
8550 2589 2603 4605 
8551 4261 4015 4597 
8552 3338 1603 4792 
8553 4245 4493 4703 
8554 2641 2814 4696 
8555 2481 4796 4801 
8556 4554 4261 4597 
8557 4563 2927 4580 
8558 317 200 4499 
8559 4184 783 4602 
8560 3139 1508 4739 
8561 4474 3537 4616 
8562 4055 4155 4603 
8563 973 4592 4689 
8564 4802 2652 4810 
8565 1205 1206 4706 
8566 1934 4248 4681 
8567 2345 2242 4693 
8568 2244 2815 4693 
8569 1820 1297 4706 
8570 4657 2971 4669 
8571 277 3978 4722 
8572 4798 2645 4802 
8573 3563 3877 4606 
8574 3561 659 4732 
8575 3019 2744 4949 
8576 2320 3839 4687 
8577 2261 2260 4610 
8578 3560 3561 4739 
8579 2142 2141 4609 
8580 3843 4801 4804 
8581 2240 2345 4709 
8582 2541 3988 4714 
8583 1206 1140 4710 
8584 2792 4268 4676 
8585 893 930 4608 
8586 911 910 4716 
8587 555 557 4614 
8588 2794 2793 4613 
8589 4603 3796 4615 
8590 4791 2984 4797 
8591 2640 2239 4709 
8592 4599 2022 4632 
8593 3633 4612 4691 
8594 499 497 4612 
8595 3796 2023 4615 
8596 2589 4605 4618 
8597 919 918 4718 
8598 2825 3192 4607 
8599 2320 4687 4694 
8600 934 933 4721 
8601 2031 3841 4724 
8602 2979 4580 4666 
8603 4410 834 4673 
8604 307 133 4719 
8605 134 4018 4719 
8606 3209 2913 4699 
8607 2922 4368 4652 
8608 3631 3633 4691 
8609 1815 3871 4982 
8610 4608 1063 4617 
8611 3947 2589 4618 
8612 2960 4615 4621 
8613 3875 1006 4729 
8614 2945 4556 4601 
8615 4383 4616 4646 
8616 2784 2115 4724 
8617 1968 2031 4724 
8618 2188 2541 4714 
8619 2693 2320 4694 
8620 4129 3457 4712 
8621 2114 2591 4619 
8622 1995 2637 4723 
8623 2638 1997 4723 
8624 441 436 4912 
8625 2970 4610 4625 
8626 4724 3841 4735 
8627 4033 2528 4622 
8628 4279 567 4702 
8629 4350 2502 4675 
8630 3495 3492 4753 
8631 2693 4694 4707 
8632 1063 1064 4620 
8633 1006 1008 4729 
8634 3225 2942 4775 
8635 4533 3580 4726 
8636 1991 2636 4728 
8637 2637 1993 4728 
8638 4363 2493 4611 
8639 4217 937 4721 
8640 2959 2960 4621 
8641 3629 4631 4651 
8642 3947 4618 4630 
8643 4438 4500 4642 
8644 1139 1062 4740 
8645 4383 1624 4616 
8646 2636 1989 4731 
8647 1987 2635 4731 
8648 4610 2829 4625 
8649 675 665 4624 
8650 4804 2649 4808 
8651 3630 3631 4631 
8652 4492 1369 4668 
8653 2635 1985 4738 
8654 1983 2633 4738 
8655 567 4310 4702 
8656 3948 3947 4630 
8657 4184 4602 4623 
8658 3488 3489 4753 
8659 464 399 4756 
8660 716 4340 4700 
8661 2348 1977 4741 
8662 4620 1067 4629 
8663 397 3619 4756 
8664 1964 2152 4741 
8665 1061 2590 4740 
8666 2165 1706 4633 
8667 2816 2247 4678 
8668 704 716 4700 
8669 2633 1981 4742 
8670 1979 2348 4742 
8671 4493 3671 4703 
8672 2620 4335 4690 
8673 1850 4239 4626 
8674 3386 3385 4770 
8675 1475 3532 4866 
8676 3383 3384 4770 
8677 2190 2171 4733 
8678 1785 4184 4623 
8679 891 3765 4984 
8680 4652 4368 4763 
8681 3584 2968 4789 
8682 1785 4623 4640 
8683 1183 4385 4627 
8684 2034 2975 4747 
8685 3146 2817 4634 
8686 2959 4621 4636 
8687 2607 3566 4638 
8688 4107 4797 4803 
8689 1312 1630 4752 
8690 1230 847 4637 
8691 4201 2689 4734 
8692 3134 4708 4748 
8693 3147 3148 4635 
8694 2022 4299 4632 
8695 3790 2883 5210 
8696 2789 2788 4643 
8697 3616 4632 4664 
8698 201 349 4499 
8699 2624 2625 4639 
8700 4500 2770 4642 
8701 3453 3629 4645 
8702 3949 4608 4617 
8703 3081 3084 4758 
8704 4293 2959 4636 
8705 3134 2816 4708 
8706 3871 1815 4983 
8707 2606 4120 4641 
8708 2029 1785 4640 
8709 3699 3700 4832 
8710 4631 2028 4651 
8711 4640 2961 4647 
8712 4627 4385 4657 
8713 1466 4438 4642 
8714 851 3450 4648 
8715 1926 3485 4761 
8716 1413 1825 4751 
8717 4636 2252 4655 
8718 4668 4392 4687 
8719 4784 1458 4835 
8720 3194 3195 4681 
8721 4272 4788 4826 
8722 2961 2030 4647 
8723 4660 2833 4665 
8724 208 209 4644 
8725 4187 2494 4717 
8726 3290 4492 4668 
8727 3430 2833 4660 
8728 2649 2619 4649 
8729 3765 891 4985 
8730 3295 2660 4659 
8731 327 5119 5186 
8732 1306 1132 4650 
8733 4669 2971 4678 
8734 2227 2922 4652 
8735 2538 2813 4757 
8736 2027 2228 4651 
8737 2958 2608 4654 
8738 2816 4678 4708 
8739 2937 4620 4629 
8740 2252 1800 4655 
8741 2622 4298 4745 
8742 663 661 4658 
8743 1794 1795 4656 
8744 4206 2529 4653 
8745 4404 4711 4746 
8746 2591 4611 4619 
8747 387 1428 4773 
8748 483 389 4773 
8749 4622 2958 4654 
8750 2770 2772 4642 
8751 4655 1800 4661 
8752 2970 4383 4646 
8753 1772 4688 4705 
8754 2974 4494 4750 
8755 3122 333 5154 
8756 4248 3194 4681 
8757 3551 3616 4664 
8758 4494 3581 4750 
8759 703 1926 4663 
8760 1800 1884 4661 
8761 127 128 4767 
8762 2357 3165 4662 
8763 349 202 4498 
8764 4809 2976 4830 
8765 3485 4690 4761 
8766 4630 1230 4637 
8767 286 3312 4698 
8768 4591 2620 4690 
8769 2874 4397 4806 
8770 678 4538 4780 
8771 2833 2175 4665 
8772 2246 2605 4669 
8773 2966 2965 4667 
8774 2965 4661 4667 
8775 2612 3697 4670 
8776 4385 2531 4657 
8777 2811 2089 5004 
8778 3739 4717 4754 
8779 4215 4388 4749 
8780 1689 1472 4760 
8781 2364 2819 4671 
8782 2954 2955 4766 
8783 2738 5054 5062 
8784 4872 3450 4876 
8785 4404 1466 4711 
8786 2611 2610 4674 
8787 2963 4647 4666 
8788 2975 4589 4747 
8789 1369 4392 4668 
8790 4654 2608 4685 
8791 3235 4652 4763 
8792 3637 583 4967 
8793 1466 4642 4711 
8794 2981 3235 4763 
8795 3655 4313 4672 
8796 4268 1820 4676 
8797 3114 216 5168 
8798 4688 2957 4705 
8799 5004 2089 5006 
8800 2356 2919 4677 
8801 3384 906 5069 
8802 3457 2957 4692 
8803 2665 2139 4778 
8804 2089 3834 5006 
8805 2722 2720 4679 
8806 4743 2614 4754 
8807 2666 2713 4682 
8808 3121 2663 4776 
8809 4747 2628 4772 
8810 2971 2972 4678 
8811 3353 1772 4705 
8812 2919 4410 4673 
8813 2138 2664 4779 
8814 3265 3187 4960 
8815 4635 3148 4903 
8816 1822 1821 4779 
8817 2983 2982 4787 
8818 2903 4350 4675 
8819 2417 4040 4680 
8820 886 898 4684 
8821 2981 4763 4765 
8822 3328 348 5216 
8823 2605 4657 4669 
8824 4664 2611 4674 
8825 5006 3834 5008 
8826 1289 639 4780 
8827 2940 4867 4871 
8828 4752 1630 4755 
8829 3133 3134 4683 
8830 4674 2610 4695 
8831 1772 1626 4688 
8832 2919 4673 4677 
8833 658 656 4686 
8834 4687 2615 4694 
8835 2608 2620 4685 
8836 3097 2730 4762 
8837 1610 4187 4717 
8838 1795 4625 4656 
8839 3148 4894 4900 
8840 2979 4666 4752 
8841 3347 1542 4799 
8842 2955 2929 4777 
8843 3634 3636 4701 
8844 4688 1653 4692 
8845 2615 2613 4694 
8846 415 413 4697 
8847 2242 2244 4693 
8848 2953 2641 4696 
8849 4108 2028 4691 
8850 1542 3763 4799 
8851 301 3971 5123 
8852 3531 1420 4958 
8853 4666 2017 4752 
8854 2616 3590 4704 
8855 1297 1205 4706 
8856 4694 2613 4707 
8857 4392 2615 4687 
8858 2610 2621 4695 
8859 3032 5104 5132 
8860 4335 2914 4690 
8861 4580 2963 4666 
8862 3481 4165 5135 
8863 2957 2609 4705 
8864 2239 2240 4709 
8865 4760 3084 4769 
8866 4538 3428 4780 
8867 2613 2785 4707 
8868 2731 3097 4768 
8869 2772 4337 4711 
8870 2740 2577 4795 
8871 3207 4245 4703 
8872 2541 4279 4702 
8873 2646 3168 4848 
8874 2913 3222 4699 
8875 2972 4283 4708 
8876 4678 2972 4708 
8877 4642 2772 4711 
8878 928 704 4700 
8879 2579 3115 4795 
8880 4676 1820 5016 
8881 4582 1222 4796 
8882 641 640 4792 
8883 1140 1139 4710 
8884 4695 2621 4713 
8885 3292 3291 4816 
8886 688 692 4715 
8887 3545 2586 4737 
8888 262 3827 5201 
8889 3445 3444 4886 
8890 3444 3600 4887 
8891 2967 4743 4754 
8892 4446 3102 4762 
8893 3739 4704 4717 
8894 2828 2188 4714 
8895 2031 4129 4712 
8896 1603 644 4792 
8897 918 911 4716 
8898 3600 3599 4901 
8899 2621 3219 4713 
8900 2782 4014 5098 
8901 4886 3444 4887 
8902 3700 2475 4808 
8903 3599 1942 4906 
8904 4711 4337 4746 
8905 2251 1857 4790 
8906 133 134 4719 
8907 933 919 4718 
8908 4014 2782 5095 
8909 4901 3599 4906 
8910 4321 2015 4783 
8911 3978 3975 4722 
8912 937 934 4721 
8913 4708 4283 4748 
8914 1455 1458 4784 
8915 3367 2828 4720 
8916 4648 3450 4872 
8917 2828 4714 4720 
8918 3199 3224 4736 
8919 1997 1995 4723 
8920 676 3530 4727 
8921 2878 2879 4799 
8922 1942 3640 4909 
8923 2968 4211 4789 
8924 2115 1968 4724 
8925 2689 2688 4725 
8926 3192 3199 4736 
8927 3928 4800 4824 
8928 1508 3560 4739 
8929 2650 4873 4874 
8930 1423 3514 4730 
8931 3927 3928 4817 
8932 1993 1991 4728 
8933 4107 4274 4797 
8934 659 3520 4732 
8935 2614 3739 4754 
8936 1989 1987 4731 
8937 1008 1224 4729 
8938 2879 3733 4862 
8939 4548 2381 4777 
8940 3149 2784 4735 
8941 3841 3029 4735 
8942 1248 1247 4809 
8943 1985 1983 4738 
8944 3214 4593 4689 
8945 1062 1061 4740 
8946 2171 2388 4733 
8947 4906 1942 4909 
8948 687 679 4800 
8949 2152 4201 4734 
8950 2015 4511 4783 
8951 1977 1964 4741 
8952 1818 4980 5012 
8953 4690 2914 4761 
8954 3167 3166 4816 
8955 3490 3641 4993 
8956 1981 1979 4742 
8957 2358 2649 4804 
8958 3641 464 4995 
8959 130 340 4805 
8960 3308 2614 4743 
8961 253 129 4805 
8962 1646 4746 4758 
8963 3595 3596 4829 
8964 4413 2079 4907 
8965 3496 3495 4948 
8966 3380 533 5041 
8967 2830 4582 4796 
8968 1815 4982 5017 
8969 2712 5008 5012 
8970 3591 3592 4821 
8971 4494 982 4726 
8972 4283 3146 4748 
8973 4466 3192 4736 
8974 4298 2190 4745 
8975 2942 4436 4775 
8976 4683 3134 4955 
8977 2944 2658 4821 
8978 4877 3718 4907 
8979 4272 2931 4788 
8980 4397 4153 4810 
8981 4389 2034 4747 
8982 4746 3080 4758 
8983 4993 3641 4995 
8984 1646 4404 4746 
8985 3597 3622 4836 
8986 4887 3600 4901 
8987 2973 2974 4750 
8988 3593 3594 4829 
8989 3338 4792 4822 
8990 2017 1312 4752 
8991 3492 3488 4753 
8992 4337 3080 4746 
8993 1590 1413 4751 
8994 4749 1590 4751 
8995 3623 3624 4836 
8996 3627 3156 4843 
8997 2285 3350 4878 
8998 435 1146 4819 
8999 3110 3109 4811 
9000 3032 4012 5104 
9001 433 428 4820 
9002 2957 4688 4692 
9003 2494 2967 4754 
9004 399 397 4756 
9005 4388 1590 4749 
9006 2975 2979 4755 
9007 2375 4532 4766 
9008 426 433 4825 
9009 3604 3380 5040 
9010 2539 2538 4757 
9011 4788 2647 4826 
9012 813 422 4827 
9013 672 670 4824 
9014 4780 3428 4787 
9015 2743 3019 4931 
9016 2230 4656 4785 
9017 3080 3081 4758 
9018 271 116 4823 
9019 3012 4868 4878 
9020 4710 1139 4997 
9021 4759 2780 5070 
9022 420 813 4831 
9023 3375 3604 5039 
9024 3102 2780 4759 
9025 429 416 4833 
9026 1472 1646 4760 
9027 2223 4743 4774 
9028 4704 1610 4717 
9029 3625 3626 4843 
9030 4758 3084 4760 
9031 461 3890 4847 
9032 3282 776 4932 
9033 4807 3360 4845 
9034 5039 3604 5040 
9035 3010 4991 5029 
9036 2914 3209 4761 
9037 316 108 4811 
9038 164 3776 5151 
9039 414 429 4837 
9040 355 353 4764 
9041 4601 4073 4793 
9042 2148 4051 4842 
9043 180 181 4841 
9044 814 410 4839 
9045 2655 4861 4865 
9046 4763 2142 4765 
9047 3084 3085 4769 
9048 4882 2046 4889 
9049 4368 2142 4763 
9050 4217 4721 4886 
9051 458 461 4847 
9052 2730 4446 4762 
9053 2969 4784 4835 
9054 2679 3226 4917 
9055 179 180 4852 
9056 3221 771 4945 
9057 4005 2326 5083 
9058 2979 4752 4755 
9059 408 814 4849 
9060 5085 2033 5106 
9061 3582 1475 4860 
9062 128 253 4767 
9063 3606 1639 4891 
9064 205 319 4879 
9065 2333 4000 5112 
9066 4787 2982 4791 
9067 447 404 4851 
9068 4915 1872 4925 
9069 3021 3510 5022 
9070 3385 3383 4770 
9071 4000 2333 5109 
9072 4389 4747 4772 
9073 4885 1596 4892 
9074 5040 3380 5041 
9075 2551 4772 4778 
9076 4061 4584 4786 
9077 3107 3108 4771 
9078 3039 2731 4768 
9079 389 387 4773 
9080 715 4267 4861 
9081 4891 1639 4904 
9082 2967 2968 4774 
9083 4307 1689 4769 
9084 2733 3776 5002 
9085 2663 2665 4776 
9086 4797 2984 4803 
9087 3226 2679 4921 
9088 2139 2551 4778 
9089 1639 3606 4896 
9090 4532 2954 4766 
9091 2699 3137 4930 
9092 2683 3356 4888 
9093 1605 3741 4926 
9094 1578 3247 4919 
9095 2655 2284 4868 
9096 2551 4389 4772 
9097 4769 3085 4782 
9098 4161 1879 4871 
9099 4436 1454 4775 
9100 1821 2138 4779 
9101 4656 3368 4785 
9102 639 678 4780 
9103 143 336 4870 
9104 269 142 4870 
9105 289 3088 5202 
9106 2721 2723 4911 
9107 3227 3228 4781 
9108 4932 776 4942 
9109 1146 437 4818 
9110 3368 2632 4785 
9111 3926 3360 4807 
9112 3843 4804 4808 
9113 3389 3227 4781 
9114 3844 3717 4874 
9115 2142 4609 4765 
9116 776 3282 4938 
9117 3247 1578 4920 
9118 4778 4063 4813 
9119 3768 1601 4939 
9120 1578 4919 4929 
9121 2651 4449 4850 
9122 2269 2661 4872 
9123 4628 2148 4842 
9124 2929 4548 4777 
9125 4775 1454 4784 
9126 2693 4707 4815 
9127 3998 3028 5113 
9128 4307 4769 4782 
9129 3886 4321 4783 
9130 3450 3449 4890 
9131 4799 2879 4862 
9132 4817 3928 4824 
9133 1045 4107 4803 
9134 3018 3757 4915 
9135 3928 3926 4807 
9136 3428 2983 4787 
9137 2124 4307 4782 
9138 1601 3768 4941 
9139 2991 2988 4885 
9140 2817 4639 4912 
9141 2931 2230 4788 
9142 3169 2682 4888 
9143 2673 4115 4889 
9144 1454 1455 4784 
9145 3605 3606 4891 
9146 4559 2977 4856 
9147 4968 2543 4971 
9148 3036 3086 4881 
9149 2987 2674 4891 
9150 2672 4468 4876 
9151 2313 3720 4902 
9152 4934 3470 4935 
9153 3886 4783 4794 
9154 1417 586 4900 
9155 3136 335 5114 
9156 16 17 4883 
9157 3124 3047 5148 
9158 402 447 4884 
9159 1608 400 4884 
9160 4211 1603 4789 
9161 3585 3586 4910 
9162 2046 1882 4898 
9163 443 440 4903 
9164 3355 2685 4910 
9165 4771 3108 5043 
9166 1646 4758 4760 
9167 1857 2253 4790 
9168 3518 3271 4918 
9169 2653 2969 4835 
9170 736 1639 4896 
9171 2230 4785 4788 
9172 4141 1289 4791 
9173 744 738 4896 
9174 644 641 4792 
9175 4896 3606 4916 
9176 1045 4803 4817 
9177 4721 3445 4886 
9178 398 1608 4897 
9179 3270 3269 4930 
9180 687 4807 4845 
9181 2291 2290 4893 
9182 4790 2253 4793 
9183 4893 3720 4911 
9184 439 3764 4818 
9185 735 1596 4904 
9186 4257 2530 4892 
9187 4584 2251 4786 
9188 473 394 4905 
9189 771 3221 4957 
9190 3586 2690 4918 
9191 3700 4808 4832 
9192 437 439 4818 
9193 2653 4835 4844 
9194 1540 3886 4794 
9195 2577 2579 4795 
9196 3747 1597 4961 
9197 3336 3338 4822 
9198 2362 2679 4917 
9199 3281 3282 4932 
9200 1584 1214 4908 
9201 4141 4791 4797 
9202 2661 4648 4872 
9203 3334 3336 4828 
9204 3247 2669 4919 
9205 2667 3778 4919 
9206 1609 390 4914 
9207 392 473 4914 
9208 3527 787 4966 
9209 4274 4141 4797 
9210 1222 4366 4796 
9211 2697 3221 4945 
9212 3685 3686 4969 
9213 3334 4828 4834 
9214 1540 4794 4798 
9215 3792 2670 4932 
9216 4072 1540 4798 
9217 4743 2967 4774 
9218 3336 4822 4828 
9219 1555 2477 4920 
9220 3001 3247 4923 
9221 4639 441 4912 
9222 1578 1557 4920 
9223 3004 3334 4834 
9224 2638 4723 4958 
9225 3763 2878 4799 
9226 1597 3747 4963 
9227 4796 4366 4801 
9228 287 3984 5166 
9229 3033 5102 5124 
9230 3741 2680 4928 
9231 3003 3004 4838 
9232 2647 3709 4826 
9233 4826 3709 4830 
9234 1265 4460 4899 
9235 3027 5092 5127 
9236 3291 3167 4816 
9237 679 672 4800 
9238 388 1609 4924 
9239 758 755 4926 
9240 4776 2665 5030 
9241 4189 3226 4921 
9242 753 1605 4926 
9243 833 3469 4936 
9244 4072 4798 4802 
9245 4801 2634 4804 
9246 3003 4838 4840 
9247 1571 1559 4929 
9248 2253 4601 4793 
9249 3040 4567 4881 
9250 854 4072 4802 
9251 2043 2650 4877 
9252 3004 4834 4838 
9253 516 384 4927 
9254 4366 2634 4801 
9255 3517 2653 4844 
9256 3709 1248 4830 
9257 2634 2358 4804 
9258 440 4635 4903 
9259 2407 2874 4806 
9260 129 130 4805 
9261 1865 1866 4933 
9262 752 833 4936 
9263 854 4802 4810 
9264 746 747 4934 
9265 3712 3003 4840 
9266 4899 4064 4931 
9267 2984 2985 4803 
9268 2407 4806 4812 
9269 108 109 4811 
9270 2654 4850 4854 
9271 3469 833 4937 
9272 3049 3125 5152 
9273 1247 1401 4809 
9274 2475 3843 4808 
9275 4153 854 4810 
9276 2477 4071 4935 
9277 687 4800 4807 
9278 4809 1401 4814 
9279 2654 2407 4812 
9280 3149 270 5090 
9281 2678 3712 4846 
9282 4063 2539 4813 
9283 1859 3496 4948 
9284 2999 3469 4937 
9285 3282 2687 4939 
9286 3160 3933 4842 
9287 3712 4840 4846 
9288 3766 3768 4939 
9289 3517 4844 4853 
9290 1401 1863 4814 
9291 4570 2940 4875 
9292 1601 763 4938 
9293 2640 4709 4967 
9294 761 776 4938 
9295 787 3527 4972 
9296 3044 2693 4815 
9297 3768 3767 4945 
9298 1606 4859 4865 
9299 2985 3927 4817 
9300 4977 3009 4981 
9301 3552 3553 4952 
9302 4860 1475 4866 
9303 1289 4787 4791 
9304 759 758 4942 
9305 771 767 4941 
9306 2662 2678 4855 
9307 765 1601 4941 
9308 3137 2698 4952 
9309 4856 1863 4858 
9310 2678 4846 4855 
9311 4786 2251 5036 
9312 3764 3292 4818 
9313 3000 3865 4943 
9314 4803 2985 4817 
9315 798 3528 4973 
9316 431 435 4819 
9317 4137 3000 4943 
9318 2658 3591 4821 
9319 198 3297 5170 
9320 428 431 4820 
9321 1414 1859 4948 
9322 151 347 4950 
9323 289 150 4950 
9324 431 4819 4820 
9325 4285 687 4845 
9326 382 516 4946 
9327 116 117 4823 
9328 2656 3517 4853 
9329 1607 380 4946 
9330 4549 1584 4940 
9331 3072 3074 4969 
9332 640 4029 4822 
9333 427 425 4955 
9334 3073 4969 5011 
9335 2656 4853 4863 
9336 302 4986 5134 
9337 670 1045 4824 
9338 424 426 4825 
9339 3529 3527 4966 
9340 422 424 4827 
9341 424 4825 4827 
9342 3594 3595 4829 
9343 2631 4826 4830 
9344 3746 3747 4961 
9345 4822 4029 4828 
9346 2631 4272 4826 
9347 4029 1511 4828 
9348 3553 2700 4960 
9349 3221 2692 4961 
9350 2976 2631 4830 
9351 378 1607 4954 
9352 534 376 4954 
9353 2662 4855 4860 
9354 4828 1511 4834 
9355 1597 772 4957 
9356 769 771 4957 
9357 3861 3862 4964 
9358 807 4470 4970 
9359 418 420 4831 
9360 3837 2654 4854 
9361 2519 4100 4962 
9362 2488 3918 5103 
9363 416 418 4833 
9364 4723 3531 4958 
9365 2657 3789 4965 
9366 418 4831 4833 
9367 1511 4042 4834 
9368 1458 4314 4835 
9369 3622 3623 4836 
9370 787 777 4963 
9371 774 1597 4963 
9372 3918 2488 5096 
9373 2676 2656 4863 
9374 4285 4845 4859 
9375 2676 4863 4867 
9376 3837 4854 4857 
9377 3884 3883 4968 
9378 4470 2809 4970 
9379 3058 3827 5125 
9380 2648 3837 4857 
9381 4834 4042 4838 
9382 4042 741 4838 
9383 412 414 4837 
9384 1606 4285 4859 
9385 3747 2694 4966 
9386 4835 4314 4844 
9387 2648 4857 4864 
9388 4838 741 4840 
9389 2671 2672 4894 
9390 412 4837 4839 
9391 4812 2651 4850 
9392 410 412 4839 
9393 785 787 4972 
9394 3115 3071 5089 
9395 3077 4302 5094 
9396 799 798 4973 
9397 4709 3637 4967 
9398 2977 4814 4856 
9399 3918 5096 5127 
9400 2940 2676 4867 
9401 741 4027 4840 
9402 3347 4799 4862 
9403 3816 2648 4864 
9404 2091 3977 5169 
9405 3626 3627 4843 
9406 4800 3928 4807 
9407 4859 2681 4865 
9408 4850 3748 4854 
9409 1863 4255 4858 
9410 4051 3160 4842 
9411 3360 3359 4845 
9412 3525 3008 4976 
9413 181 310 4841 
9414 4449 3748 4850 
9415 2495 4132 4975 
9416 5009 3909 5165 
9417 4840 4027 4846 
9418 4027 1512 4846 
9419 1583 458 4847 
9420 3816 4864 4869 
9421 3007 2295 4977 
9422 4000 5109 5132 
9423 2750 3020 5026 
9424 3710 3816 4869 
9425 2704 3818 4982 
9426 406 408 4849 
9427 425 4683 4955 
9428 4314 1874 4844 
9429 2315 2316 4978 
9430 3005 4856 4858 
9431 2686 3442 4980 
9432 3503 3871 4984 
9433 3871 2705 4982 
9434 3710 4869 4873 
9435 2649 4649 4832 
9436 2319 3044 4978 
9437 4846 1512 4855 
9438 4215 4749 4993 
9439 406 4849 4851 
9440 4375 2809 4974 
9441 404 406 4851 
9442 2650 3710 4873 
9443 4844 1874 4853 
9444 256 179 4852 
9445 2786 3914 5108 
9446 2809 4470 4974 
9447 4808 2649 4832 
9448 1874 4216 4853 
9449 3914 2786 5107 
9450 3359 2681 4859 
9451 3748 1574 4854 
9452 319 3287 5034 
9453 3765 2709 4984 
9454 1045 4817 4824 
9455 1512 4035 4855 
9456 1815 1040 4983 
9457 859 891 4983 
9458 3005 4559 4856 
9459 4854 1574 4857 
9460 2079 2043 4877 
9461 3148 2671 4894 
9462 103 3 5044 
9463 4853 4216 4863 
9464 4845 3359 4859 
9465 1878 2495 4981 
9466 1574 3879 4857 
9467 4490 349 5157 
9468 4267 1606 4865 
9469 263 4226 5118 
9470 891 853 4985 
9471 3041 2802 4999 
9472 2737 2342 4986 
9473 3316 3317 5003 
9474 4857 3879 4864 
9475 3006 3005 4858 
9476 2454 3002 4989 
9477 2706 3392 4992 
9478 3186 2708 4992 
9479 300 3986 5122 
9480 3 104 5044 
9481 3907 3909 5009 
9482 4127 2691 4987 
9483 3012 715 4861 
9484 4035 3582 4860 
9485 4861 2655 4868 
9486 374 534 4988 
9487 4855 4035 4860 
9488 2681 2655 4865 
9489 1746 2296 4991 
9490 3879 3728 4864 
9491 2661 2662 4866 
9492 4407 3347 4862 
9493 1865 3967 5185 
9494 812 370 4990 
9495 4216 1804 4863 
9496 4863 1804 4867 
9497 4555 4570 4875 
9498 2518 2519 4971 
9499 2779 3015 4997 
9500 1804 4161 4867 
9501 4864 3728 4869 
9502 308 175 4994 
9503 176 339 4994 
9504 3728 1575 4869 
9505 2284 2285 4868 
9506 142 143 4870 
9507 4869 1575 4873 
9508 368 812 4996 
9509 2075 1693 4998 
9510 1879 4121 4871 
9511 3761 2732 5002 
9512 2986 2696 5003 
9513 1575 3844 4873 
9514 2270 2269 4872 
9515 3717 3718 4874 
9516 2787 3784 5097 
9517 4749 3490 4993 
9518 1042 364 5000 
9519 3505 5101 5124 
9520 4555 4875 4882 
9521 113 343 5001 
9522 4325 112 5001 
9523 2270 4872 4876 
9524 2654 4812 4850 
9525 3350 2992 4878 
9526 4878 2992 4880 
9527 3317 2725 5010 
9528 158 159 5005 
9529 2992 2991 4880 
9530 4468 2270 4876 
9531 270 3149 5116 
9532 204 205 4879 
9533 2792 4676 5019 
9534 2712 2298 5008 
9535 4121 2046 4882 
9536 1618 360 5007 
9537 362 1042 5007 
9538 17 268 4883 
9539 4875 4121 4882 
9540 2988 2987 4885 
9541 3119 3120 4883 
9542 2797 4613 5021 
9543 400 402 4884 
9544 2530 4880 4892 
9545 3033 3868 5102 
9546 3019 4908 4931 
9547 4814 1863 4856 
9548 2723 4895 4911 
9549 4889 2046 4898 
9550 2003 4886 4887 
9551 2682 2683 4888 
9552 3013 2673 4889 
9553 2003 4217 4886 
9554 2804 2803 5016 
9555 3449 1417 4890 
9556 3269 2699 4930 
9557 3015 4710 4997 
9558 2091 1710 5015 
9559 3510 219 5022 
9560 2026 2966 5015 
9561 4256 2003 4887 
9562 2674 3605 4891 
9563 1596 4885 4904 
9564 237 300 5018 
9565 1818 1259 5017 
9566 220 266 5022 
9567 1131 1391 5020 
9568 2940 4871 4875 
9569 344 194 5013 
9570 195 4326 5013 
9571 3720 4893 4902 
9572 1596 4257 4892 
9573 3006 3505 5059 
9574 4567 3036 4881 
9575 4115 4555 4882 
9576 2290 3013 4893 
9577 4900 584 4903 
9578 586 584 4900 
9579 738 736 4896 
9580 2932 2291 4895 
9581 396 398 4897 
9582 2650 4874 4877 
9583 1882 2045 4898 
9584 4256 4887 4901 
9585 584 443 4903 
9586 306 3073 5138 
9587 2677 4907 4913 
9588 3013 4898 4902 
9589 2932 4895 4899 
9590 2045 2313 4902 
9591 396 4897 4905 
9592 3117 2799 5021 
9593 2677 4413 4907 
9594 2583 4901 4906 
9595 3829 324 5026 
9596 394 396 4905 
9597 3720 2721 4911 
9598 1639 735 4904 
9599 2583 4256 4901 
9600 1129 1127 5028 
9601 3463 483 5030 
9602 2688 2583 4906 
9603 4898 2045 4902 
9604 4460 2932 4899 
9605 2685 3585 4910 
9606 4676 2803 5019 
9607 16 4883 5082 
9608 4613 1391 5021 
9609 1214 1265 4908 
9610 3606 3017 4916 
9611 2691 1650 5027 
9612 3349 4326 5188 
9613 2688 4906 4909 
9614 2700 3265 4960 
9615 5005 3790 5025 
9616 3017 3016 4922 
9617 3181 322 5061 
9618 2662 4860 4866 
9619 3778 2677 4913 
9620 1391 4613 5020 
9621 4064 2743 4931 
9622 4922 3016 4925 
9623 390 392 4914 
9624 4916 3017 4922 
9625 3016 3018 4925 
9626 3757 2684 4915 
9627 2690 3518 4918 
9628 4915 2684 4917 
9629 2803 4676 5016 
9630 2684 2362 4917 
9631 4105 744 4916 
9632 333 3993 5154 
9633 266 3602 5215 
9634 2669 2667 4919 
9635 4765 2811 5004 
9636 3112 2978 5031 
9637 4913 1571 4929 
9638 2737 3983 5221 
9639 298 3151 5033 
9640 1557 1555 4920 
9641 4105 4916 4922 
9642 2670 3281 4932 
9643 1605 4189 4921 
9644 4244 3046 5031 
9645 1651 4105 4922 
9646 3470 3001 4923 
9647 3602 4576 5215 
9648 386 388 4924 
9649 1651 4922 4925 
9650 3784 2787 5110 
9651 3278 3277 5044 
9652 755 753 4926 
9653 1872 1651 4925 
9654 386 4924 4927 
9655 384 386 4927 
9656 4923 2477 4935 
9657 4634 2817 4912 
9658 2680 3792 4928 
9659 2822 4018 5072 
9660 2981 4765 5004 
9661 3025 3691 5067 
9662 1559 1578 4929 
9663 4725 2688 4909 
9664 32 33 5033 
9665 1866 2090 4933 
9666 747 750 4934 
9667 5021 1391 5028 
9668 4934 750 4936 
9669 758 4928 4942 
9670 3246 3482 5135 
9671 3767 2697 4945 
9672 4071 746 4935 
9673 3691 3025 5065 
9674 750 752 4936 
9675 2672 4890 4894 
9676 3374 3375 5036 
9677 3000 2999 4937 
9678 320 3307 5054 
9679 147 333 5035 
9680 283 146 5035 
9681 763 761 4938 
9682 2912 4940 4949 
9683 341 3129 5162 
9684 3074 3685 4969 
9685 2687 3766 4939 
9686 2182 3132 5077 
9687 483 4776 5030 
9688 2912 4549 4940 
9689 767 765 4941 
9690 776 759 4942 
9691 1809 4137 4943 
9692 1809 4943 4944 
9693 3012 4861 4868 
9694 159 160 5038 
9695 3114 2719 5037 
9696 2717 3022 5037 
9697 3078 2775 5034 
9698 4135 1809 4944 
9699 373 371 5043 
9700 258 3911 5042 
9701 380 382 4946 
9702 3574 3573 5049 
9703 3124 22 5204 
9704 4061 4786 5039 
9705 5008 3834 5012 
9706 4135 4944 4947 
9707 1645 4135 4947 
9708 3874 2912 4949 
9709 1825 1414 4948 
9710 307 3752 5225 
9711 2698 3552 4952 
9712 3752 340 5225 
9713 1645 4947 4951 
9714 150 151 4950 
9715 4130 1645 4951 
9716 4130 4951 4953 
9717 1875 4130 4953 
9718 3601 3603 5045 
9719 580 427 4955 
9720 1875 4953 4956 
9721 376 378 4954 
9722 2543 2518 4971 
9723 3252 3253 5050 
9724 4124 1875 4956 
9725 4871 4121 4875 
9726 1 6 5046 
9727 3985 3956 5046 
9728 252 1 5046 
9729 54 2 5047 
9730 2 55 5047 
9731 772 769 4957 
9732 4874 3718 4877 
9733 153 4 5048 
9734 4 154 5048 
9735 4124 4956 4959 
9736 3135 2638 4958 
9737 1792 4124 4959 
9738 3183 4682 5058 
9739 2692 3746 4961 
9740 2777 3297 5060 
9741 3508 5066 5080 
9742 31 32 5051 
9743 1792 4959 4962 
9744 343 4301 5136 
9745 3862 3884 4964 
9746 4100 1792 4962 
9747 3030 2768 5060 
9748 2710 4093 5053 
9749 777 774 4963 
9750 191 272 5014 
9751 3505 3504 5059 
9752 83 294 5061 
9753 2694 3529 4966 
9754 322 82 5061 
9755 2946 2657 4965 
9756 3691 85 5067 
9757 86 265 5067 
9758 4786 3375 5039 
9759 137 3125 5205 
9760 3138 268 5219 
9761 265 3509 5080 
9762 4880 2991 4892 
9763 361 359 5070 
9764 5119 3086 5186 
9765 2762 3181 5064 
9766 2755 2822 5072 
9767 3375 4786 5036 
9768 3025 2752 5065 
9769 3883 3882 4968 
9770 2751 3025 5068 
9771 2814 2640 4967 
9772 3984 49 5071 
9773 50 301 5071 
9774 4968 3882 4970 
9775 4297 2754 5066 
9776 91 92 5074 
9777 3882 807 4970 
9778 3507 3310 5063 
9779 3113 3587 5179 
9780 5 204 5057 
9781 798 785 4972 
9782 2883 2882 5077 
9783 3977 3974 5075 
9784 3395 2182 5077 
9785 3973 287 5075 
9786 38 39 5076 
9787 4885 2987 4904 
9788 3258 2033 5085 
9789 816 799 4973 
9790 371 4771 5043 
9791 2747 3095 5078 
9792 3047 2749 5078 
9793 3013 4889 4898 
9794 4883 3120 5082 
9795 2375 4766 5069 
9796 3313 3314 5121 
9797 816 4973 4975 
9798 4890 1417 4894 
9799 2033 3258 5088 
9800 203 5 5057 
9801 3011 4375 4974 
9802 3087 2994 5081 
9803 4132 816 4975 
9804 4343 1618 5052 
9805 2995 3049 5081 
9806 341 184 5079 
9807 185 262 5079 
9808 331 15 5082 
9809 4893 3013 4902 
9810 3008 3007 4976 
9811 2519 4964 4971 
9812 3009 1878 4981 
9813 2133 2315 5083 
9814 4258 2766 5085 
9815 2295 2309 4977 
9816 4895 2291 4911 
9817 2767 3258 5085 
9818 3151 3153 5033 
9819 2316 2319 4978 
9820 155 332 5086 
9821 4977 2309 4979 
9822 2495 4976 4981 
9823 3995 5011 5177 
9824 3908 3907 5009 
9825 4007 338 5024 
9826 2309 3045 4979 
9827 3310 4530 5063 
9828 1747 2033 5088 
9829 3818 2686 4980 
9830 3274 3273 5117 
9831 4255 2757 5101 
9832 3014 2908 5087 
9833 3059 2758 5094 
9834 4766 3384 5069 
9835 110 282 5084 
9836 3784 296 5097 
9837 270 67 5090 
9838 306 169 5089 
9839 69 304 5092 
9840 4013 4014 5093 
9841 2705 2704 4982 
9842 79 257 5102 
9843 3868 78 5102 
9844 359 4759 5070 
9845 3918 3917 5103 
9846 3916 3915 5103 
9847 269 3150 5224 
9848 2273 3023 5095 
9849 4014 314 5098 
9850 3442 2712 5012 
9851 2116 2783 5096 
9852 2488 2483 5096 
9853 2782 4076 5095 
9854 4012 60 5104 
9855 325 3783 5108 
9856 61 280 5104 
9857 3914 3913 5108 
9858 1040 859 4983 
9859 190 191 5014 
9860 2839 3054 5117 
9861 2485 2488 5105 
9862 3778 4913 4929 
9863 3997 3998 5112 
9864 4000 3999 5112 
9865 118 311 5099 
9866 2786 2490 5107 
9867 2333 2122 5109 
9868 2492 2786 5111 
9869 338 4010 5024 
9870 3028 2121 5113 
9871 4312 2759 5109 
9872 2120 2333 5113 
9873 66 270 5114 
9874 335 65 5114 
9875 3024 3034 5115 
9876 2709 3503 4984 
9877 3110 4811 5084 
9878 853 852 4985 
9879 3029 3136 5116 
9880 2342 2948 4986 
9881 2042 3598 5120 
9882 3963 3965 5053 
9883 4908 1265 4931 
9884 4985 852 4987 
9885 372 374 4988 
9886 852 4127 4987 
9887 2421 2781 5120 
9888 327 36 5119 
9889 37 267 5119 
9890 5018 3098 5194 
9891 3846 2454 4989 
9892 3904 3905 4998 
9893 3154 5009 5165 
9894 372 4988 4990 
9895 370 372 4990 
9896 2785 2522 5122 
9897 3311 3238 5136 
9898 3470 4923 4935 
9899 2714 2715 5123 
9900 4165 256 5135 
9901 2708 2706 4992 
9902 186 187 5125 
9903 2032 1746 4991 
9904 175 176 4994 
9905 4065 308 5049 
9906 4928 3792 4942 
9907 2540 4215 4993 
9908 2540 4993 4995 
9909 4980 1818 5017 
9910 3958 2090 5143 
9911 366 368 4996 
9912 2813 2540 4995 
9913 187 188 5128 
9914 3127 2779 4997 
9915 127 4767 5142 
9916 3510 3021 5193 
9917 366 4996 5000 
9918 1693 1711 4998 
9919 2696 3316 5003 
9920 2296 3846 5029 
9921 364 366 5000 
9922 3573 2740 5150 
9923 112 113 5001 
9924 3961 3963 5129 
9925 3846 5027 5029 
9926 2844 3349 5188 
9927 2806 3076 5130 
9928 1127 5023 5028 
9929 2787 4619 5110 
9930 2732 2733 5002 
9931 3901 3900 5133 
9932 4325 3070 5211 
9933 2950 3075 5134 
9934 4989 2691 5027 
9935 5154 3993 5202 
9936 4682 261 5058 
9937 4811 109 5084 
9938 168 306 5138 
9939 3995 167 5138 
9940 2703 2981 5004 
9941 332 156 5139 
9942 157 315 5139 
9943 2703 5004 5006 
9944 315 158 5005 
9945 360 362 5007 
9946 2701 2703 5006 
9947 2701 5006 5008 
9948 2298 2701 5008 
9949 2124 4782 5121 
9950 3052 4490 5157 
9951 309 126 5142 
9952 334 3205 5183 
9953 2725 2726 5010 
9954 4377 2745 5073 
9955 4767 3041 5142 
9956 3113 4235 5141 
9957 3686 3761 5011 
9958 4823 117 5099 
9959 3069 3272 5164 
9960 194 195 5013 
9961 2090 4104 5143 
9962 3834 1818 5012 
9963 3050 3540 5160 
9964 3261 3274 5014 
9965 3975 3976 5144 
9966 3505 3006 5101 
9967 1710 2026 5015 
9968 3228 2804 5016 
9969 2726 2304 5062 
9970 3079 3078 5146 
9971 1259 1815 5017 
9972 236 237 5018 
9973 1743 1745 5147 
9974 3118 2792 5019 
9975 21 22 5148 
9976 345 251 5149 
9977 1199 1131 5020 
9978 334 163 5151 
9979 137 138 5152 
9980 3149 4735 5116 
9981 3092 3122 5154 
9982 2799 2797 5021 
9983 219 220 5022 
9984 316 3328 5216 
9985 230 297 5156 
9986 105 348 5145 
9987 3471 5141 5217 
9988 3328 3038 5167 
9989 4547 3117 5023 
9990 3067 2756 5024 
9991 324 3930 5026 
9992 1650 2711 5027 
9993 1391 1129 5028 
9994 4964 3884 4971 
9995 5027 2711 5029 
9996 3259 3048 5161 
9997 4498 3053 5157 
9998 3464 3463 5030 
9999 310 182 5162 
10000 2711 3010 5029 
10001 183 341 5162 
10002 4464 4134 5155 
10003 217 293 5168 
10004 3115 5089 5227 
10005 3062 2933 5169 
10006 5136 4301 5187 
10007 3042 2736 5166 
10008 20 303 5171 
10009 286 3232 5218 
10010 277 4722 5221 
10011 3031 3043 5176 
10012 305 139 5172 
10013 1712 1743 5174 
10014 2823 3183 5058 
10015 281 197 5170 
10016 2978 4244 5031 
10017 3077 3230 5190 
10018 3971 3970 5175 
10019 3314 3315 5184 
10020 4429 2091 5169 
10021 3021 2741 5193 
10022 3898 3899 5032 
10023 210 286 5218 
10024 3085 3083 5178 
10025 4976 3007 4981 
10026 4722 3060 5221 
10027 39 40 5180 
10028 3804 2042 5197 
10029 171 264 5227 
10030 2801 3041 5189 
10031 141 269 5224 
10032 132 307 5225 
10033 340 131 5225 
10034 268 18 5219 
10035 337 4003 5191 
10036 3477 3478 5195 
10037 263 235 5194 
10038 4098 2326 5192 
10039 3243 3245 5173 
10040 4234 2750 5222 
10041 3955 3959 5198 
10042 3154 4345 5206 
10043 4087 2714 5213 
10044 3827 3239 5201 
10045 3145 3142 5197 
10046 4698 3085 5178 
10047 3142 3141 5197 
10048 3818 4980 5017 
10049 1618 5010 5052 
10050 33 298 5033 
10051 107 316 5216 
10052 4644 209 5218 
10053 319 5034 5199 
10054 348 106 5216 
10055 3898 5032 5042 
10056 2304 2738 5062 
10057 3041 4767 5189 
10058 3753 2795 5131 
10059 146 147 5035 
10060 3010 4979 5100 
10061 3930 3929 5118 
10062 2775 3051 5034 
10063 3378 3374 5036 
10064 3059 5094 5207 
10065 5115 3034 5175 
10066 5056 91 5074 
10067 3104 2808 5182 
10068 3959 3958 5143 
10069 3904 4998 5133 
10070 4991 3010 5100 
10071 3846 4989 5027 
10072 2719 2717 5037 
10073 4018 259 5072 
10074 3277 103 5044 
10075 160 279 5038 
10076 3253 4343 5052 
10077 2081 4061 5039 
10078 2081 5039 5040 
10079 5073 3026 5074 
10080 4362 2081 5040 
10081 5068 265 5080 
10082 533 373 5043 
10083 3245 3246 5223 
10084 3911 3898 5042 
10085 2745 3026 5073 
10086 3108 4362 5041 
10087 3103 3112 5156 
10088 4998 1711 5133 
10089 4362 5040 5041 
10090 3245 4841 5173 
10091 5141 3014 5217 
10092 4499 4490 5196 
10093 4986 2948 5134 
10094 3479 3574 5049 
10095 3006 4858 5101 
10096 3602 3601 5045 
10097 3929 263 5118 
10098 345 5149 5198 
10099 3069 5164 5211 
10100 6 3985 5046 
10101 3981 54 5047 
10102 55 4019 5047 
10103 3307 3252 5050 
10104 3992 153 5048 
10105 4004 4005 5083 
10106 275 3339 5055 
10107 3339 5054 5055 
10108 3339 320 5054 
10109 255 31 5051 
10110 4093 2117 5053 
10111 3874 4949 5140 
10112 5023 3117 5028 
10113 3994 334 5183 
10114 3026 3309 5056 
10115 2744 4576 5140 
10116 3111 3114 5168 
10117 261 4214 5058 
10118 3471 323 5141 
10119 3297 3296 5170 
10120 3046 3113 5179 
10121 2768 2777 5060 
10122 3504 322 5059 
10123 4498 203 5057 
10124 5063 2104 5066 
10125 82 83 5061 
10126 4576 3602 5140 
10127 4852 3245 5223 
10128 2760 2762 5064 
10129 5155 4134 5220 
10130 2752 2760 5065 
10131 2760 5064 5065 
10132 85 86 5067 
10133 4530 2104 5063 
10134 2754 2751 5068 
10135 2104 4297 5066 
10136 4302 344 5094 
10137 2781 3123 5137 
10138 906 361 5070 
10139 4490 3030 5196 
10140 275 5073 5074 
10141 3060 2737 5221 
10142 5134 3075 5180 
10143 3540 2755 5072 
10144 2780 2375 5069 
10145 49 50 5071 
10146 92 275 5074 
10147 315 5005 5025 
10148 2033 2032 5106 
10149 5014 272 5190 
10150 5010 2726 5052 
10151 3974 3973 5075 
10152 2882 3395 5077 
10153 267 38 5076 
10154 2749 2747 5078 
10155 2032 5100 5106 
10156 184 185 5079 
10157 4007 5024 5192 
10158 5009 3154 5206 
10159 3509 3508 5080 
10160 2966 4667 5212 
10161 5049 308 5208 
10162 2946 4965 5183 
10163 2994 2995 5081 
10164 15 16 5082 
10165 2823 5058 5163 
10166 4707 2785 5153 
10167 109 110 5084 
10168 204 4879 5057 
10169 2326 2133 5083 
10170 2766 2767 5085 
10171 154 155 5086 
10172 2908 2911 5087 
10173 2125 1747 5088 
10174 4767 253 5189 
10175 5083 2315 5214 
10176 5055 4377 5073 
10177 3993 289 5202 
10178 169 170 5089 
10179 67 68 5090 
10180 4019 346 5091 
10181 5090 68 5092 
10182 5091 346 5093 
10183 68 69 5092 
10184 2758 3077 5094 
10185 346 4013 5093 
10186 1916 3908 5206 
10187 5050 2726 5062 
10188 4076 2273 5095 
10189 296 3868 5097 
10190 5091 3024 5159 
10191 2483 2116 5096 
10192 314 4012 5098 
10193 117 118 5099 
10194 3917 3916 5103 
10195 78 79 5102 
10196 5110 2594 5111 
10197 60 61 5104 
10198 2487 2485 5105 
10199 3278 5044 5145 
10200 3045 4258 5106 
10201 2487 5105 5107 
10202 2490 2487 5107 
10203 3913 325 5108 
10204 3273 2839 5117 
10205 3024 5115 5159 
10206 2122 4312 5109 
10207 3999 3997 5112 
10208 2594 2492 5111 
10209 5100 3045 5106 
10210 2121 2120 5113 
10211 65 66 5114 
10212 329 3981 5115 
10213 5046 3956 5149 
10214 3776 3775 5151 
10215 4226 2695 5118 
10216 336 3144 5137 
10217 4619 2594 5110 
10218 2757 3033 5124 
10219 2795 3066 5131 
10220 3598 2421 5120 
10221 236 5018 5194 
10222 36 37 5119 
10223 3261 5014 5190 
10224 4367 2124 5121 
10225 5084 282 5164 
10226 2522 4152 5122 
10227 3035 3179 5186 
10228 5024 2756 5192 
10229 4735 3029 5116 
10230 4301 271 5187 
10231 257 3505 5124 
10232 2715 3042 5123 
10233 304 3918 5127 
10234 4543 297 5181 
10235 262 186 5125 
10236 288 4011 5126 
10237 3789 3790 5203 
10238 3829 5026 5181 
10239 4870 336 5137 
10240 4858 4255 5101 
10241 2783 3027 5127 
10242 280 4000 5132 
10243 3930 5118 5222 
10244 3085 4698 5200 
10245 255 5051 5165 
10246 188 312 5128 
10247 291 4644 5146 
10248 5058 4214 5163 
10249 3981 5047 5159 
10250 5047 4019 5159 
10251 3971 5175 5213 
10252 4782 3085 5200 
10253 3967 3961 5129 
10254 4644 3082 5146 
10255 2980 3311 5136 
10256 2808 2806 5130 
10257 3070 3069 5211 
10258 2032 4991 5100 
10259 5034 3051 5199 
10260 2117 1843 5185 
10261 2759 3032 5132 
10262 3900 3904 5133 
10263 4815 4707 5153 
10264 3761 5002 5177 
10265 331 5082 5155 
10266 2948 2950 5134 
10267 3482 3481 5135 
10268 5094 344 5207 
10269 22 23 5204 
10270 136 137 5205 
10271 5079 262 5201 
10272 3479 5049 5208 
10273 167 168 5138 
10274 297 3829 5181 
10275 156 157 5139 
10276 3123 4870 5137 
10277 3026 5056 5074 
10278 347 3992 5182 
10279 4979 3045 5100 
10280 264 4021 5150 
10281 126 127 5142 
10282 273 4815 5153 
10283 4235 3014 5141 
10284 3901 5133 5174 
10285 329 5115 5175 
10286 3437 2823 5163 
10287 4104 3068 5143 
10288 104 105 5145 
10289 2754 5068 5080 
10290 5037 3022 5184 
10291 3307 5050 5062 
10292 5121 4782 5200 
10293 3082 3079 5146 
10294 4326 281 5188 
10295 349 4498 5157 
10296 5089 170 5227 
10297 3246 5135 5223 
10298 5031 3046 5179 
10299 5048 154 5086 
10300 293 3510 5193 
10301 281 4659 5188 
10302 4795 264 5150 
10303 4722 3975 5144 
10304 275 5055 5073 
10305 310 4462 5173 
10306 1745 2125 5147 
10307 5118 2695 5222 
10308 303 21 5148 
10309 2740 4795 5150 
10310 251 252 5149 
10311 3065 3966 5220 
10312 2315 4978 5214 
10313 3104 5182 5226 
10314 163 164 5151 
10315 138 305 5152 
10316 4679 293 5193 
10317 3030 5060 5196 
10318 4134 3065 5220 
10319 4879 319 5199 
10320 3987 273 5153 
10321 3090 3092 5154 
10322 3120 4464 5155 
10323 1843 1865 5185 
10324 2980 5136 5187 
10325 229 230 5156 
10326 3053 3052 5157 
10327 3232 286 5178 
10328 5011 3761 5177 
10329 3125 3050 5160 
10330 5026 3020 5181 
10331 3048 3124 5161 
10332 182 183 5162 
10333 5144 2966 5212 
10334 3272 3110 5164 
10335 3909 255 5165 
10336 4214 342 5163 
10337 4949 2744 5140 
10338 4004 5083 5214 
10339 3437 5163 5209 
10340 3790 5038 5203 
10341 5002 274 5177 
10342 2736 3062 5166 
10343 3038 3039 5167 
10344 5044 104 5145 
10345 216 217 5168 
10346 252 5046 5149 
10347 2933 4429 5169 
10348 19 20 5171 
10349 197 198 5170 
10350 286 4698 5178 
10351 308 4994 5208 
10352 139 140 5172 
10353 4462 3243 5173 
10354 5149 3956 5198 
10355 4965 3789 5203 
10356 3053 4879 5199 
10357 1711 1712 5174 
10358 302 5134 5180 
10359 4576 3021 5215 
10360 3090 5154 5202 
10361 331 5155 5220 
10362 3349 3059 5207 
10363 3970 329 5175 
10364 3302 3031 5176 
10365 259 136 5205 
10366 23 258 5204 
10367 274 3995 5177 
10368 5163 342 5209 
10369 3587 254 5179 
10370 3083 3232 5178 
10371 4978 4003 5214 
10372 3110 5084 5164 
10373 5164 282 5211 
10374 3315 276 5184 
10375 19 5171 5219 
10376 40 302 5180 
10377 5172 140 5224 
10378 4151 3436 5209 
10379 3205 2946 5183 
10380 3223 2980 5187 
10381 3020 4543 5181 
10382 4841 310 5173 
10383 3086 3035 5186 
10384 4659 2844 5188 
10385 3436 3437 5209 
10386 3230 3261 5190 
10387 3711 2801 5189 
10388 3996 337 5191 
10389 2756 4098 5192 
10390 2741 4679 5193 
10391 235 236 5194 
10392 2883 5077 5210 
10393 3481 3477 5195 
10394 254 5031 5179 
10395 3908 5009 5206 
10396 3014 5087 5217 
10397 315 5025 5158 
10398 3141 3804 5197 
10399 4698 3313 5200 
10400 317 4499 5196 
10401 3956 3955 5198 
10402 3101 5079 5201 
10403 4667 3060 5212 
10404 3239 3101 5201 
10405 5082 3120 5155 
10406 5022 266 5215 
10407 3088 3090 5202 
10408 3051 3053 5199 
10409 344 5013 5207 
10410 276 5037 5184 
10411 295 3471 5217 
10412 3478 3479 5208 
10413 5129 2117 5185 
10414 4345 1916 5206 
10415 342 4151 5209 
10416 3966 331 5220 
10417 3034 4087 5213 
10418 4003 4004 5214 
10419 282 4325 5211 
10420 209 210 5218 
10421 279 4965 5203 
10422 106 107 5216 
10423 3983 277 5221 
10424 18 19 5219 
10425 140 141 5224 
10426 131 132 5225 
10427 170 171 5227 
10428 5025 3132 5158 
10429 2695 4234 5222 
10430 3060 4722 5212 
10431 4994 3478 5208 
10432 5130 347 5182 
10433 3021 5022 5215 
10434 5060 317 5196 
10435 5013 3349 5207 
10436 3313 5121 5200 
10437 256 4852 5223 
10438 4019 5091 5159 
10439 5133 1711 5174 
10440 5115 3981 5159 
10441 3132 5025 5210 
10442 5175 3034 5213 
10443 5135 256 5223 
10444 5048 5086 5226 
10445 5086 3104 5226 
10446 5038 279 5203 
10447 5077 3132 5210 
10448 2808 5130 5182 
10449 3967 5129 5185 
10450 5160 259 5205 
10451 258 5161 5204 
10452 3992 5048 5226 
10453 5087 295 5217 
10454 5182 3992 5226 
10455 4722 5144 5212 
10456 3125 5160 5205 
10457 5161 3124 5204 
$EndElements
