$MeshFormat
4.1 0 8
$EndMeshFormat
$PhysicalNames
2
1 1 "boundary"
2 2 "surface"
$EndPhysicalNames
$Entities
221 221 1 0
1 -0.09019607843137255 0.984251968503937 0 0 
2 -0.09803921568627451 0.984251968503937 0 0 
3 -0.1058823529411765 0.984251968503937 0 0 
4 -0.1137254901960784 0.984251968503937 0 0 
5 -0.1215686274509804 0.984251968503937 0 0 
6 -0.1294117647058824 0.984251968503937 0 0 
7 -0.1372549019607843 0.984251968503937 0 0 
8 -0.1450980392156863 0.984251968503937 0 0 
9 -0.1529411764705882 0.984251968503937 0 0 
10 -0.1607843137254902 0.984251968503937 0 0 
11 -0.1686274509803922 0.984251968503937 0 0 
12 -0.1764705882352941 0.984251968503937 0 0 
13 -0.2470588235294118 0.968503937007874 0 0 
14 -0.3019607843137255 0.952755905511811 0 0 
15 -0.3490196078431372 0.937007874015748 0 0 
16 -0.3882352941176471 0.9212598425196851 0 0 
17 -0.4823529411764706 0.8740157480314961 0 0 
18 -0.5372549019607843 0.84251968503937 0 0 
19 -0.5607843137254902 0.8267716535433071 0 0 
20 -0.5843137254901961 0.8110236220472441 0 0 
21 -0.6627450980392157 0.7480314960629921 0 0 
22 -0.6784313725490196 0.7322834645669292 0 0 
23 -0.7411764705882353 0.6692913385826772 0 0 
24 -0.7568627450980392 0.6535433070866141 0 0 
25 -0.7803921568627451 0.6220472440944882 0 0 
26 -0.803921568627451 0.5905511811023622 0 0 
27 -0.8274509803921568 0.5590551181102362 0 0 
28 -0.8588235294117647 0.5118110236220472 0 0 
29 -0.8666666666666667 0.4960629921259843 0 0 
30 -0.8980392156862745 0.4330708661417323 0 0 
31 -0.9137254901960784 0.4015748031496063 0 0 
32 -0.9215686274509803 0.3858267716535433 0 0 
33 -0.9450980392156862 0.3228346456692913 0 0 
34 -0.9607843137254902 0.2755905511811024 0 0 
35 -0.9686274509803922 0.2440944881889764 0 0 
36 -0.9764705882352941 0.2125984251968504 0 0 
37 -0.9921568627450981 0.1181102362204724 0 0 
38 -0.9921568627450981 0.1023622047244094 0 0 
39 -0.9921568627450981 0.08661417322834646 0 0 
40 -0.9921568627450981 0.07086614173228346 0 0 
41 -0.9921568627450981 0.05511811023622047 0 0 
42 -0.9921568627450981 0.03937007874015748 0 0 
43 -0.9921568627450981 0.02362204724409449 0 0 
44 -0.9921568627450981 0.007874015748031496 0 0 
45 -0.9921568627450981 -0.007874015748031496 0 0 
46 -0.9921568627450981 -0.02362204724409449 0 0 
47 -0.9921568627450981 -0.03937007874015748 0 0 
48 -0.9921568627450981 -0.05511811023622047 0 0 
49 -0.9921568627450981 -0.07086614173228346 0 0 
50 -0.9921568627450981 -0.08661417322834646 0 0 
51 -0.9921568627450981 -0.1023622047244094 0 0 
52 -0.9921568627450981 -0.1181102362204724 0 0 
53 -0.9764705882352941 -0.2125984251968504 0 0 
54 -0.9686274509803922 -0.2440944881889764 0 0 
55 -0.9607843137254902 -0.2755905511811024 0 0 
56 -0.9450980392156862 -0.3228346456692913 0 0 
57 -0.9215686274509803 -0.3858267716535433 0 0 
58 -0.9137254901960784 -0.4015748031496063 0 0 
59 -0.8980392156862745 -0.4330708661417323 0 0 
60 -0.8666666666666667 -0.4960629921259843 0 0 
61 -0.8588235294117647 -0.5118110236220472 0 0 
62 -0.8274509803921568 -0.5590551181102362 0 0 
63 -0.803921568627451 -0.5905511811023622 0 0 
64 -0.7803921568627451 -0.6220472440944882 0 0 
65 -0.7568627450980392 -0.6535433070866141 0 0 
66 -0.7411764705882353 -0.6692913385826772 0 0 
67 -0.6784313725490196 -0.7322834645669292 0 0 
68 -0.6627450980392157 -0.7480314960629921 0 0 
69 -0.5843137254901961 -0.8110236220472441 0 0 
70 -0.5607843137254902 -0.8267716535433071 0 0 
71 -0.5372549019607843 -0.84251968503937 0 0 
72 -0.4823529411764706 -0.8740157480314961 0 0 
73 -0.3882352941176471 -0.9212598425196851 0 0 
74 -0.3490196078431372 -0.937007874015748 0 0 
75 -0.3019607843137255 -0.952755905511811 0 0 
76 -0.2470588235294118 -0.968503937007874 0 0 
77 -0.1764705882352941 -0.984251968503937 0 0 
78 -0.1686274509803922 -0.984251968503937 0 0 
79 -0.1607843137254902 -0.984251968503937 0 0 
80 -0.1529411764705882 -0.984251968503937 0 0 
81 -0.1450980392156863 -0.984251968503937 0 0 
82 -0.1372549019607843 -0.984251968503937 0 0 
83 -0.1294117647058824 -0.984251968503937 0 0 
84 -0.1215686274509804 -0.984251968503937 0 0 
85 -0.1137254901960784 -0.984251968503937 0 0 
86 -0.1058823529411765 -0.984251968503937 0 0 
87 -0.09803921568627451 -0.984251968503937 0 0 
88 -0.09019607843137255 -0.984251968503937 0 0 
89 -0.08235294117647059 -0.984251968503937 0 0 
90 -0.07450980392156863 -0.984251968503937 0 0 
91 -0.06666666666666667 -0.984251968503937 0 0 
92 -0.05882352941176471 -0.984251968503937 0 0 
93 -0.05098039215686274 -0.984251968503937 0 0 
94 -0.04313725490196078 -0.984251968503937 0 0 
95 -0.03529411764705882 -0.984251968503937 0 0 
96 -0.02745098039215686 -0.984251968503937 0 0 
97 -0.0196078431372549 -0.984251968503937 0 0 
98 -0.01176470588235294 -0.984251968503937 0 0 
99 -0.00392156862745098 -0.984251968503937 0 0 
100 0.00392156862745098 -0.984251968503937 0 0 
101 0.01176470588235294 -0.984251968503937 0 0 
102 0.0196078431372549 -0.984251968503937 0 0 
103 0.02745098039215686 -0.984251968503937 0 0 
104 0.03529411764705882 -0.984251968503937 0 0 
105 0.04313725490196078 -0.984251968503937 0 0 
106 0.05098039215686274 -0.984251968503937 0 0 
107 0.05882352941176471 -0.984251968503937 0 0 
108 0.06666666666666667 -0.984251968503937 0 0 
109 0.07450980392156863 -0.984251968503937 0 0 
110 0.08235294117647059 -0.984251968503937 0 0 
111 0.09019607843137255 -0.984251968503937 0 0 
112 0.09803921568627451 -0.984251968503937 0 0 
113 0.1058823529411765 -0.984251968503937 0 0 
114 0.1137254901960784 -0.984251968503937 0 0 
115 0.1215686274509804 -0.984251968503937 0 0 
116 0.1294117647058824 -0.984251968503937 0 0 
117 0.1372549019607843 -0.984251968503937 0 0 
118 0.1450980392156863 -0.984251968503937 0 0 
119 0.1529411764705882 -0.984251968503937 0 0 
120 0.1607843137254902 -0.984251968503937 0 0 
121 0.1686274509803922 -0.984251968503937 0 0 
122 0.1764705882352941 -0.984251968503937 0 0 
123 0.2470588235294118 -0.968503937007874 0 0 
124 0.3019607843137255 -0.952755905511811 0 0 
125 0.3490196078431372 -0.937007874015748 0 0 
126 0.3882352941176471 -0.9212598425196851 0 0 
127 0.4823529411764706 -0.8740157480314961 0 0 
128 0.5372549019607843 -0.84251968503937 0 0 
129 0.5607843137254902 -0.8267716535433071 0 0 
130 0.5843137254901961 -0.8110236220472441 0 0 
131 0.6627450980392157 -0.7480314960629921 0 0 
132 0.6784313725490196 -0.7322834645669292 0 0 
133 0.7411764705882353 -0.6692913385826772 0 0 
134 0.7568627450980392 -0.6535433070866141 0 0 
135 0.7803921568627451 -0.6220472440944882 0 0 
136 0.803921568627451 -0.5905511811023622 0 0 
137 0.8274509803921568 -0.5590551181102362 0 0 
138 0.8588235294117647 -0.5118110236220472 0 0 
139 0.8666666666666667 -0.4960629921259843 0 0 
140 0.8980392156862745 -0.4330708661417323 0 0 
141 0.9137254901960784 -0.4015748031496063 0 0 
142 0.9215686274509803 -0.3858267716535433 0 0 
143 0.9450980392156862 -0.3228346456692913 0 0 
144 0.9607843137254902 -0.2755905511811024 0 0 
145 0.9686274509803922 -0.2440944881889764 0 0 
146 0.9764705882352941 -0.2125984251968504 0 0 
147 0.9921568627450981 -0.1181102362204724 0 0 
148 0.9921568627450981 -0.1023622047244094 0 0 
149 0.9921568627450981 -0.08661417322834646 0 0 
150 0.9921568627450981 -0.07086614173228346 0 0 
151 0.9921568627450981 -0.05511811023622047 0 0 
152 0.9921568627450981 -0.03937007874015748 0 0 
153 0.9921568627450981 -0.02362204724409449 0 0 
154 0.9921568627450981 -0.007874015748031496 0 0 
155 0.9921568627450981 0.007874015748031496 0 0 
156 0.9921568627450981 0.02362204724409449 0 0 
157 0.9921568627450981 0.03937007874015748 0 0 
158 0.9921568627450981 0.05511811023622047 0 0 
159 0.9921568627450981 0.07086614173228346 0 0 
160 0.9921568627450981 0.08661417322834646 0 0 
161 0.9921568627450981 0.1023622047244094 0 0 
162 0.9921568627450981 0.1181102362204724 0 0 
163 0.9764705882352941 0.2125984251968504 0 0 
164 0.9686274509803922 0.2440944881889764 0 0 
165 0.9607843137254902 0.2755905511811024 0 0 
166 0.9450980392156862 0.3228346456692913 0 0 
167 0.9215686274509803 0.3858267716535433 0 0 
168 0.9137254901960784 0.4015748031496063 0 0 
169 0.8980392156862745 0.4330708661417323 0 0 
170 0.8666666666666667 0.4960629921259843 0 0 
171 0.8588235294117647 0.5118110236220472 0 0 
172 0.8274509803921568 0.5590551181102362 0 0 
173 0.803921568627451 0.5905511811023622 0 0 
174 0.7803921568627451 0.6220472440944882 0 0 
175 0.7568627450980392 0.6535433070866141 0 0 
176 0.7411764705882353 0.6692913385826772 0 0 
177 0.6784313725490196 0.7322834645669292 0 0 
178 0.6627450980392157 0.7480314960629921 0 0 
179 0.5843137254901961 0.8110236220472441 0 0 
180 0.5607843137254902 0.8267716535433071 0 0 
181 0.5372549019607843 0.84251968503937 0 0 
182 0.4823529411764706 0.8740157480314961 0 0 
183 0.3882352941176471 0.9212598425196851 0 0 
184 0.3490196078431372 0.937007874015748 0 0 
185 0.3019607843137255 0.952755905511811 0 0 
186 0.2470588235294118 0.968503937007874 0 0 
187 0.1764705882352941 0.984251968503937 0 0 
188 0.1686274509803922 0.984251968503937 0 0 
189 0.1607843137254902 0.984251968503937 0 0 
190 0.1529411764705882 0.984251968503937 0 0 
191 0.1450980392156863 0.984251968503937 0 0 
192 0.1372549019607843 0.984251968503937 0 0 
193 0.1294117647058824 0.984251968503937 0 0 
194 0.1215686274509804 0.984251968503937 0 0 
195 0.1137254901960784 0.984251968503937 0 0 
196 0.1058823529411765 0.984251968503937 0 0 
197 0.09803921568627451 0.984251968503937 0 0 
198 0.09019607843137255 0.984251968503937 0 0 
199 0.08235294117647059 0.984251968503937 0 0 
200 0.07450980392156863 0.984251968503937 0 0 
201 0.06666666666666667 0.984251968503937 0 0 
202 0.05882352941176471 0.984251968503937 0 0 
203 0.05098039215686274 0.984251968503937 0 0 
204 0.04313725490196078 0.984251968503937 0 0 
205 0.03529411764705882 0.984251968503937 0 0 
206 0.02745098039215686 0.984251968503937 0 0 
207 0.0196078431372549 0.984251968503937 0 0 
208 0.01176470588235294 0.984251968503937 0 0 
209 0.00392156862745098 0.984251968503937 0 0 
210 -0.00392156862745098 0.984251968503937 0 0 
211 -0.01176470588235294 0.984251968503937 0 0 
212 -0.0196078431372549 0.984251968503937 0 0 
213 -0.02745098039215686 0.984251968503937 0 0 
214 -0.03529411764705882 0.984251968503937 0 0 
215 -0.04313725490196078 0.984251968503937 0 0 
216 -0.05098039215686274 0.984251968503937 0 0 
217 -0.05882352941176471 0.984251968503937 0 0 
218 -0.06666666666666667 0.984251968503937 0 0 
219 -0.07450980392156863 0.984251968503937 0 0 
220 -0.08235294117647059 0.984251968503937 0 0 
221 -0.09019607843137255 0.984251968503937 0 0 
1 -0.09803931568627451 0.9842518685039371 -1e-07 -0.09019597843137254 0.984252068503937 1e-07 1 1 2 1 -2 
2 -0.1058824529411765 0.9842518685039371 -1e-07 -0.09803911568627451 0.984252068503937 1e-07 1 1 2 2 -3 
3 -0.1137255901960784 0.9842518685039371 -1e-07 -0.1058822529411765 0.984252068503937 1e-07 1 1 2 3 -4 
4 -0.1215687274509804 0.9842518685039371 -1e-07 -0.1137253901960784 0.984252068503937 1e-07 1 1 2 4 -5 
5 -0.1294118647058824 0.9842518685039371 -1e-07 -0.1215685274509804 0.984252068503937 1e-07 1 1 2 5 -6 
6 -0.1372550019607843 0.9842518685039371 -1e-07 -0.1294116647058824 0.984252068503937 1e-07 1 1 2 6 -7 
7 -0.1450981392156863 0.9842518685039371 -1e-07 -0.1372548019607843 0.984252068503937 1e-07 1 1 2 7 -8 
8 -0.1529412764705882 0.9842518685039371 -1e-07 -0.1450979392156863 0.984252068503937 1e-07 1 1 2 8 -9 
9 -0.1607844137254902 0.9842518685039371 -1e-07 -0.1529410764705882 0.984252068503937 1e-07 1 1 2 9 -10 
10 -0.1686275509803922 0.9842518685039371 -1e-07 -0.1607842137254902 0.984252068503937 1e-07 1 1 2 10 -11 
11 -0.1764706882352941 0.9842518685039371 -1e-07 -0.1686273509803922 0.984252068503937 1e-07 1 1 2 11 -12 
12 -0.2470589235294118 0.968503837007874 -1e-07 -0.1764704882352941 0.984252068503937 1e-07 1 1 2 12 -13 
13 -0.3019608843137255 0.952755805511811 -1e-07 -0.2470587235294118 0.9685040370078739 1e-07 1 1 2 13 -14 
14 -0.3490197078431372 0.9370077740157481 -1e-07 -0.3019606843137255 0.9527560055118109 1e-07 1 1 2 14 -15 
15 -0.3882353941176471 0.9212597425196851 -1e-07 -0.3490195078431372 0.937007974015748 1e-07 1 1 2 15 -16 
16 -0.4823530411764706 0.8740156480314961 -1e-07 -0.3882351941176471 0.921259942519685 1e-07 1 1 2 16 -17 
17 -0.5372550019607842 0.8425195850393701 -1e-07 -0.4823528411764706 0.874015848031496 1e-07 1 1 2 17 -18 
18 -0.5607844137254901 0.8267715535433071 -1e-07 -0.5372548019607843 0.84251978503937 1e-07 1 1 2 18 -19 
19 -0.5843138254901961 0.8110235220472441 -1e-07 -0.5607842137254903 0.826771753543307 1e-07 1 1 2 19 -20 
20 -0.6627451980392156 0.7480313960629922 -1e-07 -0.5843136254901962 0.811023722047244 1e-07 1 1 2 20 -21 
21 -0.6784314725490196 0.7322833645669292 -1e-07 -0.6627449980392157 0.7480315960629921 1e-07 1 1 2 21 -22 
22 -0.7411765705882353 0.6692912385826773 -1e-07 -0.6784312725490197 0.7322835645669291 1e-07 1 1 2 22 -23 
23 -0.7568628450980391 0.6535432070866142 -1e-07 -0.7411763705882354 0.6692914385826771 1e-07 1 1 2 23 -24 
24 -0.780392256862745 0.6220471440944882 -1e-07 -0.7568626450980392 0.6535434070866141 1e-07 1 1 2 24 -25 
25 -0.803921668627451 0.5905510811023622 -1e-07 -0.7803920568627452 0.6220473440944881 1e-07 1 1 2 25 -26 
26 -0.8274510803921568 0.5590550181102363 -1e-07 -0.8039214686274511 0.5905512811023621 1e-07 1 1 2 26 -27 
27 -0.8588236294117646 0.5118109236220473 -1e-07 -0.8274508803921569 0.5590552181102362 1e-07 1 1 2 27 -28 
28 -0.8666667666666666 0.4960628921259843 -1e-07 -0.8588234294117647 0.5118111236220472 1e-07 1 1 2 28 -29 
29 -0.8980393156862745 0.4330707661417323 -1e-07 -0.8666665666666667 0.4960630921259843 1e-07 1 1 2 29 -30 
30 -0.9137255901960784 0.4015747031496063 -1e-07 -0.8980391156862746 0.4330709661417323 1e-07 1 1 2 30 -31 
31 -0.9215687274509803 0.3858266716535433 -1e-07 -0.9137253901960785 0.4015749031496063 1e-07 1 1 2 31 -32 
32 -0.9450981392156862 0.3228345456692913 -1e-07 -0.9215685274509804 0.3858268716535433 1e-07 1 1 2 32 -33 
33 -0.9607844137254902 0.2755904511811024 -1e-07 -0.9450979392156863 0.3228347456692913 1e-07 1 1 2 33 -34 
34 -0.9686275509803921 0.2440943881889764 -1e-07 -0.9607842137254903 0.2755906511811024 1e-07 1 1 2 34 -35 
35 -0.976470688235294 0.2125983251968504 -1e-07 -0.9686273509803922 0.2440945881889764 1e-07 1 1 2 35 -36 
36 -0.992156962745098 0.1181101362204724 -1e-07 -0.9764704882352941 0.2125985251968504 1e-07 1 1 2 36 -37 
37 -0.992156962745098 0.1023621047244094 -1e-07 -0.9921567627450981 0.1181103362204724 1e-07 1 1 2 37 -38 
38 -0.992156962745098 0.08661407322834645 -1e-07 -0.9921567627450981 0.1023623047244095 1e-07 1 1 2 38 -39 
39 -0.992156962745098 0.07086604173228346 -1e-07 -0.9921567627450981 0.08661427322834646 1e-07 1 1 2 39 -40 
40 -0.992156962745098 0.05511801023622047 -1e-07 -0.9921567627450981 0.07086624173228347 1e-07 1 1 2 40 -41 
41 -0.992156962745098 0.03936997874015748 -1e-07 -0.9921567627450981 0.05511821023622047 1e-07 1 1 2 41 -42 
42 -0.992156962745098 0.02362194724409449 -1e-07 -0.9921567627450981 0.03937017874015748 1e-07 1 1 2 42 -43 
43 -0.992156962745098 0.007873915748031497 -1e-07 -0.9921567627450981 0.02362214724409449 1e-07 1 1 2 43 -44 
44 -0.992156962745098 -0.007874115748031495 -1e-07 -0.9921567627450981 0.007874115748031495 1e-07 1 1 2 44 -45 
45 -0.992156962745098 -0.02362214724409449 -1e-07 -0.9921567627450981 -0.007873915748031497 1e-07 1 1 2 45 -46 
46 -0.992156962745098 -0.03937017874015748 -1e-07 -0.9921567627450981 -0.02362194724409449 1e-07 1 1 2 46 -47 
47 -0.992156962745098 -0.05511821023622047 -1e-07 -0.9921567627450981 -0.03936997874015748 1e-07 1 1 2 47 -48 
48 -0.992156962745098 -0.07086624173228347 -1e-07 -0.9921567627450981 -0.05511801023622047 1e-07 1 1 2 48 -49 
49 -0.992156962745098 -0.08661427322834646 -1e-07 -0.9921567627450981 -0.07086604173228346 1e-07 1 1 2 49 -50 
50 -0.992156962745098 -0.1023623047244095 -1e-07 -0.9921567627450981 -0.08661407322834645 1e-07 1 1 2 50 -51 
51 -0.992156962745098 -0.1181103362204724 -1e-07 -0.9921567627450981 -0.1023621047244094 1e-07 1 1 2 51 -52 
52 -0.992156962745098 -0.2125985251968504 -1e-07 -0.9764704882352941 -0.1181101362204724 1e-07 1 1 2 52 -53 
53 -0.976470688235294 -0.2440945881889764 -1e-07 -0.9686273509803922 -0.2125983251968504 1e-07 1 1 2 53 -54 
54 -0.9686275509803921 -0.2755906511811024 -1e-07 -0.9607842137254903 -0.2440943881889764 1e-07 1 1 2 54 -55 
55 -0.9607844137254902 -0.3228347456692913 -1e-07 -0.9450979392156863 -0.2755904511811024 1e-07 1 1 2 55 -56 
56 -0.9450981392156862 -0.3858268716535433 -1e-07 -0.9215685274509804 -0.3228345456692913 1e-07 1 1 2 56 -57 
57 -0.9215687274509803 -0.4015749031496063 -1e-07 -0.9137253901960785 -0.3858266716535433 1e-07 1 1 2 57 -58 
58 -0.9137255901960784 -0.4330709661417323 -1e-07 -0.8980391156862746 -0.4015747031496063 1e-07 1 1 2 58 -59 
59 -0.8980393156862745 -0.4960630921259843 -1e-07 -0.8666665666666667 -0.4330707661417323 1e-07 1 1 2 59 -60 
60 -0.8666667666666666 -0.5118111236220472 -1e-07 -0.8588234294117647 -0.4960628921259843 1e-07 1 1 2 60 -61 
61 -0.8588236294117646 -0.5590552181102362 -1e-07 -0.8274508803921569 -0.5118109236220473 1e-07 1 1 2 61 -62 
62 -0.8274510803921568 -0.5905512811023621 -1e-07 -0.8039214686274511 -0.5590550181102363 1e-07 1 1 2 62 -63 
63 -0.803921668627451 -0.6220473440944881 -1e-07 -0.7803920568627452 -0.5905510811023622 1e-07 1 1 2 63 -64 
64 -0.780392256862745 -0.6535434070866141 -1e-07 -0.7568626450980392 -0.6220471440944882 1e-07 1 1 2 64 -65 
65 -0.7568628450980391 -0.6692914385826771 -1e-07 -0.7411763705882354 -0.6535432070866142 1e-07 1 1 2 65 -66 
66 -0.7411765705882353 -0.7322835645669291 -1e-07 -0.6784312725490197 -0.6692912385826773 1e-07 1 1 2 66 -67 
67 -0.6784314725490196 -0.7480315960629921 -1e-07 -0.6627449980392157 -0.7322833645669292 1e-07 1 1 2 67 -68 
68 -0.6627451980392156 -0.811023722047244 -1e-07 -0.5843136254901962 -0.7480313960629922 1e-07 1 1 2 68 -69 
69 -0.5843138254901961 -0.826771753543307 -1e-07 -0.5607842137254903 -0.8110235220472441 1e-07 1 1 2 69 -70 
70 -0.5607844137254901 -0.84251978503937 -1e-07 -0.5372548019607843 -0.8267715535433071 1e-07 1 1 2 70 -71 
71 -0.5372550019607842 -0.874015848031496 -1e-07 -0.4823528411764706 -0.8425195850393701 1e-07 1 1 2 71 -72 
72 -0.4823530411764706 -0.921259942519685 -1e-07 -0.3882351941176471 -0.8740156480314961 1e-07 1 1 2 72 -73 
73 -0.3882353941176471 -0.937007974015748 -1e-07 -0.3490195078431372 -0.9212597425196851 1e-07 1 1 2 73 -74 
74 -0.3490197078431372 -0.9527560055118109 -1e-07 -0.3019606843137255 -0.9370077740157481 1e-07 1 1 2 74 -75 
75 -0.3019608843137255 -0.9685040370078739 -1e-07 -0.2470587235294118 -0.952755805511811 1e-07 1 1 2 75 -76 
76 -0.2470589235294118 -0.984252068503937 -1e-07 -0.1764704882352941 -0.968503837007874 1e-07 1 1 2 76 -77 
77 -0.1764706882352941 -0.984252068503937 -1e-07 -0.1686273509803922 -0.9842518685039371 1e-07 1 1 2 77 -78 
78 -0.1686275509803922 -0.984252068503937 -1e-07 -0.1607842137254902 -0.9842518685039371 1e-07 1 1 2 78 -79 
79 -0.1607844137254902 -0.984252068503937 -1e-07 -0.1529410764705882 -0.9842518685039371 1e-07 1 1 2 79 -80 
80 -0.1529412764705882 -0.984252068503937 -1e-07 -0.1450979392156863 -0.9842518685039371 1e-07 1 1 2 80 -81 
81 -0.1450981392156863 -0.984252068503937 -1e-07 -0.1372548019607843 -0.9842518685039371 1e-07 1 1 2 81 -82 
82 -0.1372550019607843 -0.984252068503937 -1e-07 -0.1294116647058824 -0.9842518685039371 1e-07 1 1 2 82 -83 
83 -0.1294118647058824 -0.984252068503937 -1e-07 -0.1215685274509804 -0.9842518685039371 1e-07 1 1 2 83 -84 
84 -0.1215687274509804 -0.984252068503937 -1e-07 -0.1137253901960784 -0.9842518685039371 1e-07 1 1 2 84 -85 
85 -0.1137255901960784 -0.984252068503937 -1e-07 -0.1058822529411765 -0.9842518685039371 1e-07 1 1 2 85 -86 
86 -0.1058824529411765 -0.984252068503937 -1e-07 -0.09803911568627451 -0.9842518685039371 1e-07 1 1 2 86 -87 
87 -0.09803931568627451 -0.984252068503937 -1e-07 -0.09019597843137254 -0.9842518685039371 1e-07 1 1 2 87 -88 
88 -0.09019617843137255 -0.984252068503937 -1e-07 -0.08235284117647058 -0.9842518685039371 1e-07 1 1 2 88 -89 
89 -0.08235304117647059 -0.984252068503937 -1e-07 -0.07450970392156862 -0.9842518685039371 1e-07 1 1 2 89 -90 
90 -0.07450990392156863 -0.984252068503937 -1e-07 -0.06666656666666666 -0.9842518685039371 1e-07 1 1 2 90 -91 
91 -0.06666676666666667 -0.984252068503937 -1e-07 -0.0588234294117647 -0.9842518685039371 1e-07 1 1 2 91 -92 
92 -0.05882362941176471 -0.984252068503937 -1e-07 -0.05098029215686274 -0.9842518685039371 1e-07 1 1 2 92 -93 
93 -0.05098049215686275 -0.984252068503937 -1e-07 -0.04313715490196078 -0.9842518685039371 1e-07 1 1 2 93 -94 
94 -0.04313735490196079 -0.984252068503937 -1e-07 -0.03529401764705882 -0.9842518685039371 1e-07 1 1 2 94 -95 
95 -0.03529421764705883 -0.984252068503937 -1e-07 -0.02745088039215686 -0.9842518685039371 1e-07 1 1 2 95 -96 
96 -0.02745108039215686 -0.984252068503937 -1e-07 -0.0196077431372549 -0.9842518685039371 1e-07 1 1 2 96 -97 
97 -0.0196079431372549 -0.984252068503937 -1e-07 -0.01176460588235294 -0.9842518685039371 1e-07 1 1 2 97 -98 
98 -0.01176480588235294 -0.984252068503937 -1e-07 -0.00392146862745098 -0.9842518685039371 1e-07 1 1 2 98 -99 
99 -0.003921668627450981 -0.984252068503937 -1e-07 0.003921668627450981 -0.9842518685039371 1e-07 1 1 2 99 -100 
100 0.00392146862745098 -0.984252068503937 -1e-07 0.01176480588235294 -0.9842518685039371 1e-07 1 1 2 100 -101 
101 0.01176460588235294 -0.984252068503937 -1e-07 0.0196079431372549 -0.9842518685039371 1e-07 1 1 2 101 -102 
102 0.0196077431372549 -0.984252068503937 -1e-07 0.02745108039215686 -0.9842518685039371 1e-07 1 1 2 102 -103 
103 0.02745088039215686 -0.984252068503937 -1e-07 0.03529421764705883 -0.9842518685039371 1e-07 1 1 2 103 -104 
104 0.03529401764705882 -0.984252068503937 -1e-07 0.04313735490196079 -0.9842518685039371 1e-07 1 1 2 104 -105 
105 0.04313715490196078 -0.984252068503937 -1e-07 0.05098049215686275 -0.9842518685039371 1e-07 1 1 2 105 -106 
106 0.05098029215686274 -0.984252068503937 -1e-07 0.05882362941176471 -0.9842518685039371 1e-07 1 1 2 106 -107 
107 0.0588234294117647 -0.984252068503937 -1e-07 0.06666676666666667 -0.9842518685039371 1e-07 1 1 2 107 -108 
108 0.06666656666666666 -0.984252068503937 -1e-07 0.07450990392156863 -0.9842518685039371 1e-07 1 1 2 108 -109 
109 0.07450970392156862 -0.984252068503937 -1e-07 0.08235304117647059 -0.9842518685039371 1e-07 1 1 2 109 -110 
110 0.08235284117647058 -0.984252068503937 -1e-07 0.09019617843137255 -0.9842518685039371 1e-07 1 1 2 110 -111 
111 0.09019597843137254 -0.984252068503937 -1e-07 0.09803931568627451 -0.9842518685039371 1e-07 1 1 2 111 -112 
112 0.09803911568627451 -0.984252068503937 -1e-07 0.1058824529411765 -0.9842518685039371 1e-07 1 1 2 112 -113 
113 0.1058822529411765 -0.984252068503937 -1e-07 0.1137255901960784 -0.9842518685039371 1e-07 1 1 2 113 -114 
114 0.1137253901960784 -0.984252068503937 -1e-07 0.1215687274509804 -0.9842518685039371 1e-07 1 1 2 114 -115 
115 0.1215685274509804 -0.984252068503937 -1e-07 0.1294118647058824 -0.9842518685039371 1e-07 1 1 2 115 -116 
116 0.1294116647058824 -0.984252068503937 -1e-07 0.1372550019607843 -0.9842518685039371 1e-07 1 1 2 116 -117 
117 0.1372548019607843 -0.984252068503937 -1e-07 0.1450981392156863 -0.9842518685039371 1e-07 1 1 2 117 -118 
118 0.1450979392156863 -0.984252068503937 -1e-07 0.1529412764705882 -0.9842518685039371 1e-07 1 1 2 118 -119 
119 0.1529410764705882 -0.984252068503937 -1e-07 0.1607844137254902 -0.9842518685039371 1e-07 1 1 2 119 -120 
120 0.1607842137254902 -0.984252068503937 -1e-07 0.1686275509803922 -0.9842518685039371 1e-07 1 1 2 120 -121 
121 0.1686273509803922 -0.984252068503937 -1e-07 0.1764706882352941 -0.9842518685039371 1e-07 1 1 2 121 -122 
122 0.1764704882352941 -0.984252068503937 -1e-07 0.2470589235294118 -0.968503837007874 1e-07 1 1 2 122 -123 
123 0.2470587235294118 -0.9685040370078739 -1e-07 0.3019608843137255 -0.952755805511811 1e-07 1 1 2 123 -124 
124 0.3019606843137255 -0.9527560055118109 -1e-07 0.3490197078431372 -0.9370077740157481 1e-07 1 1 2 124 -125 
125 0.3490195078431372 -0.937007974015748 -1e-07 0.3882353941176471 -0.9212597425196851 1e-07 1 1 2 125 -126 
126 0.3882351941176471 -0.921259942519685 -1e-07 0.4823530411764706 -0.8740156480314961 1e-07 1 1 2 126 -127 
127 0.4823528411764706 -0.874015848031496 -1e-07 0.5372550019607842 -0.8425195850393701 1e-07 1 1 2 127 -128 
128 0.5372548019607843 -0.84251978503937 -1e-07 0.5607844137254901 -0.8267715535433071 1e-07 1 1 2 128 -129 
129 0.5607842137254903 -0.826771753543307 -1e-07 0.5843138254901961 -0.8110235220472441 1e-07 1 1 2 129 -130 
130 0.5843136254901962 -0.811023722047244 -1e-07 0.6627451980392156 -0.7480313960629922 1e-07 1 1 2 130 -131 
131 0.6627449980392157 -0.7480315960629921 -1e-07 0.6784314725490196 -0.7322833645669292 1e-07 1 1 2 131 -132 
132 0.6784312725490197 -0.7322835645669291 -1e-07 0.7411765705882353 -0.6692912385826773 1e-07 1 1 2 132 -133 
133 0.7411763705882354 -0.6692914385826771 -1e-07 0.7568628450980391 -0.6535432070866142 1e-07 1 1 2 133 -134 
134 0.7568626450980392 -0.6535434070866141 -1e-07 0.780392256862745 -0.6220471440944882 1e-07 1 1 2 134 -135 
135 0.7803920568627452 -0.6220473440944881 -1e-07 0.803921668627451 -0.5905510811023622 1e-07 1 1 2 135 -136 
136 0.8039214686274511 -0.5905512811023621 -1e-07 0.8274510803921568 -0.5590550181102363 1e-07 1 1 2 136 -137 
137 0.8274508803921569 -0.5590552181102362 -1e-07 0.8588236294117646 -0.5118109236220473 1e-07 1 1 2 137 -138 
138 0.8588234294117647 -0.5118111236220472 -1e-07 0.8666667666666666 -0.4960628921259843 1e-07 1 1 2 138 -139 
139 0.8666665666666667 -0.4960630921259843 -1e-07 0.8980393156862745 -0.4330707661417323 1e-07 1 1 2 139 -140 
140 0.8980391156862746 -0.4330709661417323 -1e-07 0.9137255901960784 -0.4015747031496063 1e-07 1 1 2 140 -141 
141 0.9137253901960785 -0.4015749031496063 -1e-07 0.9215687274509803 -0.3858266716535433 1e-07 1 1 2 141 -142 
142 0.9215685274509804 -0.3858268716535433 -1e-07 0.9450981392156862 -0.3228345456692913 1e-07 1 1 2 142 -143 
143 0.9450979392156863 -0.3228347456692913 -1e-07 0.9607844137254902 -0.2755904511811024 1e-07 1 1 2 143 -144 
144 0.9607842137254903 -0.2755906511811024 -1e-07 0.9686275509803921 -0.2440943881889764 1e-07 1 1 2 144 -145 
145 0.9686273509803922 -0.2440945881889764 -1e-07 0.976470688235294 -0.2125983251968504 1e-07 1 1 2 145 -146 
146 0.9764704882352941 -0.2125985251968504 -1e-07 0.992156962745098 -0.1181101362204724 1e-07 1 1 2 146 -147 
147 0.9921567627450981 -0.1181103362204724 -1e-07 0.992156962745098 -0.1023621047244094 1e-07 1 1 2 147 -148 
148 0.9921567627450981 -0.1023623047244095 -1e-07 0.992156962745098 -0.08661407322834645 1e-07 1 1 2 148 -149 
149 0.9921567627450981 -0.08661427322834646 -1e-07 0.992156962745098 -0.07086604173228346 1e-07 1 1 2 149 -150 
150 0.9921567627450981 -0.07086624173228347 -1e-07 0.992156962745098 -0.05511801023622047 1e-07 1 1 2 150 -151 
151 0.9921567627450981 -0.05511821023622047 -1e-07 0.992156962745098 -0.03936997874015748 1e-07 1 1 2 151 -152 
152 0.9921567627450981 -0.03937017874015748 -1e-07 0.992156962745098 -0.02362194724409449 1e-07 1 1 2 152 -153 
153 0.9921567627450981 -0.02362214724409449 -1e-07 0.992156962745098 -0.007873915748031497 1e-07 1 1 2 153 -154 
154 0.9921567627450981 -0.007874115748031495 -1e-07 0.992156962745098 0.007874115748031495 1e-07 1 1 2 154 -155 
155 0.9921567627450981 0.007873915748031497 -1e-07 0.992156962745098 0.02362214724409449 1e-07 1 1 2 155 -156 
156 0.9921567627450981 0.02362194724409449 -1e-07 0.992156962745098 0.03937017874015748 1e-07 1 1 2 156 -157 
157 0.9921567627450981 0.03936997874015748 -1e-07 0.992156962745098 0.05511821023622047 1e-07 1 1 2 157 -158 
158 0.9921567627450981 0.05511801023622047 -1e-07 0.992156962745098 0.07086624173228347 1e-07 1 1 2 158 -159 
159 0.9921567627450981 0.07086604173228346 -1e-07 0.992156962745098 0.08661427322834646 1e-07 1 1 2 159 -160 
160 0.9921567627450981 0.08661407322834645 -1e-07 0.992156962745098 0.1023623047244095 1e-07 1 1 2 160 -161 
161 0.9921567627450981 0.1023621047244094 -1e-07 0.992156962745098 0.1181103362204724 1e-07 1 1 2 161 -162 
162 0.9764704882352941 0.1181101362204724 -1e-07 0.992156962745098 0.2125985251968504 1e-07 1 1 2 162 -163 
163 0.9686273509803922 0.2125983251968504 -1e-07 0.976470688235294 0.2440945881889764 1e-07 1 1 2 163 -164 
164 0.9607842137254903 0.2440943881889764 -1e-07 0.9686275509803921 0.2755906511811024 1e-07 1 1 2 164 -165 
165 0.9450979392156863 0.2755904511811024 -1e-07 0.9607844137254902 0.3228347456692913 1e-07 1 1 2 165 -166 
166 0.9215685274509804 0.3228345456692913 -1e-07 0.9450981392156862 0.3858268716535433 1e-07 1 1 2 166 -167 
167 0.9137253901960785 0.3858266716535433 -1e-07 0.9215687274509803 0.4015749031496063 1e-07 1 1 2 167 -168 
168 0.8980391156862746 0.4015747031496063 -1e-07 0.9137255901960784 0.4330709661417323 1e-07 1 1 2 168 -169 
169 0.8666665666666667 0.4330707661417323 -1e-07 0.8980393156862745 0.4960630921259843 1e-07 1 1 2 169 -170 
170 0.8588234294117647 0.4960628921259843 -1e-07 0.8666667666666666 0.5118111236220472 1e-07 1 1 2 170 -171 
171 0.8274508803921569 0.5118109236220473 -1e-07 0.8588236294117646 0.5590552181102362 1e-07 1 1 2 171 -172 
172 0.8039214686274511 0.5590550181102363 -1e-07 0.8274510803921568 0.5905512811023621 1e-07 1 1 2 172 -173 
173 0.7803920568627452 0.5905510811023622 -1e-07 0.803921668627451 0.6220473440944881 1e-07 1 1 2 173 -174 
174 0.7568626450980392 0.6220471440944882 -1e-07 0.780392256862745 0.6535434070866141 1e-07 1 1 2 174 -175 
175 0.7411763705882354 0.6535432070866142 -1e-07 0.7568628450980391 0.6692914385826771 1e-07 1 1 2 175 -176 
176 0.6784312725490197 0.6692912385826773 -1e-07 0.7411765705882353 0.7322835645669291 1e-07 1 1 2 176 -177 
177 0.6627449980392157 0.7322833645669292 -1e-07 0.6784314725490196 0.7480315960629921 1e-07 1 1 2 177 -178 
178 0.5843136254901962 0.7480313960629922 -1e-07 0.6627451980392156 0.811023722047244 1e-07 1 1 2 178 -179 
179 0.5607842137254903 0.8110235220472441 -1e-07 0.5843138254901961 0.826771753543307 1e-07 1 1 2 179 -180 
180 0.5372548019607843 0.8267715535433071 -1e-07 0.5607844137254901 0.84251978503937 1e-07 1 1 2 180 -181 
181 0.4823528411764706 0.8425195850393701 -1e-07 0.5372550019607842 0.874015848031496 1e-07 1 1 2 181 -182 
182 0.3882351941176471 0.8740156480314961 -1e-07 0.4823530411764706 0.921259942519685 1e-07 1 1 2 182 -183 
183 0.3490195078431372 0.9212597425196851 -1e-07 0.3882353941176471 0.937007974015748 1e-07 1 1 2 183 -184 
184 0.3019606843137255 0.9370077740157481 -1e-07 0.3490197078431372 0.9527560055118109 1e-07 1 1 2 184 -185 
185 0.2470587235294118 0.952755805511811 -1e-07 0.3019608843137255 0.9685040370078739 1e-07 1 1 2 185 -186 
186 0.1764704882352941 0.968503837007874 -1e-07 0.2470589235294118 0.984252068503937 1e-07 1 1 2 186 -187 
187 0.1686273509803922 0.9842518685039371 -1e-07 0.1764706882352941 0.984252068503937 1e-07 1 1 2 187 -188 
188 0.1607842137254902 0.9842518685039371 -1e-07 0.1686275509803922 0.984252068503937 1e-07 1 1 2 188 -189 
189 0.1529410764705882 0.9842518685039371 -1e-07 0.1607844137254902 0.984252068503937 1e-07 1 1 2 189 -190 
190 0.1450979392156863 0.9842518685039371 -1e-07 0.1529412764705882 0.984252068503937 1e-07 1 1 2 190 -191 
191 0.1372548019607843 0.9842518685039371 -1e-07 0.1450981392156863 0.984252068503937 1e-07 1 1 2 191 -192 
192 0.1294116647058824 0.9842518685039371 -1e-07 0.1372550019607843 0.984252068503937 1e-07 1 1 2 192 -193 
193 0.1215685274509804 0.9842518685039371 -1e-07 0.1294118647058824 0.984252068503937 1e-07 1 1 2 193 -194 
194 0.1137253901960784 0.9842518685039371 -1e-07 0.1215687274509804 0.984252068503937 1e-07 1 1 2 194 -195 
195 0.1058822529411765 0.9842518685039371 -1e-07 0.1137255901960784 0.984252068503937 1e-07 1 1 2 195 -196 
196 0.09803911568627451 0.9842518685039371 -1e-07 0.1058824529411765 0.984252068503937 1e-07 1 1 2 196 -197 
197 0.09019597843137254 0.9842518685039371 -1e-07 0.09803931568627451 0.984252068503937 1e-07 1 1 2 197 -198 
198 0.08235284117647058 0.9842518685039371 -1e-07 0.09019617843137255 0.984252068503937 1e-07 1 1 2 198 -199 
199 0.07450970392156862 0.9842518685039371 -1e-07 0.08235304117647059 0.984252068503937 1e-07 1 1 2 199 -200 
200 0.06666656666666666 0.9842518685039371 -1e-07 0.07450990392156863 0.984252068503937 1e-07 1 1 2 200 -201 
201 0.0588234294117647 0.9842518685039371 -1e-07 0.06666676666666667 0.984252068503937 1e-07 1 1 2 201 -202 
202 0.05098029215686274 0.9842518685039371 -1e-07 0.05882362941176471 0.984252068503937 1e-07 1 1 2 202 -203 
203 0.04313715490196078 0.9842518685039371 -1e-07 0.05098049215686275 0.984252068503937 1e-07 1 1 2 203 -204 
204 0.03529401764705882 0.9842518685039371 -1e-07 0.04313735490196079 0.984252068503937 1e-07 1 1 2 204 -205 
205 0.02745088039215686 0.9842518685039371 -1e-07 0.03529421764705883 0.984252068503937 1e-07 1 1 2 205 -206 
206 0.0196077431372549 0.9842518685039371 -1e-07 0.02745108039215686 0.984252068503937 1e-07 1 1 2 206 -207 
207 0.01176460588235294 0.9842518685039371 -1e-07 0.0196079431372549 0.984252068503937 1e-07 1 1 2 207 -208 
208 0.00392146862745098 0.9842518685039371 -1e-07 0.01176480588235294 0.984252068503937 1e-07 1 1 2 208 -209 
209 -0.003921668627450981 0.9842518685039371 -1e-07 0.003921668627450981 0.984252068503937 1e-07 1 1 2 209 -210 
210 -0.01176480588235294 0.9842518685039371 -1e-07 -0.00392146862745098 0.984252068503937 1e-07 1 1 2 210 -211 
211 -0.0196079431372549 0.9842518685039371 -1e-07 -0.01176460588235294 0.984252068503937 1e-07 1 1 2 211 -212 
212 -0.02745108039215686 0.9842518685039371 -1e-07 -0.0196077431372549 0.984252068503937 1e-07 1 1 2 212 -213 
213 -0.03529421764705883 0.9842518685039371 -1e-07 -0.02745088039215686 0.984252068503937 1e-07 1 1 2 213 -214 
214 -0.04313735490196079 0.9842518685039371 -1e-07 -0.03529401764705882 0.984252068503937 1e-07 1 1 2 214 -215 
215 -0.05098049215686275 0.9842518685039371 -1e-07 -0.04313715490196078 0.984252068503937 1e-07 1 1 2 215 -216 
216 -0.05882362941176471 0.9842518685039371 -1e-07 -0.05098029215686274 0.984252068503937 1e-07 1 1 2 216 -217 
217 -0.06666676666666667 0.9842518685039371 -1e-07 -0.0588234294117647 0.984252068503937 1e-07 1 1 2 217 -218 
218 -0.07450990392156863 0.9842518685039371 -1e-07 -0.06666656666666666 0.984252068503937 1e-07 1 1 2 218 -219 
219 -0.08235304117647059 0.9842518685039371 -1e-07 -0.07450970392156862 0.984252068503937 1e-07 1 1 2 219 -220 
220 -0.09019617843137255 0.9842518685039371 -1e-07 -0.08235284117647058 0.984252068503937 1e-07 0 2 220 -221 
221 -0.09019617843137255 0.9842518685039371 -1e-07 -0.08235284117647058 0.984252068503937 1e-07 1 1 2 220 -1 
1 -0.992156962745098 -0.984252068503937 -1e-07 0.992156962745098 0.984252068503937 1e-07 1 2 220 1 2 3 4 5 6 7 8 9 10 11 12 13 14 15 16 17 18 19 20 21 22 23 24 25 26 27 28 29 30 31 32 33 34 35 36 37 38 39 40 41 42 43 44 45 46 47 48 49 50 51 52 53 54 55 56 57 58 59 60 61 62 63 64 65 66 67 68 69 70 71 72 73 74 75 76 77 78 79 80 81 82 83 84 85 86 87 88 89 90 91 92 93 94 95 96 97 98 99 100 101 102 103 104 105 106 107 108 109 110 111 112 113 114 115 116 117 118 119 120 121 122 123 124 125 126 127 128 129 130 131 132 133 134 135 136 137 138 139 140 141 142 143 144 145 146 147 148 149 150 151 152 153 154 155 156 157 158 159 160 161 162 163 164 165 166 167 168 169 170 171 172 173 174 175 176 177 178 179 180 181 182 183 184 185 186 187 188 189 190 191 192 193 194 195 196 197 198 199 200 201 202 203 204 205 206 207 208 209 210 211 212 213 214 215 216 217 218 219 221 
$EndEntities
$Nodes
441 5430 1 5430
0 1 0 1
1
-0.09019607843137255 0.984251968503937 0
0 2 0 1
2
-0.09803921568627451 0.984251968503937 0
0 3 0 1
3
-0.1058823529411765 0.984251968503937 0
0 4 0 1
4
-0.1137254901960784 0.984251968503937 0
0 5 0 1
5
-0.1215686274509804 0.984251968503937 0
0 6 0 1
6
-0.1294117647058824 0.984251968503937 0
0 7 0 1
7
-0.1372549019607843 0.984251968503937 0
0 8 0 1
8
-0.1450980392156863 0.984251968503937 0
0 9 0 1
9
-0.1529411764705882 0.984251968503937 0
0 10 0 1
10
-0.1607843137254902 0.984251968503937 0
0 11 0 1
11
-0.1686274509803922 0.984251968503937 0
0 12 0 1
12
-0.1764705882352941 0.984251968503937 0
0 13 0 1
13
-0.2470588235294118 0.968503937007874 0
0 14 0 1
14
-0.3019607843137255 0.952755905511811 0
0 15 0 1
15
-0.3490196078431372 0.937007874015748 0
0 16 0 1
16
-0.3882352941176471 0.9212598425196851 0
0 17 0 1
17
-0.4823529411764706 0.8740157480314961 0
0 18 0 1
18
-0.5372549019607843 0.84251968503937 0
0 19 0 1
19
-0.5607843137254902 0.8267716535433071 0
0 20 0 1
20
-0.5843137254901961 0.8110236220472441 0
0 21 0 1
21
-0.6627450980392157 0.7480314960629921 0
0 22 0 1
22
-0.6784313725490196 0.7322834645669292 0
0 23 0 1
23
-0.7411764705882353 0.6692913385826772 0
0 24 0 1
24
-0.7568627450980392 0.6535433070866141 0
0 25 0 1
25
-0.7803921568627451 0.6220472440944882 0
0 26 0 1
26
-0.803921568627451 0.5905511811023622 0
0 27 0 1
27
-0.8274509803921568 0.5590551181102362 0
0 28 0 1
28
-0.8588235294117647 0.5118110236220472 0
0 29 0 1
29
-0.8666666666666667 0.4960629921259843 0
0 30 0 1
30
-0.8980392156862745 0.4330708661417323 0
0 31 0 1
31
-0.9137254901960784 0.4015748031496063 0
0 32 0 1
32
-0.9215686274509803 0.3858267716535433 0
0 33 0 1
33
-0.9450980392156862 0.3228346456692913 0
0 34 0 1
34
-0.9607843137254902 0.2755905511811024 0
0 35 0 1
35
-0.9686274509803922 0.2440944881889764 0
0 36 0 1
36
-0.9764705882352941 0.2125984251968504 0
0 37 0 1
37
-0.9921568627450981 0.1181102362204724 0
0 38 0 1
38
-0.9921568627450981 0.1023622047244094 0
0 39 0 1
39
-0.9921568627450981 0.08661417322834646 0
0 40 0 1
40
-0.9921568627450981 0.07086614173228346 0
0 41 0 1
41
-0.9921568627450981 0.05511811023622047 0
0 42 0 1
42
-0.9921568627450981 0.03937007874015748 0
0 43 0 1
43
-0.9921568627450981 0.02362204724409449 0
0 44 0 1
44
-0.9921568627450981 0.007874015748031496 0
0 45 0 1
45
-0.9921568627450981 -0.007874015748031496 0
0 46 0 1
46
-0.9921568627450981 -0.02362204724409449 0
0 47 0 1
47
-0.9921568627450981 -0.03937007874015748 0
0 48 0 1
48
-0.9921568627450981 -0.05511811023622047 0
0 49 0 1
49
-0.9921568627450981 -0.07086614173228346 0
0 50 0 1
50
-0.9921568627450981 -0.08661417322834646 0
0 51 0 1
51
-0.9921568627450981 -0.1023622047244094 0
0 52 0 1
52
-0.9921568627450981 -0.1181102362204724 0
0 53 0 1
53
-0.9764705882352941 -0.2125984251968504 0
0 54 0 1
54
-0.9686274509803922 -0.2440944881889764 0
0 55 0 1
55
-0.9607843137254902 -0.2755905511811024 0
0 56 0 1
56
-0.9450980392156862 -0.3228346456692913 0
0 57 0 1
57
-0.9215686274509803 -0.3858267716535433 0
0 58 0 1
58
-0.9137254901960784 -0.4015748031496063 0
0 59 0 1
59
-0.8980392156862745 -0.4330708661417323 0
0 60 0 1
60
-0.8666666666666667 -0.4960629921259843 0
0 61 0 1
61
-0.8588235294117647 -0.5118110236220472 0
0 62 0 1
62
-0.8274509803921568 -0.5590551181102362 0
0 63 0 1
63
-0.803921568627451 -0.5905511811023622 0
0 64 0 1
64
-0.7803921568627451 -0.6220472440944882 0
0 65 0 1
65
-0.7568627450980392 -0.6535433070866141 0
0 66 0 1
66
-0.7411764705882353 -0.6692913385826772 0
0 67 0 1
67
-0.6784313725490196 -0.7322834645669292 0
0 68 0 1
68
-0.6627450980392157 -0.7480314960629921 0
0 69 0 1
69
-0.5843137254901961 -0.8110236220472441 0
0 70 0 1
70
-0.5607843137254902 -0.8267716535433071 0
0 71 0 1
71
-0.5372549019607843 -0.84251968503937 0
0 72 0 1
72
-0.4823529411764706 -0.8740157480314961 0
0 73 0 1
73
-0.3882352941176471 -0.9212598425196851 0
0 74 0 1
74
-0.3490196078431372 -0.937007874015748 0
0 75 0 1
75
-0.3019607843137255 -0.952755905511811 0
0 76 0 1
76
-0.2470588235294118 -0.968503937007874 0
0 77 0 1
77
-0.1764705882352941 -0.984251968503937 0
0 78 0 1
78
-0.1686274509803922 -0.984251968503937 0
0 79 0 1
79
-0.1607843137254902 -0.984251968503937 0
0 80 0 1
80
-0.1529411764705882 -0.984251968503937 0
0 81 0 1
81
-0.1450980392156863 -0.984251968503937 0
0 82 0 1
82
-0.1372549019607843 -0.984251968503937 0
0 83 0 1
83
-0.1294117647058824 -0.984251968503937 0
0 84 0 1
84
-0.1215686274509804 -0.984251968503937 0
0 85 0 1
85
-0.1137254901960784 -0.984251968503937 0
0 86 0 1
86
-0.1058823529411765 -0.984251968503937 0
0 87 0 1
87
-0.09803921568627451 -0.984251968503937 0
0 88 0 1
88
-0.09019607843137255 -0.984251968503937 0
0 89 0 1
89
-0.08235294117647059 -0.984251968503937 0
0 90 0 1
90
-0.07450980392156863 -0.984251968503937 0
0 91 0 1
91
-0.06666666666666667 -0.984251968503937 0
0 92 0 1
92
-0.05882352941176471 -0.984251968503937 0
0 93 0 1
93
-0.05098039215686274 -0.984251968503937 0
0 94 0 1
94
-0.04313725490196078 -0.984251968503937 0
0 95 0 1
95
-0.03529411764705882 -0.984251968503937 0
0 96 0 1
96
-0.02745098039215686 -0.984251968503937 0
0 97 0 1
97
-0.0196078431372549 -0.984251968503937 0
0 98 0 1
98
-0.01176470588235294 -0.984251968503937 0
0 99 0 1
99
-0.00392156862745098 -0.984251968503937 0
0 100 0 1
100
0.00392156862745098 -0.984251968503937 0
0 101 0 1
101
0.01176470588235294 -0.984251968503937 0
0 102 0 1
102
0.0196078431372549 -0.984251968503937 0
0 103 0 1
103
0.02745098039215686 -0.984251968503937 0
0 104 0 1
104
0.03529411764705882 -0.984251968503937 0
0 105 0 1
105
0.04313725490196078 -0.984251968503937 0
0 106 0 1
106
0.05098039215686274 -0.984251968503937 0
0 107 0 1
107
0.05882352941176471 -0.984251968503937 0
0 108 0 1
108
0.06666666666666667 -0.984251968503937 0
0 109 0 1
109
0.07450980392156863 -0.984251968503937 0
0 110 0 1
110
0.08235294117647059 -0.984251968503937 0
0 111 0 1
111
0.09019607843137255 -0.984251968503937 0
0 112 0 1
112
0.09803921568627451 -0.984251968503937 0
0 113 0 1
113
0.1058823529411765 -0.984251968503937 0
0 114 0 1
114
0.1137254901960784 -0.984251968503937 0
0 115 0 1
115
0.1215686274509804 -0.984251968503937 0
0 116 0 1
116
0.1294117647058824 -0.984251968503937 0
0 117 0 1
117
0.1372549019607843 -0.984251968503937 0
0 118 0 1
118
0.1450980392156863 -0.984251968503937 0
0 119 0 1
119
0.1529411764705882 -0.984251968503937 0
0 120 0 1
120
0.1607843137254902 -0.984251968503937 0
0 121 0 1
121
0.1686274509803922 -0.984251968503937 0
0 122 0 1
122
0.1764705882352941 -0.984251968503937 0
0 123 0 1
123
0.2470588235294118 -0.968503937007874 0
0 124 0 1
124
0.3019607843137255 -0.952755905511811 0
0 125 0 1
125
0.3490196078431372 -0.937007874015748 0
0 126 0 1
126
0.3882352941176471 -0.9212598425196851 0
0 127 0 1
127
0.4823529411764706 -0.8740157480314961 0
0 128 0 1
128
0.5372549019607843 -0.84251968503937 0
0 129 0 1
129
0.5607843137254902 -0.8267716535433071 0
0 130 0 1
130
0.5843137254901961 -0.8110236220472441 0
0 131 0 1
131
0.6627450980392157 -0.7480314960629921 0
0 132 0 1
132
0.6784313725490196 -0.7322834645669292 0
0 133 0 1
133
0.7411764705882353 -0.6692913385826772 0
0 134 0 1
134
0.7568627450980392 -0.6535433070866141 0
0 135 0 1
135
0.7803921568627451 -0.6220472440944882 0
0 136 0 1
136
0.803921568627451 -0.5905511811023622 0
0 137 0 1
137
0.8274509803921568 -0.5590551181102362 0
0 138 0 1
138
0.8588235294117647 -0.5118110236220472 0
0 139 0 1
139
0.8666666666666667 -0.4960629921259843 0
0 140 0 1
140
0.8980392156862745 -0.4330708661417323 0
0 141 0 1
141
0.9137254901960784 -0.4015748031496063 0
0 142 0 1
142
0.9215686274509803 -0.3858267716535433 0
0 143 0 1
143
0.9450980392156862 -0.3228346456692913 0
0 144 0 1
144
0.9607843137254902 -0.2755905511811024 0
0 145 0 1
145
0.9686274509803922 -0.2440944881889764 0
0 146 0 1
146
0.9764705882352941 -0.2125984251968504 0
0 147 0 1
147
0.9921568627450981 -0.1181102362204724 0
0 148 0 1
148
0.9921568627450981 -0.1023622047244094 0
0 149 0 1
149
0.9921568627450981 -0.08661417322834646 0
0 150 0 1
150
0.9921568627450981 -0.07086614173228346 0
0 151 0 1
151
0.9921568627450981 -0.05511811023622047 0
0 152 0 1
152
0.9921568627450981 -0.03937007874015748 0
0 153 0 1
153
0.9921568627450981 -0.02362204724409449 0
0 154 0 1
154
0.9921568627450981 -0.007874015748031496 0
0 155 0 1
155
0.9921568627450981 0.007874015748031496 0
0 156 0 1
156
0.9921568627450981 0.02362204724409449 0
0 157 0 1
157
0.9921568627450981 0.03937007874015748 0
0 158 0 1
158
0.9921568627450981 0.05511811023622047 0
0 159 0 1
159
0.9921568627450981 0.07086614173228346 0
0 160 0 1
160
0.9921568627450981 0.08661417322834646 0
0 161 0 1
161
0.9921568627450981 0.1023622047244094 0
0 162 0 1
162
0.9921568627450981 0.1181102362204724 0
0 163 0 1
163
0.9764705882352941 0.2125984251968504 0
0 164 0 1
164
0.9686274509803922 0.2440944881889764 0
0 165 0 1
165
0.9607843137254902 0.2755905511811024 0
0 166 0 1
166
0.9450980392156862 0.3228346456692913 0
0 167 0 1
167
0.9215686274509803 0.3858267716535433 0
0 168 0 1
168
0.9137254901960784 0.4015748031496063 0
0 169 0 1
169
0.8980392156862745 0.4330708661417323 0
0 170 0 1
170
0.8666666666666667 0.4960629921259843 0
0 171 0 1
171
0.8588235294117647 0.5118110236220472 0
0 172 0 1
172
0.8274509803921568 0.5590551181102362 0
0 173 0 1
173
0.803921568627451 0.5905511811023622 0
0 174 0 1
174
0.7803921568627451 0.6220472440944882 0
0 175 0 1
175
0.7568627450980392 0.6535433070866141 0
0 176 0 1
176
0.7411764705882353 0.6692913385826772 0
0 177 0 1
177
0.6784313725490196 0.7322834645669292 0
0 178 0 1
178
0.6627450980392157 0.7480314960629921 0
0 179 0 1
179
0.5843137254901961 0.8110236220472441 0
0 180 0 1
180
0.5607843137254902 0.8267716535433071 0
0 181 0 1
181
0.5372549019607843 0.84251968503937 0
0 182 0 1
182
0.4823529411764706 0.8740157480314961 0
0 183 0 1
183
0.3882352941176471 0.9212598425196851 0
0 184 0 1
184
0.3490196078431372 0.937007874015748 0
0 185 0 1
185
0.3019607843137255 0.952755905511811 0
0 186 0 1
186
0.2470588235294118 0.968503937007874 0
0 187 0 1
187
0.1764705882352941 0.984251968503937 0
0 188 0 1
188
0.1686274509803922 0.984251968503937 0
0 189 0 1
189
0.1607843137254902 0.984251968503937 0
0 190 0 1
190
0.1529411764705882 0.984251968503937 0
0 191 0 1
191
0.1450980392156863 0.984251968503937 0
0 192 0 1
192
0.1372549019607843 0.984251968503937 0
0 193 0 1
193
0.1294117647058824 0.984251968503937 0
0 194 0 1
194
0.1215686274509804 0.984251968503937 0
0 195 0 1
195
0.1137254901960784 0.984251968503937 0
0 196 0 1
196
0.1058823529411765 0.984251968503937 0
0 197 0 1
197
0.09803921568627451 0.984251968503937 0
0 198 0 1
198
0.09019607843137255 0.984251968503937 0
0 199 0 1
199
0.08235294117647059 0.984251968503937 0
0 200 0 1
200
0.07450980392156863 0.984251968503937 0
0 201 0 1
201
0.06666666666666667 0.984251968503937 0
0 202 0 1
202
0.05882352941176471 0.984251968503937 0
0 203 0 1
203
0.05098039215686274 0.984251968503937 0
0 204 0 1
204
0.04313725490196078 0.984251968503937 0
0 205 0 1
205
0.03529411764705882 0.984251968503937 0
0 206 0 1
206
0.02745098039215686 0.984251968503937 0
0 207 0 1
207
0.0196078431372549 0.984251968503937 0
0 208 0 1
208
0.01176470588235294 0.984251968503937 0
0 209 0 1
209
0.00392156862745098 0.984251968503937 0
0 210 0 1
210
-0.00392156862745098 0.984251968503937 0
0 211 0 1
211
-0.01176470588235294 0.984251968503937 0
0 212 0 1
212
-0.0196078431372549 0.984251968503937 0
0 213 0 1
213
-0.02745098039215686 0.984251968503937 0
0 214 0 1
214
-0.03529411764705882 0.984251968503937 0
0 215 0 1
215
-0.04313725490196078 0.984251968503937 0
0 216 0 1
216
-0.05098039215686274 0.984251968503937 0
0 217 0 1
217
-0.05882352941176471 0.984251968503937 0
0 218 0 1
218
-0.06666666666666667 0.984251968503937 0
0 219 0 1
219
-0.07450980392156863 0.984251968503937 0
0 220 0 1
220
-0.08235294117647059 0.984251968503937 0
1 1 0 0
1 2 0 0
1 3 0 0
1 4 0 0
1 5 0 0
1 6 0 0
1 7 0 0
1 8 0 0
1 9 0 0
1 10 0 0
1 11 0 0
1 12 0 1
221
-0.2117647058823529 0.9763779527559056 0
1 13 0 1
222
-0.2745098039215687 0.9606299212598425 0
1 14 0 0
1 15 0 0
1 16 0 2
223
224
-0.419607843137255 0.905511811023622 0
-0.4509803921568629 0.889763779527559 0
1 17 0 1
225
-0.5098039215686274 0.8582677165354331 0
1 18 0 0
1 19 0 0
1 20 0 2
226
227
-0.6104575163398693 0.7900262467191601 0
-0.6366013071895426 0.7690288713910761 0
1 21 0 0
1 22 0 1
228
-0.7098039215686275 0.7007874015748031 0
1 23 0 0
1 24 0 0
1 25 0 0
1 26 0 0
1 27 0 1
229
-0.8431372549019607 0.5354330708661417 0
1 28 0 0
1 29 0 1
230
-0.8823529411764706 0.4645669291338583 0
1 30 0 0
1 31 0 0
1 32 0 1
231
-0.9333333333333332 0.3543307086614174 0
1 33 0 0
1 34 0 0
1 35 0 0
1 36 0 1
232
-0.9843137254901961 0.1653543307086614 0
1 37 0 0
1 38 0 0
1 39 0 0
1 40 0 0
1 41 0 0
1 42 0 0
1 43 0 0
1 44 0 0
1 45 0 0
1 46 0 0
1 47 0 0
1 48 0 0
1 49 0 0
1 50 0 0
1 51 0 0
1 52 0 1
233
-0.984313725490196 -0.1653543307086615 0
1 53 0 0
1 54 0 0
1 55 0 0
1 56 0 1
234
-0.9333333333333333 -0.3543307086614172 0
1 57 0 0
1 58 0 0
1 59 0 1
235
-0.8823529411764707 -0.4645669291338582 0
1 60 0 0
1 61 0 1
236
-0.8431372549019608 -0.5354330708661418 0
1 62 0 0
1 63 0 0
1 64 0 0
1 65 0 0
1 66 0 1
237
-0.7098039215686275 -0.7007874015748032 0
1 67 0 0
1 68 0 2
238
239
-0.6366013071895424 -0.7690288713910761 0
-0.6104575163398692 -0.7900262467191601 0
1 69 0 0
1 70 0 0
1 71 0 1
240
-0.5098039215686274 -0.858267716535433 0
1 72 0 2
241
242
-0.4509803921568626 -0.8897637795275591 0
-0.4196078431372548 -0.9055118110236221 0
1 73 0 0
1 74 0 0
1 75 0 1
243
-0.2745098039215685 -0.9606299212598425 0
1 76 0 1
244
-0.211764705882353 -0.9763779527559054 0
1 77 0 0
1 78 0 0
1 79 0 0
1 80 0 0
1 81 0 0
1 82 0 0
1 83 0 0
1 84 0 0
1 85 0 0
1 86 0 0
1 87 0 0
1 88 0 0
1 89 0 0
1 90 0 0
1 91 0 0
1 92 0 0
1 93 0 0
1 94 0 0
1 95 0 0
1 96 0 0
1 97 0 0
1 98 0 0
1 99 0 0
1 100 0 0
1 101 0 0
1 102 0 0
1 103 0 0
1 104 0 0
1 105 0 0
1 106 0 0
1 107 0 0
1 108 0 0
1 109 0 0
1 110 0 0
1 111 0 0
1 112 0 0
1 113 0 0
1 114 0 0
1 115 0 0
1 116 0 0
1 117 0 0
1 118 0 0
1 119 0 0
1 120 0 0
1 121 0 0
1 122 0 1
245
0.2117647058823529 -0.9763779527559056 0
1 123 0 1
246
0.2745098039215687 -0.9606299212598425 0
1 124 0 0
1 125 0 0
1 126 0 2
247
248
0.419607843137255 -0.905511811023622 0
0.4509803921568629 -0.889763779527559 0
1 127 0 1
249
0.5098039215686274 -0.8582677165354331 0
1 128 0 0
1 129 0 0
1 130 0 2
250
251
0.6104575163398693 -0.7900262467191601 0
0.6366013071895426 -0.7690288713910761 0
1 131 0 0
1 132 0 1
252
0.7098039215686275 -0.7007874015748031 0
1 133 0 0
1 134 0 0
1 135 0 0
1 136 0 0
1 137 0 1
253
0.8431372549019607 -0.5354330708661417 0
1 138 0 0
1 139 0 1
254
0.8823529411764706 -0.4645669291338583 0
1 140 0 0
1 141 0 0
1 142 0 1
255
0.9333333333333332 -0.3543307086614174 0
1 143 0 0
1 144 0 0
1 145 0 0
1 146 0 1
256
0.9843137254901961 -0.1653543307086614 0
1 147 0 0
1 148 0 0
1 149 0 0
1 150 0 0
1 151 0 0
1 152 0 0
1 153 0 0
1 154 0 0
1 155 0 0
1 156 0 0
1 157 0 0
1 158 0 0
1 159 0 0
1 160 0 0
1 161 0 0
1 162 0 1
257
0.984313725490196 0.1653543307086615 0
1 163 0 0
1 164 0 0
1 165 0 0
1 166 0 1
258
0.9333333333333333 0.3543307086614172 0
1 167 0 0
1 168 0 0
1 169 0 1
259
0.8823529411764707 0.4645669291338582 0
1 170 0 0
1 171 0 1
260
0.8431372549019608 0.5354330708661418 0
1 172 0 0
1 173 0 0
1 174 0 0
1 175 0 0
1 176 0 1
261
0.7098039215686275 0.7007874015748032 0
1 177 0 0
1 178 0 2
262
263
0.6366013071895424 0.7690288713910761 0
0.6104575163398692 0.7900262467191601 0
1 179 0 0
1 180 0 0
1 181 0 1
264
0.5098039215686274 0.858267716535433 0
1 182 0 2
265
266
0.4509803921568626 0.8897637795275591 0
0.4196078431372548 0.9055118110236221 0
1 183 0 0
1 184 0 0
1 185 0 1
267
0.2745098039215685 0.9606299212598425 0
1 186 0 1
268
0.211764705882353 0.9763779527559054 0
1 187 0 0
1 188 0 0
1 189 0 0
1 190 0 0
1 191 0 0
1 192 0 0
1 193 0 0
1 194 0 0
1 195 0 0
1 196 0 0
1 197 0 0
1 198 0 0
1 199 0 0
1 200 0 0
1 201 0 0
1 202 0 0
1 203 0 0
1 204 0 0
1 205 0 0
1 206 0 0
1 207 0 0
1 208 0 0
1 209 0 0
1 210 0 0
1 211 0 0
1 212 0 0
1 213 0 0
1 214 0 0
1 215 0 0
1 216 0 0
1 217 0 0
1 218 0 0
1 219 0 0
1 221 0 0
2 1 0 5162
269
270
271
272
273
274
275
276
277
278
279
280
281
282
283
284
285
286
287
288
289
290
291
292
293
294
295
296
297
298
299
300
301
302
303
304
305
306
307
308
309
310
311
312
313
314
315
316
317
318
319
320
321
322
323
324
325
326
327
328
329
330
331
332
333
334
335
336
337
338
339
340
341
342
343
344
345
346
347
348
349
350
351
352
353
354
355
356
357
358
359
360
361
362
363
364
365
366
367
368
369
370
371
372
373
374
375
376
377
378
379
380
381
382
383
384
385
386
387
388
389
390
391
392
393
394
395
396
397
398
399
400
401
402
403
404
405
406
407
408
409
410
411
412
413
414
415
416
417
418
419
420
421
422
423
424
425
426
427
428
429
430
431
432
433
434
435
436
437
438
439
440
441
442
443
444
445
446
447
448
449
450
451
452
453
454
455
456
457
458
459
460
461
462
463
464
465
466
467
468
469
470
471
472
473
474
475
476
477
478
479
480
481
482
483
484
485
486
487
488
489
490
491
492
493
494
495
496
497
498
499
500
501
502
503
504
505
506
507
508
509
510
511
512
513
514
515
516
517
518
519
520
521
522
523
524
525
526
527
528
529
530
531
532
533
534
535
536
537
538
539
540
541
542
543
544
545
546
547
548
549
550
551
552
553
554
555
556
557
558
559
560
561
562
563
564
565
566
567
568
569
570
571
572
573
574
575
576
577
578
579
580
581
582
583
584
585
586
587
588
589
590
591
592
593
594
595
596
597
598
599
600
601
602
603
604
605
606
607
608
609
610
611
612
613
614
615
616
617
618
619
620
621
622
623
624
625
626
627
628
629
630
631
632
633
634
635
636
637
638
639
640
641
642
643
644
645
646
647
648
649
650
651
652
653
654
655
656
657
658
659
660
661
662
663
664
665
666
667
668
669
670
671
672
673
674
675
676
677
678
679
680
681
682
683
684
685
686
687
688
689
690
691
692
693
694
695
696
697
698
699
700
701
702
703
704
705
706
707
708
709
710
711
712
713
714
715
716
717
718
719
720
721
722
723
724
725
726
727
728
729
730
731
732
733
734
735
736
737
738
739
740
741
742
743
744
745
746
747
748
749
750
751
752
753
754
755
756
757
758
759
760
761
762
763
764
765
766
767
768
769
770
771
772
773
774
775
776
777
778
779
780
781
782
783
784
785
786
787
788
789
790
791
792
793
794
795
796
797
798
799
800
801
802
803
804
805
806
807
808
809
810
811
812
813
814
815
816
817
818
819
820
821
822
823
824
825
826
827
828
829
830
831
832
833
834
835
836
837
838
839
840
841
842
843
844
845
846
847
848
849
850
851
852
853
854
855
856
857
858
859
860
861
862
863
864
865
866
867
868
869
870
871
872
873
874
875
876
877
878
879
880
881
882
883
884
885
886
887
888
889
890
891
892
893
894
895
896
897
898
899
900
901
902
903
904
905
906
907
908
909
910
911
912
913
914
915
916
917
918
919
920
921
922
923
924
925
926
927
928
929
930
931
932
933
934
935
936
937
938
939
940
941
942
943
944
945
946
947
948
949
950
951
952
953
954
955
956
957
958
959
960
961
962
963
964
965
966
967
968
969
970
971
972
973
974
975
976
977
978
979
980
981
982
983
984
985
986
987
988
989
990
991
992
993
994
995
996
997
998
999
1000
1001
1002
1003
1004
1005
1006
1007
1008
1009
1010
1011
1012
1013
1014
1015
1016
1017
1018
1019
1020
1021
1022
1023
1024
1025
1026
1027
1028
1029
1030
1031
1032
1033
1034
1035
1036
1037
1038
1039
1040
1041
1042
1043
1044
1045
1046
1047
1048
1049
1050
1051
1052
1053
1054
1055
1056
1057
1058
1059
1060
1061
1062
1063
1064
1065
1066
1067
1068
1069
1070
1071
1072
1073
1074
1075
1076
1077
1078
1079
1080
1081
1082
1083
1084
1085
1086
1087
1088
1089
1090
1091
1092
1093
1094
1095
1096
1097
1098
1099
1100
1101
1102
1103
1104
1105
1106
1107
1108
1109
1110
1111
1112
1113
1114
1115
1116
1117
1118
1119
1120
1121
1122
1123
1124
1125
1126
1127
1128
1129
1130
1131
1132
1133
1134
1135
1136
1137
1138
1139
1140
1141
1142
1143
1144
1145
1146
1147
1148
1149
1150
1151
1152
1153
1154
1155
1156
1157
1158
1159
1160
1161
1162
1163
1164
1165
1166
1167
1168
1169
1170
1171
1172
1173
1174
1175
1176
1177
1178
1179
1180
1181
1182
1183
1184
1185
1186
1187
1188
1189
1190
1191
1192
1193
1194
1195
1196
1197
1198
1199
1200
1201
1202
1203
1204
1205
1206
1207
1208
1209
1210
1211
1212
1213
1214
1215
1216
1217
1218
1219
1220
1221
1222
1223
1224
1225
1226
1227
1228
1229
1230
1231
1232
1233
1234
1235
1236
1237
1238
1239
1240
1241
1242
1243
1244
1245
1246
1247
1248
1249
1250
1251
1252
1253
1254
1255
1256
1257
1258
1259
1260
1261
1262
1263
1264
1265
1266
1267
1268
1269
1270
1271
1272
1273
1274
1275
1276
1277
1278
1279
1280
1281
1282
1283
1284
1285
1286
1287
1288
1289
1290
1291
1292
1293
1294
1295
1296
1297
1298
1299
1300
1301
1302
1303
1304
1305
1306
1307
1308
1309
1310
1311
1312
1313
1314
1315
1316
1317
1318
1319
1320
1321
1322
1323
1324
1325
1326
1327
1328
1329
1330
1331
1332
1333
1334
1335
1336
1337
1338
1339
1340
1341
1342
1343
1344
1345
1346
1347
1348
1349
1350
1351
1352
1353
1354
1355
1356
1357
1358
1359
1360
1361
1362
1363
1364
1365
1366
1367
1368
1369
1370
1371
1372
1373
1374
1375
1376
1377
1378
1379
1380
1381
1382
1383
1384
1385
1386
1387
1388
1389
1390
1391
1392
1393
1394
1395
1396
1397
1398
1399
1400
1401
1402
1403
1404
1405
1406
1407
1408
1409
1410
1411
1412
1413
1414
1415
1416
1417
1418
1419
1420
1421
1422
1423
1424
1425
1426
1427
1428
1429
1430
1431
1432
1433
1434
1435
1436
1437
1438
1439
1440
1441
1442
1443
1444
1445
1446
1447
1448
1449
1450
1451
1452
1453
1454
1455
1456
1457
1458
1459
1460
1461
1462
1463
1464
1465
1466
1467
1468
1469
1470
1471
1472
1473
1474
1475
1476
1477
1478
1479
1480
1481
1482
1483
1484
1485
1486
1487
1488
1489
1490
1491
1492
1493
1494
1495
1496
1497
1498
1499
1500
1501
1502
1503
1504
1505
1506
1507
1508
1509
1510
1511
1512
1513
1514
1515
1516
1517
1518
1519
1520
1521
1522
1523
1524
1525
1526
1527
1528
1529
1530
1531
1532
1533
1534
1535
1536
1537
1538
1539
1540
1541
1542
1543
1544
1545
1546
1547
1548
1549
1550
1551
1552
1553
1554
1555
1556
1557
1558
1559
1560
1561
1562
1563
1564
1565
1566
1567
1568
1569
1570
1571
1572
1573
1574
1575
1576
1577
1578
1579
1580
1581
1582
1583
1584
1585
1586
1587
1588
1589
1590
1591
1592
1593
1594
1595
1596
1597
1598
1599
1600
1601
1602
1603
1604
1605
1606
1607
1608
1609
1610
1611
1612
1613
1614
1615
1616
1617
1618
1619
1620
1621
1622
1623
1624
1625
1626
1627
1628
1629
1630
1631
1632
1633
1634
1635
1636
1637
1638
1639
1640
1641
1642
1643
1644
1645
1646
1647
1648
1649
1650
1651
1652
1653
1654
1655
1656
1657
1658
1659
1660
1661
1662
1663
1664
1665
1666
1667
1668
1669
1670
1671
1672
1673
1674
1675
1676
1677
1678
1679
1680
1681
1682
1683
1684
1685
1686
1687
1688
1689
1690
1691
1692
1693
1694
1695
1696
1697
1698
1699
1700
1701
1702
1703
1704
1705
1706
1707
1708
1709
1710
1711
1712
1713
1714
1715
1716
1717
1718
1719
1720
1721
1722
1723
1724
1725
1726
1727
1728
1729
1730
1731
1732
1733
1734
1735
1736
1737
1738
1739
1740
1741
1742
1743
1744
1745
1746
1747
1748
1749
1750
1751
1752
1753
1754
1755
1756
1757
1758
1759
1760
1761
1762
1763
1764
1765
1766
1767
1768
1769
1770
1771
1772
1773
1774
1775
1776
1777
1778
1779
1780
1781
1782
1783
1784
1785
1786
1787
1788
1789
1790
1791
1792
1793
1794
1795
1796
1797
1798
1799
1800
1801
1802
1803
1804
1805
1806
1807
1808
1809
1810
1811
1812
1813
1814
1815
1816
1817
1818
1819
1820
1821
1822
1823
1824
1825
1826
1827
1828
1829
1830
1831
1832
1833
1834
1835
1836
1837
1838
1839
1840
1841
1842
1843
1844
1845
1846
1847
1848
1849
1850
1851
1852
1853
1854
1855
1856
1857
1858
1859
1860
1861
1862
1863
1864
1865
1866
1867
1868
1869
1870
1871
1872
1873
1874
1875
1876
1877
1878
1879
1880
1881
1882
1883
1884
1885
1886
1887
1888
1889
1890
1891
1892
1893
1894
1895
1896
1897
1898
1899
1900
1901
1902
1903
1904
1905
1906
1907
1908
1909
1910
1911
1912
1913
1914
1915
1916
1917
1918
1919
1920
1921
1922
1923
1924
1925
1926
1927
1928
1929
1930
1931
1932
1933
1934
1935
1936
1937
1938
1939
1940
1941
1942
1943
1944
1945
1946
1947
1948
1949
1950
1951
1952
1953
1954
1955
1956
1957
1958
1959
1960
1961
1962
1963
1964
1965
1966
1967
1968
1969
1970
1971
1972
1973
1974
1975
1976
1977
1978
1979
1980
1981
1982
1983
1984
1985
1986
1987
1988
1989
1990
1991
1992
1993
1994
1995
1996
1997
1998
1999
2000
2001
2002
2003
2004
2005
2006
2007
2008
2009
2010
2011
2012
2013
2014
2015
2016
2017
2018
2019
2020
2021
2022
2023
2024
2025
2026
2027
2028
2029
2030
2031
2032
2033
2034
2035
2036
2037
2038
2039
2040
2041
2042
2043
2044
2045
2046
2047
2048
2049
2050
2051
2052
2053
2054
2055
2056
2057
2058
2059
2060
2061
2062
2063
2064
2065
2066
2067
2068
2069
2070
2071
2072
2073
2074
2075
2076
2077
2078
2079
2080
2081
2082
2083
2084
2085
2086
2087
2088
2089
2090
2091
2092
2093
2094
2095
2096
2097
2098
2099
2100
2101
2102
2103
2104
2105
2106
2107
2108
2109
2110
2111
2112
2113
2114
2115
2116
2117
2118
2119
2120
2121
2122
2123
2124
2125
2126
2127
2128
2129
2130
2131
2132
2133
2134
2135
2136
2137
2138
2139
2140
2141
2142
2143
2144
2145
2146
2147
2148
2149
2150
2151
2152
2153
2154
2155
2156
2157
2158
2159
2160
2161
2162
2163
2164
2165
2166
2167
2168
2169
2170
2171
2172
2173
2174
2175
2176
2177
2178
2179
2180
2181
2182
2183
2184
2185
2186
2187
2188
2189
2190
2191
2192
2193
2194
2195
2196
2197
2198
2199
2200
2201
2202
2203
2204
2205
2206
2207
2208
2209
2210
2211
2212
2213
2214
2215
2216
2217
2218
2219
2220
2221
2222
2223
2224
2225
2226
2227
2228
2229
2230
2231
2232
2233
2234
2235
2236
2237
2238
2239
2240
2241
2242
2243
2244
2245
2246
2247
2248
2249
2250
2251
2252
2253
2254
2255
2256
2257
2258
2259
2260
2261
2262
2263
2264
2265
2266
2267
2268
2269
2270
2271
2272
2273
2274
2275
2276
2277
2278
2279
2280
2281
2282
2283
2284
2285
2286
2287
2288
2289
2290
2291
2292
2293
2294
2295
2296
2297
2298
2299
2300
2301
2302
2303
2304
2305
2306
2307
2308
2309
2310
2311
2312
2313
2314
2315
2316
2317
2318
2319
2320
2321
2322
2323
2324
2325
2326
2327
2328
2329
2330
2331
2332
2333
2334
2335
2336
2337
2338
2339
2340
2341
2342
2343
2344
2345
2346
2347
2348
2349
2350
2351
2352
2353
2354
2355
2356
2357
2358
2359
2360
2361
2362
2363
2364
2365
2366
2367
2368
2369
2370
2371
2372
2373
2374
2375
2376
2377
2378
2379
2380
2381
2382
2383
2384
2385
2386
2387
2388
2389
2390
2391
2392
2393
2394
2395
2396
2397
2398
2399
2400
2401
2402
2403
2404
2405
2406
2407
2408
2409
2410
2411
2412
2413
2414
2415
2416
2417
2418
2419
2420
2421
2422
2423
2424
2425
2426
2427
2428
2429
2430
2431
2432
2433
2434
2435
2436
2437
2438
2439
2440
2441
2442
2443
2444
2445
2446
2447
2448
2449
2450
2451
2452
2453
2454
2455
2456
2457
2458
2459
2460
2461
2462
2463
2464
2465
2466
2467
2468
2469
2470
2471
2472
2473
2474
2475
2476
2477
2478
2479
2480
2481
2482
2483
2484
2485
2486
2487
2488
2489
2490
2491
2492
2493
2494
2495
2496
2497
2498
2499
2500
2501
2502
2503
2504
2505
2506
2507
2508
2509
2510
2511
2512
2513
2514
2515
2516
2517
2518
2519
2520
2521
2522
2523
2524
2525
2526
2527
2528
2529
2530
2531
2532
2533
2534
2535
2536
2537
2538
2539
2540
2541
2542
2543
2544
2545
2546
2547
2548
2549
2550
2551
2552
2553
2554
2555
2556
2557
2558
2559
2560
2561
2562
2563
2564
2565
2566
2567
2568
2569
2570
2571
2572
2573
2574
2575
2576
2577
2578
2579
2580
2581
2582
2583
2584
2585
2586
2587
2588
2589
2590
2591
2592
2593
2594
2595
2596
2597
2598
2599
2600
2601
2602
2603
2604
2605
2606
2607
2608
2609
2610
2611
2612
2613
2614
2615
2616
2617
2618
2619
2620
2621
2622
2623
2624
2625
2626
2627
2628
2629
2630
2631
2632
2633
2634
2635
2636
2637
2638
2639
2640
2641
2642
2643
2644
2645
2646
2647
2648
2649
2650
2651
2652
2653
2654
2655
2656
2657
2658
2659
2660
2661
2662
2663
2664
2665
2666
2667
2668
2669
2670
2671
2672
2673
2674
2675
2676
2677
2678
2679
2680
2681
2682
2683
2684
2685
2686
2687
2688
2689
2690
2691
2692
2693
2694
2695
2696
2697
2698
2699
2700
2701
2702
2703
2704
2705
2706
2707
2708
2709
2710
2711
2712
2713
2714
2715
2716
2717
2718
2719
2720
2721
2722
2723
2724
2725
2726
2727
2728
2729
2730
2731
2732
2733
2734
2735
2736
2737
2738
2739
2740
2741
2742
2743
2744
2745
2746
2747
2748
2749
2750
2751
2752
2753
2754
2755
2756
2757
2758
2759
2760
2761
2762
2763
2764
2765
2766
2767
2768
2769
2770
2771
2772
2773
2774
2775
2776
2777
2778
2779
2780
2781
2782
2783
2784
2785
2786
2787
2788
2789
2790
2791
2792
2793
2794
2795
2796
2797
2798
2799
2800
2801
2802
2803
2804
2805
2806
2807
2808
2809
2810
2811
2812
2813
2814
2815
2816
2817
2818
2819
2820
2821
2822
2823
2824
2825
2826
2827
2828
2829
2830
2831
2832
2833
2834
2835
2836
2837
2838
2839
2840
2841
2842
2843
2844
2845
2846
2847
2848
2849
2850
2851
2852
2853
2854
2855
2856
2857
2858
2859
2860
2861
2862
2863
2864
2865
2866
2867
2868
2869
2870
2871
2872
2873
2874
2875
2876
2877
2878
2879
2880
2881
2882
2883
2884
2885
2886
2887
2888
2889
2890
2891
2892
2893
2894
2895
2896
2897
2898
2899
2900
2901
2902
2903
2904
2905
2906
2907
2908
2909
2910
2911
2912
2913
2914
2915
2916
2917
2918
2919
2920
2921
2922
2923
2924
2925
2926
2927
2928
2929
2930
2931
2932
2933
2934
2935
2936
2937
2938
2939
2940
2941
2942
2943
2944
2945
2946
2947
2948
2949
2950
2951
2952
2953
2954
2955
2956
2957
2958
2959
2960
2961
2962
2963
2964
2965
2966
2967
2968
2969
2970
2971
2972
2973
2974
2975
2976
2977
2978
2979
2980
2981
2982
2983
2984
2985
2986
2987
2988
2989
2990
2991
2992
2993
2994
2995
2996
2997
2998
2999
3000
3001
3002
3003
3004
3005
3006
3007
3008
3009
3010
3011
3012
3013
3014
3015
3016
3017
3018
3019
3020
3021
3022
3023
3024
3025
3026
3027
3028
3029
3030
3031
3032
3033
3034
3035
3036
3037
3038
3039
3040
3041
3042
3043
3044
3045
3046
3047
3048
3049
3050
3051
3052
3053
3054
3055
3056
3057
3058
3059
3060
3061
3062
3063
3064
3065
3066
3067
3068
3069
3070
3071
3072
3073
3074
3075
3076
3077
3078
3079
3080
3081
3082
3083
3084
3085
3086
3087
3088
3089
3090
3091
3092
3093
3094
3095
3096
3097
3098
3099
3100
3101
3102
3103
3104
3105
3106
3107
3108
3109
3110
3111
3112
3113
3114
3115
3116
3117
3118
3119
3120
3121
3122
3123
3124
3125
3126
3127
3128
3129
3130
3131
3132
3133
3134
3135
3136
3137
3138
3139
3140
3141
3142
3143
3144
3145
3146
3147
3148
3149
3150
3151
3152
3153
3154
3155
3156
3157
3158
3159
3160
3161
3162
3163
3164
3165
3166
3167
3168
3169
3170
3171
3172
3173
3174
3175
3176
3177
3178
3179
3180
3181
3182
3183
3184
3185
3186
3187
3188
3189
3190
3191
3192
3193
3194
3195
3196
3197
3198
3199
3200
3201
3202
3203
3204
3205
3206
3207
3208
3209
3210
3211
3212
3213
3214
3215
3216
3217
3218
3219
3220
3221
3222
3223
3224
3225
3226
3227
3228
3229
3230
3231
3232
3233
3234
3235
3236
3237
3238
3239
3240
3241
3242
3243
3244
3245
3246
3247
3248
3249
3250
3251
3252
3253
3254
3255
3256
3257
3258
3259
3260
3261
3262
3263
3264
3265
3266
3267
3268
3269
3270
3271
3272
3273
3274
3275
3276
3277
3278
3279
3280
3281
3282
3283
3284
3285
3286
3287
3288
3289
3290
3291
3292
3293
3294
3295
3296
3297
3298
3299
3300
3301
3302
3303
3304
3305
3306
3307
3308
3309
3310
3311
3312
3313
3314
3315
3316
3317
3318
3319
3320
3321
3322
3323
3324
3325
3326
3327
3328
3329
3330
3331
3332
3333
3334
3335
3336
3337
3338
3339
3340
3341
3342
3343
3344
3345
3346
3347
3348
3349
3350
3351
3352
3353
3354
3355
3356
3357
3358
3359
3360
3361
3362
3363
3364
3365
3366
3367
3368
3369
3370
3371
3372
3373
3374
3375
3376
3377
3378
3379
3380
3381
3382
3383
3384
3385
3386
3387
3388
3389
3390
3391
3392
3393
3394
3395
3396
3397
3398
3399
3400
3401
3402
3403
3404
3405
3406
3407
3408
3409
3410
3411
3412
3413
3414
3415
3416
3417
3418
3419
3420
3421
3422
3423
3424
3425
3426
3427
3428
3429
3430
3431
3432
3433
3434
3435
3436
3437
3438
3439
3440
3441
3442
3443
3444
3445
3446
3447
3448
3449
3450
3451
3452
3453
3454
3455
3456
3457
3458
3459
3460
3461
3462
3463
3464
3465
3466
3467
3468
3469
3470
3471
3472
3473
3474
3475
3476
3477
3478
3479
3480
3481
3482
3483
3484
3485
3486
3487
3488
3489
3490
3491
3492
3493
3494
3495
3496
3497
3498
3499
3500
3501
3502
3503
3504
3505
3506
3507
3508
3509
3510
3511
3512
3513
3514
3515
3516
3517
3518
3519
3520
3521
3522
3523
3524
3525
3526
3527
3528
3529
3530
3531
3532
3533
3534
3535
3536
3537
3538
3539
3540
3541
3542
3543
3544
3545
3546
3547
3548
3549
3550
3551
3552
3553
3554
3555
3556
3557
3558
3559
3560
3561
3562
3563
3564
3565
3566
3567
3568
3569
3570
3571
3572
3573
3574
3575
3576
3577
3578
3579
3580
3581
3582
3583
3584
3585
3586
3587
3588
3589
3590
3591
3592
3593
3594
3595
3596
3597
3598
3599
3600
3601
3602
3603
3604
3605
3606
3607
3608
3609
3610
3611
3612
3613
3614
3615
3616
3617
3618
3619
3620
3621
3622
3623
3624
3625
3626
3627
3628
3629
3630
3631
3632
3633
3634
3635
3636
3637
3638
3639
3640
3641
3642
3643
3644
3645
3646
3647
3648
3649
3650
3651
3652
3653
3654
3655
3656
3657
3658
3659
3660
3661
3662
3663
3664
3665
3666
3667
3668
3669
3670
3671
3672
3673
3674
3675
3676
3677
3678
3679
3680
3681
3682
3683
3684
3685
3686
3687
3688
3689
3690
3691
3692
3693
3694
3695
3696
3697
3698
3699
3700
3701
3702
3703
3704
3705
3706
3707
3708
3709
3710
3711
3712
3713
3714
3715
3716
3717
3718
3719
3720
3721
3722
3723
3724
3725
3726
3727
3728
3729
3730
3731
3732
3733
3734
3735
3736
3737
3738
3739
3740
3741
3742
3743
3744
3745
3746
3747
3748
3749
3750
3751
3752
3753
3754
3755
3756
3757
3758
3759
3760
3761
3762
3763
3764
3765
3766
3767
3768
3769
3770
3771
3772
3773
3774
3775
3776
3777
3778
3779
3780
3781
3782
3783
3784
3785
3786
3787
3788
3789
3790
3791
3792
3793
3794
3795
3796
3797
3798
3799
3800
3801
3802
3803
3804
3805
3806
3807
3808
3809
3810
3811
3812
3813
3814
3815
3816
3817
3818
3819
3820
3821
3822
3823
3824
3825
3826
3827
3828
3829
3830
3831
3832
3833
3834
3835
3836
3837
3838
3839
3840
3841
3842
3843
3844
3845
3846
3847
3848
3849
3850
3851
3852
3853
3854
3855
3856
3857
3858
3859
3860
3861
3862
3863
3864
3865
3866
3867
3868
3869
3870
3871
3872
3873
3874
3875
3876
3877
3878
3879
3880
3881
3882
3883
3884
3885
3886
3887
3888
3889
3890
3891
3892
3893
3894
3895
3896
3897
3898
3899
3900
3901
3902
3903
3904
3905
3906
3907
3908
3909
3910
3911
3912
3913
3914
3915
3916
3917
3918
3919
3920
3921
3922
3923
3924
3925
3926
3927
3928
3929
3930
3931
3932
3933
3934
3935
3936
3937
3938
3939
3940
3941
3942
3943
3944
3945
3946
3947
3948
3949
3950
3951
3952
3953
3954
3955
3956
3957
3958
3959
3960
3961
3962
3963
3964
3965
3966
3967
3968
3969
3970
3971
3972
3973
3974
3975
3976
3977
3978
3979
3980
3981
3982
3983
3984
3985
3986
3987
3988
3989
3990
3991
3992
3993
3994
3995
3996
3997
3998
3999
4000
4001
4002
4003
4004
4005
4006
4007
4008
4009
4010
4011
4012
4013
4014
4015
4016
4017
4018
4019
4020
4021
4022
4023
4024
4025
4026
4027
4028
4029
4030
4031
4032
4033
4034
4035
4036
4037
4038
4039
4040
4041
4042
4043
4044
4045
4046
4047
4048
4049
4050
4051
4052
4053
4054
4055
4056
4057
4058
4059
4060
4061
4062
4063
4064
4065
4066
4067
4068
4069
4070
4071
4072
4073
4074
4075
4076
4077
4078
4079
4080
4081
4082
4083
4084
4085
4086
4087
4088
4089
4090
4091
4092
4093
4094
4095
4096
4097
4098
4099
4100
4101
4102
4103
4104
4105
4106
4107
4108
4109
4110
4111
4112
4113
4114
4115
4116
4117
4118
4119
4120
4121
4122
4123
4124
4125
4126
4127
4128
4129
4130
4131
4132
4133
4134
4135
4136
4137
4138
4139
4140
4141
4142
4143
4144
4145
4146
4147
4148
4149
4150
4151
4152
4153
4154
4155
4156
4157
4158
4159
4160
4161
4162
4163
4164
4165
4166
4167
4168
4169
4170
4171
4172
4173
4174
4175
4176
4177
4178
4179
4180
4181
4182
4183
4184
4185
4186
4187
4188
4189
4190
4191
4192
4193
4194
4195
4196
4197
4198
4199
4200
4201
4202
4203
4204
4205
4206
4207
4208
4209
4210
4211
4212
4213
4214
4215
4216
4217
4218
4219
4220
4221
4222
4223
4224
4225
4226
4227
4228
4229
4230
4231
4232
4233
4234
4235
4236
4237
4238
4239
4240
4241
4242
4243
4244
4245
4246
4247
4248
4249
4250
4251
4252
4253
4254
4255
4256
4257
4258
4259
4260
4261
4262
4263
4264
4265
4266
4267
4268
4269
4270
4271
4272
4273
4274
4275
4276
4277
4278
4279
4280
4281
4282
4283
4284
4285
4286
4287
4288
4289
4290
4291
4292
4293
4294
4295
4296
4297
4298
4299
4300
4301
4302
4303
4304
4305
4306
4307
4308
4309
4310
4311
4312
4313
4314
4315
4316
4317
4318
4319
4320
4321
4322
4323
4324
4325
4326
4327
4328
4329
4330
4331
4332
4333
4334
4335
4336
4337
4338
4339
4340
4341
4342
4343
4344
4345
4346
4347
4348
4349
4350
4351
4352
4353
4354
4355
4356
4357
4358
4359
4360
4361
4362
4363
4364
4365
4366
4367
4368
4369
4370
4371
4372
4373
4374
4375
4376
4377
4378
4379
4380
4381
4382
4383
4384
4385
4386
4387
4388
4389
4390
4391
4392
4393
4394
4395
4396
4397
4398
4399
4400
4401
4402
4403
4404
4405
4406
4407
4408
4409
4410
4411
4412
4413
4414
4415
4416
4417
4418
4419
4420
4421
4422
4423
4424
4425
4426
4427
4428
4429
4430
4431
4432
4433
4434
4435
4436
4437
4438
4439
4440
4441
4442
4443
4444
4445
4446
4447
4448
4449
4450
4451
4452
4453
4454
4455
4456
4457
4458
4459
4460
4461
4462
4463
4464
4465
4466
4467
4468
4469
4470
4471
4472
4473
4474
4475
4476
4477
4478
4479
4480
4481
4482
4483
4484
4485
4486
4487
4488
4489
4490
4491
4492
4493
4494
4495
4496
4497
4498
4499
4500
4501
4502
4503
4504
4505
4506
4507
4508
4509
4510
4511
4512
4513
4514
4515
4516
4517
4518
4519
4520
4521
4522
4523
4524
4525
4526
4527
4528
4529
4530
4531
4532
4533
4534
4535
4536
4537
4538
4539
4540
4541
4542
4543
4544
4545
4546
4547
4548
4549
4550
4551
4552
4553
4554
4555
4556
4557
4558
4559
4560
4561
4562
4563
4564
4565
4566
4567
4568
4569
4570
4571
4572
4573
4574
4575
4576
4577
4578
4579
4580
4581
4582
4583
4584
4585
4586
4587
4588
4589
4590
4591
4592
4593
4594
4595
4596
4597
4598
4599
4600
4601
4602
4603
4604
4605
4606
4607
4608
4609
4610
4611
4612
4613
4614
4615
4616
4617
4618
4619
4620
4621
4622
4623
4624
4625
4626
4627
4628
4629
4630
4631
4632
4633
4634
4635
4636
4637
4638
4639
4640
4641
4642
4643
4644
4645
4646
4647
4648
4649
4650
4651
4652
4653
4654
4655
4656
4657
4658
4659
4660
4661
4662
4663
4664
4665
4666
4667
4668
4669
4670
4671
4672
4673
4674
4675
4676
4677
4678
4679
4680
4681
4682
4683
4684
4685
4686
4687
4688
4689
4690
4691
4692
4693
4694
4695
4696
4697
4698
4699
4700
4701
4702
4703
4704
4705
4706
4707
4708
4709
4710
4711
4712
4713
4714
4715
4716
4717
4718
4719
4720
4721
4722
4723
4724
4725
4726
4727
4728
4729
4730
4731
4732
4733
4734
4735
4736
4737
4738
4739
4740
4741
4742
4743
4744
4745
4746
4747
4748
4749
4750
4751
4752
4753
4754
4755
4756
4757
4758
4759
4760
4761
4762
4763
4764
4765
4766
4767
4768
4769
4770
4771
4772
4773
4774
4775
4776
4777
4778
4779
4780
4781
4782
4783
4784
4785
4786
4787
4788
4789
4790
4791
4792
4793
4794
4795
4796
4797
4798
4799
4800
4801
4802
4803
4804
4805
4806
4807
4808
4809
4810
4811
4812
4813
4814
4815
4816
4817
4818
4819
4820
4821
4822
4823
4824
4825
4826
4827
4828
4829
4830
4831
4832
4833
4834
4835
4836
4837
4838
4839
4840
4841
4842
4843
4844
4845
4846
4847
4848
4849
4850
4851
4852
4853
4854
4855
4856
4857
4858
4859
4860
4861
4862
4863
4864
4865
4866
4867
4868
4869
4870
4871
4872
4873
4874
4875
4876
4877
4878
4879
4880
4881
4882
4883
4884
4885
4886
4887
4888
4889
4890
4891
4892
4893
4894
4895
4896
4897
4898
4899
4900
4901
4902
4903
4904
4905
4906
4907
4908
4909
4910
4911
4912
4913
4914
4915
4916
4917
4918
4919
4920
4921
4922
4923
4924
4925
4926
4927
4928
4929
4930
4931
4932
4933
4934
4935
4936
4937
4938
4939
4940
4941
4942
4943
4944
4945
4946
4947
4948
4949
4950
4951
4952
4953
4954
4955
4956
4957
4958
4959
4960
4961
4962
4963
4964
4965
4966
4967
4968
4969
4970
4971
4972
4973
4974
4975
4976
4977
4978
4979
4980
4981
4982
4983
4984
4985
4986
4987
4988
4989
4990
4991
4992
4993
4994
4995
4996
4997
4998
4999
5000
5001
5002
5003
5004
5005
5006
5007
5008
5009
5010
5011
5012
5013
5014
5015
5016
5017
5018
5019
5020
5021
5022
5023
5024
5025
5026
5027
5028
5029
5030
5031
5032
5033
5034
5035
5036
5037
5038
5039
5040
5041
5042
5043
5044
5045
5046
5047
5048
5049
5050
5051
5052
5053
5054
5055
5056
5057
5058
5059
5060
5061
5062
5063
5064
5065
5066
5067
5068
5069
5070
5071
5072
5073
5074
5075
5076
5077
5078
5079
5080
5081
5082
5083
5084
5085
5086
5087
5088
5089
5090
5091
5092
5093
5094
5095
5096
5097
5098
5099
5100
5101
5102
5103
5104
5105
5106
5107
5108
5109
5110
5111
5112
5113
5114
5115
5116
5117
5118
5119
5120
5121
5122
5123
5124
5125
5126
5127
5128
5129
5130
5131
5132
5133
5134
5135
5136
5137
5138
5139
5140
5141
5142
5143
5144
5145
5146
5147
5148
5149
5150
5151
5152
5153
5154
5155
5156
5157
5158
5159
5160
5161
5162
5163
5164
5165
5166
5167
5168
5169
5170
5171
5172
5173
5174
5175
5176
5177
5178
5179
5180
5181
5182
5183
5184
5185
5186
5187
5188
5189
5190
5191
5192
5193
5194
5195
5196
5197
5198
5199
5200
5201
5202
5203
5204
5205
5206
5207
5208
5209
5210
5211
5212
5213
5214
5215
5216
5217
5218
5219
5220
5221
5222
5223
5224
5225
5226
5227
5228
5229
5230
5231
5232
5233
5234
5235
5236
5237
5238
5239
5240
5241
5242
5243
5244
5245
5246
5247
5248
5249
5250
5251
5252
5253
5254
5255
5256
5257
5258
5259
5260
5261
5262
5263
5264
5265
5266
5267
5268
5269
5270
5271
5272
5273
5274
5275
5276
5277
5278
5279
5280
5281
5282
5283
5284
5285
5286
5287
5288
5289
5290
5291
5292
5293
5294
5295
5296
5297
5298
5299
5300
5301
5302
5303
5304
5305
5306
5307
5308
5309
5310
5311
5312
5313
5314
5315
5316
5317
5318
5319
5320
5321
5322
5323
5324
5325
5326
5327
5328
5329
5330
5331
5332
5333
5334
5335
5336
5337
5338
5339
5340
5341
5342
5343
5344
5345
5346
5347
5348
5349
5350
5351
5352
5353
5354
5355
5356
5357
5358
5359
5360
5361
5362
5363
5364
5365
5366
5367
5368
5369
5370
5371
5372
5373
5374
5375
5376
5377
5378
5379
5380
5381
5382
5383
5384
5385
5386
5387
5388
5389
5390
5391
5392
5393
5394
5395
5396
5397
5398
5399
5400
5401
5402
5403
5404
5405
5406
5407
5408
5409
5410
5411
5412
5413
5414
5415
5416
5417
5418
5419
5420
5421
5422
5423
5424
5425
5426
5427
5428
5429
5430
-0.006761568769603621 0.9778036622103781 0
0.007986209380754212 -0.9775163365440211 0
-0.08630282188317563 -0.9764616556811535 0
0.08614967421108742 0.9771163647702835 0
-0.979324248094895 -7.657772086433092e-06 0
0.9789390699502953 7.406899552969386e-06 0
-0.09395878712251524 0.9767368470046383 0
0.09438293484741073 -0.9760785688706159 0
-0.6053451513177885 -0.756886372028074 0
0.6077647441594757 0.753601021041412 0
-0.6053451513177885 0.756886372028074 0
0.6053451513177885 -0.756886372028074 0
-0.9129528696806607 -0.3277078371225915 0
0.911456153915726 0.3235915940204281 0
-0.914912103576518 0.3276158294030379 0
0.9098795126769669 -0.3313833645846304 0
-0.1381168069945592 -0.9749952498989471 0
0.1390299815788479 0.9769762396632531 0
-0.1507075564577017 0.9759775023266739 0
0.1521481776388302 -0.9763154858941838 0
-0.281599270473419 -0.9332679826849846 0
0.2827099369836905 0.9338945666443325 0
-0.3125152702450776 0.9176556182211355 0
0.3112958273474011 -0.9199187301285268 0
-0.03944605803964273 -0.9773836151788979 0
0.03987283323871137 0.9765816866258691 0
-0.8148368246442768 -0.5336593822719625 0
0.8154058248596487 0.5344105910311979 0
-0.8177826064864999 0.5358432451389049 0
0.8141529759433384 -0.5343303331709575 0
-0.9746572551297781 0.07855535755265881 0
-0.97851866740991 -0.07874015748031496 0
0.974669610958074 -0.0782588594926704 0
0.9762314616466774 0.08377137909538825 0
0.04799306788113199 -0.9777670931583153 0
-0.04683068187272302 0.9757129973757784 0
-0.4515478192753635 -0.8499742488407884 0
0.4516510126463347 0.8549177793960793 0
-0.452277375084596 0.8553333276539503 0
0.4533575045046854 -0.8566219488423088 0
-0.7057956365573317 -0.6654209114921047 0
0.7058891560744864 0.6651316289352518 0
-0.7079635284191017 0.662819179334395 0
0.7065157877361278 -0.6615477290834746 0
-0.9456439041225135 -0.1827227616268641 0
0.9460699332942943 0.1832784401838759 0
-0.9469066973698543 0.1837750787747308 0
0.9460699332942945 -0.1832784401838758 0
-0.8652245729409636 -0.4344730098577608 0
0.8669462074254387 0.4304463644167277 0
-0.8605439904672412 0.4365508274532764 0
0.8629196877609966 -0.4352341854215688 0
-0.01539611338948236 -0.9774866324110056 0
0.01568627450980484 0.9778638688292349 0
0.07039230649730678 -0.9773448073669766 0
-0.06933110465085403 0.9767125296126441 0
-0.06279451650652519 -0.9753836862917579 0
0.06273235002881208 0.9766973143605787 0
-0.1110541973546156 -0.9750337668706238 0
0.1112538016149791 0.9754176693365177 0
-0.1192300450488793 0.9762106752207818 0
0.1193277310924358 -0.9770044392698178 0
-0.5376032249946627 0.8150444450167917 0
0.536290459676056 -0.8119522127377038 0
-0.2287497556551643 0.9475582519966015 0
0.2249316995903641 -0.94524560106889 0
-0.5366862660581329 -0.8133710628938282 0
0.5349386258969404 0.8117032480526395 0
-0.189003323808128 -0.9573907587650391 0
0.18996536571314 0.9558339138175855 0
-0.357690741525401 -0.8986939020636457 0
0.3598425654352205 0.8941255379017037 0
-0.9043175392544971 -0.3873283995462239 0
0.9010069513271294 0.3853998244705069 0
-0.898294088537115 0.385790152773113 0
0.9027619569181154 -0.3856334964290671 0
-0.769211062171252 -0.5833304171352921 0
0.7690068836208301 0.5837704596874137 0
-0.7672737499534887 0.5871519541364228 0
0.7653929925130908 -0.5892218427063071 0
-0.3938256914676956 0.8878912859311736 0
0.3917243729787561 -0.8863880985064464 0
-0.9374294916825652 -0.2530501635769263 0
0.9386132596618149 0.2536401695140323 0
-0.9380244394783606 0.2536452472848348 0
0.9405576169764105 -0.2501473683664411 0
-0.9768268688787893 0.03237779232192866 0
-0.9754955887774357 -0.03327971519152274 0
0.9762757148412124 -0.03281017763725403 0
0.9784273839494554 0.03154871600476889 0
0.02335124364288334 -0.9776182952779729 0
-0.02352941176470476 0.9774596123958238 0
-0.6526021721765904 -0.7248741969284437 0
0.6517052435780544 0.7231622908102089 0
-0.652965319923883 0.7226346503330088 0
0.6563405003260682 -0.7256412878953489 0
-0.849277028260595 -0.4974331478339092 0
0.8513594054290277 0.4970185650880349 0
-0.8494592881980458 0.4966317187365258 0
0.8473182121059659 -0.4968756397982104 0
-0.1354885583536001 0.9754635878907262 0
-0.1256738747760626 0.9622174684316984 0
0.1360774571406302 -0.9757765801951996 0
0.1262359659285845 -0.9624444117270885 0
0.1647058823529421 0.9774596123958238 0
-0.1647058823529421 -0.9774596123958238 0
-0.9731469309582863 -0.1072963147607355 0
-0.9526255341319121 -0.09206103696673015 0
-0.950305942958164 -0.1176508833829566 0
-0.9294981444562744 -0.10287076383564 0
-0.9316357222478167 -0.07788394803516693 0
-0.9083902863775003 -0.08906038493839281 0
-0.910961580871622 -0.06310582736532622 0
-0.8876352638961753 -0.07466587278018193 0
-0.8903091970062704 -0.0484626418849179 0
-0.8675506611697229 -0.05949120763420887 0
-0.8698024020624262 -0.03415646702956347 0
-0.8466211106921708 -0.04492118269636671 0
-0.844474630039894 -0.07046655311270734 0
-0.8232118378439056 -0.05572794442768959 0
-0.8211458807164409 -0.08166917636105699 0
-0.7996305892990894 -0.0667500316799487 0
-0.8019741749142667 -0.04067330314528822 0
-0.7781052613474199 -0.05170368957128884 0
-0.7805482178162274 -0.02538615307162152 0
-0.7564532521163498 -0.03653065274308829 0
-0.7541619009866465 -0.06287663886367229 0
-0.7323254094327736 -0.04774978164491329 0
-0.7300569855437611 -0.07432915356296783 0
-0.7080710665123895 -0.05906361038352808 0
-0.7104294714193786 -0.03242040609523843 0
-0.6859971915375918 -0.04367559897008241 0
-0.6828123195849728 -0.06991759583381921 0
-0.660839982745085 -0.05404936297282145 0
-0.6637415665453036 -0.02789617983880108 0
-0.6390202287288291 -0.03934306105382741 0
-0.6362797239018608 -0.06560523847830661 0
-0.6142153854303471 -0.05093574149995064 0
-0.6119970007129055 -0.07837702926915109 0
-0.5893621878174804 -0.06280386051366908 0
-0.5917588535276879 -0.03542482271430908 0
-0.5666658765099333 -0.0470819022799123 0
-0.5690431494411173 -0.01945843748660033 0
-0.5438522382590315 -0.03115143598460987 0
-0.5415097491309558 -0.05882881047130693 0
-0.5185792851967875 -0.04296822974363713 0
-0.5162442429126916 -0.07082811622060869 0
-0.4932148053749542 -0.0548685856233749 0
-0.4955999519193517 -0.02696817427576603 0
-0.4701233450757255 -0.03883246817883958 0
-0.4678219250124642 -0.06682088286238448 0
-0.4452665205391278 -0.04994331556092776 0
-0.4470912722977172 -0.02260563345305654 0
-0.421590113433653 -0.03458449858494076 0
-0.4193072911677288 -0.06064238567117854 0
-0.3959576118144248 -0.04639973886731082 0
-0.3982922434411696 -0.01854494115877313 0
-0.3726621624731856 -0.03070909584691742 0
-0.3703715542268121 -0.05875484211058312 0
-0.347173024929656 -0.04258684420063612 0
-0.3449111586565881 -0.07077679815865029 0
-0.32181304946674 -0.0548593651150826 0
-0.3195425440993349 -0.0826377505045582 0
-0.2966512970649846 -0.06682333690272227 0
-0.2943518001415 -0.09438221662718876 0
-0.2717192333987349 -0.07872154969165945 0
-0.269594019126047 -0.1061373436183943 0
-0.2738200588725347 -0.05119044434420425 0
-0.249096503901461 -0.0631645855598804 0
-0.2511254355110967 -0.0356824287263296 0
-0.2265615779641365 -0.04768056548012516 0
-0.2285487122490003 -0.02037795933852559 0
-0.2041429266158243 -0.03223412969730945 0
-0.2063392016586826 -0.005527297198822563 0
-0.1819497009771348 -0.01701872245871166 0
-0.1835272997765756 0.008578505992843499 0
-0.1601957756728689 -0.001356942441421898 0
-0.1612076620742695 0.02380004835235909 0
-0.1380503078049169 0.01365237874890283 0
-0.139776716816242 0.03972417041170798 0
-0.116399063002501 0.02909742227123648 0
-0.1179786764953785 0.05492757833889841 0
-0.09382717516117547 0.04297787020528277 0
-0.09599452156640868 0.06973827978521789 0
-0.07168057613816008 0.05731824320449685 0
-0.09604303353011086 0.01601556122212574 0
-0.07344430286515748 0.08368602863612706 0
-0.05021408522897388 0.07329733588225704 0
-0.05152264402668396 0.09873064887645601 0
-0.02718704269192204 0.08703711743307251 0
-0.03015206423584576 0.1147019006947613 0
-0.005057487133704884 0.1019723435522703 0
-0.008056614769611116 0.1298158298214206 0
0.01617232066979577 0.1181735821364162 0
0.01383622350728276 0.1452988317168432 0
0.03819253081321404 0.1336574227465989 0
0.04017414235633151 0.1068467034330313 0
0.06250803308962516 0.1220488937931453 0
0.06461586446141471 0.09511495458266511 0
0.08701802309282987 0.1102791826415314 0
0.08905572291503726 0.08316843984133422 0
0.111589949134465 0.09840493752936437 0
0.1136530337069966 0.07119942422076039 0
0.1362785314847363 0.08654465486745404 0
0.13814548587479 0.05874919576594744 0
0.1610293194745936 0.07445981308372478 0
0.162917178794605 0.04659679171472545 0
-0.05629390074736485 0.124848588992998 0
0.1860029718315271 0.06258055382343539 0
0.1880466820175917 0.0347551510514423 0
0.06053895352417846 0.1488924953619634 0
0.1837953132552658 0.0898617136867164 0
0.2110806670723707 0.05060692384418446 0
0.2130899076140407 0.02245226206536813 0
0.2362381162924459 0.03850367997631391 0
0.2382483740548067 0.01036745660911143 0
0.2615053154676295 0.026378115132692 0
0.2635798772399068 -0.001547648426712737 0
0.2402523111944413 -0.01742484900415216 0
0.2869821231999956 0.01413132761877987 0
0.2658207013214143 -0.02971907055197802 0
0.242390999424803 -0.04572080880145673 0
0.2679485054322729 -0.05790799004267679 0
0.2445152166405525 -0.07372732478231769 0
-0.2919369630790433 -0.1215790873309028 0
-0.267345420237159 -0.1331224759891519 0
0.2698908838300707 -0.08596695639381954 0
0.2466954324482346 -0.1017314689495244 0
-0.2890068332899983 -0.1484366473729609 0
-0.2652183108048471 -0.1598539178457129 0
-0.160758398265998 0.05082507314640927 0
0.2718843955525561 -0.1139315191219545 0
0.2497460706464262 -0.1295595603047728 0
0.273982381390698 -0.1417163130961453 0
0.2520972757499312 -0.1571739640116452 0
0.297037029289128 -0.1272083619573677 0
0.2759783534724505 -0.1692399610268183 0
0.2534614627930899 -0.1845771696342792 0
-0.2866305152816346 -0.1750244666243779 0
-0.2631797402879917 -0.1863917649034426 0
0.277885725108857 -0.1964945432498393 0
0.2554784438613559 -0.2117536730579845 0
-0.2846613496947845 -0.2011516549811666 0
-0.2612763790708008 -0.2125478109874099 0
0.2798805147122381 -0.2235426698858744 0
0.2575707227502358 -0.2388184054241715 0
-0.2828449888043524 -0.2266361370775397 0
-0.259526312572299 -0.2384862528134828 0
-0.2810459734593907 -0.2525655754573097 0
-0.2577182149796839 -0.2641632771390369 0
-0.2786743535512558 -0.278686698546081 0
-0.2556384181405558 -0.2894489229123887 0
0.2819134171611868 -0.2504472917420104 0
0.2596489145579385 -0.2656977373876779 0
-0.2350786233907023 -0.2752034757084177 0
-0.2330383605062548 -0.3002522706596953 0
-0.2531742300772444 -0.3141893566608551 0
-0.2310797147344557 -0.3249428916238165 0
-0.2511208167643965 -0.3385389243909125 0
-0.2293044116314863 -0.3490638115326494 0
-0.2490521328260614 -0.3626595884180541 0
-0.227260194953821 -0.3727873501177988 0
-0.2078347305204588 -0.3594521749791638 0
-0.2060255973583011 -0.3828556608755676 0
0.2838617892156063 -0.2772939951257486 0
0.261780087331152 -0.2925239457506527 0
0.306420036191176 -0.2622977310684161 0
-0.2250150204564261 -0.3961692600566232 0
-0.2039416419095273 -0.4058907083806593 0
-0.1852405821781459 -0.3928095297526013 0
-0.1832604734823382 -0.4156054743149133 0
-0.2017442430890728 -0.4285574545834467 0
-0.1810984899192952 -0.4378746275270928 0
-0.162882517771055 -0.4250649654839341 0
-0.1607066987526703 -0.4469921802548317 0
-0.1428085799409771 -0.4341964602649242 0
-0.1407100351803212 -0.4561055116142027 0
-0.1584881550383559 -0.4687709145979015 0
-0.1385692563360086 -0.4776353990670741 0
-0.1211172986084311 -0.4651643100910174 0
-0.1188774732714049 -0.4863926018900799 0
-0.1015866574917399 -0.473870939173213 0
-0.09934528554321276 -0.4951368625655659 0
0.2342659825714333 -0.2270392883922103 0
-0.116684520442844 -0.5076528185603072 0
-0.09713282506837155 -0.5163508553941463 0
-0.07989163900370058 -0.5037668732723327 0
-0.0775772391287773 -0.5249858920006298 0
-0.06036655755065855 -0.512366485092859 0
-0.05809711483256218 -0.5335822786523852 0
-0.07525439512292149 -0.5461083056242748 0
-0.05580100202088319 -0.5546817535608342 0
-0.03871444516239226 -0.5421275812015836 0
-0.03634486792988677 -0.5632143545017991 0
-0.01931717706482484 -0.5506885939659995 0
-0.01692274269585221 -0.5717642657524157 0
0.0001362313920893427 -0.559195686904449 0
0.002336144065671938 -0.5802757714773688 0
-0.01450564771905752 -0.5926866513578634 0
0.01961646779408389 -0.5681250146363412 0
0.004482367122226451 -0.6011007599819136 0
-0.01208174179243235 -0.6133084167212409 0
0.006572752570920444 -0.6215624904575194 0
-0.009684410410181792 -0.6335605334625274 0
0.008652806351803845 -0.6416993407167577 0
-0.007311806517313295 -0.6534426394086585 0
0.2847454660599986 0.04231524888987785 0
0.310291341142242 0.03003874619606875 0
0.3080254521018145 0.05831453171728392 0
0.3335456852522879 0.04613124937423352 0
0.3313335569006687 0.07442090768196476 0
0.3569713005011491 0.06219672619763887 0
0.3547335315319684 0.09058277487809195 0
0.3804496000676552 0.07833581817385464 0
0.378172569496261 0.1068332810038651 0
0.4040931459209471 0.09449102205394629 0
0.401739442254882 0.123185049540913 0
0.4275355076203669 0.1103814882738148 0
0.4246502441920245 0.1400634147818006 0
0.3992079993625497 0.1521334113593752 0
0.4299481367472701 0.08220339271101787 0
0.2861083984713474 -0.3040362493046496 0
0.4534112927029194 0.09805749215817777 0
0.4556031981060092 0.0697699033822211 0
0.4225326651436905 0.1695939554528021 0
0.3968394543528039 0.1812919423644953 0
0.01068529092131187 -0.6615064613599655 0
-0.005238668508352653 -0.6730199272295856 0
0.02691041859053391 -0.6498585411611874 0
0.4194434550179006 0.1977502038591699 0
0.3943387352042381 0.2103745538544464 0
0.4789898271431528 0.08554328786583161 0
0.4812851224494772 0.05753723589906959 0
0.02895500743950535 -0.6698685700418345 0
0.04559419870850515 -0.657963905893006 0
0.4214620644549952 0.2292272357702146 0
0.3933483822260493 0.2401345282232011 0
0.5043999374114374 0.07348304854104677 0
0.5068809900117459 0.04550231846958718 0
0.4166666701568686 0.2563971965640312 0
0.3908032171976186 0.2693198589230126 0
0.04776973596828519 -0.6785790830352543 0
0.0647692436669899 -0.6662744395976655 0
-0.02283250170755217 -0.6652767956406447 0
-0.0208152420062637 -0.6844889742843487 0
-0.03857184239256473 -0.676609882311922 0
-0.03643739273787631 -0.6964733537434504 0
-0.05459216693249232 -0.688154908102805 0
0.01731752386647915 -0.5464445451855562 0
0.03721209636803299 -0.5555462345386055 0
0.5296019702204153 0.06207062168197656 0
0.5323125439248115 0.03345948285521499 0
0.4162209418967402 0.285328728450841 0
0.3876179263693921 0.2987743746249565 0
-0.05244809166251248 -0.7085129267122314 0
-0.07113349801828579 -0.699905921891913 0
-0.3023557445829564 -0.2673081829543511 0
0.4150043285247167 0.3135392895105854 0
0.3857266413033053 0.3281578419055409 0
0.4412492662812904 0.2731450183092571 0
0.03478122679280689 -0.5334288934587809 0
0.05484847526830559 -0.5422630810389543 0
0.5552580440634826 0.04998978503034512 0
0.5576677703017837 0.02120327737482821 0
0.5799054212423838 0.03593258883637341 0
0.5828648310504878 0.00880805029462485 0
0.5835543574255152 0.06571044399108338 0
0.6030187233608816 0.02362451710488592 0
0.6075799767322323 -0.003360359191217613 0
0.411346192590726 0.3436783762175848 0
0.3831966666116577 0.3578423863484708 0
0.5850152726680313 -0.01899227038680136 0
0.6102058976457052 -0.0309918294591196 0
0.6317876712298489 -0.01533308813953298 0
0.5866612283028902 -0.04684115180306155 0
0.6124266453215002 -0.05879619381470295 0
0.223039679495008 -0.1197371396226612 0
0.5887680193870612 -0.07470224245057207 0
0.614681041217698 -0.08667646570690615 0
0.5907137436148784 -0.102280634403445 0
0.05251662244318058 -0.5202676844976566 0
0.07269513236386861 -0.5296427429961365 0
0.3583001874035297 0.3413292741583715 0
0.3559598716590811 0.3708552569327013 0
0.3315201012573309 0.3541353192087571 0
0.3290999239021213 0.383651186689932 0
0.3047499207620133 0.3669164380457067 0
0.3024452864758256 0.3963612328573612 0
0.3267043442010464 0.413054328361169 0
0.2996786051805179 0.4268387104925451 0
0.2756027182483889 0.4081527326166015 0
0.2735146649130612 0.4398777281559888 0
0.2497610948796554 0.4206778859739856 0
0.2480362003547859 0.4514728249896138 0
0.2245638181221441 0.4330724471455645 0
0.2226556882499209 0.4615784333669771 0
0.1997313129891926 0.4448555104597131 0
0.1978244384963628 0.4726346632933235 0
0.1764586742915502 0.4585727547185984 0
0.1736539161160058 0.4836269899662353 0
0.1530081870261587 0.4703152776799867 0
0.1501221219822579 0.4944399516373007 0
0.12982616996943 0.4811379124484763 0
0.1271590667027433 0.5053797585918616 0
0.1072660582919858 0.4919463451746877 0
0.1048607611828008 0.5158131227468288 0
0.08463342398983485 0.5016661487721689 0
0.08249405543833448 0.5260444242649339 0
0.06221270987852522 0.5119149079426621 0
0.05957913594039727 0.535725468871955 0
0.03944355964804377 0.5221619471193715 0
0.037111050573944 0.5468795103569863 0
0.01653128775463307 0.5326338224900878 0
0.01380902267400758 0.5572258033347947 0
-0.006849834741165189 0.5431217809232544 0
-0.009663162336382423 0.5698460904438289 0
-0.03122175923891451 0.5554554481773539 0
0.01031085967111529 0.5824477896750465 0
-0.01153115977903963 0.5955472923769591 0
0.008185881054914836 0.6082357971164553 0
-0.01230353485045362 0.6189557917168266 0
0.007290675578644564 0.6323679337139315 0
-0.01378686301050079 0.6426020612059141 0
0.005369529472637904 0.6557260987334957 0
-0.02833262089415817 0.5281622031519599 0
-0.05266982202614424 0.5398770361375285 0
0.1482100586715622 0.5187394844236162 0
-0.01525742787829614 0.6656450458990334 0
0.003181437697924269 0.6784117940301991 0
-0.05003851286041355 0.5126081212673358 0
-0.07486067995597868 0.5246309455750438 0
-0.07226181666685492 0.4968782212370835 0
-0.09725477552971297 0.5088380010690966 0
-0.09479808820555637 0.4810984469065994 0
-0.1199469878820508 0.4928083753921608 0
-0.1223310014210857 0.5207875209667374 0
-0.1456948533367176 0.5051918235307477 0
-0.1431063138922294 0.4767546309610681 0
-0.1690512184689034 0.4892436326574776 0
-0.1664246229201088 0.4604768748078727 0
-0.1921889824224884 0.4726752900139009 0
-0.189822076752631 0.4441102679284944 0
-0.2157023898827932 0.4563702360432373 0
-0.2133728648076033 0.4277175087291528 0
-0.2393832439764787 0.4400486797395301 0
-0.237043868194555 0.4112727213808423 0
-0.2631988192643138 0.4236615274940048 0
-0.2608443062623123 0.3947923683487073 0
-0.2871775117368096 0.4071642632535613 0
-0.01669212500404215 0.6879959077982357 0
0.001368744824853547 0.7005823473753622 0
0.0209042994028235 0.6913174002182801 0
0.01929457308155828 0.7128012852814201 0
0.03835686216243037 0.7035751115389391 0
0.03648852397824229 0.7247499344851847 0
0.01785576195679038 0.733704489812439 0
0.05620837191776686 0.715714448806921 0
-0.2895099727168546 0.4362798441182754 0
-0.3136733752289708 0.4196700014362668 0
-0.3112697263076938 0.3903991110840095 0
-0.3379320379643432 0.4029299981823771 0
-0.1943903837005221 0.5010709567811311 0
0.2455151825021074 0.4774668092643699 0
0.03434722064296195 0.7453255655316919 0
0.01641219243021256 0.7538046691904366 0
-0.3354943242582631 0.3734521305314632 0
-0.3622836334385127 0.3860836059290165 0
-0.3160580602220155 0.4490466039801895 0
-0.359790888256979 0.356507396605773 0
-0.3867143273966323 0.3691716108224161 0
0.08967201297387353 0.47796096084525 0
0.03210030221693053 0.764999586652428 0
0.01497431468130433 0.7730912191719029 0
0.06695388787608945 -0.6874486232506976 0
0.08448602315069288 -0.6748270333664836 0
0.6169297147272843 -0.114593424196931 0
0.5923242991416104 -0.1296020564914009 0
-0.3842265933367027 0.3395303799371814 0
-0.4112680723977626 0.3521690326328308 0
-0.4137441580964397 0.3820186351135141 0
-0.4383085935821897 0.3647373719125538 0
0.61911507248497 -0.1425505165532441 0
0.5952541055215941 -0.1579450475480419 0
0.02996291382543401 0.7838287331973204 0
0.01334264386773432 0.7916555889535304 0
-0.4358855849712494 0.3349456452790139 0
-0.4630208911358508 0.3475102684496216 0
0.07055836511938279 -0.5068901936178379 0
0.09121309837213831 -0.5165166151935833 0
0.08677108608787405 -0.6966825870060794 0
0.1046318886348732 -0.6836338212287159 0
-0.06874254503524892 -0.7202334950325755 0
-0.05033938277889429 -0.728703806294846 0
-0.08782347825675065 -0.7119479923668038 0
-0.06623674079917069 -0.7402722851575428 0
-0.04836633383559129 -0.7480695675565878 0
-0.06316316570607071 -0.7593654644719423 0
-0.0461253320304277 -0.7667882902659542 0
-0.06043271403133292 -0.7778276788155689 0
-0.04419251293894259 -0.784890474410848 0
-0.001645063256204602 0.7812392266814059 0
-0.003202240078334894 0.7994068373086699 0
-0.01834251000860438 0.78890833300939 0
-0.05842395679854815 -0.795628542471952 0
-0.04267646507991325 -0.802382820757496 0
-0.07458674722793333 -0.7877666323667928 0
-0.4411608724172816 0.3941849332615234 0
-0.4606217509566403 0.3175670871936815 0
-0.4879063606933939 0.330426395084192 0
0.02811092403878768 0.8020347614972299 0
0.04473777743043241 0.7944948641897991 0
0.6215809233114225 -0.1708466411460575 0
0.5983261550169294 -0.1871195890073877 0
0.1155561996362335 0.04373902991668295 0
-0.02011444517667901 0.8077561485228943 0
-0.03545716638512816 0.7967287785009656 0
-0.0348089063861597 0.6757341735650626 0
-0.3588736701618324 0.3267945055374448 0
-0.2407500141757337 -0.1718256827574585 0
-0.05599833305595815 -0.8125864328718482 0
-0.04097444327784442 -0.8190325561046508 0
0.1070248770227789 -0.7060288628712535 0
0.1254235400710235 -0.692425379157781 0
-0.1874986353561434 0.4149881945118164 0
0.6411540473080193 -0.1267721873502136 0
-0.485406661913997 0.3003040522255904 0
-0.5127019759323372 0.3131839779795147 0
0.08888483350513134 -0.4933829889622026 0
0.1099950762990763 -0.5024725777852899 0
0.1745385878516405 0.4356909369028473 0
0.04295814279072363 0.8130489865386565 0
0.05956569653036911 0.805341623143277 0
-0.3750557511605213 -0.002447905460551572 0
0.6241555424782536 -0.1994202301679242 0
0.5999972958457074 -0.2160861436847204 0
-0.05359255235159385 -0.8288246787011815 0
-0.03899145626652741 -0.8348646973232079 0
-0.02650348023501027 -0.8254536724201431 0
-0.02466087787324581 -0.8409959522850834 0
-0.0123490187053814 -0.83180309494828 0
-0.01056311047348868 -0.8470573325242187 0
0.001658599058392151 -0.8379261889711738 0
-0.5101744146062717 0.2831046797531435 0
-0.5375612799213088 0.2958949206530866 0
-0.5400850308362279 0.3261213623451473 0
-0.5649531433038574 0.3087829668696663 0
-0.5623274950273645 0.2786107841629246 0
-0.5896663285429433 0.2913887083759215 0
0.06792212284018471 -0.4841827165511121 0
0.08619664810631779 -0.4704488636939364 0
0.0651101486362143 -0.4612185445776235 0
0.3232072161446506 0.4449676516744505 0
0.1279963725775671 -0.7157836794029848 0
0.1469546607977072 -0.7016209237396731 0
-0.2126357173428223 -0.2862974892900769 0
0.6328821439510035 -0.229856042365866 0
0.6033897800543286 -0.2452892599131705 0
0.08365111462170599 -0.4473381426075326 0
0.06221118263260717 -0.4380617807605681 0
0.003527780349814822 -0.853018012459931 0
0.01561005438836896 -0.8439792439281918 0
-0.5868538847703177 0.2611919860686435 0
-0.6142582755187661 0.2740400418510588 0
0.08097070024785766 -0.42447428448061 0
0.05919424802751865 -0.4147373739349253 0
0.5708756708684941 -0.1739584479487142 0
-0.4829209753367062 0.2703221083156282 0
0.05789569743913172 0.8241868850590373 0
0.07504709265284375 0.8161535117036314 0
-0.05138516301289096 -0.8444086744528232 0
-0.1590245370847092 -0.0282657335234318 0
0.6521979124604793 -0.2079760579112226 0
0.1494649921327198 -0.7257012173666866 0
0.1690369883704546 -0.7116127598191115 0
0.1663727944835047 -0.6870810146610065 0
0.188307814768425 -0.6962687177703863 0
0.1862545821163705 -0.6722551136802637 0
0.2086776843505108 -0.6815571290302948 0
0.206651460756673 -0.6572247707758002 0
0.2304762745330687 -0.6678164471284906 0
0.228518839460469 -0.6432576730193383 0
0.2523979191819943 -0.6528375651723854 0
0.2499867804042482 -0.6277209312711286 0
0.2737492061918853 -0.6372373861382531 0
0.2703215985923746 -0.6102798454133235 0
0.2952505313634585 -0.6212431709978624 0
0.2924212351837701 -0.5938525985004567 0
0.3179050610702044 -0.6050616704579255 0
0.3151018915848523 -0.5771080213704752 0
0.3408884961287758 -0.5882613514007473 0
0.3380593484026873 -0.5599376960693109 0
0.364400867030601 -0.5716608062959656 0
0.3613656277833646 -0.5428157664259292 0
0.3879588432827091 -0.5546240943409553 0
0.3848643338541525 -0.5255976556676214 0
0.4115946947162777 -0.5374478870461561 0
0.4082223618148256 -0.5088827131987603 0
0.4353110285673546 -0.5203426774565627 0
0.4314671293300822 -0.4922793045382157 0
0.4591359615811754 -0.5031937759634735 0
0.1009598865807503 -0.4343008781989726 0
-0.5676419021702669 0.3391278953400449 0
0.6330307041094173 -0.2602923577360874 0
0.0174871057407444 -0.859027908347342 0
0.02951803585192813 -0.8500463355927883 0
-0.6114121431832036 0.244001916334892 0
-0.6385997046530119 0.2567459603371585 0
0.07771979322038956 -0.4009870784051484 0
0.05625958343037366 -0.3909646660584903 0
0.5638837540394968 -0.08961425769420789 0
-0.0660888636036731 -0.8384131978641728 0
0.3129394095162032 -0.5482142590736967 0
-0.03732878799661449 0.8161450034499842 0
-0.05317152467668263 0.804687673027607 0
-0.009476691968836944 -0.8626713176663335 0
0.1713725825265714 -0.7357872081435027 0
0.4555088441188913 -0.4743745109403779 0
0.4831516813261864 -0.4856125776839146 0
-0.6361193842714898 0.2276879363179842 0
-0.6629443053760959 0.239726128780493 0
0.0752274870161893 -0.376549673847197 0
0.05348929717888798 -0.3667505818874743 0
0.03133008986775269 -0.8650694356662944 0
0.04349209271946752 -0.8560470293013502 0
-0.3082253043349853 -0.1868215150852171 0
-0.06973532539112894 0.4693845074837851 0
-0.06383132062345916 -0.8541394875810827 0
-0.07882129012283844 -0.8482173035049292 0
0.486434485045607 -0.5152171866298091 0
0.5106766691028823 -0.4973331032504452 0
-0.6412326611860881 0.2864355303159816 0
0.07312882588644602 -0.3521654390872538 0
0.05052100178687422 -0.3423645411916261 0
0.3691574964548943 0.2223817908875566 0
0.3651319030778771 -0.6012681395373378 0
-0.6106085198733857 0.2135416285641292 0
0.07049206038133124 -0.3276513798097206 0
0.04769822387142564 -0.3177868763300722 0
0.0677738622330788 -0.3029278009522391 0
0.04485367542903105 -0.293035129888861 0
0.02482761940012197 -0.3079852355279513 0
0.02156419970220578 -0.2831567146671243 0
0.04192970031732934 -0.2680985688838511 0
0.01844707794558907 -0.2581686298706933 0
0.0389816389776995 -0.242966029780988 0
0.01549642534016931 -0.232954525117318 0
0.03605045563458337 -0.2176391600115341 0
0.01239453252085456 -0.2075509162360593 0
0.03301514886053393 -0.1922826238507802 0
-0.6612290797001953 0.2106136802685354 0
-0.6871954196418379 0.2227685875465455 0
0.001545627463368855 -0.2984898443690609 0
0.2975744821431718 -0.6486940270843248 0
0.2336295035649411 -0.6957430471132759 0
0.009370683860127746 -0.1820302214306744 0
-0.01127958743661031 -0.1975247739010512 0
0.04478727635180254 -0.8710980172870536 0
0.05765059517729104 -0.8618503774319763 0
0.03029310530254073 -0.1669888624116856 0
0.01396674049069505 -0.8286737527920359 0
0.05554771419713973 -0.8460777702180495 0
0.07147310488306811 -0.8523950729369895 0
-0.2304222605036051 0.006518415654240758 0
0.2638415511571667 -0.3193716455640269 0
0.07308207485389888 0.8350156446372941 0
0.09142675265530552 0.8273442685617779 0
0.05621086273334972 0.8425821181221745 0
0.4824921639889762 0.02910883955377397 0
-0.05461835199976729 0.8242165632228012 0
-0.07154695109876541 0.81296042713262 0
-0.03905115435425593 0.8351997883120956 0
-0.09038203127271489 -0.6907792765343583 0
-0.107966553869482 -0.7033919012314194 0
-0.1104362406818284 -0.6811778171104077 0
-0.1285923855605915 -0.6938193026610282 0
-0.1311665505422346 -0.6714071442021524 0
-0.1497286097952605 -0.6844661966276471 0
-0.152360665007279 -0.6615678047043543 0
-0.1712172695240849 -0.674641914594337 0
-0.1740325128919762 -0.6514854573283231 0
-0.1933041619087023 -0.6648083155141511 0
-0.1962257017844886 -0.6412020653448145 0
-0.216288632658689 -0.6559927829912867 0
-0.2189669872169749 -0.6309513135386767 0
-0.2386387681717817 -0.6454086402674335 0
-0.242119492721615 -0.6204196121794204 0
-0.2639852236154275 -0.6388630839563203 0
-0.2660229790537352 -0.6102665937603999 0
-0.2871077547193169 -0.6248548999859042 0
-0.2900441902832705 -0.5986255769092721 0
-0.3112264078231278 -0.6127802479902444 0
-0.3145024134971165 -0.5871328958334798 0
-0.3375807766142271 -0.6035834086191578 0
-0.3400065178270464 -0.5743533801371775 0
-0.3637391473907798 -0.5907072841405132 0
-0.3658666071313604 -0.5627411381730978 0
-0.3891617279423955 -0.5800031984419103 0
-0.3918182347114673 -0.551400547517337 0
-0.4155178758168371 -0.5684405201461623 0
-0.418450568462119 -0.5394436306491672 0
-0.1697010886517078 -0.6985336209067736 0
-0.2358097745353548 -0.6740949379751512 0
-0.4423269241001722 -0.5565732968591807 0
-0.4453484397084909 -0.5272538941886709 0
-0.4692466431498033 -0.544526071115365 0
-0.472116197171277 -0.5150888147159681 0
-0.4482849422386251 -0.4979077621050871 0
-0.4749876184620175 -0.485794833476752 0
-0.4510735104898306 -0.4684160223767625 0
-0.477657082441802 -0.4561916295465793 0
-0.5015757916375996 -0.4732712960116581 0
-0.5044616117573701 -0.4442708600260068 0
-0.4804610318142036 -0.4260067166642315 0
-0.5072054350921953 -0.4145501662516145 0
-0.5310605038971677 -0.4314848110422429 0
-0.5338610041043853 -0.4025101802134141 0
-0.5099135428411463 -0.3852710955357033 0
-0.5363852080336694 -0.373221561145501 0
-0.5123530035274871 -0.3564448663076577 0
-0.538813470785878 -0.3440849908421947 0
-0.5629890497089922 -0.3608304312630302 0
-0.5653765655477665 -0.3314712527585356 0
-0.5893087552295206 -0.3474832802830963 0
-0.5147867041416714 -0.3274620979480301 0
-0.5920730705304695 -0.3186446024741175 0
-0.6160949013216385 -0.3347202654774921 0
-0.6188925885414789 -0.3058784369772491 0
-0.3088702628948899 -0.6411108151999889 0
-0.6429946563030472 -0.3219264215589882 0
0.07053863520433247 0.8531149336834385 0
0.05426553141925038 0.859933386655263 0
-0.6459628037648224 -0.2932203198213644 0
-0.3857866497294253 -0.6091795063103191 0
-0.6857707042459801 0.1934349289214417 0
-0.7109405193953089 0.2058197928998308 0
0.4798817309495805 -0.4560783908657868 0
-0.7129250775345619 0.2364605759205725 0
0.03328942843254792 -0.8797931398581347 0
-0.07658385714104528 -0.8643832722729071 0
-0.0921664560812361 -0.858198123088979 0
-0.6702585473420379 -0.3097538414265464 0
-0.6400670746624822 -0.3529112442710511 0
0.08037266082430312 0.550511204900651 0
-0.5915549673378027 -0.2874847068269064 0
0.407874733175881 0.3748027361742348 0
0.4359718489977468 0.360597363047913 0
0.4327391233586474 0.3921045842574902 0
0.4604132264323793 0.3789076743137364 0
0.4575755170193614 0.4098900639897992 0
0.4863262392130013 0.3962081409919598 0
0.4832072948457241 0.4275996543739582 0
0.5115380787971486 0.4141156568892614 0
0.5089216003289957 0.4452959277269035 0
0.5372452412605503 0.4317060426871352 0
0.5398464370086956 0.4003459354528927 0
0.5659456169994499 0.4179939850025254 0
0.568868565881427 0.3860558301285814 0
0.48057335825296 0.4587139840835129 0
0.5063900710470242 0.4765335072066453 0
0.477983730140495 0.4899771887014425 0
0.5948053513889611 0.4041455362774321 0
0.5979462076185701 0.3721165679396097 0
0.5035005325870788 0.5078489603477014 0
0.475342878049505 0.5213297029734931 0
0.51394160197919 -0.5274463365542251 0
0.5385083984891391 -0.5093172825636212 0
-0.01434181980095103 -0.1719259537293391 0
-0.03504238308450296 -0.1874589597621456 0
-0.3682930970442477 -0.5342163726463878 0
0.4999577094329305 0.1029770202185857 0
-0.6728075017532635 -0.2805394886219118 0
0.4523840294592549 -0.445513474249884 0
0.03254943412006847 -0.3817077633682262 0
-0.05553956479973508 0.8431834162981424 0
-0.04063113591088003 0.8533549850993174 0
0.04604101042236781 -0.8856904743434784 0
-0.7087515603456971 0.1770076415396149 0
0.4765987201765276 -0.4268186685390408 0
-0.6822231199739921 0.1640867027113826 0
0.2882749427664018 -0.3309553327409082 0
0.26583160134591 -0.3462680325079308 0
0.06775905565566835 0.8701549334624521 0
0.05264149512271376 0.8763779800504679 0
-0.7343798965410402 0.1898693810432248 0
-0.2712005819788198 -0.3526465340147921 0
0.6236920758590935 0.3902234746893133 0
0.6262396573243696 0.3584627389545609 0
0.5919509287993061 0.436412300239402 0
-0.4883984176319784 -0.3398131502289229 0
-0.4909504148293489 -0.3109316788591163 0
-0.6968899339203798 -0.2965969676172225 0
-0.6999801867496488 -0.2677311550646163 0
-0.4660253159613655 -0.5743244380630987 0
-0.4936823702822502 -0.5617205625598751 0
0.3358455763463483 0.01790346729245806 0
0.03517993718181448 -0.8940728565860534 0
0.5010237446720907 0.5394204801389821 0
0.4726689796342119 0.5530626450171591 0
-0.02430694507521747 0.05943150423015574 0
-0.05640377202345017 0.861294513560846 0
-0.04236240775036242 0.8707665051274166 0
-0.05699953847836646 0.8781889072276853 0
-0.07123563549916222 0.8691936193880485 0
-0.04387297055542131 0.8871780222557597 0
0.05623119498941346 -0.2025199505798117 0
0.1022982032347825 -0.6605072393280566 0
-0.7322293824328117 0.1605965544725274 0
0.6056569548426188 -0.2747528225932189 0
0.5780502985905859 -0.2620833681456542 0
0.6339939972286258 -0.2883201097535499 0
0.4495248237009708 -0.4162879064525615 0
0.09326606012736284 0.80713837192355 0
0.110667507939127 0.8191975016172136 0
0.1126386422076234 0.7973073922491014 0
0.1312814447188138 0.8104292727760908 0
0.1334923474065567 0.7872156306995868 0
0.1528552483444119 0.8010985707619407 0
0.1551664835037122 0.7769072544490397 0
0.1751432911957229 0.7912724570831515 0
0.1775369657303034 0.7660895422681462 0
0.1982941232902938 0.7811046757016863 0
0.2007812336876011 0.755087632571034 0
0.2222233359664937 0.7706087307440421 0
0.224770366301172 0.7441767809794927 0
0.2029565043832721 0.7287602868501482 0
0.2271248729165518 0.717551498350978 0
0.2494964246557435 0.7330708253742257 0
0.2519168551367307 0.7054327548546265 0
0.2749106115760956 0.7215350335876912 0
0.2773813110558985 0.6931642845600774 0
0.3008246420400573 0.7097061475001016 0
0.3033434988629998 0.68112838619686 0
0.3272382280069955 0.6975804973656428 0
0.2050413159904684 0.7023107747806752 0
0.2797350800038362 0.6645453015560046 0
0.3056803844241275 0.6524658551045374 0
0.2901526037103629 -0.3579923044363873 0
0.268118039169448 -0.3734296487029083 0
0.06878371757038595 -0.8355160573469433 0
0.08530419327621908 -0.8427808091361836 0
-0.03195302305765747 -0.7558727016791753 0
-0.03813221988088503 -0.1617999773579035 0
-0.05878488809138547 -0.177373391207712 0
0.6526334482986937 0.3763039292917352 0
0.6546482955867542 0.3446328791251656 0
0.6285004579643372 0.3269615428152913 0
0.6565391666636403 0.3133960909979394 0
0.631148546359382 0.2959614631466881 0
0.6587412752478565 0.2826641330330725 0
0.684030814678716 0.2997364827946517 0
0.6861201999271982 0.2695375232806282 0
0.6334515905368258 0.2655893413818354 0
0.7111586045250086 0.2863015479324056 0
0.7132722504206215 0.2564281031477456 0
-0.7579276087504929 0.1733444978549657 0
-0.06975456031331563 0.7922009194885393 0
-0.08925170161651989 0.8010176306287619 0
-0.0872986162591981 0.7789646063774696 0
-0.1072600366703552 0.78840385244252 0
-0.1064410731846015 0.7660432360296612 0
-0.1294888083574278 0.7781092004389575 0
-0.1263758811523845 0.752478812578374 0
-0.1475400814401753 0.7614166591282663 0
-0.1454181240176847 0.7365470329295654 0
-0.1687282329675534 0.7471175311311278 0
-0.1663876122796993 0.7212292306749597 0
-0.1904691137290008 0.7322760426782873 0
-0.1879633497774206 0.7058073287327488 0
-0.2125043036305161 0.7169806473148932 0
-0.2100914332653541 0.6898646441403409 0
-0.2353127616444866 0.7012712164331077 0
-0.2327794688212117 0.6733858868759608 0
-0.2576735398389518 0.6839243890310809 0
-0.255861908568327 0.6565336647153603 0
-0.2839289778121852 0.6695294000442649 0
-0.1696113092916177 0.769279571313727 0
-0.2614630095152387 0.713558334149402 0
-0.2798507533337117 0.6399789649663912 0
-0.3071832630412702 0.6510300543434671 0
0.05837378602405982 0.693713335869441 0
0.06523140791750263 0.8860288305661792 0
0.08061304370431131 0.8802735777305709 0
0.05111396097113664 0.8921530113352487 0
0.2439218897457887 -0.5996588729183947 0
0.09030872769530061 -0.3123955579399248 0
0.04761853630721617 -0.8995924752084973 0
0.5417887053635004 -0.5398275584458332 0
0.516983139588464 -0.5577501910898084 0
0.566656246572399 -0.5217231882775663 0
0.5632494135571107 -0.4909661134235237 0
0.1122645952270413 -0.5262318613757763 0
0.1314909116828907 -0.5118083315112758 0
0.5916653076020126 -0.5034307931448129 0
0.06954023230264759 -0.7096869310939532 0
-0.2928883362432728 -0.570072019292337 0
-0.1635287230624576 0.6947364160706339 0
-0.7240520982224853 -0.2847059518651385 0
-0.7269377080602486 -0.2553132802355141 0
0.2436579742296243 -0.3614910561190342 0
0.2458440330543281 -0.3882259053466467 0
-0.05764033440032258 0.8942487987073953 0
0.08705245260440531 -0.860364498704698 0
0.1013700133010446 -0.8494325032632262 0
-0.08982884870420234 -0.874911619115369 0
-0.07446501173370582 -0.8809956608739574 0
-0.1059798785631781 -0.8678316910918786 0
-0.6768531708076593 -0.2525543219697992 0
-0.7198836257002471 -0.3170970925728367 0
-0.7554895245665935 0.143991005910967 0
0.6076855281316684 -0.3041354042483048 0
0.6341689662758739 -0.3165314796672369 0
0.6611886961432636 -0.301549193245831 0
0.6617815754837046 -0.3297816746192854 0
0.6871939208815331 -0.3136047021157791 0
0.6889751876258465 -0.3428615560211762 0
0.7129314743598087 -0.3256544518830135 0
-0.464836134149494 -0.3229302389567418 0
-0.4674224882819429 -0.2946041649311533 0
0.499632921339334 0.5725326237684603 0
0.5282674067940163 0.5593067512447174 0
0.5449589503985375 -0.5704036299618881 0
0.5199978608717305 -0.5883693647247995 0
-0.1085942656283161 -0.8505983555922955 0
-0.1235086527722554 -0.861051355296452 0
-0.1263690469269071 -0.8423070709420901 0
-0.1423974319492769 -0.8544570960251101 0
-0.1454018460279657 -0.8337863104933719 0
-0.1622776222233364 -0.8461719474547073 0
0.3133950164781369 -0.3414624329536489 0
-0.1656508228308933 -0.824488789245475 0
0.03690210699239434 -0.9075025584480115 0
0.7377056498542587 0.2724737391894848 0
0.7398236335342873 0.2433588563490522 0
0.7155051446247052 0.2270170441114953 0
0.7417782720130095 0.2140127123790131 0
0.7179196830927422 0.1981879041396633 0
0.7438028146477734 0.185056687368262 0
0.7205658017476072 0.1694605816172717 0
0.7460037809860087 0.1566877424485809 0
0.7693719838459614 0.1723897261720778 0
0.7710791477656755 0.1444475117975941 0
0.748293863908909 0.1289618359286829 0
0.7729164078326962 0.1169850577131111 0
0.7506666692076958 0.1017996819255573 0
0.7748436678484951 0.09050468998946523 0
0.7964478889874422 0.105214375457194 0
0.7980318863487177 0.07933299866182637 0
0.7770476520302277 0.06503278930491314 0
0.7997717416459073 0.05417949892859916 0
0.7792355742606727 0.04012118878348471 0
0.8020091587725906 0.02923373156807269 0
0.7810857670435081 0.01508326285504292 0
0.8042189728544191 0.004121343463695963 0
0.7830237205804433 -0.01018809292239518 0
0.8062226731434878 -0.02129694810471891 0
0.784947396565488 -0.035991646781613 0
0.808371866345843 -0.04725063476605046 0
0.7871260509969474 -0.06208962431338063 0
0.8273226025412878 -0.006920479154158868 0
0.8103304979931352 -0.07351511038311562 0
0.7890760529642895 -0.08848080811896987 0
0.812484468803112 -0.1000275623657437 0
0.7912968398646967 -0.1151252267387541 0
-0.2222206499799111 -0.6043135957538956 0
0.3071341732972228 0.3375281942782491 0
-0.4902890025268454 -0.5924240610377254 0
-0.5186663832341941 -0.5794415518984095 0
-0.7810353802582802 0.1560886777738731 0
-0.7836537881223977 0.1864907836665459 0
-0.3037315445218085 0.6226831560388777 0
-0.3308118691546359 0.634987493898572 0
-0.3330315584069264 0.6651675994352713 0
-0.3572610337622426 0.6494339103845161 0
-0.3552757243907447 0.6174199661449978 0
-0.3832448899329069 0.6305181120463155 0
-0.3806296410376491 0.5994620109392534 0
-0.4089457770877657 0.6124261331710485 0
-0.3843977437132968 0.6634886792681907 0
-0.4060574000293756 0.5814566037375086 0
-0.4342869039717619 0.5944375270493588 0
-0.04486630309848809 0.9025041769813595 0
-0.05566709145390245 -0.2029662864607057 0
-0.07930632665962253 -0.1929444641038339 0
-0.07619383308657067 -0.2183697986706767 0
0.1720625382161482 0.8147103990571083 0
-0.08255622602418465 -0.1673571242816414 0
0.2928727593939215 -0.3848606072806188 0
0.7362080464543499 0.3022083439417691 0
0.3289302744111121 0.1018155830559109 0
-0.1839433262491075 -0.8380314938541576 0
-0.1872927120829088 -0.8148742124439503 0
-0.2063956709924238 -0.8287033809070704 0
0.4701087489062146 0.585825884076749 0
0.4439775053702917 0.5661343918662503 0
0.8194768583343022 0.09339519493247722 0
0.4719782035109104 -0.3978471187807196 0
0.8149585657816716 -0.1267922388825241 0
0.7933378014463008 -0.1420825678596806 0
0.06293819712711722 0.9010997542361219 0
0.04980404707874955 0.9067616381757736 0
-0.7785379822879606 0.1280262001060566 0
-0.09974859482014835 -0.2084392350240835 0
-0.09662623719002436 -0.2337338143763165 0
-0.7506455151674136 -0.2721769447572889 0
-0.753240059120621 -0.2430692825489427 0
0.08294980612559828 -0.8250272789230284 0
0.3244456148692744 0.7268238799753567 0
0.3514867849094468 0.7144083644972339 0
0.2820588229688585 0.6360451971179293 0
-0.7533239553690445 0.1161187186372488 0
0.1038354089519248 -0.8675319505722894 0
0.1186216141904774 -0.8567856892835469 0
0.04907020909139476 -0.9128985469395948 0
-0.4314049778611995 0.56350772824388 0
-0.4597713456384085 0.5764466837113125 0
-0.4626285210648796 0.6076968070521345 0
-0.4882163309868502 0.5893775326767614 0
-0.4852812659095328 0.5581893435061015 0
-0.5138628284648823 0.5710256778239479 0
-0.5107497479814715 0.5399621434913442 0
-0.5395813384992213 0.5527695541245881 0
-0.5364403012172141 0.5215057335563408 0
-0.5644758378133783 0.533112690426261 0
-0.5414935156022647 0.58644764484254 0
0.02482554561516562 -0.9022512325312473 0
0.02646551613763942 -0.9150820841493346 0
0.01489025974898819 -0.9102033876950958 0
-0.2100832660529354 -0.8046861500392578 0
0.7641572477660459 0.2591877555881847 0
0.8173106758643105 -0.1539001347257382 0
0.79566537431662 -0.1694026632171109 0
-0.803900569996774 0.1397560514205368 0
-0.8013771215559881 0.1121440906934547 0
-0.03158570631943229 0.8960164664986907 0
-0.03292626638812788 0.9101747745573692 0
0.4465411369336339 -0.3859705093753349 0
0.7163828896370291 -0.3557972639973174 0
-0.0869438927154412 -0.8911030815282209 0
-0.07241017757568631 -0.8970788796007581 0
0.04233222575389087 -0.4522905595239797 0
-0.2300425072517955 -0.8198654098936519 0
0.4966294609978073 0.6081311953454454 0
0.3080553818597911 0.6237799930784683 0
0.7376311283690637 -0.336645152163483 0
-0.05825680041849347 0.9093296981694273 0
0.1338800841927096 -0.5356755061885499 0
0.1534019374919367 -0.5215078595630765 0
-0.5621585740078547 0.5025450585926059 0
-0.5902441801770615 0.514385256845985 0
0.4687150551389392 -0.3686271562872675 0
0.4435956354221331 -0.3567369646297301 0
-0.07289121898986776 -0.5672854229593643 0
-0.8260649073237882 0.1238054942426569 0
0.609552207941369 -0.3335957569145359 0
-0.2338429250685781 -0.7944078476101497 0
0.6060657105555971 0.2785659638178253 0
0.6083870417512973 0.2484882079718943 0
0.2220061432008558 -0.3764894914681645 0
-0.2299183706201377 0.6449838511500589 0
0.5480951678149535 -0.6011341725215982 0
0.5229120203083492 -0.6189627129427213 0
0.2239474467868746 -0.4026634264587166 0
-0.7769971204351859 -0.2596388292508097 0
-0.7792542017788588 -0.23068197742407 0
-0.08410691454173941 -0.9066880702972065 0
-0.07033444524237076 -0.9117553099062654 0
0.01640826214711027 -0.9223562176137939 0
0.005236577696171018 -0.9176694821137485 0
0.1206874445630551 -0.8759994286714945 0
0.1366974527075139 -0.8652184245386235 0
-0.4416488917368796 -0.3067698109839045 0
-0.444033163098746 -0.278424226024668 0
-0.4697351162046377 -0.2662706498245656 0
-0.4462246133753499 -0.2500520980599845 0
-0.4719599378344506 -0.23797743727344 0
-0.4487138713941983 -0.2218686363177325 0
-0.1080803921502763 0.8108531217803068 0
-0.4743182829101042 -0.2097281924364268 0
0.6912483985174123 -0.3734339071801174 0
0.7190216973907103 -0.3868305297247024 0
-0.2544723420918814 -0.8095252113135932 0
-0.2574409183520441 -0.7851375052747335 0
-0.2795240861820152 -0.7993831477426956 0
0.1344240845779455 -0.8445362851539626 0
0.1539576491412404 -0.8536621665574311 0
0.8353125314628855 -0.1125739911856628 0
-0.4390116662963111 -0.3346932274618968 0
0.7638412410840921 -0.05344876917471599 0
0.1387058191478733 -0.886112012792272 0
0.4654818503850355 -0.3398426313104371 0
0.4403166057790908 -0.3281459063859614 0
0.4634070378669101 -0.3111407239787631 0
0.4374002818767097 -0.2996344503208352 0
0.4604136879119893 -0.2827079762906702 0
0.4343955082924112 -0.2712787029788432 0
0.4572836368340767 -0.2544402997752254 0
0.4313297115672433 -0.2430695883982519 0
0.4541327812173453 -0.2262835187911045 0
0.4282382675202917 -0.2149164244191941 0
0.4509869331994922 -0.1981946337154047 0
0.4251689966012027 -0.1868547989762244 0
0.4478599058901745 -0.170163038139509 0
0.4220748113828208 -0.1588732813345703 0
0.444730447156254 -0.1421994166415864 0
0.4189756075057144 -0.1309220037853801 0
0.4416241057699652 -0.1142651865119202 0
-0.5879903504943601 0.4837906287040362 0
-0.6167812537815032 0.4965146293510259 0
-0.6140846203928533 0.4651358041910768 0
-0.643095801622283 0.4780037914852345 0
-0.640928643281562 0.4471785991432276 0
-0.6698676522420957 0.4598355807984196 0
-0.2800330783841173 -0.7694065413847413 0
-0.3052301355887189 -0.787904900395112 0
0.07687985820263514 0.7064264385177138 0
0.07885802864227227 0.6835707973548948 0
0.06065865903934256 0.9145871875256955 0
0.04788083697824239 0.9195423881578035 0
0.03739150120803737 0.9124210863783033 0
0.7582027990382586 0.02538230863195216 0
0.8197928248949353 -0.1814501580436948 0
0.7977350411826512 -0.1971887583672503 0
-0.5155096473178921 -0.6104222833828671 0
-0.5440675782866354 -0.5978325540359539 0
-0.755765082728889 -0.2143183663591127 0
-0.822540145343917 0.09653604442807567 0
0.4158671526558225 -0.1029802292928555 0
0.4472899719686924 0.1872456070261174 0
-0.6675149336843721 0.4284759107877774 0
-0.5470038948165826 -0.5665182069794388 0
-0.572521923091643 -0.5848863640613416 0
-0.5754591679170548 -0.5537761086351649 0
-0.05886958483379402 -0.9028624867053934 0
-0.0562890275476338 -0.9188267569866216 0
0.03595189970037199 0.9255721572582689 0
-0.6965485162541203 0.4410733103739095 0
-0.6934510922278598 0.4087606343775139 0
0.02728702565809957 -0.9266156284506023 0
0.3815326505356905 -0.4968983558720501 0
0.3484666531171386 0.7445270104485489 0
0.3760464774683567 0.7318165941214635 0
-0.1534019937083313 -0.6399457738476892 0
-0.02669630556872936 0.8636097466845919 0
0.183443460677121 -0.6474559953642905 0
-0.6011079916909721 -0.5719559481292387 0
-0.6040908870799359 -0.5405484333778976 0
-0.3093069304786028 -0.7594539466814851 0
-0.486718250216205 -0.6234180759465705 0
0.006683257669503414 -0.9294262715533598 0
0.8222280120114491 -0.2094367270920874 0
-0.3330072051436148 -0.7785528314189329 0
-0.3367352411943232 -0.7495204298188258 0
-0.6190221554437753 0.5293668459260213 0
-0.9067358689885779 -0.1157946200224614 0
0.1508363521331896 -0.4973174727363626 0
0.173229459930691 -0.5071967435670123 0
0.498590363805903 -0.4092785864351736 0
0.7698226138141807 -0.1564951094312159 0
-0.4510311723267287 -0.1936198260113395 0
0.05693335632403537 -0.5652786813463144 0
0.2843650997109495 0.6074787869439499 0
0.3104490205616388 0.595045695915382 0
0.2587069913099279 0.6196718860584485 0
0.3787371980859313 0.7015104725232013 0
0.4037859774718432 0.7190383760659056 0
0.03973247208336003 0.8835542135520462 0
-0.1200557618655976 -0.2238191697332795 0
-0.1168516669938141 -0.2489720616237018 0
0.6934776967379628 -0.4043710584806265 0
-0.8488271510514023 0.1038865619725228 0
0.4230048338099267 -0.404461094041795 0
-0.8925293750869666 -0.02314812302594486 0
-0.4160875605716137 -0.3187550893415391 0
-0.4135758899803413 -0.346479775211287 0
0.06618966973874259 -0.8178174780302292 0
0.08081874991983148 -0.8067881972424251 0
0.06424824142727163 -0.7996744018177775 0
-0.5588591363754989 0.4712331684188702 0
-0.7825495190327845 -0.2017666717563047 0
-0.8050778062956955 -0.2182914585552081 0
0.5811193909694931 0.2614165541004932 0
0.58347550784443 0.231463900331157 0
-0.2030823983786251 -0.8544777135836034 0
-0.5693670517906662 -0.6161894706176555 0
-0.3606792579356095 -0.7684067745866011 0
-0.3644038057543595 -0.7381882880797167 0
-0.3892243363579563 -0.7571305794145538 0
-0.3928797409520055 -0.7258443193190823 0
-0.1993417733404858 -0.4508783138393062 0
0.1950616026866667 0.4986692122617812 0
0.2192403698785408 -0.06158089240711115 0
-0.09366225794285908 -0.2588083610416358 0
-0.113635224913445 -0.2739031068941015 0
-0.09081603171446076 -0.2836713186472254 0
-0.1104920065627077 -0.298565952449861 0
-0.08795438740704277 -0.3082166921377569 0
-0.107505445003888 -0.3230199283814171 0
-0.08514881558642261 -0.332496333195599 0
0.5885835930522484 -0.4729952947595173 0
-0.4227671245796546 -0.2335084373701103 0
0.2305111662330892 -0.174974389567209 0
0.7215821340226185 -0.4178900077304923 0
-0.4174066146486937 -0.7451433266239131 0
0.237800782814845 -0.2809131367912908 0
0.7118982232296954 -0.2960253006114014 0
0.794225303880384 0.1599759178602322 0
0.6105267389915235 0.2185741288953991 0
0.5859013617118656 0.2017934361543426 0
0.6125357600720092 0.1889894095645394 0
-0.1463158683624136 -0.8123396677617487 0
0.280496356048809 0.3498129834733302 0
0.2821453353646395 0.3222852570612831 0
0.2565981372182929 0.3333237213440264 0
0.2582009341218109 0.3063008330001228 0
0.2331478883954461 0.3174504768312756 0
0.2348010678777775 0.2902232451220398 0
0.2099006411228366 0.3013388449888034 0
0.2115485206197932 0.2743161112554414 0
0.1869262692095802 0.2852870495220691 0
0.1891658868707805 0.2574946377823553 0
0.1641732555789558 0.2692841628663767 0
0.2156922774777651 0.2458237708127275 0
0.1619202483048051 0.2968658078726483 0
0.1392977165493669 0.2811477918143713 0
0.1370486192735573 0.3085248366393735 0
0.1154391085981201 0.2930069543911911 0
0.1125459795232221 0.3200375626139213 0
0.08843651047608771 0.3006571689656646 0
0.08768825470057408 0.3307961327917874 0
0.06589779558693264 0.3161822128185156 0
0.06339159192774531 0.3431336612740352 0
0.0415363820158326 0.32760230840699 0
0.04375349864798046 0.3006378728101726 0
0.01928079127261056 0.3122905731828858 0
0.03895509541859977 0.3555100897716157 0
0.02094822350908304 0.2858444173460695 0
-0.003236887820338187 0.29698306266304 0
0.1672867486547306 0.2416221772085427 0
-0.001033960621474319 0.2697065173523852 0
-0.0256250799952114 0.2811829013949526 0
-0.02787462540509104 0.3086563565972421 0
-0.05049546059045757 0.2928061132346005 0
-0.05272617850400712 0.3203320774839195 0
-0.0764566528904267 0.3044893927197284 0
-0.07332646660830237 0.2769849595311613 0
-0.09877830297641259 0.2890079402744982 0
-0.09598349395381157 0.2612052841585424 0
-0.1223464102027109 0.2739687648843465 0
-0.1188846634076363 0.2454857555271082 0
-0.1444261623828682 0.2575305494685688 0
-0.1416244439827309 0.2295788484052272 0
-0.1682461544772618 0.2424599287282774 0
-0.1646377396107102 0.2137977949949887 0
-0.1906792567879827 0.2264143505568024 0
-0.1875040331165802 0.1978003144747589 0
-0.2126953976263899 0.2096568242941588 0
-0.2102493138243234 0.1816717986610252 0
-0.2354601168706707 0.1935504966987234 0
-0.2331874757086857 0.1656486402991023 0
-0.2585107035590775 0.1775912280603115 0
-0.2562040866761512 0.1496294799356106 0
-0.281583655998901 0.1616028414713322 0
-0.2148266647434431 0.2374096536537014 0
-0.2791998076295661 0.133627193288871 0
-0.3046739327314378 0.1455697436993284 0
-0.3070440652759949 0.1736921257950028 0
-0.3303939916320041 0.1575056740610993 0
-0.3327063646581467 0.1859914715662283 0
-0.3562171963778914 0.1696725371612636 0
-0.3537862997735678 0.1411641356721783 0
-0.3796831007946094 0.1532445473395168 0
-0.07889603882259381 0.3320154044864527 0
-0.3586332882077417 0.1982536018244801 0
-0.1472673390833303 0.285658056897277 0
-0.05516232520712124 0.3478169127088879 0
-0.161975248980617 0.1857755493309402 0
-0.3772740545065894 0.1247409534339016 0
-0.4032097209048847 0.1368328537034403 0
-0.08116493460199065 0.3606172934880383 0
0.08504374315711059 0.3591541110000549 0
-0.401550590054224 0.1095547378907506 0
-0.4269477809758073 0.1206535590273825 0
-0.4303050389917667 0.1544794403266943 0
-0.4530783101940137 0.1335155348713677 0
-0.4511684900256575 0.1054054193242344 0
-0.4767011065986516 0.1164592762207615 0
-0.4798471261761844 0.1434335207464786 0
-0.5028873338011729 0.1280353506845428 0
-0.5001365445292258 0.09943845628721172 0
-0.5258184858146029 0.1127190274458966 0
-0.3349540646760752 0.2146299454542454 0
-0.2360717165810469 -0.2238663648458345 0
-0.8720161279156673 -0.009161400756895061 0
-0.1565358485124878 -0.4910303539109844 0
-0.1389221504021584 -0.8754677192240747 0
-0.1121562747004044 -0.6566471046177442 0
0.1558524728739612 -0.5455563797003502 0
0.1361900541637856 -0.5597117878043198 0
-0.0815866832242343 -0.9211513899450781 0
-0.09546573464006435 -0.9159835144405477 0
0.4493842749365489 0.5030165881590922 0
0.02557454201712498 0.9178275580802432 0
0.02391174574446515 0.9303020133438946 0
-0.2452421538439408 -0.1183523445661547 0
-0.2759179849586879 -0.02308126782052923 0
-0.5601590522272373 0.2470379667580363 0
-0.1144852735692817 -0.5289128294952725 0
-0.490463139039108 0.6210667927654296 0
-0.3528914688289702 0.5861126902385388 0
0.3992796820192722 -0.1754636711092803 0
0.3826199515377475 0.04998165856094856 0
0.544386362027883 0.3675894678418227 0
-0.3679711967229232 -0.08684621778641445 0
0.249984636170491 -0.4156284301975082 0
-0.05657690745159107 0.5691124634429163 0
-0.2346705422641944 0.3823828537420276 0
-0.4334935751175507 0.3049048109357547 0
0.4385211117525648 -0.08631791651734037 0
0.6369960160534869 -0.07068992570366407 0
-0.7992146985892716 0.08476278861302874 0
-0.031430897745815 0.6291337951975493 0
0.1180257123606427 0.2669947806253939 0
-0.4031821366558849 0.5505311125573537 0
-0.3909024525430448 -0.3305031978993345 0
-0.3884221695135604 -0.3580863351761301 0
0.1514559722729767 -0.8322604377662236 0
0.1716983717728135 -0.8409715828866144 0
-0.1207418904250327 0.7321449966013014 0
-0.003893619928351486 -0.9252111336099982 0
-0.006298177580132298 -0.9134076344602075 0
0.1095879659240229 0.1253245993819434 0
-0.3497343298018918 0.1112474904657423 0
-0.2771376296214104 0.6088640002285841 0
0.6957899389584256 -0.4355148089530494 0
-0.07075164743249722 0.2494420565406205 0
0.7259108758902666 0.1133018786443213 0
0.2341060776137705 0.06640352803779208 0
-0.0803684712479117 -0.7545398373381224 0
-0.82981662493288 0.1534405197400634 0
-0.3064104735833486 0.3622812880501639 0
0.5730741443304819 -0.5830541557534489 0
0.5763525874506368 -0.6138481917858283 0
0.6015466072834581 -0.5955640356520457 0
0.2004959145542761 -0.3912312984511818 0
0.1989647345996808 -0.3659803431553788 0
-0.6415118938796517 -0.01230398293262932 0
0.2607468738402817 0.2770715959142558 0
0.5597366272957482 -0.03413366982667281 0
-0.2020796359762611 -0.05946313707690547 0
-0.5871164127858806 -0.09039203408956033 0
-0.6099427320887273 -0.1061709938230534 0
-0.5848049766217627 -0.118184021741071 0
-0.607801326417607 -0.1340677641984626 0
-0.5811803385468594 -0.1448901738239468 0
-0.1232621361202243 -0.1985331080596123 0
-0.02869543913522761 -0.6258777987061698 0
-0.7588340526045737 -0.01011285808434881 0
-0.4819970564580379 0.5272968467728081 0
-0.5024162610746555 -0.2290560404727291 0
-0.2691569151992508 -0.3770206563677146 0
-0.02555321569659673 0.5014187907417997 0
-0.7974626213877004 -0.09279588029562612 0
-0.8191770436056564 -0.1079067547102157 0
0.1064166570601396 -0.8845391726013603 0
-0.01744676620458668 -0.1461811299602197 0
-0.04133982204739281 -0.1360319874457742 0
-0.02055833964355227 -0.1203596876132576 0
-0.04459786850693746 -0.110154714302255 0
-0.02369997521844803 -0.09441839391732328 0
0.0003896971697874085 -0.1046691429082866 0
-0.002760395738256328 -0.07862102747571297 0
0.02151073801495483 -0.0889916587444307 0
0.01830057723419839 -0.06272045313576977 0
0.04272172399018256 -0.0731862006889456 0
0.03948478612551494 -0.04672605175824973 0
0.06395618661489515 -0.05721283357640536 0
0.06719537134163699 -0.08373513476502978 0
0.08856835223428934 -0.06771216217711432 0
0.09172593610184675 -0.09431929535822685 0
0.09809076600704693 0.6967862068397623 0
0.1001296928219846 0.6732852244767638 0
-0.5123644999288626 -0.6419488683962882 0
0.08793110913162544 -0.2879158955432005 0
0.1106959567009082 -0.2974461733182457 0
0.1082061178512538 -0.2727038471899862 0
0.649969514922818 0.4083423753321548 0
0.6792738586618312 0.394186438786156 0
0.6764978175904687 0.4265808981355802 0
0.7059136201852658 0.4122928178774177 0
0.7035089104693079 0.4449140527866696 0
0.2932113563782712 -0.07055039261710819 0
-0.3649883833019464 0.4156879884396268 0
0.02492258034852889 0.2617075723020453 0
0.4142589934708485 -0.5660102132306686 0
0.8362667847654814 -0.06017452575368192 0
-0.8945638943695997 0.001382371230452582 0
0.06736095961424339 0.06800503086057279 0
0.164938808321271 0.01799179688460477 0
-0.7229096681330541 0.4219170984127688 0
-0.7197127455279239 0.3897740784920833 0
-0.774712016843127 -0.2887970845147939 0
-0.2416756336884157 0.4688322387771038 0
0.03088502393154621 -0.6902396938766232 0
0.7685034543249465 -0.1067203992476938 0
0.07400504435503275 0.9100731611642074 0
-0.6663834536226074 -0.0007849580907973904 0
-0.6439509138460607 0.01508083416587815 0
-0.669071963152466 0.02669404456842377 0
-0.6463974419448294 0.04267848364283645 0
-0.212950675494435 0.7438996754160537 0
-0.5874187789717158 -0.3745309841506943 0
0.07022579328549865 0.9253790670109193 0
0.08525207456483908 0.9190622244785592 0
-0.1263408897681687 -0.716932600802487 0
-0.01742048371598293 0.7106309895766045 0
0.2726995508449157 0.7493175550090734 0
0.4127558694831265 -0.07502947967298403 0
-0.8008682566094729 -0.2760477218379088 0
-0.7990055011079279 -0.3053819237647707 0
-0.02170314455446704 -0.5297417419124648 0
-0.1475432079921927 0.5329266902338189 0
0.2194467025464565 0.7969458693985585 0
0.6738975838995291 0.4592361794976262 0
-0.2538959936797266 0.1216162781022669 0
-0.2768114075291327 0.1057055746082498 0
-0.06268272454341818 -0.4912329805152733 0
0.8225005587060489 0.04341970415350815 0
-0.4766016792277508 -0.1814878212424217 0
-0.04777929636975326 -0.08416294339810618 0
-0.06872805178867765 -0.09996601344747093 0
0.07912667665944348 -0.7882214411309253 0
0.0613181239788299 -0.7807514963835247 0
-0.1173053060384651 0.08220904344940498 0
-0.1448066126527731 -0.4120903892640871 0
-0.1245305910790938 -0.4214354089072219 0
-0.006043111689892407 -0.05239276153261307 0
-0.07116504381392157 0.9011535712750156 0
-0.07133860762992612 0.9163162782406695 0
-0.08468393809499548 0.9084358432918841 0
-0.0590532468346494 0.923886794229779 0
0.3343638918171535 0.611499388526054 0
0.33667968850064 0.5823988300952994 0
-0.6299280831700547 -0.5588634695386263 0
-0.6328272927679661 -0.5273064325004941 0
-0.2204932905348921 -0.4416532206251472 0
-0.2182075301800285 -0.4647369175704192 0
-0.2397748785398279 -0.4551546160398993 0
-0.2376624237771371 -0.4789180755053178 0
-0.2596006778527165 -0.4690733674166047 0
0.03989378057882987 0.848668122408101 0
-0.4903651908009408 0.360162682846186 0
0.1293081181897435 0.8319027560826961 0
-0.7605809735158818 -0.1854815557338668 0
-0.0286569820984078 -0.7923332255709054 0
-0.003047976578816815 -0.9364025120920393 0
0.2614639099527354 0.5911031672149112 0
0.2362308134323905 0.6028795059930089 0
0.0935521108065611 -0.3627048405110469 0
0.1316295140308872 -0.2829906781998433 0
0.1287402321704054 -0.2574391941905719 0
0.8001425096673371 -0.2254045984515818 0
0.8247374149494011 -0.2378694453490267 0
0.7734466397900496 -0.2128743557534689 0
-0.2081064896479458 0.1534051634518554 0
0.04648235312727839 0.9327691381269861 0
0.5563102636935935 0.2443583491790925 0
0.04321252293881114 0.4976794430913547 0
0.1308587012055303 0.4568939978297945 0
0.1740345343842202 -0.8635337517215897 0
0.1928933918016584 -0.8503614255261005 0
0.1905322772586416 -0.826778053743541 0
0.2129572114144263 -0.8365909670950799 0
0.2108553659345616 -0.8120121819349675 0
0.2339435328789595 -0.8221551258433967 0
0.1594881471319408 0.3241991176541263 0
0.231869220075659 -0.7964984875537604 0
0.2556347932561145 -0.8074007521053881 0
-0.01047202767062194 0.1569011253285449 0
-0.0713530782279716 0.9306998069752161 0
0.02670677990267904 0.62100246478615 0
-0.1168535015339639 0.2171601447704774 0
0.006642718703768517 -0.9409066934480315 0
-0.01304079267529334 -0.9324184463514287 0
0.4114672702204412 -0.2880273883233907 0
-0.6054196995499919 -0.1619630970126829 0
-0.6344085664736644 -0.1497947069767941 0
0.4861685905631715 -0.3244693996461985 0
0.06242860798805615 -0.6451129871493749 0
-0.5462488624414041 -0.003361774973107924 0
-0.6734517869049395 0.4934542937303358 0
0.3732248469559514 0.7620600810904257 0
0.3452342923562908 0.7747894622449046 0
0.1127705884663086 -0.07931778715083546 0
0.1155791703465555 -0.1049577036786466 0
0.8422711260386541 -0.1654725840148322 0
0.7328660338722961 0.4305694074219298 0
0.7453139804710462 -0.39742770503347 0
0.3128388060455194 0.5656801467818676 0
0.3389656548111719 0.55315662543872 0
0.588311221236484 0.1723858277476676 0
0.6161376334766455 0.1599510780746801 0
0.5617090013339373 0.1849905819917654 0
0.4063662249632835 0.6883014141897991 0
0.4320322258678733 0.7059477116493835 0
-0.2345611836868509 -0.7720891696468861 0
0.0609612520152773 0.7860648560694887 0
0.1711064297841414 -0.483342090325289 0
0.1935271450969686 -0.4927641325722206 0
-0.4532974988292831 -0.1654563131351489 0
-0.4277283739104736 -0.1775423061755623 0
-0.1405992945094858 0.4483164832678782 0
-0.03356416209275091 0.777442042856451 0
0.470494754966058 -0.1534726615989696 0
-0.05664948170125932 0.3743388028923081 0
-0.5289054230082959 0.1405049719429287 0
-0.5519914548205312 0.1249698173385033 0
-0.1889871713012715 -0.7918022388160343 0
0.4291989682042643 0.7372182289430788 0
0.4581110245575733 0.723921843893838 0
-0.1299375282328935 -0.3134401709306378 0
-0.6716916357681514 0.05435915007326687 0
-0.6488489178677055 0.07048063094303682 0
-0.6236832228680851 0.05867555406268284 0
0.3024986008914066 -0.2083246857529921 0
0.09615926371425246 -0.7981578553731716 0
-0.4006903637909468 0.009581101544688234 0
0.0141227066232037 0.922906430897434 0
0.01301488199700156 0.9351659900494294 0
0.01530782027709779 0.9101413607373745 0
-0.7491468319718626 0.40301514698097 0
-0.7459850942286664 0.3710702575133403 0
-0.2917760630609413 -0.3667984106710127 0
-0.289682398215039 -0.3918206966575482 0
0.4058884875820575 -0.2301474550301953 0
0.7011668111542246 0.4777882300919997 0
0.6713432860306348 0.4921617935217462 0
-0.1435960330371333 -0.2139525721250386 0
-0.1468183754166168 -0.1885967679112764 0
0.2531184140796525 -0.7795186197290375 0
0.278049316640767 -0.791157560975791 0
0.275200253594735 -0.7623035194606689 0
0.3010792725464953 -0.7744537823813633 0
0.3037653733704285 -0.8037289827718915 0
0.3273864874868171 -0.7867055533815279 0
0.3244850685709427 -0.757479481978113 0
0.3513981035040046 -0.7696071122443491 0
0.3483772184512541 -0.7399907742570393 0
0.3756145520328956 -0.7522430836320393 0
0.3725299022953678 -0.7222837478717694 0
0.4000517078482972 -0.7346477314282658 0
0.3969318249481742 -0.7044218484993781 0
0.424638640786204 -0.7169186829763432 0
0.4215440199752715 -0.6864087616020165 0
0.4496088666429067 -0.6989445816899522 0
0.4528417892551828 -0.7297798414423884 0
0.4782604505594371 -0.7113755792155217 0
0.7244393201285022 -0.4492689937556276 0
0.6983178230620354 -0.4670211446417689 0
0.4173502242820274 -0.345052987941964 0
-0.07192104969101296 -0.07388789965604688 0
-0.09290363503805102 -0.089752991279862 0
-0.2763385464135019 -0.8268487189926497 0
0.2353823074955559 -0.8482937287677775 0
0.195982418235927 -0.5176830965018938 0
0.216735752242268 -0.5028300403922398 0
-0.6609820926445766 0.3966754436087004 0
-0.0862867322107434 0.7547168393077801 0
0.6061532042622515 -0.6265288437668166 0
0.5794809318233115 -0.6449441589052216 0
-0.8743562404960061 0.015750577310458 0
-0.8970626586433758 0.02634144994799135 0
0.4763674417576934 -0.209558281795059 0
-0.3609907364352683 0.2269355135065991 0
0.464280392702777 -0.09760278728578606 0
0.4611828559045562 -0.06965016863791131 0
0.02217875182941285 0.9420985604838563 0
-0.6070015807734993 -0.5090676217570016 0
-0.6356345650891447 -0.4957824914284077 0
-0.6617204719858794 -0.5140646384868325 0
-0.6644806125290522 -0.4822573231080443 0
-0.6909656798653252 -0.5005076831061693 0
-0.6936612040333825 -0.4684845617777282 0
-0.4215987763710362 -0.7126722583046222 0
-0.4462126793855833 -0.7327784527528873 0
0.3901046832971433 -0.09170162582497896 0
-0.5751327759218104 -0.1739525269351757 0
-0.01820793505386624 -0.7027206504910875 0
0.01179556752823368 0.9465600799521801 0
0.002806971875606 0.939970075080547 0
-0.05829281255488854 0.9389379582674133 0
-0.7252079141817001 0.4528187399277776 0
-0.01226416847388091 -0.9431529638332138 0
-0.02225603423656176 -0.9388817631682662 0
0.8022738246905551 -0.2540956879701446 0
0.8272185079875457 -0.2667658092953702 0
-0.7750529541268916 0.3840481671837747 0
-0.77210240063077 0.3523939679789466 0
-0.800289905409123 0.3652738063045935 0
-0.7971237150197878 0.3349127701224912 0
-0.7442096948477488 0.3396300579430996 0
0.1196976548921053 0.6868646247273362 0
0.1217703954764039 0.6628499850859777 0
0.1018989105314054 0.6492491963324418 0
0.1237099700551252 0.6385727671448462 0
-0.6269224549986929 -0.5905108226727905 0
0.3702416765964661 0.7928229534077873 0
0.3427360925830932 0.8048338992624051 0
0.06078591386207265 -0.03066030074285112 0
0.03617958099512958 -0.02018590034717664 0
0.8460687742450148 -0.2213332043305532 0
-0.6025891644667085 -0.1903633318262891 0
0.1439874179357101 0.6524967904500163 0
0.1460144266095256 0.6277245108764056 0
0.08330449341377801 0.9342697801861558 0
0.09778054666612392 0.9281781189202196 0
0.6321392017684679 -0.6075132789919321 0
0.3872173307492729 -0.06405722486709445 0
0.4112433331572923 -0.04777610046593206 0
0.2296246114771937 0.3452827304259801 0
0.1581792279330273 -0.5696861969819278 0
0.1383763631196798 -0.5836565102886195 0
-0.1267997060633294 -0.3995593329565558 0
-0.106019342302749 -0.4084770758614948 0
-0.251600548082239 0.09376677935812289 0
-0.2740650265018912 0.07873329892833293 0
-0.004720768741513772 0.8175213714226581 0
0.1524718013161843 -0.2678305899030236 0
0.1495300530763463 -0.242112302957963 0
0.1339843239796492 -0.3082209854796018 0
0.1774134645132459 -0.3802313143305421 0
-0.07029731152473472 -0.2686285190779788 0
0.3780840938321582 -0.7822852962077385 0
-0.3582385212456565 -0.8033875137455403 0
-0.3372222816025374 0.2433532280889235 0
0.108518047737228 -0.05299528961684205 0
-0.4247557244809035 -0.4807136018052261 0
-0.4276078460397415 -0.4519193335830616 0
-0.4011271344856816 -0.4643637542086883 0
0.1674011515994593 0.6408611988165054 0
-0.2570656606960813 -0.4935076820614618 0
-0.2349816607091461 -0.5033193270649312 0
-0.2808338562666007 -0.4834685393763094 0
0.1139605313668891 0.7749331782935986 0
-0.5777285882639902 -0.2026512721699243 0
0.1516997729531828 -0.7495494843873031 0
-0.09260581189475713 -0.9305824430851463 0
-0.1073365718359466 -0.9260410109807925 0
-0.07907916326161477 -0.9352538260491341 0
0.1000873823878869 0.9123085418466182 0
0.113392879391996 0.921709193744695 0
0.1160109056179453 0.9047682728664148 0
0.1307333567667454 0.915542152316293 0
0.1336153966676659 0.896892963776047 0
0.1493112811290289 0.9093075492455529 0
0.1525465464223919 0.8885639964958489 0
0.1695720738675846 0.9016469641259208 0
-0.6111061321857022 0.4353098215032651 0
0.314955732623405 0.5363140697843958 0
0.3417996019951244 0.5229350067141183 0
-0.3140907504316391 -0.7288562041789288 0
-0.7830671858482268 0.001105948600115037 0
-0.7611796565231612 0.01660526820561864 0
-0.04942694181798273 -0.8588463483248759 0
-0.3933141549668663 -0.3030319376137647 0
0.4829908610868498 -0.2658102951650371 0
-0.6559731163185071 -0.5774198278225773 0
-0.7328729177135249 -0.1978532736840831 0
-0.7366816190210799 -0.1696326053468308 0
0.5538804632037604 0.2743330816202504 0
0.3084377751647887 0.3110329026334417 0
0.7927057695454747 0.1879130959241493 0
0.8177169712499279 0.1754384501699215 0
0.8161128862126088 0.2033322580992626 0
0.841241330390064 0.1909035750678139 0
0.8395125625345173 0.218894956411855 0
0.8424662511218673 0.1628120392603281 0
0.06002908384197215 -0.9051113634581589 0
0.06131383510885185 -0.9185749320345342 0
0.003959173464772257 -0.3228734524713645 0
0.01175150862780145 0.1722389194381244 0
0.7351758231717735 0.397991570370611 0
0.07684420698825457 -0.7690429164437118 0
-0.6259002781953996 0.08667587888442004 0
-0.6097746122499942 -0.477770243760145 0
0.4299564549771668 0.4229203813788021 0
-0.3684415169523144 -0.3147821059084646 0
-0.5476692855054656 0.09646690630290687 0
-0.3705241256309448 -0.2875394593171868 0
-0.1246183462550211 0.5486745867340919 0
-0.1491943098903952 0.5606170010780945 0
-0.1269398688834283 0.5764217819443024 0
-0.1513257559995525 0.5881181317665694 0
-0.1292632382652356 0.6037840120466567 0
-0.1741947800847398 0.5760291307266299 0
-0.8252822881846956 -0.2929462745555188 0
-0.8230336840691607 -0.3216305322510599 0
-0.7968797737201158 -0.3339761309824292 0
0.09485175032899242 -0.1209543622228653 0
0.1182187497695582 -0.1304903211894714 0
-0.3134240287176654 -0.1342792674203487 0
0.6673499182980445 -0.4208521909312731 0
0.237808709172673 0.5759370316932949 0
0.2136920808275765 0.5870432126800623 0
-0.4788585365158378 -0.1533286572103421 0
0.03284793186197273 -0.5112226840637063 0
-0.6671968402206258 -0.4505587151449986 0
-0.6962404607804864 -0.4368190508420768 0
-0.7223749885553904 -0.4546038493799962 0
-0.7247320051896339 -0.4232052105198892 0
-0.7505980338685504 -0.440747243740354 0
0.05892375804342737 -0.7616940683584938 0
0.04372255424230401 -0.7735443146214326 0
0.04108124738264757 -0.7545365591231501 0
-0.01266898298521064 0.1838715044766137 0
0.4462752321952591 -0.6684140581473137 0
0.1034999637385817 0.6249128093121062 0
-0.3774287075455182 0.02572197724287342 0
-0.3518388023398618 0.01371869090319283 0
-0.1069224144860949 0.3466173764912446 0
0.1947459732383302 -0.8738137707140342 0
0.3730393565905723 0.1644670553241322 0
-0.517144951881836 -0.2985500087286508 0
-0.3842133071127849 0.210544387368598 0
-0.3113233172840923 0.2309438879958527 0
-0.3134499397017646 0.2596841780524005 0
-0.9150498823729633 -0.01253835948587335 0
-0.1362098563841976 -0.2641541733038968 0
0.4551118501996524 0.7560125558250912 0
0.4846193472065476 0.7423984599554619 0
0.4873715629870264 0.709876397444322 0
0.5311457890224283 0.4950051255893447 0
-0.8091857652992467 -0.1892851492134211 0
-0.830626627775243 -0.2060659197527044 0
0.02602869906691429 -0.766308191222725 0
0.02335444320360305 -0.7473752719338235 0
-0.430070978415059 -0.149450536864198 0
-0.4046427999808091 -0.1613684114804063 0
0.1346229619164581 -0.08997887374373345 0
-0.1533588672504502 0.6153167709221626 0
-0.131227975782725 0.630341004622897 0
0.1792702237620371 -0.4055758358680951 0
0.8648045211243871 0.2063752864413504 0
0.8630913238980901 0.2346089813621307 0
0.7286095427559189 0.08643522395408233 0
0.7040014289364399 0.09761337447677365 0
0.7065060728222585 0.07078015296765289 0
0.6818094912516531 0.0820551811092986 0
0.6843101160341499 0.05509831790436182 0
0.4663657978267097 0.3450927653913459 0
0.5825717617339436 -0.320825877789016 0
0.5847771829178533 -0.3505902967951293 0
0.727270415459712 -0.4811994801123249 0
0.7010434669909538 -0.4982615609313292 0
0.7561648881676536 -0.4597446547697819 0
0.01073610531237821 -0.8967382808914294 0
-0.3688506259092976 -0.705858084383754 0
-0.05776031937874371 -0.6693868129845824 0
-0.04579737549131905 -0.9084469123541286 0
0.6273000616340179 -0.5769142283223526 0
0.6569065469976687 -0.5889252968645947 0
-0.6742974529985882 0.08220674951885348 0
-0.696865245663482 0.06566910009172516 0
0.4408223132880532 0.5972060138679548 0
-0.4650736265802577 0.6395322229911087 0
-0.4935628435275493 0.6533404056630947 0
-0.4675751781730608 0.6721176154312445 0
-0.4973288785516669 0.6859231480405815 0
-0.470419958226856 0.7050238763777038 0
-0.5222205109307312 0.6668733473209405 0
-0.3123711977203281 -0.3817237111756743 0
-0.310482421655052 -0.4068467456888444 0
0.1257153795250715 -0.2317477218909532 0
0.1466224852412555 -0.2162527363542984 0
0.7621511320300962 0.4160929830137013 0
0.7637847038140011 0.3843903565932243 0
-0.821038175830784 -0.3503183084215995 0
0.1230732637946824 -0.2064113718530657 0
-0.4998002812795537 0.7189779697845738 0
-0.4733789602560685 0.7380560088975756 0
-0.4434983511746124 0.7241815319703094 0
-0.446446743519845 0.7568426554549095 0
-0.4168545859334354 0.7432080249781816 0
-0.4197541763721324 0.7754666924988138 0
-0.3904176837703779 0.7619573925663879 0
-0.02092689290442392 -0.9495676276049705 0
-0.03071595290641781 -0.9456503715790114 0
-0.2997418017313362 -0.293540388001077 0
-0.5580502220353506 -0.1257147800932645 0
0.1726829580570172 0.880137163703252 0
0.1912207038747576 0.8940335214529742 0
0.1944993008565724 0.8707590447283471 0
0.2140746052188603 0.8855883381200101 0
-0.8348024466186079 -0.177588411998411 0
-0.8564017760625393 -0.1939029551578862 0
-0.8537144192503854 -0.2217429142410536 0
-0.7096877294573158 -0.1815633854958501 0
-0.7123130288723392 -0.1535140141392217 0
-0.07675115678016066 0.3880426459114668 0
0.8379803305954119 0.2474008633175665 0
0.155728828052507 0.7537859763078356 0
-0.777027092106042 0.4156228595532901 0
0.698791761071704 0.5108622936683689 0
0.6688162419150796 0.5252310733362276 0
0.6414709307800617 0.50652880237089 0
0.6389121227483499 0.539575769237699 0
0.6662285763626206 0.5582971789666549 0
0.6363228109063825 0.5725787797302462 0
0.529161307909232 0.2571857832318267 0
0.02299873814483538 -0.6098468399829629 0
0.4944778968172983 -0.6056333241184269 0
0.6792905644808857 0.1091945997009997 0
0.6568484009405962 0.09347705142212859 0
0.3303050657589229 -0.8159833621216248 0
0.306056460455743 -0.8331982725371733 0
-0.8246690622341668 0.3477503055743694 0
-0.8219022341332769 0.3175998120349073 0
-0.7945635855817663 0.305127710434927 0
-0.8185671295126127 0.2876681153927539 0
-0.7921691918781223 0.2757767238121148 0
-0.8161734727156917 0.2588818510045621 0
-0.8423432272351247 0.2705494599494516 0
-0.8399831682409662 0.2420555303922416 0
-0.7961618433281666 -0.3631101166926509 0
0.001938789253397629 0.9511291143891136 0
-0.006988721626762001 0.9450269012658389 0
-0.00641868645191223 0.9335095603808151 0
-0.016422719902386 0.9387432953636943 0
-0.07131412429698251 0.9444308712512656 0
-0.08326600556450417 0.9374675563230652 0
0.5266015518853771 0.287257821427863 0
-0.3932142996578442 0.7939107099833953 0
-0.3643070497639614 0.7802347314569464 0
0.3213214768036373 -0.7280688962027675 0
0.3693461798092502 -0.6921664363839197 0
0.2194900758152071 -0.5282811355274202 0
0.2404765219056317 -0.5131728128489077 0
0.5641892502410835 0.1558396785164201 0
0.5378258904643509 0.1682637389676457 0
0.7601398925436774 0.4488685097457449 0
-0.8171707115518162 0.06834919539775065 0
-0.1073373212393231 0.619175263640825 0
-0.109329827329302 0.6450743260291874 0
-0.1672316799489161 -0.2040943209832315 0
-0.1704787118614051 -0.1786150122028026 0
-0.1499633840690211 -0.1630372607895218 0
-0.1737997751068562 -0.1529764186551595 0
-0.1532094300188435 -0.1373537764200858 0
-0.01137873750317159 -0.9537604464073316 0
-0.3615219501047032 0.7489129573238431 0
-0.3359540335381794 0.7671632252163182 0
-0.3385679094038631 0.798015832795831 0
-0.3106079321386955 0.7850724422390111 0
-0.3131786666830367 0.8156048425309352 0
-0.2856189574575204 0.8026571096485313 0
-0.2876652555841316 0.8339541510019945 0
-0.2613477727851186 0.8203142270200392 0
-0.2626677325248733 0.8506598835100863 0
-0.2379765443852144 0.8376439671362818 0
-0.2396461392411377 0.8651888746416707 0
-0.2155314137741253 0.8535989252371723 0
0.48695046739556 -0.08094282886169711 0
0.4838454464060937 -0.05298237472424027 0
-0.01693534575354297 0.9499426478997075 0
-0.06554350851296549 -0.3179043766091073 0
-0.06247424625763801 -0.341555073831202 0
0.1563422885861314 -0.3945076510037791 0
-0.4110352238915755 -0.3741185408832629 0
-0.3859181840830357 -0.3856104077426172 0
-0.02637255469619318 0.9438216293883089 0
-0.4421006955729486 -0.7644959644223716 0
-0.4714320537831485 -0.7525320740325758 0
0.8030580534343381 -0.283332866720491 0
0.8293685273913223 -0.2962814093051451 0
0.8538310266680427 -0.2758088446690808 0
0.2341778496081778 0.6308819898529083 0
0.2376688968940053 -0.4872484381511251 0
0.2618870479137509 -0.4977069536386584 0
-0.1087424096386719 -0.8307562161872278 0
0.6416337663984827 0.1768193141403374 0
-0.5568514250592094 0.1527844775981163 0
-0.5317969431812637 0.1693412944967441 0
0.07238083665673503 -0.9108801538283413 0
0.07350551455799853 -0.9244801794379353 0
0.06261996034787128 -0.9319166278879907 0
0.07436675365385632 -0.9379341574905162 0
0.08577406971785201 -0.9303008906899275 0
0.06363863033799218 -0.9449833168508921 0
0.1448188490365932 -0.1907436920731998 0
0.8616168403042949 0.2633457307564666 0
0.8359300758271218 0.276416557499394 0
-0.1770590734343137 -0.127291925489992 0
-0.1554597031313499 -0.1115279425715869 0
-0.795145162454304 -0.1193337225349978 0
-0.09616277584361513 -0.06362192988112825 0
-0.07509643228138181 -0.04772434463522807 0
0.5145164869322143 0.7285980345863685 0
0.516573805786011 0.695403766713275 0
-0.7486170178916932 -0.4720236629589618 0
-0.7767618019205769 -0.458463920085518 0
0.1582465914819981 -0.4197033032067481 0
0.08647351909171801 -0.9441481030475846 0
0.09849884492361548 -0.9364661168157415 0
-0.8788900056696222 -0.2096222509837797 0
-0.8811897179032595 -0.1820802094289304 0
-0.005033993571985189 -0.2482881275593369 0
0.4815178346698407 -0.742841738814855 0
0.5073664513468757 -0.7239180683292273 0
0.4557363822326004 -0.7612013449982411 0
-0.483313119922724 -0.6547293766351346 0
-0.5088675373268965 -0.6741528083484758 0
0.3657370718394235 0.5403382974609392 0
0.3683802847942672 0.5098815508137934 0
-0.5021479085621207 -0.1693515108600633 0
-0.3633892385625877 0.2558111717438286 0
-0.08919628632967962 -0.9442582703026582 0
-0.07654426777355929 -0.9483596675469175 0
-0.403099782811932 0.03780684371719052 0
0.05741691955115658 -0.004355539904103183 0
0.03266954747110543 0.006025310921603716 0
0.1906231385156817 -0.4676830947190134 0
0.02071638048016233 0.953109969187113 0
0.6096172043130904 -0.6579831852986855 0
0.583123769345073 -0.6750465911983967 0
-0.1270241950637592 -0.3375422607965959 0
-0.1489036188008191 -0.3273322496043816 0
-0.2178902465408878 0.8801852361172792 0
-0.1945060954825646 0.868787528484997 0
-0.1921553586143167 0.8434071535795871 0
-0.172180103841773 0.8584536020902266 0
-0.1742650983215601 0.8824106219713286 0
-0.1533184197806566 0.8725391987323051 0
-0.1552109736813674 0.8945243410912316 0
-0.1350078327259333 0.8852940222418773 0
-0.137474175004365 0.9063552375719952 0
-0.1558173797602525 0.9172291653395608 0
-0.1694502574398494 0.8339725039662613 0
0.9727269888387542 0.1092371451494154 0
0.9509098244221006 0.09186961538964743 0
-0.9730296303604355 0.1100643751967202 0
-0.9552851085832796 0.09212483906752322 0
0.9721825359778169 -0.1106099492922672 0
0.9552091567764055 -0.09255396563337377 0
-0.1331723571508019 0.863967552102916 0
-0.5815172800855251 -0.4908894450878797 0
0.6119213750072595 -0.363539417588465 0
0.5870691947571164 -0.3804671366974183 0
-0.575914791434163 0.137299482832866 0
-0.03226952204430627 0.3634856624784535 0
-0.03364751852819105 0.3895426329180561 0
-0.2411751664229491 0.8918343274204034 0
0.07403255501893186 0.7282614250644772 0
0.3508729906465216 0.430252212899486 0
0.09799964769109927 -0.1468337069799842 0
0.3607719799529879 0.5990462774023519 0
-0.8517346430530481 0.005877817485104788 0
-0.06139456833067276 0.9514857931469806 0
0.2186752884007401 0.8615548102597886 0
0.2386582474964688 0.875554502510917 0
0.2433634808958954 0.8507877949212136 0
0.264552841144148 0.8658483885146249 0
0.2696911597287366 0.8403598564337063 0
0.291110166075998 0.8565446845345701 0
0.6168163759998859 -0.4851143411118478 0
0.2297306507113708 -0.7691153014756351 0
0.1166910178296722 -0.5737305747948064 0
0.1187879612754722 -0.5972950874883296 0
0.0284850955569605 -0.7848433875707825 0
0.5616290812571388 -0.4603755700882722 0
-0.8769325287979548 -0.2376157842444344 0
-0.9496791216359814 0.1190701449595766 0
-0.9270548236129199 0.1034584257329104 0
-0.9234572013644109 0.1293177351287972 0
-0.6990485770808663 -0.4054788025469767 0
-0.7271190903095432 -0.3922719621943056 0
-0.3149135640567021 -0.3585333549945126 0
-0.6011087660310456 -0.2189274971495633 0
0.5599931639405205 -0.3674989582517132 0
0.4344919303828264 0.674849747778957 0
0.6117081741689071 0.5208723097928172 0
-0.287595250832841 0.2472625369705634 0
-0.2906533723848693 0.2759275809430783 0
-0.3541974717237643 0.04185158502998214 0
-0.3287253393912787 0.02981526253944665 0
-0.01866744227998749 0.9045522406791014 0
-0.8764551600814025 0.04099903127175875 0
-0.571487450602975 0.008218114744554524 0
-0.5487049256624943 0.02453641803192282 0
-0.02693062834638484 0.9547207792900338 0
0.3643720931169008 -0.08047265159028634 0
0.3674439208856254 -0.108386775916845 0
0.3632638253911941 -0.05172289419923647 0
0.1671979906885246 -0.2008631778837872 0
0.1655984562976652 -0.1744731278506864 0
0.367361885680502 0.8255385602043736 0
0.9473419304765818 0.119245437234823 0
0.9264122321816155 0.1021963169833307 0
0.9288752586472497 0.07498995266895342 0
0.9062834262176902 0.08565326997796442 0
0.9085474903041553 0.05970431374420475 0
0.901404842584728 0.1118060479690996 0
0.8862980825761234 0.06899368711398933 0
0.8891344346294756 0.0444071807740135 0
0.911698999039577 0.03459725769604816 0
0.8924574249844996 0.02057207216440129 0
0.9137875519183662 0.01117731155410336 0
0.8954120076424302 -0.002331558795763794 0
0.9163934867176795 -0.01125281096040249 0
0.8980473170612223 -0.02532806017689752 0
0.9194992983482695 -0.03412934940169985 0
0.9007043287755125 -0.0488500612186636 0
0.1544056282047253 -0.3692912066882426 0
0.1883990463228923 -0.7994153546070484 0
-0.254019833534417 -0.5177226703133214 0
-0.2317128045333271 -0.5279827569275304 0
-0.2128344588939659 -0.5125694078895175 0
-0.2094448892638435 -0.5378739353922304 0
0.9483310161354004 -0.119731907433815 0
0.926762832108891 -0.1031373158730215 0
0.9225665966252656 -0.1297688782146666 0
0.804898505516166 -0.3127882755241144 0
0.8313583128397736 -0.3257654407388782 0
0.8071989859539884 -0.3419982225263345 0
0.8334842011108847 -0.3544361195714099 0
0.8096998261301814 -0.3709111411040923 0
-0.5753314659207736 -0.2312443590155993 0
0.6635931101018443 0.5914037937339967 0
0.6337223956479405 0.605637564988897 0
0.6074115107153861 0.5870229477447366 0
0.6040802619552481 0.6199546736300672 0
0.631066610266081 0.6386511200486955 0
0.6012772933290849 0.6527684926823633 0
0.5748904358348367 0.634530743360437 0
-0.4579095064637713 -0.6361273480619811 0
0.1179131571148252 0.8856527801417131 0
0.3582942726317511 0.6281399466676825 0
0.1733279475445891 -0.2524745802920521 0
0.1762283849275427 -0.2783222926973526 0
-0.3331333753174328 0.7362329375306308 0
-0.6269343029669772 -0.2066020198103765 0
-0.0476442213721862 -0.8944454856979034 0
-0.03496737565306968 -0.8998092096442738 0
0.4183276515901319 -0.6559959661124526 0
0.05249868303373465 -0.9393988149149957 0
0.07131608235750438 -0.8965906187082953 0
-0.2349261931350491 0.8087439830901179 0
0.05364127590780687 -0.9514847722779569 0
0.04350458876959074 -0.9470385543620905 0
0.7911161265327665 0.4017282747333848 0
0.7916433329817417 0.3657357877224808 0
0.1481734258854583 -0.4745712208438517 0
-0.1078565330453766 -0.3873261060464477 0
-0.08743436752355103 -0.3960497915634199 0
-0.08563613498728509 -0.4179400547882858 0
-0.0667083343430943 -0.4053936854836533 0
-0.06487571717747345 -0.4276414571579266 0
-0.04597528281729165 -0.4150259455788477 0
-0.04367376178122466 -0.4371293360656598 0
-0.0250331112304945 -0.4243740944876746 0
-0.02282902600568013 -0.4467275288370876 0
-0.02585767974299813 -0.3997006496311986 0
-0.1474760781593761 -0.3486802780152621 0
-0.1098970182250986 -0.9110276793737149 0
-0.1230331726857054 -0.9212504832688082 0
-0.1192998912208575 -0.9380101513642664 0
-0.1365116876667265 -0.9329671966522299 0
-0.1233417330915259 -0.9757931320281233 0
0.1244955659699258 0.9754394137659979 0
0.2431776133274791 -0.5392542922879546 0
-0.8662569146377896 0.2539955014102561 0
-0.8634092490083241 0.2253184289460423 0
0.1458321646321946 0.9274706580289327 0
0.06006730831885505 0.6709892955668354 0
-0.313730664114855 0.8497981378093187 0
0.215473123946726 0.5601985036104425 0
0.1912750225842574 0.5720387138542817 0
0.240396688027223 0.5461144476137388 0
0.1395215460888 -0.6071046421535911 0
-0.739674758222732 -0.1418806871597112 0
-0.06687686447769349 -0.9399180183119059 0
0.01160160985891372 -0.777819993715443 0
0.1087799986499275 -0.7277238944489832 0
0.09510014731334014 0.9431882153150678 0
0.08176613876860535 0.9487037359708508 0
-0.03165937402187474 -0.9349225469898972 0
-0.2614453604999052 -0.4452681326091779 0
-0.0652766616142172 -0.952482430778066 0
0.3957629779955751 0.8115707971291651 0
0.7309894429167662 -0.5136559608729712 0
0.1175757924836068 0.7107202055533077 0
0.139532917711017 0.7007108442631323 0
0.2090464814102994 0.9090725107827227 0
0.7762352893325344 -0.2704861563608863 0
0.3175853988195539 0.5064121979319649 0
-0.6517598340016835 -0.6091767043437631 0
-0.6843961589287332 -0.6015802192216304 0
-0.03681076779042932 -0.8865090956581148 0
-0.02400679250054982 -0.8915099397832729 0
-0.1650553227260304 0.9769858817183814 0
-0.1599669781480108 0.9628526541872843 0
-0.1807075819202646 0.967340954158516 0
0.03082145984044849 0.9489815001231829 0
0.9016095785303648 -0.1142087102846894 0
0.258994739344257 -0.4711650653507786 0
0.2835346106602599 -0.481973262497784 0
0.280589956195487 -0.4551049673675878 0
0.3054174527880161 -0.4660028097359539 0
0.04877079683354499 -0.8106124821757468 0
-0.3323693403535294 0.05778902495859246 0
0.5024965822463375 -0.694033389975599 0
-0.09942604461093772 -0.03740847186820423 0
-0.467152502670459 -0.7845543575062226 0
0.09898050701653525 -0.9505327598141724 0
0.6527631722389378 -0.5581315108653517 0
0.682065017346274 -0.5717919397481676 0
-0.7019548713398703 -0.3745998207391285 0
-0.1159480285645926 0.8763481940257392 0
0.8960663637922118 -0.1398951577182179 0
-0.249253207946059 0.06631768519446381 0
-0.2266024497979449 0.08191257945207152 0
-0.27559628009381 0.05421359803317026 0
-0.02958339612299737 -0.95600555587132 0
-0.002754430805911485 -0.4339191468440836 0
-0.001169889558217965 -0.456705060377659 0
0.9339034409042851 0.002275749991699863 0
-0.7896550397844899 0.2467450538207982 0
-0.2289150477240404 -0.5525343887496965 0
0.3339834545842824 -0.847077982048694 0
-0.02156727090434985 -0.4685549346601612 0
-0.820078819488174 -0.3781620401489765 0
-0.8453123940846187 -0.3667747619139743 0
0.690931082689799 0.2110980613020225 0
-0.1908901329553837 -0.1941982804775285 0
-0.1880171621922624 -0.2190841874644911 0
0.2220293887138046 -0.5537372396000905 0
-0.4762708869457835 0.7708622748561177 0
-0.847268804424185 -0.3065941874002107 0
0.2249734697774757 0.4029739676362828 0
-0.08275990352122348 0.9509828511419993 0
-0.0944403210326963 0.9445635332132106 0
0.5515326100064595 0.3045282149305502 0
-0.1403597957113674 -0.9149092938327686 0
-0.1551849833283709 -0.9278142372043525 0
-0.15934230766261 -0.9077273039224832 0
-0.9308055884961111 0.07573304586724407 0
-0.9045961533072929 0.08731432617099294 0
0.01016556530491118 0.1985010338808453 0
-0.01447591477626611 0.2091418028568219 0
-0.03684593298554464 0.1959206658973283 0
-0.8370104272089518 0.2130153565871055 0
-0.8606638581081235 0.1969806086367102 0
-0.8864143159224285 0.2086591027899574 0
-0.8823296639800731 0.181999973600649 0
-0.03939344745013439 -0.952033627560249 0
-0.9334522820880747 -0.05187002675390311 0
0.09793769285760076 -0.9221606199974075 0
0.1115178682847782 -0.928547976517328 0
-0.5037758561588377 -0.1421154564604885 0
-0.1136212974382251 0.8554165830437781 0
0.860099784820477 0.2926377981325015 0
0.8339877439981734 0.3053256549602075 0
0.5426866970632922 0.7123005299572127 0
-0.0004919799173457423 0.7427697777204783 0
-0.2064968901824105 -0.562034838960771 0
-0.1871449547783678 -0.5476726905356152 0
-0.1842032088201184 -0.5713939215692058 0
-0.1661309250242998 -0.557129674477874 0
-0.1629127027647032 -0.5812550308557064 0
-0.1433261855067197 -0.5638607302786522 0
-0.1413488614586087 -0.5898157636093373 0
-0.1229915273677035 -0.577200877642564 0
-0.1204106287426836 -0.6009272709175401 0
0.5103985896206762 -0.06426097983379628 0
0.5074498864620731 -0.03661278915001928 0
0.5128274090952809 -0.09221041089056316 0
-0.1891513179925086 0.8180410539205789 0
0.819499525596624 0.3864619362144325 0
-0.7002405728951004 0.09371958333647191 0
-0.4069416897737069 -0.1335004684360634 0
-0.3816850501794118 -0.145541464347517 0
-0.3793719421859276 -0.1731966766945306 0
-0.4323334275933254 -0.1214122970491732 0
0.6135082298142678 -0.4542962042791863 0
0.2910434216131775 0.5196009157149962 0
-0.4385151927752381 -0.7946064529238256 0
-0.01856417361508941 0.8883214688120639 0
0.09747704013983212 -0.5874748369600937 0
0.09956001575876965 -0.6106127592036852 0
0.07876920800701373 -0.6009927607094216 0
0.1316183598256891 -0.8236795759060058 0
-0.7656798275142506 0.2636043596092943 0
0.3647996572584274 0.2805287081349067 0
0.70882264441371 0.04390797346735747 0
0.6872134815511806 0.02931924312528905 0
0.7110705637475196 0.01732232060284322 0
0.6851952341784108 0.002095334721777333 0
0.7127364961753264 -0.009288612083729095 0
0.6916281777809563 -0.02468718948488458 0
0.8770774941481332 -0.01609938897955867 0
-0.7158835236906471 -0.125945637888537 0
-0.2831244300506391 0.7727182254241436 0
-0.689476686586403 -0.1374156789387199 0
-0.5501332348622409 -0.5350452517507114 0
0.6623148317699875 0.03942889194995081 0
0.3025073208206179 -0.4388226937118063 0
0.3273962364455731 -0.4495078635514808 0
0.3246915538080962 -0.422247072564385 0
0.3499639661958562 -0.4331077810059553 0
0.3471066038212659 -0.405593304692588 0
0.5622353802715699 -0.3973376262594875 0
-0.05263222327771596 -0.2283687229097047 0
0.8589178669517479 0.3212431203273061 0
-0.5085143648847541 0.2517971664125436 0
-0.4807423508555808 0.239992462064102 0
-0.4559910922131182 0.2574651767476973 0
-0.4535539844867072 0.2278954012432001 0
-0.4777189748542967 0.2110484341118208 0
-0.8285192354746714 0.3770660190872972 0
-0.8519736045111301 0.36007729949897 0
-0.0362087483943156 0.9488746560738023 0
-0.03596344759902093 0.9374030468797909 0
0.6935086343069476 0.5771145478650451 0
-0.009738717073734514 0.3789641227460856 0
-0.01195016993937168 0.4061165509603256 0
-0.03751853312373332 0.4162297332173193 0
-0.01364836707259636 0.4319210746957316 0
0.010192624493754 0.4216772019241329 0
0.008054808084751277 0.4481346200152913 0
0.0319349118222861 0.4368435912274167 0
0.03415623894407106 0.4105635350882707 0
0.05577626166289237 0.4255656734077851 0
-0.5600166026162637 0.1815898420222442 0
0.4320783001304617 0.05371080110377871 0
-0.3263580114792043 0.001851188987513528 0
-0.5835416394172745 -0.4605776776678182 0
0.07428235486907019 -0.750078793081224 0
0.3188728370567656 0.7849421849005833 0
-0.612388014563473 -0.4467281292284778 0
0.8883244107468933 0.2217998595185134 0
0.8899774511239931 0.1938039822126458 0
0.3081692285058741 -0.4929121371061103 0
0.5318758529042587 0.2272767398893269 0
0.5046931553579125 0.2400655593532143 0
0.5077525531281089 0.210272165367147 0
0.3927402171380361 0.5275281767888964 0
0.3960478718036415 0.4968537235184091 0
0.08158340791900279 0.6355377916495422 0
0.08358852001074958 0.610963674107694 0
0.1051609089638004 0.6005794745128561 0
-0.3819421699328646 0.3099635180511421 0
-0.4809023592777611 -0.1274730947758819 0
-0.4295361010745624 0.2433789662718483 0
0.4427771457281473 -0.6383224608771515 0
0.02672646544270419 0.8197736859072877 0
-0.09254023518356148 0.4530002800048863 0
-0.1537851417068312 -0.3016387157758704 0
-0.1668369115310632 -0.3181224377130699 0
0.1182389654545467 0.9626395020693883 0
0.01142170075054013 -0.009760664709778561 0
0.00708995010855893 0.01767974667085434 0
-0.01320498827919211 0.0006772435805077971 0
-0.8673523809777609 0.2841400439623653 0
-0.08603853391313958 0.6340881177532702 0
-0.08817941038843514 0.659521347754077 0
-0.11105866226088 0.6705406711105504 0
-0.09020953553731867 0.6846487564042747 0
0.4816090204467217 0.7749598416627969 0
-0.2580638852026527 0.366721553356448 0
-0.2322367044063951 0.3537288808335076 0
-0.2545477290957154 0.3382298059603226 0
-0.2297246666239309 0.325164995611052 0
-0.2063306850219658 0.3413616405899988 0
-0.2039879252394822 0.3128941912686213 0
-0.1806338891276977 0.3291586710071396 0
-0.2271274745501324 0.2972301733324084 0
-0.1829122072991767 0.3574724828614739 0
-0.4284546055374374 0.5326837970328572 0
-0.4004762350140557 0.5197306064533037 0
-0.4255212273652793 0.5019952798047199 0
-0.3978314226679933 0.4892169058837516 0
-0.3727653438947031 0.5068153599415295 0
-0.422923363198265 0.4715806372108667 0
0.4809783975578412 -0.02530078819198794 0
-0.08946064624757037 -0.1157397530290053 0
-0.3705656878309392 0.4761355985615908 0
-0.3454745052053705 0.4931655542080432 0
-0.3479535667013971 0.524062546096824 0
-0.320670226783121 0.5108610868317816 0
-0.3231111034678077 0.5413006030733043 0
-0.295960669134408 0.5286012037244369 0
0.8699346886028044 0.0290275994843824 0
0.03846378643635588 -0.735461307417123 0
0.0204427909884424 -0.7278482416826059 0
0.005426809320248886 -0.7403886360342137 0
0.004142815119799833 0.9156067996127707 0
-0.2936832053217158 0.4977606317711032 0
-0.2692805587170047 0.5154872224430834 0
-0.2718967233587971 0.5459656640121784 0
-0.2447875100831792 0.5332398854295428 0
-0.2477071871464998 0.5629089505124387 0
-0.6911836697287975 0.01030438394124732 0
-0.426345987026461 0.02159537859777064 0
-0.1751723903180609 -0.9217807796751926 0
-0.1796637595967275 -0.9002777141046874 0
-0.196605633210578 -0.9155645344999528 0
-0.130151839044088 0.8413295943308183 0
0.07359590996681278 -0.1367521817131448 0
-0.7226251836516774 0.07766673055808486 0
0.03416941384475503 0.1874694431672385 0
0.2823696878698008 0.06974945273009343 0
-0.6235895423613383 -0.6225732760225289 0
0.2336834921633723 -0.4599379359042884 0
-0.1761816738625422 0.9485484221492759 0
-0.197679975692773 -0.1428982628618706 0
0.02454394288051493 -0.1150713122094142 0
-0.795883634334424 -0.3942931724511351 0
-0.5232526934270051 0.01274136144744827 0
-0.5256269478727977 0.04080157218590513 0
-0.5002175768344663 0.02892098839565018 0
-0.4166299932645665 0.4114696860147476 0
0.08224915407519344 -0.01454167309230599 0
0.4897360455480901 0.6775251389028583 0
-0.1375856594589771 0.9274482721157044 0
-0.1228071960262125 0.9165710237220799 0
-0.7734131379696723 -0.3464357220201809 0
0.7367980470976523 0.3666685553754724 0
0.06215657809556746 -0.2530162693143314 0
-0.4505004253373153 0.4842231595190551 0
0.6133730403478329 -0.393719036066343 0
0.175725419448768 -0.8860167910203517 0
0.1958323262992046 -0.8963277109608987 0
0.1767246901235123 -0.9102482032216737 0
0.1725490196078421 -0.9730265338266294 0
-0.5337739689247438 0.1997803201839367 0
-0.1553979140330746 0.6419967850060742 0
-0.6269105411291793 -0.2326461129121078 0
0.7287138437529963 0.496456869491593 0
-0.5381163372479143 -0.6606700663056717 0
-0.5348904689505158 -0.6934934926549582 0
-0.5643043250763231 -0.6797902460715638 0
-0.5425212591825307 0.356570339188559 0
-0.5707433819662086 0.3687879459039599 0
-0.5472751334508676 0.3846947799496341 0
-0.5956705044570123 0.3519128938999236 0
0.884491661087903 0.2792447002523277 0
0.5435531928761145 0.7466549085636911 0
-0.4293574162093516 0.04883428987228216 0
-0.1296827008243877 -0.1475455411184967 0
0.003263313345759001 -0.4824000278777165 0
0.5239685580873316 0.317395271066034 0
0.4990834708728161 0.3001486575680549 0
-0.7868747853038693 0.02870570968034975 0
0.3901717816080601 0.5581388111600838 0
-0.447661571064093 0.4540082602510712 0
-0.4755675523472558 0.4664245959796534 0
-0.472614387149167 0.4360625635156973 0
-0.5006103404657476 0.4484508222284072 0
0.02929058065801105 0.959592393329357 0
0.03914451430373183 0.9557556524403035 0
-0.7520060462785834 -0.08948041370576798 0
-0.6880968007383161 -0.5325833491258916 0
-0.7176198951161407 -0.5191455557289421 0
-0.6481450302795764 -0.6411206495186565 0
-0.01766378226498951 0.9618717733136959 0
-0.01366653993040545 -0.8160598956766588 0
-0.1781738158289162 0.6254425919241318 0
0.3929417828270816 0.8474887638670696 0
-0.1764500997013321 -0.4817574226751155 0
-0.3589755684214448 0.7169122511283114 0
-0.1159739848136711 -0.07989678953266846 0
-0.5740218477966194 0.03606786462115127 0
0.004690958735230283 0.9024857310747018 0
-0.1343951091714335 -0.5227231630163935 0
-0.7664908919043294 0.04478101622816132 0
0.1639795683884962 0.6673471915110876 0
0.1876243846735332 0.6563919058500545 0
0.7264268365855111 0.5297744867891211 0
0.4845930840952922 -0.7746008066523045 0
0.4074434401085437 0.658948673073563 0
-0.03591684692101412 0.9611968331667583 0
0.04420210755378783 -0.9577708107725696 0
0.03474102724244538 -0.9537210349704861 0
-0.6772887251657118 0.1094594529969121 0
-0.3335054752338985 -0.3994720692842424 0
-0.3317178324985928 -0.4217620977038302 0
-0.307629512123933 -0.4317321463769846 0
-0.3292216372163287 -0.447883038759019 0
-0.3533926640681886 -0.4370131519332369 0
-0.3508618551282139 -0.4636738364784599 0
0.3573638190067691 -0.8287985494364647 0
0.6874763090503613 -0.6027869314482408 0
0.7154182459720262 -0.03597429399185937 0
0.6938761556384684 -0.05143811860029032 0
0.7179712766286928 -0.06279358863577088 0
0.6962122186467725 -0.07837935301507375 0
-0.7393425075352975 0.0321194862470237 0
0.1486977344145629 -0.8108451010128184 0
0.2439867794829344 0.7862938892414955 0
0.06390205852980803 -0.9568831328078274 0
-0.2119006009654766 -0.2600941879618961 0
-0.1905094433699699 -0.2710803836344944 0
0.6543423064658556 0.1209962948986266 0
0.6316714368129038 0.1050168400521471 0
0.634256606437804 0.07733335205445888 0
-0.04208454360419939 -0.3275296444917848 0
-0.03992112838060589 -0.3510346534118481 0
-0.0435390911089408 -0.3034783608739132 0
-0.08381429601421839 0.6083758488761625 0
-0.1811129765472526 -0.5984840502966391 0
0.6767464248270496 0.1368229520393278 0
0.4582039349626243 -0.7927550078425869 0
0.1022152420597151 -0.2219771801222075 0
0.1006021780973224 -0.1971723628030251 0
0.3419055481305442 -0.09706859298751049 0
0.3451135588147284 -0.124992159503917 0
-0.6205481132099022 -0.6544154769570266 0
0.6275786035478194 0.6713423584971069 0
-0.201606587037848 0.2845116673833072 0
-0.3268851642263018 -0.474716034060554 0
0.01391354199470374 -0.7955527691730604 0
-0.3211251885825477 0.291540429022113 0
-0.5482976594715875 -0.2150040872282492 0
-0.5493418975611251 -0.24350620997475 0
-0.156987565675403 0.3451691857053561 0
-0.1595324592995127 0.3734781194109285 0
-0.2250594883246375 0.05550263233836809 0
0.02876218660698963 0.03337391932468031 0
0.4529491298010887 0.7887347108450191 0
-0.6008419991584215 0.07487319893823859 0
0.2934367331857053 0.4909736396342375 0
-0.1735183794660738 -0.5067757721143527 0
0.5191163177973441 0.6622508571487096 0
0.1687048562138013 0.6167357143174631 0
0.1477145997715747 0.6024745675167262 0
-0.4973957049182802 0.4183538579190254 0
-0.2005011971410047 -0.1163416546732966 0
0.8569143235228271 -0.3389301088344257 0
0.8589627080553448 -0.3674726705758514 0
0.1546746612089631 0.8664742043716102 0
-0.4082418502365366 -0.4027933312129699 0
-0.4338577124907819 -0.3903479111613731 0
0.03505846785210392 -0.9635572825268973 0
0.02590835522292327 -0.9593392363754814 0
0.02603131494831033 -0.9495873132295796 0
0.01673282693839073 -0.9555364922276668 0
0.04953501701854182 0.7571218404092176 0
0.5988456648986143 0.6854085877584341 0
-0.714236849115468 -0.5512662440294105 0
0.2159801904675727 -0.8841851189761369 0
-0.3013279207427026 0.5907463855844047 0
-0.07374173409253436 -0.9601856730531654 0
-0.06393320708517179 -0.4490935493237056 0
0.6115154024552891 -0.6900354895883635 0
0.6412174353468394 -0.6710569404771014 0
0.8186915574597325 0.1198080386930522 0
0.8415423376043943 0.1074302541246793 0
-0.04219196738760374 -0.5009382062716947 0
0.5403766434031951 0.1396417046777191 0
0.5141093251576963 0.1520643906592846 0
0.566397541765278 0.1268297145257236 0
0.7202884801563707 -0.08985474810858916 0
0.69884471608968 -0.1048977980859205 0
0.7229002534253752 -0.1170410940009254 0
0.6971659586989359 -0.1340569057578736 0
0.05798489228677442 0.3990799479079773 0
0.07960663361328242 0.4143244625072782 0
0.4709198279411911 -0.6517236608573271 0
0.8416509734684362 0.08267592490623775 0
0.480627047748018 0.2235595913978099 0
0.8099535405026448 0.2893975013353854 0
-0.450260538073166 0.2001719110032799 0
0.4161095810002778 -0.6260370036497557 0
0.3909875228609622 -0.6445440977211788 0
-0.454397960341237 -0.6671731882785685 0
-0.4294819583207773 -0.6488519916874934 0
-0.4961396259253328 -0.7716099500468508 0
-0.7629588550047222 0.2338764139061325 0
0.4803545375684469 0.8088965548061938 0
0.3728049890608585 -0.4169242434867066 0
0.3696649509943685 -0.3889991016367854 0
0.3753964961001465 -0.4441824941768983 0
0.3478414711618856 0.4609268885677595 0
0.3751068958382314 0.4476812921627538 0
0.1339406168901358 -0.3840655936084845 0
-0.3974096552988229 -0.4939305705718686 0
-0.7434135357810124 -0.5378736531065598 0
0.9543141048327407 -0.06285319950673163 0
-0.2665242585827756 0.263436416703361 0
0.1931676049126696 0.5457419086446262 0
0.1690888906714215 0.5573663152107473 0
0.07662417422607234 0.01257712666164751 0
0.1019963222509088 0.002140052824571614 0
0.4415765384994264 -0.6083306006739764 0
-0.2214849379256814 0.5500749804709553 0
-0.2241386320162153 0.5791174153040781 0
0.1734808764039017 -0.759901249472141 0
0.01703893983717497 0.896852238735617 0
0.005794299458622787 0.8884383659874003 0
0.3084829457030614 -0.8624811608646691 0
-0.3953696470394694 -0.2757495533388822 0
-0.3723838017536774 -0.2579985863310822 0
-0.4752902386365848 -0.7205552176493705 0
-0.5614274944012565 -0.7126707056819421 0
-0.5912593467038624 -0.698634050824484 0
0.09529753378948173 -0.5635490332560638 0
-0.3230914275279244 -0.2828411989702314 0
-0.3260173066805566 -0.2541325003982974 0
-0.3211757635241546 -0.308972736315838 0
-0.01482715315809712 0.9265678610121606 0
-0.706719129189976 -0.2097629188575097 0
-0.6834631144145091 -0.1933714383169731 0
-0.5261800745274869 0.4304235502254211 0
-0.07935517918725028 -0.8337882545033888 0
0.3848963435918602 0.6161952935689172 0
0.533838569457211 0.005298949429691258 0
0.5539178877961437 -0.6624284173425484 0
0.5558203454838396 -0.6956920102914254 0
0.08639001689342611 -0.9590489748328197 0
0.09259204075352949 0.9568343503470547 0
-0.554853696345775 -0.4745762131025711 0
-0.4137304681748388 0.7107167108913919 0
-0.7769580213211433 -0.4901178982145293 0
-0.09601708922387329 0.9304004068251711 0
-0.5582705826167127 -0.4171393833038569 0
0.7910547027479954 0.2161561453379841 0
-0.1025540764049886 0.565133890805895 0
-0.2663180037154635 -0.4007991621385155 0
0.3400286259149822 0.8363034343651922 0
0.6418345303689109 -0.46654786461443 0
0.6449003023752826 -0.4983557201637566 0
0.1965049989162266 -0.2612819920543747 0
-0.03366856968227274 -0.9128178189054036 0
-0.1033767733106157 -0.4523677876430089 0
0.1990599429527435 -0.2871700772086456 0
0.1788204302134525 -0.303844639154781 0
0.2000407158513741 -0.3146600377119441 0
-0.8032241429587638 -0.4747487158479533 0
-0.8047603137607729 -0.4456485882559007 0
-0.6522014513838185 -0.6761079690999294 0
-0.00751478040461731 0.3516039345740484 0
-0.3482815857188806 -0.4905601184078721 0
-0.3240168008973159 -0.5016523844608175 0
-0.08436905962039415 0.892474925272161 0
-0.4224221374155482 0.8076332005105442 0
-0.3953233646414726 0.8253776283797506 0
-0.3573008956582822 -0.1574771456168324 0
-0.3550416408504424 -0.1849847042380844 0
-0.3770780549986706 -0.2006344163170425 0
-0.3528082623731384 -0.2123370746590038 0
0.09276135249511951 -0.7576069662151055 0
-0.303740478884969 0.01710088340834141 0
0.7245820501419097 -0.1449130408033815 0
0.7034667741034979 -0.1606806185296205 0
0.7277646580545524 -0.1726632447686703 0
0.7056689842051087 -0.1888564384909137 0
0.7563673492292918 0.5145288107490116 0
-0.2604672591306772 0.2058691822936405 0
0.3705677409529692 -0.1362853489010485 0
0.3479290286842978 -0.1528678490380967 0
-0.8514446690809118 -0.2499652953713161 0
-0.8755831920831638 -0.265472535756286 0
-0.4341334837954368 -0.6174751430304554 0
0.6840307374573094 -0.177710815869881 0
0.1930647682597731 -0.7461027930167264 0
-0.06840129750526255 -0.3820892037418404 0
0.6143300816947164 0.4881719725831862 0
0.6707957917672318 -0.04028841448240258 0
-0.1091201192637292 0.9634434457439078 0
-0.11641575325271 0.9495091218495554 0
0.1782427747783122 -0.5558844191879811 0
0.1799141444743923 -0.5796836844229687 0
-0.1471429972701424 -0.3896287845974464 0
0.0323117374832973 0.214205951842249 0
0.05658296360418968 0.2028561237618821 0
0.05500193613433647 0.2292101204707268 0
0.07909448347784635 0.2181562643435529 0
0.0810937508425742 0.1911537054702445 0
0.1036093450827137 0.2065549367152754 0
0.105693698427587 0.1794084105828978 0
0.1278483758621231 0.1938128984210266 0
0.1304461682307401 0.1674539030856353 0
0.1531781810644189 0.1810056834134777 0
0.1553313911113228 0.1551944078240332 0
0.1787189961551149 0.1699461610751888 0
0.1802623027063531 0.1434991400949835 0
0.20333927798936 0.158943923985508 0
0.2018542425523897 0.1838969136394025 0
0.2270527700931275 0.1735706030810859 0
0.2286226747311301 0.1467497077118232 0
0.2517951167966518 0.1626537346975707 0
0.2501880318207149 0.1898602054303342 0
0.2751003191781482 0.1786598091228959 0
0.2728389186295698 0.2069707311370201 0
0.2979156817032147 0.1948509832463822 0
0.2955397663485473 0.2233141131607342 0
0.2538093814016182 0.1348692958001781 0
0.3005902242052856 0.1665246193144037 0
0.230179339131077 0.1194851933194167 0
0.3229296930550368 0.1849535805184549 0
0.3260092465646326 0.156308358680376 0
0.3022144218726323 0.1390298974070644 0
0.07655850792174192 0.2443993304077063 0
0.1251929373268613 0.218085382198048 0
-0.2929237364039047 0.3049667843766251 0
0.1922938754067742 -0.235022252759858 0
-0.2977024851367739 0.09142571498615903 0
-0.6189584353278945 0.003429896442255102 0
0.1814367348582915 0.710455571644832 0
0.3779311372514761 0.4174007115440264 0
-0.7031788704206637 0.1215035565917012 0
0.6900278368606574 0.6083355686211294 0
-0.5038603468338581 0.4785276679212818 0
-0.5310666855272553 -0.7260704601478751 0
-0.8074628081257522 0.01216762434208191 0
-0.5398391923891676 -0.08577763018464021 0
0.8067542733006655 0.3174824066506603 0
-0.02354882659986177 0.2556312978988968 0
-0.8170217071261265 -0.1343394730011581 0
-0.8402566353772762 -0.1228945261973083 0
-0.7927635392097369 -0.1461335062772234 0
0.3432807934831779 -0.3782233859018754 0
0.3663642374340808 -0.3612162819658788 0
-0.09921672162719543 0.9012869659310377 0
-0.4522362967901987 0.03363440392140016 0
-0.9029479266379539 -0.1974192427317305 0
-0.9045261611852712 -0.1701845580527036 0
-0.8833428581269033 -0.1547951443409349 0
-0.02679511099234723 -0.8769898898949614 0
-0.01341363503393405 -0.8836893359729651 0
-0.598282092163838 0.3828619990248022 0
-0.6223492144257452 0.3651833289373915 0
-0.1811326320347998 0.6520131762833994 0
0.07584475374789716 -0.1621120379943417 0
-0.6206358877759716 0.3342936071876736 0
-0.6496512543213218 0.347390300033689 0
0.1572568954993704 0.1280518548347445 0
0.6386839461333095 -0.3766235229984405 0
-0.2012486922519045 -0.8929087460691794 0
-0.2192999987795513 -0.908994369985309 0
-0.2254819601983063 -0.8852161039347131 0
-0.2442366149271109 -0.9010666040209291 0
-0.2503073022383858 -0.8756695256732614 0
-0.3599474772281508 -0.1318432910652299 0
0.5949061281515511 -0.5341277590123098 0
0.7372802979792099 -0.01842011714829786 0
0.05360894494860433 0.4516984063192238 0
0.08389394064632 -0.9023771708645529 0
0.1794128038498409 -0.3300433761846118 0
-0.6739711260124603 -0.3873305256330337 0
0.1325591911751701 -0.3590558203123099 0
0.3357306598227225 -0.875816182589843 0
-0.4093465292046027 -0.1060563095575003 0
-0.07771361094248271 -0.02224415400184672 0
-0.05392310883571042 -0.03187299618427717 0
-0.05554855430259605 -0.002870643239897246 0
0.6765140260249942 -0.09336337121338721 0
0.1295929521221624 -0.8021846967941186 0
0.1449414591120269 -0.7883242401703385 0
0.12563456625791 -0.7805275803591644 0
-0.2971806271321462 -0.3196302497487781 0
-0.4388549512652792 0.6580527096151166 0
0.2873268364207819 0.8831569031924361 0
-0.1507807521791185 -0.9460103552827493 0
0.1102057448489543 -0.9143816653497916 0
0.1251491437131735 -0.9207900017197808 0
0.585000583234409 0.5017805096606023 0
0.5834945141782361 0.5345409865465188 0
-0.2140547858075612 -0.932058315825203 0
0.9143170667173388 0.2099801125091399 0
-0.2025876528258774 0.07130859926308843 0
-0.2041409221859332 0.09765262865770251 0
-0.1796738614308205 0.08629412349910502 0
-0.1815844939781592 0.1130761912103254 0
-0.1572132954740566 0.1017822308304656 0
-0.1591354879629203 0.1285143513442675 0
-0.134478607938629 0.1167377688534229 0
-0.1366849703760155 0.1438697626435415 0
-0.1127627063793997 0.133134568671798 0
-0.1143989871108884 0.159457006181669 0
-0.01748703920126462 0.4552526833026357 0
0.004222470711993239 0.4728424090242224 0
-0.3583539604082909 0.07129233351552897 0
-0.7278662555124926 -0.6442855566311884 0
0.7255886479374778 0.646111845626796 0
0.4302685851389532 -0.7791954550404664 0
0.4294871192393818 -0.8094022760243587 0
-0.7329712785146675 0.6445689835910411 0
-0.7070718486632699 0.632334846332184 0
-0.678782695524661 0.6466536703320021 0
-0.6806414132480042 0.6151432918261319 0
-0.6518464159298571 0.6290159779432943 0
-0.6541100078017537 0.5971306199881494 0
-0.6827706127923641 0.5832420230958242 0
-0.6252201250896814 0.6109900756040423 0
-0.6228702043618826 0.6430692786918042 0
-0.5962796470330171 0.6249681353774946 0
-0.5938704207403385 0.6570779901615957 0
-0.5980518154040559 0.5914619827078554 0
-0.6205951439335186 0.6753498262698245 0
-0.5909598149704586 0.6894339047708559 0
-0.5679518641474465 0.6378766662817378 0
-0.6777475009693461 0.6787563652491848 0
0.7349188683457925 -0.6495493099518121 0
-0.9239523139664344 -0.2983791005716624 0
-0.9219515510265603 0.3018261791446106 0
0.9239520825217806 -0.2983777201565896 0
0.8937781090190935 -0.3037138933471549 0
-0.09173792405878932 -0.5586565836151784 0
-0.09011679132475582 -0.5800208610639329 0
-0.07043609348359742 -0.5886001206481795 0
-0.08764251524509724 -0.6014557786300024 0
-0.06791624953063588 -0.6099770687795463 0
-0.08433411260325775 -0.6227840542906545 0
-0.06555752576690381 -0.6308733471291582 0
-0.05076872366937975 -0.5970452148699904 0
-0.6569237726699813 0.5661060426954097 0
-0.6856561470879052 0.5514582030492219 0
-0.7111411496024191 0.5695104657083716 0
-0.7148948401678072 0.5370685362410408 0
-0.8289580612518593 -0.461995436468117 0
-0.0815820467806522 -0.6426285303223714 0
-0.891013941313999 0.2669003798385863 0
-0.09052032808710454 0.1487892335647206 0
-0.09264600573128727 0.1753789192400546 0
-0.06753206112007529 0.1649204179761324 0
-0.5269481479824928 -0.1582890699042122 0
0.730206662721877 -0.2009207127860382 0
0.7080258891013633 -0.2173192700179734 0
0.7329227167990636 -0.2295242651100899 0
0.7108325999872279 -0.2453648740580006 0
0.01824045773602776 -0.9645641605649582 0
0.007664392694553325 -0.962786150038807 0
0.2811706342841884 -0.8497774697091347 0
0.2810545045245175 -0.8811792712332902 0
0.2555103400328499 0.1072900692207426 0
0.4846622076523177 -0.8081528110185677 0
-0.06721851707521258 0.6491298081669551 0
-0.2821505724184614 0.9330249895621752 0
-0.283299896278066 0.9014266961113413 0
0.282433852333704 -0.9315647084457984 0
0.7831824375223608 -0.3585555413382822 0
-0.05662814472703608 -0.944787364300411 0
0.08066407592324067 0.9606225519144269 0
0.06986875932220404 0.9536761984567073 0
-0.2191806047837522 0.9051973142955867 0
-0.362738125819391 -0.3683376137067318 0
0.5426324783431383 0.1104976722862489 0
0.01946010484289301 0.9629841774708742 0
0.711195091344762 -0.5858528845231192 0
-0.4535189305836336 0.0580536906255804 0
0.1870017546808764 -0.1848553439859585 0
0.1852039554614241 -0.1586366415608462 0
0.161627502249905 -0.1480243082792355 0
0.182359262161705 -0.1334010435971814 0
0.9035958442764362 -0.277742933857543 0
0.1253855996973224 -0.936012757046886 0
0.1409581774750371 -0.9277638677797363 0
0.1392944084566619 -0.9471562210120921 0
0.1603849822744061 -0.9368366169908767 0
-0.2706690081669587 -0.8934511507439209 0
0.8165439102117903 0.4189719588271622 0
0.31417039065671 0.8745360300230391 0
0.2931348850168038 0.8268566815730495 0
0.08544232120559742 0.587931579465879 0
0.1087140726786318 0.5757815786992958 0
0.06327785105297587 0.5978590073701932 0
-0.8564454699404371 0.3861940546763766 0
-0.03802860403547 -0.9619483427358526 0
-0.02820385001823085 -0.965429072866107 0
-0.04738188785238379 -0.9597307564855033 0
-0.2416041952715554 0.9195314375751338 0
0.1781366823776067 -0.4269946214479173 0
-0.8361627769070825 0.411021737128733 0
-0.1669953019329282 0.8102492683148795 0
-0.7298256333118867 -0.3616931547273943 0
-0.8938159446075452 -0.3076886893539487 0
-0.8821565557468751 -0.3332697525851374 0
0.2168115762260882 -0.9091309812617383 0
0.2378718607516623 -0.8963026219501704 0
0.1978728209787244 0.8458337665385742 0
-0.001862844341077607 -0.7890700486693143 0
-0.004259516319459602 -0.7708802119094467 0
0.08253803098707782 -0.8872410983022885 0
0.02681856074134639 0.969139496194528 0
0.3079303600253086 0.8981316616006696 0
-0.5002126531967478 0.05464663090079179 0
0.9239523139664344 0.2983791005716624 0
-0.5153165059796642 -0.1000671781389155 0
-0.4083896374992683 0.06674873742985249 0
0.2710283921053073 0.2344552740073514 0
0.294583751784356 0.2506825428849324 0
0.3188299143739757 0.2400784184457255 0
0.8758346020460369 -0.1230381608253915 0
0.8834847428790905 -0.09260257467501616 0
0.7828071854773135 0.3024546012816967 0
0.4368224207264673 0.6437557626381132 0
-0.5625748450996068 -0.7487426843295157 0
-0.04938990030700711 -0.8805220087167367 0
0.5360133887697168 -0.3828631287489893 0
0.5334938382101588 -0.3546311546768839 0
0.3174229850405209 0.2683969945262451 0
-0.118268469184615 -0.9637070603038944 0
-0.1048614867308672 -0.9648779132984016 0
0.1211091171015177 -0.1553653367872737 0
0.01890686441667163 0.8825528809960317 0
0.006958456538773965 0.8737313529035697 0
0.02085292385077916 0.8674144361795605 0
0.00823686376369941 0.8581039437883171 0
-0.6928082369879206 -0.1099334267523449 0
-0.6665214754042936 -0.1211950871120501 0
-0.3166642149506876 0.317463574870414 0
0.002637809645189885 -0.7221569547037064 0
-0.01462237893959355 -0.7333549670291533 0
0.6557946867730481 0.6572644121410542 0
0.7371951126914958 -0.2582574580149923 0
0.9178257843006623 -0.1552913214737536 0
0.8916671490807652 -0.1663278602815298 0
0.04087105761306885 -0.9373634601297334 0
0.685347986126827 -0.2350389899598263 0
0.6872287333869695 -0.2606775087555159 0
-0.3548601508774622 0.2974212889717598 0
0.1971703207508849 -0.9496543152989385 0
0.5374576193760122 -0.4141323045671771 0
-0.06884790972857147 0.4417943719228883 0
-0.09053662367364264 0.4258750908705279 0
0.4787322975241626 0.2519309851919438 0
0.6044214340458431 0.09114182930372339 0
0.6067895748243411 0.117010993081611 0
-0.4906032940253032 -0.8057110012232707 0
-0.04216016041463861 0.2191088647440958 0
-0.06265247493858266 0.2047102059013482 0
0.158437240389993 -0.1213272665795897 0
0.1814788312482488 -0.106173990968344 0
-0.6019755715414067 0.1019039123475874 0
-0.6281669208789982 0.1128351653746611 0
-0.6182488010750568 0.7080533633686551 0
0.7856423294902133 -0.3878893439762406 0
0.8118892312059014 -0.4005333278197625 0
0.7879473465476713 -0.41808031900556 0
0.8154172589918353 -0.4309557718160318 0
-0.2777473826388542 -0.8680839574152266 0
-0.3000628444074218 -0.8850067085309067 0
-0.3060296509710027 -0.8588211217067816 0
-0.309638973953692 -0.9242462933788075 0
-0.3832088194227457 -0.4133056432451755 0
-0.9491964157343455 0.1464149669688177 0
-0.9216598526703325 0.1627601382405267 0
-0.8993096224682949 0.1465918486153077 0
-0.5298963896335985 -0.1887123593061056 0
-0.7319739124476354 0.6176433330152655 0
-0.8429384727982889 -0.3951728435201229 0
0.06872198163237567 -0.8833308424054611 0
0.8631828805910002 0.1005909418610301 0
0.8607376731101108 0.1224079688562587 0
-0.0875882747757777 0.123046010124072 0
0.1944133527555587 -0.7712224459583992 0
-0.20435181112469 0.04582052147587167 0
-0.3285788692137503 0.6993367120131523 0
-0.3061214226721859 0.7227993980818559 0
-0.502837410286857 0.1854879830724321 0
0.8238715096745113 0.35685883660575 0
0.8523480993186926 0.3779431678105963 0
0.003727429475658553 0.04448795755517496 0
0.0255369502423426 0.06031271829566934 0
0.1567906888232214 -0.9523361294690139 0
0.03557820187399229 -0.7156235369374002 0
0.3922917473110998 -0.3722497895765955 0
-0.09851492579231404 0.8668903493748649 0
-0.0974897047239676 0.8497064546755475 0
-0.1705614690075604 -0.5324444174120513 0
-0.6493251477755764 -0.2206448858686974 0
0.1370590177627121 0.7245755555952508 0
0.1148365388531289 0.7332044028516297 0
0.2243318864925018 0.9488529919171614 0
-0.01189548339077503 -0.8961355177918138 0
-0.6970943633567845 -0.635431119461177 0
-0.718126118822486 -0.6140462473089054 0
-0.1833828253254767 -0.8774147280551216 0
0.6777479852175814 -0.5433970699146493 0
0.7807270470344747 0.3329645645935764 0
0.71809383214792 0.5916846407317237 0
0.2664448411773309 0.8104905014813226 0
-0.1378755127834754 -0.6118277901181924 0
-0.1178265662845344 -0.621216416922195 0
-0.9093535747882028 0.06190332599298577 0
-0.9333738853640782 0.04988828771910344 0
0.1531781844885414 -0.3442092972454863 0
-0.5590895725354832 0.2146922119959869 0
0.8842271373459146 -0.3546006698936134 0
0.2457519852748643 -0.5654818693759717 0
0.2674371585240757 -0.5501132253052696 0
0.5111345027196581 -0.367764435822343 0
-0.8966273412263406 0.1160104277039298 0
-0.8748194764129894 0.134085559201974 0
-0.8665493402849851 -0.3841545774269788 0
-0.1334213695006999 0.3607522605838904 0
-0.1362429615556785 0.389343991608096 0
-0.7530551206897131 -0.3807952081891667 0
0.788066423420072 -0.4517337429406691 0
0.8190065317424575 -0.4618013715590703 0
0.7985690681337647 -0.4834147993016132 0
-0.4380205790875742 -0.09733069787135949 0
0.2265917486102041 -0.4295727016795404 0
0.9237655558333624 -0.0577959849207568 0
0.02184570663015376 -0.4664778655501293 0
0.6125495144464763 0.06195828484613999 0
-0.06366161826203236 -0.9641480822459998 0
0.4797803291430826 0.1924075782002925 0
0.4956161612655564 0.3309671307152738 0
0.4713928851127547 0.312994403615979 0
0.5770380264734225 0.09653422218056647 0
-0.1132309176711714 0.6950936613587134 0
-0.09137246729250384 0.7080804434596176 0
-0.07066670397785822 0.698041888950323 0
-0.07269409269684023 0.720987180188279 0
-0.05325509738648295 0.7104005372368096 0
-0.05450769173881584 0.7352317929666131 0
0.9047256806016046 -0.07260611577589318 0
0.8811864661256013 -0.0655618623145769 0
0.8576227038359026 -0.07912614526051426 0
0.1115519691528893 -0.81465239555472 0
-0.04593690008288317 0.9538057386967899 0
-0.04583655787722911 0.9650992753226848 0
-0.03835224013732286 0.9713336120460472 0
-0.05545979547728907 0.9701027122160698 0
-0.08228498036202031 -0.3576914553736028 0
-0.7698268396426464 -0.1307738954574359 0
0.1372710633316128 -0.9072760188382333 0
0.2403924311681681 -0.9205466908333647 0
0.07728393202521927 -0.626907554811889 0
0.05864372309879442 -0.6112422012743119 0
0.0582447236945711 -0.5903974890874035 0
0.7172239120506646 -0.6145359186049424 0
-0.0004438753985560125 -0.8885796773708126 0
-0.1367093427994781 0.6826362803871411 0
0.3988827170358886 -0.4270203527498063 0
0.4012817257690257 -0.4554543612614212 0
-0.3137419163323006 0.8843695179786212 0
-0.6584305155306487 0.5325928782548821 0
0.4919777170679809 0.6438405220305246 0
-0.9067871409971484 -0.253052457602824 0
0.9175409244620014 -0.1820372918452419 0
0.8899798354233589 -0.1935117881976965 0
0.9108397327934806 -0.2107352980346781 0
0.8860271294835267 -0.2213515496625974 0
0.6239722775767433 0.702506378041321 0
0.07083119912802384 0.940514583570478 0
0.05980675763086844 0.9469247363498905 0
0.05826636556909529 0.9583338067141156 0
-0.005145730042762718 0.8650811241917419 0
-0.004040377063641375 0.848832084027179 0
0.01002842149375976 0.8421153806193701 0
-0.1259926576324333 -0.3597745471005237 0
-0.1328733546658874 0.9462841854106856 0
0.5362813369369404 -0.07613136154928377 0
-0.8335479862983428 0.1830981768947925 0
0.2766005942279915 -0.4278493498018162 0
-0.8778337233805407 0.09589758024899016 0
-0.5757116222216657 -0.2616290348679319 0
-0.5463057796228514 -0.2713075514020723 0
-0.5231608275599428 -0.2557520345858512 0
-0.6769511149103093 -0.3566860630015243 0
0.2637592695617847 0.5011695496456827 0
0.2633322226834879 -0.9094568860783855 0
-0.3422297739710519 0.8983226060907541 0
0.1004362000887817 -0.6356664423298075 0
0.5068699398554558 -0.01007052065495504 0
0.1620957760427847 -0.44185753482874 0
0.1393320634724548 -0.4312363661954065 0
-0.6270163205143464 0.3950605614389916 0
0.4227599551544192 0.8311465705464651 0
-0.05723647519190935 -0.9325665229023451 0
-0.04567558944355252 -0.9689272263415805 0
0.2368255783992195 0.8151882817480094 0
0.06945290941825877 0.5741500417339861 0
0.04832202891481383 0.5831373583541412 0
-0.2429287186958596 0.5019305011788566 0
0.05977748353665884 0.9348834299992634 0
-0.02685785394502248 0.9638261170545198 0
-0.8127162141409068 0.04019527237369002 0
-0.6641631408106071 -0.1507090286382686 0
-0.8998487833447864 -0.3523650935985099 0
-0.01758320068119077 -0.3372647892530642 0
-0.01620112082250901 -0.3611970868422461 0
-0.03743485968836795 -0.3755937560087114 0
-0.4306798643571404 -0.4207375603714381 0
0.9182311948284784 0.1823085183875513 0
0.89188546889265 0.1661905974894909 0
0.9162899765279057 0.1540692508993566 0
-0.2112355466876263 -0.209761480102785 0
0.3205822070816745 0.4758215753960049 0
-0.9696751511932113 0.1318028108108497 0
0.09902517754804374 -0.9654091592783094 0
-0.3747548638129821 -0.2286917091917468 0
-0.1542688996871949 0.3167075846393909 0
0.4528867103399667 0.2340953957096766 0
-0.7867609534881277 0.2173175552936912 0
-0.1321109738175409 -0.5418932759954325 0
-0.04355971848762807 -0.4792508736320864 0
0.5946764859068933 0.7196873333637472 0
0.9035984192994948 -0.2332256712744956 0
0.8819045207655367 -0.2525975442056379 0
-0.1534342199596693 0.9433764360973474 0
0.03077163819454758 -0.8028476444597383 0
-0.4693392749609937 0.1834840897820617 0
0.4917890212024001 0.363037047391528 0
0.5389511009198116 -0.1043528851274989 0
0.5158914745550224 -0.1202884373581692 0
0.5415485240775232 -0.1313976273028449 0
0.5189118256740737 -0.1481173667669143 0
-0.5080315377364409 0.2180124675421496 0
-0.1914762757871545 -0.2960197501910766 0
-0.3347701112882346 0.08583839950481152 0
-0.2260212631206076 -0.577203480234435 0
-0.2484916550593099 -0.5674253854013065 0
-0.5282161156292713 0.06909768038929247 0
-0.2213313766493683 0.2679168176149257 0
-0.2159343069976787 -0.183410119703368 0
-0.0986437147311587 -0.01073957956216209 0
-0.1201703927610713 -0.02527956793353138 0
0.5221261969791893 0.6294408978847164 0
0.5254767728960541 0.5939706276692746 0
0.5543029396376978 0.5797765465553213 0
-0.3332648925614214 -0.1719789833183769 0
-0.02127081520813768 -0.4905766091005067 0
0.0002708328450544137 -0.5025886276190337 0
0.7416272257822302 -0.07193955043173141 0
-0.9060362432336755 -0.1426266609858979 0
-0.9131145420385958 -0.03789550717775182 0
-0.9348533153140661 -0.02717617837442145 0
-0.9361946076797816 -0.004567816613367488 0
-0.9575247759684103 -0.01768640175707115 0
-0.954306234791644 0.002712596817843854 0
-0.9387624636215091 0.01578959160463301 0
-0.9544608094004885 -0.04140489442666977 0
-0.9288584400733014 -0.1589154619644253 0
-0.02001437521979469 -0.9596451540908092 0
-0.0110926014348572 -0.9632823516600646 0
-0.002240862542711102 -0.9580608149982694 0
-0.002478217787869073 -0.9684747891241766 0
0.0106636257519132 0.9570384676966179 0
0.001382960218305412 0.9613422017015578 0
0.01055233068144968 0.9659896275613908 0
0.001011940592163686 0.9712949725831719 0
-0.00705443267610429 0.9656345513827133 0
-0.1708144998905616 -0.2837434074122174 0
-0.1715623436720164 -0.2582360158766201 0
-0.4258185161043268 -0.6794192977573259 0
-0.400865379107868 -0.6614335466190679 0
0.6735722549135661 -0.6826263177741053 0
0.6709999010026266 -0.6510224134380974 0
-0.04618583069547706 0.9169798978523747 0
-0.1155472063229645 0.1884794240948401 0
-0.7471399990530425 0.5569413266905389 0
-0.7449159805921272 0.5223714355329587 0
-0.7151593792962976 0.5027445177323958 0
-0.7477992504796376 0.4894169708822268 0
-0.7749953329384605 0.5068430165220215 0
-0.7782829803038679 0.4760159316593667 0
-0.8063821889666458 0.4932734836124627 0
-0.8043045655957859 0.4603353616074953 0
0.2714431361793645 0.7786526407429737 0
0.08178620749294652 0.3881304881043536 0
0.1034443600937148 0.4031617810589981 0
0.1006096587746475 0.428129496671547 0
0.1244707543538944 0.4169362532393255 0
0.1272909830630874 0.3916606145354175 0
0.1484147825077708 0.4054951678139231 0
0.1514249653557258 0.3802718224826803 0
0.1299076323198819 0.3648978209301776 0
0.173467173894149 0.3944870835165324 0
0.1760354517684383 0.3689435212979782 0
0.1985506551435639 0.3847590751362339 0
0.2014541506154031 0.3574061311005777 0
0.749519479484378 -0.130478740859884 0
-0.3294775445938579 -0.8770429055241953 0
-0.3337860144526088 -0.8477893739570365 0
-0.3103652613594534 -0.8320665634756382 0
-0.8772894010751898 0.3712887778961161 0
-0.872470033745096 0.3439470653778151 0
-0.1182187238764474 0.8977754486804217 0
-0.2506364096718909 0.5940740477223049 0
-0.2266419978095769 0.6099209468660103 0
-0.199334218637876 0.5962793561553938 0
-0.5904212054196799 0.7250324105872248 0
-0.5585714942560445 0.704115700503529 0
-0.557432252116367 0.739121155131661 0
0.01688586295772809 -0.9339488692608868 0
0.3436012457289304 0.2560702005979039 0
0.2047044626360302 -0.9296758762806039 0
0.5447044787978043 -0.1593892146614617 0
0.5218368446519475 -0.1765349709085858 0
0.04102694570221985 0.9451546287271451 0
-0.3973118157411107 -0.6926353579082368 0
-0.3723423099891718 -0.6746743342181198 0
-0.3449798753619737 -0.687054860919816 0
-0.3490250520850277 -0.6576058811734837 0
-0.375365081149675 -0.6394859607869002 0
-0.3214270464237816 -0.6678269109576029 0
-0.3180584303844355 -0.6990471780013708 0
-0.2958861647687847 -0.6825243999323363 0
-0.2921872442510977 -0.7100409722805908 0
-0.2715104923885591 -0.6935582899914787 0
-0.2670594736295789 -0.7206187209011183 0
-0.2457109854433987 -0.7013172100035372 0
-0.241791404484039 -0.7293362678085421 0
-0.2214135256886379 -0.7159652311946895 0
-0.2175818897056767 -0.7407467374939727 0
-0.1975958220699663 -0.7272764219254513 0
-0.1938703187175256 -0.7507632015081016 0
-0.1745427336258142 -0.7379024644642194 0
-0.1710097799267846 -0.7607638357840145 0
-0.1521177418773329 -0.7477574524458662 0
-0.1488983681281404 -0.7700535100560832 0
-0.1307566577334923 -0.7575806821341683 0
-0.127866673020216 -0.779199211842226 0
-0.11129306758578 -0.766643887122443 0
-0.1076613270458898 -0.7884275860286156 0
-0.1125252831489029 -0.7423086343996993 0
-0.1994440656680657 -0.7028890545717211 0
-0.1544393995383691 -0.7227994618500038 0
-0.2749889554701996 -0.6657989453449907 0
-0.2629296995788913 -0.7465951468651906 0
-0.1267861796542269 -0.8005506701330865 0
-0.2916565490922509 0.4657451786581455 0
0.0068955496839218 -0.9518142750580592 0
-0.04842769765041823 -0.9380904624177308 0
-0.7797040118490915 -0.4232981017969523 0
0.5524052684658878 0.07902234718241143 0
0.0363776085131596 0.3835166322850901 0
0.05425170625725186 -0.9624340965435838 0
-0.06061659598786109 -0.8706632470984109 0
-0.3907337064362593 -0.8857567292844424 0
-0.3612859597210592 -0.8661103900694914 0
-0.3923386671877863 -0.8525671326711742 0
-0.3633311709375391 -0.8361546079066515 0
-0.3887538769122975 -0.8198121447756173 0
-0.4173441806504593 -0.8355926004532785 0
0.3905328325142718 0.883452724980524 0
0.3647006666066924 0.8582136255729906 0
0.4204748194195129 0.8678150710108813 0
0.2963536744215818 0.4599067556179186 0
-0.3500132049177278 -0.2409497821785991 0
-0.328833191147774 -0.2264081654353857 0
0.7536325947433709 -0.1853623610971127 0
0.3598441961920626 -0.9020189838332218 0
0.04140539608343346 0.830637524640377 0
-0.0001192984229580633 0.07215260842139935 0
-0.02157297068581955 0.02681215023478039 0
0.2070285092412225 -0.14246912164732 0
0.2223949349340389 -0.5805682391657127 0
0.2176954149549504 -0.6066544180956963 0
0.4618747622788101 0.6229805180774589 0
0.4181316904631958 0.5469075160852463 0
-0.1967653931340329 0.8936239341556768 0
-0.1956590526645872 0.9157116184577584 0
0.5644381564767245 -0.4272569904279618 0
0.4156187805391925 0.5773589241319543 0
-0.6713750552614515 -0.7044666606358357 0
0.6736502950248267 0.7049673429528499 0
0.5487199984841119 0.3351711649493602 0
0.5761938758257885 0.3222536314661385 0
-0.02634186057627882 0.8460189605849201 0
-0.02057841390655139 0.8279349705640443 0
0.1821672987462219 -0.933247189694939 0
0.7554140080879573 0.5513158659242684 0
-0.1479608605411805 0.8262173148429444 0
-0.1450233523923513 0.8009802245011504 0
-0.9715779536071835 -0.05449332030297142 0
-0.9085176627602831 0.1899532513753933 0
-0.9097853324071087 0.2203142339342193 0
-0.04744436210500236 0.9313590908493223 0
-0.5864273829342701 0.1982902157839319 0
-0.4568417790789354 -0.4081941973249891 0
-0.459743967521873 -0.3793982844049426 0
-0.1612627247301709 0.1555724212428407 0
-0.3999993644181299 -0.4339292516690369 0
-0.8867318958278305 -0.4054644854948902 0
0.8876980924942606 0.4082663598348518 0
0.8787552192335564 0.3836273088798087 0
0.8934914576848498 0.363541422287102 0
-0.8913147958834227 0.4044739696457488 0
0.8938338845587502 -0.4042013325989592 0
0.8597983408844078 -0.4012103495650187 0
-0.8948682879348562 0.3003587970674607 0
-0.8680197026118921 0.3137809934232089 0
-0.04682732389839343 0.0439338679158056 0
-0.0848658096845001 -0.956886465975 0
-0.02311331268513798 -0.9041169799110447 0
-0.02093675025519853 -0.915932929904281 0
-0.1945212287993341 -0.4961150697554055 0
-0.105734147422588 0.3794402024141183 0
-0.1132649398029395 0.4062291418525643 0
-0.1306629436332111 0.3320915714787933 0
-0.1386926883465029 0.4186266771805202 0
0.06490224318852145 -0.9685228995613788 0
0.07413436488747598 -0.9630385749376892 0
0.08161110069801103 -0.969532596890181 0
0.07481755723237943 -0.9510060433278882 0
-0.9536090319009857 -0.06731116659529933 0
-0.1076318755863316 -0.8098645065928093 0
0.03764432796157157 -0.9194350607174009 0
0.03713428382102698 0.966948584174671 0
0.02031462066600979 -0.8740456841527833 0
0.006742995364104563 -0.8681942692783857 0
-0.08396035856226326 -0.461277228371441 0
0.04728513796131444 0.9620349150349539 0
0.7609793828748802 -0.2413243494681699 0
0.749086999152454 -0.2887248772880583 0
-0.4229168598525735 0.8723143508365339 0
0.4219323013181223 -0.8718321519290111 0
0.3972754124375895 -0.8536911092358201 0
0.1679274589893199 0.5845758493911801 0
0.1455326842454546 0.5692629618737195 0
-0.02343964593319388 -0.8553184920776966 0
0.2648974641180569 0.5321481920039027 0
0.2398900899962343 0.519463239083374 0
0.2640722511197067 0.5616255965078906 0
0.2160744804438559 0.5339313110651505 0
0.2898990873431726 0.2755516850848383 0
-0.9178174694674626 0.009367923043938554 0
-0.06987997573054779 0.6735733686041918 0
0.04856364296622675 -0.9269218706259288 0
-0.2107055505798295 -0.2343844685386642 0
0.9314956738615249 0.02476519338197187 0
0.9496171602063567 0.01488488383027868 0
0.9485704913839608 0.0356460593827089 0
0.9514770100490524 -0.004742042760180905 0
0.9365860389520494 -0.01946250557766831 0
0.9586782474372963 -0.02406573468791712 0
0.6602946903383538 -0.2504949407466152 0
-0.2939978505654233 0.3337441413248307 0
-0.9465366089817169 -0.2249363036079174 0
0.9447585350018994 0.2230474032569771 0
-0.949462726176292 0.2252560667384501 0
0.9483554240133296 -0.2223344697296013 0
-0.6559359269580343 -0.1954568377402603 0
0.441846104496771 0.3268784978270901 0
0.1839209628035015 0.6847968160751381 0
0.2077146301280791 0.6728997935610315 0
-0.008943622536155592 -0.7522136664724606 0
-0.7604861799444507 0.2049638835984483 0
-0.3000533152223865 0.6938137991449109 0
-0.2589399037786692 0.7903727891332866 0
-0.2561134211047099 0.7605616985466638 0
-0.2329213428041934 0.7780327311287307 0
-0.2079240925110312 0.7966068625414326 0
-0.27965124544612 0.7388932872419512 0
-0.8383564947377129 -0.1498313184698345 0
0.04588143152624776 -0.7921258746193434 0
0.03374236539721074 -0.8215278728045612 0
0.05244035600814263 -0.8287834288042856 0
0.3224058220871522 -0.1403823687138705 0
0.3253653673896635 -0.1694334125821702 0
0.3508744483200104 -0.1806058227210357 0
-0.3973974354524217 -0.2456925217231783 0
-0.3504587427698572 0.5542801998502777 0
-0.03504351991971426 0.9242367703638712 0
-0.7484053746173427 -0.6279336981399657 0
-0.03709864489139846 -0.8498807644855441 0
-0.03559487131715012 -0.8646489281367854 0
-0.3411864548393381 -0.7180875075637353 0
-0.03280562639632893 -0.737236295749589 0
-0.03107012351808739 -0.7178398035152057 0
-0.04510679805059438 0.4571562128413402 0
0.03704773962300011 0.8662207610420123 0
-0.007553422141615955 0.9558245316587712 0
-0.01590145264994288 0.9706343622426465 0
-0.3999321055333858 -0.2171899437566598 0
-0.9601416621241979 0.02159728942396103 0
0.8432997842770795 0.4087885793663802 0
0.05119851983824177 0.253849456873192 0
0.07407301905983014 0.2719539093423918 0
-0.0716134523363687 0.9566345074938907 0
-0.08099649619395256 0.9633317457214294 0
-0.09155151266445764 0.9580937470127766 0
0.8605586575882332 -0.3068540538452349 0
-0.7648679754363317 -0.157565526369392 0
0.2253713976485503 0.3729715522927006 0
0.2511902377929146 0.3907599299123353 0
0.2779910646869893 0.3786938320074081 0
0.1947161142493267 0.4157532652721826 0
-0.5281621225419767 -0.1292342913648228 0
-0.552485931525892 -0.5047801566040387 0
0.744536330069751 0.6289580148202655 0
-0.4504230030300701 -0.7000013600452422 0
0.3408157211354519 -0.3499904465968924 0
0.3632458803406592 -0.333404255111462 0
0.337335548977205 -0.3230952530488131 0
0.3601432702360367 -0.3057665393488219 0
0.3332724010459053 -0.2974102490915935 0
0.3561660056583218 -0.280500822395476 0
0.3856781500380346 -0.3167595722564107 0
0.03890549881710258 0.8985214634525127 0
-0.8094670633901587 0.1990126751892589 0
-0.206187493686559 0.1247661889586948 0
-0.1851981528792676 0.3860192239907869 0
0.1709223840571246 0.5316639183793441 0
0.210691852960174 0.8219209453205775 0
0.02558375520240699 0.6456837247480421 0
0.04395732519688547 0.6338167091868551 0
0.1914000698577748 0.5994223453768173 0
0.1921932911470176 0.6259632457803397 0
-0.3868003467762283 -0.7874642256458598 0
-0.03040028284665882 -0.7743487913530921 0
-0.2380746173001463 -0.1979672038833831 0
0.2072705913529828 0.3295594478679061 0
-0.04308249697826309 -0.9204175180400727 0
-0.347742363600106 -0.2709162596519615 0
0.830202211989125 -0.03273419577101345 0
0.8531596648540407 -0.0425543508102495 0
0.8476068345562111 -0.01837253033545526 0
0.8504742555807445 0.007969570411296123 0
0.7533088210617152 0.07572843790240243 0
0.7314498973002681 0.05990141363267525 0
-0.2277058650962152 -0.8629138498049832 0
0.5884051219356975 0.4688173160165111 0
0.6518260888167705 0.1488135626002334 0
0.6749998148030513 0.1650137520322291 0
0.6673075146682437 0.1942410435488866 0
0.9140760978639535 0.2373967283063321 0
0.8974190969861088 0.13881883170092 0
0.8690540535531146 0.1461990817473871 0
-0.09106294946186717 -0.7746657005674302 0
-0.2430498372239546 -0.1457524579202702 0
-0.2099223716895577 -0.3357706934307505 0
-0.1881536315329622 -0.3462969113668905 0
0.640904787161128 -0.437689174556833 0
0.02821659886555478 -0.9381219839717924 0
-0.06609230695504387 0.4146160005906611 0
-0.4794749480082597 -0.6873475458088074 0
-0.1913375633681909 -0.5222418821831953 0
-0.2872661069288633 0.866263205842938 0
-0.8317987626797153 0.02294587728302121 0
-0.4540535190369422 -0.4385775766445104 0
0.2565188193209703 0.647748881440668 0
0.2315262582784251 0.6600467724199147 0
0.2543517370944657 0.6769333957607017 0
0.125027696025608 0.5297886162264063 0
-0.3009736316725058 -0.009957877497330519 0
-0.2784989170669961 0.004147589641975604 0
-0.2117766013697859 -0.3110437240455804 0
0.5104912242409558 -0.7944437598631159 0
0.02288203316351374 0.6689438377384407 0
-0.9023361653858908 0.3584757015171893 0
-0.5780748992686545 -0.7811080669445769 0
-0.5454028738721555 -0.7792907150619899 0
0.5825793725128985 0.7782272989040293 0
-0.09450986671414471 0.7314213581756677 0
-0.5341214556621009 0.2328297517998071 0
0.2361148491801204 -0.2540230931685755 0
-0.2627897346035178 0.2338006048567746 0
0.000296795222399092 0.7219845731600731 0
-0.01776716788299216 0.7321732391957747 0
-0.01690230661735909 0.7520989580025544 0
-0.002856295555011279 -0.6924676013708196 0
0.2211847426842158 -0.0893344707636269 0
0.1950478821470034 -0.08038155433809537 0
0.1939877349282881 -0.05014526352209685 0
0.1717475952799449 -0.06393135175067292 0
0.1693481768573005 -0.03759169304419882 0
0.1920571335983452 -0.02199701676174905 0
0.1492271675118067 -0.05097328662140083 0
0.1461174007090513 -0.02386987441766539 0
0.7331781769240021 0.03309753646638811 0
-0.06576699189059362 0.6236745198819779 0
-0.06207370085996577 0.5969377131916742 0
0.06869353080589627 0.9662390489835719 0
0.08883077942888962 -0.7183143560720302 0
0.3938110872371108 -0.6743351164630136 0
0.366207926552811 -0.6625167466578863 0
0.342067318356528 -0.6809112158540881 0
0.3414598135587334 -0.6489681457278835 0
0.3659569602357536 -0.6314844735586089 0
0.3452216058892573 -0.710403136335129 0
0.3179845034240283 -0.6990908495038282 0
0.2947319730871025 -0.7165525467538135 0
0.2910886753378183 -0.6881249770348733 0
0.2685277207203277 -0.7053062396933697 0
0.2720010723060625 -0.733530819895057 0
0.2444109412976168 -0.7241680425995356 0
0.2185803346795903 -0.7177319116515279 0
0.2497696184746217 -0.751985479642392 0
0.2571724169134499 -0.6798590792301522 0
0.2981365194848292 -0.7453981744452972 0
-0.103774622726434 0.3184040549233397 0
0.1299599298443102 -0.7378119247924988 0
-0.4623796710809357 -0.6049060583171479 0
-0.5827891188472796 0.7787211130998486 0
0.5798741482666052 -0.7776241915787298 0
0.5746683653809008 -0.7452822488843223 0
0.5504835568869052 -0.7662627391458147 0
0.5431961638871031 -0.7298900585674467 0
-0.08131888283714651 0.5808960244101385 0
-0.03586385762370772 0.586580767745539 0
0.2321702771436274 -0.2012498263101757 0
0.1031863873918403 0.5390789866062493 0
0.1226501633960054 0.5550730088115141 0
0.865686378056382 0.05211143794315658 0
-0.3659143547988719 -0.3419320029050193 0
-0.3434315509872062 -0.3251659067768156 0
-0.8825400123499663 0.06637917817227063 0
-0.8610306810091347 0.0796324560482243 0
0.2672818702021382 -0.582635993147026 0
0.3211907439271654 0.7559840266385299 0
0.07680941941226978 -0.5765050510169198 0
0.03957162080202822 -0.5787628326668721 0
-0.7389683187860726 0.250186464124268 0
-0.7414306871820235 0.2802773344733092 0
-0.7148811012657212 0.2677151583535802 0
-0.7173582111489891 0.2981330516502334 0
-0.6910184815237914 0.2835185528728923 0
-0.6918210539234029 0.313262721471034 0
0.5678379364892226 -0.1442028932256499 0
-0.09988275927677465 0.5367951429530072 0
-0.3184070544658902 0.4797225292536227 0
0.8493366842460683 0.4575741041240258 0
0.122072228103529 -0.8935608494569932 0
-0.6906181084327746 0.3779167395006964 0
-0.7179111808964886 0.3583916409368014 0
-0.8517982944119598 0.4599197385446324 0
0.1365227340336067 -0.4078519942876067 0
0.115862544513271 -0.3978308733841185 0
0.7083789946529839 0.3801647765927112 0
0.7096838064689788 0.348275011660387 0
0.6811407915619473 0.3623163919626834 0
-0.3572538315287638 0.6830364035264416 0
-0.3858062001905468 0.6968825546476682 0
-0.8525160363658997 -0.4771335460412604 0
0.8563255434746506 -0.4712584858191035 0
-0.3240660516705268 -0.02650950162656676 0
0.1144105835515679 -0.5499510038906381 0
-0.06865636788099717 -0.926444024711485 0
-0.4313395225572572 0.2745879911333827 0
-0.4043287716576743 0.2610612729790875 0
-0.4411650722718743 0.6911806905195609 0
-0.8556799273563801 0.1680287594504431 0
-0.1755397230498782 0.9051531414712911 0
0.8180965235085254 0.14719846315895 0
0.328073035324852 -0.196463956192113 0
0.3538219857430549 -0.2081195533180096 0
0.3304362012295639 -0.2232479620666576 0
0.3596947650975048 -0.2372821174268439 0
0.3330314244389478 -0.2506973248439084 0
0.3796617804016135 -0.2191545210929641 0
-0.2455805959171732 -0.5939351516411948 0
-0.1057015348956653 -0.3460033152859556 0
0.01326821693708432 -0.6822254270104351 0
-0.2676703814525519 0.4835486242056332 0
-0.5857584259206495 0.2297926542509366 0
-0.6140046456117869 0.1849107730083259 0
-0.588384648424066 0.1630437208723094 0
-0.6196787230734548 0.1561186822902615 0
-0.635977806890783 0.1739203125341962 0
-0.650922453990098 0.1514100091858189 0
-0.1742444855972662 0.9273808722434602 0
0.8253115256975527 0.01860130801409706 0
0.8455001830881804 0.03403702112900407 0
-0.6759809216491487 -0.2219119338047706 0
0.2422339752723961 -0.3353997276483756 0
0.3452864537306887 0.4912190697841649 0
-0.04826293521140485 -0.6180457390341451 0
-0.04549265510826789 -0.6381076363459557 0
-0.02553362628856382 -0.6456111324715762 0
-0.3455815577595044 -0.5176448828766564 0
-0.3206773236102809 -0.528512903352371 0
-0.29868424730806 -0.5125902487355792 0
-0.2959203145574876 -0.5416338217556788 0
-0.3177610181025473 -0.5577341225923607 0
-0.271868042908109 -0.5551776171815156 0
-0.3710115467897377 -0.5063926679985957 0
-0.3944695313284047 -0.5225600312119698 0
0.6340579559003343 -0.04303454965569159 0
-0.5509897573105317 -0.1732467313146832 0
0.08869079551211706 0.8466443784712989 0
0.6612231027248552 0.2527774438119599 0
0.6358546292116886 0.235730406147113 0
0.5922465291547221 0.1417056005181829 0
-0.4207268866118926 -0.2624099277977889 0
-0.2472863097468925 -0.09076471803473633 0
-0.2246394278291807 -0.07527098438672615 0
-0.1996579864218112 -0.08629086226165632 0
-0.1783376421178881 -0.07149759080192279 0
0.02923759532152751 0.4621800239814667 0
-8.495723770336092e-05 -0.806154057831675 0
-0.3431694863639908 0.4624808635446028 0
-0.3686014452540499 0.446080562049031 0
0.2204600489723128 -0.3507818916163919 0
0.2412345023956433 -0.308576254966113 0
0.2199178920070619 0.488515318896783 0
-0.3457344580371083 -0.2983696111567495 0
-0.2190135406388466 0.51891258196052 0
-0.1963172873375685 0.5335342286348737 0
0.5104080733342038 0.1807070905484502 0
0.4875946172508514 0.1640353444320021 0
0.4931511865665384 0.1339318834911847 0
0.4698277933711139 0.1447350335680714 0
0.05002783312821742 -0.700064042123425 0
0.01396637892918171 -0.7053912566333488 0
0.5578196358812374 -0.3377222870408338 0
0.5556498036381445 -0.3080521389958067 0
0.5310785463946149 -0.3246558517118643 0
0.5298889915788239 -0.2935646772460705 0
0.5536002156155253 -0.2784545931220853 0
0.5277823716540135 -0.264346262412941 0
0.5512969106890266 -0.2493588051160807 0
0.5254843085558022 -0.2356433614968001 0
0.5488902923862575 -0.2206886924657203 0
0.5229532828216461 -0.2081410386863238 0
0.5468678180526354 -0.1910650920300512 0
0.5732899290953907 -0.2037533953966893 0
0.5805357604254144 -0.2913840341490143 0
-0.3668498876449204 0.8116448303979935 0
-0.3677895742215241 0.8432467037347875 0
0.01166627874865796 0.8094684821818762 0
0.5082565727315574 0.7939904644302436 0
-0.1801437820201454 -0.04394070148025346 0
-0.1569209675919475 -0.05582539998968293 0
-0.1547181127751658 -0.0828833115848404 0
-0.2188426745609734 -0.1580607211024806 0
-0.3395925178731029 -0.3499901305736005 0
0.6387412404977093 0.2063107814382964 0
-0.07165257820897881 0.8318872255069232 0
0.1347839898393995 0.3357582804984513 0
-0.420425434807331 -0.869861050300144 0
0.02766353313966321 -0.3326607953923751 0
0.00665646540831781 -0.3473664129238401 0
0.007070962210676972 -0.3746141007388413 0
0.07676168654302676 0.4392297256000089 0
-0.8131750208047308 0.2295046703812762 0
-0.6217506505926056 -0.2778903516181944 0
-0.6490587616007981 -0.2655546931658397 0
-0.2508597036827209 0.04127124869348135 0
-0.1993337992947424 -0.615230863572597 0
0.7357267618617414 0.3342210639357197 0
-0.5850451707118713 0.4520993123178793 0
-0.58134159586815 0.4234810583914841 0
0.6368667067304052 -0.6386839061428438 0
0.02965844897408144 -0.3575773659170638 0
0.01417642681566582 -0.3981156262484156 0
0.03662407923106351 -0.4055967247953796 0
0.01781332689926221 -0.4205183626303997 0
-0.2762416042621624 -0.3039417733731979 0
0.01472144301109348 0.3673555205439619 0
0.06058985646605603 0.3714208217238545 0
-0.3422951560360341 -0.09818117752030744 0
0.4143138466287221 -0.316622713370698 0
0.3831729263368155 -0.288571110367319 0
0.3778481819418492 -0.2607967557006785 0
-0.421628622361344 -0.5100770131120397 0
-0.5784480137073579 -0.5223511695354488 0
-0.5239596480812004 -0.5185587936714052 0
-0.5215851149809529 -0.5489421347616307 0
-0.8512105336725084 -0.3356334338662051 0
-0.03134688107113049 -0.6052123707295642 0
-0.03376679889928091 -0.5843104036879766 0
0.5354911106878901 -0.4789850217561199 0
0.5324947677823991 -0.444101480259175 0
-0.09225936292403027 -0.6683872677696979 0
0.6441633442324062 0.4738676900336237 0
-0.03203542971514337 -0.2129623607552549 0
-0.0289686538308339 -0.2383235975013304 0
-0.0495868361564963 -0.2534947950580198 0
-0.02576221423272334 -0.2636524425028625 0
0.6825504929979709 0.3307837818788837 0
0.3585034868974192 -0.5142038502825216 0
0.3552532224648719 -0.4864901208006415 0
0.3358025946076334 -0.5314572141200241 0
0.7415349600230847 -0.3661559321921837 0
0.07042820046582408 -0.1103190103142758 0
0.04916979968254922 -0.1264728588295856 0
-0.7699814039024862 0.3222508761371693 0
0.1840115036017163 0.3133209625120321 0
-0.3080987398605421 0.7538132526223184 0
-0.4274186687117492 0.2125704813261213 0
-0.4243804631374827 0.1861500120568176 0
-0.009416409858829593 -0.02604136487165891 0
-0.7277505776182696 -0.1011253797414089 0
-0.3781141343033812 0.5681563043493715 0
-0.5659041996781415 -0.3043544375511809 0
-0.33013455838376 0.3405365030957008 0
0.1634713461508039 -0.6623084430848557 0
0.1606119923302975 -0.6380052160785057 0
0.1808224231785218 -0.6240188605715019 0
0.1412787555812477 -0.6537296261906744 0
0.1443183160451748 -0.6779363219695336 0
0.206542312045357 -0.6305136531049037 0
-0.5354763437215061 0.2648792115899236 0
-0.08943905966996232 0.8209981028854805 0
-0.1073526592696172 0.83378565876404 0
-0.2075604065227177 0.6614851333584731 0
-0.8027942100639474 -0.2468460495740607 0
-0.1767814283370509 0.2999854542339826 0
-0.1725057577195295 0.2713126477196796 0
-0.425377862966605 -0.2054454723304475 0
0.5591096187248698 0.214513722201669 0
-0.2987408618205218 0.558999042463497 0
-0.3255226497969294 0.5721281474298507 0
0.7353981360990988 0.008133124044248043 0
-0.30482415845032 0.04687762763237548 0
-0.6383792801573414 -0.4643421955313357 0
0.5620623568248231 -0.06149381460649048 0
-0.1389379766149924 -0.2389999212369457 0
-0.1641379247161014 -0.2328454636886105 0
0.2544075277853005 -0.4432097417169199 0
0.2103233663335017 -0.4502585999662696 0
0.4062369220724299 0.06603706126953374 0
0.4087049734178108 0.03762261156733636 0
0.3851695764694097 0.02165583517105287 0
0.4106924406564036 0.009369678748615266 0
0.3866157782712255 -0.007019896323188202 0
0.3618585844857669 0.005705589256128977 0
0.3626199632904835 -0.02291343427482496 0
0.4341137594119624 0.02526105552154403 0
0.4347124320084653 -0.003459395723301714 0
0.4576916289870468 0.01246738756571176 0
0.3381640345531464 -0.01019977302516442 0
0.3127836837180875 0.001499971046215235 0
0.315001571579833 -0.02606837023405484 0
-0.6409408851682306 -0.4329923778477792 0
-0.613909846582394 -0.4165276913510183 0
-0.64274026881434 -0.4020014842009321 0
-0.6184016369743671 -0.3838478144906521 0
0.626530653092925 0.01279233897673842 0
0.6536382816347808 0.0004029012154856016 0
-0.09430710451401657 0.2343930514686543 0
-0.09126959357188581 0.2059796177267062 0
-0.7199691085198665 -0.4866304381700404 0
0.01868062640400367 0.0908902724409576 0
0.09471064211658579 0.7854362509812385 0
0.0949437539896502 0.7623242353783621 0
0.3611596992448314 0.3113123420050082 0
0.3342930163474339 0.2913765628104127 0
0.8349557214977399 -0.3846196569235243 0
0.4712850498922999 0.2809461189143387 0
0.3340133868365135 0.3244357868791787 0
-0.3584644744543301 -0.392754040834179 0
0.2526538183113722 0.9398899334958424 0
0.2567910533288557 0.915989915386086 0
-0.6700230263461681 -0.4191968260359662 0
0.6103965390665895 0.5538511148693133 0
-0.173843959857175 -0.6252241296029365 0
-0.1606122632967469 -0.607544013921847 0
0.4042300195516981 -0.2602972004448138 0
0.3214985233562378 -0.3944963586624932 0
-0.04812147113694835 0.4861563837300196 0
-0.7763915549006275 0.100277347455585 0
-0.7737583800214112 0.07271244116774894 0
-0.7493133792643932 0.08834718235886428 0
0.3593351124321181 0.0339290876420768 0
-0.16407964948134 0.431497932280536 0
0.05185656532588138 -0.1520742273572331 0
0.2296126115907868 0.6891958316213211 0
-0.0006849459514622206 0.7623627634656641 0
0.4575594060779454 0.04103241245578299 0
-0.2110542700900438 0.3986751613814796 0
-0.9557273730806007 0.06732444237037438 0
-0.7298871126721898 0.1326634771250179 0
0.5360064029742083 -0.04808406008154707 0
-0.5559448669359998 0.4415876651968294 0
0.4522812833049509 0.4721632883098271 0
0.423936551882277 0.4848635738262969 0
0.427150441901721 0.4539243342615148 0
0.4551240583836473 0.4408686177329023 0
0.6375453687579373 0.05129158591581967 0
-0.3844600405084699 -0.1195294220684587 0
-0.3878844094325578 0.7297649819226306 0
-0.2310466497511008 0.1373816367622376 0
-0.2531146322841294 -0.008653086086561713 0
-0.3930188906450088 -0.07349360333986092 0
0.373536222072787 -0.1641030080851478 0
-0.5948119353563283 -0.6353361442929291 0
-0.2509660483712499 0.3096093943805867 0
-0.8044914086911763 -0.01462983613346055 0
-0.3748150540321353 0.09618582223861237 0
0.09333593297046373 -0.53953812690907 0
0.04572831442681476 -0.4751151053335197 0
0.02709342576535401 -0.4884128528966595 0
0.01969031174609281 -0.4431732014620435 0
0.03964422904840587 -0.4290630005178827 0
0.1568802760828459 -0.8971656666412997 0
-0.3755409123086913 -0.452574716633826 0
-0.8358729612400732 -0.427038750384679 0
-0.3271930844623902 0.1299286272813666 0
0.2898690624306524 -0.565960992794949 0
-0.1334707843861041 -0.6497358102584904 0
-0.2988736789509966 -0.0387369655510726 0
-0.2748996898230026 0.5770792382224269 0
-0.750981340265914 -0.4096085789292599 0
0.6032791579225587 -0.7206812934338273 0
0.8832971613570854 0.3081163125755291 0
0.8665715127010125 0.1777140937031693 0
0.8667688990028417 -0.1786959024842626 0
-0.03004990072344684 0.336101218049403 0
0.3712255470493005 0.1936516924672352 0
0.3458498466324281 0.2033590392065519 0
0.1431678342812295 0.2548629723681079 0
-0.005345302683437892 0.3241210384004021 0
-0.9018078777523484 -0.2249431143975167 0
-0.2467344978959493 -0.3863910525252876 0
-0.978542300630419 0.01570709755739822 0
-0.9771616435198173 -0.01505730891013993 0
0.978542300630419 -0.01570709755739817 0
0.9785934963074721 0.01575804148142898 0
0.02689244503018946 -0.969965689900774 0
0.03537859238442612 -0.9718695438650929 0
0.6381133146604646 -0.09861572402528815 0
0.1253859537253627 0.614129989942142 0
0.3804993245953193 0.6721379341528093 0
-0.532754545158266 0.490627387204906 0
-0.5688201430368891 0.6045070546644946 0
-0.5417592546508692 0.6192302090298042 0
0.2988179471729492 -0.41158774396062 0
-0.7059503090951413 -0.3445911415498689 0
0.3962771264650821 -0.1475471803126882 0
0.4024122873786449 -0.2030606688679237 0
-0.4087127023828836 0.3224702583458859 0
-0.4064712203450236 0.2922800361645264 0
-0.3494947385672574 -0.01439123170465513 0
-0.008366179996659638 -0.2229658848960426 0
0.7550741404666961 -0.4947469196563117 0
0.7579006547342418 -0.5259472162803369 0
0.7327853958174422 -0.5435358390521257 0
0.7231782263195385 0.1409104312525694 0
-0.6938507240672683 0.03744967942676627 0
-0.6498094895446909 0.6610877327764157 0
0.1097037099448422 0.3472085248411741 0
-0.4567776739001759 0.5454905672198224 0
0.1460993809137619 0.4310365143320272 0
-0.8069035688331387 0.1696478141141784 0
-0.002159272878366573 -0.2735669121761 0
-0.02222254082266547 -0.2885159637909951 0
0.6886068023385811 0.2400614269978924 0
-0.5401109908348141 -0.3164782571495396 0
-0.06550761567976278 -0.1259589763010492 0
-0.07316644986306685 -0.2435673351890554 0
-0.187087064507912 -0.3697613331477954 0
0.6601842484259944 0.6236034430868962 0
-0.05333478416548263 -0.5758562117046906 0
-0.5925288059952258 0.3216605177254474 0
-0.6488150432013403 0.6922279243615237 0
0.003433750077687336 0.2452710877359884 0
-0.6280318985817894 0.5799483090050082 0
-0.6028204353683634 0.5606567611037607 0
-0.3090974645579633 0.2022815137525497 0
-0.1851237286205457 0.1696896102014519 0
0.2577900612215103 -0.8631024666016209 0
0.2013523435751082 -0.4220312564899371 0
-0.4604231642510204 -0.112878465153962 0
-0.3790105804219122 0.2806923655419059 0
0.3932227972544016 -0.1196361396896826 0
-0.4749815717053932 0.09138309973936819 0
-0.472442673138937 -0.01087759866333955 0
0.1195331489408004 -0.6213761214004792 0
-0.4691890055924008 0.4060935284848723 0
0.3110634905851732 -0.3142864510903463 0
-0.4582955963492115 0.2875252044252891 0
-0.3428996438556164 -0.5455335852639926 0
-0.5026869642080578 0.7520709677732319 0
-0.5044793210593113 0.783637788829338 0
-0.4780761287405635 0.8035102097421201 0
-0.5300035238138002 0.7605066701031663 0
0.4900650635582358 -0.1088971017753537 0
0.0004074759534240244 -0.9771843010725103 0
0.01568042517714215 -0.9776732446382808 0
0.2458762236722491 0.2186549583014449 0
0.2454987424959663 0.2475934055752453 0
0.192167664541408 0.2306859554263898 0
0.1719323613958313 0.217464627018316 0
0.2169438088086256 0.2185520145037229 0
0.4735535843972412 -0.1814680732318835 0
-0.2839548329065626 0.3792306251558062 0
0.4794569652114744 -0.2376729469377874 0
0.1053487759837567 -0.2474845766139677 0
-0.8881575305468654 0.2373512429580349 0
-0.06753206381097425 0.7702009610459177 0
0.1304916402944773 -0.3332800660099785 0
-0.1128599609501429 -0.1062608049141232 0
-0.1384321412741384 0.06713198665977101 0
-0.8836835959404358 -0.1274813508527345 0
-0.8855116435730654 -0.1004258128728205 0
-0.4245958292287243 0.09191019816497707 0
-0.5841516188145631 -0.4317680650256552 0
0.05389637481299373 -0.7233135669366778 0
0.5726601578769202 0.6664271577496785 0
0.4354158024929837 -0.05835183710426691 0
0.2893485879569273 -0.01394597062398968 0
0.4673789398200621 -0.125538364699892 0
-0.2862812001967302 -0.4153373374599245 0
0.4468915446375672 0.5343224977311617 0
0.205041115956232 0.1317063621061362 0
-0.4185693361257146 -0.2910327302699108 0
0.4584338255006175 -0.04217268803740572 0
0.3400856760034471 -0.06798676078156729 0
-0.2351668365115063 -0.2493663378345553 0
0.5510494326648433 -0.631783521511323 0
-0.2113100182568466 -0.7822719348076111 0
-0.2533411782708424 0.6257259126081182 0
-0.206501687885407 0.6288174939416424 0
0.3761368143615808 0.1356156323668232 0
-0.5209070624930572 -0.0151407585027808 0
0.2592137672752231 0.05397225319866876 0
0.01363641700611602 -0.5219708490193782 0
0.2718059035843319 -0.4007027330657517 0
0.4121301032308007 -0.01904325826308012 0
-0.5014341355822974 -0.1986590353286239 0
0.08307415143968429 0.1641237946858142 0
0.003407697064932143 -0.1305765866000589 0
0.484245212692712 -0.2946245721462546 0
-0.1048148023131964 -0.8852010417014921 0
0.7658461864947443 0.2300229611823241 0
0.7899687852090584 0.2455762189495615 0
-0.1618350199876811 0.4021111229581767 0
0.2089528480768706 0.07834081541301663 0
0.5758190844435495 -0.2328766107870059 0
-0.06197210553274572 -0.1517129470857604 0
-0.4238938682710853 -0.006551363049283343 0
-0.08584171581628465 -0.1417048414161898 0
-0.2087337603268406 0.3699400405665457 0
-0.3165005316974195 -0.1089357313393129 0
0.4931652410500763 -0.1368374413838317 0
0.1674758489603638 -0.009610208974107727 0
0.1430347807006194 0.004089349465724152 0
0.1900735091526459 0.00622337166302791 0
0.1403430720776205 0.03195756531592887 0
0.5075779817723027 0.8264875524327907 0
0.2912708399839798 -0.04199489686551913 0
0.4962208889304033 -0.1648566036548086 0
-0.4914011153882851 -0.08104270463612588 0
-0.5644478232525378 -0.074523571078248 0
0.1758406827732522 0.7374512632045651 0
-0.1178910856013092 0.4644005603736667 0
0.6471331275084867 0.4410532290480924 0
-0.03832343377530014 0.1683192371713362 0
0.5015928055736333 0.2695891542812069 0
-0.6890773210461979 0.2532047797426228 0
0.1004176767998188 0.2311114613943474 0
-0.6315943178657887 -0.1206565753723114 0
0.04603043537310639 -0.09968022899680259 0
-0.1177106718265907 -0.052861722742855 0
0.3536728708331458 0.6851372068830646 0
-0.1029148476339738 -0.1830673853796911 0
-0.05090035543110719 -0.05805539760876097 0
0.5580639848564114 -0.006563052562830443 0
0.503740315228788 -0.4383066866015188 0
0.09138975763710878 0.05636589566357053 0
0.07192526125437304 0.0403118382481058 0
-0.4559809941470477 -0.1383332273647843 0
-0.6717408965614288 -0.09419521226837189 0
-0.4925411698117398 -0.2834764879109471 0
0.4893862083437217 -0.5451673219338808 0
0.4920757760717106 -0.5753699729471358 0
0.4649833689767585 -0.5621089701925803 0
0.4667423263203363 -0.5917346456413238 0
-0.301340995416337 0.1187945263650084 0
-0.2557726806030227 -0.8499761808716435 0
0.008804942120940138 -0.7591233246249084 0
-0.3810741645617073 0.0532232219746282 0
0.6693976954019317 -0.4518259949866779 0
-0.453439427648454 0.5147945380166229 0
-0.04495807072862693 0.01996831145463363 0
0.2171268705714469 -0.03385343079732614 0
-0.04884469235501111 0.2664713652586699 0
0.2025637643628338 0.9342088905618295 0
0.696293487145873 0.5439772542507326 0
0.0361672477107425 0.160588835952962 0
-0.5222620521995976 -0.2132251662757316 0
-0.3810640333670273 0.1818804763892397 0
-0.1399129313505092 0.2009537762940791 0
-0.04662929293576894 -0.2785567883529748 0
-0.1331360447469289 -0.2889960965488477 0
-0.3394392060380563 0.2721271250397432 0
-0.6166654254428781 -0.02384042131528475 0
0.159308709948689 -0.5929967989215604 0
-0.59805348321494 -0.6035753376327473 0
-0.5053092334343802 0.1570373105736168 0
-0.7510937206016469 0.433247991802676 0
-0.8256295785020248 -0.0301356699614742 0
-0.1365192479548755 0.7108479753879838 0
-0.1590485805949871 0.6679084785399502 0
0.1551289096840932 -0.2933934675768363 0
0.1567389957826766 -0.3190351301996907 0
-0.1163555939349716 0.4344251457094077 0
-0.07797718799210396 0.5527409172207548 0
-0.1705028807633475 0.5178378373800191 0
0.9465457059281405 -0.1454710737481138 0
0.9692610347350463 -0.1352699841540865 0
0.6435559328586804 -0.1543880493144939 0
0.666224060653374 -0.1375823126988226 0
0.6595141358653547 0.06644739672600306 0
0.8440439621493505 -0.1934424262876542 0
0.8650481965205422 -0.1488219961399875 0
-0.1946042628625116 -0.1683598025005349 0
0.01498785392611017 -0.03630453272587444 0
-0.3754916932232132 0.53726268820811 0
-0.8419465059958284 -0.09641494317074015 0
-0.6330827115204349 -0.09217494660382511 0
-0.5008126022085637 -0.7390502683827559 0
0.2150531577090427 -0.005861478156602167 0
0.3765977343225638 -0.1917512075323935 0
0.006321494300420148 -0.1564026022510553 0
0.42628654281849 0.7686518788380945 0
-0.2289123428639172 0.1095160152151827 0
0.105812651384475 0.376556868896227 0
0.38885852013861 -0.3444629801308843 0
-0.6294942305083208 -0.1790090244720123 0
-0.5284544228202888 -0.4597992938826944 0
-0.6884119568149693 -0.01679771381910949 0
0.0851738169079672 -0.04134287137559549 0
0.8503852915461207 -0.2490302182481901 0
-0.02687153367316755 -0.06833648643578628 0
0.277079179626852 0.1507595753738686 0
0.02279898564276913 -0.8886287232065445 0
-0.6169203905411034 0.3039030664537081 0
-0.7347041685041101 -0.02124553524856589 0
-0.09469991404477678 -0.5375264668975818 0
-0.688255345295767 -0.1657217189168975 0
-0.004903143745827668 0.5179849193012066 0
0.4623252730523738 -0.5326362881340289 0
-0.1385626945120987 0.1716556038873807 0
-0.5709805585732962 0.5666508379353088 0
-0.5514942084482399 0.05128892025499841 0
0.4204730375995614 -0.3747341019264729 0
-0.2837945711260852 0.1898012343665008 0
-0.4023551899293119 -0.1892295377924415 0
0.5698660169544405 -0.5523470383893453 0
0.3293621816916981 0.6688005333843148 0
0.4987386870952918 -0.193353895332896 0
0.1694029419744233 -0.2264336119170385 0
-0.1836112542583798 0.1400780601985487 0
0.2120185094986469 -0.2184772812335678 0
-0.3893049274751358 0.3987067782445315 0
0.1770396020456708 -0.3555656222371096 0
-0.09344466221481694 0.0958685224317712 0
0.05857882562374524 0.1758841150343946 0
-0.03233577191067449 0.1409100210439473 0
-0.2032289889740969 -0.5874774475021505 0
-0.7759217081987559 -0.07788042309548841 0
0.2951308092392422 -0.09946385182070946 0
0.1288630366116333 -0.4882631654869636 0
0.125065002980602 -0.4661297425479832 0
-0.515237810120634 0.3432800293088351 0
-0.3040078605984143 -0.459238592982578 0
0.1326506912764678 0.1402298966612339 0
0.820693596379259 -0.490853814243749 0
-0.5409041078967319 -0.6289211078871331 0
0.5876902570964619 -0.4115480805252603 0
0.04944446374281494 -0.4976818728267487 0
-0.6214954753110884 0.03093657165303725 0
-0.3407371313892194 0.4326493362720156 0
-0.4491238427583349 0.7893591041941015 0
-0.7299313086037551 -0.2263673681266565 0
0.01220003675643526 0.3950214477742685 0
-0.1264608410954493 -0.1732486443853919 0
0.7952428049057426 0.1322715607800223 0
0.3994990430989465 0.4676724347785688 0
-0.6013700087488691 -0.2449304074818714 0
0.5075727125129543 -0.4667362100694934 0
-0.4493532296365645 0.005250414758611491 0
-0.223483656394064 -0.1026640765365588 0
-0.3282601962392985 0.6040129732225402 0
-0.4514203086074587 0.821917345917777 0
-0.4798910789882102 0.8386107291150543 0
-0.6516304996126185 0.0974864120496874 0
0.3055548698756335 0.08549303188500747 0
-0.3493759671573091 -0.6288795214424681 0
0.05904152946932945 -0.2278375662031882 0
-0.5047434160069267 -0.7072200348785557 0
0.6658441855549875 -0.3899728375790736 0
-0.2178673445031334 0.4848112160781628 0
-0.07281234747131318 -0.8060695516498575 0
0.06497827408069844 -0.2780211551855281 0
0.2785472618173928 0.1234344256544409 0
0.3895453385745078 -0.5839879022637784 0
-0.6440080637250504 0.3163314193537569 0
0.6366469749942378 -0.3465231623112246 0
-0.162812648249373 -0.8862973767615068 0
0.5561451347700918 0.515512118823414 0
0.04449556108951907 -0.9692223650207548 0
-0.7049095277273401 -0.08547116970191453 0
-0.6648012905548198 0.269630195790469 0
-0.2655157666984775 0.4530193488321154 0
0.6459442724999026 -0.1820080926278044 0
-0.03239208872552642 0.6529220026804856 0
0.3534760028276688 0.4004684429216572 0
0.8205325486185233 0.06840168643056456 0
0.5786871901266606 0.2915084887058254 0
-0.06746327053398557 -0.2934093426164928 0
0.7098930878311275 0.3169210386906361 0
0.7783797065964067 -0.2998870222022867 0
-0.8647202078705405 -0.08539520746013778 0
0.3003957951493182 -0.1811397510337506 0
-0.103789145604667 -0.9405580705131362 0
0.2871174458601786 0.5780757820139473 0
0.5347801649816215 0.1976706731610007 0
0.5342904116231886 0.4631285898378007 0
-0.4989229509303931 -0.5023492426458057 0
0.8382396757916386 -0.1385090006239613 0
0.4277899846880318 -0.7473149431315264 0
-0.03025172984825913 0.8799642069328117 0
-0.7480346332064771 -0.3018286613288426 0
0.6738281671653126 -0.06673096833451922 0
-0.04098878903576427 -0.5215566607218605 0
-0.08218519538646483 -0.4825771555284333 0
0.6201083017862918 -0.5159431347492688 0
-0.6994972171704598 0.4733395979949505 0
0.6812733393940715 -0.206377377492207 0
0.1019357286959375 0.8956059115115307 0
0.09923446756244696 0.8770685637831643 0
0.1207996008808114 0.8682989918644808 0
-0.4862679358179332 -0.3682512035267351 0
0.08503965064321273 0.137194535882875 0
0.05314994116030731 0.7370041958068547 0
0.091924491041876 -0.3371348268426224 0
0.7674266215491597 0.2009252213939684 0
-0.1666129629403701 -0.8026061166773009 0
-0.5602971019133656 -0.3886147903091126 0
0.02759876742613976 -0.1412644082765054 0
0.1339675183328742 0.7652363120012333 0
0.2863228517052732 -0.5085221947189033 0
-0.7931051355529628 -0.5580228686395576 0
-0.7773834894042858 -0.5268705825873248 0
0.1500814717440004 0.8240071168612012 0
0.1688092979683608 0.8397693405092902 0
0.09568016476313218 0.7193937660060522 0
0.4052099458772487 0.4048928048318715 0
0.3527947641506107 0.1185776888278518 0
-0.6588930416028873 -0.5457616129330479 0
0.482440236037361 -0.8423684859050683 0
-0.462638452526579 -0.8166783847949451 0
-0.002261691438628076 -0.5381674570259877 0
-0.7896097342219354 0.5554939704375429 0
0.7924265240156572 -0.5607658422940336 0
-0.7129644204508155 -0.0058120472576042 0
-0.497854914156875 0.0009256275105248176 0
-0.4362825328738874 -0.3625395651250682 0
-0.1109433342124595 -0.5494101407421628 0
-0.3052755018161862 -0.2397541089503451 0
-0.006294749031897542 -0.4113121536016331 0
-0.5625050071475801 -0.1006499134068145 0
0.8839099116938429 0.3397256290469402 0
0.3316715706620102 0.6401685319682431 0
0.8872142783787824 0.2503616601273511 0
0.7890687997321623 0.4340504039247629 0
0.7879389571282641 0.4672542224888327 0
-0.1367842899946781 -0.5001601940991471 0
0.01704883778365409 0.3395597702006914 0
0.3631447081070939 0.5698754232878277 0
0.1044223982980149 -0.02544198165114215 0
-0.3402117807247844 0.8663845116375127 0
0.721925198108333 0.5620806392576856 0
0.7482884514018648 -0.4272747657554095 0
0.02135453343548807 -0.5891064997643706 0
-0.4369323772340635 0.6256961818537636 0
0.2802790378098773 -0.8197459705073977 0
0.116027157969125 -0.8369243714797647 0
0.6207767280473808 0.4227475155642493 0
0.663777395355146 0.2233698605410285 0
0.08091002822747816 0.6604962759087436 0
-0.2859251825757328 0.2184059875793225 0
-0.2416569148764952 -0.4321634355190583 0
-0.5182996155573681 0.3726208848975332 0
-0.3400547471321639 0.8307824764843963 0
0.5119038080376521 0.7613209180567138 0
-0.4604259543543284 0.1596597681415461 0
0.4009611851613812 0.7495632255091051 0
0.1001426321491722 0.4531498006078744 0
-0.8283204412365747 -0.234218231505227 0
-0.01922471740772745 -0.9701218527812182 0
-0.02720490322184833 -0.974683131554572 0
0.9300828404128263 0.0485487019768094 0
0.9570050648433546 0.06059349072524564 0
0.126788807308833 0.5892587159763115 0
0.91190480825516 0.2700331059860229 0
0.3955556648658219 -0.3995440425015619 0
0.51649396912808 -0.7599442131752907 0
-0.1046354596897169 -0.430559275532864 0
0.629274859687625 0.1326555207389705 0
-0.830623035206594 0.446241690781436 0
-0.1052080500143037 0.5925299504653319 0
-0.3845528289530896 0.2394716341949449 0
-0.06955998837996513 0.0253630949866084 0
0.111154748258443 -0.9567570657972736 0
0.3041686668868077 -0.2352272882017551 0
-0.005905648475171862 0.8807300871882466 0
-0.1231717864940525 -0.4433672095298688 0
-0.4957870630921789 -0.2581577627157119 0
0.3806080595671689 0.3877103897921603 0
0.7822388147511933 -0.328972488417889 0
0.755403820102524 0.04987727912030263 0
0.5790691451424372 0.6013526260004771 0
0.7307924921533987 0.4633944045473582 0
0.4741337533998984 -0.6815047003411852 0
0.4382958435533154 -0.549334700491086 0
0.7599204827302751 0.0007053077963317122 0
0.1075107767889357 0.1524982494328525 0
-0.5940852232415118 -0.008006022705780779 0
-0.178518646926063 -0.4597958639337419 0
0.07641126868769582 0.8955232177384356 0
0.05621595938953041 -0.7427327346475797 0
0.402895860243395 -0.7645383588310465 0
0.5362267781227293 0.7800813148236753 0
-0.03013821665258531 -0.0421272059628162 0
0.1512143704383841 0.9717333492676726 0
0.165274234516256 0.9628904853561437 0
0.1361272838352747 0.9619842169422794 0
0.1238064192142155 0.9478078721618663 0
-0.1518272817564754 -0.9738582183652973 0
-0.163999226861487 -0.9610695514201201 0
-0.1708039873172094 -0.9417037890067494 0
0.2980496131198523 0.7378622643536252 0
0.8147212418076251 0.2319300910241316 0
-0.2357483601868756 0.7280880895864846 0
0.02484378678111404 -0.629938695298493 0
-0.7027337375100726 -0.238940163009811 0
0.460783365622168 0.692403414635761 0
-0.2134340727658326 0.827449685988722 0
0.02290185207005328 0.8514352037586727 0
-0.2691492999108117 -0.5825837240310043 0
0.1365784033680753 0.8779640271877336 0
-0.1334492813231149 0.6563608885065519 0
0.2647615405387395 -0.5239586483167595 0
0.2137602985409662 -0.4767870402841927 0
0.08501018166618247 0.8640892892765107 0
-0.4787526731242114 0.4968107312333955 0
-0.7264281790455114 0.1050032081012315 0
-0.1650729509367167 -0.402509889815844 0
0.425226810237156 -0.4357237444306297 0
0.1545005094908496 0.3534559716070077 0
0.3540376258111556 -0.7989996443052264 0
-0.4965854874326461 -0.5318642699116749 0
-0.2375583331169036 0.2211337610563015 0
-0.4749341589609542 0.01714382063062104 0
0.315402368849839 -0.6709180105337693 0
-0.7371555270216432 0.005273746241130789 0
0.225845752207982 -0.7424140814286508 0
-0.1914026232553998 0.757653187485601 0
-0.4034734491915372 0.1678392100662351 0
0.601058963499338 0.3405684748339122 0
0.1342258643736381 0.1133287089160487 0
0.6638633780515829 -0.3598661101182196 0
0.08510197002690634 -0.262841332267736 0
-0.3727815772124454 -0.4794859552866441 0
-0.7486713790629028 -0.3300100036366886 0
-0.4834056153610478 -0.3969452772847025 0
0.1755211387665851 -0.5313939929683285 0
-0.5760115600961224 0.08733513152507144 0
0.1414395371176347 0.6767063290455513 0
-0.4197752153992654 0.4413098857616328 0
-0.7734527403183704 -0.3177382543746176 0
-0.8034080413058466 0.3974406369065742 0
-0.7473268446723569 -0.505443631794393 0
-0.4056558130313135 -0.6302936517292477 0
-0.1061060942307159 -0.1577356461589859 0
0.1943048689976726 0.8052792515492562 0
0.1086927389252722 0.8389184567984606 0
-0.2736534793306889 -0.3286462940133902 0
0.3651783992798446 -0.8610924261959298 0
0.1469053128445294 0.5436490508208912 0
-0.7678836739439723 0.2926510804194528 0
-0.5966276210595229 0.01940079335051717 0
0.107180917954363 -0.4795841565113795 0
0.4626143736043904 0.6592258506772788 0
-0.5266204021959446 0.6991743196026843 0
0.598319411962779 -0.5647187257983304 0
-0.8490590533108571 -0.01966827871570301 0
0.4962943855687823 -0.6353193783984694 0
-0.3951943672838716 0.4586887887691234 0
0.402475653157465 0.4357486598262562 0
0.6037484127485164 0.3087392212873735 0
0.8795943932217629 -0.3841830699548812 0
-0.4392024675219908 -0.5856672837630577 0
0.1928155724208132 -0.7206328457726729 0
-0.4108812109749851 0.6445289191310057 0
-0.4835946343722837 -0.8406219968446375 0
0.04332062808464683 0.07973148661866455 0
-0.2099945616587677 -0.6797626405915429 0
0.3079062451638753 -0.2884356155637489 0
0.01524957355135928 -0.8123635228604233 0
-0.7137842635042362 -0.5837996572256722 0
0.4211886918102111 0.5155820126848504 0
-0.06056591530170675 -0.8877612947821931 0
0.6177932220363322 0.4551783372475108 0
0.9414772810316612 -0.04178141267827235 0
-0.7449856359926534 0.06053501514352604 0
-0.4124726077651369 0.6774750440121556 0
-0.02797764991435889 -0.8093433222965404 0
-0.08831125211442865 -0.7355615636932186 0
0.5628190205635655 0.4497732247037987 0
-0.8494320401769342 -0.27818709769096 0
-0.4761035477347381 0.0430955316569392 0
0.2983400737492413 -0.1542077760314325 0
-0.07124533564032275 -0.9706126809501505 0
-0.08109018072920271 -0.968176971300539 0
-0.01998742921480922 -0.3130253425416971 0
-0.5661219408457049 0.6695001102519427 0
-0.4122770041121521 -0.5972984074739527 0
-0.0324639258457683 0.977638352577497 0
-0.6877419539918965 0.3458461549978406 0
-0.1417586548740168 -0.8963703774923155 0
-0.1239136605157321 -0.8888615666156707 0
0.2474365989051039 0.7603534036818839 0
-0.8593245909361072 -0.1660216631766352 0
-0.7732965522555212 -0.1042818935520046 0
-0.1268745376994194 -0.8216007403517223 0
-0.5074257784621765 0.5091217516966794 0
-0.4620958540828846 -0.3509412391386877 0
0.7584994622846746 0.4817570535872346 0
-0.2556702174894072 -0.9424340653518791 0
0.5728623288895198 0.3539591895265708 0
-0.2228172830523352 -0.4188907387693622 0
0.7012787592018814 0.1250780325226269 0
-0.007486305936014128 -0.9771333385940222 0
0.00735819924902165 0.9780652352081467 0
0.02342400848957112 0.9773493135685616 0
-0.1094761511647698 -0.1316553585116856 0
0.004558959541557358 -0.9072053143316566 0
-0.1510389729663915 0.8494132943442452 0
0.7923864711609837 0.5581679864946648 0
0.4042704563265174 -0.7963688300404064 0
0.003704895422301272 0.9280856569456916 0
0.07185470933832996 0.7525764909780472 0
-0.4443889980406316 0.4239907788478099 0
0.1804600589935551 0.3411475253399381 0
0.1587609093778232 0.1013410123633039 0
-0.07082341274309065 0.8503699254358975 0
0.1461721830265244 0.8461323619800827 0
-0.8262649149532649 -0.2623977515370192 0
-0.3918140593832404 0.4281182314855432 0
0.6406023786775354 -0.7041481609044564 0
0.5158305621234091 0.3814051479710276 0
-0.5666724579899149 -0.6478498220723885 0
-0.8283627090604286 -0.003907077616738307 0
0.000795732871159379 -0.8221634188467078 0
-0.2561325545471079 0.9422063702839631 0
-0.6858967050346911 -0.5654018183930383 0
0.1690596570933244 -0.8188605795284678 0
-0.0336747804268047 -0.01606422914380087 0
0.5082858937205941 0.01767137811657251 0
-0.1957676358340668 0.2563393867509424 0
0.9218633263783979 0.1287420118584923 0
0.9408134073609256 0.1448245505627423 0
0.9667008639375538 0.136932367464558 0
0.1988993081502563 -0.5421797784251894 0
-0.5153253818401662 0.6036733719521157 0
0.01917010031181974 0.5081824363846533 0
-0.08440294180208767 -0.4398132254695387 0
0.5200517771984485 0.3492608716558411 0
0.02751912208423956 -0.8355340492792036 0
0.03339552599069946 0.9374796663438888 0
0.5315057686976783 -0.02162976359517122 0
-0.7060438414979202 0.1488519625347698 0
0.06688931632681497 0.4871296913510026 0
-0.1849021853428914 0.6789815442557374 0
0.08211707328924198 -0.2376891103824154 0
0.8741777496340328 0.006570416896443768 0
-0.1329088483495677 -0.122173317316298 0
0.8189252505908342 0.4543138088434542 0
0.8089001356658555 0.4823522360360738 0
0.7848482636971015 0.497496554121976 0
-0.102044640309303 -0.6357218417198929 0
-0.1556435322338898 -0.5155268281500445 0
-0.1045934914315466 -0.7220285384987256 0
0.04888351619572208 0.9519904901091366 0
0.05480879256963875 0.969725579035596 0
0.07216046860876706 0.9747364244135032 0
-0.5989056895501057 0.04700508919584265 0
0.08195036835908706 -0.6515492827638795 0
0.6235344054308056 -0.5462721807664628 0
-0.1671649609144472 -0.3804614267235548 0
-0.1677444561806846 -0.3589591951215667 0
0.3170025695928814 -0.3678375893053192 0
-0.4234292994982161 0.8398135839919414 0
0.02711119051429653 0.9044724564588629 0
0.1817768747741347 0.1166885524936165 0
0.1063988979938241 0.9527983262049809 0
-0.8705728114991351 -0.3558923525155371 0
0.1561860384468519 -0.8752986138678529 0
0.8417647327262908 0.1343093076401092 0
0.843031202069104 0.05920902455700985 0
-0.6762157847871704 -0.6563185491073851 0
0.8772349721367716 -0.04070911172879504 0
-0.006654981430307077 0.9084404984274781 0
-0.01485877659659983 -0.7996451575445043 0
-0.1782537868377405 -0.1000795848332774 0
0.3162943172351604 -0.05377758712330725 0
0.0537745822108768 -0.1771925927783576 0
0.2110707113388721 0.6429383579274753 0
-0.9266459677490988 -0.1279235612472496 0
-0.7077318719315641 0.6011083252833644 0
0.5249587273071341 -0.6484294752242035 0
-0.002565579451815017 -0.9473496176394907 0
0.3720180206658888 0.4781045231125934 0
0.761194737905719 -0.02744426997563235 0
0.09505548485017923 -0.7786778521268445 0
0.1115349650174678 -0.7696958672799148 0
-0.6022818632904808 0.1316104459373627 0
0.744320563428387 -0.6234364918718376 0
0.9104061039729989 -0.3640071345174253 0
-0.6895185337975196 0.5234636858015753 0
0.0429391050211373 -0.6385704395342549 0
-0.1972437087645393 -0.4734561125692769 0
0.2550311167812945 -0.9411313872820384 0
0.2341455993461732 0.899602033549774 0
0.289257444289202 0.5485114071112189 0
0.8343888381627398 -0.08703656225141311 0
-0.09064466727941885 -0.7973550013774837 0
0.3109528008170866 -0.5199824459419816 0
0.7791229836424227 -0.5041627549574781 0
0.120098332725869 -0.6460923721090801 0
-0.7494169355711375 -0.1154270262227115 0
-0.03531679109145586 0.6984831354503822 0
-0.4659068358002532 0.376958170468065 0
-0.5297015517161429 0.4601417101992858 0
-0.2214665824761183 -0.1306782529434385 0
-0.121606315941767 0.9337266315600976 0
-0.8612639193892003 -0.1384485135024726 0
-0.7363239759504498 0.2192147775225972 0
0.3871141372116691 0.5869733613241106 0
-0.06170461111158518 0.9617992391976037 0
0.01232655491804907 -0.9709280326746011 0
-0.6791562856029488 0.1364287131001376 0
-0.5763005088595802 0.06174349611991414 0
0.6710229821535699 -0.4822354589618466 0
0.3201504502833831 -0.1127690155066329 0
0.3302176815908402 -0.476344728090115 0
0.3331498358139542 -0.5035650827235656 0
0.0404458525074512 0.6814353162001952 0
0.07728161144922006 0.7730874373963008 0
-0.7154800537304391 0.02115308048330618 0
-0.130106493018868 -0.9510725093248242 0
-0.2162890524129083 -0.4876438234681008 0
0.1654470204135679 0.922205701005913 0
0.1608455780629351 0.9427850013603225 0
0.186597746317151 0.9157340100891863 0
0.3981044882293374 0.780422421597831 0
0.1230081727154951 -0.6690541266639736 0
0.206500956018676 0.1047435529102347 0
0.2006264634337641 -0.5671359801684916 0
-0.2775313328562385 -0.4589540598529161 0
-0.6735526316424433 0.70533796121709 0
0.2143793475344432 -0.8605655736528629 0
-0.07368186461643042 -0.6799853529287401 0
-0.4140421244424645 -0.7749556581758542 0
-0.04246169204140373 -0.6575947770382347 0
0.2534922740484088 0.3607601791855853 0
-0.04534835469760396 0.942905333880804 0
0.07899528520458371 -0.2127656142264491 0
0.1038247353295314 -0.4570170304720381 0
-0.5589740039332544 0.7977261020902777 0
0.5589108242726558 -0.7985205694709354 0
-0.0250886579388599 0.9312406160487796 0
0.3555148776388437 0.6563006545330117 0
0.4125913150201768 0.6073180479837146 0
0.07498664168807079 -0.552796119427243 0
0.6482830402952007 -0.5289166808154341 0
-0.2512385481201717 -0.5421594247000259 0
0.2892680498562268 -0.5349824111008642 0
-0.2008579170771164 0.9504683550604149 0
0.04644531187080519 0.7759637110166581 0
0.5188073410960283 0.1223600659832628 0
0.639724792158339 -0.4075030984037927 0
0.05536929942342533 -0.9724389800408053 0
0.03166579738831192 0.9764205029285838 0
-0.04705882352941515 -0.9774596123958185 0
-0.05499559287038917 -0.9780443646371882 0
0.047427608258741 0.9772997414078788 0
0.05495453448516386 0.9784453143623856 0
0.5082847581228679 -0.3417329827341469 0
0.3191165766628059 -0.633437820869069 0
-0.1926654331984801 -0.9371768767142503 0
0.5259009260711079 0.08995706454631723 0
0.4687980201458635 -0.6218440117611125 0
0.6985850249586045 0.1534745947435277 0
0.231700858065629 0.09273889703329656 0
0.05847791606101807 -0.8914345287177157 0
-0.5926225012721068 -0.6664709684176067 0
-0.8136350126662242 -0.1614447945335553 0
0.1111879009418605 -0.9429693355602902 0
0.5760617181309924 0.7481172222381238 0
-0.06816553309097048 -0.8228268110772852 0
0.6947411228524989 0.1835618189971414 0
0.2014073789057866 -0.5909195820535911 0
0.440329022501579 -0.5785608113046832 0
-0.2876011961256545 -0.7391619220486758 0
-0.2439284529694313 -0.4093930918278378 0
-0.01709116594523872 0.7706303232502392 0
0.2764252690963704 -0.6626683575572537 0
-0.06283579421168624 -0.4702359576060853 0
-0.8076609636160165 -0.4182830736224712 0
0.5658765597137572 -0.1169083923741746 0
0.08511752520993889 -0.9164035369656275 0
0.2573667278243676 -0.8350792522557861 0
0.4273078858837625 -0.839671389966455 0
0.3392382313422108 -0.0387781366063592 0
0.1104271471374337 0.9374249440903419 0
-0.1275397427177345 0.3036576570133354 0
0.1330048907310426 -0.7613446121250581 0
0.7395555042253283 -0.04500343155966798 0
0.0410222353219593 -0.6197641622822762 0
-0.7188582251068028 0.04909884865840537 0
0.02474742751586164 0.8355653498070058 0
0.2566201479580009 0.08071550542305261 0
-0.1851013340275539 0.7962838241972298 0
-0.4936930318642706 0.3893577274756723 0
-0.2054818786992214 0.01990730158131786 0
0.5596343435248966 0.4823361474385786 0
0.3177963595450081 -0.08360270013947259 0
-0.2939444966710694 -0.3430167335125687 0
0.5466767968026534 0.6480520483562889 0
0.4742803059461572 0.1149760324114148 0
-0.743395149773991 0.3092194757908304 0
-0.8519677355935593 0.1359574431572438 0
-0.1071817232718986 0.9386679919577103 0
0.09317455124855357 0.7412470037313228 0
-0.3068855858593385 -0.4863331599231677 0
-0.1712774875603069 0.6002371962989774 0
0.04160787231183179 -0.8411489122501833 0
-0.05111577646502456 0.7836546097672078 0
-0.8548977955382963 0.03004528144407093 0
-0.835422667029083 0.0489224310576451 0
-0.006551164601117128 0.8954947320281651 0
0.3871817223483781 -0.03542213473222604 0
0.1713703455617715 0.5080407876010966 0
-0.6200125022037193 -0.6856170555078467 0
-0.6197424066987782 -0.7202047032080916 0
-0.01506217234286083 -0.3811931867622717 0
0.01690081201627904 -0.9449859378660026 0
0.8130090083971673 0.2604752181636887 0
0.1639706208179062 -0.794700143291216 0
0.05286791305261929 0.02264280436441209 0
0.01089787024678281 0.8262596659897105 0
0.5447225586169431 0.6803648313996757 0
-0.7927042802519342 0.05658440391012156 0
-0.5267087402235248 -0.4888891659863622 0
-0.3245071197714953 -0.8064494921479796 0
0.0988173939275309 -0.1719454703883976 0
-0.07097826427305046 0.8854157391684941 0
-0.1425107517118736 0.9610047083774916 0
-0.3950921267556406 0.8566404859879526 0
0.2709140587909573 0.4726572764605372 0
0.174128676755056 -0.9501042673922405 0
0.1568912118516598 -0.9175026616078622 0
0.5101571585226836 -0.8262841118498765 0
-0.9617237335004465 0.04465299803146488 0
0.4248494554457415 0.8009700422970385 0
0.4559098147133555 -0.8248286532665575 0
0.2799824573249884 0.09656659539879918 0
0.2896961581762225 -0.9063251173692605 0
0.4492154442849159 0.1283338992600971 0
0.3525384719454601 -0.4600948937725101 0
-0.7879541762350476 -0.1730065932931958 0
0.07737756469627072 -0.1872846714617305 0
-0.1983459249454348 0.5642773112955013 0
0.5287000631653023 0.526659669320346 0
0.4525508111109802 0.8225648484579957 0
0.07680539248194314 0.7955370085362476 0
-0.04190422542666049 -0.4582465799093949 0
0.07212452380348074 -0.7304088241415596 0
0.3417431351223583 -0.6180802669252619 0
0.570621576375438 0.6977546284728897 0
-0.02319341609640808 0.9187341914659648 0
0.01004965938567878 -0.8825868096574288 0
0.5868328952707956 -0.4443458654095575 0
-0.08415867214467253 0.9230807187783616 0
-0.09814294541566139 -0.9012236169408321 0
-0.5110289269354891 0.81884750751407 0
0.8543394628869627 0.3486213272219814 0
0.1579328632223563 0.7146346807789337 0
-0.1595318679888231 -0.8667685723772732 0
-0.09358745223559142 -0.8421479290111579 0
-0.8472311175273372 0.3328459304045589 0
-0.2736786068028819 -0.5076583836397022 0
0.09090529881421887 -0.7386040721688942 0
0.1608087335712415 0.6913810559285771 0
0.1052109919073253 0.857693694620592 0
0.2954390339317062 0.7661122412277903 0
-0.6282643394854667 0.736821209017297 0
0.6890446781154891 0.6421105546760926 0
-0.07086917110307749 0.9676045711833178 0
0.3522132748507062 0.1481758083850471 0
0.3818011845714219 0.6440178311128359 0
-0.7388382273145584 -0.5702716895950677 0
-0.04887549081940292 -0.3955606480888503 0
0.3906413949896945 -0.6135278923881874 0
0.4154101448393889 -0.5960757372518415 0
0.5003346627219385 -0.2215341480084917 0
-0.003060602978772896 0.8331137260000654 0
-0.5231715170094071 0.4012307644575373 0
0.06315135198083599 0.6197038691691859 0
-0.3071134924381679 -0.2129523425779448 0
0.7653959845316456 -0.08069114943368023 0
0.1401420938060222 -0.6304519965929136 0
0.3793541852042193 -0.8106409555474965 0
0.3774712635642642 -0.4709437693025419 0
0.4807152009738603 0.8408583666099979 0
-0.5122683305613567 -0.8276316453366626 0
0.5596767366453631 0.7958730447578529 0
-0.3308811306176549 -0.1992471308856688 0
-0.3180385529713437 -0.3335991312067537 0
0.6121928754547327 -0.4261618282907934 0
-0.1347936446579522 -0.7371941388591272 0
0.4342909644533569 -0.03239849473346777 0
-0.9460983675866977 -0.1402489488500885 0
-0.9660678965913611 -0.135168966086554 0
0.3492351611131952 0.1761360614714449 0
0.04030592908294608 -0.5998533375096995 0
-0.1726830651689464 0.5475370332248228 0
0.3033645360836659 0.1123572948120212 0
-0.7170728740970862 0.3274138504649732 0
-0.2628025879723588 0.8798402726959124 0
0.6341522655787848 -0.7374029136192958 0
-0.03921565613626381 0.9783841768997932 0
-0.1465507664100506 -0.7910174369968509 0
-0.5880698488442585 -0.7274277032144215 0
-0.8050226658464089 0.4290852717158032 0
-0.2420138171466333 0.2512701151768464 0
0.7871104645548185 0.2735307103577796 0
-0.8439958807268189 0.2992990387741417 0
-0.09754264791158417 0.9157636725464637 0
-0.9023477153071271 -0.2809831537685992 0
0.7572110839329453 -0.3180255911469663 0
0.0003217142143163427 0.9791335614019142 0
-0.0614696747080478 -0.6503148390182312 0
0.5559066933712699 0.54738532810903 0
0.4040560912323339 -0.4821389133964552 0
0.09537758118462294 0.02991974475589761 0
-0.01538600652246265 0.9779092193112642 0
-0.07908242080905252 0.9746723674948284 0
-0.08696662927058739 0.9778014656100098 0
0.06184266766199922 -0.9776329628879383 0
-0.06225010645346759 0.9773557271334086 0
0.9785186674099116 0.047244094488189 0
-0.9802765990558687 0.04690222106280469 0
0.979778401839538 -0.04701086962550409 0
-0.1351676633188273 -0.09614632904444326 0
0.7346581306923139 -0.5970968512032039 0
-0.6354072270843831 -0.7438051279237354 0
-0.6437254062728959 -0.7015032618361933 0
0.6374761568717975 0.7433436659887219 0
-0.005443427898646191 0.9213072104189037 0
-0.5291858196449613 0.7289944638164744 0
-0.02798158595783792 0.6083724642781094 0
-0.9232065829799501 0.02898056783520641 0
-0.05810330243877895 -0.3615928284734409 0
-0.03390571774588744 0.744211518650747 0
0.8810715480306069 -0.3270964181010119 0
0.04521484672932177 0.6088352349176611 0
-0.02241836076448647 -0.9281180492528086 0
0.3207075064762278 0.2129505043331179 0
-0.6342512435796746 0.2009438037539141 0
-0.5262067814505283 -0.7569264071632097 0
-0.6421563026566299 0.5059864877494998 0
0.3275877529888933 0.1293774385280452 0
0.4593379255961052 0.210157572205695 0
0.04209082597302476 0.6600729162692351 0
-0.7367985449470387 0.5900611706175869 0
0.1932767317424268 0.5221031882118483 0
-0.2557543256469652 0.01576728611940085 0
0.4277384745359085 -0.4646353542386821 0
0.08734687227151217 0.9044919999571875 0
-0.3113991181898866 -0.1597646792351798 0
0.1021083165172573 0.9672609877855833 0
-0.08870563778422108 -0.8204011814856014 0
-0.8060982456167105 -0.5045369659241268 0
-0.6670924116492061 0.2994990348736594 0
0.5504237145488113 0.6145205816377525 0
0.3688180104997999 0.2516986325059637 0
0.1138312687046764 -0.3729729224124299 0
-0.0936255223337419 -0.9779190012143432 0
-0.1008485810668056 -0.975584069896351 0
-0.07789578723363293 -0.9771049406643992 0
0.09477502459851449 0.976426457284844 0
0.09019607843136625 0.9682178417494998 0
0.1024117422716404 0.9775218102829637 0
0.6934363179940782 -0.6308919109231643 0
-0.1269926995141861 0.8194903403208331 0
0.4572656308511119 -0.01628989089806331 0
0.6629708305906012 -0.6199706229681454 0
-0.5567220773186301 -0.4458909073374731 0
0.7431143933032046 -0.1007339752833354 0
0.1554128822416906 -0.7703916937837447 0
0.09879755521727134 -0.8305394931765827 0
-0.9119424539271362 0.2477397948146097 0
0.5030109044590261 -0.2498569734537829 0
-0.8296855244045305 -0.488479419659426 0
0.8319738511738584 -0.5132141839327572 0
-0.02190045191446312 -0.5108101478958549 0
-0.6526383637147447 0.1240258542151823 0
0.7623202264506536 0.3527736127226007 0
0.4457816808223539 0.2987629346190195 0
0.7610855449654034 0.2868474044272007 0
-0.1867363458428169 -0.3208450701220569 0
-0.187739875334279 -0.2433883704057548 0
-0.8628970846910577 -0.1118433923427023 0
0.7031255982645159 -0.5281472038435036 0
-0.9283563146363543 -0.2077058203253997 0
-0.3353123518685904 -0.145893858399775 0
0.4995233921922951 -0.6647594156309242 0
0.1647058823529378 -0.976584270542005 0
0.2131274693686349 0.6148547762684352 0
-0.1251237226815334 -0.90494400862872 0
0.02845684798410335 0.8903525396475076 0
-0.2736725273329117 -0.5304257560770872 0
0.1801976271513215 0.9360836847366839 0
-0.8729231677752927 -0.2923133009909869 0
-0.09265544003659426 -0.9675820700036637 0
0.1124391585790869 -0.3477255208498146 0
0.5280932874914337 -0.6779135283147274 0
-0.2466070923336293 0.2802124919144471 0
-0.01634964426146893 -0.7817462140024345 0
-0.3293490356118496 -0.904858776945297 0
0.8792780500446502 -0.2821983622593206 0
-0.5165195121284066 0.6349660406171787 0
0.2105267294833527 -0.7855571017307644 0
-0.09044605883233582 -0.3777303847186613 0
0.07360690371479095 -0.8700079689331013 0
0.6507341232615719 0.6898568552888868 0
-0.0666109006944475 0.7518345113726564 0
-0.04721518151129579 0.7606672836837662 0
0.1116314030917986 -0.3210898011677613 0
0.8665652784658328 -0.206842078299366 0
-0.1001212388845132 0.8853350827374806 0
0.8310734728695246 0.332063497088566 0
0.1777078078139276 0.8605947039702149 0
0.1221861262717883 -0.1808575056946032 0
0.6743538958828507 -0.5132189491050865 0
-0.2635664735535969 -0.4234471377390707 0
-0.003664685497887804 -0.8762170580023927 0
-0.005964123791481423 -0.5200696146806784 0
-0.05243840744858045 0.686609830843406 0
0.2364232195998273 -0.8732065227127005 0
0.5825539983510807 0.5676628215022221 0
0.4816637832622712 0.0007679456101788805 0
0.3102753780793416 -0.890601896696991 0
0.159945371628705 -0.6160297892632699 0
-0.03200499632279603 -0.9236647828043751 0
-0.8364373855812091 -0.5138856528243329 0
0.8376526601591817 0.5141026446473941 0
-0.8314100846852412 0.5111377990859614 0
0.9309961588467596 -0.07993674154233638 0
0.837228037107229 -0.416135769541738 0
0.2937825186858432 0.7967543106448765 0
0.09584792522366387 -0.3873477630430874 0
-0.2583208044862831 0.9033244836209887 0
-0.9160910826276338 0.2752665793341803 0
0.7864476722552747 0.5275170178465518 0
-0.1054278894207045 0.976721516738105 0
-0.09885524133733369 0.9661293608023087 0
0.1057409748400063 -0.9771782667168163 0
0.1104528693937178 -0.9686767189285549 0
-0.5515667258764985 0.4127144210370042 0
0.06223512122991896 0.6477911545146615 0
0.2041744951442595 -0.1043981295240939 0
0.04845613357566918 0.05226928615297365 0
0.3172042903475641 0.8158329149758031 0
0.09827137589385126 -0.4107974216757865 0
0.7744960377869007 -0.1301804088274457 0
-0.5607109631814005 -0.801512568938984 0
-0.5179558701070863 -0.7921757010672575 0
0.05660167054336164 -0.8775488691233762 0
0.7592175554608068 0.3168165329372489 0
0.1442111391384783 -0.1637364931339895 0
-0.5870749276455196 -0.4020714547718316 0
0.5286003753519208 -0.7053673532391418 0
0.314670782827897 0.845306979108713 0
0.6798930017641085 0.6772750335268033 0
-0.03556320110487803 0.7229736312562066 0
0.2280822406477237 -0.1489472712783798 0
0.5056436970121982 -0.2786278882400911 0
0.965047045747698 0.007534835349442028 0
0.2156717656308488 -0.2431634966419358 0
-0.05406014404760681 -0.9687089836049323 0
0.1111577392586811 -0.7487978895050756 0
0.3444940033610427 0.2310897643294699 0
0.05119541123854952 0.9423444846624843 0
-0.1122198605979569 -0.9518990195773966 0
0.1895798119530692 -0.2098611751920528 0
-0.1383662170849345 -0.009481814589017985 0
0.08625721128468065 -0.9771170988398312 0
-0.9220665493310789 -0.1833895689402247 0
0.09649356258394237 -0.908250904337793 0
0.8570837151724552 -0.1026629447824693 0
-0.05661110011622768 0.1847905254204103 0
-0.2803462710475123 0.02955231787524782 0
-0.650886047276811 -0.1705452731599374 0
0.2185175953019591 -0.269289579667372 0
0.1800295230724368 -0.6020109854757737 0
0.1412448488287797 -0.1374128966095027 0
-0.1457604746628196 -0.7033102365695879 0
0.6789385951644993 -0.116520170418017 0
0.1833065839143674 -0.9648422836073196 0
-0.07058823529412102 -0.9780231868912541 0
0.2078985709555843 -0.1672330252353035 0
0.07935536310747179 0.978127511962029 0
-0.7782318929523121 0.4460953629937651 0
0.1751353557083899 -0.7791261774225098 0
-0.2378210480348042 -0.9254113548801655 0
-0.2313724006671831 -0.9498785280456004 0
0.6699719319571739 -0.01715832768820446 0
-0.2795665803656945 0.3530426045728003 0
-0.8781154912715878 0.1566633793281231 0
-0.07392280953502317 -0.7708330627119713 0
0.09814875519906813 0.2777112548448519 0
0.1192076182330076 0.01804750354699444 0
-0.01176470588235344 -0.9711503719485669 0
-0.05488991278507969 0.978146476878767 0
0.9633956882009103 -0.04511271111798318 0
-0.6379801659314372 0.4188444508618108 0
0.6603511696000348 -0.2748182889185141 0
0.1184739077045639 -0.4210529888357191 0
-0.1511247252100513 -0.5422417238001308 0
-0.1294863070703618 -0.3796100102400743 0
0.2195444457105113 -0.2980488013849755 0
0.1377446840561919 -0.1138047753283884 0
0.113464803237576 0.7540660222119275 0
0.09059036743749738 -0.8753988358861591 0
-0.01551737997497177 -0.8727108717575772 0
-0.3679990417671225 0.8758384396700518 0
-0.6501280116532352 -0.3771512884887759 0
0.7155030823730766 -0.2704468139742895 0
0.06303500374854562 0.2934702175216943 0
0.1211258507831836 -0.4439515147120093 0
0.1992621133510191 -0.3416007931945327 0
-0.294294550333867 0.06783073658881676 0
0.2205363485412511 -0.3262351824011719 0
-0.6680629475221755 0.3244659261459959 0
-0.1784436080330738 -0.8565728910649725 0
-0.6664574888177328 0.3693711515365516 0
-0.09766343521085062 -0.9540078571492754 0
-0.2874114978928886 -0.6465153622983429 0
-0.004361240356503326 0.4946404563434907 0
0.7450642792476784 -0.1579824993920529 0
0.1461473705074391 0.2300433305285049 0
-0.01774517034164639 0.8730704881831292 0
-0.6892327335819476 -0.3265571334347802 0
0.1569982520002596 -0.09847983063687507 0
0.04632180752536832 0.2779105743659276 0
-0.05085056042990594 0.663160040470298 0
-0.1179454548191155 0.002210733359592263 0
-0.6102582294319449 -0.3586987177345972 0
-0.08487968867447322 0.8765720732083128 0
-0.103501220884138 0.9529469158551207 0
-0.8329880772777898 0.4783940786614921 0
-0.1678573317391928 -0.7811014079982154 0
0.1972994104314105 -0.6108234998602934 0
0.1452448977822632 -0.9628860896877026 0
-0.2706392622657882 0.2923568417275949 0
-0.2834102899714697 -0.4389962345034419 0
0.01842438198533633 0.9710317962592796 0
-0.2104862060084435 0.7722759494010975 0
0.03123791196392088 0.2374730544059819 0
0.09405546882596859 -0.8150330440539858 0
0.7604016886248459 -0.5560386825843833 0
-0.7447928672154367 -0.6002381589165652 0
0.8381794118154338 -0.4430771168315024 0
0.005181283031782312 -0.9713779218908233 0
0.5075081164986045 -0.3069478873467525 0
0.2098633484108156 -0.1927751735873779 0
-0.336930892526292 -0.3751351534281567 0
0.312983181239295 0.9236258229182187 0
0.1261090823091146 0.8509035068921595 0
0.008977516104033556 0.2223327519449011 0
0.9115284137182578 0.36759342477182 0
0.04909792194740593 0.4725446177350043 0
0.8864341280076845 0.09581535463711481 0
-0.6330457555189116 0.5537341673970164 0
0.03921568627450644 -0.9787187482380201 0
-0.1236185279078785 0.7992836668646341 0
0.6865933086060729 -0.287214144895571 0
0.3303491611012747 -0.2729183574701904 0
-0.03536837060982011 -0.9708208275346345 0
-0.5755129267237227 0.3967032457877641 0
-0.273773534511296 0.32199159539046 0
0.3375714159186262 0.866839110712573 0
-0.2633910120026836 -0.9174526079683036 0
-0.8690306675158441 0.4104073758267301 0
-0.6639008253599648 -0.3335669407385781 0
-0.1364971288852808 -0.06833393572279027 0
0.07260328220984245 0.4623420683710133 0
0.9322797679913797 -0.2021552676051663 0
0.08981729834154828 -0.9691477076179065 0
-0.9835700848816968 -0.06129236484799588 0
0.1408857465841515 0.9445673813188726 0
-0.1475012428712408 -0.369519040299738 0
-0.7709703478368807 0.5315432028242698 0
0.0967958011477055 0.2555654431972422 0
-0.1791446219107846 -0.7178802047436339 0
0.1275129522877894 0.9324203669435002 0
0.9648799359725145 0.02362204724409259 0
-0.3219601382770564 0.1047794706842756 0
-0.2852700592169085 0.7117508376764082 0
-0.9301929882491133 0.2045879806565082 0
-0.7515461359234337 0.6291628973317934 0
0.7337517818087935 -0.3130150746185845 0
0.229922100542006 0.9246027126155694 0
-0.08483221423046999 0.8582117461058782 0
-0.4140746280099233 -0.8055162515220839 0
-0.167641840341287 -0.3367060236572046 0
-0.04760257633910865 0.2422396271300087 0
-0.9094751289891368 -0.3706030908850338 0
-0.01267340532834416 -0.7170004236804528 0
-0.6601637765078694 0.1818291659699234 0
-0.02435019427798123 0.4786856667620782 0
0.1749184523850989 0.1941269936003649 0
-0.4032138550746251 0.1957808940610115 0
0.1699946337668175 -0.4620205915443931 0
0.03204236898191196 0.5695701375315195 0
0.1216245554039495 0.242777228385274 0
-0.07106479356744812 0.2267974070413297 0
0.2163157445538263 0.5097905646632259 0
0.1805289789233851 0.9679494676768627 0
-0.0795017803772627 0.001104855880965616 0
0.1231176873755697 -0.00963686003898424 0
-0.5427022748750896 0.6503045362200658 0
0.8643806074614551 0.07656606183642307 0
-0.7515721564874822 0.4626628959364866 0
0.4030036565047 -0.823938439755926 0
0.1115531149179983 0.4722178033812166 0
0.1133277656037457 -0.7925726895636127 0
0.05493237893189106 0.5580904007295866 0
-0.05329320728832934 0.958843113050193 0
-0.9241834868100267 -0.2327375719021168 0
0.4096650631081962 0.631820240085029 0
0.02342989514584237 0.4846782310933653 0
-0.2090359742106687 -0.9525291049153222 0
-0.1811887454280409 -0.9713099687681652 0
-0.1053934009491645 -0.5708563106379598 0
0.7780604527693744 -0.1842646495732317 0
-0.01850670394309132 -0.7638137735781871 0
-0.4446248336842377 -0.07401406288912346 0
-0.4055439220974142 0.2271346060336019 0
-0.2903499129244017 -0.9090844901279423 0
-0.1040569523525622 -0.5911830406577544 0
-0.1518742362049315 0.7801107317891595 0
-0.605206538897866 0.408710189501353 0
0.5735382064532435 -0.7174791234908 0
0.7154406840759165 0.6204100140964928 0
-0.4669426058564403 -0.08946636209402992 0
-0.6719189446465658 -0.627390800133391 0
-0.1354419843506756 -0.6306029021486231 0
0.1226517246565745 -0.949067958228726 0
0.9289423149310303 -0.2719436794961984 0
-0.1010215295623501 -0.6133904670464942 0
-0.5534105607231703 -0.1508879289060175 0
-0.926260195135753 -0.2722110853402228 0
0.08964518492216306 0.5692601762099196 0
0.1442977921552168 -0.4532944951120639 0
-0.1522855970830152 -0.2761608569345445 0
-0.1309173773410144 -0.9649992874723985 0
-0.01922936865802571 0.2322875720517854 0
0.04472337930862098 0.9698547433643099 0
0.2259795375674308 0.1980086714883542 0
0.0801272163541126 0.9706825886282948 0
-0.5029636225613738 -0.1205977534515024 0
0.07817206334543907 -0.9771554559102725 0
-0.5407746100187478 -0.1082887586376915 0
-0.05658658040935497 -0.9570853964805828 0
0.1337047119495693 0.7439652073646145 0
0.02846379420912612 0.595538130396829 0
-0.338333566330285 -0.1212149630858431 0
0.666705192485886 0.01970453419425493 0
0.6509834799195537 -0.02772574460758108 0
0.9358115962326865 0.200986575229332 0
-0.2344137687173644 0.7548952626357459 0
-0.2127310788044652 0.9292081162649405 0
-0.8883073615620871 -0.3731644809654748 0
0.6536585032794158 -0.05503918521786783 0
0.188748275824216 0.8255027405949612 0
-0.1361741614881275 0.09528917955693225 0
-0.9673152349251288 -0.004433953713454832 0
0.127231818598761 -0.03857527345628149 0
-0.5759740877813615 0.1132642827140496 0
-0.6830783699116799 -0.6806202983820117 0
-0.1137283460097614 0.1092039814768331 0
-0.1586739811023635 0.07923864467572457 0
-0.3850664894684864 0.07521669302775168 0
-0.1381149858724223 -0.04000802908355156 0
-0.1813527792279987 0.06075185913154436 0
0.4463154439724214 0.1583245943567071 0
0.1498696130902954 0.2057564858632897 0
-0.07691421379534105 -0.6613256478271592 0
0.06137460871821505 0.7692723855816954 0
-0.1827799715281255 0.03494721828005762 0
-0.1089706702521649 0.9239032530395201 0
-0.2274425768894374 0.03189091478491412 0
-0.6563298024845682 -0.07732511032640076 0
0.2849725816578049 0.9086677495415256 0
-0.3316613560529109 -0.6429643165534124 0
-0.01556678685246725 0.856067033221209 0
0.03467291748779401 -0.9451664693327363 0
-0.8631644674105526 -0.4065948341597293 0
0.01929822530085836 -0.9721498846113175 0
0.486288262923119 -0.3520079147219732 0
0.9338136739022249 0.274410731813205 0
-0.2081803482501056 -0.87458622828952 0
-0.1901913491139981 -0.7709994490027352 0
-0.3634863705311713 -0.108966956724366 0
-0.07245875692596018 0.1052359598122849 0
-0.09794537522349138 -0.7544676492672939 0
-0.2567086988858852 0.7382555373626938 0
-0.3556463982923547 -0.4160195709047939 0
0.7070128636858733 -0.5575270092318965 0
-0.8580879943964215 0.05789775339102031 0
-0.07053023099912509 0.1424955389825092 0
-0.3688453034620386 0.9025450446381307 0
-0.4338184877971 0.07027761990348187 0
-0.03943517371942619 -0.8757612268583763 0
0.03133293357096466 -0.9786519342586599 0
0.7502375993858483 -0.2140012088429759 0
-0.03353293593529167 0.438415264841255 0
-0.3886268420817746 -0.09648262000572146 0
0.2336574964623167 0.267005625735942 0
-0.003426689472570019 -0.7079473773758829 0
-0.1068710887373814 0.7473610485385569 0
-0.9434416655180364 0.03218174692287375 0
0.09455708947764145 -0.8929451412617967 0
-0.954196466772814 -0.1564820938473187 0
0.8042142262005911 0.3418894964818006 0
0.9343456209257623 0.1657807653778439 0
0.9544487102017465 0.1592340908595363 0
-0.1261185469317035 -0.5591435143296177 0
-0.1887322294822657 -0.6841271092357051 0
0.1972993445417974 0.207122529279425 0
0.6434234838642644 0.02961422214312223 0
-0.04796902172654958 -0.9495217209013078 0
-0.223618496450821 -0.6951720216320563 0
0.1508694426874003 0.9567920868490583 0
0.8544519682351737 -0.1240864115342618 0
0.1307721105753742 -0.06424537872121198 0
-0.4999063095058332 0.07845958821232633 0
-0.1066144573483752 -0.3667847901296699 0
0.4661334686795287 0.1710577341040979 0
0.8390103673502423 0.43401896311555 0
0.3302529201863829 0.8990443395286586 0
-0.04940625594287119 0.6382774734584897 0
-0.8994276257998715 0.167756750282245 0
0.1204362254794012 0.4372292125361137 0
0.9792137838780279 0.06351864325546536 0
-0.9779770737889046 0.09421063845472165 0
-0.9761164477094817 0.06056987849763444 0
0.9785186674099117 -0.09448818897637787 0
0.9760785885535764 -0.05986998195189887 0
-0.5203493481968796 0.09123633172752679 0
0.02904612223601437 0.8761619846899753 0
0.6561116207462946 -0.08261428003610165 0
0.2601491311745224 0.8905119285861228 0
-0.4154908276451544 -0.08466994655579067 0
0.3855080509210688 -0.240189402315018 0
-0.03295288598210538 -0.9782783022551959 0
0.05725389327712609 0.9247419463487984 0
-0.5561067392506603 0.07338766842293547 0
0.186929570816014 -0.4459356246113196 0
-0.3150127762415661 0.07456848287905729 0
-0.03950829446691083 -0.9427241151646838 0
-0.01331754024069242 -0.9230176387157446 0
0.1082704328576096 -0.9001101581733822 0
0.9665367347629523 -0.007394526551300239 0
0.2723513695138168 0.2570709006933247 0
-0.1919348416011954 0.9342634768351701 0
-0.5794477663575344 0.7514160678195868 0
0.1939265365661293 -0.9150080921750293 0
0.08910827618438076 0.8905926541441778 0
-0.5177811432743444 -0.2766171456376253 0
0.761458305982235 -0.3471735668010488 0
-0.4863248955524242 -0.1052542597084029 0
0.9076048570061634 -0.09341186727962533 0
0.7352410271130545 -0.5715455182168392 0
-0.02290925586592512 0.969719902246173 0
0.6824235340700048 -0.1551972171489454 0
0.2217100424051626 -0.9261497873611492 0
0.1525025318770167 -0.07432079500043635 0
0.2100352262681449 -0.757094593840188 0
0.9646318812630226 0.03969768068549413 0
-0.1526267396940646 -0.2540792862081235 0
-0.08856851456631651 0.9694609222743318 0
0.6575596972940938 -0.1112465057218835 0
-0.2565181802311458 -0.6786229157963519 0
0.3532955852318289 -0.2587310722113054 0
-0.07414224709561174 0.1871559372529303 0
-0.5396008210992591 -0.2925205545266351 0
-0.7643902900448143 -0.5552738422127604 0
-0.529144332619801 -0.2322760223747444 0
-0.5572722871791509 -0.1927662240864551 0
-0.9562047162093701 -0.202028289237919 0
-0.8390313496027832 0.07939013871891154 0
-0.01280273827617243 -0.9055201697130297 0
0.05500179130703679 -0.9792685946189867 0
-0.02973570678250639 0.7610100252887515 0
0.4902568698355079 -0.3811449474766241 0
0.1520532207520794 0.7348825366502399 0
-0.05413179941767765 0.3965539631059623 0
-0.373566629523265 -0.430923311320324 0
-0.6447206343028447 0.3759621463769984 0
-0.052349797011878 0.1490343846680241 0
-0.1123784298302444 -0.898251582652086 0
0.8665030704909044 -0.2327175988334322 0
0.2826612463122019 0.298034188028564 0
0.3337889695297353 -0.903772264399022 0
0.6717500856069634 -0.7090973265431285 0
0.7829920471231659 -0.2409400783307244 0
-0.588971823539435 0.5400237929026899 0
-0.889661836388974 0.3257650522084209 0
0.1561927062577283 0.4505018962926508 0
0.9571793104177999 0.2009280048822175 0
-0.1093511919387209 0.9110600727839048 0
0.7656810317694698 -0.3758241724288511 0
0.1734842693753167 -0.08529999198989666 0
-0.3372969652536947 0.3143973244281522 0
0.8123591132669228 0.5070104650347474 0
0.7455840276951312 0.6025167995675613 0
-0.3541676426343255 0.09114425350669515 0
0.5860902245393504 0.1157950971786081 0
-0.6521067517600895 -0.1061130766362691 0
-0.7548258903867884 0.6084495565419494 0
-0.1197872475010061 -0.6389064799283377 0
-0.09188660993071733 0.4046802163433127 0
-0.8683212602329614 0.1145201604899734 0
-0.09596610974161444 -0.6526280996845693 0
-0.227212584059707 -0.8404704350781309 0
0.9078517975231831 0.3490995918539535 0
0.804782534824714 -0.5099164166702264 0
0.0161639667637473 -0.5016520613632176 0
0.6195681054714908 0.03871319524556852 0
-0.724857624917462 0.4785201799075656 0
0.1641248466963597 -0.9651564372027278 0
-0.6297226276255741 0.135854076061826 0
0.8639528166022281 -0.0278587045899003 0
0.8826337767670789 0.1208581454411377 0
0.2076294745459785 -0.7019174267372102 0
-0.5569718960283359 0.7681574056903268 0
-0.3005059825333771 -0.6615140158901308 0
0.1025448448506388 0.5579338817578168 0
-0.2487677320839817 -0.8293371912299339 0
0.7691008159418569 -0.4049781148140366 0
-0.06313798977668825 0.969689792678514 0
0.9366578067916094 -0.1654521737872887 0
-0.2132171348434443 -0.7606864405207781 0
0.5150441968017772 -0.3950971964453273 0
0.8613650979241267 -0.05903158755959541 0
-0.02171024035768034 -0.7455972618109661 0
-0.4758317096610789 0.0671550838996013 0
-0.9363898852147461 0.2858326405228039 0
-0.7734677644373624 -0.3731831682743414 0
0.9569294731247118 -0.2012142901940753 0
-0.04044615028976547 -0.930624342651824 0
-0.400025872901852 0.08772546302483668 0
0.4344356746307074 0.6206858321330304 0
-0.9567294398053894 0.2026466182871371 0
0.6198654233059515 0.7277828658528804 0
0.05658623353359201 -0.628802341013596 0
-0.1186039616209788 -0.8754662511614925 0
-0.9107827108062699 0.04246212114496632 0
0.8658094805498054 0.4018143560616729 0
-0.7514011379766372 -0.356669669559541 0
0.8726842149147476 0.3630285786225478 0
-0.5656733054824612 -0.2816098294986519 0
0.3804350944866245 -0.8356322960343274 0
0.4381353936250347 0.2125692367658011 0
-0.2539881804047819 -0.6605577046680496 0
-0.1730101313693908 -0.3017056590092707 0
0.1749930968403254 0.950882873231781 0
-0.2635280071567968 0.9219045369187687 0
0.6626648586344072 -0.2268497276943924 0
-0.3110946179380836 0.6750890706677007 0
-0.05269981747784584 0.9488526187906801 0
-0.5312174188496799 0.7904554409856943 0
0.4380741919390085 0.2513902362227042 0
0.7712262427921588 -0.4336652264207495 0
-0.3635209442156194 -0.6137879650913389 0
0.2069838738698217 -0.7334843331719021 0
-0.8521260393885702 -0.4543797999649864 0
-0.6501028487590674 -0.1336030060993851 0
-0.9276700993287135 0.2323077915776444 0
0.5663939269665753 0.7243882719078495 0
0.6635784006486769 -0.1641681738742329 0
-0.4522452613976596 0.08179832093840775 0
-0.1445176388082335 -0.9607409226197337 0
0.1281325395645643 0.5716818675741192 0
0.2307810630110624 0.2324029556701395 0
0.9023971913364063 0.2952064045916196 0
-0.2861842455322189 -0.84713015283682 0
-0.2990229938904437 -0.8102039482897864 0
-0.6543451915083791 -0.2431588018610812 0
-0.6020964245966179 -0.2676674965883653 0
-0.3395801402542818 -0.8258609479525113 0
0.03608077595304653 -0.9290806530644782 0
0.9252421130381882 -0.2294096498216163 0
-0.009419898189066462 0.9717278828809143 0
0.7843428648593221 -0.5330898762965102 0
0.2377620300078062 0.4978343685289923 0
0.8764183101926012 -0.4155290692721083 0
0.2564645674853559 -0.8860097164834653 0
-0.9679259361132569 0.007115074462732368 0
-0.1108015201307054 0.7149549791957754 0
-0.002239814831352194 -0.8996693405430517 0
0.5592176041239246 0.7674311311762227 0
-0.6279636106395009 -0.2563105560429901 0
0.16904204574895 -0.9244586678788378 0
-0.7281045916409072 -0.3407552566933094 0
0.2258544486542747 0.8389368799189595 0
-0.03046346761112175 0.9704832710421325 0
0.1673201421284524 0.4154842225669809 0
-0.4382019620074662 -0.8205961503901804 0
-0.7706183743153011 -0.3962356459281711 0
-0.2780730725804132 0.6931364999391298 0
-0.03336671741766042 0.004973104287657377 0
0.6658739726811698 -0.1899212685104913 0
0.8942473978646981 -0.3721060926987468 0
-0.1677837662174796 0.7900979716754287 0
-0.01367940545735581 0.8411181421984435 0
0.2071564306127072 0.9538184372631204 0
-0.5434152114687604 0.6816283062560726 0
0.2297671370554215 -0.6226732507740458 0
0.9148787347023885 -0.255130904149421 0
-0.02279721592956573 -0.8664046783989147 0
0.5174903188864013 -0.4218836973008547 0
-0.2376462506098658 -0.7524118909355233 0
-0.8212691384261668 -0.4018781944082744 0
0.5991295577152458 0.04568196128359503 0
-0.4460999674672292 0.1773687665818928 0
-0.049096369531598 -0.9281051205997187 0
-0.04755474383777743 0.612440877441094 0
-0.6697404501019844 -0.1768107371349304 0
0.8572087625462654 0.479238787212185 0
0.833677430272022 0.4845158015694164 0
0.7742264338453244 -0.478361484002655 0
0.5345340068409306 -0.786224698878572 0
-0.8781919225593731 0.3916010902133156 0
-0.382820354898816 0.2592591111149417 0
0.01060662540355524 0.9728491000882449 0
0.2002974946822963 -0.1228463283833925 0
-0.02164131484866764 -0.9784358907391419 0
-0.8946499465793561 0.04809010101539365 0
0.7420047899320343 0.5782736810337304 0
-0.05066636901495564 0.432612049816815 0
0.07388474507650426 -0.9706837747942828 0
-0.8566530535461866 0.4791150914404986 0
-0.9834400779011943 -0.047244094488189 0
0.1219424063676218 -0.9075747982599728 0
0.3106163651580254 0.2878590048962051 0
-0.003728279832613585 -0.3941776885517719 0
-0.1888937576163602 0.7766729962575921 0
0.7173287044355331 -0.6374596980798 0
0.2954224411414875 -0.6683521847074961 0
-0.01290676636862731 0.9157077284570325 0
-0.08637123240238838 0.8381009059895623 0
-0.8690913100528013 -0.3149541419759171 0
-0.928275919928602 0.1826920592321088 0
0.4576436527748597 0.2596431953491016 0
-0.2545222261223539 -0.765128050821415 0
-0.07751283420040818 0.7383556798592048 0
-0.1512918077035978 -0.6216809798294635 0
0.250389150629959 0.8312011539617979 0
-0.3283967754830173 -0.6247178118426746 0
0.8629787685759966 -0.007198402852371328 0
-0.7981906923788377 0.5160662649382879 0
0.5866643231517901 -0.6994510515985738 0
-0.0485852181901972 -0.8701362118852841 0
0.7553515639331521 -0.2687252249375022 0
0.1383627559979286 0.8619284672841055 0
-0.9412440793714058 0.1648314231794384 0
-0.4851025390825445 0.1648083383950315 0
$EndNodes
$Elements
221 10858 1 10858
1 1 1 1
1 1 2 
1 2 1 1
2 2 3 
1 3 1 1
3 3 4 
1 4 1 1
4 4 5 
1 5 1 1
5 5 6 
1 6 1 1
6 6 7 
1 7 1 1
7 7 8 
1 8 1 1
8 8 9 
1 9 1 1
9 9 10 
1 10 1 1
10 10 11 
1 11 1 1
11 11 12 
1 12 1 2
12 12 221 
13 221 13 
1 13 1 2
14 13 222 
15 222 14 
1 14 1 1
16 14 15 
1 15 1 1
17 15 16 
1 16 1 3
18 16 223 
19 223 224 
20 224 17 
1 17 1 2
21 17 225 
22 225 18 
1 18 1 1
23 18 19 
1 19 1 1
24 19 20 
1 20 1 3
25 20 226 
26 226 227 
27 227 21 
1 21 1 1
28 21 22 
1 22 1 2
29 22 228 
30 228 23 
1 23 1 1
31 23 24 
1 24 1 1
32 24 25 
1 25 1 1
33 25 26 
1 26 1 1
34 26 27 
1 27 1 2
35 27 229 
36 229 28 
1 28 1 1
37 28 29 
1 29 1 2
38 29 230 
39 230 30 
1 30 1 1
40 30 31 
1 31 1 1
41 31 32 
1 32 1 2
42 32 231 
43 231 33 
1 33 1 1
44 33 34 
1 34 1 1
45 34 35 
1 35 1 1
46 35 36 
1 36 1 2
47 36 232 
48 232 37 
1 37 1 1
49 37 38 
1 38 1 1
50 38 39 
1 39 1 1
51 39 40 
1 40 1 1
52 40 41 
1 41 1 1
53 41 42 
1 42 1 1
54 42 43 
1 43 1 1
55 43 44 
1 44 1 1
56 44 45 
1 45 1 1
57 45 46 
1 46 1 1
58 46 47 
1 47 1 1
59 47 48 
1 48 1 1
60 48 49 
1 49 1 1
61 49 50 
1 50 1 1
62 50 51 
1 51 1 1
63 51 52 
1 52 1 2
64 52 233 
65 233 53 
1 53 1 1
66 53 54 
1 54 1 1
67 54 55 
1 55 1 1
68 55 56 
1 56 1 2
69 56 234 
70 234 57 
1 57 1 1
71 57 58 
1 58 1 1
72 58 59 
1 59 1 2
73 59 235 
74 235 60 
1 60 1 1
75 60 61 
1 61 1 2
76 61 236 
77 236 62 
1 62 1 1
78 62 63 
1 63 1 1
79 63 64 
1 64 1 1
80 64 65 
1 65 1 1
81 65 66 
1 66 1 2
82 66 237 
83 237 67 
1 67 1 1
84 67 68 
1 68 1 3
85 68 238 
86 238 239 
87 239 69 
1 69 1 1
88 69 70 
1 70 1 1
89 70 71 
1 71 1 2
90 71 240 
91 240 72 
1 72 1 3
92 72 241 
93 241 242 
94 242 73 
1 73 1 1
95 73 74 
1 74 1 1
96 74 75 
1 75 1 2
97 75 243 
98 243 76 
1 76 1 2
99 76 244 
100 244 77 
1 77 1 1
101 77 78 
1 78 1 1
102 78 79 
1 79 1 1
103 79 80 
1 80 1 1
104 80 81 
1 81 1 1
105 81 82 
1 82 1 1
106 82 83 
1 83 1 1
107 83 84 
1 84 1 1
108 84 85 
1 85 1 1
109 85 86 
1 86 1 1
110 86 87 
1 87 1 1
111 87 88 
1 88 1 1
112 88 89 
1 89 1 1
113 89 90 
1 90 1 1
114 90 91 
1 91 1 1
115 91 92 
1 92 1 1
116 92 93 
1 93 1 1
117 93 94 
1 94 1 1
118 94 95 
1 95 1 1
119 95 96 
1 96 1 1
120 96 97 
1 97 1 1
121 97 98 
1 98 1 1
122 98 99 
1 99 1 1
123 99 100 
1 100 1 1
124 100 101 
1 101 1 1
125 101 102 
1 102 1 1
126 102 103 
1 103 1 1
127 103 104 
1 104 1 1
128 104 105 
1 105 1 1
129 105 106 
1 106 1 1
130 106 107 
1 107 1 1
131 107 108 
1 108 1 1
132 108 109 
1 109 1 1
133 109 110 
1 110 1 1
134 110 111 
1 111 1 1
135 111 112 
1 112 1 1
136 112 113 
1 113 1 1
137 113 114 
1 114 1 1
138 114 115 
1 115 1 1
139 115 116 
1 116 1 1
140 116 117 
1 117 1 1
141 117 118 
1 118 1 1
142 118 119 
1 119 1 1
143 119 120 
1 120 1 1
144 120 121 
1 121 1 1
145 121 122 
1 122 1 2
146 122 245 
147 245 123 
1 123 1 2
148 123 246 
149 246 124 
1 124 1 1
150 124 125 
1 125 1 1
151 125 126 
1 126 1 3
152 126 247 
153 247 248 
154 248 127 
1 127 1 2
155 127 249 
156 249 128 
1 128 1 1
157 128 129 
1 129 1 1
158 129 130 
1 130 1 3
159 130 250 
160 250 251 
161 251 131 
1 131 1 1
162 131 132 
1 132 1 2
163 132 252 
164 252 133 
1 133 1 1
165 133 134 
1 134 1 1
166 134 135 
1 135 1 1
167 135 136 
1 136 1 1
168 136 137 
1 137 1 2
169 137 253 
170 253 138 
1 138 1 1
171 138 139 
1 139 1 2
172 139 254 
173 254 140 
1 140 1 1
174 140 141 
1 141 1 1
175 141 142 
1 142 1 2
176 142 255 
177 255 143 
1 143 1 1
178 143 144 
1 144 1 1
179 144 145 
1 145 1 1
180 145 146 
1 146 1 2
181 146 256 
182 256 147 
1 147 1 1
183 147 148 
1 148 1 1
184 148 149 
1 149 1 1
185 149 150 
1 150 1 1
186 150 151 
1 151 1 1
187 151 152 
1 152 1 1
188 152 153 
1 153 1 1
189 153 154 
1 154 1 1
190 154 155 
1 155 1 1
191 155 156 
1 156 1 1
192 156 157 
1 157 1 1
193 157 158 
1 158 1 1
194 158 159 
1 159 1 1
195 159 160 
1 160 1 1
196 160 161 
1 161 1 1
197 161 162 
1 162 1 2
198 162 257 
199 257 163 
1 163 1 1
200 163 164 
1 164 1 1
201 164 165 
1 165 1 1
202 165 166 
1 166 1 2
203 166 258 
204 258 167 
1 167 1 1
205 167 168 
1 168 1 1
206 168 169 
1 169 1 2
207 169 259 
208 259 170 
1 170 1 1
209 170 171 
1 171 1 2
210 171 260 
211 260 172 
1 172 1 1
212 172 173 
1 173 1 1
213 173 174 
1 174 1 1
214 174 175 
1 175 1 1
215 175 176 
1 176 1 2
216 176 261 
217 261 177 
1 177 1 1
218 177 178 
1 178 1 3
219 178 262 
220 262 263 
221 263 179 
1 179 1 1
222 179 180 
1 180 1 1
223 180 181 
1 181 1 2
224 181 264 
225 264 182 
1 182 1 3
226 182 265 
227 265 266 
228 266 183 
1 183 1 1
229 183 184 
1 184 1 1
230 184 185 
1 185 1 2
231 185 267 
232 267 186 
1 186 1 2
233 186 268 
234 268 187 
1 187 1 1
235 187 188 
1 188 1 1
236 188 189 
1 189 1 1
237 189 190 
1 190 1 1
238 190 191 
1 191 1 1
239 191 192 
1 192 1 1
240 192 193 
1 193 1 1
241 193 194 
1 194 1 1
242 194 195 
1 195 1 1
243 195 196 
1 196 1 1
244 196 197 
1 197 1 1
245 197 198 
1 198 1 1
246 198 199 
1 199 1 1
247 199 200 
1 200 1 1
248 200 201 
1 201 1 1
249 201 202 
1 202 1 1
250 202 203 
1 203 1 1
251 203 204 
1 204 1 1
252 204 205 
1 205 1 1
253 205 206 
1 206 1 1
254 206 207 
1 207 1 1
255 207 208 
1 208 1 1
256 208 209 
1 209 1 1
257 209 210 
1 210 1 1
258 210 211 
1 211 1 1
259 211 212 
1 212 1 1
260 212 213 
1 213 1 1
261 213 214 
1 214 1 1
262 214 215 
1 215 1 1
263 215 216 
1 216 1 1
264 216 217 
1 217 1 1
265 217 218 
1 218 1 1
266 218 219 
1 219 1 1
267 219 220 
1 221 1 1
268 220 1 
2 1 2 10590
269 2499 3719 2148 
270 922 3648 3646 
271 221 2368 12 
272 4738 4831 2146 
273 635 3173 3094 
274 2480 3278 2481 
275 1756 4535 3197 
276 3167 4212 3697 
277 1901 3404 3403 
278 228 4608 22 
279 3094 3178 635 
280 277 3613 3064 
281 256 5304 316 
282 3095 4345 3745 
283 2633 4066 3351 
284 2590 3270 2203 
285 2668 4861 2667 
286 3197 4535 3233 
287 2641 4701 2619 
288 1854 5112 1622 
289 3745 4345 1769 
290 3386 5167 4455 
291 621 4858 626 
292 3623 3766 3715 
293 4153 5304 256 
294 1514 4664 1516 
295 3014 3178 2727 
296 18 4734 225 
297 4339 5241 4800 
298 3464 3465 2785 
299 66 2950 65 
300 3080 3531 3530 
301 3348 4890 2890 
302 458 3415 460 
303 292 3007 124 
304 3172 3944 1308 
305 3306 3307 2999 
306 3155 3617 1574 
307 1560 4062 3491 
308 195 2335 194 
309 85 2334 84 
310 3156 4566 284 
311 3386 4530 1682 
312 3270 3723 2203 
313 291 3005 14 
314 3190 3191 304 
315 2925 4665 2926 
316 2965 4188 3978 
317 176 2951 175 
318 3307 4480 4031 
319 147 4154 256 
320 1241 3694 1246 
321 660 4708 662 
322 257 4510 162 
323 330 4917 114 
324 3014 3396 3178 
325 2384 4890 3348 
326 1067 3416 3130 
327 2579 3872 3170 
328 1078 4977 871 
329 2601 3617 3155 
330 3697 4212 368 
331 3646 3651 922 
332 1608 3848 3499 
333 3518 4446 928 
334 3080 5069 3531 
335 3116 5251 2689 
336 2689 4134 3116 
337 2182 4139 4017 
338 3722 5070 1047 
339 4017 4139 3088 
340 2701 4340 3481 
341 3499 3848 3078 
342 3266 3292 2396 
343 3498 5331 824 
344 2724 3292 3266 
345 4401 4637 921 
346 3269 4177 2142 
347 638 3505 1014 
348 2527 3416 2528 
349 3801 3909 2676 
350 4455 4530 3386 
351 294 4631 3470 
352 237 309 66 
353 261 310 176 
354 3088 4139 2688 
355 871 3498 824 
356 3179 5362 4146 
357 4688 5253 5171 
358 23 311 228 
359 133 312 252 
360 1041 3806 3795 
361 133 2970 312 
362 3185 3186 3061 
363 3307 4973 4480 
364 2262 3407 2795 
365 3118 5159 3950 
366 1901 3571 3404 
367 334 3357 3089 
368 2688 5276 3088 
369 1047 4589 3722 
370 1682 4769 3386 
371 2142 4880 3269 
372 4015 5220 3873 
373 2778 3726 3504 
374 3741 5112 1854 
375 1547 3459 1987 
376 1752 3815 3560 
377 3196 4570 3231 
378 1987 3459 3163 
379 4747 4796 3542 
380 3231 4570 3007 
381 3957 4497 2720 
382 2363 3144 3143 
383 2240 3115 3114 
384 3904 5027 3013 
385 3406 3407 2634 
386 3560 3814 1752 
387 4529 4979 2640 
388 2780 4831 4738 
389 4562 5087 4563 
390 3640 4637 4401 
391 3815 3911 3816 
392 3299 3969 356 
393 3858 4066 2899 
394 1910 4607 4210 
395 3194 3545 2346 
396 363 4008 3103 
397 3228 4354 1627 
398 3323 4273 1758 
399 401 4247 4116 
400 2346 3545 1936 
401 3050 4884 3119 
402 3356 3900 3068 
403 347 4299 3321 
404 1627 5250 3228 
405 3504 3726 3138 
406 1758 4567 3323 
407 3909 3910 2676 
408 3307 5024 2999 
409 329 4915 4 
410 2459 3900 3356 
411 4116 4247 3076 
412 5171 5253 3670 
413 309 2950 66 
414 268 5079 338 
415 2701 3481 3480 
416 3069 4944 4598 
417 3470 4631 3051 
418 3351 4684 2633 
419 4598 4944 2332 
420 170 5392 259 
421 3957 4779 4497 
422 3074 4385 3533 
423 4864 4948 313 
424 244 5094 337 
425 3704 4969 4680 
426 2925 4849 4665 
427 820 3409 658 
428 326 4532 3635 
429 4797 5243 4796 
430 1769 4345 3585 
431 1752 3911 3815 
432 233 5252 313 
433 252 5267 132 
434 3179 4146 3202 
435 3203 4395 1439 
436 1439 4395 1079 
437 230 5405 29 
438 3130 3415 1067 
439 57 5068 234 
440 310 2951 176 
441 1327 4065 3350 
442 2240 3114 3113 
443 1381 4652 1415 
444 231 3612 32 
445 2616 5290 3945 
446 4128 4349 2922 
447 3452 4913 2989 
448 3586 3587 2147 
449 4349 5080 2922 
450 4210 4683 1910 
451 3127 3272 2484 
452 118 371 117 
453 8 369 7 
454 3284 4877 4784 
455 3476 4988 1473 
456 1769 3585 2147 
457 2017 3177 3176 
458 333 4502 3038 
459 1173 4449 3399 
460 3915 4701 2641 
461 3312 3535 2631 
462 3262 3860 1542 
463 4784 4877 2755 
464 2974 4880 3544 
465 3064 4782 277 
466 1671 3766 3133 
467 2634 3407 2262 
468 2395 4425 2657 
469 3149 3241 2665 
470 2148 3719 2215 
471 2413 3160 2239 
472 3223 3704 1607 
473 1357 3685 3195 
474 1560 3491 3257 
475 3355 4695 3596 
476 2484 3278 3127 
477 2385 4159 3084 
478 2481 3278 2484 
479 2634 3408 3406 
480 33 5310 2972 
481 3076 4247 3845 
482 3251 3794 3250 
483 3390 4652 1381 
484 3076 3845 2467 
485 2665 3329 3149 
486 3170 3872 1582 
487 2631 3534 3312 
488 871 4977 3498 
489 313 5252 4864 
490 131 4779 251 
491 3214 3245 1680 
492 3420 4430 3063 
493 2651 5027 3904 
494 2667 4861 3491 
495 3501 3588 2936 
496 4111 4518 1616 
497 3258 3409 820 
498 661 3547 659 
499 684 3662 685 
500 3340 3546 2405 
501 184 5202 340 
502 3250 3794 1947 
503 2341 3600 3205 
504 3350 4065 3349 
505 2698 3599 3137 
506 2832 4751 3252 
507 3596 4695 2711 
508 2123 3600 2341 
509 2641 4452 3915 
510 3795 3807 1041 
511 2519 5099 3702 
512 1907 3570 2643 
513 3800 4952 4826 
514 3560 4172 3814 
515 2835 4915 329 
516 356 3302 3299 
517 3704 4680 1607 
518 626 4858 3505 
519 2467 4578 2346 
520 3090 3825 3424 
521 3133 3765 1671 
522 3814 4172 1827 
523 2701 3480 2700 
524 201 4533 200 
525 3533 4385 1718 
526 4829 4865 3291 
527 3750 4552 3786 
528 3915 4452 3916 
529 4788 4873 2828 
530 53 5252 233 
531 367 5011 4907 
532 2443 4384 3514 
533 3734 4740 1910 
534 3252 4812 2832 
535 3170 4015 3873 
536 1968 4865 4829 
537 3233 4535 1074 
538 1240 5332 3125 
539 4146 5362 1596 
540 359 5176 3972 
541 3257 3573 1560 
542 3399 4449 3065 
543 316 5312 256 
544 315 5316 232 
545 1910 4683 3734 
546 3860 3861 1542 
547 3585 3586 2147 
548 2672 4462 2674 
549 3426 4806 2806 
550 3525 4729 4619 
551 3653 4664 1514 
552 3635 5121 4533 
553 2749 3258 820 
554 3409 4708 660 
555 3973 5035 4246 
556 3978 4188 1292 
557 658 3409 660 
558 21 4745 227 
559 334 3089 245 
560 2388 4952 3800 
561 4907 5011 3327 
562 3311 5398 4481 
563 3293 5290 2616 
564 3715 3766 1671 
565 3634 3661 1583 
566 23 2954 311 
567 3103 4745 363 
568 1607 3997 3223 
569 3050 4984 4884 
570 3845 4578 2467 
571 2131 3534 2631 
572 3888 4931 3890 
573 1944 4546 3590 
574 1067 3415 458 
575 3172 3945 3944 
576 3130 3416 2527 
577 13 333 221 
578 123 334 245 
579 3125 3694 1240 
580 2676 4204 3801 
581 2899 4066 2633 
582 3221 3270 2590 
583 290 5155 5028 
584 2806 5141 3426 
585 3480 3569 2700 
586 2558 3725 3580 
587 3468 4472 2146 
588 1882 3214 1680 
589 3025 5109 372 
590 3950 5159 317 
591 3439 3525 2488 
592 5133 5227 4626 
593 3137 4529 2698 
594 2066 3459 1547 
595 3163 3461 1987 
596 4299 5053 3321 
597 4680 4969 3161 
598 4800 5206 4339 
599 1188 3289 1187 
600 3176 3273 2017 
601 2190 3805 1836 
602 3349 4065 1601 
603 2283 3599 3458 
604 3424 3825 2236 
605 4431 4809 3353 
606 3491 4062 2667 
607 291 3006 3005 
608 1582 3872 3224 
609 256 5312 146 
610 232 5316 36 
611 4619 4729 2776 
612 3038 5133 333 
613 2435 3910 2437 
614 304 3192 3190 
615 3186 3187 3061 
616 2391 3946 2390 
617 3769 5025 4636 
618 3458 3599 2698 
619 257 5272 314 
620 3202 4146 1164 
621 3350 4066 1327 
622 1402 3700 3239 
623 3207 4430 3420 
624 308 4714 4661 
625 333 5133 4626 
626 3719 4564 2215 
627 3457 5223 1598 
628 1520 4507 1522 
629 3157 3418 1152 
630 13 4502 333 
631 123 4570 334 
632 2405 3549 3340 
633 3580 4523 2558 
634 167 5031 258 
635 163 5272 257 
636 2021 4894 4863 
637 3353 4809 3354 
638 3694 3695 1246 
639 161 2205 302 
640 51 375 300 
641 1827 4172 3134 
642 3302 3467 2422 
643 4358 4834 3290 
644 3134 4190 1827 
645 3113 5429 232 
646 1994 3298 3297 
647 2768 3576 3410 
648 5028 5202 184 
649 3290 4834 3289 
650 928 4516 3518 
651 2529 3452 2989 
652 1150 4391 4276 
653 2525 4373 2335 
654 3358 3777 834 
655 1540 3653 1512 
656 1010 4987 3890 
657 4796 5243 3542 
658 3319 3525 3439 
659 4717 5147 587 
660 3436 3467 3302 
661 1496 4989 3540 
662 665 3549 663 
663 730 3760 3759 
664 169 3446 168 
665 4863 4894 3146 
666 3540 4971 1496 
667 3890 5008 1010 
668 1758 4820 3206 
669 3898 4596 4489 
670 3206 4567 1758 
671 3101 5140 4564 
672 4721 4775 1962 
673 2616 3945 3172 
674 3972 5176 3973 
675 3720 4564 3719 
676 3702 5099 4348 
677 177 3427 261 
678 141 3450 140 
679 3801 4204 1232 
680 284 4814 3156 
681 3544 4814 2974 
682 3786 4552 2160 
683 2480 3617 3278 
684 1721 4719 1447 
685 2706 4494 4291 
686 626 3505 638 
687 3760 4775 4721 
688 3711 4351 535 
689 1574 3717 3155 
690 2774 3411 3410 
691 3436 5050 300 
692 3191 4780 304 
693 3317 3318 2721 
694 3294 4848 4759 
695 2413 3225 3160 
696 3134 4342 4190 
697 3174 4460 325 
698 4238 4831 4648 
699 2636 3934 3695 
700 3709 4351 3711 
701 3590 4546 3121 
702 67 3426 237 
703 3440 3719 2499 
704 4011 4188 2965 
705 2785 3466 3464 
706 2361 3728 1927 
707 3343 3401 339 
708 4936 4961 1469 
709 2514 4920 4757 
710 1152 3671 3157 
711 2915 4149 3154 
712 4879 5100 3109 
713 306 3408 3238 
714 5028 5155 3052 
715 3440 3717 904 
716 269 5356 3311 
717 3372 5194 970 
718 351 5113 3208 
719 319 5044 3040 
720 3391 4472 3468 
721 32 3612 343 
722 3082 4988 3476 
723 1308 3946 3172 
724 3764 5147 4717 
725 1240 3694 1241 
726 3039 5220 4015 
727 4190 4342 1439 
728 1936 3545 1721 
729 352 3588 3501 
730 1428 3674 3199 
731 3417 4961 4936 
732 3207 3420 1310 
733 687 3662 684 
734 4636 5025 1755 
735 1551 4405 3843 
736 4759 4848 1672 
737 1598 5254 3457 
738 3271 4446 3518 
739 3278 3617 2601 
740 334 4570 3196 
741 2169 3466 2785 
742 1310 3288 3207 
743 1014 3505 2017 
744 3415 3896 460 
745 3199 3673 1428 
746 4516 4685 3518 
747 3445 5134 341 
748 3015 3310 3308 
749 3645 3651 3646 
750 2502 4847 4050 
751 3222 3274 878 
752 3465 5049 2785 
753 1001 4420 3365 
754 5017 5398 3310 
755 1583 3662 3634 
756 3251 3795 3794 
757 3170 3873 2579 
758 730 4152 3760 
759 2125 3600 2123 
760 325 4940 3174 
761 970 5245 3372 
762 3795 3806 3794 
763 2346 4578 3194 
764 3123 4964 2280 
765 2674 4462 3999 
766 3154 4200 2915 
767 3788 4767 3668 
768 3253 3444 2707 
769 3764 4678 3763 
770 4746 5105 2951 
771 25 5061 24 
772 232 5429 315 
773 3661 4151 1583 
774 1426 4925 3342 
775 3043 4873 4788 
776 1994 3488 3298 
777 3310 5398 3311 
778 3360 4517 1733 
779 1473 5062 3476 
780 4628 4639 3014 
781 137 4300 136 
782 3764 4717 4678 
783 3244 3716 1670 
784 3244 4237 3759 
785 4423 5029 4743 
786 63 4288 62 
787 3410 3576 2774 
788 27 4299 26 
789 3759 4237 730 
790 3385 4574 3591 
791 3311 4790 269 
792 3843 5388 1551 
793 3514 4384 2313 
794 3645 4655 3651 
795 1928 3369 3367 
796 4246 5035 303 
797 2768 3410 3261 
798 1905 3444 3253 
799 3060 4159 2385 
800 3213 4885 362 
801 3612 5270 3347 
802 3623 5181 3766 
803 2640 4979 3265 
804 2390 3946 3809 
805 4098 5258 4736 
806 3327 5424 4907 
807 4489 4682 3898 
808 3223 3997 3562 
809 3299 5138 3969 
810 4757 4920 3568 
811 3094 5280 3178 
812 3890 4931 1679 
813 2707 3444 3112 
814 2658 4846 4843 
815 3095 5280 3094 
816 3128 4735 3129 
817 648 4658 745 
818 31 3449 30 
819 3342 5000 1426 
820 3721 5070 3722 
821 936 4901 4506 
822 2753 4419 4289 
823 3735 3736 1163 
824 3143 5107 2363 
825 380 4048 382 
826 4661 4714 2953 
827 751 3681 834 
828 3518 4685 3519 
829 83 285 82 
830 193 286 192 
831 3591 4574 774 
832 4693 4805 277 
833 364 4779 131 
834 1038 4639 4628 
835 74 339 73 
836 184 340 183 
837 2024 3362 3361 
838 232 3259 3113 
839 3040 4346 319 
840 3271 3518 2375 
841 375 376 300 
842 3635 4532 3216 
843 3547 3548 659 
844 3554 4539 2888 
845 4563 5087 2926 
846 3022 5382 3269 
847 1163 3737 3735 
848 3285 3573 3257 
849 3802 4929 4857 
850 1188 3290 3289 
851 3197 5318 1756 
852 1723 4559 1750 
853 2405 3547 661 
854 931 5153 4826 
855 2972 4913 3452 
856 2239 3160 2240 
857 1616 4518 3926 
858 3344 3401 3343 
859 2647 5369 3191 
860 926 4928 4884 
861 2206 4339 302 
862 4906 5393 366 
863 3669 5171 3670 
864 3187 5307 1663 
865 4291 4892 2706 
866 2280 4882 3123 
867 3594 5066 4860 
868 4743 5029 4277 
869 2024 3363 3362 
870 3781 4330 4317 
871 1663 4573 3187 
872 4857 4929 3147 
873 4098 4736 2875 
874 635 3396 631 
875 225 4734 4230 
876 3155 3717 3440 
877 3287 5007 4946 
878 2093 3534 2131 
879 3015 5017 3310 
880 1443 3519 1107 
881 1750 4559 3393 
882 3286 5007 3287 
883 2525 4374 4373 
884 3246 5369 2647 
885 2991 3894 3320 
886 3861 4507 1520 
887 2754 4451 3171 
888 1894 3431 783 
889 1164 4147 3202 
890 2440 3926 2441 
891 3225 3670 1438 
892 3243 5127 5075 
893 4385 4669 1718 
894 1733 4517 1403 
895 3089 4959 245 
896 2017 3505 3177 
897 59 3445 58 
898 283 5270 3612 
899 3195 3948 1357 
900 685 3662 1583 
901 3320 3894 1749 
902 918 5070 4818 
903 4210 5016 2653 
904 2912 4666 4561 
905 3568 4815 4757 
906 4959 5293 2600 
907 2999 3393 3306 
908 1736 5086 4334 
909 339 3400 73 
910 362 5317 3213 
911 314 5188 257 
912 1237 3509 3264 
913 12 2366 11 
914 4564 5140 2215 
915 2363 4447 3144 
916 3878 4690 4072 
917 4843 4846 3318 
918 3367 3529 1928 
919 3154 4149 4044 
920 2108 4688 3247 
921 3319 3439 1708 
922 5075 5127 686 
923 4044 4149 1897 
924 340 5202 5042 
925 2024 3361 1456 
926 922 3649 3648 
927 4656 4725 2719 
928 2152 3490 2311 
929 340 5042 3407 
930 2146 4831 3468 
931 2717 3865 3864 
932 3318 3805 2721 
933 1748 4815 3568 
934 878 3869 3222 
935 3632 4357 3582 
936 3660 4343 3659 
937 4555 4868 2143 
938 3416 5374 2528 
939 3545 4719 1721 
940 2918 4425 2395 
941 268 3141 186 
942 3224 4071 1582 
943 2700 3570 1907 
944 340 3406 183 
945 60 3696 235 
946 1792 4351 3709 
947 3635 4533 326 
948 3061 5234 3185 
949 4276 5230 1150 
950 3084 4159 3960 
951 2779 4919 4756 
952 3641 4727 3640 
953 3613 3614 3064 
954 2243 4767 3788 
955 4565 5411 2970 
956 3178 3396 635 
957 4561 4666 1356 
958 834 3681 3358 
959 3208 5090 351 
960 1562 4529 4313 
961 3610 5395 4343 
962 1163 3736 960 
963 363 4745 21 
964 2774 4305 3411 
965 3026 4709 3432 
966 2705 4438 3156 
967 3132 4709 3026 
968 4665 4941 4563 
969 3654 4941 4665 
970 4343 5395 3659 
971 310 4746 2951 
972 2643 3506 2642 
973 3640 4727 4637 
974 331 4734 18 
975 3243 5088 3242 
976 3737 4386 3282 
977 4334 5205 1736 
978 3266 4725 4656 
979 799 3414 2521 
980 3044 4544 3821 
981 3273 4515 4498 
982 225 4230 17 
983 1670 4237 3244 
984 3632 3866 1388 
985 1994 3297 3296 
986 2619 4701 3247 
987 2835 4916 4915 
988 798 3549 665 
989 2344 3484 3483 
990 3037 4940 3240 
991 173 4486 172 
992 1123 3509 1237 
993 3352 4745 3103 
994 300 3467 3436 
995 3015 3308 2189 
996 3111 5100 4879 
997 254 3697 139 
998 2695 4723 4713 
999 1601 3955 3349 
1000 3515 5059 1145 
1001 1107 3519 929 
1002 2317 4857 3147 
1003 2344 3486 3484 
1004 787 3573 3285 
1005 3329 4469 1684 
1006 3200 5411 4565 
1007 1038 4628 3763 
1008 1718 4669 3414 
1009 1262 3425 3421 
1010 5075 5088 3243 
1011 1792 3709 3707 
1012 3292 4855 3293 
1013 3298 3488 3301 
1014 1187 3289 1310 
1015 3269 4880 3022 
1016 5033 5083 2269 
1017 2437 3910 3150 
1018 3296 3297 2422 
1019 3544 4880 2142 
1020 3036 3304 2389 
1021 3970 5225 3497 
1022 4837 4874 4838 
1023 1516 4664 1542 
1024 4739 4786 2084 
1025 3131 3896 3415 
1026 3892 4967 2463 
1027 3574 4491 3840 
1028 4826 5153 3800 
1029 2665 4469 3329 
1030 4632 4940 4633 
1031 1163 4386 3737 
1032 381 3296 2422 
1033 3697 5023 3167 
1034 4648 4831 2780 
1035 293 5039 3240 
1036 3591 4970 1606 
1037 264 4093 181 
1038 4855 4897 3293 
1039 292 4716 3007 
1040 3166 5336 2022 
1041 2573 4485 3434 
1042 3421 3425 2620 
1043 3147 5186 2317 
1044 4697 4849 2925 
1045 3162 5134 3445 
1046 3685 5407 3195 
1047 3261 3523 2768 
1048 3171 4908 2754 
1049 2772 4622 3673 
1050 3205 4317 2341 
1051 4548 5141 2806 
1052 2902 4996 4466 
1053 2463 5129 3892 
1054 3439 4614 1858 
1055 1439 4342 3203 
1056 960 3736 962 
1057 4818 5070 3721 
1058 2705 3901 3451 
1059 2253 5171 3669 
1060 4698 4922 2694 
1061 290 5028 185 
1062 2712 4695 3393 
1063 615 3531 1855 
1064 3128 4891 4735 
1065 2936 5131 3501 
1066 1016 3273 1018 
1067 3003 4711 3610 
1068 3610 4711 332 
1069 3145 4995 1451 
1070 4376 4377 337 
1071 4043 4887 4686 
1072 2643 3507 3506 
1073 3763 4678 1038 
1074 2023 4730 3201 
1075 3905 5063 3906 
1076 1970 3485 1724 
1077 1313 3319 1708 
1078 2022 5394 3166 
1079 3730 4791 4612 
1080 3253 3602 1905 
1081 1906 3949 3444 
1082 4425 5325 2657 
1083 1292 3979 3978 
1084 2636 3695 3694 
1085 824 5331 840 
1086 4466 4994 2902 
1087 4884 4928 3119 
1088 138 4854 253 
1089 3133 4051 3765 
1090 4758 4766 3411 
1091 2749 3728 3258 
1092 2757 4426 3565 
1093 4860 5066 2524 
1094 3172 3946 2391 
1095 4418 4783 3040 
1096 3546 3547 2405 
1097 1052 3509 1123 
1098 3221 4706 3270 
1099 255 4566 142 
1100 631 3396 619 
1101 2375 3517 3271 
1102 3264 3562 1237 
1103 1512 3653 1514 
1104 3749 4227 2703 
1105 662 4708 731 
1106 3122 5166 476 
1107 3229 5003 3981 
1108 3513 3514 2313 
1109 65 3526 64 
1110 4050 4847 2791 
1111 3447 5321 3129 
1112 1836 3805 1884 
1113 266 3408 265 
1114 476 5172 3122 
1115 3229 5045 5003 
1116 3113 3259 2238 
1117 175 3552 174 
1118 3705 3723 3423 
1119 1079 4395 1040 
1120 1232 4204 3281 
1121 3157 3671 3158 
1122 1750 3355 1417 
1123 839 5145 4946 
1124 3010 5121 3635 
1125 623 3531 615 
1126 10 287 9 
1127 120 288 119 
1128 3403 3404 3402 
1129 2832 4812 3193 
1130 3188 5087 1793 
1131 1334 3700 1402 
1132 2717 4228 3865 
1133 3507 4555 3604 
1134 1606 5167 3591 
1135 3388 4769 1682 
1136 4346 5011 3688 
1137 1518 3861 1520 
1138 3604 3920 3507 
1139 3605 3920 3604 
1140 3269 5382 3268 
1141 1987 3653 1540 
1142 2311 3490 3085 
1143 2721 3805 2190 
1144 3131 4443 3896 
1145 2180 4560 2513 
1146 2786 3010 2351 
1147 1040 4827 885 
1148 4752 4753 4241 
1149 190 4371 373 
1150 3554 3556 1197 
1151 3234 4518 2782 
1152 643 3869 646 
1153 3406 3408 266 
1154 3365 5337 1001 
1155 1542 3861 1518 
1156 3175 4822 1396 
1157 3351 4066 3350 
1158 303 4630 4246 
1159 3000 4660 4014 
1160 64 5022 345 
1161 2643 4555 3507 
1162 2017 3273 1016 
1163 1456 3361 1851 
1164 3357 3432 3089 
1165 3341 3574 1887 
1166 1197 4539 3554 
1167 4614 5333 1858 
1168 221 4626 2368 
1169 279 4745 3352 
1170 2560 3766 3079 
1171 348 4804 4565 
1172 1598 5363 5254 
1173 3387 5055 969 
1174 276 4917 3260 
1175 3250 4462 2672 
1176 3562 3797 2417 
1177 1793 5020 3188 
1178 2721 4497 3317 
1179 3551 4702 2787 
1180 3950 5386 3118 
1181 1388 4357 3632 
1182 3973 4246 2709 
1183 3434 4485 2204 
1184 3201 5363 2023 
1185 1793 5087 4562 
1186 3258 3728 2361 
1187 4772 5185 4771 
1188 3240 4940 4632 
1189 663 3549 2405 
1190 3570 4555 2643 
1191 2744 4585 3675 
1192 2782 4518 4111 
1193 2564 3716 3244 
1194 3666 3725 2558 
1195 4882 5240 3123 
1196 4244 4467 1563 
1197 3359 3777 3358 
1198 4946 5145 3287 
1199 4438 5376 3156 
1200 3671 3952 3158 
1201 3948 4710 2599 
1202 277 4782 4693 
1203 3451 4438 2705 
1204 2525 4543 4374 
1205 3121 5296 3590 
1206 3511 3513 2313 
1207 2676 3910 2435 
1208 517 4305 625 
1209 3330 3812 1548 
1210 4634 5119 4532 
1211 2198 3422 2195 
1212 4498 4515 1580 
1213 451 4349 453 
1214 1851 3361 3315 
1215 3616 5182 1596 
1216 3809 4306 2390 
1217 1572 4582 4227 
1218 4697 4964 4849 
1219 3239 5389 1402 
1220 375 377 376 
1221 731 4708 3230 
1222 3124 5151 5146 
1223 3570 4868 4555 
1224 3120 5083 5033 
1225 4686 4887 1780 
1226 1012 5324 3226 
1227 3351 4721 1962 
1228 324 4796 4747 
1229 783 3431 881 
1230 3037 5125 4940 
1231 3247 4701 2108 
1232 256 4154 4153 
1233 2782 4506 3234 
1234 226 3656 20 
1235 4999 5092 4513 
1236 4014 4660 1831 
1237 2712 3393 2999 
1238 3684 5393 4525 
1239 3866 4362 1388 
1240 3226 5352 1012 
1241 17 4230 307 
1242 745 3681 751 
1243 3864 3955 2717 
1244 2384 3348 2201 
1245 4506 4901 3234 
1246 3193 4883 2832 
1247 628 4858 621 
1248 3906 5063 4571 
1249 234 3249 281 
1250 2563 3683 3392 
1251 1927 3728 2180 
1252 2583 4657 3395 
1253 5146 5151 499 
1254 4981 4993 3756 
1255 372 5014 3025 
1256 893 4766 4758 
1257 3240 4632 293 
1258 3314 4861 2668 
1259 4543 4663 4374 
1260 3595 4126 1969 
1261 3304 4336 3305 
1262 80 4375 374 
1263 4244 4737 3145 
1264 3649 4403 3648 
1265 3867 4952 2388 
1266 1807 3650 2232 
1267 1947 4462 3250 
1268 745 4658 3681 
1269 2580 3723 3270 
1270 4246 4630 3398 
1271 3765 4051 1162 
1272 3137 4979 4529 
1273 2875 4742 3506 
1274 2803 4993 4981 
1275 5074 5115 2318 
1276 1887 3546 3341 
1277 3315 3553 1851 
1278 3549 5370 3338 
1279 3949 5260 3444 
1280 3707 4259 1792 
1281 4391 4743 4276 
1282 4976 5103 1925 
1283 2685 3861 3860 
1284 836 3414 799 
1285 1894 4755 3431 
1286 3169 5106 4016 
1287 2752 4410 1906 
1288 3559 5246 5038 
1289 5098 5106 3169 
1290 1327 4066 3858 
1291 3526 5022 64 
1292 4693 4806 361 
1293 4299 5424 5053 
1294 3695 3934 2788 
1295 4289 4419 2789 
1296 3472 4896 4730 
1297 1962 4684 3351 
1298 135 4565 134 
1299 3133 3766 2560 
1300 2524 5328 4860 
1301 2153 3466 2169 
1302 3927 4581 1446 
1303 3400 3792 242 
1304 4455 5167 1606 
1305 2232 5240 4882 
1306 1173 3399 1007 
1307 3270 4706 2367 
1308 3999 4137 2674 
1309 4317 4330 2341 
1310 3776 3777 3359 
1311 357 3970 3497 
1312 1445 3517 2375 
1313 1451 5163 3145 
1314 326 4533 201 
1315 3401 3403 3402 
1316 1396 5200 3175 
1317 3285 3787 787 
1318 4099 4150 2522 
1319 4736 4742 2875 
1320 1531 4507 3284 
1321 3673 4622 1428 
1322 3821 5415 3044 
1323 2388 4992 3867 
1324 2555 3683 2563 
1325 3556 4023 1197 
1326 4484 5363 1598 
1327 981 3602 3441 
1328 3583 5287 4123 
1329 1406 3469 1294 
1330 3305 4973 3307 
1331 3916 4452 2575 
1332 1700 3517 1445 
1333 3565 4426 695 
1334 312 3318 3317 
1335 4607 5016 4210 
1336 1074 4577 3233 
1337 3281 3713 1232 
1338 3789 4325 3744 
1339 3736 4025 962 
1340 1596 5362 3616 
1341 3521 4259 3707 
1342 3053 5198 3283 
1343 305 5371 4297 
1344 3428 4477 1580 
1345 1422 4048 380 
1346 2590 4583 3221 
1347 3229 4987 1010 
1348 2205 2206 302 
1349 5064 5414 4493 
1350 3141 3905 186 
1351 5198 5211 3283 
1352 2596 4768 4629 
1353 2719 4514 3473 
1354 4297 4442 305 
1355 3728 4560 2180 
1356 1809 3650 1807 
1357 4420 4464 2829 
1358 2739 4753 4752 
1359 3865 4228 1577 
1360 969 5190 3387 
1361 2954 2955 311 
1362 3328 5011 4346 
1363 2351 3214 1882 
1364 4860 5328 3279 
1365 2752 3739 3738 
1366 1261 3420 2031 
1367 3265 4979 2436 
1368 3047 4892 4291 
1369 3238 3408 2634 
1370 3422 3705 3423 
1371 298 4300 137 
1372 3550 5122 3055 
1373 5074 5220 3235 
1374 172 4486 296 
1375 361 4805 4693 
1376 2350 2351 1882 
1377 62 4288 295 
1378 3298 3299 3297 
1379 2877 4393 2445 
1380 4999 5071 2948 
1381 3055 5124 3550 
1382 2999 5024 4588 
1383 2912 4362 3866 
1384 3235 5115 5074 
1385 1906 4410 3949 
1386 297 4299 27 
1387 4612 4791 2025 
1388 4061 4662 4553 
1389 1145 5168 3515 
1390 3096 4764 4442 
1391 3546 4613 3547 
1392 1522 4507 1531 
1393 2066 5284 3459 
1394 3413 4425 2918 
1395 2328 4694 3252 
1396 705 4152 707 
1397 453 4349 3454 
1398 3096 4442 4297 
1399 3340 3549 3338 
1400 3514 4671 2443 
1401 2366 2368 2367 
1402 3295 4047 1422 
1403 2567 3955 2565 
1404 2024 3529 3363 
1405 3687 4777 4466 
1406 3196 5238 334 
1407 3749 4552 3750 
1408 370 2835 329 
1409 2323 4514 2719 
1410 4101 4951 2992 
1411 3490 5354 3085 
1412 1001 4464 4420 
1413 3052 5202 5028 
1414 2108 5253 4688 
1415 3237 5103 4976 
1416 1352 4323 1280 
1417 1129 5036 3435 
1418 376 3467 300 
1419 3100 4921 3625 
1420 1887 4613 3546 
1421 2265 4339 2206 
1422 3092 4150 3460 
1423 3596 5158 3085 
1424 4072 4690 1886 
1425 473 4092 475 
1426 2793 4151 3661 
1427 145 3503 354 
1428 3235 5220 3039 
1429 4813 4887 3184 
1430 3660 5104 2784 
1431 35 3502 353 
1432 5033 5296 3120 
1433 2189 3308 1856 
1434 3010 3011 2351 
1435 2900 4720 4704 
1436 2175 4343 3660 
1437 3807 4306 3809 
1438 1415 4652 1928 
1439 2948 5071 2947 
1440 3994 4171 1548 
1441 1580 4477 1025 
1442 3777 3778 834 
1443 3295 4556 3303 
1444 2252 4689 4550 
1445 2916 3907 3889 
1446 4339 5206 302 
1447 1903 5197 5139 
1448 3223 3562 2417 
1449 3586 4649 3587 
1450 3238 4723 306 
1451 3453 4786 4739 
1452 3492 4338 2271 
1453 453 3454 456 
1454 3435 5102 1129 
1455 1682 4957 3388 
1456 5287 5301 4123 
1457 3897 4724 4596 
1458 3298 3300 3299 
1459 3590 5296 3589 
1460 5038 5246 3711 
1461 3587 4649 2399 
1462 3478 3479 350 
1463 883 3472 828 
1464 1168 4071 1106 
1465 719 3620 1683 
1466 2375 3519 1443 
1467 1659 4675 4553 
1468 2796 4126 3595 
1469 1548 4171 3330 
1470 4289 5249 2753 
1471 3515 3841 3126 
1472 4586 4621 2781 
1473 3222 3926 2440 
1474 2344 3485 1970 
1475 3230 5358 731 
1476 1683 4935 4579 
1477 4737 4995 3145 
1478 3647 3650 1809 
1479 977 3602 978 
1480 2183 2184 1916 
1481 1750 4695 3355 
1482 3359 4195 3776 
1483 168 3446 342 
1484 2319 5199 4980 
1485 5277 5393 4906 
1486 1005 3677 3675 
1487 265 3408 306 
1488 4532 4635 4634 
1489 3472 4730 3471 
1490 3169 5215 5098 
1491 5098 5215 423 
1492 188 373 187 
1493 78 374 77 
1494 1294 3469 1199 
1495 313 5185 233 
1496 3264 3797 3562 
1497 3297 3302 2422 
1498 4709 5293 4959 
1499 3945 4215 3944 
1500 3363 3529 3367 
1501 3310 3311 3309 
1502 2756 3486 2342 
1503 3397 3811 1503 
1504 757 3943 1159 
1505 3392 3716 2563 
1506 1417 3355 1335 
1507 3692 4256 3802 
1508 3972 3973 2709 
1509 3871 4861 3314 
1510 318 5321 3446 
1511 1749 4136 3320 
1512 3365 4420 3316 
1513 2950 3526 65 
1514 3535 5236 2631 
1515 3341 4491 3574 
1516 1434 3533 1051 
1517 383 3296 381 
1518 3648 4403 3650 
1519 1310 3420 1261 
1520 282 4308 3958 
1521 4584 4862 4047 
1522 3441 4412 981 
1523 1067 3454 3416 
1524 3036 4336 3304 
1525 3252 4751 2328 
1526 2647 3191 3190 
1527 3458 4599 2283 
1528 5067 5077 3097 
1529 962 4025 964 
1530 4746 4934 3081 
1531 3395 5372 2583 
1532 2256 3246 2647 
1533 1573 3936 3608 
1534 2392 3496 3495 
1535 1051 3533 999 
1536 2195 3422 2194 
1537 3432 5366 3026 
1538 3735 4871 3734 
1539 5298 5334 4617 
1540 4577 4760 4021 
1541 5058 5221 2873 
1542 1542 4664 3262 
1543 1310 3289 3288 
1544 1255 3980 3912 
1545 3494 4338 3492 
1546 3345 5349 1830 
1547 3097 5077 3098 
1548 2752 3817 3739 
1549 2992 5262 4101 
1550 1946 3490 2152 
1551 234 5068 3249 
1552 1973 4215 3945 
1553 351 3500 54 
1554 3964 5076 5001 
1555 2365 3456 3142 
1556 250 3657 130 
1557 1731 5096 3412 
1558 3125 5332 3510 
1559 3206 4820 1421 
1560 3337 4171 3994 
1561 3558 4023 3556 
1562 247 3478 350 
1563 223 3477 349 
1564 2768 3523 2767 
1565 3476 4257 2360 
1566 3421 4057 1262 
1567 3120 5296 3121 
1568 2436 5189 3265 
1569 1548 3812 1499 
1570 3308 3309 2092 
1571 2131 2631 2256 
1572 297 5424 4299 
1573 2951 3552 175 
1574 5120 5191 2854 
1575 1162 4726 3636 
1576 904 3718 3440 
1577 3344 3403 3401 
1578 4972 5081 4090 
1579 5139 5197 3630 
1580 2703 4552 3749 
1581 339 3401 3400 
1582 4245 4674 2933 
1583 1503 3812 3397 
1584 3802 4256 1256 
1585 1280 4323 1171 
1586 1858 2224 2096 
1587 3702 4017 3985 
1588 4313 4529 2640 
1589 1544 4187 4136 
1590 2597 3948 2599 
1591 3293 4897 4070 
1592 2396 4725 3266 
1593 2553 3683 2555 
1594 4565 4804 3200 
1595 1708 1858 1747 
1596 3620 3621 1683 
1597 3280 5221 5058 
1598 281 2971 56 
1599 33 2972 283 
1600 143 2973 284 
1601 798 5370 3549 
1602 4589 4856 3722 
1603 1333 1334 1307 
1604 3471 4180 1006 
1605 3831 4137 3999 
1606 5067 5118 2884 
1607 2912 4561 4362 
1608 2078 4640 4434 
1609 3435 4844 3434 
1610 2731 4958 4156 
1611 2625 3470 3051 
1612 3816 5216 3710 
1613 2718 3174 2354 
1614 2717 3955 1601 
1615 3245 5218 1680 
1616 1779 3918 3462 
1617 3425 4621 4586 
1618 3011 3635 3216 
1619 4048 4258 382 
1620 3706 4222 2722 
1621 1069 1072 1070 
1622 4497 4779 364 
1623 883 4896 3472 
1624 4704 4720 2680 
1625 2691 3461 3163 
1626 2573 3857 2426 
1627 3562 3997 1237 
1628 2529 3453 3452 
1629 3239 3700 2347 
1630 301 2754 2210 
1631 3262 3461 2691 
1632 4261 4572 1766 
1633 3308 3310 3309 
1634 3587 4325 3789 
1635 348 4565 135 
1636 2389 3304 2053 
1637 3241 5368 3566 
1638 4713 4723 3238 
1639 3337 3994 3791 
1640 2631 3246 2256 
1641 3393 4695 1750 
1642 2750 4436 4223 
1643 1072 1249 1169 
1644 2268 4508 3589 
1645 3412 5177 1731 
1646 4114 4922 4698 
1647 2169 2785 2380 
1648 2533 3489 3181 
1649 4136 4187 3320 
1650 998 999 935 
1651 2658 4843 3200 
1652 2347 3700 1916 
1653 4835 4942 902 
1654 4596 4724 1774 
1655 3601 4500 2881 
1656 3199 4774 3198 
1657 1844 1856 1796 
1658 568 3674 618 
1659 3952 4625 3158 
1660 646 3869 878 
1661 2453 4689 2252 
1662 2787 4702 4174 
1663 2240 3160 3115 
1664 2202 2591 2590 
1665 2201 2202 2200 
1666 1421 5034 3206 
1667 3063 5315 3420 
1668 3675 4585 1005 
1669 848 3651 850 
1670 283 3612 231 
1671 1899 4255 4137 
1672 181 4093 336 
1673 1478 4472 3391 
1674 3111 4879 74 
1675 2199 2200 2198 
1676 922 3651 848 
1677 2259 4662 4061 
1678 340 3407 3406 
1679 3523 3746 2767 
1680 3485 4261 1724 
1681 3010 3635 3011 
1682 5072 5148 2849 
1683 3049 4124 3508 
1684 64 345 63 
1685 174 346 173 
1686 1616 3869 643 
1687 2184 2354 2347 
1688 3085 5354 3596 
1689 2198 3705 3422 
1690 2563 3716 2564 
1691 2426 3857 3136 
1692 2200 3705 2198 
1693 26 347 25 
1694 136 348 135 
1695 3459 5284 3460 
1696 1050 1051 999 
1697 891 3471 1006 
1698 3807 3808 1041 
1699 3469 5354 3490 
1700 1005 4103 3677 
1701 2203 3705 2200 
1702 3958 5348 282 
1703 327 3070 3069 
1704 3216 4532 3474 
1705 4037 5191 5120 
1706 1856 3308 2092 
1707 1043 1069 1068 
1708 4989 5005 3540 
1709 3011 3216 3215 
1710 1573 3608 3607 
1711 2311 2314 2155 
1712 3926 4518 2441 
1713 2649 2709 2648 
1714 2199 2201 2200 
1715 2460 3632 3582 
1716 281 3043 2971 
1717 3237 4976 1834 
1718 2342 3486 2344 
1719 1249 3319 1313 
1720 3752 4501 4446 
1721 1356 4666 3294 
1722 1844 2189 1856 
1723 3548 4613 1479 
1724 2712 2998 2710 
1725 3418 3419 1152 
1726 1313 1708 1706 
1727 3263 5335 604 
1728 2283 4599 1909 
1729 955 4998 3389 
1730 4807 5317 362 
1731 2124 3511 2313 
1732 1175 4382 1060 
1733 4057 4448 1569 
1734 1149 1151 1051 
1735 2350 2786 2351 
1736 4223 4436 3930 
1737 314 5131 3254 
1738 4984 5184 1632 
1739 939 1043 1042 
1740 3034 3346 2486 
1741 3126 5059 3515 
1742 3590 3959 1944 
1743 1180 4977 1078 
1744 1666 4090 4089 
1745 456 3454 1067 
1746 1267 1268 1151 
1747 3314 5242 3871 
1748 3540 5005 3539 
1749 4156 5237 2731 
1750 3304 3305 2116 
1751 2972 3452 283 
1752 3710 5246 3816 
1753 2197 2199 2198 
1754 761 3531 623 
1755 4466 4777 3680 
1756 2315 2648 2314 
1757 787 3787 3592 
1758 1385 1386 1268 
1759 3925 4393 2877 
1760 2625 3015 2189 
1761 3523 3536 1468 
1762 2775 3758 3668 
1763 2272 2273 2271 
1764 3282 4386 3713 
1765 3040 4783 4346 
1766 4070 5290 3293 
1767 1544 4013 3443 
1768 1306 1307 1173 
1769 3178 5280 2727 
1770 2779 4581 3927 
1771 1743 4396 3791 
1772 3313 5116 3314 
1773 2973 2974 284 
1774 3398 3463 2666 
1775 768 3572 766 
1776 4916 5010 3543 
1777 3231 4716 3001 
1778 2184 3455 2718 
1779 1292 4512 3979 
1780 1571 1844 1796 
1781 2625 3051 3015 
1782 2026 3575 2799 
1783 3176 4515 3273 
1784 1809 3652 3647 
1785 1664 1994 1440 
1786 4336 4973 3305 
1787 3702 3985 3701 
1788 1914 1916 1567 
1789 3558 4445 4023 
1790 2223 4500 3601 
1791 4227 4582 2703 
1792 2184 2718 2354 
1793 4395 4827 1040 
1794 2053 2116 1860 
1795 2575 4393 3916 
1796 618 3674 1428 
1797 1563 4737 4244 
1798 880 4625 3952 
1799 2575 4668 2030 
1800 5203 5390 1589 
1801 377 378 376 
1802 2934 4900 4792 
1803 3035 3036 2389 
1804 310 4934 4746 
1805 2152 2155 2153 
1806 2208 2238 2207 
1807 3096 4927 4764 
1808 3346 3612 3347 
1809 3291 4766 893 
1810 4853 4905 4832 
1811 3738 4410 2752 
1812 2270 2271 2267 
1813 3873 4390 2579 
1814 2930 4377 4376 
1815 3729 3730 1624 
1816 1010 5045 3229 
1817 4748 4821 4294 
1818 912 3998 910 
1819 3283 5211 1955 
1820 2184 2347 1916 
1821 1422 4556 3295 
1822 2329 5052 3220 
1823 3980 4071 3224 
1824 1043 3430 1411 
1825 3363 3364 3362 
1826 2092 3534 2093 
1827 981 4412 982 
1828 4340 5346 3481 
1829 2275 2392 2273 
1830 1302 1303 1249 
1831 1722 3572 768 
1832 4712 5183 3153 
1833 4446 4501 928 
1834 1615 5180 4034 
1835 1474 4222 3706 
1836 2399 4325 3587 
1837 1453 3571 1901 
1838 2197 2198 2195 
1839 2053 3304 2116 
1840 4980 5199 3220 
1841 2522 4150 3092 
1842 278 4647 3267 
1843 798 5271 3996 
1844 3677 4103 3679 
1845 3208 5113 4788 
1846 4089 4091 1666 
1847 3216 4531 3215 
1848 3441 3602 3253 
1849 3518 3519 2375 
1850 3748 4227 3749 
1851 2314 3398 2666 
1852 1455 3571 1453 
1853 694 4151 699 
1854 305 3792 3405 
1855 3407 5042 2795 
1856 5001 5076 2870 
1857 933 935 836 
1858 2368 4626 2580 
1859 3305 3307 3306 
1860 1830 5350 3345 
1861 3282 3713 3281 
1862 1708 3439 1858 
1863 1905 3602 977 
1864 2128 2195 2194 
1865 3665 4426 3481 
1866 1151 3561 1434 
1867 5116 5242 3314 
1868 4864 5252 3500 
1869 2194 3422 3012 
1870 874 3717 830 
1871 3535 4795 360 
1872 2553 3753 3683 
1873 2270 2272 2271 
1874 318 3446 169 
1875 1779 4150 4099 
1876 3184 4887 4886 
1877 4009 5019 1661 
1878 3666 4547 3725 
1879 1622 5112 2056 
1880 2552 3753 2553 
1881 2793 4347 1959 
1882 3349 3955 2567 
1883 1340 4059 3746 
1884 2155 3466 2153 
1885 4034 5226 1615 
1886 3343 4879 3109 
1887 2741 3553 3315 
1888 4481 4790 3311 
1889 2152 2311 2155 
1890 2888 4539 3912 
1891 3739 3817 968 
1892 3423 5227 5133 
1893 1064 1199 1154 
1894 3730 3731 1624 
1895 1723 1750 1417 
1896 782 4092 473 
1897 515 4305 517 
1898 3840 4491 1743 
1899 625 4305 2774 
1900 1980 3517 1700 
1901 3040 5044 3034 
1902 3520 4459 3521 
1903 2649 2710 2709 
1904 352 3501 164 
1905 1255 4071 3980 
1906 3521 4459 4259 
1907 3128 3129 2444 
1908 3001 5360 3231 
1909 792 4080 3918 
1910 1006 1064 1044 
1911 3402 3792 3400 
1912 3078 5276 2688 
1913 1689 4152 705 
1914 3006 5330 3005 
1915 4009 5030 5019 
1916 3706 4546 1944 
1917 244 4966 76 
1918 234 281 56 
1919 258 282 166 
1920 33 283 231 
1921 143 284 255 
1922 604 5326 3263 
1923 284 4566 255 
1924 3661 4347 2793 
1925 1856 2092 1857 
1926 1164 4521 4147 
1927 1334 1402 1401 
1928 4047 4862 4048 
1929 55 351 54 
1930 165 352 164 
1931 35 353 34 
1932 145 354 144 
1933 3136 5414 5064 
1934 1235 3820 1398 
1935 3483 3485 2344 
1936 3220 5052 4980 
1937 650 3943 757 
1938 1293 1294 1199 
1939 3918 4080 3462 
1940 4748 4773 2867 
1941 1956 3576 2768 
1942 2504 4910 4744 
1943 3791 4396 3337 
1944 2969 4608 228 
1945 1386 1733 1403 
1946 3580 3725 3724 
1947 3245 4943 1733 
1948 2460 3582 2014 
1949 3248 4953 1754 
1950 1159 3943 3699 
1951 1172 1173 1007 
1952 281 3249 3044 
1953 3312 5356 3535 
1954 3050 5184 4984 
1955 3474 4531 3216 
1956 881 939 937 
1957 2759 4794 2758 
1958 1743 4491 4396 
1959 1420 3529 1454 
1960 2066 5259 3597 
1961 3578 3579 3577 
1962 2311 2315 2314 
1963 3389 5327 955 
1964 1931 3527 838 
1965 939 3430 1043 
1966 3494 4339 4338 
1967 3577 3579 1227 
1968 1402 3575 2026 
1969 3541 3542 2406 
1970 1267 1385 1268 
1971 1928 3529 1420 
1972 2392 3495 3493 
1973 3597 5284 2066 
1974 1149 1267 1151 
1975 2359 5063 4131 
1976 3516 4470 2061 
1977 978 3602 981 
1978 803 4082 825 
1979 3175 3761 2511 
1980 969 5055 3388 
1981 475 4092 1666 
1982 3242 5088 1011 
1983 809 3482 883 
1984 3097 5118 5067 
1985 1223 3577 1227 
1986 1858 2096 1747 
1987 1333 1567 1334 
1988 4036 5148 5072 
1989 1946 2152 2151 
1990 350 4425 3413 
1991 1050 1149 1051 
1992 2264 2266 2265 
1993 3485 4572 4261 
1994 1438 5285 3225 
1995 1162 3636 758 
1996 2264 2265 2206 
1997 1199 3469 1281 
1998 2470 3819 3551 
1999 2224 3541 2096 
2000 878 4658 648 
2001 3701 3985 1585 
2002 767 768 766 
2003 3435 5036 4844 
2004 1839 4811 3488 
2005 524 3609 823 
2006 2948 5092 4999 
2007 772 773 768 
2008 1582 4071 1168 
2009 823 3609 3279 
2010 1043 1411 1069 
2011 3641 4752 903 
2012 3462 4150 1779 
2013 1303 3319 1249 
2014 1577 3846 3524 
2015 3198 4774 4667 
2016 3600 4778 3006 
2017 5192 5291 3891 
2018 3383 3385 3384 
2019 3576 3758 2773 
2020 4629 4768 3595 
2021 788 789 773 
2022 2349 3654 821 
2023 843 3853 822 
2024 454 4349 451 
2025 3327 3328 3326 
2026 1335 3355 1406 
2027 3587 3789 2147 
2028 1955 5219 3283 
2029 3589 4508 3256 
2030 1956 3758 3576 
2031 2867 4773 2866 
2032 3453 4739 3347 
2033 2741 3598 3553 
2034 2412 3153 3152 
2035 3405 5371 305 
2036 2430 3921 3622 
2037 1733 5218 3245 
2038 804 805 789 
2039 1571 1796 1795 
2040 4147 4521 2899 
2041 3693 3832 3692 
2042 2126 2128 2127 
2043 3443 4187 1544 
2044 3175 3762 3761 
2045 998 1050 999 
2046 2631 5236 3246 
2047 1113 3693 1112 
2048 4526 5393 5277 
2049 1334 1401 1307 
2050 2167 2805 2804 
2051 3388 4957 969 
2052 3241 5421 5368 
2053 3181 4898 3183 
2054 1381 5418 3390 
2055 3321 4824 347 
2056 3126 3841 2306 
2057 3778 4082 803 
2058 3233 4577 4021 
2059 1808 4322 1811 
2060 3531 5069 1855 
2061 73 3400 242 
2062 3451 4909 320 
2063 3726 4382 1175 
2064 1499 3812 1503 
2065 2698 4529 1562 
2066 282 3054 166 
2067 2085 3839 1867 
2068 1249 1313 1169 
2069 3547 4613 3548 
2070 2122 3511 2124 
2071 1335 1406 1294 
2072 1931 3528 3527 
2073 2196 2197 2195 
2074 2315 2649 2648 
2075 69 3613 239 
2076 3912 4539 1255 
2077 3829 3831 2173 
2078 2565 3955 3864 
2079 3734 4871 4740 
2080 891 1006 925 
2081 2096 3541 2406 
2082 2430 3622 3621 
2083 1567 3700 1334 
2084 1708 1747 1706 
2085 3551 3818 2470 
2086 3294 4759 1356 
2087 2745 4723 2695 
2088 2167 3395 2805 
2089 2799 3457 3456 
2090 356 3436 3302 
2091 3422 3423 3012 
2092 1072 1169 1070 
2093 2745 4763 4723 
2094 1340 3746 1342 
2095 136 4300 348 
2096 1466 3714 3193 
2097 4103 4248 3679 
2098 1914 2183 1916 
2099 345 4288 63 
2100 1062 3820 1235 
2101 3273 4498 1018 
2102 3996 5370 798 
2103 1560 3573 512 
2104 1386 1403 1387 
2105 732 733 724 
2106 3037 3240 3035 
2107 3383 3384 3382 
2108 1072 1302 1249 
2109 3832 4256 3692 
2110 881 3431 939 
2111 1899 4137 3830 
2112 1447 4719 2000 
2113 5014 5293 3132 
2114 2188 4390 3873 
2115 763 764 761 
2116 2059 4892 3047 
2117 1660 4217 3754 
2118 3607 3954 1573 
2119 2773 3758 2775 
2120 2685 4507 3861 
2121 2511 4262 2509 
2122 2124 2126 2125 
2123 1088 4098 1090 
2124 1221 3724 1219 
2125 765 766 764 
2126 787 3592 498 
2127 26 4299 347 
2128 3461 3653 1987 
2129 781 3778 803 
2130 2128 2194 2127 
2131 126 3413 125 
2132 3325 3327 3326 
2133 2211 2384 2201 
2134 343 3612 3346 
2135 1866 1867 1865 
2136 1096 3605 1098 
2137 4756 4919 2610 
2138 2648 3398 2314 
2139 1732 4197 4013 
2140 2026 2799 2309 
2141 2266 2267 2265 
2142 3900 3903 1938 
2143 2648 4246 3398 
2144 1336 1417 1335 
2145 2740 3641 3638 
2146 2710 3972 2709 
2147 2784 4932 3660 
2148 3414 4669 2521 
2149 1295 1335 1294 
2150 834 3778 781 
2151 4011 5034 1421 
2152 2202 2590 2203 
2153 179 3615 263 
2154 3838 4285 3919 
2155 740 741 733 
2156 2126 2127 2125 
2157 2504 4744 3672 
2158 1303 3525 3319 
2159 1064 1293 1199 
2160 3536 3862 1468 
2161 3433 4486 346 
2162 3524 3865 1577 
2163 1219 3724 1695 
2164 1403 1571 1570 
2165 2531 3489 2533 
2166 752 753 741 
2167 2205 2263 2206 
2168 2354 3009 2347 
2169 721 3620 719 
2170 3741 5251 3116 
2171 54 3500 53 
2172 2430 3621 3620 
2173 690 3567 692 
2174 1069 1070 1068 
2175 1411 4267 1069 
2176 1011 5114 3242 
2177 2413 3669 3225 
2178 2314 2666 2155 
2179 2061 4470 2062 
2180 3381 3383 3382 
2181 316 5304 3209 
2182 439 3748 1617 
2183 3625 5275 3100 
2184 2807 4314 3811 
2185 707 4152 730 
2186 3025 3132 3026 
2187 723 724 721 
2188 2369 2625 2189 
2189 3819 4398 4264 
2190 3633 5390 5203 
2191 3381 3382 3380 
2192 2658 3200 3016 
2193 2201 3348 2202 
2194 2398 3162 3118 
2195 4137 4255 2674 
2196 3392 4249 3716 
2197 3820 4398 3819 
2198 4731 4768 4214 
2199 183 3406 266 
2200 3362 3365 3316 
2201 17 307 224 
2202 127 308 248 
2203 3391 3468 3385 
2204 1077 3773 3771 
2205 1096 3920 3605 
2206 1597 1723 1417 
2207 602 3715 1671 
2208 2439 5101 2438 
2209 935 3414 836 
2210 3553 3598 2769 
2211 1583 4151 694 
2212 2970 5411 312 
2213 3208 4788 2828 
2214 3919 4285 927 
2215 4907 5424 297 
2216 3564 4080 792 
2217 3470 5119 294 
2218 3247 4688 3601 
2219 2445 4393 2575 
2220 2348 2687 2235 
2221 3481 4426 2757 
2222 838 3527 805 
2223 1944 3959 1942 
2224 2426 3135 2384 
2225 792 3923 3564 
2226 3496 3497 3495 
2227 872 3471 891 
2228 3889 3907 3887 
2229 2422 3467 379 
2230 752 778 753 
2231 1306 1333 1307 
2232 1815 3642 2101 
2233 15 3232 291 
2234 3639 3643 3642 
2235 3698 3954 3607 
2236 828 3472 872 
2237 2068 4098 1088 
2238 4840 4841 4830 
2239 4968 5041 2537 
2240 2712 2999 2998 
2241 4100 4450 4324 
2242 933 998 935 
2243 809 883 828 
2244 893 4829 3291 
2245 1307 4449 1173 
2246 3261 3536 3523 
2247 1732 3935 3563 
2248 1112 3693 1655 
2249 3716 4249 1670 
2250 740 752 741 
2251 1751 1860 1723 
2252 4013 4197 3443 
2253 2284 3599 2283 
2254 635 5387 3173 
2255 3183 3184 3182 
2256 1999 4674 4245 
2257 699 4151 3682 
2258 904 3717 874 
2259 2924 3188 2457 
2260 2141 3544 2142 
2261 2000 4645 2061 
2262 3927 4919 2779 
2263 2456 3673 3199 
2264 1213 1215 1214 
2265 1916 3700 1567 
2266 337 5094 4376 
2267 1861 2053 1860 
2268 3831 3999 3998 
2269 1671 3765 610 
2270 1864 1866 1865 
2271 3181 3183 3182 
2272 3421 4448 4057 
2273 1851 3553 1852 
2274 2530 3633 3004 
2275 999 1718 935 
2276 3444 5260 3112 
2277 3642 3643 2101 
2278 3924 4712 3153 
2279 910 3998 920 
2280 3379 3380 3378 
2281 732 740 733 
2282 3775 3778 3777 
2283 3508 4124 2561 
2284 482 4166 484 
2285 3638 3641 3640 
2286 822 3853 791 
2287 291 3205 3006 
2288 3902 4858 628 
2289 146 3503 145 
2290 3761 4262 2511 
2291 3379 3381 3380 
2292 2156 4930 4893 
2293 697 719 718 
2294 3977 4473 1290 
2295 804 838 805 
2296 313 4948 3303 
2297 3603 3605 3604 
2298 3363 3366 3364 
2299 3496 4451 3497 
2300 3403 5353 1901 
2301 1867 3839 1865 
2302 2291 2705 2704 
2303 788 804 789 
2304 3494 5241 4339 
2305 692 697 696 
2306 2210 2285 2209 
2307 2438 5101 5095 
2308 3527 3528 3482 
2309 3830 4003 1899 
2310 3748 3749 1617 
2311 807 3527 3482 
2312 772 788 773 
2313 1664 3488 1994 
2314 2392 3492 2273 
2315 1064 1154 1044 
2316 778 3782 753 
2317 2152 2153 2151 
2318 36 3502 35 
2319 3404 5065 3405 
2320 877 3808 833 
2321 1106 4071 1255 
2322 3754 4217 3753 
2323 3129 5321 3538 
2324 1234 3655 1061 
2325 1819 3637 2102 
2326 1006 1044 925 
2327 2740 3638 3637 
2328 690 692 691 
2329 1199 1281 1154 
2330 760 761 623 
2331 1969 4629 3595 
2332 512 3573 508 
2333 767 772 768 
2334 2178 4235 3598 
2335 3771 3779 1077 
2336 3041 3434 2204 
2337 1421 5269 4011 
2338 3746 4059 2767 
2339 2533 3181 3180 
2340 2799 3456 2309 
2341 4114 4698 2758 
2342 3729 3822 2982 
2343 496 3624 645 
2344 186 3905 267 
2345 1279 1632 1337 
2346 830 3717 1574 
2347 1745 4322 1808 
2348 3619 4327 2824 
2349 1454 3529 2024 
2350 2131 2256 2137 
2351 1064 4180 1293 
2352 3509 4585 2744 
2353 2236 4731 3424 
2354 1624 3822 3729 
2355 1041 3808 877 
2356 2626 3470 2625 
2357 1043 1068 1042 
2358 1416 3655 1234 
2359 4434 4640 2734 
2360 2785 3260 2380 
2361 1852 3553 2769 
2362 4525 5393 4526 
2363 2167 2804 2789 
2364 723 732 724 
2365 3181 3182 3180 
2366 1868 3687 1799 
2367 1206 4649 4641 
2368 3811 4314 1503 
2369 4416 4496 4435 
2370 3274 4658 878 
2371 1039 3799 1175 
2372 3891 5291 636 
2373 688 690 689 
2374 3637 3638 2102 
2375 3808 3947 833 
2376 807 3482 809 
2377 498 3592 494 
2378 686 688 687 
2379 2732 3812 3330 
2380 2792 4079 4078 
2381 1672 4848 3342 
2382 3004 3489 2531 
2383 3013 3667 1593 
2384 2393 3797 3264 
2385 2183 3455 2184 
2386 4764 4927 335 
2387 510 3663 552 
2388 242 3792 241 
2389 223 349 16 
2390 247 350 126 
2391 2530 3004 2531 
2392 3424 4731 4214 
2393 3512 3513 3511 
2394 430 3698 428 
2395 4121 4651 2760 
2396 4470 4584 2894 
2397 1212 1213 1211 
2398 2454 3673 2456 
2399 1213 3581 1216 
2400 58 3445 341 
2401 2128 2196 2195 
2402 3592 4582 1572 
2403 3385 3591 3384 
2404 872 3472 3471 
2405 3280 5058 1600 
2406 672 3606 674 
2407 4093 4763 2745 
2408 3603 3604 2143 
2409 3880 4690 3878 
2410 1302 2252 1303 
2411 1262 4057 1066 
2412 430 3954 3698 
2413 2530 2531 2110 
2414 1994 3296 1440 
2415 4091 4166 482 
2416 2168 3689 3236 
2417 4092 4972 4090 
2418 1483 3574 1485 
2419 1887 3574 1483 
2420 999 3533 1718 
2421 1338 4545 1353 
2422 2365 3142 2896 
2423 4553 4675 4061 
2424 2124 2125 2123 
2425 1682 4530 941 
2426 3391 4781 1478 
2427 3377 3378 3376 
2428 1666 4092 4090 
2429 1293 4180 2023 
2430 1440 3296 383 
2431 3377 3379 3378 
2432 3567 3611 692 
2433 1072 4267 1302 
2434 3658 3659 3657 
2435 3397 3812 2732 
2436 1580 4515 3428 
2437 659 3548 656 
2438 1402 2026 1401 
2439 2724 4855 3292 
2440 3185 4908 3171 
2441 939 1042 937 
2442 1083 4290 1720 
2443 2173 3987 3829 
2444 2054 2389 2053 
2445 2002 2235 1980 
2446 3790 3856 938 
2447 4291 5136 3047 
2448 2928 3703 2034 
2449 1834 5261 3237 
2450 3939 4142 2578 
2451 2468 3511 2122 
2452 5065 5371 3405 
2453 2829 4439 3655 
2454 664 666 665 
2455 3468 4574 3385 
2456 5129 5192 3892 
2457 3668 4767 2775 
2458 3747 3748 437 
2459 666 668 667 
2460 1303 4729 3525 
2461 2173 3998 912 
2462 790 3636 2349 
2463 3892 5192 3891 
2464 488 3885 576 
2465 2044 3821 2398 
2466 2343 3569 3480 
2467 2758 4794 4114 
2468 2124 2313 2126 
2469 2421 3035 2389 
2470 1151 1434 1051 
2471 895 1931 838 
2472 3857 5414 3136 
2473 1940 3706 1944 
2474 2286 2287 2285 
2475 2917 4875 4836 
2476 765 767 766 
2477 2290 2291 2289 
2478 3240 5039 3035 
2479 3112 5169 3904 
2480 2485 2486 2083 
2481 1159 3699 1314 
2482 2093 2131 2095 
2483 841 3654 1913 
2484 668 670 669 
2485 3650 4403 2232 
2486 3807 3809 3808 
2487 3696 4853 2987 
2488 1408 3672 1275 
2489 1210 1211 1209 
2490 2348 3048 2687 
2491 2309 3456 2365 
2492 3356 4835 2459 
2493 3011 3215 3214 
2494 1398 3820 2470 
2495 901 3806 890 
2496 1866 2083 1867 
2497 3838 4106 2582 
2498 1666 4091 478 
2499 3667 3788 3668 
2500 3305 3306 2116 
2501 682 686 684 
2502 3346 3347 2486 
2503 2335 4373 286 
2504 3579 3580 1227 
2505 4022 4490 2623 
2506 1655 3693 3691 
2507 903 4752 4241 
2508 3185 5234 4908 
2509 2973 3022 2974 
2510 2275 3496 2392 
2511 526 3609 524 
2512 1207 1209 1208 
2513 1213 1216 1215 
2514 670 672 671 
2515 2109 2530 2110 
2516 2687 3271 2235 
2517 2606 4235 2178 
2518 2002 2348 2235 
2519 3643 3644 2101 
2520 2194 3012 2218 
2521 2122 2124 2123 
2522 3849 3853 843 
2523 74 4879 339 
2524 281 3044 3043 
2525 699 3682 701 
2526 5039 5217 4337 
2527 1386 1387 1268 
2528 1465 3714 1466 
2529 2547 4435 2552 
2530 1431 3603 2143 
2531 2392 3493 3492 
2532 1452 4142 3939 
2533 1585 4024 3701 
2534 3375 3376 3374 
2535 2797 4591 2796 
2536 2796 4591 4126 
2537 2981 3730 3729 
2538 3311 3312 3309 
2539 478 4091 482 
2540 2317 3128 2444 
2541 2913 3751 2496 
2542 890 3806 1041 
2543 934 4423 3742 
2544 3811 4220 2490 
2545 3563 4197 1732 
2546 3003 4714 4296 
2547 2248 4327 3619 
2548 776 4024 1585 
2549 2835 5010 4916 
2550 308 4661 3478 
2551 1813 3652 1810 
2552 3887 3907 1974 
2553 307 4230 4229 
2554 3566 4422 1690 
2555 766 1109 764 
2556 1963 1964 1687 
2557 2521 3782 778 
2558 1663 3577 1225 
2559 1403 4517 1571 
2560 655 3548 1479 
2561 3718 3719 3440 
2562 3013 5027 3788 
2563 3469 3490 1281 
2564 1856 1857 1796 
2565 2256 2647 2487 
2566 1848 3868 1974 
2567 3726 5351 3138 
2568 3356 4942 4835 
2569 805 3527 807 
2570 3355 3596 1406 
2571 2794 3967 1628 
2572 2637 5046 4803 
2573 641 3740 642 
2574 4991 4993 2803 
2575 3140 4292 2357 
2576 3640 4401 3639 
2577 3023 5109 3025 
2578 3007 4716 3231 
2579 3645 3646 3644 
2580 1785 4064 1296 
2581 574 596 595 
2582 672 674 673 
2583 933 3742 998 
2584 4278 4474 1057 
2585 1203 4282 4078 
2586 2109 2110 2008 
2587 859 3835 880 
2588 1052 4585 3509 
2589 3371 3372 3370 
2590 3166 3167 3107 
2591 1007 3399 895 
2592 2468 3512 3511 
2593 1663 3578 3577 
2594 4975 5210 4802 
2595 1410 3909 948 
2596 656 3548 655 
2597 1978 3395 2167 
2598 3397 4220 3811 
2599 3831 3998 2173 
2600 3854 5381 3419 
2601 3369 3370 3368 
2602 1478 4283 1198 
2603 3367 3368 3366 
2604 3823 4006 2982 
2605 3750 3786 3785 
2606 2954 3117 2955 
2607 2602 4388 4147 
2608 1227 3724 1221 
2609 4912 5330 3006 
2610 3373 3374 3372 
2611 2178 3598 2177 
2612 235 317 59 
2613 259 318 169 
2614 504 4459 3520 
2615 1326 3755 1613 
2616 2457 4323 1352 
2617 3698 3986 428 
2618 30 319 230 
2619 140 320 254 
2620 805 807 806 
2621 3598 4235 2769 
2622 572 574 573 
2623 1357 4545 1338 
2624 3744 4325 3743 
2625 766 3572 1109 
2626 1975 1977 1976 
2627 1167 3755 1326 
2628 3885 4054 3886 
2629 1098 3605 1103 
2630 4577 4604 3852 
2631 2273 3492 2271 
2632 1961 2109 2008 
2633 1302 4267 2453 
2634 2456 3198 3197 
2635 3013 3788 3667 
2636 3850 3852 3849 
2637 1223 1227 1221 
2638 2468 3841 3515 
2639 3192 5089 3190 
2640 1971 3569 2343 
2641 437 3748 439 
2642 758 3636 790 
2643 770 3782 1894 
2644 2647 3190 3189 
2645 1342 3746 1468 
2646 385 1440 383 
2647 3644 3652 2101 
2648 1817 3642 1815 
2649 1564 3953 944 
2650 299 3924 2208 
2651 964 4025 1037 
2652 1655 3691 1657 
2653 1475 3744 1325 
2654 3375 3377 3376 
2655 3370 3389 3368 
2656 2454 2456 2455 
2657 4128 5374 3416 
2658 3643 3645 3644 
2659 3703 4453 2788 
2660 2343 2757 2756 
2661 1213 1214 1211 
2662 1445 2375 1443 
2663 1802 3983 3712 
2664 1293 1295 1294 
2665 764 3530 761 
2666 241 305 72 
2667 265 306 182 
2668 1760 3672 1408 
2669 3574 3840 1485 
2670 770 1894 783 
2671 1971 2343 2342 
2672 1472 3756 534 
2673 2788 4453 3695 
2674 1216 1217 1215 
2675 2177 3598 2741 
2676 5155 5214 2929 
2677 2120 3841 2468 
2678 363 4608 4008 
2679 701 3682 704 
2680 492 3624 496 
2681 2202 3348 2591 
2682 833 3947 827 
2683 966 3739 968 
2684 506 3663 510 
2685 2981 3729 2979 
2686 1692 4170 3935 
2687 1172 1306 1173 
2688 381 2422 379 
2689 1113 3832 3693 
2690 3775 4082 3778 
2691 1431 1725 1724 
2692 3868 3887 1974 
2693 350 3413 126 
2694 1725 1971 1970 
2695 2203 3723 3705 
2696 3205 3600 3006 
2697 3743 4000 1119 
2698 1584 4086 3923 
2699 2313 4384 2126 
2700 3646 3648 3647 
2701 1953 3931 3930 
2702 570 572 571 
2703 3930 4436 1953 
2704 821 3654 841 
2705 4054 4094 3886 
2706 2199 2211 2201 
2707 2802 4149 2915 
2708 2196 2204 2197 
2709 853 3671 1152 
2710 1860 4559 1723 
2711 333 4626 221 
2712 2433 2434 2432 
2713 1212 3581 1213 
2714 742 3765 1162 
2715 4029 5334 5298 
2716 3557 3815 3559 
2717 2434 3137 2432 
2718 3638 3639 2102 
2719 2241 3907 2916 
2720 592 3922 601 
2721 2531 2533 2532 
2722 379 3467 376 
2723 720 721 719 
2724 2435 2436 2434 
2725 2210 2286 2285 
2726 916 3987 914 
2727 662 664 663 
2728 2233 3699 2772 
2729 1663 5307 3578 
2730 3793 3806 901 
2731 3606 3664 674 
2732 567 570 569 
2733 3724 3725 1695 
2734 1737 2597 1988 
2735 1210 3991 1604 
2736 3087 5037 4988 
2737 692 696 691 
2738 2727 3745 2105 
2739 753 3782 770 
2740 1475 3789 3744 
2741 2711 2712 2710 
2742 259 3684 318 
2743 2879 4473 3977 
2744 2306 3841 2118 
2745 2974 4814 284 
2746 3284 4507 2685 
2747 1904 3817 2752 
2748 697 718 696 
2749 763 765 764 
2750 1875 2504 1760 
2751 454 5007 3286 
2752 3643 4401 3645 
2753 1821 3637 1819 
2754 700 3913 698 
2755 519 520 518 
2756 2478 4003 3830 
2757 3483 3484 3230 
2758 773 1722 768 
2759 2504 3672 1760 
2760 1207 3991 1210 
2761 610 3765 742 
2762 517 518 516 
2763 666 667 665 
2764 1103 3605 3603 
2765 2120 2468 2122 
2766 1478 4781 4283 
2767 2471 4157 3932 
2768 1117 3743 1119 
2769 2233 2454 2234 
2770 1405 3686 1834 
2771 1019 3931 1017 
2772 3727 3755 1167 
2773 2048 3703 2788 
2774 3862 4192 1778 
2775 698 3913 1629 
2776 1049 3727 1167 
2777 16 5173 15 
2778 3460 4150 3462 
2779 2018 3768 3767 
2780 3803 3927 1446 
2781 664 665 663 
2782 515 516 512 
2783 2069 4783 4418 
2784 2456 3197 2455 
2785 1225 3577 1223 
2786 2437 2438 2436 
2787 164 3501 163 
2788 2533 3180 3179 
2789 3923 4086 3564 
2790 2282 2283 1909 
2791 807 809 808 
2792 690 691 689 
2793 1093 2875 1102 
2794 4147 4388 3202 
2795 3932 4157 2671 
2796 2772 3673 2454 
2797 3284 4784 1531 
2798 1799 3687 1668 
2799 2241 2242 1977 
2800 3480 3481 2757 
2801 508 787 498 
2802 4324 4450 1056 
2803 3048 3752 2687 
2804 1207 1210 1209 
2805 2101 3652 1813 
2806 1505 3965 1509 
2807 688 689 687 
2808 1578 4167 3983 
2809 2805 2987 2804 
2810 3249 4544 3044 
2811 615 1855 613 
2812 2507 3254 2936 
2813 2117 2118 2100 
2814 3373 3375 3374 
2815 3149 5421 3241 
2816 443 3784 839 
2817 3255 3959 3590 
2818 2498 3796 2913 
2819 3670 5253 1438 
2820 2212 3818 3551 
2821 4778 4912 3006 
2822 1175 5351 3726 
2823 174 5278 346 
2824 3733 3734 2809 
2825 3380 3388 3378 
2826 2270 3666 2558 
2827 511 512 508 
2828 3285 4160 3787 
2829 2894 3295 2893 
2830 2496 3751 2495 
2831 3384 3386 3382 
2832 1056 4450 3584 
2833 516 1560 512 
2834 2431 2432 2284 
2835 1591 4162 3846 
2836 2134 3689 2168 
2837 3376 3387 3374 
2838 1314 3699 1566 
2839 975 3817 1904 
2840 1000 3799 1039 
2841 2462 3866 3632 
2842 3750 3785 3784 
2843 355 3968 3537 
2844 1206 1207 1205 
2845 668 669 667 
2846 2120 2122 2121 
2847 317 3445 59 
2848 3759 3760 2761 
2849 530 531 528 
2850 2371 3872 2579 
2851 529 530 528 
2852 1964 1965 1687 
2853 4792 4900 3290 
2854 2480 3855 3617 
2855 2088 3797 2393 
2856 3647 3652 3644 
2857 5030 5118 2415 
2858 1431 2143 1725 
2859 1957 2793 1959 
2860 799 2521 778 
2861 3125 3126 2306 
2862 3361 3362 3316 
2863 527 528 526 
2864 3825 4225 3824 
2865 811 3855 2480 
2866 825 4082 1077 
2867 1210 1212 1211 
2868 2034 3703 2036 
2869 491 4094 489 
2870 1871 4326 2514 
2871 2289 3544 2141 
2872 3455 4461 2718 
2873 2014 3582 2012 
2874 2687 4446 3271 
2875 1474 3706 1940 
2876 3560 3815 3557 
2877 3846 4162 3524 
2878 1566 2233 1889 
2879 2454 2455 2234 
2880 3981 5003 1176 
2881 686 687 684 
2882 1844 2369 2189 
2883 3582 4357 3581 
2884 497 498 494 
2885 1900 4487 4368 
2886 4181 4242 899 
2887 1132 4146 1596 
2888 3080 3508 2561 
2889 520 523 518 
2890 3638 3640 3639 
2891 1233 3903 653 
2892 2117 2306 2118 
2893 2684 3213 2714 
2894 719 1683 718 
2895 2675 3633 2530 
2896 3425 4586 2620 
2897 2742 2829 2301 
2898 2513 4223 3929 
2899 2829 4464 4439 
2900 2018 3779 3768 
2901 676 1011 678 
2902 2343 3480 2757 
2903 2505 3888 3887 
2904 2020 3988 2022 
2905 936 3922 3883 
2906 522 3618 1472 
2907 2402 4606 3418 
2908 1845 3818 2212 
2909 2208 2239 2238 
2910 1077 4082 3773 
2911 3363 3367 3366 
2912 1263 4253 2735 
2913 3371 3373 3372 
2914 3125 3510 3126 
2915 2272 2274 2273 
2916 3629 4091 4089 
2917 3879 3917 1063 
2918 1579 3917 3876 
2919 3536 4192 3862 
2920 613 3623 596 
2921 1468 3746 3523 
2922 2172 2893 2892 
2923 2031 3425 1262 
2924 2044 2398 2397 
2925 2552 3754 3753 
2926 3093 4102 3902 
2927 3369 3371 3370 
2928 507 508 498 
2929 1810 3652 1809 
2930 564 567 566 
2931 589 3874 2500 
2932 790 2349 821 
2933 1949 2593 2043 
2934 2507 3959 3255 
2935 1277 1431 1429 
2936 760 763 761 
2937 370 2836 2835 
2938 2082 3000 2766 
2939 1959 1961 1960 
2940 429 3813 431 
2941 2470 3818 1400 
2942 952 3801 1232 
2943 1763 4158 3960 
2944 2052 3934 2117 
2945 1063 3884 3879 
2946 1412 3849 845 
2947 3383 3391 3385 
2948 2118 2120 2119 
2949 2286 2370 2287 
2950 320 5023 3697 
2951 1940 1944 1942 
2952 840 5331 4274 
2953 3787 4160 2581 
2954 2451 3230 2697 
2955 642 3891 637 
2956 434 3747 437 
2957 1244 3846 1577 
2958 3833 3835 861 
2959 3667 3668 1954 
2960 1277 3603 1431 
2961 742 1162 758 
2962 4050 4931 3888 
2963 2757 3565 2756 
2964 670 671 669 
2965 3393 4559 3306 
2966 2759 4972 4794 
2967 494 3592 1572 
2968 1579 3876 3875 
2969 528 3593 526 
2970 2117 3934 2636 
2971 2000 4719 4645 
2972 2018 3767 2019 
2973 552 3618 514 
2974 2982 4006 2977 
2975 658 659 656 
2976 3569 3570 2700 
2977 1060 4382 1166 
2978 1479 1481 1480 
2979 1347 4408 4236 
2980 809 828 810 
2981 2462 3632 2460 
2982 642 3892 3891 
2983 1375 3803 1446 
2984 1864 1865 1799 
2985 1975 1976 1850 
2986 805 806 789 
2987 2589 4430 3207 
2988 1938 3903 1233 
2989 903 4727 3641 
2990 658 660 659 
2991 1114 1115 1113 
2992 2052 2117 2100 
2993 3367 3369 3368 
2994 841 1913 884 
2995 914 3987 2173 
2996 3142 3201 2896 
2997 1593 3667 1592 
2998 2343 2756 2342 
2999 338 4872 4131 
3000 1476 3863 1770 
3001 3672 4378 1275 
3002 2288 2289 2141 
3003 1801 4056 2794 
3004 2875 3506 1102 
3005 1957 1959 1958 
3006 1450 3863 1476 
3007 282 5348 3054 
3008 2597 2599 2598 
3009 2298 2684 2299 
3010 697 720 719 
3011 1246 4453 4441 
3012 2470 3820 3819 
3013 940 4610 3826 
3014 2269 2270 2267 
3015 1412 3850 3849 
3016 494 1572 435 
3017 3401 3402 3400 
3018 2010 2507 2506 
3019 1103 3603 1277 
3020 2136 3013 1593 
3021 3852 4604 3853 
3022 1725 1970 1724 
3023 3899 3903 3900 
3024 1975 3907 2241 
3025 1961 2008 2007 
3026 1928 4652 3369 
3027 2451 3483 3230 
3028 1979 1980 1700 
3029 3935 4170 3563 
3030 595 3715 602 
3031 3784 3785 839 
3032 2788 3934 2050 
3033 1752 3814 1361 
3034 530 532 531 
3035 2552 4435 3754 
3036 3315 3316 2742 
3037 576 3885 1063 
3038 1167 1326 1168 
3039 2566 3759 2761 
3040 794 4024 776 
3041 248 3478 247 
3042 4596 5150 4489 
3043 368 4854 138 
3044 224 3477 223 
3045 3442 4412 3441 
3046 2168 3236 3235 
3047 775 4490 4022 
3048 2233 2772 2454 
3049 2507 3255 3254 
3050 520 524 523 
3051 1017 3931 1953 
3052 1566 3699 2233 
3053 1906 3444 1905 
3054 2494 2496 2495 
3055 3906 5214 5155 
3056 3520 4592 504 
3057 3311 5356 3312 
3058 845 3849 843 
3059 1704 4161 3844 
3060 812 3855 811 
3061 1971 2342 1970 
3062 1493 3791 1495 
3063 1261 1262 1066 
3064 2915 4991 2803 
3065 3286 5080 454 
3066 2418 3704 3223 
3067 541 543 542 
3068 1904 1906 1905 
3069 1025 4477 1030 
3070 1122 1201 1200 
3071 2062 2172 2171 
3072 1326 1612 1330 
3073 378 379 376 
3074 2233 2234 1889 
3075 4043 4686 1124 
3076 2000 2061 2001 
3077 1509 3965 3961 
3078 2012 3582 3581 
3079 672 673 671 
3080 2002 4124 2348 
3081 3648 3650 3647 
3082 1207 1208 1205 
3083 1116 1117 1115 
3084 3813 4087 431 
3085 1978 3956 3395 
3086 2370 3061 3060 
3087 1295 1336 1335 
3088 2741 2742 2301 
3089 1202 4000 2399 
3090 1523 4013 1544 
3091 516 4062 1560 
3092 2419 3437 2420 
3093 2172 2894 2893 
3094 488 4054 3885 
3095 1431 1724 1429 
3096 3749 3750 1617 
3097 2435 2437 2436 
3098 861 3835 859 
3099 510 552 514 
3100 3767 3769 3067 
3101 514 3618 522 
3102 3822 3823 2982 
3103 2317 2444 2316 
3104 3691 3692 2593 
3105 537 539 538 
3106 1668 3687 3686 
3107 1954 3758 1956 
3108 1119 1122 1121 
3109 3768 3779 3771 
3110 2396 3292 2616 
3111 1281 3490 1946 
3112 3993 4008 2969 
3113 2833 3827 2072 
3114 2433 2435 2434 
3115 3139 3140 2357 
3116 2718 4460 3174 
3117 1587 3740 644 
3118 883 4985 4896 
3119 2211 2426 2384 
3120 2052 2100 2099 
3121 2050 2052 2051 
3122 1055 1114 1113 
3123 1805 3871 3870 
3124 3417 4936 645 
3125 2026 2309 2308 
3126 3041 3435 3434 
3127 692 3611 697 
3128 2705 3156 2704 
3129 1209 1474 1208 
3130 2456 3199 3198 
3131 534 3756 932 
3132 543 545 544 
3133 2329 3220 2192 
3134 641 642 637 
3135 1120 3743 1117 
3136 4438 5359 3450 
3137 660 662 661 
3138 2282 2284 2283 
3139 601 3922 936 
3140 1049 1167 1106 
3141 3538 5321 318 
3142 1926 2451 2361 
3143 2348 4124 3049 
3144 1578 3982 3938 
3145 522 1472 534 
3146 1588 3914 1301 
3147 2212 2787 2502 
3148 2048 2050 2049 
3149 2419 2420 2418 
3150 2901 4242 4181 
3151 2979 2982 2977 
3152 2437 2439 2438 
3153 3874 3875 2500 
3154 2966 4008 3993 
3155 1403 1570 1387 
3156 1865 1868 1799 
3157 660 661 659 
3158 1214 4222 1211 
3159 503 1469 506 
3160 1668 3686 1405 
3161 996 5156 3366 
3162 2323 2719 2325 
3163 4078 4282 2792 
3164 4229 4540 307 
3165 2495 3751 2948 
3166 1114 1116 1115 
3167 2386 3800 2693 
3168 319 3688 230 
3169 508 3573 787 
3170 3733 3735 3734 
3171 1122 1202 1201 
3172 2927 3810 2055 
3173 2338 2419 2418 
3174 2048 2788 2050 
3175 3809 3947 3808 
3176 2036 3703 2048 
3177 1579 3875 3874 
3178 1768 1769 1477 
3179 525 526 524 
3180 1592 1954 1932 
3181 2431 2433 2432 
3182 3837 3838 2574 
3183 1090 4098 1093 
3184 1325 3744 1120 
3185 2176 4266 2952 
3186 1657 3691 1949 
3187 1393 1447 1332 
3188 2134 2168 2009 
3189 906 3793 901 
3190 3295 3303 2893 
3191 1754 5340 3248 
3192 496 645 501 
3193 3646 3647 3644 
3194 1911 4286 1084 
3195 3844 4161 2526 
3196 1898 2134 2009 
3197 2020 2022 1825 
3198 493 494 435 
3199 2016 2460 2014 
3200 1407 3834 3833 
3201 4875 4888 4281 
3202 2263 2264 2206 
3203 3899 3900 2459 
3204 1527 3935 1732 
3205 537 538 532 
3206 540 541 539 
3207 2673 3252 3251 
3208 2327 2396 2391 
3209 2579 4390 2144 
3210 1466 3193 2133 
3211 1479 1480 1233 
3212 2989 4042 2337 
3213 1120 3744 3743 
3214 2500 3922 592 
3215 1122 4000 1202 
3216 2877 4519 3925 
3217 504 4592 4206 
3218 1117 1119 1118 
3219 4278 4412 3442 
3220 1442 1592 1441 
3221 2498 2913 2496 
3222 1966 3837 2574 
3223 655 1479 1233 
3224 2979 3729 2982 
3225 2291 2704 2289 
3226 536 537 532 
3227 523 4062 518 
3228 2012 3581 1212 
3229 1845 2212 1952 
3230 2236 3825 3824 
3231 3669 3670 3225 
3232 3943 4622 2772 
3233 1405 1834 1397 
3234 1714 4599 4569 
3235 3036 5039 4337 
3236 2122 2123 2121 
3237 2491 2494 2493 
3238 3530 3531 761 
3239 484 4166 487 
3240 2193 2329 2192 
3241 2956 3993 2969 
3242 3944 4215 817 
3243 541 542 539 
3244 1463 1465 1464 
3245 3821 4544 2398 
3246 3364 3365 3362 
3247 2762 3351 3350 
3248 4447 5022 3144 
3249 3718 3720 3719 
3250 510 514 513 
3251 3410 3411 2816 
3252 828 872 829 
3253 1336 1597 1417 
3254 2212 2502 1952 
3255 501 503 502 
3256 506 510 509 
3257 2751 3690 3689 
3258 1975 2241 1977 
3259 433 435 434 
3260 1167 1168 1106 
3261 1076 3779 1178 
3262 1326 1330 1168 
3263 3699 3943 2772 
3264 3791 3994 1495 
3265 431 433 432 
3266 676 3664 1011 
3267 3160 3161 3115 
3268 2494 2495 2493 
3269 3876 3917 3879 
3270 1461 1463 1462 
3271 2043 2317 2316 
3272 734 3848 1608 
3273 1481 1483 1482 
3274 2338 2418 2417 
3275 1185 1339 1186 
3276 503 506 505 
3277 1592 3667 1954 
3278 4467 4468 1563 
3279 990 4001 3847 
3280 496 501 500 
3281 1125 3856 1345 
3282 546 547 545 
3283 1301 3914 1269 
3284 975 1904 977 
3285 1942 3959 2010 
3286 3780 3781 2812 
3287 3768 3769 3767 
3288 4452 4668 2575 
3289 932 3727 1049 
3290 2761 2762 2567 
3291 1768 3745 1769 
3292 1034 3824 898 
3293 1394 2108 1588 
3294 1459 3624 492 
3295 3482 5383 883 
3296 547 548 545 
3297 490 1459 492 
3298 441 3784 443 
3299 1158 3824 1034 
3300 1569 4448 3929 
3301 2177 2301 1416 
3302 1126 4043 1124 
3303 1502 3965 1505 
3304 1057 1185 1058 
3305 3798 3799 1000 
3306 2105 3745 1768 
3307 385 1561 1440 
3308 2128 4384 2196 
3309 3129 3538 2444 
3310 1036 3828 924 
3311 1355 1441 1339 
3312 1261 2031 1262 
3313 688 1748 690 
3314 1748 3567 690 
3315 2321 4514 2323 
3316 4579 4935 3183 
3317 948 3909 950 
3318 3787 4582 3592 
3319 567 569 566 
3320 3247 3601 2881 
3321 4112 4225 3825 
3322 2541 3860 3262 
3323 2751 3689 2134 
3324 1981 2002 1980 
3325 3837 4106 3838 
3326 1904 1905 977 
3327 1476 1477 1475 
3328 3342 4925 1672 
3329 1393 1721 1447 
3330 1468 3862 1344 
3331 1273 1393 1332 
3332 1467 2236 1158 
3333 311 2969 228 
3334 2739 2740 2310 
3335 1184 1473 1182 
3336 3658 3660 3659 
3337 1788 2192 1465 
3338 1569 3929 3928 
3339 3149 4910 3030 
3340 1561 1664 1440 
3341 1077 3779 1076 
3342 1116 1120 1117 
3343 584 3874 589 
3344 3916 4393 1278 
3345 1571 1795 1570 
3346 753 770 769 
3347 4078 4079 1297 
3348 3902 4102 2618 
3349 1178 3779 2018 
3350 570 571 569 
3351 4031 5024 3307 
3352 4910 4923 3030 
3353 622 3899 2459 
3354 3858 4521 1138 
3355 2083 2084 1867 
3356 574 595 573 
3357 2566 2761 2567 
3358 2461 2462 2460 
3359 360 5236 3535 
3360 1450 1476 1475 
3361 1469 3663 506 
3362 4134 5250 1627 
3363 1914 4260 2183 
3364 443 444 442 
3365 2301 3655 1416 
3366 647 3974 1587 
3367 3079 3080 2561 
3368 4047 4048 1422 
3369 2065 2346 1936 
3370 1209 4222 1474 
3371 2269 3666 2270 
3372 932 3756 3727 
3373 492 496 495 
3374 3983 4167 3712 
3375 1300 1301 1269 
3376 1947 3794 3793 
3377 1123 1177 1075 
3378 1236 1269 1177 
3379 1052 1075 1045 
3380 634 636 633 
3381 1588 3915 3914 
3382 3332 3796 2733 
3383 3454 4128 3416 
3384 4525 4526 4312 
3385 2383 3042 2242 
3386 1407 3833 863 
3387 2061 2062 2001 
3388 2172 2892 2171 
3389 2580 3270 2367 
3390 2999 4588 2998 
3391 562 4006 3823 
3392 944 3953 946 
3393 1321 1394 1301 
3394 602 1671 610 
3395 2412 3152 2413 
3396 1493 1495 1494 
3397 2202 2203 2200 
3398 2432 3599 2284 
3399 572 573 571 
3400 942 3826 1564 
3401 2804 4832 2789 
3402 2036 2048 2047 
3403 3668 3758 1954 
3404 662 663 661 
3405 4236 4408 2904 
3406 1003 1045 1002 
3407 2032 4321 2928 
3408 3584 4456 1056 
3409 3768 3770 3769 
3410 982 4412 985 
3411 2418 3223 2417 
3412 1236 1300 1269 
3413 1123 1236 1177 
3414 1491 1493 1492 
3415 2219 4280 725 
3416 1052 1123 1075 
3417 1389 4158 1763 
3418 3404 3405 3402 
3419 1640 4106 1642 
3420 1348 3836 1305 
3421 1978 2167 2166 
3422 1023 1580 1025 
3423 429 431 430 
3424 441 442 440 
3425 2451 2697 2361 
3426 1361 3814 1359 
3427 3446 3447 342 
3428 2507 2936 2506 
3429 1442 1593 1592 
3430 1308 3944 819 
3431 1026 3931 1019 
3432 1450 1475 1325 
3433 1925 3804 3803 
3434 2236 3824 1158 
3435 3000 3001 2766 
3436 2505 3887 3868 
3437 1898 2009 1612 
3438 1481 1887 1483 
3439 1003 1052 1045 
3440 1476 1768 1477 
3441 863 3833 861 
3442 1463 1464 1462 
3443 2266 2269 2267 
3444 2693 3124 2937 
3445 3617 3855 1574 
3446 4338 4339 2265 
3447 657 658 656 
3448 3254 5187 314 
3449 1727 4148 1895 
3450 1055 1113 1112 
3451 1515 3893 1603 
3452 1300 1321 1301 
3453 1377 3803 1375 
3454 2448 2814 2813 
3455 1436 1461 1460 
3456 1481 1482 1480 
3457 1590 3964 1492 
3458 568 4320 3674 
3459 1465 1466 1464 
3460 3912 3980 2474 
3461 518 4062 516 
3462 1632 3685 1337 
3463 3244 3759 2566 
3464 2523 5116 3313 
3465 1949 2043 2042 
3466 4441 4453 2928 
3467 3692 3802 2593 
3468 1954 1956 1932 
3469 3442 4474 4278 
3470 3852 3853 3849 
3471 514 522 521 
3472 1925 3803 1377 
3473 1273 1332 1331 
3474 2337 2338 2090 
3475 1447 2000 1448 
3476 2073 3908 2247 
3477 964 1037 966 
3478 2245 3067 3066 
3479 2065 2467 2346 
3480 1166 1273 1272 
3481 2814 3291 2813 
3482 2118 3841 2120 
3483 3773 4082 3775 
3484 2338 2417 2090 
3485 4000 4325 2399 
3486 704 1957 1689 
3487 2396 2616 2391 
3488 2016 2461 2460 
3489 995 3798 1000 
3490 1848 1974 1850 
3491 670 695 672 
3492 2274 2275 2273 
3493 3241 3566 1690 
3494 128 4711 249 
3495 2247 3908 2934 
3496 5105 5278 3552 
3497 2102 3642 1817 
3498 2204 4485 2197 
3499 2733 3796 2498 
3500 3815 3816 3559 
3501 2966 3993 2962 
3502 972 975 974 
3503 1686 1687 1669 
3504 428 3986 426 
3505 712 3923 792 
3506 2393 3264 2744 
3507 2279 2751 2134 
3508 1569 3928 1028 
3509 612 613 596 
3510 1454 2024 1456 
3511 460 3896 462 
3512 3292 3293 2616 
3513 3942 5144 2949 
3514 2280 4504 1739 
3515 894 3913 700 
3516 924 3987 916 
3517 2086 2088 2087 
3518 3112 3904 2136 
3519 2582 4285 3838 
3520 3663 4198 552 
3521 950 3909 3801 
3522 2288 2290 2289 
3523 2235 3517 1980 
3524 3091 3532 894 
3525 3315 3361 3316 
3526 1495 1497 1496 
3527 733 2430 724 
3528 1379 1925 1377 
3529 3067 3159 3066 
3530 1802 3911 1365 
3531 3929 3930 3928 
3532 2636 3125 2306 
3533 2009 4015 1612 
3534 1201 4078 1297 
3535 872 891 873 
3536 2881 3941 1929 
3537 2241 2383 2242 
3538 1304 1439 1079 
3539 654 656 655 
3540 1613 1898 1612 
3541 3732 3738 1037 
3542 3183 4898 4579 
3543 2998 3972 2710 
3544 1597 1751 1723 
3545 1798 1799 1668 
3546 1592 1932 1441 
3547 2722 4222 1214 
3548 1185 1355 1339 
3549 2564 2566 2565 
3550 1459 3625 3624 
3551 1483 1485 1484 
3552 1461 1462 1460 
3553 855 3671 853 
3554 2725 3014 2727 
3555 653 3903 651 
3556 1509 3961 1511 
3557 1202 1203 1201 
3558 487 4129 490 
3559 2888 3912 2476 
3560 972 3817 975 
3561 2531 2532 2110 
3562 2619 2881 1929 
3563 1039 1175 1060 
3564 3609 4860 3279 
3565 1244 1577 1242 
3566 1585 3985 3984 
3567 697 3611 720 
3568 2520 2739 2310 
3569 724 3620 721 
3570 1414 3818 1845 
3571 2373 3872 2371 
3572 1160 4207 797 
3573 975 977 976 
3574 4893 4930 3071 
3575 2725 2727 2105 
3576 1819 2102 1817 
3577 3794 3806 3793 
3578 3938 4167 1578 
3579 2072 3827 1804 
3580 2307 4173 3504 
3581 1060 1166 1165 
3582 3261 3410 2816 
3583 987 1057 992 
3584 2980 2981 2979 
3585 827 3947 1308 
3586 1871 2514 1984 
3587 968 3817 972 
3588 1491 1492 1489 
3589 3449 5044 30 
3590 1400 3818 1414 
3591 2448 2813 2447 
3592 2490 2491 2217 
3593 1815 2101 1813 
3594 2955 2957 2956 
3595 1949 3691 2593 
3596 1865 3839 1868 
3597 3110 3345 3344 
3598 1656 4100 1654 
3599 1347 1437 1348 
3600 2005 2448 2447 
3601 3875 3881 2500 
3602 1811 4322 2082 
3603 708 3918 1779 
3604 2092 2093 1857 
3605 3396 4639 619 
3606 819 3944 817 
3607 2386 2693 2387 
3608 3828 3987 924 
3609 3838 3919 2574 
3610 3888 3889 3887 
3611 2589 3207 2699 
3612 3639 3642 2102 
3613 2089 2090 2088 
3614 1324 1325 1120 
3615 993 3847 1012 
3616 2208 2412 2239 
3617 1676 3992 2568 
3618 1228 1663 1225 
3619 1359 3814 1827 
3620 1647 3837 1966 
3621 1751 1861 1860 
3622 439 440 438 
3623 3195 4710 3948 
3624 2787 4847 2502 
3625 632 633 631 
3626 2866 4773 3963 
3627 1355 1442 1441 
3628 2476 3912 2474 
3629 2563 2564 2557 
3630 1069 4267 1072 
3631 1963 4457 2404 
3632 1577 4228 1242 
3633 2310 3637 1821 
3634 2420 3704 2418 
3635 1487 1491 1489 
3636 4368 4487 2952 
3637 2742 4420 2829 
3638 1983 2310 1821 
3639 3856 5414 3857 
3640 3888 3890 3889 
3641 489 4094 4054 
3642 3224 3872 2373 
3643 1046 1079 1040 
3644 1667 1668 1405 
3645 695 3606 672 
3646 437 438 436 
3647 1354 4950 4573 
3648 1101 4108 1276 
3649 1435 1436 1271 
3650 1743 3791 1493 
3651 3960 4159 1763 
3652 1493 1494 1492 
3653 815 3855 812 
3654 1264 1304 1079 
3655 2412 3924 3153 
3656 637 3891 636 
3657 1855 3623 613 
3658 1436 1460 1271 
3659 1415 1928 1420 
3660 3639 4401 3643 
3661 1492 3964 1489 
3662 1296 4064 1323 
3663 2118 2119 2100 
3664 3260 5049 276 
3665 952 1232 954 
3666 1367 3983 1802 
3667 664 3757 666 
3668 3264 3509 2744 
3669 1849 3895 2629 
3670 3607 3608 2818 
3671 1460 4003 1271 
3672 2566 2567 2565 
3673 2196 4384 2443 
3674 2741 3315 2742 
3675 3559 5038 3558 
3676 2582 4106 1640 
3677 909 3793 906 
3678 522 534 533 
3679 1032 1569 1028 
3680 2815 2816 2814 
3681 3773 3774 3772 
3682 1449 1450 1325 
3683 3775 3776 3774 
3684 3009 3394 3239 
3685 2019 3767 2245 
3686 3938 3982 2825 
3687 919 1003 1002 
3688 920 1947 909 
3689 1201 1297 1200 
3690 666 1458 668 
3691 2401 3871 2111 
3692 3771 3772 3770 
3693 547 549 548 
3694 2667 4062 523 
3695 2560 2561 2003 
3696 2298 3081 2684 
3697 520 3810 525 
3698 1510 4130 1508 
3699 3919 4554 2900 
3700 895 3399 1931 
3701 2540 3860 2541 
3702 1835 4043 1126 
3703 1359 1827 1319 
3704 1845 1952 1846 
3705 876 4924 4911 
3706 2427 3958 2479 
3707 2099 3780 2812 
3708 2536 4086 1584 
3709 2485 3034 2486 
3710 1122 1200 1121 
3711 2514 2515 1984 
3712 3747 4227 3748 
3713 1057 1058 992 
3714 2547 2552 2548 
3715 4573 4950 3187 
3716 2564 3244 2566 
3717 2552 2553 2548 
3718 644 3740 641 
3719 2111 3871 1805 
3720 1270 1271 1252 
3721 2510 2511 2509 
3722 1807 2232 1744 
3723 1798 1864 1799 
3724 919 1002 918 
3725 1318 1319 1304 
3726 2386 2387 1892 
3727 2247 2933 2833 
3728 2912 3866 2464 
3729 950 3801 952 
3730 865 1407 863 
3731 125 5266 292 
3732 2555 2563 2557 
3733 674 3664 676 
3734 1686 4495 1963 
3735 1959 1960 1958 
3736 1899 4003 1460 
3737 1495 1496 1494 
3738 1932 4059 1441 
3739 2574 2900 2221 
3740 1119 1121 1118 
3741 1483 1484 1482 
3742 580 3917 1579 
3743 2388 3800 2386 
3744 1252 4003 2478 
3745 2472 3980 3224 
3746 1485 1487 1486 
3747 888 918 887 
3748 2383 3981 3042 
3749 2762 3350 3349 
3750 2799 4904 3457 
3751 2076 2509 1734 
3752 2259 4690 3880 
3753 2478 3830 3829 
3754 3629 4166 4091 
3755 1004 1040 885 
3756 3965 4314 2807 
3757 2509 4262 3863 
3758 1204 1206 1205 
3759 1039 1060 1059 
3760 1974 3907 1975 
3761 1585 3984 754 
3762 2192 3714 1465 
3763 4525 5201 3684 
3764 2481 2483 2482 
3765 1929 3941 393 
3766 1986 3986 2501 
3767 1117 1118 1115 
3768 1048 4023 590 
3769 2480 2481 835 
3770 1770 2105 1768 
3771 2483 3842 2519 
3772 1673 1680 1385 
3773 2084 2086 2085 
3774 1904 2752 1906 
3775 2000 2001 1448 
3776 2570 4377 2410 
3777 2495 2948 2947 
3778 1185 1186 1058 
3779 2010 3959 2507 
3780 3257 3491 2401 
3781 1398 2470 1400 
3782 3829 3987 3828 
3783 1947 3793 909 
3784 3691 3693 3692 
3785 2722 4546 3706 
3786 2555 2557 2556 
3787 2050 2051 2049 
3788 3998 3999 920 
3789 1897 4148 1727 
3790 594 3962 1989 
3791 3354 4809 4029 
3792 2048 2049 2047 
3793 1252 2478 1250 
3794 1977 1978 1976 
3795 1581 3813 429 
3796 3039 4015 2009 
3797 823 3279 2668 
3798 2878 4005 2294 
3799 2360 5268 3475 
3800 2547 2548 2545 
3801 2088 2393 2087 
3802 958 1163 960 
3803 662 731 664 
3804 2501 2818 2251 
3805 2709 4246 2648 
3806 2084 2085 1867 
3807 2106 2725 2105 
3808 786 3848 737 
3809 1215 1263 1214 
3810 1769 2147 1477 
3811 3881 3922 2500 
3812 2807 3811 2490 
3813 1935 1936 1721 
3814 2775 2927 2055 
3815 891 925 892 
3816 3182 3616 3180 
3817 2464 3866 2462 
3818 1000 1039 1009 
3819 1893 2386 1892 
3820 1358 1359 1319 
3821 308 3478 248 
3822 1734 3863 1450 
3823 3830 3831 3829 
3824 4406 4437 1114 
3825 433 493 435 
3826 2578 4142 1873 
3827 2693 2937 2387 
3828 307 3477 224 
3829 2509 3863 1734 
3830 3773 3775 3774 
3831 1545 3942 1600 
3832 737 3848 734 
3833 2484 2738 2483 
3834 3775 3777 3776 
3835 1771 3976 2646 
3836 393 3941 391 
3837 1701 5142 5137 
3838 2177 2741 2301 
3839 2248 3619 2755 
3840 2738 3843 3842 
3841 1966 2221 1967 
3842 830 1574 815 
3843 2501 3607 2818 
3844 3721 3722 3720 
3845 875 887 874 
3846 1342 1468 1344 
3847 2933 3584 2833 
3848 1591 3846 1247 
3849 831 874 830 
3850 4526 4527 4312 
3851 2309 2365 2364 
3852 859 880 857 
3853 978 981 980 
3854 1304 4190 1439 
3855 2120 2121 2119 
3856 1491 3840 1743 
3857 2267 4338 2265 
3858 2168 3235 3039 
3859 1659 4094 491 
3860 3090 5384 3825 
3861 2517 3088 786 
3862 1339 4059 1340 
3863 2073 2247 2072 
3864 490 492 491 
3865 2410 4377 2930 
3866 1693 1892 1692 
3867 1898 2279 2134 
3868 2216 2490 2217 
3869 1436 3870 1995 
3870 651 3899 627 
3871 776 1585 754 
3872 1778 2005 2004 
3873 993 1012 995 
3874 3042 3165 2242 
3875 704 3682 1957 
3876 1251 1252 1250 
3877 1404 1405 1397 
3878 627 3899 622 
3879 2630 2806 2683 
3880 2491 2493 2492 
3881 2247 2833 2072 
3882 2362 2578 1873 
3883 1788 2193 2192 
3884 985 987 986 
3885 352 4341 3588 
3886 2720 2721 2190 
3887 574 612 596 
3888 2564 2565 2557 
3889 1360 1361 1359 
3890 439 1617 441 
3891 2501 3986 3698 
3892 2032 2928 2034 
3893 2497 2498 2496 
3894 434 437 436 
3895 2544 2545 1591 
3896 1463 1788 1465 
3897 2829 3655 2301 
3898 655 1233 653 
3899 1028 3928 1026 
3900 714 3923 712 
3901 2632 4501 3752 
3902 2050 3934 2052 
3903 2109 2675 2530 
3904 1686 1963 1687 
3905 1966 2574 2221 
3906 1326 1613 1612 
3907 1339 1340 1186 
3908 1535 3951 1533 
3909 2538 2540 2539 
3910 2270 2558 2272 
3911 2398 4544 3162 
3912 2546 2547 2545 
3913 1487 1489 1488 
3914 1363 3911 1752 
3915 887 904 874 
3916 792 3918 710 
3917 2540 2541 2539 
3918 1427 3862 1778 
3919 1986 2501 2251 
3920 1617 3784 441 
3921 816 830 815 
3922 1657 1949 1764 
3923 2245 3066 2477 
3924 1204 1205 1203 
3925 811 835 794 
3926 1006 4180 1064 
3927 2736 3175 2511 
3928 1316 3977 1290 
3929 811 2480 835 
3930 320 3697 254 
3931 1892 4170 1692 
3932 2400 2401 2111 
3933 3626 3627 3625 
3934 3177 3902 2618 
3935 1362 1363 1361 
3936 710 3918 708 
3937 2212 3551 2787 
3938 2052 2099 2051 
3939 2022 4319 1825 
3940 1375 1446 1316 
3941 2371 2579 2144 
3942 454 5080 4349 
3943 2484 3272 2738 
3944 1202 1204 1203 
3945 2294 4005 2295 
3946 2291 3901 2705 
3947 2538 2539 2536 
3948 3112 5260 5169 
3949 902 3963 3962 
3950 3804 3927 3803 
3951 3163 3459 3164 
3952 2369 2626 2625 
3953 1414 1845 1712 
3954 3331 3332 2733 
3955 1305 3836 1312 
3956 2685 3860 2540 
3957 651 3903 3899 
3958 2553 2555 2554 
3959 632 634 633 
3960 1974 1975 1850 
3961 1197 4023 1048 
3962 2848 4363 4211 
3963 1365 3911 1363 
3964 1363 1752 1361 
3965 1190 4119 2078 
3966 2541 3262 2691 
3967 990 3847 993 
3968 2673 3251 3250 
3969 3771 3773 3772 
3970 1245 1247 1244 
3971 1846 3868 1848 
3972 1608 4039 728 
3973 2483 2519 2482 
3974 647 1587 644 
3975 2767 4059 1932 
3976 2086 2089 2088 
3977 1584 3923 714 
3978 4083 4085 1254 
3979 1288 1626 1286 
3980 1527 1732 1525 
3981 1045 1047 1002 
3982 2216 2217 1782 
3983 493 497 494 
3984 1779 4099 706 
3985 1857 4488 1796 
3986 2619 3247 2881 
3987 2240 3113 2238 
3988 2133 2673 2672 
3989 1784 1955 1558 
3990 1972 4115 2518 
3991 1543 2216 1782 
3992 1647 1966 1762 
3993 1529 3935 1527 
3994 1749 3894 3893 
3995 2176 2952 2678 
3996 731 3757 664 
3997 2754 4908 2210 
3998 445 446 444 
3999 578 3917 580 
4000 2740 3637 2310 
4001 1491 1743 1493 
4002 431 432 430 
4003 2494 2497 2496 
4004 2796 3595 2450 
4005 2307 3504 3138 
4006 3768 3771 3770 
4007 2889 3554 2888 
4008 3520 3521 2826 
4009 3255 3256 3254 
4010 1331 3859 1686 
4011 622 2459 609 
4012 2064 2065 1936 
4013 2481 2484 2483 
4014 2541 2691 2543 
4015 1485 1486 1484 
4016 1538 3951 1535 
4017 1604 2012 1212 
4018 580 1579 582 
4019 1030 1055 1054 
4020 2472 3224 2373 
4021 4344 4353 2800 
4022 654 655 653 
4023 2412 2413 2239 
4024 3762 3763 2726 
4025 3229 3981 2383 
4026 2945 3122 2990 
4027 462 3896 465 
4028 1691 4100 1656 
4029 318 5201 3538 
4030 1517 3893 1515 
4031 2691 3163 2692 
4032 2071 2072 1804 
4033 2075 3908 2073 
4034 1600 3951 1538 
4035 2005 2447 2446 
4036 3628 3630 3627 
4037 746 786 737 
4038 1998 2589 2165 
4039 2574 3919 2900 
4040 437 439 438 
4041 1511 3961 1543 
4042 584 589 586 
4043 2469 3076 2467 
4044 1282 1591 1247 
4045 1436 1995 1461 
4046 1724 4261 1429 
4047 2738 3842 2483 
4048 1827 4190 1319 
4049 2194 2218 2127 
4050 2086 2087 2085 
4051 1046 1264 1079 
4052 559 560 558 
4053 814 815 812 
4054 3532 3913 894 
4055 2561 4124 2003 
4056 2587 4496 4416 
4057 734 1608 728 
4058 1645 3837 1647 
4059 2321 2323 2322 
4060 946 3953 1410 
4061 1616 3926 3869 
4062 987 992 988 
4063 2354 5125 3009 
4064 2245 3767 3067 
4065 2602 4147 2899 
4066 1269 1278 1177 
4067 2534 2745 2695 
4068 1447 1448 1332 
4069 567 3822 570 
4070 2096 2406 2097 
4071 946 1410 948 
4072 2515 3033 3031 
4073 1330 4015 3170 
4074 1961 2007 1960 
4075 3000 4014 3001 
4076 2481 2482 835 
4077 2542 2685 2540 
4078 4118 4120 4119 
4079 1449 1734 1450 
4080 888 919 918 
4081 1324 1449 1325 
4082 1012 3798 995 
4083 3876 3877 3875 
4084 2978 2979 2977 
4085 2076 2510 2509 
4086 3914 3916 1278 
4087 2136 3904 3013 
4088 1730 4177 1878 
4089 1394 1588 1301 
4090 1487 1488 1486 
4091 982 985 984 
4092 2939 2941 2940 
4093 853 1152 851 
4094 1749 3893 1517 
4095 427 429 428 
4096 2537 2538 2536 
4097 2296 3908 2075 
4098 2916 3229 2383 
4099 1111 1250 1036 
4100 1427 1778 1777 
4101 1523 1544 1521 
4102 1508 4130 2884 
4103 1269 3914 1278 
4104 599 3962 594 
4105 564 3823 567 
4106 1566 1889 1888 
4107 1264 1318 1304 
4108 847 1412 845 
4109 3555 3556 3554 
4110 1519 1749 1517 
4111 652 653 651 
4112 1466 2133 2132 
4113 2090 3797 2088 
4114 1347 1348 1305 
4115 2426 3136 3135 
4116 3984 3985 2517 
4117 441 443 442 
4118 1532 1692 1529 
4119 3152 3669 2413 
4120 633 635 631 
4121 975 976 974 
4122 3103 4008 2966 
4123 1986 2251 2250 
4124 1728 4041 1653 
4125 1049 1106 1105 
4126 2323 2325 2324 
4127 1534 4012 1536 
4128 1626 3995 1286 
4129 3457 5254 3456 
4130 1063 3885 3884 
4131 2961 2965 2963 
4132 1435 3870 1436 
4133 1360 1362 1361 
4134 1263 2735 2723 
4135 2229 3149 3030 
4136 572 3731 574 
4137 3173 3932 2671 
4138 1692 3935 1529 
4139 2747 2888 2476 
4140 3054 5348 4341 
4141 2008 2602 2007 
4142 942 1564 944 
4143 2221 3071 1967 
4144 722 723 721 
4145 3982 4018 2825 
4146 1741 2280 1739 
4147 1804 3827 1691 
4148 1426 5000 3412 
4149 1979 1981 1980 
4150 663 2405 661 
4151 1116 1324 1120 
4152 875 888 887 
4153 2589 2699 2165 
4154 2520 2760 2739 
4155 2147 3789 1477 
4156 2231 2450 1467 
4157 3718 3721 3720 
4158 2239 2240 2238 
4159 1318 1358 1319 
4160 3459 3460 3164 
4161 1206 3991 1207 
4162 4592 4675 4206 
4163 2802 2915 2803 
4164 2937 2939 2938 
4165 2248 2755 2249 
4166 596 3715 595 
4167 2659 2912 2464 
4168 880 3952 857 
4169 1515 1603 1513 
4170 543 544 542 
4171 1270 1435 1271 
4172 1004 1046 1040 
4173 519 3810 520 
4174 1485 3840 1487 
4175 1358 1360 1359 
4176 733 3921 2430 
4177 902 3962 599 
4178 582 3874 584 
4179 1362 1364 1363 
4180 1545 1600 1538 
4181 1778 2004 1777 
4182 2445 2575 2030 
4183 2535 2536 1584 
4184 1247 3846 1244 
4185 2684 2714 2299 
4186 2502 4050 2505 
4187 1178 2018 1322 
4188 3521 3707 3522 
4189 1891 2321 2320 
4190 1025 1030 1029 
4191 1367 1802 1365 
4192 1983 2520 2310 
4193 1487 3840 1491 
4194 2478 3829 3828 
4195 1992 2248 1993 
4196 30 5044 319 
4197 1495 3994 1497 
4198 716 1584 714 
4199 639 651 627 
4200 1966 1967 1762 
4201 520 525 524 
4202 2682 2826 2825 
4203 1119 4000 1122 
4204 3961 3965 2807 
4205 442 931 440 
4206 387 4163 389 
4207 1525 4013 1523 
4208 1665 4114 4113 
4209 3593 3609 526 
4210 1474 1940 1939 
4211 1964 3821 2044 
4212 1549 3942 1545 
4213 3557 3558 3556 
4214 932 1049 1048 
4215 2697 3409 3258 
4216 2019 2245 2214 
4217 1063 3917 578 
4218 1251 1270 1252 
4219 605 902 599 
4220 831 875 874 
4221 940 3826 942 
4222 1789 3992 1676 
4223 2899 4521 3858 
4224 589 2500 592 
4225 4002 4085 4083 
4226 712 792 710 
4227 3279 3313 2668 
4228 2538 3940 2542 
4229 816 831 830 
4230 3163 3164 2692 
4231 1273 1331 1272 
4232 433 434 432 
4233 1480 1938 1233 
4234 1477 3789 1475 
4235 1166 1272 1165 
4236 801 1986 1985 
4237 45 273 44 
4238 155 274 154 
4239 2510 2736 2511 
4240 424 427 426 
4241 2518 4115 4016 
4242 589 592 591 
4243 3869 3926 3222 
4244 1344 3862 1427 
4245 2071 2073 2072 
4246 443 445 444 
4247 2135 2136 1593 
4248 1250 3828 1036 
4249 1098 1103 1100 
4250 1364 1365 1363 
4251 556 559 558 
4252 439 441 440 
4253 2682 3520 2826 
4254 1340 1342 1341 
4255 1957 1958 1689 
4256 987 988 986 
4257 2533 3179 2532 
4258 746 2517 786 
4259 2305 2802 2801 
4260 592 600 591 
4261 1437 1969 1602 
4262 1198 4283 1259 
4263 2864 4179 2868 
4264 2216 3961 2807 
4265 2247 2934 2933 
4266 1959 4347 1961 
4267 2941 2943 2942 
4268 1489 1506 1488 
4269 2402 3418 3157 
4270 2089 2337 2090 
4271 1801 2794 1628 
4272 1268 3561 1151 
4273 601 606 600 
4274 2039 4056 1801 
4275 1371 3982 1578 
4276 2898 2901 2611 
4277 2502 2505 1952 
4278 2400 3257 2401 
4279 1476 1770 1768 
4280 607 619 606 
4281 2555 2556 2554 
4282 2404 3821 1964 
4283 1893 2388 2386 
4284 562 3823 564 
4285 2963 3978 2968 
4286 2544 2546 2545 
4287 1103 1277 1104 
4288 2251 3867 2376 
4289 426 3986 801 
4290 1519 4136 1749 
4291 1282 2544 1591 
4292 2187 2526 1877 
4293 1544 4136 1521 
4294 3255 3590 3589 
4295 433 4087 493 
4296 708 1779 706 
4297 2362 2630 2578 
4298 1166 4219 1273 
4299 3137 3599 2432 
4300 2959 4010 2961 
4301 549 551 550 
4302 2824 4399 3619 
4303 2528 3844 2526 
4304 1536 4012 1559 
4305 1111 1251 1250 
4306 2546 2549 2547 
4307 556 558 557 
4308 3150 3151 2439 
4309 1770 2106 2105 
4310 1543 3961 2216 
4311 746 3984 2517 
4312 4574 4831 4238 
4313 592 601 600 
4314 3707 3709 3708 
4315 2792 4379 4079 
4316 576 1063 578 
4317 2818 3867 2251 
4318 693 4185 683 
4319 1446 3977 1316 
4320 1134 4146 1132 
4321 1636 4002 1634 
4322 890 1041 877 
4323 2106 2726 2725 
4324 2325 2327 2326 
4325 2385 3083 2287 
4326 2728 3294 2661 
4327 2691 2692 2543 
4328 1037 3739 966 
4329 4819 4927 2743 
4330 3819 4702 3551 
4331 3835 4575 880 
4332 1216 1218 1217 
4333 3662 5390 3634 
4334 2901 4007 2611 
4335 2448 2815 2814 
4336 1277 1429 1311 
4337 825 1077 1076 
4338 447 448 446 
4339 2541 2543 2539 
4340 1703 4353 4344 
4341 2522 3091 894 
4342 427 428 426 
4343 2538 2542 2540 
4344 3255 3589 3256 
4345 1459 3626 3625 
4346 1093 1102 1094 
4347 524 823 523 
4348 589 591 586 
4349 1371 1578 1369 
4350 601 607 606 
4351 3057 4033 2860 
4352 2311 3085 2315 
4353 1559 1992 1902 
4354 1276 4108 1432 
4355 1557 4019 1554 
4356 2965 3978 2963 
4357 3946 3947 3809 
4358 2519 3702 3701 
4359 1341 4117 1186 
4360 2216 2807 2490 
4361 449 450 448 
4362 2074 2075 2073 
4363 1612 4015 1330 
4364 451 452 450 
4365 2542 3284 2685 
4366 1771 2646 2246 
4367 2030 3992 1789 
4368 3750 3784 1617 
4369 793 3974 744 
4370 1556 1557 1554 
4371 607 620 619 
4372 2560 3079 2561 
4373 427 3937 1581 
4374 2290 2292 2291 
4375 2370 2385 2287 
4376 2880 4235 2606 
4377 2327 2391 2390 
4378 1489 3964 1506 
4379 2427 2479 2428 
4380 3626 3628 3627 
4381 2964 2966 2962 
4382 3521 3522 2826 
4383 2040 4041 1728 
4384 1543 1782 1547 
4385 1693 1893 1892 
4386 1698 4002 1636 
4387 2825 4018 2258 
4388 1981 2003 2002 
4389 2013 2014 2012 
4390 1463 4138 1788 
4391 801 3986 1986 
4392 1861 2054 2053 
4393 2869 3540 3539 
4394 981 982 980 
4395 4051 4726 1162 
4396 1021 1026 1019 
4397 1532 1693 1692 
4398 3151 5111 2439 
4399 427 1581 429 
4400 814 816 815 
4401 835 4024 794 
4402 434 436 432 
4403 1432 3976 1771 
4404 2279 2917 2751 
4405 702 894 700 
4406 977 978 976 
4407 1574 3855 815 
4408 2076 4102 2510 
4409 1676 2568 1674 
4410 3057 4034 4033 
4411 501 502 500 
4412 2860 4033 2858 
4413 2977 4006 1320 
4414 827 1308 819 
4415 652 654 653 
4416 2707 3112 2136 
4417 431 4087 433 
4418 2491 2492 2217 
4419 1285 1286 1283 
4420 562 564 563 
4421 3395 4657 2805 
4422 667 798 665 
4423 2553 2554 2548 
4424 3876 3878 3877 
4425 429 430 428 
4426 2446 3933 2919 
4427 2551 4002 1698 
4428 1235 1398 1392 
4429 2537 3940 2538 
4430 2675 3634 3633 
4431 1060 1165 1059 
4432 2907 3583 2909 
4433 3628 3631 3630 
4434 1766 1926 1767 
4435 2262 2795 1875 
4436 1368 1369 1367 
4437 1642 4106 1645 
4438 634 637 636 
4439 2393 2744 2458 
4440 2681 2682 2258 
4441 424 3937 427 
4442 2852 4058 2853 
4443 1271 4003 1252 
4444 496 500 495 
4445 4155 4156 793 
4446 2815 3261 2816 
4447 2365 2896 2895 
4448 888 4103 919 
4449 2844 4202 4074 
4450 537 540 539 
4451 995 1000 997 
4452 620 2782 632 
4453 560 562 561 
4454 2425 3550 2993 
4455 3220 3714 2192 
4456 4180 4730 2023 
4457 1963 2404 1964 
4458 1494 1590 1492 
4459 2036 2047 2046 
4460 543 546 545 
4461 1368 1370 1369 
4462 1497 1548 1499 
4463 1393 1935 1721 
4464 1366 1367 1365 
4465 1554 4019 1553 
4466 2527 2528 2526 
4467 2045 2679 2040 
4468 2029 2030 1789 
4469 1342 1344 1343 
4470 1364 1366 1365 
4471 2505 4050 3888 
4472 1995 4138 1461 
4473 1940 1942 1941 
4474 2062 2171 2063 
4475 674 676 675 
4476 1366 1368 1367 
4477 1314 1566 1565 
4478 2513 4560 4223 
4479 2510 4102 3093 
4480 639 652 651 
4481 3928 3931 1026 
4482 3207 3288 2699 
4483 1497 3994 1548 
4484 1370 1371 1369 
4485 751 834 781 
4486 795 811 794 
4487 1559 4012 1992 
4488 487 4166 4129 
4489 2295 2296 2075 
4490 1631 2886 2885 
4491 1977 3956 1978 
4492 2864 2868 2867 
4493 1323 1773 1350 
4494 1039 1059 1009 
4495 908 909 906 
4496 588 4067 585 
4497 620 632 631 
4498 1330 3170 1582 
4499 777 794 776 
4500 2251 2376 2250 
4501 3176 3177 2618 
4502 958 4386 1163 
4503 2813 2910 2447 
4504 2005 2446 2004 
4505 1578 3983 1369 
4506 1986 2250 1985 
4507 3094 3173 2671 
4508 1626 4127 3995 
4509 1507 4009 1661 
4510 2819 3342 2730 
4511 1972 2425 2181 
4512 1202 2399 1204 
4513 2762 3349 2567 
4514 3227 3228 2690 
4515 3709 3711 3710 
4516 4159 4265 1763 
4517 503 505 502 
4518 1430 1766 1710 
4519 2535 2537 2536 
4520 564 566 565 
4521 1373 4018 3982 
4522 2394 2431 2284 
4523 779 799 778 
4524 2187 2527 2526 
4525 4119 4121 2078 
4526 698 1629 693 
4527 1282 3995 2544 
4528 2043 2316 2042 
4529 3092 3597 3091 
4530 1972 2518 2425 
4531 2889 3555 3554 
4532 3483 4572 3485 
4533 3880 4662 2259 
4534 1511 1543 1540 
4535 2242 3956 1977 
4536 594 1989 588 
4537 3713 4386 956 
4538 1446 4581 3977 
4539 2983 4010 2959 
4540 497 507 498 
4541 570 1624 572 
4542 3985 4017 2517 
4543 510 513 509 
4544 330 4918 4917 
4545 438 3936 1573 
4546 506 509 505 
4547 1556 1558 1557 
4548 2515 3031 2516 
4549 3876 3879 3878 
4550 1829 2551 1698 
4551 1161 1467 1158 
4552 988 4001 990 
4553 2894 4047 3295 
4554 1881 3975 2701 
4555 1370 1372 1371 
4556 1956 2768 2767 
4557 2943 2945 2944 
4558 2682 2825 2258 
4559 1066 4057 1032 
4560 2961 2963 2962 
4561 910 920 909 
4562 4049 5174 3056 
4563 2976 2977 1320 
4564 2652 2653 2039 
4565 530 536 532 
4566 1552 1553 1550 
4567 2129 2442 2440 
4568 1667 1798 1668 
4569 1775 2318 1423 
4570 1369 3983 1367 
4571 1829 4045 2551 
4572 3929 4448 2513 
4573 2442 3222 2440 
4574 666 3757 1458 
4575 2117 2636 2306 
4576 2425 2993 2181 
4577 3879 3880 3878 
4578 2526 4161 1877 
4579 1300 1607 1321 
4580 2409 4869 4467 
4581 2258 4018 1853 
4582 2478 3828 1250 
4583 1327 3858 1140 
4584 3762 3764 3763 
4585 10 2366 287 
4586 492 495 491 
4587 1665 4113 469 
4588 2747 2889 2888 
4589 1279 4984 1632 
4590 1926 2361 1927 
4591 1423 4207 1160 
4592 1513 4130 1510 
4593 3951 4122 1533 
4594 1373 3982 1371 
4595 2495 2947 2493 
4596 3011 3214 2351 
4597 2850 2903 2852 
4598 716 2535 1584 
4599 554 556 555 
4600 2129 4030 2442 
4601 2298 2299 2297 
4602 685 1583 694 
4603 3877 3882 3881 
4604 1372 1373 1371 
4605 1972 2181 1696 
4606 1805 3870 1435 
4607 493 4087 1968 
4608 3890 4987 3889 
4609 744 3974 647 
4610 601 936 607 
4611 3275 4088 3277 
4612 2856 2865 2863 
4613 1935 2064 1936 
4614 2065 2469 2467 
4615 1845 1846 1712 
4616 755 776 754 
4617 1732 4013 1525 
4618 2557 3864 2556 
4619 1186 4117 1058 
4620 2103 2402 2336 
4621 2884 4009 1507 
4622 2248 2249 1993 
4623 2853 4058 2856 
4624 1344 1427 1346 
4625 1553 4049 1550 
4626 3066 3090 2477 
4627 3606 3665 3664 
4628 2654 4210 2653 
4629 1777 1972 1696 
4630 1506 4036 4035 
4631 2468 3515 3512 
4632 3877 3881 3875 
4633 2945 2990 2946 
4634 1507 1661 1504 
4635 2545 4162 1591 
4636 985 986 984 
4637 2461 2463 2462 
4638 1083 1720 1081 
4639 435 3747 434 
4640 683 4185 681 
4641 1895 4148 2305 
4642 654 657 656 
4643 560 4006 562 
4644 1313 1706 1705 
4645 451 453 452 
4646 1389 1763 1298 
4647 3707 3708 3522 
4648 2957 2959 2958 
4649 1853 4018 1395 
4650 2129 2440 2130 
4651 449 451 450 
4652 2898 2902 2901 
4653 773 4454 1722 
4654 1441 4059 1339 
4655 1550 4049 1549 
4656 3555 3557 3556 
4657 2295 2298 2297 
4658 2961 4010 2965 
4659 1404 1667 1405 
4660 2293 2689 1912 
4661 772 4238 788 
4662 2869 3539 2842 
4663 1395 4018 1373 
4664 2732 2733 2498 
4665 620 631 619 
4666 923 924 916 
4667 2281 2282 1909 
4668 1579 3874 582 
4669 2990 2992 2991 
4670 2653 4056 2039 
4671 2074 2294 2075 
4672 1427 1777 1696 
4673 2939 2940 2938 
4674 2994 3412 2821 
4675 2679 4041 2040 
4676 2826 3938 2825 
4677 1685 1853 1395 
4678 2442 4030 3275 
4679 3557 3559 3558 
4680 487 490 489 
4681 1765 3836 1348 
4682 1898 4200 2279 
4683 4120 4121 4119 
4684 2941 2942 2940 
4685 554 555 551 
4686 525 527 526 
4687 1957 3682 2793 
4688 2490 4220 2491 
4689 1427 1696 1346 
4690 2257 2681 2258 
4691 438 1573 436 
4692 1992 1993 1902 
4693 1342 1343 1341 
4694 795 812 811 
4695 1842 4030 2129 
4696 1526 1527 1525 
4697 517 519 518 
4698 2671 4157 2080 
4699 447 449 448 
4700 3978 3979 2968 
4701 1546 1549 1545 
4702 515 517 516 
4703 1497 1499 1498 
4704 3879 3884 3880 
4705 2403 4028 4027 
4706 938 3856 1125 
4707 1842 2129 1843 
4708 3882 3883 3881 
4709 1232 3713 954 
4710 1528 1529 1527 
4711 1783 1784 1558 
4712 432 3954 430 
4713 3306 4559 2116 
4714 1874 1875 1760 
4715 3131 3415 3130 
4716 307 4540 3477 
4717 238 4805 68 
4718 914 2173 912 
4719 629 4070 617 
4720 2442 3274 3222 
4721 2808 2809 2686 
4722 2277 4451 3496 
4723 3732 3733 2809 
4724 511 515 512 
4725 2802 2803 2801 
4726 2937 2938 2387 
4727 2702 4022 2623 
4728 2501 3698 3607 
4729 389 4163 1631 
4730 1058 1990 992 
4731 2245 2477 2214 
4732 1520 1521 1519 
4733 750 793 744 
4734 2148 2215 1784 
4735 2523 2524 2193 
4736 2517 4017 3088 
4737 1522 1523 1521 
4738 2568 4175 1674 
4739 3930 3931 3928 
4740 567 3823 3822 
4741 2463 2464 2462 
4742 1524 1525 1523 
4743 1462 1899 1460 
4744 4211 4363 1599 
4745 2299 2300 2297 
4746 1366 1840 1368 
4747 646 878 648 
4748 507 511 508 
4749 2018 2019 1322 
4750 1685 1885 1853 
4751 814 4007 816 
4752 4288 5249 4289 
4753 1788 4138 2523 
4754 1321 1438 1394 
4755 2440 2441 2130 
4756 101 270 100 
4757 211 269 210 
4758 426 801 425 
4759 2670 2671 2080 
4760 1238 1601 1146 
4761 2295 4005 2298 
4762 443 839 445 
4763 1518 1519 1517 
4764 4293 4355 1013 
4765 534 932 590 
4766 1937 2076 1734 
4767 625 2055 519 
4768 1372 1374 1373 
4769 3885 3886 3884 
4770 2862 3057 2860 
4771 584 586 585 
4772 5265 5408 1938 
4773 1374 1842 1586 
4774 582 584 583 
4775 1516 1517 1515 
4776 1027 1028 1026 
4777 1344 1346 1343 
4778 1287 1288 1286 
4779 4734 5334 4027 
4780 4030 4088 3275 
4781 2617 2618 2098 
4782 2881 4500 3941 
4783 2417 3797 2090 
4784 2925 2926 2924 
4785 1035 1036 924 
4786 1466 2132 1464 
4787 585 4067 583 
4788 580 582 581 
4789 553 554 551 
4790 2257 2258 1853 
4791 1842 4055 4030 
4792 2686 4210 2654 
4793 2168 3039 2009 
4794 3541 4747 3542 
4795 4148 4149 2802 
4796 2299 4052 2300 
4797 2469 3077 3076 
4798 3068 3487 3058 
4799 4201 5142 1701 
4800 1370 1781 1372 
4801 3353 3354 3352 
4802 1245 1248 1247 
4803 2015 2016 2014 
4804 2441 4518 3234 
4805 1514 1515 1513 
4806 423 3937 424 
4807 1136 1164 1134 
4808 2474 3980 2472 
4809 2519 3701 2482 
4810 1965 4417 1687 
4811 578 580 579 
4812 1374 1395 1373 
4813 2626 3474 3470 
4814 2141 2142 1863 
4815 445 447 446 
4816 2614 2891 2569 
4817 1539 1545 1538 
4818 4074 4202 479 
4819 2624 2702 2623 
4820 1842 1843 1586 
4821 2129 2130 1843 
4822 1497 1498 1496 
4823 2071 2074 2073 
4824 3331 3333 3332 
4825 919 4103 1005 
4826 1623 1805 1435 
4827 1697 4110 1828 
4828 1552 1554 1553 
4829 1942 2010 1943 
4830 1798 2069 1864 
4831 3093 3263 2736 
4832 4089 4090 3631 
4833 2049 2403 2047 
4834 1110 1111 1036 
4835 2494 4220 2497 
4836 1778 4192 2005 
4837 1248 1282 1247 
4838 1142 1327 1140 
4839 1586 1685 1395 
4840 1374 4055 1842 
4841 2856 4058 2865 
4842 1084 4286 1086 
4843 3827 4450 4100 
4844 640 643 641 
4845 470 1599 468 
4846 1055 1112 1054 
4847 1470 4319 1765 
4848 2673 3250 2672 
4849 1368 4038 1370 
4850 2565 3864 2557 
4851 1647 1762 1761 
4852 3878 4072 3877 
4853 640 641 637 
4854 2843 2869 2842 
4855 4376 5345 2930 
4856 576 578 577 
4857 3877 4072 3882 
4858 1082 3897 1911 
4859 1530 1532 1529 
4860 993 995 994 
4861 753 769 741 
4862 1125 1345 1127 
4863 2294 2295 2075 
4864 2694 3130 2527 
4865 801 1985 1794 
4866 2442 3275 3274 
4867 2636 3694 3125 
4868 440 3936 438 
4869 643 646 644 
4870 1023 1025 1024 
4871 1840 4038 1368 
4872 405 4164 407 
4873 2045 2680 2679 
4874 716 4039 2535 
4875 1885 2257 1853 
4876 1949 2042 1764 
4877 1685 1886 1885 
4878 1586 4053 1685 
4879 2595 2621 2549 
4880 886 1004 885 
4881 2441 3234 2550 
4882 1243 1245 1244 
4883 1989 4067 588 
4884 1622 2056 1620 
4885 2656 2686 2654 
4886 560 561 558 
4887 1374 1586 1395 
4888 1323 4064 1773 
4889 2637 4045 1829 
4890 1488 1490 1486 
4891 738 746 737 
4892 1023 4498 1580 
4893 868 885 867 
4894 1000 1009 997 
4895 2070 2071 1804 
4896 1992 4327 2248 
4897 467 1665 469 
4898 4817 4942 3059 
4899 2824 4327 4191 
4900 2867 4821 4748 
4901 1372 4055 1374 
4902 3709 3710 3708 
4903 1177 3925 1075 
4904 2186 2187 1877 
4905 749 754 747 
4906 1259 1785 1296 
4907 3883 3922 3881 
4908 1370 4038 1781 
4909 1843 4053 1586 
4910 1030 1054 1029 
4911 1017 1953 1015 
4912 3197 3233 2455 
4913 2841 2842 2840 
4914 2952 2953 2678 
4915 2943 2944 2942 
4916 1871 1984 1872 
4917 1115 3832 1113 
4918 2962 3993 2958 
4919 4641 4649 3586 
4920 1399 1452 1392 
4921 3082 3475 2996 
4922 2622 2623 2621 
4923 1685 4053 1886 
4924 657 820 658 
4925 2865 3002 2863 
4926 1287 1292 1289 
4927 1572 3747 435 
4928 1621 4105 1754 
4929 3479 4425 350 
4930 531 4004 3594 
4931 1645 1647 1646 
4932 2446 2919 2449 
4933 1546 1550 1549 
4934 1412 3854 3851 
4935 608 609 605 
4936 1543 1547 1540 
4937 2029 2445 2030 
4938 502 4459 504 
4939 1885 2259 2257 
4940 2241 2916 2383 
4941 1317 1375 1316 
4942 4002 4083 1634 
4943 2185 4125 3056 
4944 2279 4200 3154 
4945 2263 4509 4508 
4946 754 3984 747 
4947 939 3431 3430 
4948 1781 4055 1372 
4949 1093 4098 2875 
4950 1380 1397 1379 
4951 1697 1698 1636 
4952 1638 2582 1640 
4953 1828 4110 2163 
4954 1913 2763 884 
4955 3434 4844 2573 
4956 2927 4424 3810 
4957 1881 2701 2700 
4958 3358 3681 3276 
4959 1806 2111 1805 
4960 317 5159 3445 
4961 3325 3326 3324 
4962 1948 2576 2414 
4963 2554 4162 2548 
4964 3169 4016 2449 
4965 621 622 609 
4966 2735 3120 2723 
4967 2370 3060 2385 
4968 866 867 865 
4969 1291 1316 1290 
4970 1508 2884 1507 
4971 4010 4011 2965 
4972 1289 1290 1288 
4973 4288 4289 295 
4974 735 737 734 
4975 424 426 425 
4976 3827 4100 1691 
4977 2957 2960 2959 
4978 747 3984 746 
4979 3842 5099 2519 
4980 423 424 422 
4981 1484 1615 1482 
4982 1506 4035 1488 
4983 420 423 422 
4984 2441 2550 2130 
4985 3033 3242 3031 
4986 2576 2841 2840 
4987 1537 1538 1535 
4988 2133 2672 2132 
4989 626 627 622 
4990 2112 2400 2111 
4991 985 4278 987 
4992 1418 4158 1389 
4993 1641 4161 1704 
4994 2841 2844 2843 
4995 1696 4073 1346 
4996 3155 3440 2499 
4997 453 455 452 
4998 638 639 627 
4999 2980 2988 2981 
5000 1908 1909 1716 
5001 1140 3858 1138 
5002 2293 2690 2689 
5003 4838 4874 3070 
5004 1123 1237 1236 
5005 1976 3895 1850 
5006 486 4054 488 
5007 3012 3038 2218 
5008 1412 3851 3850 
5009 1876 1877 1643 
5010 475 1666 478 
5011 868 4186 897 
5012 2376 3280 2949 
5013 1432 4108 3976 
5014 1891 4344 2321 
5015 532 4004 531 
5016 2841 2843 2842 
5017 634 4111 640 
5018 3606 4426 3665 
5019 2295 2297 2296 
5020 1895 2305 2304 
5021 2447 3933 2446 
5022 3580 3724 1227 
5023 436 3954 432 
5024 1187 1261 1066 
5025 2181 4073 1696 
5026 1190 2078 1329 
5027 864 865 863 
5028 471 782 473 
5029 488 576 575 
5030 1642 1645 1644 
5031 458 460 459 
5032 2614 3017 2891 
5033 2163 2921 2920 
5034 3761 3762 2726 
5035 606 1038 600 
5036 3738 3739 1037 
5037 416 419 418 
5038 1218 1219 1217 
5039 377 4772 4771 
5040 1619 4105 1621 
5041 1505 1507 1504 
5042 2061 4645 3516 
5043 1638 4075 2582 
5044 554 4183 556 
5045 3275 3276 3274 
5046 643 644 641 
5047 2199 4485 2211 
5048 1539 1546 1545 
5049 1782 2066 1547 
5050 415 416 414 
5051 420 422 421 
5052 2071 4132 2074 
5053 801 1794 425 
5054 908 910 909 
5055 1863 4177 1730 
5056 410 412 411 
5057 3897 3898 1911 
5058 556 4183 559 
5059 456 458 457 
5060 1376 1377 1375 
5061 1286 3995 1283 
5062 2257 4061 2681 
5063 2646 5091 3063 
5064 484 487 486 
5065 2945 2946 2944 
5066 1172 4077 1306 
5067 2131 2137 2095 
5068 2990 2991 2946 
5069 813 814 812 
5070 2882 3055 415 
5071 488 575 485 
5072 456 1067 458 
5073 1142 4065 1327 
5074 1308 3947 3946 
5075 3275 3277 3276 
5076 3346 5396 343 
5077 3277 3359 3358 
5078 2630 2683 2578 
5079 1777 4115 1972 
5080 2162 2637 1829 
5081 4569 4599 3458 
5082 2453 5002 4352 
5083 2130 4060 1843 
5084 2782 4111 632 
5085 2847 2870 2845 
5086 1555 1556 1554 
5087 1645 4106 3837 
5088 1897 4149 4148 
5089 1843 4060 4053 
5090 709 710 708 
5091 2159 2581 2114 
5092 1340 1341 1186 
5093 1211 4222 1209 
5094 2065 4184 2469 
5095 2337 4042 2338 
5096 475 477 474 
5097 478 481 477 
5098 482 483 481 
5099 484 485 483 
5100 486 488 485 
5101 473 474 472 
5102 424 425 422 
5103 471 472 470 
5104 2446 2449 2004 
5105 702 2522 894 
5106 2185 2569 1794 
5107 453 456 455 
5108 2576 2840 2414 
5109 1203 4078 1201 
5110 2305 2801 2798 
5111 988 990 989 
5112 1948 2414 1982 
5113 3286 3287 2378 
5114 2959 2961 2958 
5115 4055 4088 4030 
5116 919 1005 1003 
5117 1828 1829 1698 
5118 2850 4211 2903 
5119 923 1035 924 
5120 469 470 468 
5121 452 1701 450 
5122 1215 4253 1263 
5123 2448 4192 2815 
5124 2919 3169 2449 
5125 3743 4325 4000 
5126 419 420 418 
5127 2403 4027 4026 
5128 729 734 728 
5129 1748 3568 3567 
5130 1502 1504 1501 
5131 127 4296 308 
5132 992 4001 988 
5133 1362 1933 1364 
5134 2497 2732 2498 
5135 1283 3995 1282 
5136 676 678 677 
5137 1090 1093 1092 
5138 682 684 683 
5139 2185 3056 2614 
5140 1190 1328 1189 
5141 680 682 681 
5142 1631 4163 2886 
5143 750 4155 793 
5144 1364 4040 1366 
5145 1398 1400 1399 
5146 678 680 679 
5147 3460 3462 3164 
5148 604 605 599 
5149 1111 1254 1251 
5150 2692 3564 2543 
5151 3628 4089 3631 
5152 807 808 806 
5153 2113 2615 2115 
5154 1982 4101 1746 
5155 2740 4752 3641 
5156 3915 3916 3914 
5157 1032 4057 1569 
5158 2539 4086 2536 
5159 1601 4065 1146 
5160 1021 1027 1026 
5161 3522 3938 2826 
5162 715 716 714 
5163 3097 3098 2416 
5164 646 648 647 
5165 640 1616 643 
5166 3322 3324 3323 
5167 2891 4226 2569 
5168 2185 2614 2569 
5169 1512 1513 1510 
5170 2871 3499 3078 
5171 1621 1754 1753 
5172 2249 2871 2688 
5173 2664 2924 2457 
5174 2618 4102 2098 
5175 2550 4060 2130 
5176 1635 1638 1637 
5177 2961 2962 2958 
5178 2149 3127 2601 
5179 2051 4218 2049 
5180 2187 2694 2527 
5181 1556 1783 1558 
5182 1499 1503 1500 
5183 1488 4035 1490 
5184 3277 3358 3276 
5185 559 1320 560 
5186 2054 2421 2389 
5187 1697 1828 1698 
5188 471 4113 782 
5189 2321 2322 2320 
5190 1205 4282 1203 
5191 2008 4388 2602 
5192 1366 4040 1840 
5193 1236 3997 1300 
5194 483 1605 481 
5195 4304 5189 5095 
5196 1643 4161 1641 
5197 990 993 991 
5198 3769 4636 3067 
5199 504 4206 500 
5200 2844 4074 2846 
5201 777 795 794 
5202 2993 3741 3116 
5203 420 421 418 
5204 2683 3939 2578 
5205 1505 1509 1508 
5206 3929 4223 3930 
5207 2522 3092 3091 
5208 2993 3116 2181 
5209 726 3392 736 
5210 2421 3037 3035 
5211 1652 1897 1727 
5212 711 712 710 
5213 3429 4437 4406 
5214 2843 4104 2869 
5215 2551 4085 4002 
5216 1030 4406 1055 
5217 4191 4327 4012 
5218 2323 2324 2322 
5219 755 777 776 
5220 2844 2846 2845 
5221 4088 4095 3277 
5222 4133 4202 2576 
5223 727 728 717 
5224 460 462 461 
5225 3209 5048 316 
5226 713 714 712 
5227 2385 3084 3083 
5228 4214 4768 2596 
5229 2694 3131 3130 
5230 450 4046 448 
5231 549 550 548 
5232 1358 1755 1360 
5233 5125 5193 3009 
5234 2510 3093 2736 
5235 527 529 528 
5236 1526 1528 1527 
5237 1461 4138 1463 
5238 407 4164 1619 
5239 3298 3301 3300 
5240 1328 1610 1609 
5241 241 3792 305 
5242 1828 2163 2162 
5243 862 863 861 
5244 748 2587 775 
5245 2100 3780 2099 
5246 1035 1110 1036 
5247 866 4186 868 
5248 972 974 973 
5249 1783 2148 1784 
5250 422 4084 421 
5251 1551 1552 1550 
5252 1112 1655 1654 
5253 467 468 466 
5254 2414 2415 1982 
5255 3330 3331 2733 
5256 1514 1516 1515 
5257 1633 4075 1635 
5258 968 972 971 
5259 646 647 644 
5260 462 465 464 
5261 2597 2598 1988 
5262 2534 2695 1996 
5263 3277 4095 3359 
5264 1952 3868 1846 
5265 418 4020 417 
5266 2259 4061 2257 
5267 2419 3438 3437 
5268 1524 1526 1525 
5269 3864 3865 2556 
5270 2556 3865 3524 
5271 2415 2416 1982 
5272 1528 1530 1529 
5273 1400 1414 1413 
5274 1346 4073 1627 
5275 1985 2185 1794 
5276 1956 2767 1932 
5277 1537 1539 1538 
5278 1518 1520 1519 
5279 745 751 750 
5280 707 708 706 
5281 1520 1522 1521 
5282 425 4084 422 
5283 2616 3172 2391 
5284 4016 4115 2449 
5285 485 4069 483 
5286 4750 5022 4447 
5287 1930 2619 1929 
5288 1803 1804 1691 
5289 1635 1637 1636 
5290 3742 4743 4391 
5291 1603 4130 1513 
5292 2035 2037 2033 
5293 487 489 486 
5294 648 745 744 
5295 1948 1982 1746 
5296 634 640 637 
5297 3830 4137 3831 
5298 2163 2920 2378 
5299 1442 2135 1593 
5300 1516 1518 1517 
5301 1522 1524 1523 
5302 1332 3859 1331 
5303 1635 1636 1634 
5304 407 408 406 
5305 1300 3997 1607 
5306 1110 4083 1111 
5307 2846 2848 2847 
5308 2577 4069 575 
5309 2497 4220 3397 
5310 1378 1379 1377 
5311 2234 2345 1889 
5312 1270 1623 1435 
5313 477 480 474 
5314 2920 3286 2378 
5315 1330 1582 1168 
5316 1604 2013 2012 
5317 1822 1983 1821 
5318 1505 1508 1507 
5319 1730 1878 1418 
5320 449 454 451 
5321 1637 1697 1636 
5322 2238 3259 2207 
5323 593 1396 598 
5324 2546 2595 2549 
5325 1393 4219 1935 
5326 2617 3176 2618 
5327 598 599 594 
5328 4038 4095 1781 
5329 1437 4236 1969 
5330 514 521 513 
5331 1641 1704 1639 
5332 414 4068 412 
5333 2862 3058 3057 
5334 1820 1821 1819 
5335 1512 1514 1513 
5336 1285 1287 1286 
5337 1633 1635 1634 
5338 2921 2922 2920 
5339 847 3854 1412 
5340 4730 4896 3201 
5341 463 1948 1746 
5342 2393 2458 2087 
5343 2489 2878 2294 
5344 2844 2845 2843 
5345 462 464 463 
5346 1559 1902 1841 
5347 1086 2068 1088 
5348 2376 2949 2250 
5349 2415 3097 2416 
5350 2853 2854 2851 
5351 410 413 412 
5352 638 1013 639 
5353 2163 2378 2162 
5354 1049 1105 1048 
5355 413 2882 415 
5356 1320 4006 560 
5357 770 783 771 
5358 1781 4088 4055 
5359 3626 3629 3628 
5360 2864 2867 2866 
5361 1828 2162 1829 
5362 4101 4203 1746 
5363 1633 1634 1110 
5364 823 2668 2667 
5365 3623 3715 596 
5366 2400 3285 3257 
5367 2529 2989 2337 
5368 2947 5071 3532 
5369 2255 2638 2254 
5370 1876 2186 1877 
5371 2482 4024 835 
5372 1610 1836 1611 
5373 2624 2779 2702 
5374 556 557 555 
5375 1502 1505 1504 
5376 577 2577 575 
5377 593 594 588 
5378 1509 1511 1510 
5379 1183 1184 1182 
5380 1305 1312 1184 
5381 408 4097 410 
5382 1248 1283 1282 
5383 456 457 455 
5384 2307 3138 2603 
5385 392 394 393 
5386 397 398 396 
5387 2746 2747 2476 
5388 1046 1425 1264 
5389 2515 2516 1984 
5390 1536 1559 1541 
5391 3154 4044 2917 
5392 674 675 673 
5393 421 4020 418 
5394 1164 4146 1134 
5395 701 704 703 
5396 966 968 967 
5397 1937 2098 2076 
5398 3083 4153 2287 
5399 481 4081 477 
5400 1449 1937 1734 
5401 2325 2326 2324 
5402 2856 2863 2857 
5403 2010 2506 2011 
5404 614 615 613 
5405 490 491 489 
5406 1846 1848 1847 
5407 2697 3258 2361 
5408 1638 1639 1637 
5409 3524 4162 2554 
5410 1973 4070 629 
5411 336 4093 3783 
5412 2305 4148 2802 
5413 749 755 754 
5414 3334 3337 3336 
5415 2416 4101 1982 
5416 416 418 417 
5417 1181 1182 1180 
5418 2777 2778 2064 
5419 2870 4104 2845 
5420 1346 1627 1343 
5421 632 4111 634 
5422 1210 1604 1212 
5423 1634 4083 1110 
5424 2584 2586 2585 
5425 413 4097 2882 
5426 2646 3063 2246 
5427 2449 4115 2004 
5428 3165 3956 2242 
5429 2848 2850 2849 
5430 2853 2856 2855 
5431 2099 2812 2811 
5432 2963 2968 2964 
5433 1058 4117 1990 
5434 2469 4184 3248 
5435 2916 4987 3229 
5436 354 5110 144 
5437 1693 2873 1893 
5438 4035 4037 1490 
5439 549 553 551 
5440 2338 4042 2419 
5441 2264 2268 2266 
5442 495 1659 491 
5443 3053 3283 2585 
5444 1521 4136 1519 
5445 2019 2214 2213 
5446 1278 3925 1177 
5447 458 459 457 
5448 1132 1596 1130 
5449 2163 4110 2921 
5450 738 747 746 
5451 2403 4218 4028 
5452 2162 4107 2637 
5453 531 3593 528 
5454 978 980 979 
5455 2760 4753 2739 
5456 413 414 412 
5457 4027 4029 4026 
5458 2850 2852 2851 
5459 1547 1987 1540 
5460 2846 2847 2845 
5461 1850 3895 1849 
5462 466 479 464 
5463 1635 4075 1638 
5464 1675 1676 1674 
5465 460 461 459 
5466 3419 5013 3854 
5467 860 861 859 
5468 1452 4213 1392 
5469 2106 3761 2726 
5470 382 384 383 
5471 1530 1533 1532 
5472 2956 2969 311 
5473 2841 4202 2844 
5474 2886 3516 2885 
5475 3843 5073 3842 
5476 406 4140 404 
5477 671 1736 669 
5478 1781 4095 4088 
5479 2271 4338 2267 
5480 3021 3099 3020 
5481 648 744 647 
5482 780 4250 4155 
5483 917 923 916 
5484 1762 2006 1761 
5485 608 621 609 
5486 3506 3507 1102 
5487 3164 4080 2692 
5488 3116 4073 2181 
5489 1025 1029 1024 
5490 1106 1255 1105 
5491 1035 1633 1110 
5492 2548 4162 2545 
5493 2670 3094 2671 
5494 1111 4083 1254 
5495 621 626 622 
5496 2234 4021 2345 
5497 4633 4940 325 
5498 1645 1646 1644 
5499 1552 1555 1554 
5500 1065 1066 1032 
5501 3166 3168 3167 
5502 489 4054 486 
5503 626 638 627 
5504 1328 1609 1189 
5505 1511 1540 1512 
5506 2857 2858 2855 
5507 3499 5041 4968 
5508 1556 4143 1783 
5509 897 4118 1033 
5510 502 504 500 
5511 1360 4076 1362 
5512 2041 2045 2040 
5513 1990 4001 992 
5514 800 836 799 
5515 2859 2864 2861 
5516 3473 4514 2800 
5517 2595 2622 2621 
5518 2305 2798 2304 
5519 1509 1510 1508 
5520 1399 4142 1452 
5521 463 1746 461 
5522 378 380 379 
5523 1103 1104 1100 
5524 3287 4107 2378 
5525 2732 3330 2733 
5526 2569 4084 1794 
5527 1896 2040 1728 
5528 2465 2659 2464 
5529 2062 2063 2001 
5530 2622 2624 2623 
5531 531 3594 3593 
5532 1500 1502 1501 
5533 548 4353 545 
5534 1879 2307 2244 
5535 3127 3278 2601 
5536 1757 2254 411 
5537 416 417 414 
5538 2744 3675 2458 
5539 469 4113 471 
5540 3226 3227 2690 
5541 735 738 737 
5542 3516 4584 4470 
5543 1546 1551 1550 
5544 1380 1404 1397 
5545 2013 2015 2014 
5546 1277 1311 1104 
5547 2016 2471 2461 
5548 3710 3712 3708 
5549 2534 3783 2745 
5550 745 750 744 
5551 604 608 605 
5552 1791 2696 1951 
5553 640 4111 1616 
5554 416 4096 419 
5555 726 4249 3392 
5556 2811 4218 2051 
5557 2327 2390 2326 
5558 2249 2688 1993 
5559 2958 3993 2956 
5560 2475 2476 2474 
5561 1933 4040 1364 
5562 1647 1761 1646 
5563 3106 3166 3107 
5564 465 466 464 
5565 1757 2584 2255 
5566 1623 1806 1805 
5567 2543 4086 2539 
5568 2695 4169 1996 
5569 4179 4240 2868 
5570 1650 2177 1416 
5571 796 817 756 
5572 2556 3524 2554 
5573 4296 4711 3003 
5574 717 4039 716 
5575 3033 3243 3242 
5576 1757 2255 2254 
5577 2991 3320 2946 
5578 3322 3323 2986 
5579 1156 1189 1155 
5580 824 840 802 
5581 1594 2457 1352 
5582 490 4129 1459 
5583 576 577 575 
5584 1619 4164 4105 
5585 1629 4185 693 
5586 2612 3958 2427 
5587 728 4039 717 
5588 2848 2849 2847 
5589 1516 1542 1518 
5590 2387 4170 1892 
5591 2004 4115 1777 
5592 2113 4221 2615 
5593 1551 5388 4332 
5594 2605 4499 2607 
5595 3019 3020 2261 
5596 1430 4261 1766 
5597 1429 1430 1311 
5598 384 386 385 
5599 574 3731 612 
5600 1948 4133 2576 
5601 562 563 561 
5602 1144 4404 1133 
5603 415 4096 416 
5604 1292 4188 1289 
5605 467 469 468 
5606 412 1757 411 
5607 408 410 409 
5608 2003 4124 2002 
5609 1877 4161 1643 
5610 2859 2860 2858 
5611 3555 3560 3557 
5612 1803 2070 1804 
5613 2586 3053 2585 
5614 1998 4383 2589 
5615 1014 2017 1016 
5616 1638 1640 1639 
5617 3077 4116 3076 
5618 408 409 406 
5619 2451 4572 3483 
5620 5032 5047 4520 
5621 2910 3933 2447 
5622 2109 4347 2675 
5623 1287 1289 1288 
5624 1996 4169 1786 
5625 462 463 461 
5626 2098 4102 2076 
5627 649 1973 629 
5628 915 1073 917 
5629 3995 4127 2544 
5630 2798 4954 4939 
5631 729 735 734 
5632 809 810 808 
5633 1337 3685 1357 
5634 3429 4477 3428 
5635 2852 2853 2851 
5636 2074 4132 2489 
5637 1794 4084 425 
5638 1328 4063 1610 
5639 1331 1686 1669 
5640 704 1689 705 
5641 3656 4617 20 
5642 2581 4160 2114 
5643 1677 1789 1676 
5644 2157 2612 2427 
5645 2850 2851 2849 
5646 2978 2980 2979 
5647 1555 4143 1556 
5648 1823 2176 2174 
5649 2318 4208 4207 
5650 4467 4869 4468 
5651 1766 1767 1710 
5652 2070 4132 2071 
5653 2800 4514 4344 
5654 389 390 388 
5655 2220 2876 2750 
5656 2853 2855 2854 
5657 2692 4080 3564 
5658 3701 4024 2482 
5659 2005 4192 2448 
5660 1806 2112 2111 
5661 1655 1657 1656 
5662 988 989 986 
5663 1621 1622 1620 
5664 3144 3526 2950 
5665 1319 4190 1304 
5666 388 4145 386 
5667 1157 1158 1034 
5668 748 4199 2587 
5669 1031 1032 1028 
5670 3335 3996 3333 
5671 1841 1991 1541 
5672 3055 4096 415 
5673 3824 4225 898 
5674 707 709 708 
5675 2062 4470 2172 
5676 1876 2588 2186 
5677 522 533 521 
5678 2231 2796 2450 
5679 2940 3563 2938 
5680 413 415 414 
5681 2856 2857 2855 
5682 1037 4025 3732 
5683 1179 1180 1078 
5684 917 927 923 
5685 2437 3150 2439 
5686 1753 1854 1622 
5687 2845 4104 2843 
5688 402 404 403 
5689 1281 1946 1945 
5690 465 467 466 
5691 2608 2610 2609 
5692 2378 4107 2162 
5693 469 471 470 
5694 2871 3078 2688 
5695 479 4202 4133 
5696 2650 2877 2445 
5697 3564 4086 2543 
5698 448 499 446 
5699 3392 3683 736 
5700 1238 2717 1601 
5701 3433 4318 2644 
5702 1985 4125 2185 
5703 1251 4109 1270 
5704 2991 5247 3894 
5705 3883 4901 936 
5706 380 382 381 
5707 2588 2758 2186 
5708 1522 1531 1524 
5709 537 4478 540 
5710 2034 2036 2035 
5711 2747 3134 2889 
5712 2250 4125 1985 
5713 547 4313 549 
5714 2074 2489 2294 
5715 1033 1156 1155 
5716 1879 1912 1854 
5717 3084 3209 3083 
5718 4095 4195 3359 
5719 3941 4145 391 
5720 402 403 400 
5721 2660 2661 2659 
5722 2976 2978 2977 
5723 1640 1641 1639 
5724 1500 1501 1498 
5725 855 3952 3671 
5726 1020 1023 1022 
5727 392 395 394 
5728 412 4068 1757 
5729 1946 2151 2150 
5730 4038 4195 4095 
5731 1818 1819 1817 
5732 3031 3032 2516 
5733 564 565 563 
5734 718 785 696 
5735 471 473 472 
5736 1161 2231 1467 
5737 2342 2344 1970 
5738 1788 2523 2193 
5739 2135 2707 2136 
5740 2159 2703 2581 
5741 2491 4220 2494 
5742 709 711 710 
5743 3629 4089 3628 
5744 1076 1178 1078 
5745 2160 4803 3786 
5746 2443 3041 2204 
5747 473 475 474 
5748 3127 5430 3272 
5749 911 912 910 
5750 3371 3390 3373 
5751 2901 4181 4007 
5752 475 478 477 
5753 1614 2874 1675 
5754 2798 2872 2304 
5755 478 482 481 
5756 482 484 483 
5757 484 486 485 
5758 3473 4656 2719 
5759 4229 4230 4028 
5760 2112 4160 2400 
5761 2857 2859 2858 
5762 1677 1791 1790 
5763 2019 2213 1322 
5764 1511 1512 1510 
5765 1902 2182 1841 
5766 1926 1927 1767 
5767 1644 1876 1643 
5768 1156 1190 1189 
5769 879 895 838 
5770 1642 1643 1641 
5771 1254 4109 1251 
5772 1217 4253 1215 
5773 2115 2160 2159 
5774 715 717 716 
5775 1619 1620 1618 
5776 3619 4784 2755 
5777 1178 1322 1179 
5778 1536 1537 1535 
5779 1414 1712 1711 
5780 2036 2046 2035 
5781 1704 4178 1639 
5782 2769 4235 4165 
5783 1559 1841 1541 
5784 3780 4330 3781 
5785 1474 1939 1208 
5786 1935 4219 2777 
5787 1462 4255 1899 
5788 2864 2866 2861 
5789 2815 4192 3536 
5790 1852 2769 2139 
5791 455 4201 452 
5792 1362 4076 1933 
5793 1790 2029 1789 
5794 1289 1291 1290 
5795 575 4069 485 
5796 727 729 728 
5797 915 916 914 
5798 3188 4323 2457 
5799 398 400 399 
5800 459 476 457 
5801 578 579 577 
5802 995 997 994 
5803 405 406 404 
5804 3101 3102 1951 
5805 2244 2293 1912 
5806 795 813 812 
5807 1291 1317 1316 
5808 2944 3443 2942 
5809 695 4691 3565 
5810 1526 2824 1528 
5811 2584 2585 2255 
5812 3313 3314 2668 
5813 3086 3498 3087 
5814 3581 4357 1216 
5815 913 914 912 
5816 1237 3997 1236 
5817 1816 1817 1815 
5818 691 1589 689 
5819 2041 2260 2156 
5820 398 399 396 
5821 3863 4262 1770 
5822 2246 4383 1772 
5823 1940 1941 1939 
5824 3462 4080 3164 
5825 1754 4173 1753 
5826 2149 2499 2148 
5827 1532 4122 1693 
5828 2861 2862 2860 
5829 2439 5111 5101 
5830 713 715 714 
5831 868 897 886 
5832 1640 1642 1641 
5833 1534 1535 1533 
5834 2601 3155 2499 
5835 711 713 712 
5836 870 4007 814 
5837 570 3822 1624 
5838 907 908 906 
5839 407 1618 408 
5840 1759 1760 1408 
5841 1599 4363 4279 
5842 581 1257 579 
5843 1599 4279 468 
5844 2220 2749 820 
5845 1761 1903 1646 
5846 2064 4184 2065 
5847 2588 2759 2758 
5848 1642 1644 1643 
5849 4118 4186 4120 
5850 587 593 588 
5851 2382 3146 2381 
5852 1895 2304 1896 
5853 1763 4265 1298 
5854 608 628 621 
5855 1020 1021 1019 
5856 493 1968 497 
5857 3584 4450 2833 
5858 2142 4177 1863 
5859 825 1076 871 
5860 2309 2364 2308 
5861 1243 1244 1242 
5862 2928 4453 3703 
5863 598 604 599 
5864 729 1660 735 
5865 593 598 594 
5866 3059 3068 3058 
5867 1783 2149 2148 
5868 1499 1500 1498 
5869 1655 1656 1654 
5870 2544 4127 2546 
5871 410 411 409 
5872 1930 2641 2619 
5873 1614 1674 403 
5874 702 4099 2522 
5875 1128 1835 1126 
5876 4519 4589 1047 
5877 3992 4597 2568 
5878 2403 4026 2047 
5879 1530 1534 1533 
5880 1806 2113 2112 
5881 1270 4109 1623 
5882 738 748 747 
5883 748 749 747 
5884 566 568 565 
5885 1755 4076 1360 
5886 2149 2601 2499 
5887 395 396 394 
5888 1619 1621 1620 
5889 2960 2983 2959 
5890 2041 2156 2045 
5891 806 4454 789 
5892 2662 2728 2661 
5893 4223 4560 2750 
5894 1273 4219 1393 
5895 402 405 404 
5896 580 581 579 
5897 2714 4052 2299 
5898 2463 2465 2464 
5899 2778 4184 2064 
5900 2708 3442 3441 
5901 911 2594 913 
5902 1614 1675 1674 
5903 587 588 585 
5904 483 4069 1605 
5905 2293 3226 2690 
5906 915 917 916 
5907 1536 1541 1537 
5908 2622 2879 2624 
5909 1878 4158 1418 
5910 401 402 400 
5911 1388 4362 1220 
5912 544 1703 1702 
5913 1566 1888 1565 
5914 2607 2771 2770 
5915 2113 2115 2114 
5916 1639 4178 1637 
5917 463 4133 1948 
5918 1533 4122 1532 
5919 1456 1851 1471 
5920 1840 4195 4038 
5921 831 899 875 
5922 1575 4183 554 
5923 2260 3018 2261 
5924 2473 2474 2472 
5925 1621 1753 1622 
5926 540 1457 541 
5927 3708 4167 3522 
5928 1862 2360 2140 
5929 410 4097 413 
5930 2949 4125 2250 
5931 2469 3248 3077 
5932 1649 1871 1870 
5933 954 3713 956 
5934 2696 3101 1951 
5935 1534 1536 1535 
5936 2609 2611 870 
5937 1118 3832 1115 
5938 1896 2041 2040 
5939 982 984 983 
5940 2279 3154 2917 
5941 3116 4134 4073 
5942 582 583 581 
5943 2859 2861 2860 
5944 2149 4143 3127 
5945 2049 4218 2403 
5946 2576 4202 2841 
5947 1537 4135 1539 
5948 755 1719 777 
5949 2214 2596 2213 
5950 2055 3810 519 
5951 1400 1413 1399 
5952 2318 4207 1423 
5953 398 401 400 
5954 868 886 885 
5955 1753 1879 1854 
5956 2132 4255 1464 
5957 818 819 817 
5958 76 4476 243 
5959 1146 4065 1142 
5960 3364 4233 3365 
5961 3019 3417 3021 
5962 748 775 749 
5963 1637 4178 1697 
5964 584 585 583 
5965 864 866 865 
5966 1633 4168 4075 
5967 1226 1228 1225 
5968 3905 3906 290 
5969 2085 4427 3839 
5970 1613 4200 1898 
5971 866 868 867 
5972 3215 3245 3214 
5973 586 587 585 
5974 2862 3059 3058 
5975 500 4206 495 
5976 513 1792 509 
5977 2876 4355 4293 
5978 2532 4388 2110 
5979 2082 4322 3000 
5980 2433 2676 2435 
5981 1791 1951 1790 
5982 2773 2775 2055 
5983 2400 4160 3285 
5984 1534 4191 4012 
5985 2307 2603 2244 
5986 3683 3753 736 
5987 1618 4097 408 
5988 862 864 863 
5989 1719 4329 4209 
5990 1229 1230 1228 
5991 1993 4139 1902 
5992 1398 1399 1392 
5993 3334 3335 3333 
5994 3734 4683 2809 
5995 2115 2159 2114 
5996 2995 3086 2997 
5997 2089 2529 2337 
5998 452 4201 1701 
5999 905 906 901 
6000 464 4133 463 
6001 3021 3100 3099 
6002 1969 4126 1602 
6003 2113 2114 2112 
6004 2348 3049 3048 
6005 1018 1019 1017 
6006 2955 4557 2957 
6007 2505 3868 1952 
6008 1727 1895 1728 
6009 2729 2730 2728 
6010 479 4133 464 
6011 2026 2308 1401 
6012 3309 3534 2092 
6013 4475 4527 2823 
6014 1675 1677 1676 
6015 1276 1432 1409 
6016 2883 3062 2737 
6017 2047 4026 2046 
6018 3019 3021 3020 
6019 372 4918 330 
6020 1004 4112 1046 
6021 813 2608 870 
6022 923 4168 1035 
6023 1317 1376 1375 
6024 751 781 780 
6025 813 870 814 
6026 4073 4134 1627 
6027 2287 4153 2285 
6028 1605 4081 481 
6029 908 911 910 
6030 2028 2381 2027 
6031 2408 3429 3428 
6032 1783 4143 2149 
6033 3084 3960 3210 
6034 3522 4167 3938 
6035 346 4486 173 
6036 395 2627 397 
6037 2897 2898 2611 
6038 541 4365 543 
6039 1848 1850 1849 
6040 2297 4358 2296 
6041 2402 3157 2336 
6042 3677 3679 3678 
6043 1693 4122 2873 
6044 382 383 381 
6045 1930 2663 2641 
6046 3682 4151 2793 
6047 3334 4171 3337 
6048 905 1153 907 
6049 927 4168 923 
6050 1701 4046 450 
6051 2489 3148 2878 
6052 3856 3857 1345 
6053 2786 4841 3010 
6054 1265 1354 1230 
6055 2015 4157 2016 
6056 1112 1654 1054 
6057 1231 1265 1230 
6058 1224 1225 1223 
6059 3090 3424 2477 
6060 927 4285 4168 
6061 860 862 861 
6062 407 1619 1618 
6063 1935 2777 2064 
6064 803 825 824 
6065 1879 4173 2307 
6066 1697 4178 4110 
6067 2571 4244 3145 
6068 2056 4307 1620 
6069 3059 3356 3068 
6070 2760 4640 4121 
6071 1628 3967 529 
6072 1625 1929 393 
6073 1652 1727 1653 
6074 932 1048 590 
6075 2820 2830 2822 
6076 972 973 971 
6077 1895 1896 1728 
6078 1879 2244 1912 
6079 4321 4441 2928 
6080 990 991 989 
6081 715 726 717 
6082 2546 4127 2595 
6083 1023 1024 1022 
6084 2029 2650 2445 
6085 1390 1731 1729 
6086 1437 1470 1348 
6087 3497 4975 357 
6088 417 4068 414 
6089 404 1614 403 
6090 2237 3208 2828 
6091 638 1014 1013 
6092 1153 1652 1651 
6093 534 590 533 
6094 2465 2834 2660 
6095 390 391 388 
6096 751 780 750 
6097 1983 2734 2520 
6098 707 730 709 
6099 3331 3334 3333 
6100 968 971 967 
6101 993 994 991 
6102 2099 2811 2051 
6103 913 915 914 
6104 2260 2261 2156 
6105 404 4140 1614 
6106 1984 3975 1872 
6107 2938 4170 2387 
6108 931 3936 440 
6109 477 4081 480 
6110 495 4206 1659 
6111 2219 4682 4489 
6112 3968 5361 3537 
6113 2731 2819 2730 
6114 2263 4508 2264 
6115 390 392 391 
6116 2256 2487 2137 
6117 1347 4236 1437 
6118 1757 4068 2584 
6119 2608 2609 870 
6120 1057 4474 1185 
6121 2428 2737 2158 
6122 2408 2617 2098 
6123 262 4807 178 
6124 2644 4132 2070 
6125 2549 4435 2547 
6126 288 5293 5014 
6127 781 803 802 
6128 1219 1695 1217 
6129 1080 3897 1082 
6130 4168 4285 4075 
6131 2475 2746 2476 
6132 328 2335 195 
6133 327 2334 85 
6134 2282 2394 2284 
6135 911 913 912 
6136 1902 4139 2182 
6137 1681 1882 1680 
6138 2946 4187 2944 
6139 3712 4167 3708 
6140 711 1670 713 
6141 2887 3194 2161 
6142 1677 1790 1789 
6143 2662 2923 2729 
6144 405 407 406 
6145 3283 4189 2585 
6146 726 727 717 
6147 2180 2513 2512 
6148 380 381 379 
6149 1156 4119 1190 
6150 1727 1728 1653 
6151 4118 4119 1156 
6152 2465 2660 2659 
6153 3143 3144 2950 
6154 625 2773 2055 
6155 2863 4179 2857 
6156 1448 3859 1332 
6157 1029 1056 1024 
6158 978 979 976 
6159 802 4250 780 
6160 2859 4179 2864 
6161 1814 1815 1813 
6162 1459 4129 3626 
6163 2777 3726 2778 
6164 339 4879 3343 
6165 726 736 727 
6166 1035 4168 1633 
6167 4435 4496 3754 
6168 3018 3019 2261 
6169 395 397 396 
6170 4377 4638 337 
6171 2298 4005 3081 
6172 3330 4171 3331 
6173 2815 3536 3261 
6174 886 4225 1004 
6175 1317 1421 1376 
6176 1056 4456 1024 
6177 654 4252 657 
6178 3299 3302 3297 
6179 2374 2472 2373 
6180 2255 4189 2638 
6181 2372 2373 2371 
6182 900 901 890 
6183 1157 1161 1158 
6184 1190 1329 1328 
6185 706 4099 703 
6186 1625 1930 1929 
6187 2592 4417 1965 
6188 1562 4313 547 
6189 377 4556 378 
6190 2596 2904 2213 
6191 1991 4135 1541 
6192 1680 5218 1385 
6193 3588 4341 4310 
6194 2237 3966 3208 
6195 2080 4157 2015 
6196 905 907 906 
6197 1284 1285 1283 
6198 3925 4519 1075 
6199 897 4186 4118 
6200 1082 1911 1084 
6201 2497 3397 2732 
6202 4129 4166 3629 
6203 3568 4823 3567 
6204 4209 4329 2608 
6205 538 4004 532 
6206 2604 2644 2070 
6207 889 890 877 
6208 2220 2750 2749 
6209 1837 2190 1836 
6210 2889 4172 3555 
6211 2934 4245 2933 
6212 2955 2956 311 
6213 2356 3990 3989 
6214 2602 2899 2633 
6215 3002 4240 2863 
6216 826 827 819 
6217 1224 1356 1226 
6218 2652 2654 2653 
6219 4072 4770 3882 
6220 1652 1653 1651 
6221 2963 2964 2962 
6222 539 4394 538 
6223 561 4270 558 
6224 705 707 706 
6225 1624 3731 572 
6226 400 4175 399 
6227 1787 1998 1997 
6228 3783 4093 2745 
6229 4638 5093 337 
6230 1541 4135 1537 
6231 1189 4193 1155 
6232 1703 1891 1890 
6233 1046 4112 1425 
6234 546 1562 547 
6235 3733 3736 3735 
6236 384 385 383 
6237 2688 4139 1993 
6238 4394 4537 538 
6239 3334 3336 3335 
6240 705 706 703 
6241 2848 4211 2850 
6242 1033 4118 1156 
6243 3783 4369 336 
6244 897 1033 898 
6245 911 4239 2594 
6246 2743 3096 2379 
6247 2820 2821 2819 
6248 823 2667 523 
6249 1457 4365 541 
6250 409 4140 406 
6251 2984 3206 2983 
6252 55 5113 351 
6253 2609 2897 2611 
6254 1081 4423 934 
6255 1266 1426 1299 
6256 2660 2662 2661 
6257 1065 1188 1187 
6258 577 4232 2577 
6259 1811 2082 2081 
6260 964 966 965 
6261 2208 3924 2412 
6262 1062 4398 3820 
6263 2638 4428 2254 
6264 1573 3954 436 
6265 4587 5089 3192 
6266 1464 4255 1462 
6267 2059 3047 2225 
6268 2114 4160 2112 
6269 741 3921 733 
6270 1153 1651 907 
6271 876 877 833 
6272 5091 5315 3063 
6273 1934 2362 1873 
6274 701 702 700 
6275 2672 2674 2132 
6276 479 4279 4074 
6277 703 4099 702 
6278 1876 4176 2588 
6279 3320 4187 2946 
6280 3626 4129 3629 
6281 1324 4254 1449 
6282 2649 2711 2710 
6283 1027 1031 1028 
6284 553 1575 554 
6285 2176 2678 2645 
6286 1937 2408 2098 
6287 2512 2620 2179 
6288 1770 4262 2106 
6289 2473 2475 2474 
6290 816 4181 831 
6291 1846 1847 1712 
6292 2079 2080 2015 
6293 2356 3989 3988 
6294 387 388 386 
6295 396 4182 394 
6296 392 393 391 
6297 1016 1017 1015 
6298 384 387 386 
6299 1746 4203 461 
6300 555 4271 551 
6301 2140 2141 1863 
6302 2094 4488 1857 
6303 1644 4176 1876 
6304 2872 4196 2304 
6305 4084 4226 421 
6306 883 5383 4985 
6307 1891 2320 2319 
6308 1844 4517 2369 
6309 1414 1711 1413 
6310 2892 3966 2171 
6311 897 898 886 
6312 2960 2984 2983 
6313 652 4252 654 
6314 1711 1873 1413 
6315 2957 2958 2956 
6316 1942 1943 1941 
6317 403 4175 400 
6318 466 4279 479 
6319 4208 4429 4207 
6320 1950 1979 1700 
6321 4606 4650 3418 
6322 704 705 703 
6323 2662 2729 2728 
6324 1818 1820 1819 
6325 1013 4355 639 
6326 1383 2219 725 
6327 2897 3237 2898 
6328 2670 3095 3094 
6329 849 3854 847 
6330 2191 2720 2190 
6331 2846 4363 2848 
6332 2292 3901 2291 
6333 2942 4197 2940 
6334 2902 4242 2901 
6335 421 4226 4020 
6336 2669 2670 2080 
6337 889 1726 900 
6338 2419 4042 3438 
6339 1646 4176 1644 
6340 701 703 702 
6341 699 700 698 
6342 2145 2371 2144 
6343 1076 1078 871 
6344 4085 4483 4421 
6345 1322 4243 1179 
6346 1927 2180 2179 
6347 900 905 901 
6348 4121 4640 2078 
6349 3782 4699 1894 
6350 2822 2994 2821 
6351 1820 1822 1821 
6352 1229 1672 1231 
6353 1772 4383 1787 
6354 2857 4179 2859 
6355 3563 4170 2938 
6356 4499 4644 2607 
6357 395 4205 2627 
6358 3267 5317 278 
6359 1178 1179 1078 
6360 828 829 810 
6361 2627 3845 397 
6362 3331 4171 3334 
6363 3525 4619 2488 
6364 1871 1872 1870 
6365 557 2724 1694 
6366 1157 2911 1161 
6367 1191 4738 2146 
6368 1200 1256 1121 
6369 1033 1155 1034 
6370 840 4250 802 
6371 862 1662 864 
6372 394 1625 393 
6373 4007 4181 816 
6374 2585 4189 2255 
6375 2488 4614 3439 
6376 1528 4191 1530 
6377 557 1694 555 
6378 1766 4572 1926 
6379 2611 4007 870 
6380 2863 4240 4179 
6381 3271 3517 2235 
6382 461 4203 459 
6383 390 4205 392 
6384 1449 4254 1937 
6385 2629 2715 2628 
6386 1257 4232 579 
6387 2678 3003 2645 
6388 1224 1226 1225 
6389 889 900 890 
6390 3555 4172 3560 
6391 3086 3087 2997 
6392 1143 1146 1142 
6393 1235 1392 1391 
6394 1226 1229 1228 
6395 1872 3975 1881 
6396 2032 2034 2033 
6397 858 859 857 
6398 2729 2731 2730 
6399 2995 2996 2994 
6400 1753 4173 1879 
6401 694 698 693 
6402 417 4302 4068 
6403 818 826 819 
6404 657 4252 2220 
6405 2674 4255 2132 
6406 507 893 511 
6407 1179 1181 1180 
6408 2559 2560 2003 
6409 1218 1388 1220 
6410 2656 2808 2686 
6411 1229 1231 1230 
6412 2475 2748 2746 
6413 2304 4196 1896 
6414 777 4209 795 
6415 3003 3610 2645 
6416 1105 1197 1048 
6417 2997 3082 2996 
6418 2023 5363 4484 
6419 618 1428 630 
6420 876 889 877 
6421 1098 1100 1099 
6422 1614 4140 2874 
6423 1552 4332 1555 
6424 4534 4590 2696 
6425 987 4278 1057 
6426 2016 4157 2471 
6427 3336 3338 3335 
6428 4302 4400 2586 
6429 780 4155 750 
6430 1430 1710 1709 
6431 2477 4214 2214 
6432 2013 2079 2015 
6433 4176 4316 2588 
6434 595 602 597 
6435 1376 1378 1377 
6436 1803 2604 2070 
6437 2944 4187 3443 
6438 1572 4227 3747 
6439 832 833 827 
6440 468 4279 466 
6441 4211 4407 2903 
6442 267 3905 290 
6443 2394 3281 2431 
6444 1964 2044 1965 
6445 2119 3780 2100 
6446 2981 4791 3730 
6447 982 983 980 
6448 1903 4176 1646 
6449 2213 4243 1322 
6450 1470 1765 1348 
6451 1378 1380 1379 
6452 825 871 824 
6453 2140 2288 2141 
6454 4891 5186 2883 
6455 4068 4302 2584 
6456 3134 4172 2889 
6457 1963 4495 4457 
6458 3105 3901 2292 
6459 3714 5199 3193 
6460 4070 4298 617 
6461 796 818 817 
6462 1609 4193 1189 
6463 2874 4216 1675 
6464 2358 3139 2357 
6465 1502 4314 3965 
6466 1849 2629 2628 
6467 517 625 519 
6468 1650 2605 2178 
6469 2211 4485 2573 
6470 735 4199 738 
6471 2731 2820 2819 
6472 2675 4347 3661 
6473 5073 5099 3842 
6474 2837 4511 4413 
6475 2041 4196 2260 
6476 4392 4473 2879 
6477 1812 1813 1810 
6478 2967 3103 2966 
6479 459 4203 476 
6480 1016 1018 1017 
6481 3844 4370 1704 
6482 1187 1310 1261 
6483 2408 3428 2617 
6484 966 967 965 
6485 470 4407 1599 
6486 1953 4293 1015 
6487 558 4270 557 
6488 1045 4519 1047 
6489 1231 1266 1265 
6490 781 802 780 
6491 551 4271 550 
6492 1432 1771 1433 
6493 2940 4197 3563 
6494 1677 4216 1791 
6495 467 4443 1665 
6496 3679 3680 3678 
6497 1148 2340 1384 
6498 1454 1456 1455 
6499 1195 1478 1198 
6500 1660 4199 735 
6501 1085 4290 1083 
6502 2748 3204 3203 
6503 448 4046 499 
6504 2748 3203 2746 
6505 1720 4423 1081 
6506 2455 4021 2234 
6507 3477 4707 349 
6508 4275 5230 4276 
6509 2028 2658 2382 
6510 2220 4252 2876 
6511 2214 4214 2596 
6512 3098 5077 3894 
6513 2569 4226 4084 
6514 124 3007 246 
6515 4836 4875 1726 
6516 1610 1611 1609 
6517 1259 4283 1785 
6518 1165 1176 1059 
6519 803 824 802 
6520 2808 3732 2809 
6521 2605 2607 2606 
6522 2811 4229 4218 
6523 1674 4175 403 
6524 2584 4302 2586 
6525 2824 4191 1528 
6526 1960 1962 1958 
6527 657 2220 820 
6528 563 1688 561 
6529 1657 1764 1658 
6530 2288 4356 2290 
6531 1014 1015 1013 
6532 980 4174 979 
6533 2444 3028 2316 
6534 1093 1094 1092 
6535 1290 4473 1288 
6536 1266 1298 1265 
6537 984 2791 983 
6538 1109 3530 764 
6539 826 869 832 
6540 1826 2021 2020 
6541 4310 4341 2612 
6542 3336 3339 3338 
6543 915 4234 1073 
6544 1908 2281 1909 
6545 1331 1669 1272 
6546 650 756 649 
6547 2823 3433 2644 
6548 3198 5318 3197 
6549 1658 1803 1691 
6550 757 796 756 
6551 2747 4342 3134 
6552 1062 1235 1234 
6553 1631 2885 2161 
6554 1896 4196 2041 
6555 1228 4573 1663 
6556 738 4199 748 
6557 1289 4188 1291 
6558 3754 4496 1660 
6559 1816 1818 1817 
6560 544 1702 542 
6561 4331 4369 3783 
6562 2708 3253 2707 
6563 1141 1142 1140 
6564 2222 2303 1709 
6565 858 860 859 
6566 559 4183 2975 
6567 986 4284 984 
6568 2568 4301 4175 
6569 3675 3677 3676 
6570 1866 4418 2485 
6571 1874 2262 1875 
6572 3732 4025 3733 
6573 2106 4262 3761 
6574 1530 4191 1534 
6575 3443 4197 2942 
6576 3852 4760 4577 
6577 1798 4144 2069 
6578 2365 2895 2364 
6579 1222 1224 1223 
6580 3339 3341 3340 
6581 2820 2822 2821 
6582 832 876 833 
6583 630 649 629 
6584 858 903 860 
6585 2293 4224 3226 
6586 817 4215 756 
6587 616 623 615 
6588 2153 2169 2154 
6589 1218 1220 1219 
6590 4406 4477 3429 
6591 4266 4368 2952 
6592 3487 5408 5265 
6593 2290 4356 3008 
6594 1018 1020 1019 
6595 3102 4231 1951 
6596 954 956 955 
6597 1851 1852 1471 
6598 387 389 388 
6599 1997 4331 2534 
6600 3753 4217 736 
6601 529 3967 530 
6602 2995 2997 2996 
6603 1919 4275 2302 
6604 2876 4436 2750 
6605 1889 4141 1888 
6606 896 1007 895 
6607 2244 4224 2293 
6608 543 4365 546 
6609 2822 2995 2994 
6610 1241 1242 1239 
6611 2028 2382 2381 
6612 813 4209 2608 
6613 1719 4209 777 
6614 4218 4229 4028 
6615 4279 4363 4074 
6616 1888 4141 2838 
6617 1004 4225 4112 
6618 1378 1758 1380 
6619 2010 2011 1943 
6620 4131 5063 3141 
6621 2180 2512 2179 
6622 2326 2328 2324 
6623 2231 2797 2796 
6624 2171 2237 2063 
6625 2887 3545 3194 
6626 727 4217 729 
6627 649 4215 1973 
6628 2704 3544 2289 
6629 1961 4347 2109 
6630 72 4442 240 
6631 1873 4142 1413 
6632 729 4217 1660 
6633 908 4239 911 
6634 2176 2645 2174 
6635 4556 4771 3303 
6636 1806 4221 2113 
6637 1413 4142 1399 
6638 2571 3145 2905 
6639 1623 4221 1806 
6640 2800 4353 548 
6641 1903 4316 4176 
6642 1864 4418 1866 
6643 1866 2485 2083 
6644 1341 4354 4117 
6645 2795 4933 4923 
6646 1135 1678 1137 
6647 391 4145 388 
6648 1284 2032 1576 
6649 1699 1700 1445 
6650 4045 4483 2551 
6651 2254 4364 411 
6652 1147 1238 1146 
6653 1869 2357 1648 
6654 4109 4221 1623 
6655 1825 4319 1470 
6656 568 617 565 
6657 382 4258 384 
6658 2104 2144 1833 
6659 3380 4769 3388 
6660 2374 2473 2472 
6661 2933 4674 3584 
6662 3202 4388 2532 
6663 2079 2669 2080 
6664 907 4239 908 
6665 4100 4324 1654 
6666 1800 1801 1628 
6667 783 881 784 
6668 1020 1022 1021 
6669 1561 1838 1664 
6670 2175 2377 1824 
6671 736 4217 727 
6672 2516 3975 1984 
6673 1442 4303 2135 
6674 2594 4234 913 
6675 4341 5162 3054 
6676 826 832 827 
6677 4037 5120 4033 
6678 1114 4437 1116 
6679 1444 1445 1443 
6680 1658 1691 1656 
6681 1711 1934 1873 
6682 1181 1183 1182 
6683 1183 1347 1305 
6684 2936 3588 2506 
6685 1065 1187 1066 
6686 2647 3189 2487 
6687 1220 4362 1222 
6688 1031 1065 1032 
6689 2103 4511 2402 
6690 1790 4231 2029 
6691 1675 4216 1677 
6692 3227 5231 3228 
6693 989 4284 986 
6694 1934 2363 2362 
6695 1729 1730 1418 
6696 789 4454 773 
6697 1792 4259 509 
6698 837 933 836 
6699 3834 4594 3833 
6700 1627 4354 1343 
6701 389 1630 390 
6702 2708 3441 3253 
6703 872 873 829 
6704 3463 3464 2666 
6705 2322 2832 2320 
6706 991 1679 989 
6707 550 3473 2800 
6708 1087 1253 1085 
6709 1355 4303 1442 
6710 533 535 521 
6711 952 954 953 
6712 1862 1863 1730 
6713 1500 4314 1502 
6714 3009 3239 2347 
6715 3332 4334 3796 
6716 1814 1816 1815 
6717 3341 3546 3340 
6718 625 2774 2773 
6719 2139 2743 2379 
6720 444 5151 4673 
6721 1759 1874 1760 
6722 581 4294 1257 
6723 4930 4956 3071 
6724 389 1631 1630 
6725 1997 2534 1996 
6726 2029 4231 2650 
6727 848 849 847 
6728 1329 4063 1328 
6729 2082 2766 2395 
6730 1391 1416 1234 
6731 1392 4213 1391 
6732 1712 4295 1711 
6733 2135 2708 2707 
6734 4067 4294 583 
6735 4075 4285 2582 
6736 795 4209 813 
6737 1086 4286 2068 
6738 2398 3118 2397 
6739 2372 2374 2373 
6740 2677 3586 3585 
6741 1771 2246 1772 
6742 856 857 855 
6743 1097 1684 1095 
6744 3733 4025 3736 
6745 1430 1709 1311 
6746 1776 2188 1775 
6747 1650 2178 2177 
6748 1820 1823 1822 
6749 2123 2341 2121 
6750 875 4248 888 
6751 2360 4257 2140 
6752 409 4364 4140 
6753 1014 1016 1015 
6754 1053 1628 529 
6755 2587 4490 775 
6756 3424 4214 2477 
6757 846 847 845 
6758 2512 3421 2620 
6759 2666 3466 2155 
6760 4290 4494 1720 
6761 3963 4817 2866 
6762 973 1062 1061 
6763 1003 4585 1052 
6764 1238 4228 2717 
6765 5137 5143 4046 
6766 602 610 603 
6767 2021 2356 2020 
6768 2063 4335 2001 
6769 1263 2723 2722 
6770 3337 4396 3336 
6771 3129 5323 3447 
6772 2623 4490 2621 
6773 1248 1284 1283 
6774 2379 2452 2138 
6775 850 851 849 
6776 1033 1034 898 
6777 618 629 617 
6778 1299 1389 1298 
6779 2894 4584 4047 
6780 984 4284 2791 
6781 2079 2677 2669 
6782 1800 2243 2038 
6783 550 2800 548 
6784 2885 2887 2161 
6785 1155 1157 1034 
6786 397 4247 398 
6787 1703 1890 1702 
6788 3084 3210 3209 
6789 4097 4307 2882 
6790 1941 2792 1939 
6791 898 4225 886 
6792 3695 4453 1246 
6793 579 4232 577 
6794 14 3005 222 
6795 1704 4370 4178 
6796 1599 4407 4211 
6797 2724 3266 1694 
6798 757 1159 797 
6799 1390 1418 1389 
6800 3339 3340 3338 
6801 1884 2028 2027 
6802 1927 2179 1767 
6803 2038 2039 1801 
6804 2658 3016 2382 
6805 2126 4384 2128 
6806 4020 4302 417 
6807 913 4234 915 
6808 1102 3920 1094 
6809 392 4205 395 
6810 2603 4224 2244 
6811 2602 2633 2007 
6812 1094 3920 1096 
6813 1429 4261 1430 
6814 3225 5285 3160 
6815 2770 2880 2606 
6816 3318 4846 3805 
6817 2904 4243 2213 
6818 699 701 700 
6819 881 937 882 
6820 1884 2027 1611 
6821 1027 1999 1031 
6822 1620 4307 1618 
6823 1568 1914 1567 
6824 3911 5216 3816 
6825 1688 4270 561 
6826 249 4296 127 
6827 2466 4549 2276 
6828 1951 4231 1790 
6829 2356 3988 2020 
6830 1029 4324 1056 
6831 1618 4307 4097 
6832 399 4182 396 
6833 3651 4655 850 
6834 2145 2372 2371 
6835 4041 4409 1653 
6836 3017 4458 2891 
6837 3655 4439 1061 
6838 1503 4314 1500 
6839 1104 4194 1100 
6840 956 958 957 
6841 1890 2839 1702 
6842 1241 1246 1243 
6843 709 4237 711 
6844 1729 1862 1730 
6845 1183 1305 1184 
6846 2408 4254 3429 
6847 2182 4348 1841 
6848 720 722 721 
6849 1551 4332 1552 
6850 628 5417 3902 
6851 652 4355 4252 
6852 1631 2161 1630 
6853 1907 2642 1880 
6854 888 4248 4103 
6855 1891 2319 1890 
6856 831 4181 899 
6857 1101 4194 4108 
6858 2157 4310 2612 
6859 559 2975 1320 
6860 1390 1729 1418 
6861 1456 1471 1455 
6862 4140 4364 2874 
6863 2145 4287 2372 
6864 1131 1144 1133 
6865 2429 2613 2164 
6866 2746 4342 2747 
6867 694 699 698 
6868 756 4215 649 
6869 2372 2508 2374 
6870 1667 4144 1798 
6871 2001 4335 1448 
6872 1266 1299 1298 
6873 1424 1775 1423 
6874 2237 2828 2827 
6875 568 618 617 
6876 1862 2140 1863 
6877 3447 3448 342 
6878 2975 2976 1320 
6879 1868 4777 3687 
6880 1610 1837 1836 
6881 630 650 649 
6882 1432 1433 1409 
6883 1546 4405 1551 
6884 943 1682 941 
6885 713 4249 715 
6886 1265 4265 1354 
6887 4020 4400 4302 
6888 4178 4370 4110 
6889 618 630 629 
6890 1937 4254 2408 
6891 715 4249 726 
6892 1651 4239 907 
6893 1710 2222 1709 
6894 1245 4321 1248 
6895 2011 2157 2067 
6896 1274 1443 1107 
6897 2428 2883 2737 
6898 1822 4360 1983 
6899 1299 1390 1389 
6900 1021 4263 1027 
6901 1141 1143 1142 
6902 1191 2146 1193 
6903 2157 2427 2158 
6904 1298 4265 1265 
6905 2883 3147 3062 
6906 1650 4213 2605 
6907 2995 4274 3086 
6908 1222 1223 1221 
6909 691 4251 1589 
6910 1424 1832 1776 
6911 852 853 851 
6912 545 4353 544 
6913 730 4237 709 
6914 1054 4324 1029 
6915 1458 4825 4691 
6916 936 4506 607 
6917 844 845 843 
6918 1602 4126 1826 
6919 854 855 853 
6920 1808 1809 1807 
6921 4012 4327 1992 
6922 1654 4324 1054 
6923 571 2077 569 
6924 4413 4511 1832 
6925 1101 1275 1099 
6926 1100 1101 1099 
6927 752 779 778 
6928 857 3952 855 
6929 1121 4256 1118 
6930 1139 1145 1141 
6931 3677 3678 3676 
6932 650 757 756 
6933 1343 4354 1341 
6934 1404 1859 1667 
6935 962 964 963 
6936 1670 4249 713 
6937 2651 2652 2039 
6938 1718 3414 935 
6939 394 4182 1625 
6940 1420 1454 1453 
6941 1836 1884 1611 
6942 1848 1849 1847 
6943 1391 1650 1416 
6944 620 4506 2782 
6945 3281 4204 2431 
6946 1315 1423 1160 
6947 1531 4399 1524 
6948 711 4237 1670 
6949 4145 4433 386 
6950 3120 3121 2723 
6951 5018 5132 1678 
6952 2139 4165 2743 
6953 378 1422 380 
6954 3896 4443 465 
6955 1455 4611 3571 
6956 3675 3676 2458 
6957 4135 4405 1539 
6958 2087 4427 2085 
6959 4945 5026 3018 
6960 860 4241 862 
6961 1096 1098 1097 
6962 899 4248 875 
6963 1998 2165 2164 
6964 2608 4329 2610 
6965 4275 4276 2302 
6966 1888 2838 2837 
6967 2770 3064 2880 
6968 1657 1658 1656 
6969 1101 1276 1275 
6970 509 4259 505 
6971 1526 4399 2824 
6972 946 948 947 
6973 3140 4682 4292 
6974 3008 3104 2292 
6975 2278 3186 3185 
6976 4236 4629 1969 
6977 1841 4348 1991 
6978 1133 4404 1135 
6979 3322 3325 3324 
6980 950 952 951 
6981 958 960 959 
6982 2431 4204 2433 
6983 1872 1881 1880 
6984 1170 1279 1171 
6985 2951 5105 3552 
6986 2830 4274 2822 
6987 1561 4433 2223 
6988 997 1010 994 
6989 2662 4269 2923 
6990 3454 4349 4128 
6991 685 694 693 
6992 4421 4483 2615 
6993 3958 4308 2479 
6994 2157 2158 2067 
6995 639 4355 652 
6996 948 950 949 
6997 1179 4243 1181 
6998 3412 5096 1426 
6999 1872 1880 1870 
7000 1832 2103 1833 
7001 1241 1243 1242 
7002 1147 1240 1239 
7003 1437 1602 1470 
7004 757 797 796 
7005 2506 4310 2011 
7006 444 4673 442 
7007 2798 4939 2872 
7008 2834 4269 2660 
7009 2222 2781 2303 
7010 4165 4235 2880 
7011 2960 2985 2984 
7012 2774 3576 2773 
7013 1694 4271 555 
7014 905 4281 1153 
7015 1314 1565 1315 
7016 375 4772 377 
7017 983 4174 980 
7018 624 760 623 
7019 944 946 945 
7020 2588 4316 2759 
7021 1159 1314 1160 
7022 1818 4266 1820 
7023 4291 4494 4290 
7024 398 4247 401 
7025 4803 5046 3786 
7026 3895 4419 2629 
7027 583 4294 581 
7028 2103 2336 2104 
7029 1276 1409 1408 
7030 960 962 961 
7031 2769 4165 2139 
7032 1383 4292 2219 
7033 1823 4266 2176 
7034 1284 1576 1285 
7035 1839 3488 1664 
7036 2789 4832 4289 
7037 2783 2784 2191 
7038 920 4462 1947 
7039 2677 3585 2669 
7040 2629 2753 2715 
7041 3282 4624 3737 
7042 2135 4303 2708 
7043 1166 4382 4219 
7044 976 4264 974 
7045 1139 1140 1138 
7046 4169 4333 1786 
7047 544 4353 1703 
7048 566 4320 568 
7049 557 4270 2724 
7050 891 892 873 
7051 2622 4392 2879 
7052 1849 2628 1847 
7053 513 4351 1792 
7054 3583 4123 2909 
7055 4252 4355 2876 
7056 1626 4392 4127 
7057 549 4313 553 
7058 4293 4436 2876 
7059 2104 2145 2144 
7060 3760 4721 2761 
7061 1764 4359 1658 
7062 1402 5389 3575 
7063 1881 2700 1907 
7064 1715 2353 1717 
7065 3347 4739 2486 
7066 2708 4303 3442 
7067 4175 4301 399 
7068 1157 4193 2911 
7069 732 2713 740 
7070 536 4478 537 
7071 4085 4421 1254 
7072 2985 2986 2984 
7073 2300 4358 2297 
7074 2110 4388 2008 
7075 399 4301 4182 
7076 2237 2827 2063 
7077 1847 4295 1712 
7078 2042 2107 1764 
7079 1272 4268 1165 
7080 2680 4720 4615 
7081 1155 4193 1157 
7082 2725 4628 3014 
7083 3212 3269 3268 
7084 535 4351 521 
7085 3203 4342 2746 
7086 2924 5087 3188 
7087 280 3957 3658 
7088 973 1061 971 
7089 1287 4512 1292 
7090 3227 5248 5231 
7091 1812 1814 1813 
7092 942 944 943 
7093 1800 2038 1801 
7094 1787 1997 1996 
7095 1852 2139 2138 
7096 2655 2656 2654 
7097 1981 2559 2003 
7098 1143 1147 1146 
7099 2911 4272 1161 
7100 2444 3538 3028 
7101 1658 4359 1803 
7102 2171 3966 2237 
7103 1626 4473 4392 
7104 675 739 673 
7105 2032 2033 1576 
7106 1930 4402 2663 
7107 2091 2592 1965 
7108 2011 2067 1943 
7109 1771 1772 1433 
7110 1791 4534 2696 
7111 1053 1800 1628 
7112 4267 5002 2453 
7113 903 4241 860 
7114 4770 4845 3882 
7115 841 884 842 
7116 4127 4392 2595 
7117 2891 4400 4226 
7118 3210 3211 3209 
7119 4988 5037 1473 
7120 821 841 822 
7121 1415 1420 1419 
7122 1561 2223 1838 
7123 2686 4683 4210 
7124 1713 4328 1715 
7125 1139 1141 1140 
7126 2660 4269 2662 
7127 2069 4418 1864 
7128 1602 1826 1825 
7129 2427 2428 2158 
7130 3776 4754 3774 
7131 2827 4335 2063 
7132 2166 4419 3895 
7133 3110 3344 3343 
7134 550 4271 3473 
7135 1649 4326 1871 
7136 3316 4420 2742 
7137 1253 4290 1085 
7138 2833 4450 3827 
7139 1161 4272 2231 
7140 319 4346 3688 
7141 1814 1900 1816 
7142 2140 4257 2288 
7143 790 821 791 
7144 1649 1870 1869 
7145 862 4241 1662 
7146 1208 4282 1205 
7147 3752 4551 2632 
7148 1100 4194 1101 
7149 1983 4360 2734 
7150 856 858 857 
7151 1630 4205 390 
7152 1795 2562 1797 
7153 1837 2783 2191 
7154 1380 4273 1404 
7155 900 4281 905 
7156 930 1170 1108 
7157 2675 3661 3634 
7158 1479 4613 1481 
7159 1424 1776 1775 
7160 3156 5376 4566 
7161 974 4398 973 
7162 1118 4256 3832 
7163 2345 4141 1889 
7164 2352 5313 5222 
7165 2038 2651 2039 
7166 4110 4370 2921 
7167 3992 4668 4597 
7168 4074 4363 2846 
7169 4132 4318 2489 
7170 3321 3322 2986 
7171 1015 4293 1013 
7172 3157 3158 2336 
7173 1220 1221 1219 
7174 1381 1415 1382 
7175 1022 4263 1021 
7176 3999 4462 920 
7177 2652 2655 2654 
7178 1293 2023 1295 
7179 954 955 953 
7180 1701 5137 4046 
7181 1098 1099 1097 
7182 1183 4408 1347 
7183 2411 4244 2571 
7184 1726 4281 900 
7185 2034 2035 2033 
7186 1147 1239 1238 
7187 2604 2823 2644 
7188 2719 4725 2325 
7189 965 1001 963 
7190 1888 2837 1565 
7191 973 4398 1062 
7192 2839 4537 4394 
7193 472 4407 470 
7194 4206 4675 1659 
7195 387 4258 4163 
7196 4465 5369 360 
7197 864 4361 866 
7198 964 965 963 
7199 2433 4204 2676 
7200 1711 4295 1934 
7201 4239 4409 2594 
7202 985 4412 4278 
7203 521 4351 513 
7204 1919 2302 1921 
7205 2559 3133 2560 
7206 2562 4808 4550 
7207 842 843 822 
7208 2534 4331 3783 
7209 2327 4725 2396 
7210 2670 4345 3095 
7211 1703 4344 1891 
7212 3230 4708 2697 
7213 1391 4213 1650 
7214 4407 4492 2903 
7215 1448 4335 3859 
7216 2680 4615 2679 
7217 1679 4284 989 
7218 3233 4021 2455 
7219 1917 4828 4275 
7220 2640 3265 1575 
7221 610 742 611 
7222 1276 1408 1275 
7223 2655 3949 2656 
7224 846 848 847 
7225 1684 4469 1095 
7226 953 970 951 
7227 385 4433 1561 
7228 685 693 683 
7229 4866 4876 4558 
7230 2231 4272 2797 
7231 758 790 759 
7232 1384 1649 1648 
7233 1923 4387 2706 
7234 2229 3030 2230 
7235 3455 4997 4874 
7236 2390 4306 2326 
7237 979 4264 976 
7238 2682 4592 3520 
7239 3071 4956 1967 
7240 1159 1160 797 
7241 1852 2138 1471 
7242 4781 5012 4283 
7243 1539 4405 1546 
7244 940 942 941 
7245 2822 4274 2995 
7246 100 4031 99 
7247 270 4031 100 
7248 3845 4247 397 
7249 1832 1833 1776 
7250 3132 5293 4709 
7251 1687 4417 1669 
7252 480 4492 474 
7253 540 4478 1713 
7254 1923 2706 2057 
7255 3658 5104 3660 
7256 3146 4623 2381 
7257 676 677 675 
7258 480 4542 4492 
7259 866 4361 4186 
7260 2082 2395 2081 
7261 3583 5163 1451 
7262 3036 4337 4336 
7263 2632 4454 806 
7264 565 4298 563 
7265 3073 3217 3075 
7266 1823 2174 1824 
7267 1311 4309 1104 
7268 1767 4315 1710 
7269 3179 3202 2532 
7270 2528 4505 3844 
7271 1869 2358 2357 
7272 684 685 683 
7273 848 850 849 
7274 682 683 681 
7275 742 758 743 
7276 2665 3241 1690 
7277 3471 4730 4180 
7278 3519 4685 929 
7279 2642 4415 1880 
7280 553 2640 1575 
7281 680 681 679 
7282 2644 4318 4132 
7283 1837 4063 2783 
7284 1324 4437 4254 
7285 1253 4291 4290 
7286 1524 4399 1526 
7287 678 679 677 
7288 3948 4545 1357 
7289 1055 4406 1114 
7290 1826 4591 2021 
7291 2985 3321 2986 
7292 4532 5119 3474 
7293 2290 3008 2292 
7294 2103 2104 1833 
7295 885 4827 867 
7296 1242 4228 1239 
7297 844 846 845 
7298 1662 4361 864 
7299 4221 4421 2615 
7300 2369 4517 3360 
7301 1745 1807 1744 
7302 2169 2380 2170 
7303 1907 2643 2642 
7304 280 3658 3657 
7305 1772 1786 1433 
7306 1240 1241 1239 
7307 3507 3920 1102 
7308 4131 4602 2359 
7309 4416 4490 2587 
7310 4867 5293 288 
7311 2620 4315 2179 
7312 1094 1096 1095 
7313 1695 4253 1217 
7314 3108 3110 3109 
7315 2808 3738 3732 
7316 2621 4416 2549 
7317 1314 1315 1160 
7318 679 1735 677 
7319 411 4364 409 
7320 2865 4642 3002 
7321 4264 4398 974 
7322 1137 1138 1136 
7323 2669 4345 2670 
7324 1467 4731 2236 
7325 3212 3268 3211 
7326 1204 4649 1206 
7327 3763 4628 2726 
7328 3106 3107 3105 
7329 3991 4479 1604 
7330 1939 4282 1208 
7331 1148 1384 1383 
7332 2595 4392 2622 
7333 1386 5218 1733 
7334 2372 4287 2508 
7335 2489 4318 3148 
7336 3210 3212 3211 
7337 3204 4395 3203 
7338 569 4320 566 
7339 2139 2379 2138 
7340 1787 1996 1786 
7341 852 921 854 
7342 305 4442 72 
7343 4461 4839 4460 
7344 595 597 573 
7345 312 4843 3318 
7346 956 957 955 
7347 1350 1381 1351 
7348 102 4032 101 
7349 101 4032 270 
7350 4023 4445 590 
7351 3499 4968 1608 
7352 2357 4292 1648 
7353 4312 4527 4475 
7354 4732 4787 1707 
7355 1263 2722 1214 
7356 1772 1787 1786 
7357 3625 4921 3624 
7358 1454 1455 1453 
7359 1651 4409 4239 
7360 1245 4441 4321 
7361 1917 4275 1919 
7362 1080 4724 3897 
7363 1256 4256 1121 
7364 1717 1908 1716 
7365 1820 4266 1823 
7366 1135 1136 1134 
7367 1758 4273 1380 
7368 1909 4599 1716 
7369 3405 3792 3402 
7370 384 4258 387 
7371 1062 1234 1061 
7372 952 953 951 
7373 854 856 855 
7374 1715 1716 1714 
7375 2628 4295 1847 
7376 1409 1759 1408 
7377 4058 4605 2865 
7378 1027 4263 1999 
7379 2196 2443 2204 
7380 2794 4653 3967 
7381 1978 2166 1976 
7382 1260 1451 1258 
7383 1881 1907 1880 
7384 2167 2789 2166 
7385 1315 1424 1423 
7386 563 4298 1688 
7387 3323 4567 2986 
7388 2303 4309 1709 
7389 1278 4393 3925 
7390 1600 5279 3280 
7391 2852 4542 4058 
7392 1008 1172 1007 
7393 3588 4310 2506 
7394 2349 4941 3654 
7395 2664 2925 2924 
7396 1737 4545 2597 
7397 1803 4359 2604 
7398 3901 4909 3451 
7399 2513 4448 2512 
7400 1018 4498 1020 
7401 527 1053 529 
7402 1239 4228 1238 
7403 3194 4471 2161 
7404 850 852 851 
7405 2629 4419 2753 
7406 1715 4328 2353 
7407 2607 4644 2771 
7408 2765 4352 3073 
7409 1710 4315 2222 
7410 2605 2606 2178 
7411 612 614 613 
7412 617 4298 565 
7413 1883 2350 1882 
7414 1220 1222 1221 
7415 1609 4432 4193 
7416 3328 4963 3326 
7417 2762 4721 3351 
7418 1137 1139 1138 
7419 2645 4343 2174 
7420 1838 1839 1664 
7421 2331 2332 1915 
7422 2763 3123 2831 
7423 927 4554 3919 
7424 959 996 957 
7425 1235 1391 1234 
7426 3096 4297 2379 
7427 1808 1810 1809 
7428 2394 3282 3281 
7429 4722 4792 1188 
7430 2227 2229 2228 
7431 1302 2453 2252 
7432 1284 4321 2032 
7433 1998 2164 1997 
7434 3232 4986 4317 
7435 3882 4845 3883 
7436 2696 4414 3101 
7437 2877 4589 4519 
7438 5002 5157 3217 
7439 958 959 957 
7440 2035 4431 2037 
7441 846 922 848 
7442 1091 1690 1089 
7443 2340 4326 1384 
7444 1649 1869 1648 
7445 2011 4310 2157 
7446 2326 4306 2328 
7447 4226 4400 4020 
7448 2121 4330 2119 
7449 2272 4523 2274 
7450 1024 4456 1022 
7451 2679 4522 4041 
7452 2164 4331 1997 
7453 2411 4467 4244 
7454 852 854 853 
7455 1243 4441 1245 
7456 842 844 843 
7457 1575 4304 4183 
7458 2377 4360 1824 
7459 695 4426 3606 
7460 1384 1648 1383 
7461 2430 3620 724 
7462 1859 4144 1667 
7463 1625 4402 1930 
7464 505 4459 502 
7465 3032 4340 2516 
7466 3336 4396 3339 
7467 1050 1150 1149 
7468 2458 4427 2087 
7469 2316 4311 2042 
7470 2143 4868 1725 
7471 1453 1901 1419 
7472 1165 4268 1176 
7473 1787 4383 1998 
7474 3009 5193 3394 
7475 2792 4282 1939 
7476 1713 1714 1457 
7477 2274 2276 2275 
7478 759 1074 743 
7479 3679 4833 3680 
7480 785 4251 696 
7481 687 4810 3662 
7482 2254 4428 4364 
7483 1404 4273 1859 
7484 530 3967 536 
7485 4109 4421 4221 
7486 1254 4421 4109 
7487 1653 4409 1651 
7488 1610 4063 1837 
7489 3294 4666 2661 
7490 1323 1350 1349 
7491 4755 5378 3431 
7492 1195 4472 1478 
7493 971 4439 967 
7494 696 4251 691 
7495 962 963 961 
7496 4520 5047 739 
7497 3687 4466 3686 
7498 956 4386 958 
7499 327 4838 3070 
7500 1669 4268 1272 
7501 4207 4429 797 
7502 3975 4340 2701 
7503 3005 4502 222 
7504 4120 4651 4121 
7505 950 951 949 
7506 1094 1095 1092 
7507 3742 4391 998 
7508 1823 1824 1822 
7509 3604 4555 2143 
7510 3451 5359 4438 
7511 1116 4437 1324 
7512 1090 1092 1091 
7513 1267 1673 1385 
7514 3014 4639 3396 
7515 3007 4570 246 
7516 542 4394 539 
7517 2395 2657 2081 
7518 2635 2698 1562 
7519 2043 4857 2317 
7520 1659 4553 4094 
7521 1135 4404 1678 
7522 2332 4944 4260 
7523 2166 3895 1976 
7524 960 961 959 
7525 1709 4309 1311 
7526 947 969 945 
7527 3386 4769 3382 
7528 2165 2429 2164 
7529 1839 5320 4811 
7530 1808 1811 1810 
7531 2276 4549 2278 
7532 4268 4417 4411 
7533 4257 4356 2288 
7534 3073 4352 3217 
7535 1874 2355 2262 
7536 3432 4709 3089 
7537 3585 4345 2669 
7538 3859 4495 1686 
7539 2659 4666 2912 
7540 2805 3950 2987 
7541 1742 1744 1741 
7542 948 949 947 
7543 2964 2967 2966 
7544 4400 4458 2586 
7545 4810 5390 3662 
7546 2900 4704 2221 
7547 1135 1137 1136 
7548 1604 4479 2013 
7549 2179 4315 1767 
7550 1088 1090 1089 
7551 1336 1598 1597 
7552 1133 1134 1132 
7553 3479 5325 4425 
7554 946 947 945 
7555 4370 4505 2921 
7556 1950 2503 1979 
7557 3659 4618 3657 
7558 279 3656 226 
7559 4219 4382 2777 
7560 1717 1910 1908 
7561 796 4429 818 
7562 1104 4309 4194 
7563 4008 4608 2969 
7564 1030 4477 4406 
7565 4145 4500 4433 
7566 2581 4582 3787 
7567 4022 4580 775 
7568 386 4433 385 
7569 2144 4390 1833 
7570 1811 1812 1810 
7571 1384 4326 1649 
7572 5351 5365 2603 
7573 1097 4378 1684 
7574 2379 4297 2452 
7575 2967 3353 3352 
7576 1279 1337 1280 
7577 1420 1453 1419 
7578 2613 4331 2164 
7579 331 5334 4734 
7580 3977 4581 2879 
7581 4254 4437 3429 
7582 2108 4701 1588 
7583 944 945 943 
7584 2558 4523 2272 
7585 1715 1717 1716 
7586 2777 4382 3726 
7587 1355 4474 4303 
7588 5355 5382 354 
7589 1602 1825 1470 
7590 2044 2091 1965 
7591 1458 4691 668 
7592 2591 4583 2590 
7593 4301 4402 4182 
7594 3411 4766 2816 
7595 2078 4434 1329 
7596 917 4554 927 
7597 1576 4512 1285 
7598 2224 4587 3541 
7599 2613 4369 4331 
7600 2027 4432 1611 
7601 3578 5307 4549 
7602 1826 2020 1825 
7603 4182 4402 1625 
7604 1248 4321 1284 
7605 2030 4668 3992 
7606 3265 4304 1575 
7607 1354 4573 1230 
7608 3610 4343 2645 
7609 4508 4509 3256 
7610 2635 3458 2698 
7611 3493 3494 3492 
7612 4352 4689 2453 
7613 1811 2081 1812 
7614 2968 4463 2964 
7615 1216 4357 1218 
7616 3188 4850 4323 
7617 619 4639 606 
7618 1086 1088 1087 
7619 2663 4452 2641 
7620 841 842 822 
7621 1296 1323 1309 
7622 378 4556 1422 
7623 1678 4380 1137 
7624 2046 4431 2035 
7625 2559 4051 3133 
7626 3460 5284 3092 
7627 3810 4424 525 
7628 2107 4359 1764 
7629 4364 4428 2874 
7630 1133 1135 1134 
7631 797 4429 796 
7632 2119 4330 3780 
7633 2274 4523 2466 
7634 3428 4515 2617 
7635 2197 4485 2199 
7636 821 822 791 
7637 1745 1808 1807 
7638 1096 1097 1095 
7639 4009 5118 5030 
7640 2909 4123 3108 
7641 942 943 941 
7642 2516 4340 3975 
7643 472 4492 4407 
7644 465 4443 467 
7645 1713 1715 1714 
7646 2673 4812 3252 
7647 3193 4812 2133 
7648 2219 4489 4280 
7649 4274 5375 840 
7650 4183 4304 2975 
7651 1699 1950 1700 
7652 3844 4505 4370 
7653 2756 4825 3486 
7654 369 4706 370 
7655 1275 4378 1099 
7656 1594 2664 2457 
7657 2766 2918 2395 
7658 4411 4417 2592 
7659 4830 4842 4840 
7660 2397 2583 2091 
7661 1776 4390 2188 
7662 4580 4672 1719 
7663 2355 2634 2262 
7664 4193 4432 2911 
7665 1288 4473 1626 
7666 4186 4361 4120 
7667 2814 4766 3291 
7668 1731 5177 3475 
7669 2159 4552 2703 
7670 4553 4662 3886 
7671 1148 1383 725 
7672 1415 1419 1382 
7673 546 4365 2635 
7674 3110 3343 3109 
7675 2839 4394 1702 
7676 533 4445 535 
7677 2115 4524 2160 
7678 2274 2466 2276 
7679 362 4885 3427 
7680 2172 4470 2894 
7681 15 5173 3232 
7682 1281 1945 1154 
7683 4909 5023 320 
7684 2355 3238 2634 
7685 1246 4441 1243 
7686 1091 2665 1690 
7687 2436 4979 2434 
7688 3104 3105 2292 
7689 967 4464 965 
7690 2874 4428 4216 
7691 2656 4410 2808 
7692 2229 2230 2228 
7693 2381 4536 2027 
7694 4642 4670 3002 
7695 2949 5279 3942 
7696 1185 4474 1355 
7697 3158 4625 4389 
7698 790 791 759 
7699 3963 4773 3962 
7700 4336 5400 321 
7701 1816 4368 1818 
7702 804 879 838 
7703 1218 4357 1388 
7704 1433 4333 1409 
7705 763 1606 765 
7706 2520 4640 2760 
7707 3252 4694 3251 
7708 3251 4694 3795 
7709 682 5075 686 
7710 1941 4379 2792 
7711 775 4580 749 
7712 4414 5140 3101 
7713 1337 1357 1338 
7714 1139 4380 1145 
7715 1648 4292 1383 
7716 4497 5267 3317 
7717 1953 4436 4293 
7718 4056 4895 2794 
7719 2368 2580 2367 
7720 2145 4389 4287 
7721 2060 2359 2058 
7722 1381 1382 1351 
7723 2586 4458 3053 
7724 364 5267 4497 
7725 2529 4786 3453 
7726 3104 3106 3105 
7727 1979 4367 1981 
7728 3464 5404 3465 
7729 4303 4474 3442 
7730 1194 1563 1192 
7731 590 4445 533 
7732 3254 5131 2936 
7733 2607 2770 2606 
7734 1444 1699 1445 
7735 755 4580 1719 
7736 1224 4561 1356 
7737 1943 4379 1941 
7738 553 4313 2640 
7739 3218 3219 3075 
7740 1087 4422 1253 
7741 3457 4904 4816 
7742 3949 4410 2656 
7743 3766 5181 3079 
7744 3676 4427 2458 
7745 2801 4981 4954 
7746 573 4381 571 
7747 2879 4581 2624 
7748 2891 4458 4400 
7749 675 4520 739 
7750 4447 4503 2715 
7751 3601 4687 2223 
7752 2598 3045 2716 
7753 1176 5367 3981 
7754 670 4691 695 
7755 602 603 597 
7756 3276 4658 3274 
7757 1795 4488 2562 
7758 611 1756 603 
7759 3476 5427 3082 
7760 546 2635 1562 
7761 1255 4539 1105 
7762 4396 4491 3339 
7763 1733 4943 3360 
7764 2638 4534 4428 
7765 770 771 769 
7766 3158 4389 2336 
7767 722 725 723 
7768 2723 4546 2722 
7769 1131 1132 1130 
7770 3497 5225 3495 
7771 3539 5005 1661 
7772 2077 4320 569 
7773 4311 4312 2107 
7774 3262 4664 3461 
7775 540 1713 1457 
7776 3028 4525 4311 
7777 2364 3065 2308 
7778 3542 3543 2406 
7779 3048 4551 3752 
7780 3063 4430 2246 
7781 2828 4457 2827 
7782 2333 4598 2332 
7783 4205 4471 2627 
7784 4433 4500 2223 
7785 2630 4548 2806 
7786 4041 4522 4409 
7787 3050 3119 2312 
7788 2341 4330 2121 
7789 1387 3561 1268 
7790 1353 4545 1737 
7791 1971 4868 3569 
7792 767 774 772 
7793 758 759 743 
7794 2336 4389 2104 
7795 2763 2831 884 
7796 1796 4488 1795 
7797 4605 4642 2865 
7798 1702 4394 542 
7799 3774 4852 3772 
7800 3752 4446 2687 
7801 2174 2175 1824 
7802 2230 2929 2228 
7803 2232 4882 1744 
7804 4034 5180 1490 
7805 940 941 762 
7806 2615 4524 2115 
7807 1571 4517 1844 
7808 1090 1091 1089 
7809 1061 4439 971 
7810 1424 4413 1832 
7811 4845 4901 3883 
7812 1070 1071 1068 
7813 2042 4311 2107 
7814 2638 4590 4534 
7815 965 4464 1001 
7816 5222 5313 3394 
7817 2079 4479 2677 
7818 1084 1086 1085 
7819 1351 1830 1349 
7820 3213 3267 2714 
7821 2514 4757 2515 
7822 2067 4379 1943 
7823 3532 5178 2947 
7824 2904 4408 4243 
7825 474 4492 472 
7826 1313 1705 1169 
7827 1611 4432 1609 
7828 1818 4368 4266 
7829 2230 3029 2929 
7830 1838 2253 1839 
7831 4243 4408 1181 
7832 2360 5427 3476 
7833 610 611 603 
7834 2512 4448 3421 
7835 1274 1444 1443 
7836 3528 5175 2895 
7837 2093 2095 2094 
7838 1350 1351 1349 
7839 4359 4475 2604 
7840 1661 5019 3539 
7841 2837 4413 1565 
7842 4322 4660 3000 
7843 1088 1089 1087 
7844 3117 4557 2955 
7845 2302 4387 1921 
7846 934 3742 933 
7847 1181 4408 1183 
7848 1148 4595 2340 
7849 3217 3218 3075 
7850 4335 4495 3859 
7851 4005 4746 3081 
7852 1565 4413 1315 
7853 624 940 762 
7854 2984 4567 3206 
7855 2116 4559 1860 
7856 1742 1745 1744 
7857 3398 4630 3463 
7858 1900 4368 1816 
7859 808 2632 806 
7860 4311 4525 4312 
7861 1131 1133 1132 
7862 1837 2191 2190 
7863 1074 4604 4577 
7864 4479 4641 2677 
7865 723 4280 732 
7866 2104 4389 2145 
7867 1880 4415 1870 
7868 1660 4496 4199 
7869 3569 4868 3570 
7870 1824 4360 1822 
7871 4693 4782 2771 
7872 2503 4367 1979 
7873 4108 4620 3976 
7874 1129 1130 1128 
7875 1333 1568 1567 
7876 4028 4734 4027 
7877 829 928 810 
7878 1409 4333 1759 
7879 1833 4390 1776 
7880 4439 4464 967 
7881 4344 4514 2321 
7882 2406 3543 2407 
7883 1812 4397 1814 
7884 2281 4624 2282 
7885 99 4480 98 
7886 2715 4503 2628 
7887 1885 4690 2259 
7888 3045 3196 3046 
7889 2637 4803 4045 
7890 742 743 611 
7891 4409 4522 2594 
7892 1630 4471 4205 
7893 3939 4499 1452 
7894 1099 4378 1097 
7895 3028 4311 2316 
7896 525 4424 527 
7897 3075 4385 3074 
7898 4268 4411 1176 
7899 2789 4419 2166 
7900 2424 3023 2932 
7901 5143 5146 499 
7902 1020 4498 1023 
7903 4443 4922 1665 
7904 4492 4542 2903 
7905 4259 4459 505 
7906 1022 4456 4263 
7907 2161 4471 1630 
7908 2551 4483 4085 
7909 2013 4479 2079 
7910 3568 4920 4823 
7911 3194 4578 4471 
7912 1042 3790 937 
7913 2107 4475 4359 
7914 2909 3108 3027 
7915 2096 2097 1747 
7916 3114 5429 3113 
7917 2211 2573 2426 
7918 209 4481 208 
7919 2827 4495 4335 
7920 1615 5226 3487 
7921 1870 4415 1869 
7922 718 4579 785 
7923 1323 1349 1309 
7924 2278 3185 3171 
7925 1259 1296 1260 
7926 3045 5229 3357 
7927 2952 4487 2953 
7928 2795 4923 1875 
7929 4350 4918 372 
7930 3061 4950 3060 
7931 607 4506 620 
7932 4199 4496 2587 
7933 2808 4410 3738 
7934 4389 4625 4287 
7935 4295 4503 1934 
7936 1353 1737 1595 
7937 4045 4524 4483 
7938 1714 4569 1457 
7939 2759 5081 4972 
7940 3372 5245 3370 
7941 3725 4547 1695 
7942 1075 4519 1045 
7943 1137 4380 1139 
7944 1321 4680 1438 
7945 3802 4857 2593 
7946 1127 1128 1126 
7947 3376 5055 3387 
7948 1038 4678 600 
7949 941 4530 762 
7950 2277 3496 2275 
7951 3537 4712 355 
7952 1886 4770 4072 
7953 365 4853 3696 
7954 2044 2397 2091 
7955 3215 4943 3245 
7956 3533 5212 3074 
7957 1737 1988 1738 
7958 2749 4560 3728 
7959 2363 4503 4447 
7960 2573 4844 3857 
7961 1471 4611 1455 
7962 4383 4430 2589 
7963 1814 4397 1900 
7964 614 616 615 
7965 1285 4512 1287 
7966 4358 4900 2296 
7967 1086 1087 1085 
7968 1138 4521 1136 
7969 1082 1084 1083 
7970 1129 1131 1130 
7971 1720 5029 4423 
7972 2187 4698 2694 
7973 4317 4986 3781 
7974 3339 4491 3341 
7975 1922 2339 1920 
7976 3475 5427 2360 
7977 2246 4430 4383 
7978 2617 4515 3176 
7979 3383 4781 3391 
7980 3939 4644 4499 
7981 2921 4505 2922 
7982 1740 1831 1742 
7983 3908 4900 2934 
7984 2174 4343 2175 
7985 3184 5419 3182 
7986 1786 4333 1433 
7987 4432 4536 2911 
7988 3591 5167 3384 
7989 2811 4540 4229 
7990 4416 4435 2549 
7991 571 4381 2077 
7992 2084 4786 2086 
7993 3108 3109 3027 
7994 2765 4689 4352 
7995 970 4444 951 
7996 3889 4987 2916 
7997 1170 1171 1108 
7998 1713 4478 4328 
7999 236 4905 61 
8000 260 4906 171 
8001 3369 4652 3371 
8002 1315 4413 1424 
8003 527 4424 1053 
8004 2604 4475 2823 
8005 2056 5112 3550 
8006 769 3921 741 
8007 2401 4861 3871 
8008 28 4907 229 
8009 4004 4538 3594 
8010 3135 4890 2384 
8011 4185 4513 681 
8012 2276 2277 2275 
8013 4754 4852 3774 
8014 4468 5263 4077 
8015 2027 4536 4432 
8016 1669 4417 4268 
8017 2838 4606 2837 
8018 614 2025 616 
8019 2374 4593 2473 
8020 867 4793 865 
8021 722 1148 725 
8022 2960 4557 2985 
8023 1802 5216 3911 
8024 650 4622 3943 
8025 1830 5349 4123 
8026 2750 4560 2749 
8027 2801 4954 2798 
8028 4575 4625 880 
8029 2577 4715 4670 
8030 1950 2817 2503 
8031 1564 5286 4528 
8032 1981 4367 2559 
8033 4744 4910 3329 
8034 360 5369 5236 
8035 925 926 892 
8036 3516 4645 2885 
8037 1690 4422 1089 
8038 2758 4698 2186 
8039 3848 5276 3078 
8040 2081 4397 1812 
8041 3506 4742 2642 
8042 1795 1797 1570 
8043 2459 4835 609 
8044 884 4440 842 
8045 4676 4767 2243 
8046 2657 4397 2081 
8047 1329 4558 4063 
8048 1740 1741 1739 
8049 1296 1309 1260 
8050 1869 4415 2358 
8051 677 4520 675 
8052 1125 1126 1124 
8053 645 4936 501 
8054 3219 4385 3075 
8055 3420 5315 2031 
8056 2227 2228 2226 
8057 586 4717 587 
8058 1127 1129 1128 
8059 1469 5026 3663 
8060 3168 4212 3167 
8061 3062 4785 2737 
8062 312 3317 252 
8063 2737 4696 2158 
8064 4253 4547 2735 
8065 5154 5281 4164 
8066 4542 4605 4058 
8067 2628 4503 4295 
8068 3347 5270 3453 
8069 3991 4641 4479 
8070 2409 4467 2411 
8071 3552 5278 174 
8072 2125 4778 3600 
8073 2452 4611 2138 
8074 222 4502 13 
8075 951 4444 949 
8076 679 4513 1735 
8077 826 4616 869 
8078 1136 4521 1164 
8079 3839 4679 1868 
8080 4077 5319 4468 
8081 2577 4670 4069 
8082 3833 4594 3835 
8083 2278 3171 2277 
8084 624 762 760 
8085 2369 3360 2626 
8086 2903 4542 2852 
8087 139 3697 368 
8088 4233 5337 3365 
8089 3756 4993 3727 
8090 1934 4503 2363 
8091 4208 4616 4429 
8092 2225 2227 2226 
8093 725 4280 723 
8094 2146 4472 1193 
8095 616 624 623 
8096 3481 5346 3665 
8097 1084 1085 1083 
8098 605 4835 902 
8099 3884 4662 3880 
8100 3301 3537 3300 
8101 4471 4578 2627 
8102 4527 5277 4914 
8103 4911 4924 3690 
8104 3921 4654 3622 
8105 4326 4920 2514 
8106 642 5130 3892 
8107 2222 4586 2781 
8108 3611 4595 720 
8109 3290 4900 4358 
8110 3532 5071 3913 
8111 3291 4865 2813 
8112 2332 4260 1915 
8113 1946 2150 1945 
8114 2736 4822 3175 
8115 1921 4387 1923 
8116 4762 4793 3204 
8117 2980 4528 2988 
8118 4593 4594 3834 
8119 4053 4770 1886 
8120 4067 4748 4294 
8121 3805 4846 1884 
8122 4296 4714 308 
8123 1926 4572 2451 
8124 4312 4475 2107 
8125 2917 4836 2751 
8126 597 4381 573 
8127 3342 4848 2730 
8128 3268 5382 5355 
8129 3510 5332 1143 
8130 1149 4366 1267 
8131 2831 4440 884 
8132 2790 4787 4732 
8133 1401 4449 1307 
8134 1125 1127 1126 
8135 1832 4511 2103 
8136 3073 3075 3074 
8137 2594 4522 4234 
8138 503 4936 1469 
8139 1740 1742 1741 
8140 4046 5143 499 
8141 2812 4540 2811 
8142 1735 4520 677 
8143 3138 5351 2603 
8144 103 359 102 
8145 213 360 212 
8146 2967 4463 3353 
8147 1095 4469 1092 
8148 3963 4942 4817 
8149 3772 4937 3770 
8150 779 800 799 
8151 3941 4500 4145 
8152 1452 4499 4213 
8153 3487 5265 1615 
8154 2083 4739 2084 
8155 2153 2154 2151 
8156 1105 4539 1197 
8157 2720 4497 2721 
8158 2127 4778 2125 
8159 347 5282 25 
8160 2485 4418 3040 
8161 2967 3352 3103 
8162 3131 4922 4443 
8163 4454 4551 1722 
8164 1861 2352 2054 
8165 739 5047 4334 
8166 5095 5189 2438 
8167 2872 4939 4198 
8168 3012 5133 3038 
8169 2308 4449 1401 
8170 1834 4976 1397 
8171 1198 1259 1258 
8172 630 4622 650 
8173 4044 4888 4875 
8174 4620 4749 3976 
8175 2410 2930 2333 
8176 4195 4754 3776 
8177 346 5402 3433 
8178 2678 4714 3003 
8179 4094 4553 3886 
8180 2160 4552 2159 
8181 1188 4792 3290 
8182 2754 5210 4975 
8183 3621 4935 1683 
8184 1410 5420 3909 
8185 3486 5078 3484 
8186 1073 4554 917 
8187 1444 1793 1699 
8188 1108 1274 1107 
8189 4114 4794 4113 
8190 850 4655 852 
8191 3853 4604 791 
8192 3105 4909 3901 
8193 842 4440 844 
8194 1840 4754 4195 
8195 4593 4718 2473 
8196 2728 4848 3294 
8197 4651 4753 2760 
8198 4216 4534 1791 
8199 2927 4676 4424 
8200 2562 2639 1797 
8201 1092 4469 1091 
8202 3418 4650 3419 
8203 3669 5401 2253 
8204 2957 4557 2960 
8205 3614 4927 4819 
8206 3478 4661 3479 
8207 3419 5381 1152 
8208 2748 4762 3204 
8209 243 289 75 
8210 267 290 185 
8211 3160 5285 3161 
8212 783 784 771 
8213 264 4763 4093 
8214 3475 5268 1731 
8215 369 370 329 
8216 371 372 330 
8217 1741 4882 2280 
8218 2598 2716 1988 
8219 327 3069 2334 
8220 4483 4524 2615 
8221 1065 4722 1188 
8222 1738 1739 1595 
8223 2907 5163 3583 
8224 5248 5324 3847 
8225 538 4537 4004 
8226 2621 4490 4416 
8227 3730 4612 3731 
8228 3303 4948 2893 
8229 1576 4881 4512 
8230 4428 4534 4216 
8231 4528 5283 1564 
8232 1960 4684 1962 
8233 1279 1280 1171 
8234 1800 4676 2243 
8235 309 3143 2950 
8236 4554 4720 2900 
8237 3073 3074 3072 
8238 2907 2909 2908 
8239 182 4763 264 
8240 2926 4665 4563 
8241 371 5014 372 
8242 4042 4851 3438 
8243 3503 5355 354 
8244 930 1107 929 
8245 2911 4536 4272 
8246 1353 1594 1352 
8247 681 4513 679 
8248 1379 4976 1925 
8249 2679 4615 4522 
8250 98 321 97 
8251 208 322 207 
8252 3101 4564 3102 
8253 1082 1083 1081 
8254 2696 4590 4414 
8255 3313 5328 2523 
8256 930 1108 1107 
8257 4276 4277 2302 
8258 2681 4592 2682 
8259 1074 4535 743 
8260 1222 4561 1224 
8261 2986 4567 2984 
8262 3900 5408 3068 
8263 1011 5088 678 
8264 4280 4489 2713 
8265 1230 4573 1228 
8266 367 5405 5011 
8267 2276 2278 2277 
8268 3561 4870 1434 
8269 774 4238 772 
8270 4457 4495 2827 
8271 214 4465 213 
8272 2264 4508 2268 
8273 3389 5299 3368 
8274 4198 4939 552 
8275 3636 4741 2349 
8276 4362 4561 1222 
8277 2812 4707 4540 
8278 2475 4718 2748 
8279 2278 4549 3186 
8280 1089 4422 1087 
8281 3121 4546 2723 
8282 732 4280 2713 
8283 1174 4077 1172 
8284 207 4482 206 
8285 1091 4469 2665 
8286 2021 4863 2356 
8287 749 4580 755 
8288 2837 4606 4511 
8289 2165 4700 2429 
8290 2624 4581 2779 
8291 3266 4656 1694 
8292 2485 3040 3034 
8293 1259 1260 1258 
8294 2331 2333 2332 
8295 904 4818 3718 
8296 4379 4696 4079 
8297 4644 4692 2771 
8298 3463 4798 323 
8299 740 4627 752 
8300 938 1125 1124 
8301 4022 4672 4580 
8302 2281 4871 4624 
8303 1338 1352 1280 
8304 1080 1082 1081 
8305 3110 5349 3345 
8306 1684 4744 3329 
8307 3128 5186 4891 
8308 2093 2094 1857 
8309 2703 4582 2581 
8310 2597 4545 3948 
8311 3976 4749 2646 
8312 3062 4859 4785 
8313 800 837 836 
8314 2559 4367 4051 
8315 998 4391 1050 
8316 4048 4862 4258 
8317 4603 4713 2355 
8318 2650 4589 2877 
8319 3366 5156 3364 
8320 2562 4550 2639 
8321 3056 5314 4049 
8322 3489 4898 3181 
8323 1229 4759 1672 
8324 4852 4937 3772 
8325 3045 3046 2716 
8326 4337 5400 4336 
8327 304 4974 3192 
8328 2037 4881 2033 
8329 4691 4825 3565 
8330 2633 4684 2007 
8331 2542 4877 3284 
8332 2765 3072 2764 
8333 1005 4585 1003 
8334 858 4727 903 
8335 3388 5055 3378 
8336 937 938 882 
8337 921 4637 854 
8338 1419 4703 1382 
8339 4238 4648 788 
8340 3366 5299 996 
8341 937 3790 938 
8342 4429 4616 818 
8343 239 277 238 
8344 263 278 262 
8345 246 4570 123 
8346 922 5297 3649 
8347 1717 4607 1910 
8348 4213 4499 2605 
8349 2886 4584 3516 
8350 2639 2764 1797 
8351 3566 5368 3047 
8352 3897 4596 3898 
8353 1683 4579 718 
8354 2765 3073 3072 
8355 3081 4885 2684 
8356 2023 4484 1295 
8357 881 882 784 
8358 2359 4602 2058 
8359 4826 4952 3608 
8360 3871 5242 3870 
8361 3047 5136 3566 
8362 760 4455 763 
8363 2627 4578 3845 
8364 2570 4638 4377 
8365 3649 5297 4440 
8366 3232 4317 3205 
8367 4165 4819 2743 
8368 1356 4759 1226 
8369 1874 4603 2355 
8370 1897 4888 4044 
8371 2089 4786 2529 
8372 3171 4451 2277 
8373 1600 5058 3951 
8374 3065 4449 2308 
8375 3770 5025 3769 
8376 4511 4606 2402 
8377 2818 4952 3867 
8378 2067 4696 4379 
8379 4032 4588 270 
8380 4917 4918 3260 
8381 1336 4484 1598 
8382 1195 1198 1196 
8383 879 896 895 
8384 4169 4603 4333 
8385 3312 3534 3309 
8386 1652 4888 1897 
8387 261 4934 310 
8388 2370 5234 3061 
8389 938 1124 882 
8390 4189 4590 2638 
8391 291 3232 3205 
8392 3387 5194 3374 
8393 3140 4983 4682 
8394 2508 4593 2374 
8395 1295 4484 1336 
8396 243 4476 289 
8397 2404 5415 3821 
8398 2862 4817 3059 
8399 1706 1707 1705 
8400 2059 2225 2060 
8401 3614 4819 3064 
8402 4021 4760 2345 
8403 2229 5421 3149 
8404 227 279 226 
8405 251 280 250 
8406 2046 4809 4431 
8407 2909 3027 2908 
8408 2031 4621 3425 
8409 2693 5153 3124 
8410 2694 4922 3131 
8411 4052 4677 2300 
8412 1608 4968 4039 
8413 3731 4612 612 
8414 4375 5345 4376 
8415 4031 4480 99 
8416 4052 4700 4677 
8417 2394 4624 3282 
8418 1968 4829 497 
8419 4063 4558 2783 
8420 762 4455 760 
8421 4673 5151 3124 
8422 2866 4817 2861 
8423 2280 4697 4504 
8424 1337 1338 1280 
8425 2223 4687 1838 
8426 810 4501 808 
8427 2985 4824 3321 
8428 4575 4594 2508 
8429 2328 4751 2324 
8430 1481 4613 1887 
8431 1854 5251 3741 
8432 4726 4741 3636 
8433 1312 5062 1184 
8434 926 4884 930 
8435 179 4765 3615 
8436 3566 5136 4422 
8437 3676 4679 4427 
8438 1193 1195 1194 
8439 1191 1193 1192 
8440 4319 5302 1765 
8441 4287 4575 2508 
8442 1737 1738 1595 
8443 4245 4722 1999 
8444 3597 5259 2492 
8445 2713 4627 740 
8446 2322 4751 2832 
8447 2964 4463 2967 
8448 269 4790 210 
8449 4158 4889 3960 
8450 4281 4888 1153 
8451 2193 5066 2329 
8452 2095 2776 2094 
8453 4029 4809 4026 
8454 2653 5016 4056 
8455 4600 4601 2339 
8456 3894 5077 3893 
8457 837 934 933 
8458 2639 2765 2764 
8459 2406 2407 2097 
8460 839 4946 445 
8461 3657 4618 130 
8462 2905 2907 2906 
8463 1457 4569 4365 
8464 926 930 929 
8465 1738 1740 1739 
8466 3654 4665 1913 
8467 3196 3231 3046 
8468 1496 4971 1494 
8469 3909 5420 3910 
8470 4597 4668 2663 
8471 979 4702 4264 
8472 3412 5000 2821 
8473 1962 4775 1958 
8474 5311 5322 2592 
8475 4665 4849 1913 
8476 4232 4715 2577 
8477 4081 4605 480 
8478 3464 3466 2666 
8479 2045 4893 2680 
8480 3067 4636 3159 
8481 784 1780 771 
8482 2487 2488 2137 
8483 3166 5394 3168 
8484 4319 5336 5302 
8485 1884 4846 2028 
8486 4245 4792 4722 
8487 3614 4926 335 
8488 1421 4820 1376 
8489 233 5185 4772 
8490 611 4535 1756 
8491 1999 4722 1031 
8492 4434 4558 1329 
8493 1736 5205 3996 
8494 4833 4994 3680 
8495 4258 4862 4163 
8496 774 4970 3591 
8497 4333 4603 1759 
8498 791 4604 759 
8499 239 3613 277 
8500 2726 4628 2725 
8501 1152 5381 851 
8502 2353 4607 1717 
8503 2992 5247 2991 
8504 1911 4983 4286 
8505 3461 4664 3653 
8506 3666 5083 4547 
8507 2681 4675 4592 
8508 280 3657 250 
8509 2225 2226 2060 
8510 4692 4693 2771 
8511 689 4810 687 
8512 3232 5173 4986 
8513 788 4648 804 
8514 3964 5001 1506 
8515 4402 4597 2663 
8516 5193 5222 3394 
8517 2486 4739 2083 
8518 3502 5341 353 
8519 480 4605 4542 
8520 1198 1258 1196 
8521 818 4616 826 
8522 2783 4876 2784 
8523 1695 4547 4253 
8524 3085 5158 2315 
8525 4404 5018 1678 
8526 1378 4820 1758 
8527 1858 5333 2224 
8528 3538 5201 3028 
8529 4264 4702 3819 
8530 1756 4568 603 
8531 1353 1595 1594 
8532 896 1008 1007 
8533 3936 4826 3608 
8534 3029 3052 2929 
8535 3177 4858 3902 
8536 1338 1353 1352 
8537 4540 4707 3477 
8538 2057 2059 2058 
8539 2930 4598 2333 
8540 3745 5280 3095 
8541 873 4516 829 
8542 759 4604 1074 
8543 2718 4461 4460 
8544 2381 4623 4536 
8545 3124 5146 2937 
8546 1759 4603 1874 
8547 1988 4609 1738 
8548 2261 4930 2156 
8549 931 4826 3936 
8550 752 4627 779 
8551 4512 4881 3979 
8552 1716 4599 1714 
8553 2260 4945 3018 
8554 3795 5409 3807 
8555 2411 2571 2570 
8556 1002 5070 918 
8557 926 929 892 
8558 1411 5157 5002 
8559 3550 5124 2056 
8560 134 4565 2970 
8561 3835 4594 4575 
8562 1257 4821 4776 
8563 4795 5356 269 
8564 1150 4366 1149 
8565 4277 4387 2302 
8566 2755 5015 2249 
8567 606 4639 1038 
8568 211 4795 269 
8569 3048 4878 4551 
8570 2626 4531 3474 
8571 2416 4951 4101 
8572 763 4455 1606 
8573 1921 1923 1922 
8574 507 4829 893 
8575 4234 4615 1073 
8576 4334 5047 3796 
8577 1428 4622 630 
8578 4712 5208 4801 
8579 4001 5248 3847 
8580 263 3615 278 
8581 3674 4774 3199 
8582 4886 5419 3184 
8583 2535 4968 2537 
8584 1661 5005 1504 
8585 928 4501 810 
8586 1154 4643 1044 
8587 1923 2057 1924 
8588 4286 5126 2068 
8589 2819 5000 3342 
8590 4011 5269 4188 
8591 668 4691 670 
8592 1785 5164 4064 
8593 4283 5012 1785 
8594 3114 5204 3437 
8595 2282 4624 2394 
8596 4315 4586 2222 
8597 351 5090 3500 
8598 2366 2367 287 
8599 1784 5140 1955 
8600 2635 4569 3458 
8601 4537 4538 4004 
8602 4126 4591 1826 
8603 4156 5244 793 
8604 2945 5142 3122 
8605 4424 4676 1053 
8606 268 5379 3141 
8607 335 4927 3614 
8608 3060 5196 4159 
8609 4468 5319 1563 
8610 2424 4646 3023 
8611 786 5276 3848 
8612 2568 4597 4301 
8613 3989 4576 3988 
8614 688 5127 1748 
8615 808 4501 2632 
8616 867 4827 4793 
8617 3119 4643 2312 
8618 4522 4615 4234 
8619 1193 4472 1195 
8620 5051 5056 2339 
8621 624 4610 940 
8622 1673 1681 1680 
8623 3594 4860 3593 
8624 309 4548 3143 
8625 96 5400 4337 
8626 2803 4981 2801 
8627 3476 4789 4257 
8628 1008 1174 1172 
8629 4130 5067 2884 
8630 94 4632 93 
8631 4081 4642 4605 
8632 2620 4586 4315 
8633 3437 5416 3114 
8634 2702 4672 4022 
8635 3867 5221 2376 
8636 1596 5182 1130 
8637 2806 4692 2683 
8638 1200 4859 1256 
8639 1910 4740 1908 
8640 3539 5019 2842 
8641 3221 4583 2836 
8642 3272 5388 2738 
8643 1193 1194 1192 
8644 2150 2312 1945 
8645 3200 4804 3016 
8646 1921 1922 1920 
8647 2632 4551 4454 
8648 4427 4679 3839 
8649 2399 4649 1204 
8650 2869 5054 3540 
8651 1594 4504 2664 
8652 4760 4903 2345 
8653 1893 4992 2388 
8654 4682 4983 3898 
8655 1745 4660 4322 
8656 4077 4733 1306 
8657 2596 4629 2904 
8658 1754 4953 4173 
8659 762 4530 4455 
8660 4169 4713 4603 
8661 743 4535 611 
8662 1206 4641 3991 
8663 3122 5172 2990 
8664 2252 4729 1303 
8665 4033 5120 2858 
8666 359 4032 102 
8667 1923 1924 1922 
8668 1195 1196 1194 
8669 2927 4767 4676 
8670 2904 4629 4236 
8671 829 4516 928 
8672 3188 5020 4850 
8673 3023 3024 2932 
8674 4056 5016 4895 
8675 1008 1191 1174 
8676 3168 5289 4212 
8677 536 4653 4478 
8678 1266 4925 1426 
8679 887 4818 904 
8680 240 4764 71 
8681 69 4926 3613 
8682 1068 4493 1042 
8683 1191 1192 1174 
8684 889 4911 1726 
8685 2138 4611 1471 
8686 1605 4642 4081 
8687 4301 4597 4402 
8688 2150 2914 2312 
8689 289 3111 75 
8690 1080 1081 934 
8691 3601 4688 4687 
8692 4456 4674 4263 
8693 1919 1921 1920 
8694 3260 4350 2380 
8695 2060 4571 2359 
8696 667 5271 798 
8697 3613 4926 3614 
8698 2734 4640 2520 
8699 2169 2170 2154 
8700 4320 4774 3674 
8701 4937 5025 3770 
8702 3681 4658 3276 
8703 1955 5211 1558 
8704 2683 4644 3939 
8705 2425 5122 3550 
8706 4591 4894 2021 
8707 4337 5217 96 
8708 3019 4961 3417 
8709 4444 5194 3387 
8710 1480 5265 1938 
8711 2677 4641 3586 
8712 449 5007 454 
8713 2907 2908 2906 
8714 4010 5034 4011 
8715 3596 5354 1406 
8716 2411 2570 2410 
8717 2059 2060 2058 
8718 854 4637 856 
8719 2832 4883 2320 
8720 3960 4889 3210 
8721 1257 4776 4232 
8722 4670 4715 3002 
8723 2414 5030 2415 
8724 1267 4366 1673 
8725 515 4758 4305 
8726 4562 4563 2817 
8727 4260 4997 2183 
8728 3066 5306 3090 
8729 3550 5112 2993 
8730 1050 4391 1150 
8731 614 4612 2025 
8732 720 4595 722 
8733 1570 4541 1387 
8734 1775 5074 2318 
8735 3023 3025 3024 
8736 3092 5284 3597 
8737 4718 4762 2748 
8738 4615 4720 1073 
8739 3886 4662 3884 
8740 3788 5027 2243 
8741 2022 5336 4319 
8742 20 4617 19 
8743 442 4673 931 
8744 2463 4967 2465 
8745 4272 4623 2797 
8746 3064 4819 2880 
8747 2571 2905 2572 
8748 4434 4866 4558 
8749 370 3221 2836 
8750 1735 5092 5032 
8751 2890 5273 3348 
8752 4138 5116 2523 
8753 2711 5158 3596 
8754 2661 4666 2659 
8755 1835 5182 3616 
8756 3484 5358 3230 
8757 3689 4978 3236 
8758 4466 4996 3686 
8759 3475 5177 2996 
8760 2057 2058 1924 
8761 3122 5142 4201 
8762 600 4678 591 
8763 2885 4645 2887 
8764 3413 5266 125 
8765 837 1080 934 
8766 4536 4623 4272 
8767 2988 5286 5149 
8768 2077 4774 4320 
8769 3024 3195 2932 
8770 1742 4660 1745 
8771 779 1774 800 
8772 320 5359 3451 
8773 332 4711 128 
8774 2809 4683 2686 
8775 3242 5114 3031 
8776 1605 4670 4642 
8777 3371 4652 3390 
8778 4271 4656 3473 
8779 4595 4823 2340 
8780 2508 4594 4593 
8781 3834 4718 4593 
8782 4679 4777 1868 
8783 2521 4699 3782 
8784 2914 3050 2312 
8785 1042 4493 3790 
8786 3432 5229 2599 
8787 420 5098 423 
8788 4087 5128 1968 
8789 2886 4862 4584 
8790 4457 4873 2404 
8791 1607 4680 1321 
8792 722 4595 1148 
8793 2409 2411 2410 
8794 2737 4785 4696 
8795 2429 5342 2613 
8796 879 2780 896 
8797 2851 5072 2849 
8798 3206 5034 2983 
8799 4677 4700 2699 
8800 3288 4677 2699 
8801 1438 5253 1394 
8802 3057 5226 4034 
8803 1679 5008 3890 
8804 2753 4750 2715 
8805 4699 4755 1894 
8806 5012 5164 1785 
8807 1672 4925 1231 
8808 2689 5250 4134 
8809 3996 5205 3333 
8810 983 4847 4174 
8811 2882 5124 3055 
8812 4061 4675 2681 
8813 2266 5033 2269 
8814 328 2525 2335 
8815 4016 5233 2518 
8816 3487 5226 3058 
8817 1699 4562 1950 
8818 2443 4671 3041 
8819 2690 5250 2689 
8820 4365 4569 2635 
8821 1919 1920 1918 
8822 511 4758 515 
8823 612 4612 614 
8824 1707 2890 2810 
8825 2920 5080 3286 
8826 3025 3026 3024 
8827 4123 5301 1830 
8828 4069 4670 1605 
8829 1498 4989 1496 
8830 244 5093 4966 
8831 206 4631 205 
8832 603 4568 597 
8833 1484 5180 1615 
8834 1739 4504 1595 
8835 2331 2409 2333 
8836 671 5086 1736 
8837 328 4830 2525 
8838 832 4924 876 
8839 1782 5259 2066 
8840 1945 4643 1154 
8841 2571 2572 2570 
8842 3456 5254 3142 
8843 4029 5298 3354 
8844 1588 4701 3915 
8845 4859 4929 1256 
8846 3584 4674 4456 
8847 2350 4543 2786 
8848 4332 5388 3272 
8849 2007 4684 1960 
8850 1451 4995 1258 
8851 2300 4834 4358 
8852 2838 4650 4606 
8853 1912 5251 1854 
8854 4287 4625 4575 
8855 3102 4856 4231 
8856 4309 4620 4194 
8857 597 4568 4381 
8858 2729 4958 2731 
8859 4832 4905 295 
8860 1070 4705 1071 
8861 2823 4914 3433 
8862 2303 4620 4309 
8863 4703 5350 1382 
8864 2855 5120 2854 
8865 1950 4562 2817 
8866 4274 5331 3086 
8867 1922 4600 2339 
8868 2947 5178 2493 
8869 4174 4847 2787 
8870 2424 2931 2423 
8871 2025 4610 616 
8872 1886 4690 1885 
8873 852 4655 921 
8874 6 369 329 
8875 116 371 330 
8876 2428 4891 2883 
8877 3488 4811 3301 
8878 5082 5380 4463 
8879 2380 4646 2170 
8880 3616 5362 3180 
8881 849 5381 3854 
8882 2697 4708 3409 
8883 3209 5304 3083 
8884 1955 5140 4414 
8885 2994 5177 3412 
8886 1706 4732 1707 
8887 2151 4659 2150 
8888 1765 5274 3836 
8889 1694 4656 4271 
8890 1390 5096 1731 
8891 2610 5040 2609 
8892 2221 4704 3071 
8893 3710 5216 3712 
8894 2409 2410 2333 
8895 774 4574 4238 
8896 2303 4749 4620 
8897 4465 4780 3191 
8898 2791 4931 4050 
8899 3390 5385 3373 
8900 2905 2906 2572 
8901 2847 5148 2870 
8902 3148 5278 5105 
8903 1915 4260 1914 
8904 587 5147 593 
8905 4551 4878 1722 
8906 2186 4698 2187 
8907 804 4648 879 
8908 3193 5199 4883 
8909 4135 5073 4405 
8910 4547 5083 2735 
8911 4442 4764 240 
8912 2461 5129 2463 
8913 3781 4707 2812 
8914 3056 5174 2614 
8915 3530 5308 3080 
8916 1490 5180 1486 
8917 1740 4609 1831 
8918 4123 5349 3108 
8919 3332 5205 4334 
8920 2761 4721 2762 
8921 3087 4988 2997 
8922 4198 5026 4945 
8923 2492 5259 2217 
8924 1662 4651 4361 
8925 1719 4672 4329 
8926 4200 4991 2915 
8927 4678 4717 591 
8928 259 5392 3684 
8929 4194 4620 4108 
8930 2716 4609 1988 
8931 3702 5397 4017 
8932 4423 4743 3742 
8933 1406 5354 3469 
8934 2779 4756 2702 
8935 1182 5037 1180 
8936 4533 4962 200 
8937 1917 1919 1918 
8938 4332 5430 1555 
8939 1169 4705 1070 
8940 2704 4814 3544 
8941 3737 4871 3735 
8942 4198 4945 2872 
8943 2598 5229 3045 
8944 2329 5066 4538 
8945 5126 5258 2068 
8946 4886 4887 4043 
8947 1387 4541 3561 
8948 4940 5125 3174 
8949 2339 5056 1920 
8950 2450 4768 4731 
8951 1071 4493 1068 
8952 1613 4991 4200 
8953 4548 5107 3143 
8954 4923 4933 3030 
8955 4224 5365 5352 
8956 258 5288 282 
8957 3382 4769 3380 
8958 1053 4676 1800 
8959 1738 4609 1740 
8960 1358 5161 1755 
8961 2711 4695 2712 
8962 1425 5257 1264 
8963 3904 5169 2651 
8964 4116 5154 401 
8965 2450 4731 1467 
8966 1862 5268 2360 
8967 1595 4504 1594 
8968 2872 4945 4196 
8969 1176 5003 1059 
8970 591 4717 586 
8971 2325 4725 2327 
8972 2154 4659 2151 
8973 3996 5271 1736 
8974 401 5154 402 
8975 2699 4700 2165 
8976 3678 4679 3676 
8977 4549 5307 3186 
8978 892 4685 873 
8979 2895 5383 3528 
8980 3360 4531 2626 
8981 4478 4653 4328 
8982 2949 5144 4125 
8983 476 5166 457 
8984 1797 4541 1570 
8985 4185 4999 4513 
8986 3091 5403 3532 
8987 1129 5102 1131 
8988 2702 4756 4672 
8989 4354 5231 4117 
8990 1350 5418 1381 
8991 3183 4935 3184 
8992 2363 5107 2362 
8993 1451 5287 3583 
8994 1681 1883 1882 
8995 2170 2424 2423 
8996 899 4833 4248 
8997 5306 5384 3090 
8998 2094 4808 4488 
8999 1615 5265 1482 
9000 918 4818 887 
9001 3664 5300 1011 
9002 4374 5056 5051 
9003 180 4765 179 
9004 4232 4776 4715 
9005 893 4758 511 
9006 3967 4653 536 
9007 45 3969 273 
9008 155 3971 274 
9009 3043 4788 2971 
9010 2424 2932 2931 
9011 4292 4682 2219 
9012 1396 5326 598 
9013 499 5151 446 
9014 604 5335 608 
9015 98 4480 321 
9016 2714 4728 4052 
9017 4978 4990 3236 
9018 4645 4719 2887 
9019 2898 5261 2902 
9020 943 4957 1682 
9021 3032 5300 3665 
9022 4294 4821 1257 
9023 1793 4562 1699 
9024 4692 4806 4693 
9025 365 4905 4853 
9026 969 4957 945 
9027 3189 4614 2487 
9028 1831 4660 1742 
9029 991 5008 1679 
9030 2170 2423 2154 
9031 1317 5269 1421 
9032 4270 4855 2724 
9033 957 4998 955 
9034 1838 4687 2253 
9035 4700 4728 2429 
9036 2731 5237 2820 
9037 208 4481 322 
9038 3580 5423 4523 
9039 4122 5058 2873 
9040 4461 4874 271 
9041 405 5154 4164 
9042 2683 4692 4644 
9043 2663 4668 4452 
9044 1010 5008 994 
9045 1751 4816 1861 
9046 1761 5197 1903 
9047 1563 5319 1192 
9048 3289 4834 3288 
9049 3672 4744 4378 
9050 4306 5409 2328 
9051 4284 4931 2791 
9052 4637 4727 856 
9053 215 4780 214 
9054 2158 4696 2067 
9055 2319 4980 1890 
9056 1253 5136 4291 
9057 3219 4699 4669 
9058 3665 5346 3032 
9059 1707 2810 1705 
9060 204 4634 203 
9061 273 3968 44 
9062 274 3970 154 
9063 301 5210 2754 
9064 4174 4702 979 
9065 739 5086 673 
9066 3575 4904 2799 
9067 535 5038 3711 
9068 3335 5370 3996 
9069 4263 4674 1999 
9070 4230 4734 4028 
9071 130 4618 129 
9072 645 5399 3417 
9073 1568 1915 1914 
9074 3850 4760 3852 
9075 2664 4697 2925 
9076 2330 2331 1915 
9077 4361 4651 4120 
9078 2770 4782 3064 
9079 2968 5082 4463 
9080 1426 5096 1299 
9081 1901 4703 1419 
9082 455 5166 4201 
9083 1662 4753 4651 
9084 4663 5056 4374 
9085 46 3969 45 
9086 156 3971 155 
9087 2953 4714 2678 
9088 4323 4850 1171 
9089 2739 4752 2740 
9090 1747 4732 1706 
9091 3153 5320 3152 
9092 306 4763 182 
9093 961 5337 4233 
9094 997 5045 1010 
9095 3228 5231 4354 
9096 2805 4657 3950 
9097 2473 4718 2475 
9098 154 3970 153 
9099 44 3968 43 
9100 4783 4963 3328 
9101 3002 4715 4240 
9102 2382 5170 3146 
9103 2695 4713 4169 
9104 2878 4746 4005 
9105 2243 5027 2038 
9106 3272 5430 4332 
9107 4248 4833 3679 
9108 2650 4856 4589 
9109 4680 5285 1438 
9110 3381 4781 3383 
9111 2095 4619 2776 
9112 2887 4719 3545 
9113 2764 4541 1797 
9114 3021 5399 3100 
9115 1917 1918 1883 
9116 3595 4768 2450 
9117 4961 5026 1469 
9118 2068 5258 4098 
9119 3219 4669 4385 
9120 1722 4878 3572 
9121 142 4566 344 
9122 1736 5271 669 
9123 19 331 18 
9124 129 332 128 
9125 4184 5391 3248 
9126 779 4627 1774 
9127 4672 4756 4329 
9128 2137 4619 2095 
9129 4405 5073 3843 
9130 1705 4705 1169 
9131 3124 5153 4673 
9132 4188 5269 1291 
9133 970 5194 4444 
9134 1549 5314 3942 
9135 4334 5086 739 
9136 2828 4873 4457 
9137 616 4610 624 
9138 4257 4789 4356 
9139 2816 4766 2814 
9140 4601 5051 2339 
9141 1883 4663 2350 
9142 1306 4733 1333 
9143 4626 5227 2580 
9144 929 4685 892 
9145 1411 5002 4267 
9146 4813 5256 4887 
9147 321 4973 4336 
9148 2776 4808 2094 
9149 134 2970 133 
9150 3329 4910 3149 
9151 4143 5430 3127 
9152 3688 5405 230 
9153 1989 4773 4748 
9154 1128 5182 1835 
9155 3427 4934 261 
9156 925 4928 926 
9157 251 4779 280 
9158 2358 4736 3139 
9159 1731 5268 1729 
9160 856 4727 858 
9161 2377 4876 4866 
9162 249 4711 4296 
9163 3611 4823 4595 
9164 3962 4773 1989 
9165 4874 4997 3070 
9166 1407 4762 3834 
9167 3321 5053 3322 
9168 3433 4914 4486 
9169 1989 4748 4067 
9170 1031 4722 1065 
9171 2355 4713 3238 
9172 2642 4742 4415 
9173 2515 4757 3033 
9174 2230 4933 3029 
9175 3141 5063 3905 
9176 2599 5366 3432 
9177 4624 4871 3737 
9178 1568 2330 1915 
9179 3505 4858 3177 
9180 209 4790 4481 
9181 4159 5196 4265 
9182 326 4635 4532 
9183 2651 5169 2652 
9184 213 4465 360 
9185 2226 4571 2060 
9186 4201 5166 3122 
9187 3495 4938 3493 
9188 323 5404 3463 
9189 1924 4600 1922 
9190 1908 4740 2281 
9191 2324 4751 2322 
9192 3267 4728 2714 
9193 1333 4733 1568 
9194 4040 4754 1840 
9195 873 4685 4516 
9196 4735 4891 2479 
9197 3924 5208 4712 
9198 4541 4870 3561 
9199 1765 5302 5274 
9200 2603 5365 4224 
9201 1407 4793 4762 
9202 3065 5426 3399 
9203 1689 4775 4152 
9204 2918 5266 3413 
9205 3953 5108 1410 
9206 3836 5232 1312 
9207 4493 5414 3790 
9208 1606 4970 765 
9209 4381 4667 2077 
9210 3567 4823 3611 
9211 4360 4866 2734 
9212 3631 5139 3630 
9213 2775 4767 2927 
9214 4776 4821 2868 
9215 2056 5124 4307 
9216 2263 4510 4509 
9217 71 335 70 
9218 181 336 180 
9219 1143 5332 1147 
9220 212 4795 211 
9221 357 4975 4802 
9222 3102 5294 4856 
9223 4090 5081 3631 
9224 95 293 94 
9225 205 294 204 
9226 4998 5299 3389 
9227 2312 4643 1945 
9228 3448 5323 4308 
9229 1124 4686 882 
9230 1931 5426 3528 
9231 3678 4777 4679 
9232 210 4790 209 
9233 2097 4732 1747 
9234 4070 4897 4298 
9235 4060 4770 4053 
9236 2407 2790 2097 
9237 5078 5358 3484 
9238 2680 4893 4704 
9239 3051 5017 3015 
9240 3047 5368 2225 
9241 3187 4950 3061 
9242 2058 4602 1924 
9243 1762 4982 2006 
9244 4489 5150 2713 
9245 1924 4602 4600 
9246 322 4482 207 
9247 1958 4775 1689 
9248 3615 4647 278 
9249 4036 5191 4035 
9250 1226 4759 1229 
9251 4487 5085 2953 
9252 2734 4866 4434 
9253 3283 5219 4189 
9254 4757 4815 3033 
9255 4033 5347 4037 
9256 2781 4749 2303 
9257 282 5288 4308 
9258 4789 5232 4356 
9259 4308 4735 2479 
9260 3622 4813 3621 
9261 2989 4851 4042 
9262 3168 5394 4576 
9263 4116 5281 5154 
9264 879 4648 2780 
9265 3145 5163 2905 
9266 3041 5377 3435 
9267 2906 2935 2572 
9268 4598 5117 3069 
9269 4350 4646 2380 
9270 1434 5212 3533 
9271 963 5337 961 
9272 3115 5204 3114 
9273 370 4706 3221 
9274 2988 4791 2981 
9275 4576 5289 3168 
9276 2218 4778 2127 
9277 4079 4785 1297 
9278 2771 4782 2770 
9279 769 4654 3921 
9280 1553 5344 4049 
9281 2639 4689 2765 
9282 4241 4753 1662 
9283 4723 4763 306 
9284 1681 1917 1883 
9285 865 4793 1407 
9286 3352 5228 279 
9287 846 5297 922 
9288 4504 4697 2664 
9289 5164 5305 4064 
9290 4982 5004 2006 
9291 2133 4812 2673 
9292 2086 4786 2089 
9293 3186 5307 3187 
9294 1425 5306 5257 
9295 2764 4870 4541 
9296 5213 5244 2923 
9297 4696 4785 4079 
9298 3001 4902 2766 
9299 3956 5372 3395 
9300 3303 5185 313 
9301 3218 4755 3219 
9302 1780 4654 771 
9303 1145 5373 1141 
9304 2487 4614 2488 
9305 165 5162 352 
9306 4152 4775 3760 
9307 3680 4777 3678 
9308 3249 5134 4544 
9309 93 4633 92 
9310 5149 5286 3826 
9311 2205 4510 2263 
9312 3966 5090 3208 
9313 4305 4758 3411 
9314 1735 5032 4520 
9315 2207 5207 2208 
9316 4903 4955 4141 
9317 2785 5049 3260 
9318 5161 5257 3159 
9319 2878 5105 4746 
9320 1127 5036 1129 
9321 3850 4903 4760 
9322 2423 4659 2154 
9323 4486 4914 296 
9324 3508 5097 3049 
9325 4785 4859 1297 
9326 4329 4756 2610 
9327 4440 5338 3649 
9328 3894 5247 3098 
9329 2613 5342 4647 
9330 1196 4995 4737 
9331 227 4745 279 
9332 360 4795 212 
9333 1900 4761 4487 
9334 3500 5252 53 
9335 1531 4784 4399 
9336 2488 4619 2137 
9337 4397 4761 1900 
9338 3390 5418 5385 
9339 2987 4853 2804 
9340 2649 5158 2711 
9341 2358 4742 4736 
9342 2328 5409 4694 
9343 4808 5413 4550 
9344 4415 4742 2358 
9345 1171 4850 1108 
9346 2091 5311 2592 
9347 4550 4689 2639 
9348 2572 4638 2570 
9349 4308 5288 3448 
9350 5254 5363 3142 
9351 1973 5290 4070 
9352 2929 5214 2228 
9353 771 4654 769 
9354 4113 4794 782 
9355 2817 4741 2503 
9356 4304 5095 2975 
9357 3051 4631 4482 
9358 4240 4776 2868 
9359 2935 5093 4638 
9360 4060 4845 4770 
9361 3892 5130 4967 
9362 3624 4921 645 
9363 4669 4699 2521 
9364 3718 4818 3721 
9365 4460 4960 325 
9366 235 5339 317 
9367 1073 4720 4554 
9368 90 4839 89 
9369 1598 5223 1597 
9370 4378 4744 1684 
9371 2503 4741 4726 
9372 3263 4822 2736 
9373 4064 5305 1773 
9374 2057 4892 2059 
9375 106 303 105 
9376 216 304 215 
9377 2630 5107 4548 
9378 2150 4659 2914 
9379 3974 5244 5213 
9380 3633 5203 3004 
9381 1901 5353 4703 
9382 4026 4809 2046 
9383 1830 5301 1349 
9384 1748 5127 4815 
9385 277 4805 238 
9386 2868 4821 2867 
9387 2285 4154 2209 
9388 3033 4815 3243 
9389 3690 4978 3689 
9390 2806 4806 4692 
9391 3357 5229 3432 
9392 1755 5161 4636 
9393 2727 5280 3745 
9394 3660 4932 2175 
9395 3723 5227 3423 
9396 3345 5350 4703 
9397 3513 5132 5018 
9398 2751 4836 3690 
9399 3834 4762 4718 
9400 4884 4984 1170 
9401 4524 4803 2160 
9402 3847 5324 1012 
9403 2593 4857 2043 
9404 4224 5352 3226 
9405 4568 4667 4381 
9406 3049 5097 4878 
9407 784 4686 1780 
9408 1831 4899 4014 
9409 2895 5175 2364 
9410 3565 4825 2756 
9411 4839 4960 4460 
9412 2503 4726 4367 
9413 4040 4852 4754 
9414 4444 5190 949 
9415 270 5024 4031 
9416 2684 4885 3213 
9417 2861 4817 2862 
9418 3684 5201 318 
9419 3219 4755 4699 
9420 4341 5348 2612 
9421 609 4835 605 
9422 1589 4810 689 
9423 4576 5394 3988 
9424 2880 4819 4165 
9425 1725 4868 1971 
9426 4914 5277 296 
9427 4715 4776 4240 
9428 3430 5157 1411 
9429 120 4867 288 
9430 4276 4743 4277 
9431 947 5190 969 
9432 2934 4792 4245 
9433 4052 4728 4700 
9434 5132 5168 4380 
9435 4242 4833 899 
9436 3022 4880 2974 
9437 3513 5018 3514 
9438 767 4970 774 
9439 203 4635 202 
9440 3781 4986 4707 
9441 4538 5066 3594 
9442 2980 5111 4528 
9443 338 5329 4872 
9444 97 5400 96 
9445 4789 5062 1312 
9446 3055 5233 4096 
9447 4878 5097 3572 
9448 1913 4849 2763 
9449 4352 5002 3217 
9450 3300 5138 3299 
9451 214 4780 4465 
9452 3656 5298 4617 
9453 1196 4737 1194 
9454 2715 4750 4447 
9455 2657 4761 4397 
9456 3049 4878 3048 
9457 4951 5247 2992 
9458 959 5422 996 
9459 4346 4783 3328 
9460 3491 4861 2401 
9461 4601 5195 5051 
9462 4741 4941 2349 
9463 2550 4845 4060 
9464 2810 4705 1705 
9465 2345 4903 4141 
9466 353 5310 34 
9467 4399 4784 3619 
9468 2794 4895 4653 
9469 2730 4848 2728 
9470 96 5217 95 
9471 2170 4646 2424 
9472 2838 4955 4650 
9473 1194 4737 1563 
9474 2804 4853 4832 
9475 278 4807 262 
9476 1376 4820 1378 
9477 3025 5014 3132 
9478 1568 4733 2330 
9479 4212 4854 368 
9480 1260 5287 1451 
9481 5081 5139 3631 
9482 220 4796 219 
9483 3156 4814 2704 
9484 2953 5085 4661 
9485 4908 5234 2286 
9486 1143 5373 3510 
9487 2766 4902 2918 
9488 2350 4663 4543 
9489 3146 4894 4623 
9490 1256 4929 3802 
9491 497 4829 507 
9492 2407 5010 4681 
9493 1878 4889 4158 
9494 2028 4846 2658 
9495 4583 4681 2836 
9496 1938 5408 3900 
9497 2813 4865 2910 
9498 1490 5347 4034 
9499 162 4510 2205 
9500 1751 5223 4816 
9501 4657 5386 3950 
9502 3327 5011 3328 
9503 2784 5425 2191 
9504 218 4799 217 
9505 3578 5295 3579 
9506 3387 5190 4444 
9507 882 4686 784 
9508 3175 5200 3762 
9509 3940 4877 2542 
9510 2397 5386 2583 
9511 1444 5020 1793 
9512 3345 5353 3344 
9513 4707 4986 349 
9514 2452 5371 5065 
9515 3593 4860 3609 
9516 4482 4631 206 
9517 4830 4841 2786 
9518 3453 5270 3452 
9519 1933 4852 4040 
9520 2209 4154 147 
9521 1297 4859 1200 
9522 902 4942 3963 
9523 3035 5039 3036 
9524 2791 4847 983 
9525 1008 4738 1191 
9526 2210 4908 2286 
9527 4647 5342 3267 
9528 2892 4864 3966 
9529 5305 5385 1773 
9530 4488 4808 2562 
9531 930 4884 1170 
9532 4044 4875 2917 
9533 3037 5193 5125 
9534 2269 5083 3666 
9535 3381 5012 4781 
9536 4045 4803 4524 
9537 4877 5015 2755 
9538 108 4798 107 
9539 3204 4827 4395 
9540 1861 4816 2352 
9541 2407 4681 2790 
9542 4636 5161 3159 
9543 2479 4891 2428 
9544 2550 4901 4845 
9545 4300 5021 348 
9546 3161 5285 4680 
9547 2356 4863 3990 
9548 3455 4874 4461 
9549 4793 4827 3204 
9550 4231 4856 2650 
9551 2331 4869 2409 
9552 1918 4663 1883 
9553 4543 4830 2786 
9554 3144 5022 3526 
9555 4163 4862 2886 
9556 3504 5391 2778 
9557 4571 5214 3906 
9558 3857 4844 1345 
9559 4643 4928 1044 
9560 837 4724 1080 
9561 4958 5244 4156 
9562 552 4939 3618 
9563 42 4801 41 
9564 3514 5410 4671 
9565 3026 4710 3024 
9566 4367 4726 4051 
9567 1968 5128 4865 
9568 1351 5350 1830 
9569 4440 5297 844 
9570 4610 5149 3826 
9571 4939 4954 3618 
9572 2296 4900 3908 
9573 3618 4954 1472 
9574 4844 5036 1345 
9575 4153 4154 2285 
9576 1875 4923 2504 
9577 1153 4888 1652 
9578 3825 5384 4112 
9579 4983 5126 4286 
9580 1967 4982 1762 
9581 4822 5326 1396 
9582 3755 4993 4991 
9583 2922 5374 4128 
9584 1744 4882 1741 
9585 1688 4855 4270 
9586 2790 4732 2097 
9587 2209 5209 2210 
9588 158 4800 157 
9589 2892 4948 4864 
9590 3940 5041 5015 
9591 501 4936 503 
9592 70 4926 69 
9593 4851 4913 353 
9594 280 4779 3957 
9595 1835 4886 4043 
9596 3493 5057 3494 
9597 4527 4914 2823 
9598 3437 5204 2420 
9599 1726 4911 4836 
9600 4583 5152 4681 
9601 4828 5230 4275 
9602 4537 5052 4538 
9603 4992 5221 3867 
9604 3950 5339 2987 
9605 2320 4883 2319 
9606 1312 5232 4789 
9607 140 5359 320 
9608 4528 5111 3151 
9609 3438 5341 5060 
9610 2504 4923 4910 
9611 3070 4944 3069 
9612 3537 5183 4712 
9613 4458 5309 3053 
9614 3234 4901 2550 
9615 3790 5414 3856 
9616 4841 5121 3010 
9617 4173 4953 3504 
9618 3046 4899 2716 
9619 3851 4903 3850 
9620 3804 4919 3927 
9621 4289 4832 295 
9622 633 5387 635 
9623 5128 5165 2910 
9624 5018 5410 3514 
9625 3081 4934 4885 
9626 3836 5274 5232 
9627 3004 5006 3489 
9628 271 4874 4837 
9629 2156 4893 2045 
9630 3024 4710 3195 
9631 4716 4902 3001 
9632 4630 4798 3463 
9633 1678 5132 4380 
9634 1665 4922 4114 
9635 3537 5361 3300 
9636 3062 4929 4859 
9637 2420 4969 3704 
9638 1933 4937 4852 
9639 1472 4981 3756 
9640 2580 5227 3723 
9641 1108 4850 1274 
9642 1726 4875 4281 
9643 3990 5021 3989 
9644 3851 4955 4903 
9645 2935 4638 2572 
9646 3201 4896 2896 
9647 1774 4724 800 
9648 1707 4787 2890 
9649 4954 4981 1472 
9650 3786 5046 3785 
9651 5015 5041 2871 
9652 2817 4941 4741 
9653 152 4802 151 
9654 2780 4738 896 
9655 3210 4889 3212 
9656 91 4960 90 
9657 2893 4948 2892 
9658 3686 4996 1834 
9659 876 4911 889 
9660 4849 4964 2763 
9661 4401 5412 3645 
9662 2902 4994 4242 
9663 800 4724 837 
9664 2434 4979 3137 
9665 2352 5222 2054 
9666 4513 5092 1735 
9667 146 5312 3503 
9668 2037 5380 5082 
9669 4673 5153 931 
9670 2175 4932 2377 
9671 3972 5160 359 
9672 3119 4928 4643 
9673 2033 4881 1576 
9674 3540 5054 4971 
9675 3020 4930 2261 
9676 4704 4893 3071 
9677 4557 4824 2985 
9678 4653 4895 4328 
9679 4667 4774 2077 
9680 3755 4991 1613 
9681 1044 4928 925 
9682 3020 4956 4930 
9683 36 5316 3502 
9684 4549 5295 3578 
9685 2377 4866 4360 
9686 1688 4897 4855 
9687 4531 4943 3215 
9688 4131 5379 338 
9689 4600 4872 4601 
9690 338 5379 268 
9691 113 4917 112 
9692 3501 5272 163 
9693 4369 4765 336 
9694 2743 4927 3096 
9695 4277 5428 4387 
9696 2208 5207 299 
9697 4451 4975 3497 
9698 4681 5010 2836 
9699 4823 4920 2340 
9700 3227 5324 5248 
9701 92 325 91 
9702 202 326 201 
9703 217 4974 216 
9704 3608 4952 2818 
9705 4919 5040 2610 
9706 3167 5023 3107 
9707 4898 5006 785 
9708 3146 5170 4863 
9709 5106 5233 4016 
9710 4876 4932 2784 
9711 4538 5052 2329 
9712 2583 5386 4657 
9713 4856 5294 3722 
9714 4374 5051 4373 
9715 4579 4898 785 
9716 4933 5042 3029 
9717 869 4990 4978 
9718 3902 5417 3093 
9719 3532 5403 5178 
9720 3107 4909 3105 
9721 3317 5267 252 
9722 3100 5399 4921 
9723 3248 5391 4953 
9724 103 5176 359 
9725 1473 5037 1182 
9726 3038 4912 2218 
9727 1231 4925 1266 
9728 3645 5412 4655 
9729 4298 4897 1688 
9730 3174 5125 2354 
9731 2317 5186 3128 
9732 896 4738 1008 
9733 3445 5159 3162 
9734 3072 4870 2764 
9735 4587 4747 3541 
9736 869 4924 832 
9737 4533 5121 4962 
9738 62 295 236 
9739 172 296 260 
9740 4076 4937 1933 
9741 3099 4956 3020 
9742 3098 4951 2416 
9743 229 297 27 
9744 253 298 137 
9745 2913 5032 3751 
9746 782 4972 4092 
9747 445 4946 447 
9748 4590 5219 4414 
9749 3046 5360 4899 
9750 1564 5283 3953 
9751 4372 5195 4601 
9752 3785 5145 839 
9753 345 5249 4288 
9754 3117 4824 4557 
9755 3059 4942 3356 
9756 4014 5360 3001 
9757 3195 5407 2932 
9758 4414 5219 1955 
9759 3147 4929 3062 
9760 2037 5082 4881 
9761 278 5317 4807 
9762 1397 4976 1379 
9763 1170 4984 1279 
9764 3945 5290 1973 
9765 4896 4985 2896 
9766 1494 4971 1590 
9767 3535 5356 4795 
9768 271 4839 4461 
9769 4039 4968 2535 
9770 2340 4920 4326 
9771 1385 5218 1386 
9772 287 4706 369 
9773 4505 5374 2922 
9774 3161 4969 3115 
9775 2591 5152 4583 
9776 3288 4834 4677 
9777 22 4608 363 
9778 4328 4895 2353 
9779 111 4947 110 
9780 3165 5322 5311 
9781 2902 5261 4996 
9782 3256 5187 3254 
9783 2218 4912 4778 
9784 2836 5010 2835 
9785 3107 5023 4909 
9786 337 5093 244 
9787 4196 4945 2260 
9788 3727 4993 3755 
9789 5032 5092 3751 
9790 3379 5012 3381 
9791 2870 5148 5001 
9792 3044 5415 3043 
9793 4659 4949 2914 
9794 765 4970 767 
9795 2465 4967 2834 
9796 4621 5315 5091 
9797 5021 5357 3989 
9798 3659 5395 4618 
9799 2797 4894 4591 
9800 24 2954 23 
9801 2280 4964 4697 
9802 4946 5007 447 
9803 2923 4958 2729 
9804 4747 5303 324 
9805 4825 5078 3486 
9806 4602 4872 4600 
9807 3796 5047 2913 
9808 2913 5047 5032 
9809 19 4617 331 
9810 3018 4961 3019 
9811 1632 5224 3685 
9812 2763 4964 3123 
9813 3572 5097 1109 
9814 3030 4933 2230 
9815 76 4966 4476 
9816 3082 5427 3475 
9817 4705 5009 1071 
9818 3854 5013 3851 
9819 3433 5402 4318 
9820 4482 5017 3051 
9821 2706 4892 2057 
9822 299 5208 3924 
9823 3807 5409 4306 
9824 1679 4931 4284 
9825 317 5339 3950 
9826 324 5303 4799 
9827 293 4632 94 
9828 4242 4994 4833 
9829 4141 4955 2838 
9830 1174 5319 4077 
9831 1501 5005 4989 
9832 336 4765 180 
9833 3589 5296 2268 
9834 3378 5055 3376 
9835 1501 4989 1498 
9836 1859 5292 5084 
9837 2268 5033 2266 
9838 4623 4894 2797 
9839 1506 5001 4036 
9840 3498 4977 3087 
9841 2873 4992 1893 
9842 4703 5353 3345 
9843 2720 5425 3957 
9844 5060 5316 315 
9845 5322 5367 4411 
9846 3323 5292 4273 
9847 88 4837 87 
9848 1855 5181 3623 
9849 680 5088 5075 
9850 2871 5041 3499 
9851 3542 5243 3543 
9852 4895 5016 2353 
9853 4950 5196 3060 
9854 3510 5059 3126 
9855 294 5119 4634 
9856 2423 4949 4659 
9857 3813 5165 5128 
9858 1504 5005 1501 
9859 2896 4985 2895 
9860 3099 5004 4982 
9861 1180 5037 4977 
9862 4677 4834 2300 
9863 2926 5087 2924 
9864 2821 5000 2819 
9865 4913 5310 353 
9866 1878 5264 4889 
9867 3191 5369 4465 
9868 4811 5320 3153 
9869 4308 5323 4735 
9870 945 4957 943 
9871 2525 4830 4543 
9872 4144 4963 2069 
9873 3136 5064 3135 
9874 3740 5130 642 
9875 4203 5262 476 
9876 447 5007 449 
9877 3269 5264 4177 
9878 1059 5003 1009 
9879 686 5127 688 
9880 5097 5308 1109 
9881 2249 5015 2871 
9882 3435 5377 5102 
9883 2367 4706 287 
9884 2997 4988 3082 
9885 4632 4633 93 
9886 4076 5025 4937 
9887 2330 4869 2331 
9888 5046 5145 3785 
9889 3558 5038 4445 
9890 2890 4890 2810 
9891 5060 5341 3502 
9892 1890 4980 2839 
9893 3326 5084 3324 
9894 5011 5405 3688 
9895 205 4631 294 
9896 680 5075 682 
9897 2842 5019 2840 
9898 955 5327 953 
9899 4558 4876 2783 
9900 4544 5134 3162 
9901 1925 5103 3804 
9902 3913 5071 1629 
9903 3971 4938 274 
9904 1629 4999 4185 
9905 996 4998 957 
9906 349 5173 16 
9907 3100 5004 3099 
9908 4155 5343 4156 
9909 2210 5209 301 
9910 2226 5214 4571 
9911 5019 5030 2840 
9912 678 5088 680 
9913 3893 5077 1603 
9914 3192 4974 4799 
9915 3974 5213 1587 
9916 5084 5292 3324 
9917 2983 5034 4010 
9918 4661 5085 3479 
9919 2840 5030 2414 
9920 71 4764 335 
9921 2415 5118 3097 
9922 3027 5100 5043 
9923 298 5357 4300 
9924 1184 5062 1473 
9925 994 5008 991 
9926 129 4618 332 
9927 3184 4935 4813 
9928 3512 5132 3513 
9929 1011 5300 5114 
9930 1590 5076 3964 
9931 3712 5216 1802 
9932 1345 5036 1127 
9933 219 324 218 
9934 109 323 108 
9935 3474 5119 3470 
9936 47 356 46 
9937 157 358 156 
9938 43 355 42 
9939 153 357 152 
9940 3079 5069 3080 
9941 1918 5056 4663 
9942 3344 5353 3403 
9943 3957 5104 3658 
9944 2537 5041 3940 
9945 3942 5314 5144 
9946 1603 5077 5067 
9947 3384 5167 3386 
9948 2906 4965 2935 
9949 5170 5235 3990 
9950 3813 5128 4087 
9951 3898 4983 1911 
9952 4965 4966 2935 
9953 4526 5277 4527 
9954 1755 5025 4076 
9955 2524 5066 2193 
9956 304 4780 215 
9957 3379 5164 5012 
9958 5003 5045 1009 
9959 2025 5149 4610 
9960 3357 5238 3045 
9961 3751 5092 2948 
9962 4032 5160 4588 
9963 4131 4872 4602 
9964 2973 5110 3022 
9965 3799 5365 5351 
9966 1681 4828 1917 
9967 4164 5281 4105 
9968 377 4771 4556 
9969 3799 5351 1175 
9970 2908 4965 2906 
9971 3489 5006 4898 
9972 3571 5065 3404 
9973 3438 5060 3437 
9974 3348 5273 2591 
9975 1587 5135 3740 
9976 3932 5291 5192 
9977 3680 4994 4466 
9978 3468 4831 4574 
9979 4366 4828 1673 
9980 3816 5246 3559 
9981 4101 5262 4203 
9982 4445 5038 535 
9983 3463 5404 3464 
9984 4563 4941 2817 
9985 2492 5403 3597 
9986 1 4797 220 
9987 3873 5220 2188 
9988 4107 5046 2637 
9989 198 4840 197 
9990 3757 5078 1458 
9991 4550 5413 2252 
9992 3236 5115 3235 
9993 5059 5373 1145 
9994 4850 5020 1274 
9995 4794 4972 782 
9996 5130 5135 2834 
9997 2224 5089 4587 
9998 1009 5045 997 
9999 2318 5115 4208 
10000 294 4634 204 
10001 2735 5083 3120 
10002 3951 5058 4122 
10003 2609 5040 2897 
10004 4870 5212 1434 
10005 1629 5071 4999 
10006 105 5035 104 
10007 3 4915 2 
10008 3354 5228 3352 
10009 3027 5043 2908 
10010 3663 5026 4198 
10011 4105 5340 1754 
10012 3616 5419 1835 
10013 3627 5275 3625 
10014 4104 5054 2869 
10015 4816 5223 3457 
10016 4887 5256 1780 
10017 5165 5179 3933 
10018 2038 5027 2651 
10019 1995 5116 4138 
10020 1859 5084 4144 
10021 3800 5153 2693 
10022 4889 5264 3212 
10023 1047 5070 1002 
10024 2854 5072 2851 
10025 335 4926 70 
10026 3508 5308 5097 
10027 2998 5160 3972 
10028 68 361 67 
10029 178 362 177 
10030 4616 4990 869 
10031 1131 5102 1144 
10032 3804 5103 5040 
10033 2438 5189 2436 
10034 3034 5396 3346 
10035 3148 5105 2878 
10036 3933 5179 2919 
10037 785 5006 4251 
10038 4740 4871 2281 
10039 22 363 21 
10040 132 364 131 
10041 286 4373 4371 
10042 1603 5067 4130 
10043 5281 5340 4105 
10044 2931 4949 2423 
10045 1995 5242 5116 
10046 3139 5126 3140 
10047 2188 5074 1775 
10048 332 5395 3610 
10049 2592 5322 4411 
10050 2922 5080 2920 
10051 3452 5270 283 
10052 3512 5168 5132 
10053 2716 4899 4609 
10054 2870 5076 4104 
10055 2910 5165 3933 
10056 344 4438 3450 
10057 4494 5029 1720 
10058 2941 5143 5137 
10059 4694 5409 3795 
10060 3979 5082 2968 
10061 3374 5194 3372 
10062 5179 5215 2919 
10063 303 5255 4630 
10064 673 5086 671 
10065 3720 5294 4564 
10066 3370 5245 3389 
10067 3423 5133 3012 
10068 5054 5076 1590 
10069 356 5406 3436 
10070 58 341 57 
10071 168 342 167 
10072 32 343 31 
10073 142 344 141 
10074 1991 5099 5073 
10075 4765 5364 3615 
10076 3190 5089 3189 
10077 3543 5010 2407 
10078 5137 5142 2943 
10079 4104 5076 5054 
10080 3072 5212 4870 
10081 5040 5103 2897 
10082 419 5098 420 
10083 2939 5146 5143 
10084 4250 5343 4155 
10085 3988 5394 2022 
10086 2183 4997 3455 
10087 3080 5308 3508 
10088 2993 5112 3741 
10089 348 5235 4804 
10090 2810 5009 4705 
10091 334 5238 3357 
10092 1991 5073 4135 
10093 200 4962 199 
10094 2518 5122 2425 
10095 2941 5137 2943 
10096 3399 5426 1931 
10097 3579 5423 3580 
10098 89 271 88 
10099 199 272 198 
10100 3740 5135 5130 
10101 2939 5143 2941 
10102 2452 5065 4611 
10103 5029 5428 4277 
10104 5021 5235 348 
10105 3377 5164 3379 
10106 3932 5192 2471 
10107 3762 5200 3764 
10108 2884 5118 4009 
10109 286 4371 191 
10110 2987 5339 3696 
10111 1673 4828 1681 
10112 4955 5013 4650 
10113 3031 5114 3032 
10114 1258 4995 1196 
10115 2858 5120 2855 
10116 1274 5020 1444 
10117 419 5106 5098 
10118 2937 5146 2939 
10119 3528 5383 3482 
10120 2215 5140 1784 
10121 4791 5149 2025 
10122 3211 5048 3209 
10123 345 5022 4750 
10124 2943 5142 2945 
10125 4208 5115 4990 
10126 3150 5108 3151 
10127 4049 5344 5174 
10128 5072 5191 4036 
10129 2315 5158 2649 
10130 4096 5106 419 
10131 4588 5024 270 
10132 2362 5107 2630 
10133 4899 5360 4014 
10134 2471 5129 2461 
10135 4380 5168 1145 
10136 3322 5053 3325 
10137 446 5151 444 
10138 3622 5256 4813 
10139 3515 5168 3512 
10140 1299 5096 1390 
10141 4107 5145 5046 
10142 4963 5084 3326 
10143 2897 5103 3237 
10144 4125 5144 3056 
10145 4177 5264 1878 
10146 3696 5339 235 
10147 4990 5115 3236 
10148 1581 5165 3813 
10149 4634 4635 203 
10150 593 5147 1396 
10151 110 5123 109 
10152 3757 5358 5078 
10153 3368 5299 3366 
10154 4035 5191 4037 
10155 5289 5357 298 
10156 3142 5363 3201 
10157 4710 5366 2599 
10158 2919 5215 3169 
10159 5104 5425 2784 
10160 4609 4899 1831 
10161 2976 5101 2978 
10162 996 5422 5156 
10163 3431 5378 3430 
10164 636 5387 633 
10165 1774 5150 4596 
10166 2252 5413 4729 
10167 3152 5401 3669 
10168 4316 5081 2759 
10169 2975 5095 2976 
10170 3910 5420 3150 
10171 2754 4975 4451 
10172 2990 5172 2992 
10173 3937 5179 1581 
10174 2978 5111 2980 
10175 2523 5328 2524 
10176 3287 5145 4107 
10177 5042 5202 3029 
10178 3032 5346 4340 
10179 1318 5161 1358 
10180 1581 5179 5165 
10181 3937 5215 5179 
10182 4348 5099 1991 
10183 5095 5101 2976 
10184 4749 5091 2646 
10185 2849 5148 2847 
10186 2493 5178 2492 
10187 3220 5199 3714 
10188 4729 5413 2776 
10189 2286 5234 2370 
10190 11 2366 10 
10191 285 4375 81 
10192 1557 5211 5198 
10193 2988 5149 4791 
10194 5004 5275 5239 
10195 4944 4997 4260 
10196 1486 5180 1484 
10197 1394 5253 2108 
10198 3528 5426 5175 
10199 3325 5424 3327 
10200 3870 5242 1995 
10201 3364 5156 4233 
10202 4816 4904 2352 
10203 1557 5198 4019 
10204 3333 5205 3332 
10205 4300 5357 5021 
10206 303 5035 105 
10207 2614 5174 3017 
10208 457 5166 455 
10209 3360 4943 4531 
10210 1558 5211 1557 
10211 402 5154 405 
10212 3630 5239 3627 
10213 5101 5111 2978 
10214 3182 5419 3616 
10215 4403 5240 2232 
10216 840 5375 4250 
10217 5048 5355 3503 
10218 3109 5100 3027 
10219 3826 5286 1564 
10220 4316 5139 5081 
10221 2996 5177 2994 
10222 5043 5100 289 
10223 4307 5124 2882 
10224 3906 5155 290 
10225 3377 5305 5164 
10226 423 5215 3937 
10227 1458 5078 4825 
10228 4250 5375 5343 
10229 4980 5052 2839 
10230 4924 4978 3690 
10231 90 4960 4839 
10232 2376 5221 3280 
10233 2353 5016 4607 
10234 4480 4973 321 
10235 4947 5049 3465 
10236 2834 5135 4269 
10237 1903 5139 4316 
10238 3942 5279 1600 
10239 2839 5052 4537 
10240 4509 5187 3256 
10241 4836 4911 3690 
10242 2954 5061 3117 
10243 793 5244 3974 
10244 3228 5250 2690 
10245 2689 5251 1912 
10246 104 5176 103 
10247 3016 5170 2382 
10248 3162 5159 3118 
10249 4851 5341 3438 
10250 1920 5056 1918 
10251 1318 5257 5161 
10252 3058 5226 3057 
10253 3192 5303 4587 
10254 2599 5229 2598 
10255 2006 5197 1761 
10256 3042 5367 5322 
10257 731 5358 3757 
10258 4422 5136 1253 
10259 216 4974 304 
10260 4813 4935 3621 
10261 2820 5237 2830 
10262 3500 5090 4864 
10263 2652 5169 2655 
10264 3088 5276 786 
10265 2905 5163 2907 
10266 5108 5420 1410 
10267 2253 5401 1839 
10268 2377 4932 4876 
10269 4576 5357 5289 
10270 3324 5292 3323 
10271 3634 5390 3633 
10272 3722 5294 3720 
10273 2217 5259 1782 
10274 5309 5344 4019 
10275 3053 5309 5198 
10276 3139 5258 5126 
10277 3093 5417 3263 
10278 3798 5365 3799 
10279 361 4806 3426 
10280 5231 5248 1990 
10281 2224 5333 5089 
10282 3711 5246 3710 
10283 4019 5344 1553 
10284 4411 5367 1176 
10285 3981 5367 3042 
10286 3375 5305 3377 
10287 68 4805 361 
10288 1130 5182 1128 
10289 2790 5152 4787 
10290 341 5134 5068 
10291 4233 5422 961 
10292 953 5327 970 
10293 3217 5157 3218 
10294 3042 5322 3165 
10295 5122 5233 3055 
10296 4476 4966 4965 
10297 1482 5265 1480 
10298 4601 5329 4372 
10299 3279 5328 3313 
10300 2989 4913 4851 
10301 4938 5225 274 
10302 4251 5203 1589 
10303 5352 5365 3798 
10304 4049 5314 1549 
10305 1990 5248 4001 
10306 1264 5257 1318 
10307 2471 5192 5129 
10308 3180 5362 3179 
10309 4681 5152 2790 
10310 4265 5196 1354 
10311 3649 5338 4403 
10312 4208 4990 4616 
10313 4650 5013 3419 
10314 669 5271 667 
10315 4117 5231 1990 
10316 4373 5195 4371 
10317 3045 5238 3196 
10318 3173 5291 3932 
10319 1012 5352 3798 
10320 3159 5306 3066 
10321 2883 5186 3147 
10322 3005 5330 4502 
10323 4144 5084 4963 
10324 4034 5347 4033 
10325 3017 5344 5309 
10326 4735 5323 3129 
10327 3597 5403 3091 
10328 3165 5372 3956 
10329 193 2335 286 
10330 83 2334 285 
10331 1589 5390 4810 
10332 4371 4372 373 
10333 2795 5042 4933 
10334 3028 5201 4525 
10335 3016 5235 5170 
10336 4269 5213 2923 
10337 3665 5300 3664 
10338 2738 5388 3843 
10339 4799 4974 217 
10340 352 5162 4341 
10341 3280 5279 2949 
10342 3263 5326 4822 
10343 5169 5260 2655 
10344 949 5190 947 
10345 3106 5336 3166 
10346 4476 5043 289 
10347 3086 5331 3498 
10348 4571 5063 2359 
10349 292 4902 4716 
10350 2364 5175 3065 
10351 3375 5385 5305 
10352 178 4807 362 
10353 3237 5261 2898 
10354 3212 5264 3269 
10355 2600 4867 121 
10356 1291 5269 1317 
10357 4017 5397 2182 
10358 4646 5109 3023 
10359 3017 5309 4458 
10360 4027 5334 4029 
10361 3373 5385 3375 
10362 2069 4963 4783 
10363 4712 4801 355 
10364 4956 4982 1967 
10365 3083 5304 4153 
10366 3108 5349 3110 
10367 3448 5031 342 
10368 1729 5268 1862 
10369 2908 5043 4965 
10370 5302 5336 3106 
10371 5368 5421 2227 
10372 3265 5189 4304 
10373 4356 5232 3008 
10374 5035 5176 104 
10375 4688 5171 4687 
10376 851 5381 849 
10377 4568 5318 4667 
10378 1425 5384 5306 
10379 322 5017 4482 
10380 608 5335 628 
10381 2655 5260 3949 
10382 1587 5213 5135 
10383 3052 5155 2929 
10384 4611 5065 3571 
10385 2776 5413 4808 
10386 4588 5160 2998 
10387 1147 5332 1240 
10388 312 5411 4843 
10389 107 5255 106 
10390 4510 5188 4509 
10391 4654 5256 3622 
10392 5053 5424 3325 
10393 2713 5150 4627 
10394 2 275 1 
10395 112 276 111 
10396 2188 5220 5074 
10397 3074 5212 3072 
10398 3077 5281 4116 
10399 3077 5340 5281 
10400 3211 5355 5048 
10401 5135 5213 4269 
10402 4621 5091 2781 
10403 3476 5062 4789 
10404 2583 5311 2091 
10405 598 5326 604 
10406 3503 5312 5048 
10407 3226 5324 3227 
10408 4986 5173 349 
10409 4815 5127 3243 
10410 4369 5364 4765 
10411 4375 4376 374 
10412 1144 5410 4404 
10413 2227 5421 2229 
10414 1597 5223 1751 
10415 3248 5340 3077 
10416 4869 5263 4468 
10417 4037 5347 1490 
10418 2421 5193 3037 
10419 3104 5302 3106 
10420 3068 5408 3487 
10421 1071 5064 4493 
10422 2228 5214 2226 
10423 1109 5308 3530 
10424 3004 5203 5006 
10425 3260 4918 4350 
10426 2612 5348 3958 
10427 5006 5203 4251 
10428 1001 5337 963 
10429 3338 5370 3335 
10430 4824 5282 347 
10431 106 5255 303 
10432 276 5049 4947 
10433 289 5100 3111 
10434 921 5412 4401 
10435 5004 5239 2006 
10436 2778 5391 4184 
10437 92 4633 325 
10438 2225 5368 2227 
10439 3018 5026 4961 
10440 4709 4959 3089 
10441 3123 5240 2831 
10442 3140 5126 4983 
10443 2054 5222 2421 
10444 343 5396 3449 
10445 325 4960 91 
10446 3969 5138 273 
10447 1773 5418 1350 
10448 1555 5430 4143 
10449 4318 5402 3148 
10450 5009 5064 1071 
10451 2268 5296 5033 
10452 2528 5374 4505 
10453 3417 5399 3021 
10454 3008 5274 3104 
10455 3450 5359 140 
10456 4112 5384 1425 
10457 844 5297 846 
10458 4863 5170 3990 
10459 4881 5082 3979 
10460 2330 5263 4869 
10461 4667 5318 3198 
10462 3940 5015 4877 
10463 5343 5375 2830 
10464 4564 5294 3102 
10465 372 5109 4350 
10466 4965 5043 4476 
10467 3151 5283 4528 
10468 279 5228 3656 
10469 4273 5292 1859 
10470 3394 5389 3239 
10471 4528 5286 2988 
10472 293 5217 5039 
10473 2207 3259 37 
10474 5048 5312 316 
10475 153 3970 357 
10476 43 3968 355 
10477 5232 5274 3008 
10478 202 4635 326 
10479 2182 5397 4348 
10480 1141 5373 1143 
10481 2830 5375 4274 
10482 237 5141 309 
10483 5274 5302 3104 
10484 295 4905 236 
10485 296 4906 260 
10486 356 3969 46 
10487 358 3971 156 
10488 229 4907 297 
10489 4865 5128 2910 
10490 4403 5338 5240 
10491 2466 5295 4549 
10492 309 5141 4548 
10493 4502 5330 3038 
10494 2753 5249 4750 
10495 4799 5303 3192 
10496 2914 5184 3050 
10497 3268 5355 3211 
10498 1780 5256 4654 
10499 4798 5255 107 
10500 4627 5150 1774 
10501 1309 5287 1260 
10502 5257 5306 3159 
10503 5240 5338 2831 
10504 341 5068 57 
10505 1349 5301 1309 
10506 5157 5378 3218 
10507 2420 5204 4969 
10508 869 4978 4924 
10509 4671 5410 5377 
10510 61 365 60 
10511 171 366 170 
10512 3117 5282 4824 
10513 29 367 28 
10514 139 368 138 
10515 3495 5225 4938 
10516 4387 5428 2706 
10517 4431 5380 2037 
10518 3029 5202 3052 
10519 4297 5371 2452 
10520 4902 5266 2918 
10521 5377 5410 1144 
10522 1309 5301 5287 
10523 2706 5428 4494 
10524 1382 5350 1351 
10525 359 5160 4032 
10526 2421 5222 5193 
10527 4372 5329 5079 
10528 3353 5380 4431 
10529 2191 5425 2720 
10530 4348 5397 3702 
10531 5089 5333 3189 
10532 3135 5064 5009 
10533 961 5422 959 
10534 4885 4934 3427 
10535 4189 5219 4590 
10536 3213 5317 3267 
10537 3267 5342 4728 
10538 1150 5230 4366 
10539 4947 5123 110 
10540 4890 5009 2810 
10541 4969 5204 3115 
10542 4617 5334 331 
10543 300 5050 49 
10544 2613 5364 4369 
10545 5079 5329 338 
10546 272 4841 4840 
10547 4883 5199 2319 
10548 3426 5141 237 
10549 3043 5415 4873 
10550 4915 4916 275 
10551 2781 5091 4749 
10552 4761 5085 4487 
10553 5057 5241 3494 
10554 4463 5380 3353 
10555 1192 5319 1174 
10556 5031 5288 258 
10557 3301 5183 3537 
10558 3851 5013 4955 
10559 3099 4982 4956 
10560 3069 5117 2334 
10561 3430 5378 5157 
10562 41 5208 40 
10563 4366 5230 4828 
10564 2831 5338 4440 
10565 3804 5040 4919 
10566 121 4867 120 
10567 159 5206 158 
10568 4350 5109 4646 
10569 4949 5184 2914 
10570 315 5416 5060 
10571 3141 5379 4131 
10572 151 5210 150 
10573 52 4772 375 
10574 219 4796 324 
10575 5138 5361 273 
10576 324 4799 218 
10577 220 4797 4796 
10578 49 5050 48 
10579 4687 5171 2253 
10580 5068 5134 3249 
10581 4788 5113 2971 
10582 323 4798 108 
10583 4864 5090 3966 
10584 1756 5318 4568 
10585 288 371 118 
10586 287 369 8 
10587 89 4839 271 
10588 253 4854 298 
10589 5385 5418 1773 
10590 3070 4997 4944 
10591 355 4801 42 
10592 362 3427 177 
10593 285 5345 4375 
10594 344 3450 141 
10595 5117 5345 285 
10596 342 5031 167 
10597 288 5014 371 
10598 3231 5360 3046 
10599 3502 5316 5060 
10600 4630 5255 4798 
10601 4977 5037 3087 
10602 24 5061 2954 
10603 157 4800 358 
10604 5069 5181 1855 
10605 3118 5386 2397 
10606 25 5282 5061 
10607 3446 5321 3447 
10608 4750 5249 345 
10609 5085 5325 3479 
10610 5224 5407 3685 
10611 274 5225 3970 
10612 361 3426 67 
10613 3615 5364 4647 
10614 476 5262 5172 
10615 4523 5423 2466 
10616 3973 5176 5035 
10617 357 4802 152 
10618 109 5123 323 
10619 3135 5009 4890 
10620 95 5217 293 
10621 3447 5323 3448 
10622 48 5406 47 
10623 322 5398 5017 
10624 2930 5345 4598 
10625 4971 5054 1590 
10626 321 5400 97 
10627 79 374 78 
10628 189 373 188 
10629 87 4838 86 
10630 4736 5258 3139 
10631 4671 5377 3041 
10632 4077 5263 4733 
10633 2923 5244 4958 
10634 2031 5315 4621 
10635 122 2600 121 
10636 2931 5407 5224 
10637 3189 5333 4614 
10638 3543 5243 4916 
10639 3098 5247 4951 
10640 344 5376 4438 
10641 4921 5399 645 
10642 4811 5183 3301 
10643 2466 5423 5295 
10644 197 4842 196 
10645 4949 5224 5184 
10646 4967 5130 2834 
10647 292 5266 4902 
10648 5051 5195 4373 
10649 4916 5243 275 
10650 4647 5364 2613 
10651 5239 5275 3627 
10652 3990 5235 5021 
10653 199 4962 272 
10654 4156 5343 5237 
10655 3971 5057 4938 
10656 3989 5357 4576 
10657 47 5406 356 
10658 328 4842 4830 
10659 5123 5404 323 
10660 343 3449 31 
10661 5295 5423 3579 
10662 4787 5273 2890 
10663 4843 5411 3200 
10664 272 5121 4841 
10665 4804 5235 3016 
10666 2932 5407 2931 
10667 4966 5093 2935 
10668 5001 5148 4036 
10669 132 5267 364 
10670 4587 5303 4747 
10671 4872 5329 4601 
10672 5152 5273 4787 
10673 271 4837 88 
10674 2873 5221 4992 
10675 4655 5412 921 
10676 61 4905 365 
10677 171 4906 366 
10678 367 4907 28 
10679 1354 5196 4950 
10680 2657 5325 4761 
10681 4372 5079 373 
10682 373 5079 187 
10683 273 5361 3968 
10684 3218 5378 4755 
10685 365 3696 60 
10686 374 5094 77 
10687 4996 5261 1834 
10688 4481 5398 322 
10689 39 5207 38 
10690 149 5209 148 
10691 4953 5391 3504 
10692 1835 5419 4886 
10693 276 4947 111 
10694 3153 5183 4811 
10695 272 4840 198 
10696 4376 5094 374 
10697 4728 5342 2429 
10698 3764 5200 5147 
10699 4962 5121 272 
10700 52 375 51 
10701 162 2205 161 
10702 38 2207 37 
10703 148 2209 147 
10704 12 2368 2366 
10705 112 4917 276 
10706 3300 5361 5138 
10707 4618 5395 332 
10708 3150 5420 5108 
10709 296 5277 4906 
10710 5108 5283 3151 
10711 4904 5313 2352 
10712 3465 5404 5123 
10713 4404 5410 5018 
10714 4938 5057 3493 
10715 4733 5263 2330 
10716 315 5429 5416 
10717 4096 5233 5106 
10718 4985 5383 2895 
10719 353 5341 4851 
10720 1839 5401 5320 
10721 2334 5117 285 
10722 3079 5181 5069 
10723 996 5299 4998 
10724 2591 5273 5152 
10725 2854 5191 5072 
10726 3026 5366 4710 
10727 275 5243 4797 
10728 5416 5429 3114 
10729 2931 5224 4949 
10730 3038 5330 4912 
10731 5236 5369 3246 
10732 4801 5208 41 
10733 2972 5310 4913 
10734 4212 5289 4854 
10735 4566 5376 344 
10736 314 5272 5131 
10737 158 5206 4800 
10738 275 4797 1 
10739 970 5327 5245 
10740 2 4915 275 
10741 3575 5313 4904 
10742 4873 5415 2404 
10743 5147 5200 1396 
10744 3100 5275 5004 
10745 358 5057 3971 
10746 4802 5210 151 
10747 2518 5233 5122 
10748 257 5188 4510 
10749 4800 5241 358 
10750 3510 5373 5059 
10751 5184 5224 1632 
10752 4771 5185 3303 
10753 50 300 49 
10754 160 302 159 
10755 40 299 39 
10756 150 301 149 
10757 5131 5272 3501 
10758 4761 5325 5085 
10759 5197 5239 3630 
10760 4371 5195 4372 
10761 2006 5239 5197 
10762 366 5392 170 
10763 5291 5387 636 
10764 5114 5300 3032 
10765 4598 5345 5117 
10766 3957 5425 5104 
10767 29 5405 367 
10768 5172 5262 2992 
10769 3465 5123 4947 
10770 3953 5283 5108 
10771 3449 5396 5044 
10772 358 5241 5057 
10773 3354 5298 5228 
10774 4494 5428 5029 
10775 5044 5396 3034 
10776 354 5382 5110 
10777 5060 5416 3437 
10778 5198 5309 4019 
10779 86 327 85 
10780 196 328 195 
10781 5228 5298 3656 
10782 3263 5417 5335 
10783 4837 4838 87 
10784 5144 5314 3056 
10785 3148 5402 5278 
10786 5311 5372 3165 
10787 5061 5282 3117 
10788 5174 5344 3017 
10789 4840 4842 197 
10790 5110 5382 3022 
10791 4854 5289 298 
10792 3448 5288 5031 
10793 5187 5188 314 
10794 5102 5377 1144 
10795 5156 5422 4233 
10796 366 5393 5392 
10797 5245 5327 3389 
10798 5237 5343 2830 
10799 4509 5188 5187 
10800 5 329 4 
10801 115 330 114 
10802 5178 5403 2492 
10803 5175 5426 3065 
10804 38 5207 2207 
10805 148 5209 2209 
10806 2600 5293 4867 
10807 2583 5372 5311 
10808 3173 5387 5291 
10809 5313 5389 3394 
10810 5278 5402 346 
10811 5392 5393 3684 
10812 5335 5417 628 
10813 5320 5401 3152 
10814 3575 5389 5313 
10815 194 2335 193 
10816 84 2334 83 
10817 3436 5406 5050 
10818 40 5208 299 
10819 117 371 116 
10820 7 369 6 
10821 302 5206 159 
10822 150 5210 301 
10823 86 4838 327 
10824 196 4842 328 
10825 301 5209 149 
10826 299 5207 39 
10827 82 285 81 
10828 192 286 191 
10829 5050 5406 48 
10830 9 287 8 
10831 119 288 118 
10832 34 5310 33 
10833 37 3259 232 
10834 233 4772 52 
10835 185 5028 184 
10836 4 4915 3 
10837 6 329 5 
10838 15 291 14 
10839 51 300 50 
10840 56 2971 55 
10841 2971 5113 55 
10842 75 3111 74 
10843 77 5094 244 
10844 80 374 79 
10845 81 4375 80 
10846 114 4917 113 
10847 116 330 115 
10848 245 4959 122 
10849 122 4959 2600 
10850 125 292 124 
10851 144 2973 143 
10852 144 5110 2973 
10853 161 302 160 
10854 166 3054 165 
10855 3054 5162 165 
10856 187 5079 268 
10857 190 373 189 
10858 191 4371 190 
$EndElements
