$MeshFormat
4.1 0 8
$EndMeshFormat
$PhysicalNames
2
1 2 "boundary"
2 1 "domain"
$EndPhysicalNames
$Entities
5 4 1 0
1 0 0 0 0 
2 1 0 0 0 
3 0 1 0 0 
4 -1 0 0 0 
5 0 -1 0 0 
1 5.551115123125783e-17 0 0 1 1 0 1 2 2 2 -3 
2 -1 5.551115123125783e-17 0 0 1 0 1 2 2 3 -4 
3 -1 -1 0 -5.551115123125783e-17 0 0 1 2 2 4 -5 
4 0 -1 0 1 -5.551115123125783e-17 0 1 2 2 5 -2 
11 -1 -1 0 1 1 0 1 1 4 1 2 3 4 
$EndEntities
$Nodes
9 2465 1 2465
0 2 0 1
1
1 0 0
0 3 0 1
2
0 1 0
0 4 0 1
3
-1 0 0
0 5 0 1
4
0 -1 0
1 1 0 39
5
6
7
8
9
10
11
12
13
14
15
16
17
18
19
20
21
22
23
24
25
26
27
28
29
30
31
32
33
34
35
36
37
38
39
40
41
42
43
0.9992290362370684 0.03925981585208337 0
0.9969173337188698 0.07845909590901202 0
0.9930684569234822 0.1175373977235073 0
0.9876883405357041 0.1564344654154802 0
0.9807852803041978 0.1950903225139992 0
0.9723699202528324 0.233445364459225 0
0.9624552362542887 0.2714404505719461 0
0.9510565160297142 0.3090169951918857 0
0.9381913355857607 0.3461170579902217 0
0.9238795320822304 0.3826834334009235 0
0.9081431733070204 0.418659738661189 0
0.8910065235831148 0.4539905009274227 0
0.8724960063805385 0.4886212427330716 0
0.8526401635343006 0.5224985660537271 0
0.8314696113539803 0.5555702344392299 0
0.8090169933038547 0.5877852537667059 0
0.7853169296423972 0.6190939508806705 0
0.7604059642493657 0.6494480499116095 0
0.7343225079230461 0.6788007471693058 0
0.7071067795487779 0.7071067828243172 0
0.6788007439294312 0.7343225109179554 0
0.6494480467764181 0.7604059669270721 0
0.619093947801316 0.7853169320699646 0
0.5877852508551819 0.8090169954192007 0
0.5555702316476275 0.8314696132192695 0
0.5224985633555992 0.8526401651877156 0
0.4886212402284661 0.872496007783185 0
0.4539904984669466 0.89100652483679 0
0.4186597363805483 0.9081431743584102 0
0.3826834312831875 0.9238795329594254 0
0.3461170560678615 0.9381913362949569 0
0.309016993499646 0.9510565165795563 0
0.2714404490522327 0.9624552366828923 0
0.2334453632039233 0.9723699205542037 0
0.195090321454662 0.980785280514913 0
0.1564344645800981 0.9876883406680156 0
0.117537397157561 0.9930684569904664 0
0.07845909547439321 0.996917333753075 0
0.039259815662668 0.9992290362445105 0
1 2 0 39
44
45
46
47
48
49
50
51
52
53
54
55
56
57
58
59
60
61
62
63
64
65
66
67
68
69
70
71
72
73
74
75
76
77
78
79
80
81
82
-0.03925981585208337 0.9992290362370684 0
-0.07845909590901202 0.9969173337188698 0
-0.1175373977235073 0.9930684569234822 0
-0.1564344654154802 0.9876883405357041 0
-0.1950903225139992 0.9807852803041978 0
-0.233445364459225 0.9723699202528324 0
-0.2714404505719461 0.9624552362542887 0
-0.3090169951918857 0.9510565160297142 0
-0.3461170579902217 0.9381913355857607 0
-0.3826834334009235 0.9238795320822304 0
-0.418659738661189 0.9081431733070204 0
-0.4539905009274227 0.8910065235831148 0
-0.4886212427330716 0.8724960063805385 0
-0.5224985660537271 0.8526401635343006 0
-0.5555702344392299 0.8314696113539803 0
-0.5877852537667059 0.8090169933038547 0
-0.6190939508806705 0.7853169296423972 0
-0.6494480499116095 0.7604059642493657 0
-0.6788007471693058 0.7343225079230461 0
-0.7071067828243172 0.7071067795487779 0
-0.7343225109179554 0.6788007439294312 0
-0.7604059669270721 0.6494480467764181 0
-0.7853169320699646 0.619093947801316 0
-0.8090169954192007 0.5877852508551819 0
-0.8314696132192695 0.5555702316476275 0
-0.8526401651877156 0.5224985633555992 0
-0.872496007783185 0.4886212402284661 0
-0.89100652483679 0.4539904984669466 0
-0.9081431743584102 0.4186597363805483 0
-0.9238795329594254 0.3826834312831875 0
-0.9381913362949569 0.3461170560678615 0
-0.9510565165795563 0.309016993499646 0
-0.9624552366828923 0.2714404490522327 0
-0.9723699205542037 0.2334453632039233 0
-0.980785280514913 0.195090321454662 0
-0.9876883406680156 0.1564344645800981 0
-0.9930684569904664 0.117537397157561 0
-0.996917333753075 0.07845909547439321 0
-0.9992290362445105 0.039259815662668 0
1 3 0 39
83
84
85
86
87
88
89
90
91
92
93
94
95
96
97
98
99
100
101
102
103
104
105
106
107
108
109
110
111
112
113
114
115
116
117
118
119
120
121
-0.9992290362370684 -0.03925981585208337 0
-0.9969173337188698 -0.07845909590901202 0
-0.9930684569234822 -0.1175373977235073 0
-0.9876883405357041 -0.1564344654154802 0
-0.9807852803041978 -0.1950903225139992 0
-0.9723699202528324 -0.233445364459225 0
-0.9624552362542887 -0.2714404505719461 0
-0.9510565160297142 -0.3090169951918857 0
-0.9381913355857607 -0.3461170579902217 0
-0.9238795320822304 -0.3826834334009235 0
-0.9081431733070204 -0.418659738661189 0
-0.8910065235831148 -0.4539905009274227 0
-0.8724960063805385 -0.4886212427330716 0
-0.8526401635343006 -0.5224985660537271 0
-0.8314696113539803 -0.5555702344392299 0
-0.8090169933038547 -0.5877852537667059 0
-0.7853169296423972 -0.6190939508806705 0
-0.7604059642493657 -0.6494480499116095 0
-0.7343225079230461 -0.6788007471693058 0
-0.7071067795487779 -0.7071067828243172 0
-0.6788007439294312 -0.7343225109179554 0
-0.6494480467764181 -0.7604059669270721 0
-0.619093947801316 -0.7853169320699646 0
-0.5877852508551819 -0.8090169954192007 0
-0.5555702316476275 -0.8314696132192695 0
-0.5224985633555992 -0.8526401651877156 0
-0.4886212402284661 -0.872496007783185 0
-0.4539904984669466 -0.89100652483679 0
-0.4186597363805483 -0.9081431743584102 0
-0.3826834312831875 -0.9238795329594254 0
-0.3461170560678615 -0.9381913362949569 0
-0.309016993499646 -0.9510565165795563 0
-0.2714404490522327 -0.9624552366828923 0
-0.2334453632039233 -0.9723699205542037 0
-0.195090321454662 -0.980785280514913 0
-0.1564344645800981 -0.9876883406680156 0
-0.117537397157561 -0.9930684569904664 0
-0.07845909547439321 -0.996917333753075 0
-0.039259815662668 -0.9992290362445105 0
1 4 0 39
122
123
124
125
126
127
128
129
130
131
132
133
134
135
136
137
138
139
140
141
142
143
144
145
146
147
148
149
150
151
152
153
154
155
156
157
158
159
160
0.03925981585208337 -0.9992290362370684 0
0.07845909590901202 -0.9969173337188698 0
0.1175373977235073 -0.9930684569234822 0
0.1564344654154802 -0.9876883405357041 0
0.1950903225139992 -0.9807852803041978 0
0.233445364459225 -0.9723699202528324 0
0.2714404505719461 -0.9624552362542887 0
0.3090169951918857 -0.9510565160297142 0
0.3461170579902217 -0.9381913355857607 0
0.3826834334009235 -0.9238795320822304 0
0.418659738661189 -0.9081431733070204 0
0.4539905009274227 -0.8910065235831148 0
0.4886212427330716 -0.8724960063805385 0
0.5224985660537271 -0.8526401635343006 0
0.5555702344392299 -0.8314696113539803 0
0.5877852537667059 -0.8090169933038547 0
0.6190939508806705 -0.7853169296423972 0
0.6494480499116095 -0.7604059642493657 0
0.6788007471693058 -0.7343225079230461 0
0.7071067828243172 -0.7071067795487779 0
0.7343225109179554 -0.6788007439294312 0
0.7604059669270721 -0.6494480467764181 0
0.7853169320699646 -0.619093947801316 0
0.8090169954192007 -0.5877852508551819 0
0.8314696132192695 -0.5555702316476275 0
0.8526401651877156 -0.5224985633555992 0
0.872496007783185 -0.4886212402284661 0
0.89100652483679 -0.4539904984669466 0
0.9081431743584102 -0.4186597363805483 0
0.9238795329594254 -0.3826834312831875 0
0.9381913362949569 -0.3461170560678615 0
0.9510565165795563 -0.309016993499646 0
0.9624552366828923 -0.2714404490522327 0
0.9723699205542037 -0.2334453632039233 0
0.980785280514913 -0.195090321454662 0
0.9876883406680156 -0.1564344645800981 0
0.9930684569904664 -0.117537397157561 0
0.996917333753075 -0.07845909547439321 0
0.9992290362445105 -0.039259815662668 0
2 11 0 2305
161
162
163
164
165
166
167
168
169
170
171
172
173
174
175
176
177
178
179
180
181
182
183
184
185
186
187
188
189
190
191
192
193
194
195
196
197
198
199
200
201
202
203
204
205
206
207
208
209
210
211
212
213
214
215
216
217
218
219
220
221
222
223
224
225
226
227
228
229
230
231
232
233
234
235
236
237
238
239
240
241
242
243
244
245
246
247
248
249
250
251
252
253
254
255
256
257
258
259
260
261
262
263
264
265
266
267
268
269
270
271
272
273
274
275
276
277
278
279
280
281
282
283
284
285
286
287
288
289
290
291
292
293
294
295
296
297
298
299
300
301
302
303
304
305
306
307
308
309
310
311
312
313
314
315
316
317
318
319
320
321
322
323
324
325
326
327
328
329
330
331
332
333
334
335
336
337
338
339
340
341
342
343
344
345
346
347
348
349
350
351
352
353
354
355
356
357
358
359
360
361
362
363
364
365
366
367
368
369
370
371
372
373
374
375
376
377
378
379
380
381
382
383
384
385
386
387
388
389
390
391
392
393
394
395
396
397
398
399
400
401
402
403
404
405
406
407
408
409
410
411
412
413
414
415
416
417
418
419
420
421
422
423
424
425
426
427
428
429
430
431
432
433
434
435
436
437
438
439
440
441
442
443
444
445
446
447
448
449
450
451
452
453
454
455
456
457
458
459
460
461
462
463
464
465
466
467
468
469
470
471
472
473
474
475
476
477
478
479
480
481
482
483
484
485
486
487
488
489
490
491
492
493
494
495
496
497
498
499
500
501
502
503
504
505
506
507
508
509
510
511
512
513
514
515
516
517
518
519
520
521
522
523
524
525
526
527
528
529
530
531
532
533
534
535
536
537
538
539
540
541
542
543
544
545
546
547
548
549
550
551
552
553
554
555
556
557
558
559
560
561
562
563
564
565
566
567
568
569
570
571
572
573
574
575
576
577
578
579
580
581
582
583
584
585
586
587
588
589
590
591
592
593
594
595
596
597
598
599
600
601
602
603
604
605
606
607
608
609
610
611
612
613
614
615
616
617
618
619
620
621
622
623
624
625
626
627
628
629
630
631
632
633
634
635
636
637
638
639
640
641
642
643
644
645
646
647
648
649
650
651
652
653
654
655
656
657
658
659
660
661
662
663
664
665
666
667
668
669
670
671
672
673
674
675
676
677
678
679
680
681
682
683
684
685
686
687
688
689
690
691
692
693
694
695
696
697
698
699
700
701
702
703
704
705
706
707
708
709
710
711
712
713
714
715
716
717
718
719
720
721
722
723
724
725
726
727
728
729
730
731
732
733
734
735
736
737
738
739
740
741
742
743
744
745
746
747
748
749
750
751
752
753
754
755
756
757
758
759
760
761
762
763
764
765
766
767
768
769
770
771
772
773
774
775
776
777
778
779
780
781
782
783
784
785
786
787
788
789
790
791
792
793
794
795
796
797
798
799
800
801
802
803
804
805
806
807
808
809
810
811
812
813
814
815
816
817
818
819
820
821
822
823
824
825
826
827
828
829
830
831
832
833
834
835
836
837
838
839
840
841
842
843
844
845
846
847
848
849
850
851
852
853
854
855
856
857
858
859
860
861
862
863
864
865
866
867
868
869
870
871
872
873
874
875
876
877
878
879
880
881
882
883
884
885
886
887
888
889
890
891
892
893
894
895
896
897
898
899
900
901
902
903
904
905
906
907
908
909
910
911
912
913
914
915
916
917
918
919
920
921
922
923
924
925
926
927
928
929
930
931
932
933
934
935
936
937
938
939
940
941
942
943
944
945
946
947
948
949
950
951
952
953
954
955
956
957
958
959
960
961
962
963
964
965
966
967
968
969
970
971
972
973
974
975
976
977
978
979
980
981
982
983
984
985
986
987
988
989
990
991
992
993
994
995
996
997
998
999
1000
1001
1002
1003
1004
1005
1006
1007
1008
1009
1010
1011
1012
1013
1014
1015
1016
1017
1018
1019
1020
1021
1022
1023
1024
1025
1026
1027
1028
1029
1030
1031
1032
1033
1034
1035
1036
1037
1038
1039
1040
1041
1042
1043
1044
1045
1046
1047
1048
1049
1050
1051
1052
1053
1054
1055
1056
1057
1058
1059
1060
1061
1062
1063
1064
1065
1066
1067
1068
1069
1070
1071
1072
1073
1074
1075
1076
1077
1078
1079
1080
1081
1082
1083
1084
1085
1086
1087
1088
1089
1090
1091
1092
1093
1094
1095
1096
1097
1098
1099
1100
1101
1102
1103
1104
1105
1106
1107
1108
1109
1110
1111
1112
1113
1114
1115
1116
1117
1118
1119
1120
1121
1122
1123
1124
1125
1126
1127
1128
1129
1130
1131
1132
1133
1134
1135
1136
1137
1138
1139
1140
1141
1142
1143
1144
1145
1146
1147
1148
1149
1150
1151
1152
1153
1154
1155
1156
1157
1158
1159
1160
1161
1162
1163
1164
1165
1166
1167
1168
1169
1170
1171
1172
1173
1174
1175
1176
1177
1178
1179
1180
1181
1182
1183
1184
1185
1186
1187
1188
1189
1190
1191
1192
1193
1194
1195
1196
1197
1198
1199
1200
1201
1202
1203
1204
1205
1206
1207
1208
1209
1210
1211
1212
1213
1214
1215
1216
1217
1218
1219
1220
1221
1222
1223
1224
1225
1226
1227
1228
1229
1230
1231
1232
1233
1234
1235
1236
1237
1238
1239
1240
1241
1242
1243
1244
1245
1246
1247
1248
1249
1250
1251
1252
1253
1254
1255
1256
1257
1258
1259
1260
1261
1262
1263
1264
1265
1266
1267
1268
1269
1270
1271
1272
1273
1274
1275
1276
1277
1278
1279
1280
1281
1282
1283
1284
1285
1286
1287
1288
1289
1290
1291
1292
1293
1294
1295
1296
1297
1298
1299
1300
1301
1302
1303
1304
1305
1306
1307
1308
1309
1310
1311
1312
1313
1314
1315
1316
1317
1318
1319
1320
1321
1322
1323
1324
1325
1326
1327
1328
1329
1330
1331
1332
1333
1334
1335
1336
1337
1338
1339
1340
1341
1342
1343
1344
1345
1346
1347
1348
1349
1350
1351
1352
1353
1354
1355
1356
1357
1358
1359
1360
1361
1362
1363
1364
1365
1366
1367
1368
1369
1370
1371
1372
1373
1374
1375
1376
1377
1378
1379
1380
1381
1382
1383
1384
1385
1386
1387
1388
1389
1390
1391
1392
1393
1394
1395
1396
1397
1398
1399
1400
1401
1402
1403
1404
1405
1406
1407
1408
1409
1410
1411
1412
1413
1414
1415
1416
1417
1418
1419
1420
1421
1422
1423
1424
1425
1426
1427
1428
1429
1430
1431
1432
1433
1434
1435
1436
1437
1438
1439
1440
1441
1442
1443
1444
1445
1446
1447
1448
1449
1450
1451
1452
1453
1454
1455
1456
1457
1458
1459
1460
1461
1462
1463
1464
1465
1466
1467
1468
1469
1470
1471
1472
1473
1474
1475
1476
1477
1478
1479
1480
1481
1482
1483
1484
1485
1486
1487
1488
1489
1490
1491
1492
1493
1494
1495
1496
1497
1498
1499
1500
1501
1502
1503
1504
1505
1506
1507
1508
1509
1510
1511
1512
1513
1514
1515
1516
1517
1518
1519
1520
1521
1522
1523
1524
1525
1526
1527
1528
1529
1530
1531
1532
1533
1534
1535
1536
1537
1538
1539
1540
1541
1542
1543
1544
1545
1546
1547
1548
1549
1550
1551
1552
1553
1554
1555
1556
1557
1558
1559
1560
1561
1562
1563
1564
1565
1566
1567
1568
1569
1570
1571
1572
1573
1574
1575
1576
1577
1578
1579
1580
1581
1582
1583
1584
1585
1586
1587
1588
1589
1590
1591
1592
1593
1594
1595
1596
1597
1598
1599
1600
1601
1602
1603
1604
1605
1606
1607
1608
1609
1610
1611
1612
1613
1614
1615
1616
1617
1618
1619
1620
1621
1622
1623
1624
1625
1626
1627
1628
1629
1630
1631
1632
1633
1634
1635
1636
1637
1638
1639
1640
1641
1642
1643
1644
1645
1646
1647
1648
1649
1650
1651
1652
1653
1654
1655
1656
1657
1658
1659
1660
1661
1662
1663
1664
1665
1666
1667
1668
1669
1670
1671
1672
1673
1674
1675
1676
1677
1678
1679
1680
1681
1682
1683
1684
1685
1686
1687
1688
1689
1690
1691
1692
1693
1694
1695
1696
1697
1698
1699
1700
1701
1702
1703
1704
1705
1706
1707
1708
1709
1710
1711
1712
1713
1714
1715
1716
1717
1718
1719
1720
1721
1722
1723
1724
1725
1726
1727
1728
1729
1730
1731
1732
1733
1734
1735
1736
1737
1738
1739
1740
1741
1742
1743
1744
1745
1746
1747
1748
1749
1750
1751
1752
1753
1754
1755
1756
1757
1758
1759
1760
1761
1762
1763
1764
1765
1766
1767
1768
1769
1770
1771
1772
1773
1774
1775
1776
1777
1778
1779
1780
1781
1782
1783
1784
1785
1786
1787
1788
1789
1790
1791
1792
1793
1794
1795
1796
1797
1798
1799
1800
1801
1802
1803
1804
1805
1806
1807
1808
1809
1810
1811
1812
1813
1814
1815
1816
1817
1818
1819
1820
1821
1822
1823
1824
1825
1826
1827
1828
1829
1830
1831
1832
1833
1834
1835
1836
1837
1838
1839
1840
1841
1842
1843
1844
1845
1846
1847
1848
1849
1850
1851
1852
1853
1854
1855
1856
1857
1858
1859
1860
1861
1862
1863
1864
1865
1866
1867
1868
1869
1870
1871
1872
1873
1874
1875
1876
1877
1878
1879
1880
1881
1882
1883
1884
1885
1886
1887
1888
1889
1890
1891
1892
1893
1894
1895
1896
1897
1898
1899
1900
1901
1902
1903
1904
1905
1906
1907
1908
1909
1910
1911
1912
1913
1914
1915
1916
1917
1918
1919
1920
1921
1922
1923
1924
1925
1926
1927
1928
1929
1930
1931
1932
1933
1934
1935
1936
1937
1938
1939
1940
1941
1942
1943
1944
1945
1946
1947
1948
1949
1950
1951
1952
1953
1954
1955
1956
1957
1958
1959
1960
1961
1962
1963
1964
1965
1966
1967
1968
1969
1970
1971
1972
1973
1974
1975
1976
1977
1978
1979
1980
1981
1982
1983
1984
1985
1986
1987
1988
1989
1990
1991
1992
1993
1994
1995
1996
1997
1998
1999
2000
2001
2002
2003
2004
2005
2006
2007
2008
2009
2010
2011
2012
2013
2014
2015
2016
2017
2018
2019
2020
2021
2022
2023
2024
2025
2026
2027
2028
2029
2030
2031
2032
2033
2034
2035
2036
2037
2038
2039
2040
2041
2042
2043
2044
2045
2046
2047
2048
2049
2050
2051
2052
2053
2054
2055
2056
2057
2058
2059
2060
2061
2062
2063
2064
2065
2066
2067
2068
2069
2070
2071
2072
2073
2074
2075
2076
2077
2078
2079
2080
2081
2082
2083
2084
2085
2086
2087
2088
2089
2090
2091
2092
2093
2094
2095
2096
2097
2098
2099
2100
2101
2102
2103
2104
2105
2106
2107
2108
2109
2110
2111
2112
2113
2114
2115
2116
2117
2118
2119
2120
2121
2122
2123
2124
2125
2126
2127
2128
2129
2130
2131
2132
2133
2134
2135
2136
2137
2138
2139
2140
2141
2142
2143
2144
2145
2146
2147
2148
2149
2150
2151
2152
2153
2154
2155
2156
2157
2158
2159
2160
2161
2162
2163
2164
2165
2166
2167
2168
2169
2170
2171
2172
2173
2174
2175
2176
2177
2178
2179
2180
2181
2182
2183
2184
2185
2186
2187
2188
2189
2190
2191
2192
2193
2194
2195
2196
2197
2198
2199
2200
2201
2202
2203
2204
2205
2206
2207
2208
2209
2210
2211
2212
2213
2214
2215
2216
2217
2218
2219
2220
2221
2222
2223
2224
2225
2226
2227
2228
2229
2230
2231
2232
2233
2234
2235
2236
2237
2238
2239
2240
2241
2242
2243
2244
2245
2246
2247
2248
2249
2250
2251
2252
2253
2254
2255
2256
2257
2258
2259
2260
2261
2262
2263
2264
2265
2266
2267
2268
2269
2270
2271
2272
2273
2274
2275
2276
2277
2278
2279
2280
2281
2282
2283
2284
2285
2286
2287
2288
2289
2290
2291
2292
2293
2294
2295
2296
2297
2298
2299
2300
2301
2302
2303
2304
2305
2306
2307
2308
2309
2310
2311
2312
2313
2314
2315
2316
2317
2318
2319
2320
2321
2322
2323
2324
2325
2326
2327
2328
2329
2330
2331
2332
2333
2334
2335
2336
2337
2338
2339
2340
2341
2342
2343
2344
2345
2346
2347
2348
2349
2350
2351
2352
2353
2354
2355
2356
2357
2358
2359
2360
2361
2362
2363
2364
2365
2366
2367
2368
2369
2370
2371
2372
2373
2374
2375
2376
2377
2378
2379
2380
2381
2382
2383
2384
2385
2386
2387
2388
2389
2390
2391
2392
2393
2394
2395
2396
2397
2398
2399
2400
2401
2402
2403
2404
2405
2406
2407
2408
2409
2410
2411
2412
2413
2414
2415
2416
2417
2418
2419
2420
2421
2422
2423
2424
2425
2426
2427
2428
2429
2430
2431
2432
2433
2434
2435
2436
2437
2438
2439
2440
2441
2442
2443
2444
2445
2446
2447
2448
2449
2450
2451
2452
2453
2454
2455
2456
2457
2458
2459
2460
2461
2462
2463
2464
2465
0.1356690639296957 0.9524650426583596 0
-0.131469584542334 -0.9593528934445599 0
-0.9566925503086078 0.1323266134582718 0
0.9566925503086078 -0.1323266134582718 0
-0.5820211033555091 0.7699208145579186 0
-0.7720716008372622 -0.582241381126004 0
0.5785953671181631 -0.7706945301092447 0
0.7710898763104692 0.5837039262145836 0
-0.4899729180498376 -0.835932220073407 0
0.8318670172542262 -0.4887351029077466 0
-0.8349532980654282 0.4870184018914213 0
0.488364237690811 0.833229464045139 0
-0.9366860260992236 -0.2391955518713428 0
0.247893113128383 -0.9346160709281979 0
-0.2465246691369326 0.9360456082998773 0
0.9338315682357821 0.2465405124471938 0
-0.9179654984503186 0.3194688917996068 0
-0.3130105264475259 -0.9120640580854087 0
0.9124943297711898 -0.316425451833024 0
0.3134772190237679 0.9123837673724388 0
-0.6426920105953543 -0.726264957012819 0
0.7212689333222775 -0.6376255195482975 0
-0.7219440575184132 0.6415354598305357 0
0.6426030642090073 0.7294874184717921 0
-0.9590059969933472 -0.05863437926630579 0
0.05721183043864583 -0.965689647308601 0
0.9604277738556984 0.06037493967095187 0
-0.05685746277386768 0.9641256126398374 0
-0.8665970375779481 -0.421064311812602 0
0.4250470925077237 -0.8679425629394749 0
0.868977510792186 0.4214843457999497 0
-0.4233189832038924 0.8688461658880742 0
-0.9656145204370178 0.01896223363420382 0
-0.01896223363420382 -0.9656145204370178 0
0.9656145204370178 -0.01896223363420382 0
0.01896223363420382 0.9656145204370178 0
-0.4214843436022737 -0.8689775120957152 0
0.8640953395603616 -0.4229419328070463 0
-0.8689775120957152 0.4214843436022737 0
0.4232129368830227 0.8711716769136936 0
-0.9345078690549414 0.2438565380250305 0
-0.243956385355618 -0.9340137747595292 0
0.9306044943699929 -0.2439708728753052 0
0.2448222600636251 0.9337856280602927 0
-0.5562310666464255 -0.7867031021055947 0
0.7913279062371732 -0.55136204672311 0
-0.7863933834343815 0.5527033518992622 0
0.5516446334556633 0.7908180322350878 0
-0.7219440546335703 -0.6415354627807948 0
0.6464035063330522 -0.7187206982092256 0
-0.6404297133849137 0.7230219097648145 0
0.722482872038873 0.6442355471578627 0
-0.81928044925046 -0.5213004351286481 0
0.518839406145705 -0.8112376977508724 0
-0.5229652445868815 0.8137232658805005 0
0.8135881081399676 0.5190502087627633 0
-0.9502445330537284 -0.1305976941280806 0
0.1357289350991565 -0.9557716202708826 0
0.9530167029105574 0.1335110548567972 0
-0.8993680238308218 -0.3520058602980388 0
0.347679271393581 -0.9046341495583087 0
0.8999336367857177 0.3469078790469218 0
-0.350087053348586 0.8942031294137285 0
-0.1333779266910927 0.9579048943508559 0
-0.6962006088235762 -0.6706087809929914 0
-0.6837330604971665 -0.6340605719044502 0
-0.7095216523082869 -0.6043681329881957 0
-0.6710042101792296 -0.5969223422810934 0
-0.6965890305227368 -0.5669985085501731 0
-0.6582848910777549 -0.5595980973589694 0
-0.6324781650518616 -0.5893379963797138 0
-0.6197959424580295 -0.5520371671551925 0
-0.6456370234904241 -0.5224472966401547 0
-0.6071174229280654 -0.5148539179058993 0
-0.5812778846225666 -0.5444209640315238 0
-0.5685948283760601 -0.5072538308979601 0
-0.5944348696985164 -0.4776879027320112 0
-0.5559094814006488 -0.4700919995904063 0
-0.5300689772875051 -0.4996586275068047 0
-0.5173837279356667 -0.4624966460342962 0
-0.5432242956523073 -0.4329299218339147 0
-0.5046984726927455 -0.4253346733495046 0
-0.4788578960252204 -0.4549014134150229 0
-0.4661726362960457 -0.4177394474884611 0
-0.4920132129917764 -0.388172707478026 0
-0.4534873766747418 -0.3805774816658848 0
-0.4276467999518301 -0.4101442216686715 0
-0.4149615403461225 -0.3729822558555388 0
-0.4408021169858978 -0.3434155157048577 0
-0.4022762806723758 -0.3358202899717369 0
-0.3764357040284089 -0.3653870300525762 0
-0.3637504443648734 -0.3282250641902306 0
-0.3895910210091987 -0.2986583241221464 0
-0.3510651847000557 -0.291063098329569 0
-0.3252246079310123 -0.3206298383244439 0
-0.3125393483019009 -0.28346787250007 0
-0.3383799250159112 -0.2539011322880103 0
-0.2998540887021277 -0.2463059065357379 0
-0.274013511925304 -0.2758726466626992 0
-0.2613282523683024 -0.2387106808216329 0
-0.2871688290401476 -0.2091439405085174 0
-0.2486429927265287 -0.201548714845643 0
-0.2228024160649142 -0.2311154550133562 0
-0.210117156406695 -0.1939534891486736 0
-0.2359577330708335 -0.1643867490203994 0
-0.1974318967450908 -0.1567915232882234 0
-0.1715913200724723 -0.1863582633721216 0
-0.1589060604044411 -0.1491962975037366 0
-0.1847466370820667 -0.1196295573108335 0
-0.1462208007597844 -0.1120343315431528 0
-0.1203802240564925 -0.1416010716927589 0
-0.1076949644319093 -0.1044391058164412 0
-0.1335355411008596 -0.07487236568813421 0
-0.09500970476968462 -0.06727713993636243 0
-0.06916912808621872 -0.09684388001715499 0
-0.05648386843999482 -0.05968191413808621 0
-0.08232444509500103 -0.03011517401466885 0
-0.04379860876850076 -0.02251994825275161 0
-0.0179580321049449 -0.05208668832818553 0
-0.005272772445527756 -0.01492472245817045 0
-0.03111334910370291 0.01464201760762976 0
0.007412487220835287 0.02223724341095652 0
0.0332530638899052 -0.007329496644417392 0
-0.01842808944597488 0.05180398346926657 0
0.02009774688654237 0.05939920927920173 0
-0.005742829780737467 0.08896594934147661 0
0.03278300655169422 0.09656117514821484 0
0.006942429886908218 0.1261279152093805 0
0.04546826621757139 0.1337231410175125 0
0.01962768955482295 0.1632898810765848 0
-0.01889814677590614 0.1556946552693218 0
0.05815352588428054 0.170885106884901 0
-0.006212887105089243 0.1928566211354093 0
-0.04473872343821927 0.1852613953277344 0
-0.03205346376676804 0.2224233611933929 0
-0.07057930009732519 0.2148281353860982 0
0.08399410254546209 0.1413183668278493 0
0.09667936221020203 0.1784803326929361 0
0.1225199388700088 0.1489135926387543 0
0.1352051985344124 0.1860755585016337 0
0.1610457751928542 0.1565088184476768 0
-0.05789404040027608 0.2519901012613257 0
-0.09641987674941199 0.244394875445656 0
0.1737310348562053 0.1936707843085434 0
0.199571611515017 0.1641040442558895 0
0.2122568711772622 0.2012660101172701 0
0.2380974478381853 0.1716992700624345 0
-0.08373461704682021 0.2815568413104098 0
-0.1222604534035607 0.2739616155004143 0
0.2507827075012358 0.2088612359277347 0
0.2249421308412927 0.2384279759799476 0
0.2766232841623877 0.1792944958703919 0
-0.1095751937137778 0.3111235813551403 0
-0.1481010300613298 0.3035283555539586 0
0.2893085438259988 0.2164564617380393 0
0.3151491204870762 0.1868897216802697 0
0.3024638608236695 0.1497277558148707 0
0.3409896971462738 0.1573229816240073 0
0.3283044374825868 0.1201610157627633 0
0.3668302738017699 0.127756241569682 0
0.3541450141381468 0.09059427571190704 0
-0.1354157703967039 0.340690321414275 0
-0.173941606722464 0.3330950956076375 0
-0.1866268663864391 0.2959331297504905 0
-0.2124674430510785 0.3254998697921994 0
-0.2251527027053403 0.2883379039467551 0
-0.09688993404996617 0.34828554721742 0
-0.2509932793667058 0.3179046439839491 0
-0.263678539018013 0.2807426781440078 0
0.3926708504537778 0.09818950151824443 0
0.3799855907915176 0.06102753566670793 0
0.3278343801521446 0.2240516875463089 0
-0.1227305107325688 0.3778522872756209 0
-0.08420467441108377 0.3854475130867425 0
-0.2895191156725149 0.3103094181801391 0
-0.3022043753243347 0.2731474523430297 0
0.4185114271030111 0.06862276147154378 0
0.4058261674429099 0.0314607956233996 0
-0.2768338560414318 0.3474713840342304 0
0.4311966867666279 0.1057847273191046 0
-0.1100452510732165 0.4150142531377751 0
-0.07151941473540761 0.4226094789442727 0
0.4443520037469748 0.03905602142705226 0
0.4316667440885762 0.001894055586766626 0
-0.3280449519752406 0.3027141923751432 0
-0.3407302116256256 0.2655522265429499 0
0.4701925803882523 0.009489281387576463 0
0.4575073207381937 -0.02767268447997825 0
0.418981484438082 -0.03526791025751155 0
0.4448220610944409 -0.06483465031431643 0
0.4062962247892593 -0.07242987609405471 0
0.4321368014526526 -0.1019966161463876 0
0.3936109651373734 -0.1095918419274276 0
0.4194515417725663 -0.1391585819507234 0
0.3809257054797185 -0.1467538077553242 0
0.4067662821202874 -0.1763205477851011 0
0.3682404458269051 -0.1839157735896314 0
0.3940810224688654 -0.2134825136209387 0
0.3555551861727538 -0.221077739426081 0
0.3813957628175276 -0.2506444794600711 0
0.3428699265160836 -0.2582397052660794 0
0.3687105031655206 -0.2878064453048356 0
0.330184666857125 -0.2954016711125942 0
0.3560252435103984 -0.3249684111514133 0
0.3174994071981718 -0.3325636369634379 0
-0.09735999140778145 0.4521762189929105 0
-0.05883415507384933 0.4597714448023343 0
-0.3665707882690482 0.2951189665733976 0
-0.379256047920175 0.2579570007444069 0
0.3433399838560907 -0.3621303770070784 0
0.3048141475417367 -0.3697256028169625 0
0.4579773781183643 -0.1315633562230344 0
0.4072363394821957 -0.2802112195172366 0
-0.4050966245591093 0.2875237407701164 0
-0.4177818842084724 0.2503617749482674 0
-0.08467473174605619 0.4893381848454106 0
-0.04614889543775691 0.4969334106549649 0
0.3306547241980694 -0.3992923428605444 0
0.2921288878843326 -0.4068875686696658 0
0.266288311229763 -0.3773208286267822 0
0.2536030515715523 -0.4144827944787248 0
0.2794436282261209 -0.4440495345228606 0
0.2409177919123303 -0.4516447603300938 0
0.2150772152600159 -0.4220780202861514 0
0.2023919555997129 -0.4592399861360122 0
-0.4436224608402102 0.2799285149705384 0
-0.4563077204900424 0.2427665491523159 0
-0.4309372012183368 0.3170904807706541 0
-0.4304671438702337 0.2131998091425516 0
-0.4689929801459908 0.2056045833432315 0
0.1765513789503279 -0.4296732460923725 0
0.1638661192904979 -0.4668352119413693 0
0.189706695939409 -0.4964019519834384 0
0.151180859630857 -0.5039971777849557 0
0.1253402829869539 -0.4744304377459297 0
0.1126550233265487 -0.5115924035852828 0
-0.07198947208953263 0.5265001506943973 0
-0.03346363578501677 0.5340953764977856 0
-0.1105153084026592 0.5189049248905804 0
-0.4948335567636071 0.2351713233556627 0
-0.507518816417183 0.1980093575425421 0
-0.4816782397982009 0.1684426175305587 0
-0.5202040760735442 0.1608473917301235 0
-0.4943634994453038 0.1312806517161695 0
-0.5328893357243611 0.1236854259208748 0
0.08681444669043639 -0.4820256635577503 0
0.07412918703233599 -0.5191876293900808 0
0.09996976366683509 -0.548754369417045 0
0.06144392737496929 -0.5563495952120776 0
0.03560335074621448 -0.5267828551897255 0
0.02291809109004123 -0.5639448210040393 0
-0.09783004874040135 0.5560668907430624 0
-0.1363558850799151 0.548471664935348 0
-0.5070487590966914 0.09411868590130568 0
-0.5455745953744713 0.08652346010829823 0
-0.007623059140923505 0.5045286364658943 0
0.005062200513030129 0.5416906022993034 0
0.03090277715168687 0.5121238622708056 0
0.0435880368048077 0.5492858280985811 0
0.06942861343957153 0.5197190880744162 0
0.08211387309175903 0.5568810539007748 0
0.1079544497236398 0.5273143138771985 0
0.1206397093755114 0.5644762796967691 0
0.1464802860024881 0.5349095396785457 0
0.1591655456503071 0.5720715054949443 0
0.1850061222775104 0.5425047654790858 0
-0.00292248553384229 -0.5343780809831142 0
-0.01560774518851907 -0.5715400467949996 0
0.369180560512901 -0.3916971170527936 0
0.3043440902097882 -0.265834931070723 0
0.4960331570338724 -0.02007745868262379 0
0.5087184166798726 0.01708450717833014 0
0.534558993315935 -0.01248223285038738 0
0.5472442529670274 0.02467973297880463 0
0.5730848295979706 -0.004887007045874874 0
0.5857700892500197 0.0322749587800932 0
0.01774746018137597 0.5788525681232698 0
-0.5333593930349452 0.227576097555641 0
-0.5714151720010872 0.1160902001279523 0
-0.5841004316528873 0.07892823431569154 0
-0.5582598550299619 0.04936149428869258 0
-0.5967856913133385 0.0417662684975077 0
-0.468522922816899 0.1017139116965216 0
-0.5709451146889102 0.01219952846489097 0
-0.6094709509798731 0.004604302671771151 0
-0.04144832181033251 -0.5419733067772691 0
-0.05413358146019116 -0.5791352725889349 0
0.08728450400514931 -0.5859163352439076 0
-0.1236706253918346 0.5856336307961398 0
-0.1621964617686423 0.5780384049724422 0
0.1976913819214719 0.5796667312924442 0
0.2235319585493996 0.5500999912788089 0
0.6116106658829258 0.0027082187548521 0
0.6242959255356628 0.03987018458300152 0
-0.02829300484337928 -0.6087020126018732 0
-0.06681884111176717 -0.6162972383944508 0
-0.09265941772479554 -0.5867304983832491 0
-0.105344677374638 -0.6238924641819528 0
0.133324969027127 0.6016382455095153 0
-0.5836303743504067 -0.02496243736582568 0
-0.6221562106478462 -0.03255766315852399 0
-0.1311852539851928 -0.594325724174471 0
-0.2763637986798136 0.2435807123021589 0
-0.028763062158165 -0.5048113409601609 0
-0.6099410082708508 0.1084949743390699 0
0.2362172181938144 0.5872619570902133 0
0.2620577948209414 0.5576952170766061 0
0.3423998691845574 -0.1543490335546959 0
-0.1438705136331364 -0.6314876899720493 0
-0.5963156340178737 -0.06212440319792129 0
-0.6348414703161251 -0.06971962899447934 0
-0.1697110902425122 -0.6019209499710536 0
-0.1495112020554563 0.6152003708558251 0
-0.1880370384160996 0.6076051450314508 0
-0.6479967872711239 -0.002990923118780801 0
-0.1823963498893403 -0.6390829157438569 0
0.6501365021674408 0.01030344455378125 0
0.6374512425132055 -0.02685852126498314 0
0.6628217618256169 0.04746541037869684 0
0.6369811851889542 0.0770321504169094 0
-0.04097826449819526 -0.6458639784040314 0
0.2747430544656733 0.5948571828883646 0
0.300583631096053 0.565290442874372 0
-0.2082369264995309 -0.6095161757621751 0
-0.6090008936942359 -0.09928636903527069 0
-0.6475267299908636 -0.1068815948359534 0
-0.5577897977271236 -0.05452917740127738 0
0.248902477835545 0.6244239228974928 0
0.6755070214961468 0.08462737621691492 0
0.6496664448479011 0.1141941162630926 0
0.2878983714675633 0.5281284770544944 0
0.3264242077587312 0.5357237028719924 0
0.1093646218744547 0.2156422985545165 0
0.3156191778206104 0.08299904990480367 0
-0.1570258306487742 -0.5647589841664025 0
0.3391094673846136 0.5728856686860874 0
0.3649500440306941 0.5433189286636126 0
0.6759770787887762 -0.01926329547182256 0
0.6632918191415932 -0.05642526128207886 0
-0.2209221861694426 -0.6466781415229629 0
-0.1753517787142801 0.644767110916006 0
-0.2138776150491007 0.6371718851035888 0
-0.1368259423777092 0.6523623367274065 0
-0.2265628747324817 0.6000099192324854 0
-0.2524034513867178 0.6295766592970984 0
-0.2650887110736369 0.5924146934288347 0
-0.2909292877241779 0.6219814334929413 0
-0.3036145473980625 0.5848194676152408 0
-0.3294551240647319 0.6143862076711064 0
-0.3421403837379487 0.5772242418020735 0
-0.2467627627602811 -0.6171114015492085 0
-0.621686153359487 -0.1364483348859811 0
-0.6602119896602481 -0.1440435606808222 0
0.3522647844842333 0.5061569628526796 0
0.390790620669815 0.5137521886261156 0
0.4034758803262837 0.5509141544727897 0
0.4293164569766657 0.521347414436379 0
0.4166311973382223 0.48418544859316 0
0.4551570336446676 0.4917806743965117 0
0.4424717740204784 0.4546187085571385 0
0.480997610320312 0.4622139343504053 0
0.4683123506626931 0.4250519684771276 0
0.5068381869897559 0.4326471942918271 0
0.4941529273297798 0.3954852284118588 0
0.5326787636654384 0.4030804542320881 0
0.5199935040068127 0.3659184883500993 0
0.5585193403459396 0.3735137141699171 0
-0.1565557732969461 -0.6686496557185457 0
-0.6860525662945269 -0.114476820563066 0
0.6881922811601457 0.1217893420660169 0
-0.3679809604071899 0.6067909818600791 0
-0.3806662200810251 0.5696290159906202 0
-0.08326455975803049 0.1776661695278923 0
0.1337950263553835 0.4977475738567278 0
-0.2594480224330408 -0.654273367327871 0
-0.6343714130165944 -0.1736103007435619 0
-0.6728972493258607 -0.1812055265212369 0
-0.285288599017864 -0.6247066273474681 0
0.4936828699827583 0.4993759002243733 0
0.7018176554054874 -0.04883003548916728 0
0.6891323957570477 -0.0859920012855916 0
-0.16266651903595 0.6819290767894752 0
-0.1241406827060245 0.6895243025944129 0
-0.4065067967727621 0.5991957560538451 0
-0.4191920564440914 0.5620337901808694 0
0.5712046000014259 0.4106756800595454 0
0.5970451766890292 0.3811089399897121 0
-0.04567883802575301 0.393042738891673 0
0.7140328578091004 0.09222260201340539 0
-0.2782440280512564 0.6591433993591649 0
-0.6470566726860172 -0.2107722666025675 0
-0.6855825090097809 -0.2183674923851572 0
-0.2726033394709285 -0.587544661563454 0
-0.5958455767160693 -0.1660150749362128 0
0.5458340806831263 0.3363517482901049 0
-0.2979738586667909 -0.6618685931300368 0
-0.323814435271716 -0.6323018531335318 0
-0.4450326331289268 0.591600530233532 0
-0.4577178927985163 0.5544385643748637 0
0.7267181174813724 0.1293845678699316 0
0.7008775408270067 0.1589513079272695 0
0.1483605155298713 0.1193468525861688 0
-0.1499812593655017 0.7190910426577913 0
-0.1114554230373733 0.7266862684619693 0
-0.2721332820881049 -0.6914353330738858 0
0.7276582320139511 -0.0783967754955717 0
0.7149729723690552 -0.1155587412852414 0
0.6764471361309576 -0.1231539670827905 0
0.7022877127456779 -0.1527207070774695 0
0.6637618764999124 -0.1603159328730335 0
0.6896024531103225 -0.1898826728661912 0
0.6510766168649786 -0.1974778986619825 0
0.6769171934559691 -0.227044638652239 0
0.6383913572130399 -0.2346398644462383 0
0.6642319338126362 -0.2642066044404405 0
0.6257060975815634 -0.27180183023926 0
0.6515466741716597 -0.3013685702169491 0
0.6130208379451623 -0.3089637960305105 0
0.6388614145403344 -0.338530535982523 0
0.6003355782780336 -0.3461257618180509 0
0.6261761549000743 -0.3756925017881421 0
0.5876503186583077 -0.3832877276189356 0
0.6134908952592819 -0.4128544676209576 0
0.5749650590217077 -0.420449693429305 0
0.6008056356224704 -0.4500164334353063 0
0.5622797993377563 -0.4576116592263471 0
-0.3938215371314888 0.6363577218995865 0
0.6097304363527978 0.4182709058781507 0
0.6355710130290286 0.3887041658125991 0
-0.6597419323609274 -0.2479342324686955 0
-0.3933514797973404 0.5324670501262784 0
0.4297865144017525 0.4174567427146945 0
-0.6982677686850529 -0.2555294582571602 0
0.6900725104407337 -0.2937733443993986 0
0.5881203759650963 -0.4871783992461045 0
0.5495945397158104 -0.4947736250559672 0
-0.7241083453544508 -0.2259627181295781 0
-0.3364996949235359 -0.6694638189208395 0
-0.3623402715288155 -0.6398970789316345 0
-0.4835584694472393 0.5840053044242306 0
-0.4962437291124293 0.546843338573024 0
0.7408135490031831 -0.1451254812718859 0
0.739403377156461 0.1665465337318667 0
0.7525586940877338 0.09981782777429613 0
-0.6724271920365781 -0.2850961983424966 0
0.7135628004797457 0.1961132738029352 0
-0.2777739707245333 0.555252727548367 0
0.5073082443477612 0.3287565224707772 0
0.5331488210211807 0.2991897824131605 0
-0.5220843057544801 0.5764100786230104 0
-0.5347695654137298 0.5392481127652973 0
-0.5089289887863391 0.5096813727262726 0
-0.5474548250773761 0.5020861469274333 0
0.5754351163197495 -0.5243403650686098 0
0.5369092800324071 -0.5319355908734577 0
0.752088636830322 0.2037084996022984 0
-0.7109530283666762 -0.2926914241318761 0
-0.1372959996961707 0.756253008525314 0
-0.09877016336933167 0.7638482343251713 0
-0.07292958671739742 0.7342814942701585 0
-0.06024432705177389 0.7714434601216928 0
-0.0344037504039241 0.7418767200359975 0
-0.02171849074599065 0.779038685908201 0
0.004122085896247562 0.7494719457845728 0
0.01680734554619275 0.7866339116876249 0
0.04264792217336288 0.7570671716368491 0
-0.01936820410285145 0.2595853270588735 0
-0.1758218360285533 0.7486577827213289 0
0.6520167315260734 -0.4052592417876082 0
-0.3750255311801831 -0.6770590447107501 0
-0.4008661077920457 -0.6474923047045774 0
0.6482562727048204 0.4258661317035227 0
0.6740968494052819 0.3962993916773053 0
0.6224156960138422 0.4554328717812222 0
-0.5732954017120505 0.5316528869601409 0
-0.5859806613670088 0.4944909211314876 0
-0.5601400847394709 0.4649241811029776 0
-0.5986659210201875 0.4573289553105655 0
-0.5728253443973826 0.4277622152881546 0
-0.6113511806711369 0.4201669894999696 0
0.05533318182406863 0.794229137497186 0
0.08117375843660868 0.764662397475421 0
-0.6371917572957501 0.4497337295285988 0
-0.649877016934695 0.4125717637146478 0
-0.6240364403247147 0.383005023704768 0
-0.662562276579387 0.37540979791943 0
-0.3881808481610425 -0.6103303389467625 0
0.5871802613380986 -0.279397056134065 0
-0.6339013557008462 -0.2775009725406048 0
-0.6851124517149043 -0.3222581642212984 0
0.5491244824162302 -0.3908829535503796 0
0.5110687034566164 -0.5023688509287819 0
0.4983834437696655 -0.539530816714891 0
0.5242240203776687 -0.5690975567158636 0
0.4856981840714917 -0.5766927825315397 0
0.4598576074523722 -0.5471260425557708 0
0.4471723477510199 -0.5842880083438806 0
0.4730129244049655 -0.6138547483896035 0
0.4344870880765638 -0.6214499741961128 0
0.4086465114173536 -0.5918832341337732 0
0.3959612517436658 -0.6290451999985203 0
0.3701206750857665 -0.5994784599320929 0
0.3574354154088897 -0.6366404258006302 0
0.3832759920711138 -0.6662071658703435 0
0.3447501557311944 -0.6738023916739331 0
0.3189095790697403 -0.6442356516025809 0
0.3062243193899317 -0.6813976174757632 0
0.2803837427306698 -0.6518308774029635 0
0.2676984830506109 -0.688992843275512 0
0.2935390597106143 -0.718559583348338 0
0.2550132233695118 -0.7261548091485304 0
0.4946229846889808 0.2915945565957361 0
0.5204635613608619 0.2620278165400777 0
0.2291726467132078 -0.6965880690719818 0
0.2164873870301603 -0.7337500349440944 0
0.6139609525945403 -0.5167451392669369 0
0.09385901807705407 0.8018243633108703 0
0.1196995946888442 0.7722576232805725 0
-0.5093990461124177 0.6135720444596294 0
-0.4135513674406562 -0.6846542704999019 0
-0.4393919440548414 -0.6550875304913966 0
-0.1631365763561287 0.7858197485955343 0
-0.2016624127008048 0.7782245227889861 0
-0.7236382880487475 -0.3298533900096621 0
0.2423279636884468 -0.7633167750210195 0
0.2038021273467353 -0.7709120008148729 0
0.1779615506938084 -0.7413452607416551 0
0.1652762910106716 -0.7785072266053482 0
0.1394357143613182 -0.7489404865386362 0
0.1267504546828106 -0.7861024523925939 0
0.1009098780430923 -0.7565357123339103 0
0.08822461836603314 -0.7936976781760597 0
-0.6367216999769523 0.3458430579149419 0
-0.6752475362244647 0.3382478321347072 0
-0.701088112824034 0.3678145721273146 0
-0.7137733724689578 0.3306526063757971 0
-0.6879327958723362 0.3010858663655336 0
-0.7264586321047487 0.2934906405877133 0
-0.7006180555171883 0.2639239005960187 0
-0.7391438917450951 0.2563286748172866 0
-0.713303315160276 0.2267619348301348 0
-0.7518291513846274 0.2191667090528457 0
-0.7259885748016697 0.1895999690670539 0
-0.7645144110248859 0.1820047432901944 0
-0.7386738344427827 0.1524380033049892 0
-0.7771996706615748 0.1448427775306366 0
-0.7513590940836591 0.1152760375413562 0
-0.7898849302981501 0.1076808117801461 0
-0.7640443537235878 0.07811407177049881 0
-0.80257018995259 0.07051884600451433 0
-0.7767296133421799 0.04095210593963525 0
0.5589893976904083 0.2696230423581482 0
0.5463041380299429 0.2324610764870366 0
0.6252360402570042 -0.1679111587426562 0
-0.3491849545781245 -0.70662578469407 0
-0.6118212380030229 0.5240576611625346 0
-0.353885528646548 0.3322809324193841 0
0.7403434916596443 -0.04123480970363147 0
0.7154430297028399 -0.2194494128709797 0
-0.1997821834457522 0.3626618356409135 0
-0.1349457130835646 0.2367996496651732 0
0.7661840682702721 -0.07080154970455188 0
0.7788693279122777 -0.03363958392052568 0
0.3705907323959283 -0.7033691317431878 0
-0.5206741333840531 0.2647380633636729 0
0.3673003311354482 0.02386556981788311 0
0.7262480601488823 0.2332752396802931 0
0.7647738965096533 0.2408704654801787 0
-0.353415471284198 0.2283902607116469 0
-0.05695392578894526 0.04420875770817595 0
0.4603276647398039 -0.6510167142561074 0
-0.5342995081167967 0.4353574410752451 0
-0.5324192784016206 0.01979475425907878 0
0.3019938034907647 0.253618427604815 0
0.1892366386084232 -0.3925112802425832 0
0.1507108022999478 -0.4001065060491183 0
0.1633960619572768 -0.3629445401995356 0
0.1248702256485174 -0.3705397660062403 0
0.13755548530742 -0.333377800156377 0
0.09902964899636481 -0.3409730259638871 0
0.1117149086566145 -0.3038110601129127 0
0.07318907234389098 -0.3114062859209149 0
0.08587433200417399 -0.2742443200689922 0
0.04734849569206843 -0.2818395458767705 0
0.03466323603198705 -0.3190015117283543 0
0.1244001683166679 -0.2666490942613869 0
0.09855959167231518 -0.2370823542194926 0
0.1370854279779969 -0.2294871284101103 0
0.008822659380480102 -0.2894347716852552 0
-0.003862600277862585 -0.3265967375353337 0
0.1112448513337702 -0.1999203883678232 0
0.1497706876383143 -0.1923251625582599 0
0.1239301109923021 -0.1627584225152659 0
0.1624559472979613 -0.1551631967061448 0
-0.02970317692954657 -0.2970299974928046 0
-0.04238843658596941 -0.3341919633418665 0
0.1366153706518155 -0.1255964566630794 0
0.1751412069579393 -0.1180012308533679 0
0.1493006303091649 -0.08843449080971508 0
0.1878264666179326 -0.08083926500059514 0
0.02150791904072228 -0.2522728058433525 0
0.2874283141087176 0.6320191486971088 0
0.2615877374895816 0.6615858887002998 0
0.3001135737441711 0.669181114498072 0
0.2742729971240433 0.6987478544979664 0
0.3127988333689246 0.7063430803420166 0
0.2869582566869456 0.73590982044241 0
0.3677703884930486 -0.08002510187594375 0
-0.6977977113950745 -0.3594201301052091 0
0.05674335379091941 0.4825571222441172 0
-0.1490411448429768 0.5113096990610942 0
0.3386394099907044 0.6767763403082467 0
0.351324669614681 0.7139383061498406 0
0.3771652462366538 0.68437156611038 0
0.7779292134349545 0.1741417594940195 0
-0.7494788647228308 -0.3002866498788389 0
0.4326068587791522 -0.2058872878400554 0
0.6111406085386006 0.106598890459175 0
0.60127569294662 -0.5539071050885374 0
0.2108466989049529 0.5129380254631757 0
0.4420017166265273 0.5585093802860979 0
0.1619858899715882 -0.05127252497752764 0
0.2005117262812331 -0.04367729916448022 0
0.08540427465023602 -0.170353648385704 0
-0.06822901323642071 -0.304625223308549 0
-0.08091427289429354 -0.3417871891493445 0
0.3795155334686313 0.1649182074293725 0
0.3405196398172892 0.2612136534131961 0
0.3146790631558104 0.2907803934695439 0
0.06238404173170686 -0.7641309381265977 0
0.04969878206101869 -0.8012929039529109 0
0.02385820544139299 -0.7717261639169865 0
0.01117294577250545 -0.8088881297275647 0
-0.01466763084097044 -0.7793213897057257 0
-0.02735289049779663 -0.8164833555036007 0
-0.05319346709584217 -0.7869166154897141 0
0.1770214362753005 -0.5335639178244672 0
0.3564953008554513 -0.4288590829046204 0
0.2667583685668293 -0.4812115003764637 0
-0.8152554496123052 0.03335688019703382 0
-0.7894148730171395 0.003790140173081572 0
0.1323848543259153 0.8094195891006208 0
0.8047099045200371 -0.06320632391551473 0
0.817395164160625 -0.02604435813304753 0
-0.5991359783485071 0.5612196269827647 0
0.4988535010629607 -0.6434214884414537 0
-0.6757175935596956 0.4421385037545404 0
-0.08608490369466294 0.801010200176047 0
0.6609415323725555 0.463028097602577 0
0.6351009556819871 0.492594837679206 0
-0.7522992087058538 0.3230573806178483 0
-0.009033231066765176 0.8162006517882352 0
-0.0658787267511355 -0.8240785812712392 0
-0.09171930333845099 -0.7945118412707857 0
-0.7776697279762462 0.2487334490671222 0
-0.8279407092728258 -0.003805085589527898 0
-0.8021001326626963 -0.03337182561656006 0
-0.8030402472484011 0.1744095175078401 0
0.3898505058724897 0.7215335319003225 0
0.415691082484094 0.6919667919086399 0
0.3640099292608877 0.7511002718767987 0
-0.7363235477347014 -0.3670153558946108 0
0.1525910313241314 -0.8156691924599571 0
-0.7104829710776156 -0.3965820959947628 0
-0.67477747875895 0.234357160465062 0
0.2357471608573255 0.6911526287058644 0
0.0684884988016711 0.727500431513351 0
-0.0470890100580767 0.7047147541422107 0
-0.6592718752698884 -0.351824903252581 0
0.02197797638727121 -0.3561634775916916 0
0.7389333198175405 0.2704372055661705 0
0.7004074834336741 0.2628419797579464 0
0.1760813216172249 -0.3257825743494444 0
0.200981783609687 -0.1475679708965817 0
0.5603995699628176 -0.04204897293583307 0
-0.106754849537657 -0.3122204491499455 0
-0.1194401092003697 -0.3493824149620307 0
-0.0935995325550865 -0.3789491549935525 0
-0.1321253688323077 -0.3865443808061546 0
-0.1579659454990023 -0.3569776407655207 0
-0.1706512051520996 -0.3941396066069567 0
0.2263523029304384 -0.07324403919557532 0
-0.1448106284534177 -0.4237063466521309 0
-0.183336464800464 -0.4313015724471058 0
-0.2091770414526431 -0.401734832413713 0
-0.2218623011058236 -0.4388967982533854 0
-0.05554375357882285 -0.2674632574815648 0
0.2390375625930601 -0.0360820733576382 0
0.2131969859272886 -0.006515333356713703 0
0.3532048994398871 0.2983756192928785 0
0.3273643228127652 0.3279423593349272 0
0.2888384864980175 0.3203471335244565 0
0.3015237461603057 0.3575090993830544 0
0.2629979098452383 0.3499138735746671 0
0.2756831695037252 0.3870758394259147 0
0.2371573331953726 0.3794806136189768 0
0.5077783017039806 0.2248658506705468 0
0.0750693014016485 -0.7269689722898312 0
0.395021137166946 -0.4212638570951257 0
0.1521209740565567 -0.7117785207255191 0
-0.1044045629936846 -0.8316738070382577 0
-0.1302451395667362 -0.8021070670468466 0
0.06801844148227711 0.8313911034134376 0
0.777459156191511 0.2780324313657463 0
-0.4520772037064954 -0.6922494962942151 0
-0.4779177803276667 -0.6626827562851128 0
-0.4262366270913538 -0.7218162362934002 0
-0.4652325206719263 -0.625520790470091 0
0.8432357407568767 -0.0556110981332657 0
0.8305504811193397 -0.09277306390208935 0
0.07553935867956754 -0.830859643995472 0
-0.142930399217914 -0.8392690327969957 0
-0.1687709757856602 -0.8097022928169331 0
-0.8406259689405422 -0.04096705139971477 0
-0.814785392317809 -0.07053379143616012 0
0.4861682414076632 -0.6805834543235467 0
-0.8410960261924491 0.06292362029409852 0
0.6398015292244716 -0.5463118792820228 0
-0.5469847677607644 0.3981954752321915 0
0.6750369641533043 0.1885180479898005 0
0.1756112642887462 -0.2218919026022859 0
0.3828059347609388 -0.5623164940655431 0
0.2930690024096371 -0.6146689115339112 0
0.627116269581146 -0.5834738451062772 0
0.2296427040033434 -0.800478740895307 0
0.268168540354196 -0.7928835150991276 0
0.8032997328524356 0.2484656912777032 0
-0.1889771530209256 0.8153864886725259 0
-0.2275029893732068 0.8077912628677285 0
-0.7490088074383108 -0.4041773217987147 0
-0.6376618146337794 0.5536244011876068 0
-0.6249765549806517 0.5907863670023322 0
-0.7231682318634647 -0.4337440615166063 0
-0.5037583569497235 -0.6331160162634691 0
-0.5164436165993171 -0.6702779820831298 0
0.1582254309322924 0.7798528490739671 0
0.1709106905646383 0.8170148148953974 0
-0.5084589314837054 0.4057907010205948 0
-0.5591999696467146 0.2571428375704217 0
0.1455401713124434 0.7426908831628243 0
0.533618878403143 0.1952991106129103 0
-0.7255185173081988 0.08570929732069839 0
0.6524867888664728 -0.5091499134709747 0
0.2244720735353797 0.3423186477706995 0
0.1986314968874658 0.3718853878140705 0
0.1859462372266109 0.3347234219679351 0
0.1601056605789872 0.3642901620100402 0
0.1474204009189461 0.3271281961644035 0
0.1215798242711687 0.3566949362067581 0
0.7516185794941663 0.3075991714577303 0
0.1088945646110557 0.3195329703604786 0
0.08305398796409152 0.3490997104039117 0
0.4077063968250019 -0.3841018912482234 0
-0.5972557486215513 0.1456569401437494 0
0.2254121881776913 0.1345373041984841 0
0.05862358321613906 0.06699443508839334 0
-0.08514478906309861 0.5932288565778492 0
0.6228857533513315 0.3515421999267297 0
0.5214036763257913 0.05424647300886647 0
-0.06728889843718674 -0.5124065667566209 0
-0.2401882490532444 0.770629296976737 0
-0.266028825731461 0.8001960370596493 0
-0.2787140854122132 0.7630340711630149 0
-0.3045546620943821 0.7926008112495572 0
-0.3172399217758075 0.755438845349056 0
-0.7635742963655079 -0.02577659990809928 0
0.1107747939829572 -0.09602971663079976 0
-0.2477028777527674 -0.4093300582220797 0
-0.2603881374013192 -0.4464920240624357 0
-0.2345475607577538 -0.4760587640907915 0
-0.2730733970505126 -0.483653989900251 0
-0.2989139736958867 -0.4540872498724619 0
-0.3115992333438707 -0.4912492157118382 0
-0.07903404369568003 -0.7573498754949428 0
0.3790454760325789 0.2688088791830024 0
0.4687824080153482 0.3211612966505347 0
0.3142090058143566 0.39467106523734 0
-0.002452428224802312 -0.6382687526235942 0
0.433546973474451 -0.4136686312850332 0
0.4462322331306845 -0.3765066654440901 0
0.2545431660888461 -0.6222641373889857 0
0.6736267920396279 0.5001900635053961 0
0.6477862153455983 0.5297568035755644 0
0.699467368737571 0.4706233234255147 0
0.6092603790024722 0.5221615777498496 0
0.6219456386627141 0.5593235436405469 0
0.5834198023346754 0.551728317816468 0
0.5961050619817052 0.5888902836841765 0
0.5575792256733838 0.5812950578658485 0
0.5702644853166603 0.6184570237143395 0
0.5317386490154131 0.6108617979000468 0
0.5444239086613345 0.6480237637402338 0
0.5246940777414417 -0.6729882285067501 0
0.8559210004089099 -0.01844913234845599 0
0.8300804238023407 0.01111760766411871 0
-0.00151231389690369 -0.8460500955218564 0
-0.7748493840727849 -0.3746105815973824 0
0.428376342121815 0.7291287576914098 0
-0.07856398641730128 -0.861240547047864 0
-0.3430804984610758 0.7850055854384929 0
-0.3557657581445939 0.7478436195346478 0
0.790144415876654 0.315194397258572 0
0.7643038392129256 0.3447611373424283 0
-0.3816063348308526 0.7774103596258768 0
-0.3942915945155329 0.7402483937201226 0
-0.8533112286121236 -0.07812901722348721 0
-0.8274706519794067 -0.1076957572712194 0
0.6783273654904105 -0.5387166534765679 0
0.6910126251375717 -0.5015546876399906 0
0.1450701139699066 0.8465815549773013 0
-0.4201321712022186 0.7698151338129798 0
-0.4328174308876568 0.7326531679057807 0
-0.1814562354296108 -0.8468642585623779 0
-0.2072968119963056 -0.8172975185842103 0
-0.1946115523531431 -0.7801355528366765 0
-0.233137388567233 -0.7877307786087375 0
-0.2458226482080734 -0.8248927443572963 0
-0.2716632247788274 -0.7953260043818539 0
0.6087903216121429 0.6260522495411807 0
-0.46476246334454 -0.729411462087462 0
0.2554832806670805 -0.8300454809835661 0
0.8677781524569474 0.01899550849245721 0
0.8426276655151286 0.0483266859858615 0
0.2940091170255761 -0.8224502551838688 0
-0.5422841932297552 -0.6407112420593234 0
-0.7001479980553716 0.1600332289113075 0
0.1967512671671656 0.7874480748646042 0
0.20943652679701 0.8246100406783602 0
0.2498425928518868 0.4166425794652967 0
-0.5465147100000884 0.2943048033720275 0
0.1727909202372776 0.401452127854902 0
0.4542169187321776 0.6995620177061737 0
0.09573924762428243 0.3862616762494939 0
-0.3374398099836295 -0.4616824757224128 0
-0.3501250695827891 -0.4988444415485005 0
0.05721341131811268 0.3786664504468135 0
0.5721447147128589 0.2028943364318144 0
-0.7889448156084544 -0.1001005315532092 0
-0.8016300753238138 -0.1372624973380569 0
-0.8401559116549937 -0.1448577231252161 0
-0.8143153350042764 -0.1744244631824173 0
-0.05460363878494884 -0.4752446009349878 0
-0.01607780250016842 -0.4676493751384351 0
0.07036872829134352 0.3119377445504194 0
-0.1574958881024434 -0.4608683124892135 0
-0.6846423985653998 -0.4261488400960417 0
0.7530287513080314 -0.004072843914134176 0
0.2648781392413332 -0.06564881338911614 0
-0.4910730972953691 -0.5959540504387478 0
0.4030058228831884 0.6548048261246894 0
0.2775633989022055 -0.02848684754360979 0
-0.235017618101563 -0.3721680923775952 0
0.4950930420533814 0.1877038848025729 0
0.5209336187840787 0.1581371447453432 0
0.3658901591198286 0.3355375851509041 0
0.4692524653805624 0.2172706248537282 0
-0.001982371181398101 -0.7421594238970394 0
0.4208617138208371 -0.4508305971338751 0
0.2672284257514294 -0.5851021716213365 0
-0.8664665455492719 -0.01140031136828551 0
0.5120088180818649 -0.7101501943988573 0
0.4734829817414958 -0.7177454202026448 0
-0.4389218867373819 -0.7589782020777627 0
-0.8528411713364832 -0.182019688984777 0
-0.8270005946771581 -0.2115864290588815 0
0.4669021783683736 0.7367239834887488 0
0.869076317340131 -0.085177838125856 0
0.8563910577051737 -0.1223398038827978 0
-0.25350441232078 0.8384771459114796 0
-0.5549145191362272 -0.6778919595453856 0
0.6604714749948624 0.5669187694682827 0
-0.7616940673154213 -0.4413392876349893 0
-0.7358534917646177 -0.4709060273459569 0
0.8028296755697091 0.3523563631553934 0
0.7769890988946974 0.381923103221358 0
0.7121526284057477 0.5077852893365606 0
0.7379932051102297 0.478218549249649 0
0.441061601756279 0.7662907234733201 0
0.8803023911998726 0.05621243890133346 0
0.8552630853606372 0.08550566466775938 0
0.2813238573360834 -0.8596122210767607 0
-0.2842084811332928 -0.8331981193395313 0
-0.3101657271036563 -0.8030395883705124 0
-0.6635023912575987 0.5831911411997932 0
-0.6761876509056397 0.5460291753937176 0
-0.6508171316114179 0.6203531070233745 0
-0.6122912953475246 0.6279483328112256 0
-0.3227070944795937 -0.8409314296812176 0
-0.348683137269735 -0.8106775547101279 0
0.8286361108288594 0.3227597843304262 0
0.5505212252058971 -0.7024868505062642 0
0.5632176758407579 -0.6653816496460242 0
-0.1556156588700281 -0.876430998533265 0
-0.5808569555862302 -0.6485653798015036 0
-0.7757894986771331 -0.1668292373821287 0
-0.5850405463435857 0.2867095776320783 0
-0.5977258059177539 0.2495476117891 0
0.2352771033925486 0.7950433006509418 0
0.2479623630304512 0.8322052664124486 0
0.2738029396178825 0.8026385263944779 0
-0.3242844929819401 -0.5284111815525572 0
0.472072809774549 -0.406073405475834 0
-0.04191837913067023 -0.4380826351076887 0
0.5190533893493803 0.5736998320223676 0
0.4932128126927223 0.6032665720652133 0
-0.3247545503838417 -0.4245205099101949 0
0.1347351412589921 0.2899662303166773 0
0.8178652214889978 -0.129935029663408 0
0.8437057980706709 -0.1595017696362455 0
0.8051799618630784 -0.1670969954199524 0
0.8310205384448983 -0.196663735383977 0
0.8695463746454998 -0.1890685096000131 0
0.8568611150218649 -0.2262304753424128 0
0.8183352788301281 -0.2338257011312603 0
0.844175855400831 -0.2633924410848977 0
0.8056500192090692 -0.2709876668754184 0
0.8314905957800219 -0.3005544068310361 0
0.7929647595837147 -0.308149632620741 0
0.8188053361603143 -0.3377163725774561 0
0.7802794999578275 -0.3453115983679887 0
0.806120076537051 -0.3748783383306012 0
0.767594240324646 -0.3824735641188847 0
0.7934348169142442 -0.4120403040845365 0
0.7549089806992515 -0.4196355298781894 0
0.7290684041043871 -0.3900687899044596 0
-0.5291197206316444 -0.7074430731702412 0
-0.003392542844099688 -0.4304874093148621 0
0.6247659828714913 -0.0640204870764997 0
-0.09830010603636463 0.6599575624894706 0
0.5707345426568533 0.5145663519196468 0
0.3057542620955298 -0.5775069457387871 0
-0.1993121260571429 0.2587711639168616 0
0.252192879581633 -0.102810779235928 0
0.08634438934544614 -0.378134991818293 0
-0.1485710874494654 0.4074190273320876 0
-0.5723552868641406 0.3238715435271371 0
-0.5338294504442811 0.3314667692191479 0
0.4927427549750881 0.7071572435277509 0
-0.1504513166727116 0.8229817144787021 0
-0.1762918933400572 0.8525484545561131 0
-0.1377660569887822 0.8601436803590875 0
0.2169574443117055 -0.8376407067647538 0
0.125810340301411 -0.578321109450297 0
0.1131250805890825 -0.6154830752650999 0
0.1516509168142252 -0.6078878494080046 0
0.07459924434007367 -0.6230783010749905 0
0.3052842048833893 -0.4736162745685262 0
0.6238258681959957 0.1437608563083888 0
-0.4812081824694371 0.06455194587826212 0
-0.4426823461862972 0.0721471716741727 0
-0.4553676058399549 0.03498520584887635 0
-0.4168417695509172 0.04258043164567214 0
-0.4295270292081176 0.005418465815476047 0
-0.3910011929135542 0.01301369161402194 0
-0.4036864525714594 -0.02414827422076116 0
-0.3783159332566092 0.0501756574476304 0
-0.3524753566156476 0.02060891741506048 0
-0.3397900969572022 0.05777088325683017 0
-0.313949520313042 0.02820414321587222 0
-0.3012642606532939 0.06536610906244672 0
-0.2754236840059959 0.03579936901638282 0
-0.2627384243450697 0.07296133486518314 0
-0.288108943668436 -0.001362596831381006 0
-0.2368978476953225 0.04339459481823103 0
-0.2242125880332572 0.0805565606704144 0
-0.1983720113812212 0.05098982062116093 0
-0.3656306735992352 0.08733762330412194 0
-0.2885790009941208 0.1025280749134254 0
-0.1856867517185133 0.08815178647466071 0
-0.2115273283715201 0.1177185265237049 0
-0.2110572710450378 0.01382785476770941 0
-0.4422122888686526 -0.03174350001901232 0
-0.4163717122312313 -0.06131024005857216 0
-0.3778458759294749 -0.05371501425880489 0
-0.390531135590378 -0.09087698010033202 0
-0.4290569718957802 -0.09847220589893481 0
-0.4032163952530739 -0.1280389459450215 0
-0.4417422315639988 -0.1356341717437736 0
-0.3520052992841383 -0.08328175429930909 0
-0.4159016549178527 -0.1652009117926569 0
-0.4544274912309461 -0.1727961375925352 0
-0.4802680678777821 -0.1432293975416786 0
-0.4929533275467138 -0.1803913633923566 0
-0.4671127508983213 -0.2099581034448239 0
-0.5056385872170948 -0.217553329245178 0
-0.4797980105840281 -0.2471200692944844 0
-0.5183238468909732 -0.254715295099653 0
-0.3773758186054699 -0.1576056859920835 0
-0.1725314347271079 0.02142308057098993 0
-0.1730014920721807 0.1253137523148112 0
-0.1471609154362951 0.09574701220690209 0
-0.1988420687294568 0.1548804923592075 0
-0.4412721742837096 -0.2395248435798079 0
-0.4924832702571016 -0.2842820351511162 0
-0.5310091065642428 -0.291877260957398 0
-0.1852166944001953 -0.01573888528342964 0
-0.2373679050267464 0.1472852665683882 0
-0.2237425307130592 -0.02333411108937752 0
-0.429997086533341 0.1093091374976014 0
-0.390061078270006 -0.1947676518422647 0
0.725307945428119 0.441056583365078 0
-0.3299251814512586 0.7182768794533099 0
0.7257780028452416 0.3371659115727504 0
0.3066943767078506 -0.7852882892977583 0
0.3325349533883856 -0.8148550293804512 0
0.2907187158878553 -0.09521555343067001 0
0.2780334562304549 -0.1323775192752329 0
-0.4957736718283193 0.4429526668591991 0
-0.4699330952057184 0.4133859268313405 0
-0.4572478355369128 0.4505478926575018 0
-0.4314072589039959 0.4209811526190789 0
-0.418721999235328 0.4581431184563922 0
-0.3928814225971935 0.4285763784090088 0
0.3452202130633935 -0.7776930634923762 0
0.3710607897537701 -0.8072598035783614 0
0.3837460494220108 -0.7700978376859089 0
0.409586626122158 -0.799664577774384 0
-0.4525472610065425 -0.5883588246462468 0
-0.4783878376193719 -0.5587920846892017 0
-0.4398620013783658 -0.5511968588603529 0
0.5885904332949208 -0.5910690709164017 0
-0.3759656462127884 -0.4692777016501829 0
0.7671241829673997 -0.2785828926996347 0
-0.2528735087247261 0.7334673310881117 0
0.8042168442172861 0.0406921997550836 0
-0.5441644235267962 -0.225148555041581 0
-0.2735434544047545 -0.37976331818827 0
-0.4055666822276043 0.3914144125303363 0
-0.3670408459575353 0.3990096383589258 0
-0.3543555862823288 0.4361716041874838 0
-0.3285150096465276 0.4066048641524962 0
-0.3158297499667931 0.443766829979431 0
-0.2899891733295668 0.4142000899468907 0
-0.2773039136469787 0.4513620557713354 0
-0.2514633370080193 0.4217953157381944 0
-0.2387780773242627 0.4589572815638375 0
-0.3031444902343748 0.4809287958046249 0
-0.5187939041841482 -0.1508246233322404 0
-0.5061086445145456 -0.1136626574920228 0
0.6144310099404794 -0.6206358109377679 0
0.7638337818226035 0.4486518091744517 0
0.7163831444885008 -0.4272307556786926 0
0.7419614818224349 -0.4567079801238818 0
-0.2204521289214828 -0.7505688128748611 0
-0.2472328203972431 -0.5132207299138012 0
-0.208706984120607 -0.5056255041132592 0
-0.1819262927110162 -0.7429735871095897 0
-0.2246826453976169 0.1844472323712922 0
-0.2974999123709148 -0.7657789908360568 0
-0.4003960505077958 -0.7513829762864762 0
-0.1603162324390303 0.1624757180902131 0
-0.2632084816940866 0.1768520065756768 0
0.4565672057981739 0.1801086589578403 0
0.4307266291467165 0.2096753990018212 0
0.4847580694205761 -0.3689114396093369 0
0.4589174927870268 -0.3393446996059245 0
0.4974433290712146 -0.331749473772266 0
0.4716027524443206 -0.3021827337763733 0
0.5101285887281191 -0.294587507976113 0
0.4842880120996137 -0.2650207679583971 0
0.5228138483746259 -0.2574255421366052 0
0.49697327175155 -0.2278588021375654 0
0.535499108022868 -0.2202635763154392 0
0.5096585314023002 -0.1906968363212152 0
0.5481843676754328 -0.183101610523568 0
0.5223437910530322 -0.153534870512586 0
0.5608696273209663 -0.1459396446968462 0
0.5350290507010944 -0.1163729046984301 0
0.456097148401066 0.2839993307621874 0
0.1004398208601411 -0.6526450410276221 0
-0.4826183548319204 0.3762239609873658 0
-0.3628103291232828 -0.5360064074080541 0
0.2155472725368304 -0.5259686920100367 0
0.2028620127983909 -0.5631306577732884 0
0.061913984655959 -0.6602402668836942 0
-0.458658007577052 0.7622199080008716 0
-0.471343267258523 0.7250579420915724 0
-0.4455026905728559 0.6954912020017151 0
-0.4840285269200111 0.6878959761881505 0
-0.5098691036225392 0.7174627162763209 0
-0.5225543633071568 0.6803007503712495 0
-0.4130813101507566 -0.7885449420644989 0
0.2864881992547794 0.839800492182473 0
0.3123287758381196 0.8102337521679837 0
-0.8786817479836184 -0.1524529489152048 0
-0.7019849968797429 0.5753766333491814 0
-0.714706282052981 0.5383974025905007 0
-0.3303952387777038 0.8221675513430452 0
-0.5672494754904602 -0.7151735015943446 0
-0.1634692917138318 0.8890137705417703 0
0.2221684759249817 0.8615351798556137 0
0.7168532017550662 -0.5311214275961935 0
-0.4463152801607557 0.7990825094491947 0
0.3238242469978051 0.8463558731766789 0
0.3506563140154817 0.8176556704565342 0
-0.5482651833246719 0.7092093159494757 0
0.7041679421115208 -0.5682833934572071 0
-0.8652294670445846 -0.2189221159220684 0
-0.8396363603592318 -0.2487051384547289 0
-0.8011517690233803 -0.2411459597133065 0
-0.8138356538707274 -0.2783067240366324 0
-0.85236126107454 -0.2859017495907189 0
-0.8265305373607247 -0.3154771009263337 0
0.6529568462282754 -0.6130405851325978 0
0.8937806150296004 0.09310372593788992 0
0.8680721990803106 0.122625352858204 0
0.8295683896124408 0.1150226081760793 0
0.842277962760942 0.1521762746170802 0
0.8808078512724774 0.1597701172052859 0
0.854975673436561 0.1893339903333465 0
-0.2585079078494822 -0.8620547100967091 0
-0.4776066272197337 -0.7658881423770829 0
0.8937193682411577 -0.01117693279360412 0
0.6402369891630695 -0.6500270598371655 0
-0.194141495064697 -0.8840262242925185 0
-0.2019088001663345 0.8809643600049647 0
0.4975246453252218 -0.7466981001888435 0
-0.5169136740788265 -0.5663873106912695 0
-0.6357815848860469 0.1380617143539004 0
-0.648466844536987 0.1008997485541501 0
-0.6230963252303742 0.1752236801573797 0
-0.6235663827853689 0.2791143519711219 0
-0.5051685299252148 -0.3214440012021853 0
-0.5436943662350593 -0.3290392269465143 0
0.2225918437942295 0.757881334748329 0
-0.1979019540636433 -0.05290085114266741 0
-0.2364277903764935 -0.06049607694450371 0
-0.568143610018923 -0.6111972569097489 0
-0.2129375006325118 0.4293905415440067 0
-0.2002522409973326 0.466552507390293 0
-0.2260928176248184 0.4961192474136885 0
0.5853000318832617 0.136165630498983 0
-0.09312947506799148 -0.4828398267324062 0
0.5735548869686622 -0.1087776788825382 0
0.06989867097935762 0.4158284162895377 0
0.03137283467412741 0.4082331904881936 0
0.01868757501230549 0.3710712246445531 0
0.1084245072811714 0.4234236420914781 0
-0.6888717097002701 0.5088611184309431 0
-0.7273973458041924 0.5012648774447122 0
-0.3515352419696952 -0.1871724260361621 0
-0.3388499822952887 -0.1500104601892576 0
-0.1466908580832662 -0.008143659537486751 0
-0.1340055984169652 0.0290183063671503 0
-0.02923311950791716 -0.4009206692668062 0
0.6651720485454176 -0.4719879475677823 0
-0.2213922437390707 -0.5427874699420278 0
-0.5845704889704648 0.1828189059490645 0
0.2117868138733526 0.305156681923821 0
0.09949970634962627 -0.4448636977148011 0
0.7398734343937905 0.06265586193074246 0
-0.3369697524879938 -0.5655731474016115 0
-0.3393200396258367 -0.04611978845658856 0
-0.3134794629844355 -0.07568652850572971 0
0.4161611399650981 0.5880761203086422 0
-0.4694630374726336 0.3094952549939378 0
-0.1058147347107935 -0.5200017925532336 0
0.02244803379060666 -0.4600541493453451 0
0.03513329342571476 -0.4228921835034336 0
0.4091165687376125 -0.6957739059317789 0
-0.4445625758692351 0.4877098584919067 0
0.5726147722348348 0.09900366465230738 0
0.5740249443388956 -0.2126683504236775 0
-0.4581879502086548 0.6583292361251774 0
-0.5479248824115173 0.6059768186208069 0
0.5359691654094227 -0.3241542478501253 0
-0.5446344808075603 -0.1212578832799155 0
0.4800574954269735 0.6699952777850673 0
0.4222718857697926 -0.7625026118762218 0
0.4481124624797161 -0.7920693519731082 0
-0.5695349428881795 -0.2994724867574196 0
-0.5822202025477037 -0.336634452637066 0
-0.5563796259038948 -0.3662011926864843 0
-0.5949054656894744 -0.3737964179044189 0
-0.2608581947526282 -0.3426013523395269 0
-0.2223323584426217 -0.3350061265297325 0
-0.5610585734345419 0.6725958287628268 0
-0.2077668692690489 -0.7134068471882333 0
-0.465702578139285 -0.5216301189665957 0
-0.0151376879521549 -0.6754307183910024 0
-0.05366352423604881 -0.6830259441661226 0
0.4302565718023595 0.3135660708661909 0
0.442941831428452 0.350728036773482 0
-0.4271767418092576 -0.5140348931572229 0
0.2925989452232995 -0.5107782404249858 0
0.3311247815420057 -0.5031830146155924 0
-0.1249933277670834 0.8968619678999004 0
-0.09922564238726719 0.8676649597796554 0
-0.6584825163954857 -0.6626280392293521 0
-0.08651060052243134 0.9029199003722097 0
-0.06070456119969171 0.8749916456291783 0
0.50550488503117 0.7437935704673273 0
0.5312814029498316 0.7146648628957452 0
0.748694285525068 0.5150522380234754 0
0.7232592740133554 0.5442020414417704 0
-0.3604252518523244 -0.8470235865526197 0
-0.6379957001403578 0.6568243580982067 0
0.8425647710847544 -0.3665727135640775 0
0.8943677328447982 -0.1146754208250197 0
0.9070588051848321 -0.07741685659109793 0
0.8391208704602966 0.358317720328535 0
0.89284848785507 0.1963559697156294 0
0.8669004741423902 0.2258266908815425 0
-0.1867213473959794 0.9164750227580797 0
0.3612383840627035 0.8586170014762521 0
0.3876764081502627 0.8245922323727066 0
0.5883553203402718 -0.6934252673266166 0
-0.5865166897153498 0.6984991389074251 0
-0.04917596081698024 0.9095296814635347 0
-0.0222378769697691 0.8827858020190015 0
-0.1683009185136642 -0.9135929642601175 0
-0.1302028463338757 -0.9038279588840944 0
-0.7733307597450241 -0.4784671585257346 0
-0.7471916267308193 -0.5084062651502292 0
-0.8001269140031795 -0.4485140545049147 0
-0.7097883910329528 -0.5005291598195021 0
-0.540812785232889 0.7513062445994066 0
-0.7411334385612824 0.5670510785959612 0
0.358583548368258 -0.8446201676073577 0
0.8836633008474184 -0.2550663056999872 0
-0.009531495518531276 0.9213280426058923 0
0.0163248473234698 0.890704333954593 0
0.9200440773760792 0.1658135787849341 0
0.7426937783573517 -0.5606881676713577 0
0.7569373440374607 -0.5223299010305935 0
-0.5420909011422457 -0.7456163178270607 0
-0.5796379588292381 -0.750572417816053 0
0.7946219206302563 -0.5086410069626578 0
-0.6774741294481849 0.6487220580977999 0
-0.8706356230293224 -0.3255139436777779 0
-0.8383369051237463 -0.3532708185897409 0
-0.8919681751103656 -0.287160236021726 0
0.9176881309313643 0.06080948192963235 0
0.7308601921793147 -0.595811012835137 0
0.6787974228747501 -0.6426073251606047 0
0.6618963845020535 -0.6789895948363167 0
0.4352105197898196 -0.8290609166633268 0
0.4734568804829037 -0.8193979798479815 0
-0.4884391083661774 0.7959248929227781 0
-0.4701452021969741 0.831458043938468 0
-0.6667441607277328 0.6906157276020058 0
0.543953850862357 0.7519144350851985 0
0.5693621552283292 0.7224813794095248 0
0.585436735780151 0.7637808721829596 0
-0.5163168722875121 -0.7751744027054152 0
-0.335559580265193 -0.8772451616337955 0
-0.3786121526164055 -0.8836031355215643 0
-0.6453917527847709 -0.6265020968817614 0
-0.6198485468954555 -0.6550715515247194 0
0.9330390391091163 0.09553425539466362 0
0.9369519391139368 0.0265296867042328 0
0.2980551224219328 0.8754591963065105 0
0.9353804818482299 0.205212889288201 0
-0.2030188337404281 -0.9213421622755706 0
-0.7220865644222069 -0.5374005173189418 0
-0.6067807304168631 -0.6187086736689793 0
-0.6329590361787243 -0.485283768234861 0
-0.6202755329130976 -0.4481207319585537 0
-0.5817499678229355 -0.4405253502739147 0
-0.6075906194518639 -0.4109584872171264 0
-0.6839788302767587 -0.5299751881537256 0
-0.5939859737766671 -0.5816140991473007 0
-0.6588013790835512 -0.4557158859983292 0
-0.6743074212728924 0.1304664887125964 0
-0.5981958636640714 0.3534382836540222 0
0.3381363028655254 0.7806381274651432 0
-0.6362516423587519 0.2419523861228228 0
-0.7753164625754732 -0.2707173059961748 0
-0.4567777779355169 0.3466572208334004 0
-0.8005434787441119 -0.3451491332420183 0
-0.3642205016576852 -0.2243343920333956 0
-0.4666426935957489 -0.3138487752840856 0
-0.3130094056798774 -0.1795772002642996 0
-0.3003241460189143 -0.142415234385996 0
-0.6869926807995991 0.09330452277269836 0
-0.6611521041980334 0.06373778274432088 0
-0.6996779406070783 0.05614255709868726 0
-0.379726105512061 0.3618476724732836 0
-0.453017318505609 -0.4844681530496808 0
-0.1875669813235823 0.503714473229504 0
-0.2134075579492852 0.5332812132909621 0
-0.1617264045557071 0.4741477332185669 0
-0.2105872137382493 -0.09006281710770186 0
-0.2491130500485175 -0.09765804285912479 0
-0.7382037770194191 0.04854733155184938 0
-0.7123632003659068 0.01898059130673464 0
-0.5427538814381563 -0.53682143582185 0
-0.1081650217743001 -0.0005484338638525356 0
-0.3026744330067854 0.3770381240877292 0
0.08258393062010833 0.4529903821371499 0
0.003652028639075858 0.8533626177491325 0
-0.2984439162059259 -0.5579779215613888 0
-0.1828664074002989 -0.5351922441432211 0
0.6905425678594219 -0.3976640157756315 0
0.7032278274839751 -0.3605020499937104 0
0.5477143103335405 -0.07921093882705917 0
0.5091884740686654 -0.08680616463566013 0
-0.2256227602103813 0.3922285756976618 0
0.4546869762722482 0.595671346130201 0
0.4838179547576308 -0.1611300962766722 0
0.04217579139952948 0.8609878018883542 0
0.05486118720800931 0.8981523173163075 0
0.08070352715702807 0.8685557794168556 0
0.0936858411826608 0.904213231188059 0
0.07289679654211292 0.9325684404909376 0
0.1192789884465406 0.8758984461126518 0
0.1319147970495994 0.9133102609031327 0
0.1577636154553721 0.8837018793754639 0
0.1731256949932858 0.9224816787003149 0
0.1973342004010566 0.8892214938708702 0
0.4805275529941641 0.5661046061523729 0
0.7036541782957202 -0.4643778023231375 0
0.7295384614461525 -0.4939594614318782 0
-0.6108811232103186 0.3162763178054961 0
-0.007153001654669457 0.4006379646904881 0
0.005532258010690688 0.4377999305373106 0
-0.01983826133894358 0.3634759988428637 0
0.006002315343360598 0.333909258797666 0
-0.03252352098893087 0.3263140329890032 0
-0.1316553114021786 -0.4904350525234405 0
-0.1189700517502725 -0.4532730866966052 0
0.5467741955201838 0.1285704046966671 0
0.5063681297166176 0.5365378661453116 0
0.5979852915266555 0.1733275963599368 0
-0.06775895578286416 -0.40851589507095 0
-0.1748817215144717 0.5408764391046309 0
0.4584474354486501 -0.2354540279116653 0
0.5105986461017842 -0.3984781795099099 0
0.497913386463765 -0.4356401453538867 0
-0.5596700273170088 0.361033509372311 0
-0.7015580573118168 0.4717046712378817 0
-0.7400837541217236 0.4641087382035587 0
-0.7647241084565657 0.4932663101624693 0
-0.7775082255196877 0.4561384447510162 0
-0.7525856211627284 0.4268851143722326 0
-0.7910808919532442 0.4192796122434639 0
-0.7653882164952259 0.3897633944703245 0
-0.8039336086655957 0.3821748763372177 0
-0.8143568573193539 0.4524601362301644 0
-0.7781209415822047 0.3526176746440887 0
-0.8166546887168029 0.3450251565508542 0
-0.8489281943599631 0.3802496272378313 0
-0.8551914577570412 0.33743366917955 0
-0.8293490590436847 0.3078663061542495 0
-0.8650845387730347 0.3006697492871013 0
-0.8417035216758536 0.2707522757243458 0
-0.8766586649616364 0.2628969408369196 0
-0.8540154119079715 0.2335154169876399 0
-0.8968164406209198 0.2276784805332822 0
-0.867883862639051 0.1966648866658622 0
-0.9059324962422735 0.1887858062597907 0
-0.8801714534444329 0.1592663754190072 0
-0.8810320343274579 0.3670004091376552 0
-0.9178097673545633 0.149426720214554 0
-0.8927771793021448 0.1220571005931171 0
-0.8542645987250026 0.1296602110972233 0
-0.8669388120212942 0.09249167455872553 0
-0.9047482039464747 0.08465142354202938 0
-0.8288808238738964 0.2039762578092854 0
-0.8034545643760027 0.2783079707149877 0
-0.7268870304332125 0.3973670405695254 0
-0.6630321149710666 0.4792993589457881 0
-0.07339557710629972 0.8381027606265081 0
0.7793393852679087 -0.1375302554542393 0
-0.03299357832192333 0.4302047047460509 0
0.4330769161401709 -0.3097779595693101 0
-0.006682944327699349 0.2967472929406436 0
0.428846399572776 0.6252380861301529 0
0.3165592925363728 -0.1247822934695171 0
-0.2320446762165098 -0.892888983170304 0
-0.2711434203991916 -0.9013906539254088 0
-0.2971430891683933 -0.871936919942686 0
-0.624506461159955 0.4868955102443084 0
0.766654125626504 -0.1746922212592608 0
0.1837806038521609 0.8537774939421677 0
-0.5034166041021535 -0.737229686712405 0
-0.4906228981186361 -0.699882409438761 0
0.7281282893566587 -0.1822874470828335 0
0.7539688659684687 -0.2118541870227694 0
-0.3877107908350422 -0.7142210105014579 0
-0.3618702142405121 -0.7437877504313128 0
0.7534988086368439 -0.1079635154831453 0
0.8820427678942037 -0.1519800899119527 0
0.9077994678520428 -0.1809865162349859 0
0.5829497448677062 0.6556189895458508 0
0.6202821436463779 0.6621711813800518 0
0.6468409814566847 0.6335679413723309 0
0.6587295895169141 0.667630549935689 0
0.5937362075015161 0.6917346482899807 0
-0.3106591183198704 -0.6990305588625374 0
0.4025357655121887 0.7586954976763596 0
0.4149844873125146 0.7954780215294901 0
0.4573874341478634 0.8081731021416446 0
0.3763332011861434 0.7880266368961719 0
0.3254785846697508 0.7435002320877018 0
0.2996370899417273 0.7730661698703331 0
0.5862401466108047 -0.07161571303752196 0
0.6120807232451776 -0.10118245300569 0
-0.1701811477476711 -0.4980302783153777 0
-0.6905553545005981 0.6121708937688123 0
0.2606476226663607 0.8693672321573473 0
0.2726132535339729 0.9038966928940508 0
-0.0348797141805711 0.8456748172951279 0
-0.4511019063514413 -0.7936382750393189 0
-0.4262363098592551 -0.8281109691782089 0
-0.7649751783142558 0.2858967118008813 0
-0.753239323406849 0.5308387238062101 0
-0.1119223728124476 0.830553048301176 0
0.5759048006286305 -0.6282291445944886 0
0.521873733682688 -0.04964419873810785 0
0.4833478974134121 -0.05723942458551113 0
0.1065524905764536 0.8389451393886228 0
0.3442800984339435 -0.5699117199107629 0
0.4803691891040845 0.7725939395472106 0
-0.8300694837391189 0.4166902881116365 0
-0.688395910027795 0.4049741593543775 0
-0.7395928137515814 0.360212111467483 0
-0.6616221616458948 0.1676284545222375 0
-0.648936902020562 0.2047904203495193 0
0.6266462122522504 -0.4795831734395715 0
-0.04003815016488672 -0.8536453212837084 0
-0.01419757357442588 -0.8832120613042936 0
0.0243282626985284 -0.8756168355427167 0
0.01179072686356971 -0.9104784443567168 0
0.04990285065779122 -0.9033261034298722 0
-0.027924291556201 -0.9265111663325797 0
-0.05289698621458173 -0.8918301436104521 0
-0.06850695394031293 -0.9285669175055846 0
-0.09182376465365863 -0.8976569851266942 0
0.6393314719232893 -0.442421207557971 0
-0.1180299370294545 -0.661054429967149 0
-0.1307151967633144 -0.6982163956896829 0
-0.09218936051275597 -0.6906211699354756 0
-0.05836409770374385 0.3558807730311206 0
-0.07104935732957236 0.3187188071652861 0
0.1135951377245679 -0.7193737465071695 0
0.701347598114659 0.05506063616623184 0
0.3776353036652854 0.5804808944919001 0
0.3517947270076654 0.6100476345039697 0
0.5989254062398692 -0.03445374710097677 0
0.1211097669164314 0.4605856079390768 0
0.146950343582973 0.4310188678941689 0
0.1596356032029411 0.4681808337441618 0
0.5486544250465226 -0.2869922820296842 0
0.8969512074014638 -0.2171544720610628 0
0.2418579063962379 -0.6594261032130201 0
0.2033320700712355 -0.6670213290572967 0
0.2160173297480248 -0.6298593633516276 0
0.190646810382691 -0.7041832948891236 0
0.1648062337350583 -0.6746165549527843 0
-0.3548256434351452 0.5400622759336051 0
-0.3675109031630517 0.5029003100713962 0
-0.3162998070894916 0.5476575017443157 0
-0.2904592304729596 0.5180907616683039 0
0.5058980721992306 0.6404285378476647 0
-0.27589374133753 0.1396900407590199 0
-0.3017343179980979 0.1692567807728149 0
-0.3144195776432108 0.1320948149555049 0
-0.3402601542986715 0.1616615549702971 0
-0.3529454139439318 0.124499589152224 0
-0.3787859905952987 0.1540663291689619 0
-0.3914712502399662 0.11690436334113 0
-0.4173118268910719 0.1464711033365131 0
0.1718508052948721 0.6092334713053847 0
0.1460102286744433 0.6388002113176239 0
0.1074843924078542 0.631204985522298 0
0.1201696520561119 0.668366951328192 0
0.08164381578797554 0.6607717255364798 0
0.1586954883195956 0.6759621771216453 0
0.06895855613231049 0.6236097597295712 0
0.04311797951255586 0.6531764997452678 0
0.1328549116902639 0.7055289172270746 0
0.171380747942324 0.7131241430369755 0
0.05580323916242956 0.6903384655802843 0
0.01727740289035513 0.682743239763222 0
0.004592143234240807 0.6455812739422786 0
-0.02124843340420123 0.6751480139916307 0
-0.03393369306609294 0.6379860481626596 0
0.0299626625312806 0.719905205677393 0
0.1972213245793808 0.6835574029330173 0
0.209906584197569 0.7207193688371923 0
0.2484324204387087 0.7283145946493407 0
0.2230619012036886 0.6539906629080474 0
-0.4069768541900106 0.7030864278246602 0
0.8758377306908989 -0.2962342688583096 0
0.8573311723654947 -0.3301211467740574 0
0.8813743575761565 -0.3623161206146548 0
0.7027577700544504 -0.2566113786483989 0
0.7285983466954626 -0.2861781185746311 0
-0.1172091420096719 -0.8684887123921785 0
-0.2857586566610808 -0.5208159557225633 0
0.04875866771395621 -0.5935115610305737 0
0.3818658201732249 -0.3545351512026611 0
0.02949225963739644 0.8238008706706618 0
0.2395076199207087 -0.1399727450857748 0
0.2653481965707462 -0.1695394851270638 0
-0.08561484637543855 0.6971195283556919 0
0.634551702222149 0.5964722538438642 0
0.6722309177610232 0.6036726394303832 0
0.6979201420868233 0.5738289507826453 0
0.5867102039770027 -0.1755063846125238 0
-0.3684510178130833 0.710681653643111 0
-0.3426104410911855 0.6811149135871435 0
-0.571885229295811 0.2199808717684279 0
-0.01654785992391822 -0.3637587033918946 0
0.03654346510806583 -0.734564198082989 0
-0.6104110656322863 0.212385646022719 0
-0.07950410079380994 -0.6534592041748636 0
0.4452921184205814 -0.1687253219951031 0
0.8817615769888751 -0.04801587236645917 0
-0.1091051364220198 0.2072329096168142 0
-0.5460446526982814 0.1904141317390006 0
-0.1109853657116676 0.622795596636903 0
0.685869421147669 0.5371136530183698 0
-0.2913993450758553 0.7258721052790771 0
0.211316756546482 0.4090473536587001 0
0.224002016198105 0.4462093195012944 0
0.2625278525004311 0.4538045453044298 0
0.2366872758607903 0.4833712853401091 0
0.1854761798817955 0.4386140936986833 0
0.07130884288126302 0.1041564009572468 0
0.09714941954235889 0.07458966090332284 0
0.08446415987871614 0.03742769503384866 0
0.122989996202009 0.04502292084627382 0
0.1103047365607033 0.00786095499055762 0
0.1488305729079124 0.01545618082269877 0
0.1615158325342373 0.05261814667423008 0
0.07177890021942654 0.0002657291713834287 0
0.09761947692473777 -0.02930101083714515 0
0.9281212404685126 -0.04047792220965738 0
0.9400288331209712 -0.07458450513738578 0
-0.1246102221002422 0.793410992400324 0
0.184536064938227 0.6463954371153805 0
0.2789735708859885 -0.3401588627745817 0
0.2404477345759265 -0.3477540885847475 0
0.2531329942370814 -0.3105921227306364 0
-0.05742398310412707 0.1480994294653785 0
-0.09594981943340442 0.1405042037039548 0
-0.0701092427697271 0.1109374636136976 0
0.04405809431129139 0.4453951563391516 0
-0.02077837611764323 0.5712573423249953 0
-0.05930421242536198 0.5636621165302049 0
0.2761532268319382 0.2831851676606181 0
-0.04755928637595331 0.808586142644848 0
0.0605038126896414 -0.3485682517744695 0
0.04781855306041328 -0.3857302176471296 0
-0.6494069595596466 0.3086810920941358 0
0.5965751193292602 0.4849996118603619 0
0.5580492829750476 0.4774043860094311 0
0.5838898596649673 0.4478376459504601 0
0.2634679671647313 0.2460232017922242 0
0.2376273905029304 0.2755899418453929 0
0.1991015541898244 0.2679947160387082 0
0.2897786011635232 0.1125657899530787 0
0.2770933415041716 0.07540382409545177 0
0.3029339181830872 0.04583708406489524 0
0.2644080818655662 0.03824185825387678 0
0.238567505194898 0.06780859829769886 0
0.3034039755472213 -0.05805358758371893 0
0.3160892352143301 -0.02089162176598558 0
0.3419298118534911 -0.05045836181832614 0
-0.4821482971149998 0.2723332891668095 0
-0.5305390470720722 -0.3957679368525238 0
-0.3271048372984991 0.0949328491074255 0
-0.3919413075762626 0.2207950349233752 0
-0.4915431520109177 -0.4920633840062161 0
0.2639380245021877 0.1421325300069023 0
0.2883684291536249 0.424237805274944 0
0.3268942654557836 0.4318330310840326 0
0.3527348420882374 0.4022662910658882 0
0.3654201016374151 0.4394282569656448 0
0.6886623384438028 0.01789867034151881 0
-0.07997415808017151 -0.5495685325728817 0
-0.03158340644578284 0.1185326894039603 0
-0.04426866611326228 0.0813707235457822 0
-0.0827945024681889 0.07377549781911628 0
0.05909364056470781 -0.03689623668292454 0
0.02056780422805174 -0.04449146250900291 0
0.007882544554150817 -0.08165342838176386 0
0.04640838090071626 -0.07405820255662929 0
0.03372312123423613 -0.1112201684227895 0
-0.004802715084581351 -0.1188153942531947 0
0.02103786158600055 -0.1483821342858742 0
-0.01748797472582009 -0.1559773601199208 0
0.008352601981053115 -0.1855441001248917 0
-0.03017323432536532 -0.1931393259461985 0
-0.05601381103363687 -0.1635725859420395 0
-0.06869907064258529 -0.200734551771282 0
0.07224895755973038 -0.1036249426199993 0
0.04687843831388883 -0.1779488742538638 0
-0.09453964735613563 -0.1711678117772646 0
-0.1072249070152954 -0.2083297776154298 0
-0.1330654837234759 -0.1787630375694226 0
-0.1457507433936839 -0.2159250034400425 0
-0.119910166626066 -0.2454917434223285 0
-0.1584360029670409 -0.2530869692557761 0
-0.08185438772319241 -0.1340058458945885 0
-0.03064329176069402 -0.08924865420561442 0
-0.2198782957941131 -0.8546707398439026 0
0.3132688907375664 0.6024524086923411 0
0.3315948387533311 -0.607073685729318 0
-0.1607862897337214 0.2663663897048751 0
-0.173471549421359 0.2292044238988832 0
-0.6719571368280848 -0.3889868723835104 0
0.8312570917485503 -0.4030809049705916 0
0.8212577069801109 -0.4435001663501906 0
0.341459754491396 0.05343230986941828 0
0.4824077824839519 0.1505419189053939 0
0.5082483592248921 0.1209751788683518 0
0.07083878555215209 0.2080470727479629 0
0.08352404522986907 0.2452090386151927 0
0.04499820890286131 0.2376138128036212 0
0.122049881544705 0.2528042644171098 0
0.05768346859548083 0.2747757786764882 0
0.03231294922701518 0.2004518469418856 0
0.006472372570796766 0.2300185869974263 0
0.1478904581954553 0.2232375243625094 0
0.3945510798264578 -0.3173731853594089 0
0.1882965239484325 -0.1847299367511283 0
0.2141371005991695 -0.2142966767949064 0
0.2014518409401121 -0.2514586426455895 0
0.2399776772519809 -0.2438634168348275 0
0.2526629369097601 -0.2067014509873395 0
0.2268223602597507 -0.1771347109404657 0
0.2911887732202147 -0.199106225172834 0
0.5848299743604275 0.2400563023055965 0
0.5975152340196437 0.2772182681747198 0
0.6233558106913517 0.247651528122313 0
0.636041070354372 0.2848134939920994 0
0.661881647027911 0.2552467539338849 0
0.6745669067209493 0.292408719845406 0
0.6491963873636629 0.2180847880559482 0
0.7130927431277707 0.3000039456750218 0
0.6872521664390094 0.3295706857344337 0
-0.6212160960305528 -0.2403390066691465 0
-0.05507369623073172 -0.3713539291926692 0
-0.479327953306709 -0.3510107415080461 0
-0.7903549876019169 0.2115714832819663 0
-0.4675828082099928 -0.1060674316929302 0
-0.4934233848380741 -0.07650069164823811 0
0.1342650839294892 0.3938569020508479 0
0.3259541503626756 0.639614374504144 0
0.4570372633809506 0.0762179872402583 0
0.09432907542462418 0.697933691445413 0
0.6656421058526811 -0.5758786192861347 0
-0.6465866154432979 -0.3146629382311562 0
-0.41966211384844 0.6659244619550865 0
0.1121849660022464 -0.4077017318629267 0
0.1140651949979095 -0.8232644182352091 0
0.1399057716291831 -0.8528311583111183 0
0.6506065595177281 -0.09358722710580421 0
0.2916588305488551 -0.3029968969206996 0
-0.05977426971428607 0.6675527882527318 0
0.6999374261140761 0.366732651617498 0
-0.2500531646852857 0.1101233007180631 0
0.04593832355304293 0.02983246922264751 0
0.3400495824664552 0.3651043251965201 0
0.3785754187016275 0.3726995510463372 0
0.7795551314806356 -0.4492024061931887 0
-0.2378379623691763 0.2511759381091664 0
0.4556270910602823 0.3878900026442151 0
-0.16125634706336 0.3702570614660746 0
-0.1870969237729686 0.3998238015186291 0
0.1868863518525526 0.1269420783936157 0
0.1742010921905464 0.08978011253146598 0
0.1356752558681279 0.08218488672504161 0
0.2000416688694024 0.06021337249412751 0
0.2127269285221266 0.09737533834292435 0
0.2136670432690994 -0.1104060050438083 0
0.3931409077977391 -0.005701170213215376 0
-0.3769057613333858 -0.2614963580918274 0
-0.4154315976616446 -0.2690915839294523 0
0.382335877511554 -0.4584258229466587 0
0.4081764541667828 -0.4879925629883323 0
0.446702290479316 -0.4803973370535128 0
-0.3148896349814284 0.2359854865039741 0
0.186416294520546 0.230832750171657 0
0.1605757178690667 0.2603994902285268 0
0.4814676676980727 0.3583232625501611 0
0.1629260046292285 -0.2590538684534889 0
0.188766581278373 -0.2886206084971353 0
-0.8537812858740199 0.02576165443871993 0
-0.8920106597499369 0.01806523110790583 0
-0.9034017578623834 -0.01953849758549251 0
-0.8794537811049701 0.05527112884398178 0
-0.9156136938730884 0.04713329435529244 0
-0.9375144901809485 0.07278496568369852 0
-0.1960217244391272 -0.4684635382848555 0
0.4199215991248794 -0.2430492536693055 0
0.7924947022417482 -0.2042589611717777 0
0.1981614395229944 0.475776059538873 0
-0.1452806858475481 -0.3198156749366951 0
0.4593875501231283 -0.4432353712343675 0
0.4053561101189453 0.135351467372486 0
-0.2622683670234717 -0.03092933688470916 0
0.2785035135614426 -0.2362681910278136 0
-0.2143476723776604 0.7410625568990539 0
-0.2270329320408157 0.7039005910256283 0
0.3536749567826667 0.1944849474616731 0
0.3663602163942641 0.2316469132898712 0
0.4819377250406057 0.2544325907212289 0
0.109834679206182 0.1117516267730639 0
-0.6085308363700238 -0.2031770408037058 0
0.4213317710914457 -0.5547212683131928 0
0.5843599170196955 0.3439469741072016 0
0.2103766415646031 0.6168286971014938 0
-0.878886701234558 -0.04865277058678455 0
-0.8917928809156722 -0.08573932523702356 0
0.6877222237425135 0.2256800138918371 0
0.03607340805352952 -0.6306735268471843 0
-0.1208502814345571 -0.03771039980798685 0
0.05627329647177548 0.5864477939182563 0
0.2019218982663127 -0.3553493143926669 0
-0.2354876755950568 -0.268277420858067 0
-0.1969618392655536 -0.2606821950529732 0
-0.4060367395316842 0.4953050842836935 0
0.06003375536532406 -0.244677580050314 0
-0.5606101420570111 0.5688148527921395 0
-0.2232724734065616 -0.127224783173145 0
0.2277624749187638 -0.3849160544355441 0
-0.1175598799225502 -0.764945101324198 0
-0.3379098676755809 -0.357791804223126 0
-0.3505951271805106 -0.3949537699985953 0
-0.3891209635771239 -0.4025489958749927 0
-0.4018062230792914 -0.4397109616853327 0
-0.04050820743758696 -0.7497546497093761 0
-0.4440925185204956 0.3838191867526591 0
-0.4680528654979776 -0.002176759979888932 0
-0.480738125160261 -0.03933872581039782 0
0.1911168676606187 -0.8080739666794341 0
0.1380255426466 -0.4372684719010863 0
0.4434118887606746 0.246837364885872 0
0.1502407449681841 -0.2962158343046246 0
0.01023283143156709 -0.6011067868138937 0
0.3038740328761126 -0.1619442593176759 0
0.2512527648440998 0.10497056414909 0
-0.9176776415272286 -0.05615750294519969 0
-0.9309382071430724 -0.09240207162710394 0
0.2540731088325527 -0.5183734661503475 0
-0.5568496831930575 -0.2623105208992101 0
-0.6606820469457958 -0.04015288895012979 0
-0.6865226235790547 -0.01058614890847053 0
-0.6992078832443644 -0.0477481147391835 0
-0.7250484599546149 -0.01818137454016949 0
-0.7377337195787914 -0.05534334025383859 0
0.2503126501854013 0.3127519077237373 0
0.3010536887547311 0.4613997711397461 0
-0.5314791638414416 -0.1879865891789628 0
-0.3646905589455878 -0.1204437201440398 0
0.3170293498691056 -0.2286729652262533 0
-0.454897548531941 -0.06890546585448699 0
-0.1358858278210952 0.4445809931872485 0
0.4203916564804278 -0.3469399254049363 0
-0.6353115275929465 0.03417104270864281 0
0.1013799353037962 -0.8604263840637115 0
0.1271348727517065 -0.8895587300717215 0
0.1657320750701082 -0.8823254993796799 0
0.1521187088279508 -0.9185498570717626 0
0.1915869249124397 -0.9119646384817108 0
-0.4285869145892396 -0.2023628776573917 0
0.04452815165487499 0.3415044846012618 0
0.3179694645416591 -0.4364543087140195 0
0.1732609775658879 0.2975614561227166 0
-0.01701791726661654 -0.2598680316697473 0
-0.4041565098943943 0.07974239748505475 0
0.5716746573513855 0.3067850082324096 0
0.09620930493518556 0.2823710044991631 0
-0.5855106040225131 0.3906002494585695 0
-0.04332855140120324 -0.1264106200756862 0
-0.1598461750828597 0.05858504640564564 0
0.01821751750079864 0.4749618964392376 0
0.7806224677295736 0.4896742442558742 0
0.8023596181948733 0.456247034984352 0
-0.7142046611028285 0.4345297045820194 0
0.2146071579275776 -0.3181873485398968 0
0.2282325322312774 -0.4888067261643987 0
0.3696506178541601 -0.4955877888007744 0
-0.5451045380656936 -0.01736721156733418 0
0.4457621757899717 -0.2726159937337146 0
-0.7631042389270581 -0.1296672716736065 0
-0.7372636623297736 -0.1592340117247138 0
-0.7499489220148177 -0.1963959775194571 0
-0.2495831073585539 0.006232628966142594 0
0.3320648960519799 -0.7109643575440521 0
0.2272924175905471 -0.2810253826847506 0
0.3297146095343511 -0.1915109993939887 0
0.09526919007435854 0.490152348055123 0
0.138495599965633 -0.5411591436194884 0
0.4711326951198793 -0.1982920621118888 0
-0.4558376631721134 0.1388758775182855 0
-0.3651606162720483 -0.01655304842074209 0
-0.2993840311023224 -0.3501965782070776 0
0.1070143350590759 0.735095657350776 0
0.3550851288386815 -0.1171870677178373 0
0.4678422933235667 0.5289426402735077 0
0.6623517045060279 0.1513560821186941 0
-0.5197340187489399 0.05695672008263364 0
0.4965032144270608 -0.123968130466414 0
0.2658182538999491 -0.2734301568782418 0
-0.1964917818023159 -0.3645728665709919 0
-0.876556731773289 -0.253806418213246 0
0.4218018284071821 -0.658611940063152 0
0.5195234466416088 0.4698091601688588 0
-0.08044421542958564 -0.4456778609026622 0
-0.6226262679246946 0.07133300852882671 0
-0.4027463379659451 -0.2319296178556899 0
-0.7908250449775884 0.3154621550003301 0
0.1840660075576706 0.7502861089539821 0
0.2426897974850707 -0.8666584967397211 0
0.2650629041517406 -0.8967087772955706 0
0.3071644340169479 -0.8891789611765292 0
-0.0203083187906732 0.467366670630982 0
0.09479913275105625 0.594043019712864 0
-0.6503468315622889 0.516461204227483 0
-0.7884733835256672 -0.2039900016883984 0
-0.1232005681293793 0.4817429590326351 0
-0.106284792098091 -0.4161111208633049 0
0.6867821090607669 0.4334613575559477 0
0.7906144731038072 0.2113037253591792 0
0.8144003928688776 0.3885974392622956 0
0.009762774122196678 -0.4972161151665488 0
0.7652439537427183 0.1369797936133988 0
0.5115387607144576 -0.6062595225664448 0
-0.2862287140573062 -0.4169252840418441 0
-0.6733673066172157 -0.07731485477496153 0
0.3438100411980365 -0.4660210487583653 0
-0.6620922191420404 0.2715191262691158 0
-0.865989124291225 -0.1152934967667517 0
0.3195215304762345 -0.8502096367530612 0
0.1723208626309251 0.505342799664412 0
-0.4077805142932459 0.8062929720755552 0
-0.3689106574070496 0.8141234351530332 0
-0.3576014044829641 0.8516950649504336 0
-0.3198411623297202 0.8621401403289265 0
-0.306368728462054 0.9066612985224536 0
-0.2785510055767915 0.8688680620755183 0
0.4828778400360381 0.04665124720831763 0
-0.558729912348215 0.1532521659351275 0
-0.5079888737454216 0.3019000291764642 0
-0.1560857161460211 -0.7725403270843416 0
-0.3261647226466192 -0.1128484943453412 0
0.0233881483122468 -0.6678354926027705 0
0.7920246448838998 -0.1003682896871581 0
0.280853800033651 -0.7557215492217737 0
-0.380196162900949 0.465738344228777 0
0.8159793022919548 0.2856226840542285 0
0.8544700488505802 0.2931872422266563 0
0.7417536637433741 -0.3529068241853418 0
-0.2921458844718064 0.8307416246613626 0
-0.2390736274140613 0.8733643259912789 0
-0.6738373639356905 0.0265758169718557 0
-0.2589773169685873 -0.7581673264109117 0
-0.1184999943567765 -0.5571637583653835 0
0.3292445521869718 -0.08762032763834599 0
-0.1443405710444154 -0.5275970183445098 0
0.3978549651255954 -0.8391282460349193 0
-0.8160131729019812 0.2411428089308912 0
-0.7875191455797779 -0.4117024710740994 0
-0.8259614863949629 -0.4183688814333169 0
-0.8445553780626012 -0.4582642376401114 0
-0.1885070956970208 0.7114958168504832 0
-0.4978493600194123 0.7548880077930468 0
-0.5216142484556426 0.4725194068920855 0
0.6922822404281366 -0.6055410759033297 0
-0.4953036142570895 0.3390619950538599 0
0.1784292290991033 -0.8452238660368081 0
0.5984553488935586 0.06943692461755217 0
-0.2145431459392275 0.8447553396673483 0
-0.6874627384071206 0.1971951946908858 0
-0.8910205497068807 -0.1893121193552988 0
-0.9179207492108845 -0.1602173572460247 0
-0.9261608483903961 -0.1987536321587142 0
-0.008563173758053122 0.712309979899171 0
-0.18427657969506 -0.2235202292138238 0
-0.4938934421233628 0.02738998005320065 0
0.03701352237863857 -0.8384548697533931 0
0.1643361765163706 -0.5707258836113696 0
0.7145029150524728 -0.01166806968981267 0
0.2493725351747525 0.5205332512686065 0
-0.3266347799707504 -0.008957822623093321 0
-0.7118931428888273 -0.08491008042185325 0
0.5453640233230407 0.4402424201187017 0
-0.3120692908007193 -0.3873585440948513 0
-0.7128332576604173 0.122871263093941 0
-0.4267066844027518 -0.617925564684455 0
0.6102004936846399 0.3143802340462539 0
-0.7762595560419953 -0.06293856563264751 0
0.5627498566645388 -0.5615023308977696 0
0.8168599642788072 0.07786854995266448 0
0.9081267474630235 0.1283930141729624 0
-0.1838065221428991 -0.3274109007466507 0
0.08851886391315333 -0.8966360577286814 0
0.03184289197116224 0.304342518736309 0
0.5389809661234701 -0.7449749754333898 0
-0.3167698643971354 0.6515481735339431 0
-0.4140214247723158 -0.5807635988959021 0
-0.5211441910632899 0.3686287351305655 0
0.6365111278227109 0.1809228221709491 0
-0.8416610821314878 0.1668708000462168 0
-0.5065787017821282 -0.009771985772742537 0
-0.5296020736107261 -0.6035580688502007 0
0.3804556481494135 -0.04286313604103369 0
0.04828861040436331 -0.4896208893687567 0
0.3193796363775597 -0.7481263234178102 0
0.6106705510436193 0.2104895622593627 0
-0.5864507187070475 0.5983815927961267 0
-0.2011923553740897 0.6743338509730754 0
0.4476424050733625 -0.6881786801247236 0
0.5594594551831521 0.1657323705437406 0
0.2611166089786737 0.7654756244593053 0
-0.9059278737663666 -0.1227838156533649 0
0.5599295126171194 0.06184169879924752 0
0.7915507537252272 0.003523690550412599 0
0.751148522176461 0.4114898433044842 0
-0.3007942033262635 -0.038524562668645 0
0.5448939659992097 0.5441330919654516 0
0.364479986623858 0.647209600309304 0
0.534088935933984 0.09140843885860001 0
0.2752131120841116 0.4909665111565367 0
0.01915763226961283 0.2671805528513753 0
0.03043271985395052 0.6160145339368308 0
-0.392411364982916 0.3246857065819074 0
0.6487263300307842 0.3219754598755149 0
-0.4830884121617403 0.4801146326924176 0
0.1873564092452048 0.02305140665696016 0
0.7271881747105932 0.02549389611425449 0
-0.2749536266850888 -0.06809130273507127 0
0.1234600536364222 -0.05886775081286839 0
0.3579054727286157 -0.7405310976134389 0
0.08493421720777955 -0.0664629767099064 0
0.2041431485390352 -0.8741481532362401 0
-0.8157435492608587 0.137258284005689 0
-0.04661895275647938 0.60082408234314 0
-0.5192639614496661 -0.04693395160883718 0
-0.2397181917101388 0.6667386251602557 0
-0.81294235593787 -0.3822134200450413 0
0.06097387006414638 -0.4524589235298625 0
0.07365912970793217 -0.4152969576794077 0
-0.287638886353957 -0.1052532685665262 0
-0.1217903961126579 0.170070943819663 0
-0.4431524035229572 0.1760378433397907 0
-0.5319492211242514 -0.08409591745018338 0
0.3964313090666195 -0.7329358717995984 0
-0.008093116445108042 0.6084193081388622 0
0.5500645348390012 -0.5986639813812381 0
0.06278046560524586 -0.8675533157523077 0
-0.2007222981735434 0.5704431791313576 0
-0.5704750574110864 -0.0916911432391648 0
-0.4704031524897441 0.5172765985273137 0
-0.2655587683880706 0.6963053652189106 0
0.05956369793265352 -0.1407869084153587 0
0.3903205632794401 0.6176428603094291 0
0.09808953435052913 -0.1331916824955893 0
-0.1086350790844656 0.1033422378546936 0
-0.3412002692584047 0.3694428983146564 0
0.5322087063103011 0.5069711260581469 0
0.00929271676624403 -0.3933254434526363 0
0.7544389233552917 -0.3157448584600284 0
-0.1955516669124465 -0.5723542099733268 0
-0.3040846047424602 0.688710139405258 0
0.5373788918045415 -0.6358240025227331 0
-0.06963918545741676 0.007046791875903027 0
0.07271901500968081 -0.2075156142303816 0
-0.8284163510750573 0.1000889079567328 0
0.339579525036065 0.4689949969328581 0
-0.1720613774358249 -0.08246759126956438 0
-0.6987378259701332 -0.1516387863426364 0
-0.15937611776222 -0.04530562541744683 0
-0.07245952939133153 0.630390822410459 0
-0.3153596923513173 0.3398761581893009 0
0.4349571454162138 -0.7253406459995306 0
-0.09406958989776812 -0.2750584833658515 0
-0.4318773161551018 0.5248718243308208 0
0.3546150715049979 -0.01329639599506082 0
0.6614115897282519 0.3591374257740134 0
-0.2340775031661176 -0.5799494357727872 0
0.7798094425716672 -0.2414209269537 0
0.7894886014813585 0.4189315874833682 0
0.8276166227784391 0.4237207922051474 0
0.8446367215119528 0.4616987522075621 0
-0.5831603170739081 -0.1288531090778546 0
0.4955630996390704 0.0838132130301131 0
0.4866382988324614 -0.7844741261963845 0
0.7657095381680921 0.03309064868373541 0
0.3287744948588872 0.01627034404202668 0
-0.4046265672355403 0.1836330691458156 0
-0.0452087806682861 0.2891520671381866 0
0.4415316591568185 0.6624000519263213 0
-0.3552957007549958 0.6439529477220087 0
-0.5573197404564332 -0.1584198491183837 0
-0.2641485966630372 0.3846333499306158 0
-0.7114230856261557 -0.1888007522465202 0
0.2902486585610832 0.008675118244281552 0
-0.2599180799400611 -0.5503826957460036 0
-0.5352360184768806 0.6431205018454405 0
0.7412836063267145 -0.2490161527950189 0
0.6773872508353627 -0.3309353101288545 0
-0.3811362774715339 0.6735196877719326 0
0.2517228222589871 0.001079892438278364 0
0.1746711496106229 -0.01411055917198501 0
0.6017457503259667 -0.6577977767465298 0
-0.5700050001177008 -0.1955818149790011 0
-0.3661007309430977 0.1912282949477095 0
-0.2383080197548157 0.3550666097942746 0
0.4673722358867948 0.63283331198077 0
0.2258822455697296 0.03064663247001883 0
-0.4708732098155769 0.6211672702592361 0
0.4706626377624326 -0.09440139039522061 0
-0.4323473734843082 0.6287624960877439 0
-0.3862095053536782 -0.8176070121050023 0
0.6647019911915014 -0.3680972758687123 0
-0.5826902597886096 -0.2327437808364184 0
-0.2392481344736853 0.5628479533599335 0
0.460497903260817 -0.7548050427394555 0
-0.3743783091769846 -0.780892454311419 0
-0.1434004564720624 -0.7353783613847287 0
-0.5953755194567159 -0.2699057467096521 0
-0.341670326565881 0.4733335700271438 0
-0.1744116642538428 0.4369857673760789 0
-0.3275748946514715 0.1988235207514175 0
-0.2744835693975238 -0.1719819744763015 0
-0.3289850668268173 0.5104955358748983 0
-0.3256946653442407 -0.2167391662776872 0
-0.2617983097229415 -0.1348200086957666 0
-0.169241033006797 -0.7058116214230419 0
-0.6080607791333255 -0.3070677125750998 0
0.6379212998708357 -0.1307491929361866 0
-0.2646186539134378 0.4885240216133829 0
-0.6207460396152749 -0.3442296771199709 0
-0.3359902796894895 -0.7733948105402817 0
-0.3111291756876086 -0.595139887385011 0
-0.1950816095943873 -0.676244881482331 0
-0.762632081242246 -0.233556107841459 0
0.599395463606608 -0.1383444188127401 0
-0.289049058362191 0.2064187465666801 0
0.6778500237730705 -0.4348234951151371 0
0.7384632624932759 0.3743278774367012 0
0.1361453132686644 -0.02170578499771163 0
-0.4281168573239456 -0.3062535497221358 0
-0.4539574339703947 -0.2766868094440915 0
-0.7508890366774612 0.01138536575383868 0
-0.3233371701477405 -0.7362025323563983 0
-0.5737612540276464 0.6355222288998907 0
0.6125507806191496 -0.2050731245265955 0
-0.4967131858067829 0.6507309632081472 0
-0.7367927584911215 -0.2631239440391812 0
-0.517853789239121 -0.3586059677789633 0
-0.2505232220533433 0.2140139723628925 0
-0.349655011964552 -0.6027351131795631 0
-0.2119973857419482 0.2216091981445218 0
0.599865520953174 -0.2422350903314663 0
-0.7879781869331428 -0.3078975883042595 0
-0.2462925974782507 -0.7210026209365616 0
-0.2336074278387125 -0.6838401985886408 0
0.7126226857796635 0.4038946174928357 0
0.03419317870427206 -0.2151108400878113 0
-0.2519333941853381 0.5256859874707178 0
-0.1344756557630056 0.132908977998373 0
0.5613396846790307 -0.2498303162284895 0
-0.7621352917093864 -0.3374687831544619 0
-0.1861568090859347 0.1920424581321397 0
-0.2848165662289114 -0.7286028937460586 0
0.7783838342432394 0.07025635692694528 0
-0.147630972760761 0.199637683870481 0
-0.08138433026184723 -0.2378965175701625 0
-0.004332657603560008 -0.2227060659166148 0
-0.1213203388296434 0.06618027213653609 0
0.574495001697637 -0.3165590219207417 0
-0.04285849392074655 -0.2303012917352047 0
0.8416902121573953 0.2559429003815537 0
0.8777646982980394 0.2608032399099894 0
0.8932971504731647 0.2984757398372551 0
0.7159130870923665 -0.3233400842903274 0
0.5618097420231098 -0.353720987734238 0
-0.0954797621225766 0.03661353200717152 0
0.5232839057403896 -0.3613162136710426 0
0.7910641043245001 0.1074200259647522 0
-0.599488423471057 0.6643671732521533 0
-0.1048746202563552 -0.7277831356902594 0
0.3137389482511328 0.4985617370423122 0
0.4697225229626112 0.1133799530663449 0
-0.1325954262232329 -0.2826537092019114 0
0.3781053611621862 0.4765902229059314 0
-0.2096470987778511 -0.2978441608547554 0
0.5364392227669452 -0.4280449193599866 0
0.8037564455891775 0.1445795745126565 0
-0.2481729351014412 -0.3054393866539262 0
0.4438819462920514 0.1429466931171258 0
0.5185854670020997 0.6775759025507716 0
-0.4182519417328218 0.3542524466570401 0
-0.06634878400647976 -0.7201879098895869 0
-0.1711212625162009 -0.2902489350289111 0
-0.2866987714759773 -0.3130346124623361 0
0.5237539630777908 -0.4652068851715054 0
0.4180413696282746 0.1725134331441535 0
0.5567231477018029 0.6850165910720177 0
0.8164490129435683 0.1817390459010914 0
0.3922007929840124 0.2020801731795398 0
-0.02782294773624058 -0.7125926841011628 0
0.8289882631060262 0.2187686740224027 0
0.4039459378283548 0.4470234828431827 0
0.4852281268128282 -0.4728021110860286 0
-0.5690648369320912 -0.4033632177947304 0
-0.3632803867361976 -0.4321157358069518 0
0.4048860525991642 0.2392421390678374 0
0.3912606782175406 0.4098615169500524 0
0.01070288852739742 -0.7049974583180801 0
0.4175713121925018 0.276404104989644 0
0.3917307356129731 0.305970845111599 0
0.4044159952290657 0.3431328110258605 0
0.4171012548530512 0.3802947769099609 0
0.4725428671661966 -0.5099640768228885 0
0.04922872484639912 -0.697402232502385 0
-0.3754955886404859 -0.5731683732274322 0
0.08775456113133964 -0.6898070067402421 0
0.126280397426451 -0.6822117808847149 0
-0.4013361652637001 -0.5436016332183208 0
0.1389656571003393 -0.6450498151584461 0
0.4340170308007004 -0.5175593027092085 0
0.177491493456339 -0.637454589261513 0
0.1901767531410773 -0.6002926234998753 0
0.3954911944685198 -0.5251545285347403 0
-0.3886509056890142 -0.5064396674149472 0
0.3569653581458916 -0.5327497543450992 0
0.3184395218176272 -0.5403449801485726 0
0.241387849154813 -0.5555354318494282 0
0.2799136854792086 -0.5479402059889096 0
0.2287025894659587 -0.592697397584383 0
-0.7504189792814238 -0.09250530593320835 0
-0.724578402643417 -0.1220720460640952 0
-0.4144914824356321 -0.4768729273725689 0
-0.4403320593178317 -0.447306187278047 0
-0.504228350095677 -0.5292254936136562 0
-0.5554461829243108 -0.5739998559086488 0
-0.6714153867899082 -0.4928770164299191 0
-0.6334312836511928 -0.3813916641017619 0
-0.6972782131833155 -0.4633201652010592 0
-0.6461164766323129 -0.4185536880728908 0
0.02902543830449904 0.9276718884505331 0
-0.9458899879049811 0.1747436743578563 0
0.8644371532704016 0.3302487183178245 0
-0.7585048651510293 -0.5456518822659602 0
-0.5935816616605422 -0.6847306459845977 0
0.9172190212655166 -0.2798391045156212 0
0.5801784028111792 -0.7293615578377013 0
0.5421282782891533 -0.7806763528719394 0
-0.01880422975633725 0.9575684773807063 0
0.9200436483037231 -0.1444343892037135 0
0.9477069632198776 -0.1694794095909005 0
-0.3877860259517963 0.8814828194392021 0
0.6249353038647829 -0.6859701922953617 0
-0.7304662908523506 0.6000392363228102 0
0.23497501590105 0.8956211098246142 0
0.4223427237682165 0.8349165329575459 0
-0.09299652266934161 -0.9622285710813698 0
-0.4559783769816434 -0.8530755449109781 0
0.09639278947878288 -0.9612741793382492 0
-0.7471777264117927 -0.6116844949130633 0
0.6136436655549888 -0.7477269668343751 0
-0.6127555970106677 0.7487020430234145 0
0.7469929283534595 0.614277598702665 0
0.09492657539551694 0.9629596789943957 0
-0.09538883452129993 0.9628630903981399 0
-0.926693807771632 0.2811248365552192 0
-0.9648255747975725 -0.01635134777031029 0
0.01903004183266884 -0.9673826520744209 0
-0.5521867073982298 0.7927229751619758 0
0.7943045898632737 0.5532763637333902 0
-0.521888791152793 -0.8134229058218204 0
-0.8146148170333702 0.5207032593947333 0
0.5215727835784205 0.8147899220665724 0
-0.1716409340890663 0.952353762310625 0
-0.8862214476466118 -0.3876412142118429 0
0.3820030460256323 -0.8798412882318158 0
0.8869478523278499 0.3874669043097976 0
0.9281533325251017 0.2838182666111015 0
-0.05694526796907123 -0.9656145204073883 0
-0.1726059795594176 -0.9494255439342602 0
0.3530954745178925 0.9001676530275426 0
0.2049058751095769 0.9468600546947326 0
0.3879492057353014 0.8862317143817665 0
0.7669818799541408 -0.4847240116672003 0
0.6847569634925238 0.6384698278341202 0
-0.9309484379802624 0.008630415882986395 0
-0.2784657155468905 0.9315533942311781 0
0.1738625295175786 -0.9501549318036229 0
-0.3967900445242963 0.8428646850915374 0
-0.9277886933578094 -0.2802706305643959 0
-0.7343252399422191 -0.5747241528603896 0
-0.6059109220189445 -0.7196535212825217 0
0.7707032663059326 -0.5859219659179604 0
0.8561445192829347 -0.4595577881520792 0
-0.8537363465844109 0.4563315828335239 0
-0.9016573497338281 -0.2255598788964498 0
-0.8099799898581264 -0.486362674280382 0
0.1125487051072011 -0.9255732894632268 0
-0.4353426818068297 0.8347476530429276 0
0.6064403120503081 0.7262813323190856 0
-0.8499074101746437 -0.3872909933490739 0
0.9306504698934022 -0.106443603976543 0
-0.670149378941223 -0.6982547861812137 0
-0.9531174229023837 -0.1751375928779898 0
0.4567386375206492 0.8544978923430642 0
0.07348771980354291 -0.9315168943280012 0
0.5159716467673578 0.7793608024966737 0
0.2283419226022474 -0.9031005180309504 0
-0.7692083815626136 0.5892509869875433 0
0.9393695556520822 -0.2066878259034733 0
-0.7952433008625968 -0.5525341055568587 0
-0.5804091910806058 0.7326165022467495 0
0.734446497841809 0.5791409643992627 0
0.9548968246531876 0.1705229372784394 0
-0.6246295812132142 0.6905327502433396 0
-0.1493285882200002 0.9231663006513561 0
0.7088736978029038 0.6088211247749808 0
-0.9166915631137028 -0.3178809274532144 0
-0.9280993078340194 0.111690234564281 0
-0.9656996278558194 -0.09511311178803587 0
0.0571394852255817 0.9689078408461889 0
0.6969765563339309 -0.6751296322699019 0
0.4605945686780496 -0.8545436542967908 0
0.2865890188467162 -0.9256346660749364 0
0.1730450840134637 0.9580560794472671 0
0.697780166119911 0.6729169338823525 0
0.9022613996789965 0.2306541742552697 0
0.9048497789002317 0.02390322615073444 0
0.9695886795683021 0.01840922472872375 0
0.932784219796152 -0.005958166720623818 0
-0.2090901554737783 0.9461909322491158 0
-0.4862298440584881 -0.8013582450441401 0
-0.1107266014048388 0.9299601408883357 0
0.7590771027687332 0.5500789238804078 0
0.9668903461910697 0.09589118127062726 0
-0.5218072606466961 0.7788730983728409 0
-0.7982025857127019 0.4883096545242461 0
-0.109987816783007 -0.930380009240659 0
0.03539992606207187 -0.9367126365718821 0
-0.6317775060845008 -0.6911005835358704 0
0.8513713919085735 0.3902385243404797 0
0.9643245878246898 -0.09896842473821962 0
-0.9680779319375987 0.05559194242780734 0
-0.7015183282873207 0.6733561538017102 0
0.7989767909878829 -0.4756870460861413 0
-0.2237160556597867 0.909098093558812 0
0.816505294725214 0.4863177373391658 0
0.2118497792787312 -0.9433094059261267 0
0.8870984087675723 -0.3958377359520644 0
0.6686700931199385 0.7009303622049179 0
-0.07334131603088667 0.9349332659163858 0
-0.7828820378560694 -0.5161661977444714 0
-0.9349446100816893 0.2108352259483193 0
-0.3945935126567874 -0.8490644430906221 0
0.3193133554878705 -0.9217391256850498 0
-0.4542837221736381 0.8597108785666245 0
-0.9351718818321588 -0.02841026233686438 0
0.9221263942798918 0.3168671877354772 0
-0.2589777343716344 0.9015483120495563 0
-0.6145116010323055 -0.7536675497755558 0
-0.3502168185659968 -0.9063728827919771 0
-0.9639384339116446 0.09662555322227911 0
0.7799226069474129 0.5248673213327447 0
-0.8875218445271145 0.3282989241827373 0
-0.7830582078818064 0.5202713747156725 0
0.1078576140437571 0.9338309592273474 0
0.7537710886352669 -0.6186039430824564 0
-0.2090005055262174 -0.9525704369749923 0
0.3299380894048204 0.8785966982718846 0
0.6317435683406769 0.6963725821002528 0
-0.8693852283667233 -0.3611873140018992 0
-0.2821231970151507 -0.9325433389452464 0
0.4927845385724521 0.8022549155786466 0
0.9677639526784131 -0.05423159833278925 0
0.821831453784905 -0.5260885343921635 0
0.001728793881941744 -0.9417409403922511 0
0.6107032397808549 -0.715040936500656 0
-0.7534683257860828 0.6198735355437246 0
-0.8416496038727099 -0.4941322943455392 0
0.3940564385949865 0.8555862724446764 0
-0.8971329571516711 0.2916154585312751 0
-0.8868871204444981 0.3968713351684051 0
-0.909665930657315 0.3507913543393336 0
0.2829186451280023 0.9337714472651946 0
0.3431397679607094 -0.8727952250734106 0
0.514370656427233 -0.7731945397974906 0
0.8683621809505677 0.3626359492687117 0
0.4942780636461814 -0.8433194149510481 0
-0.6104839749039371 0.7183742178685162 0
-0.9069313952149032 -0.2571985431134321 0
0.8867116243622171 -0.3305187535203725 0
-0.590286720172562 -0.7797915035449049 0
-0.4608594841111757 -0.8236586863160533 0
0.2116358779578418 0.9167742897220889 0
0.6205402752135618 0.7549810358378255 0
-0.5003307970593742 0.8340021725520981 0
0.8426608425954447 0.4951021456242675 0
-0.1442988967665421 -0.930820913218573 0
-0.907592041225204 0.2593767974904946 0
-0.9559047859193914 -0.20973208580564 0
0.9094927388448957 -0.3480827595788085 0
0.6784673035622319 -0.7056478305959828 0
0.8591943749388906 -0.3916991288304252 0
0.5590034526076108 -0.802587345250707 0
-0.04142843428038213 0.9394972563316901 0
0.9070616298422168 0.2640583866121619 0
-0.944427059279503 0.03754805618794472 0
$EndNodes
$Elements
5 4928 1 4928
1 1 1 40
1 1 5 
2 5 6 
3 6 7 
4 7 8 
5 8 9 
6 9 10 
7 10 11 
8 11 12 
9 12 13 
10 13 14 
11 14 15 
12 15 16 
13 16 17 
14 17 18 
15 18 19 
16 19 20 
17 20 21 
18 21 22 
19 22 23 
20 23 24 
21 24 25 
22 25 26 
23 26 27 
24 27 28 
25 28 29 
26 29 30 
27 30 31 
28 31 32 
29 32 33 
30 33 34 
31 34 35 
32 35 36 
33 36 37 
34 37 38 
35 38 39 
36 39 40 
37 40 41 
38 41 42 
39 42 43 
40 43 2 
1 2 1 40
41 2 44 
42 44 45 
43 45 46 
44 46 47 
45 47 48 
46 48 49 
47 49 50 
48 50 51 
49 51 52 
50 52 53 
51 53 54 
52 54 55 
53 55 56 
54 56 57 
55 57 58 
56 58 59 
57 59 60 
58 60 61 
59 61 62 
60 62 63 
61 63 64 
62 64 65 
63 65 66 
64 66 67 
65 67 68 
66 68 69 
67 69 70 
68 70 71 
69 71 72 
70 72 73 
71 73 74 
72 74 75 
73 75 76 
74 76 77 
75 77 78 
76 78 79 
77 79 80 
78 80 81 
79 81 82 
80 82 3 
1 3 1 40
81 3 83 
82 83 84 
83 84 85 
84 85 86 
85 86 87 
86 87 88 
87 88 89 
88 89 90 
89 90 91 
90 91 92 
91 92 93 
92 93 94 
93 94 95 
94 95 96 
95 96 97 
96 97 98 
97 98 99 
98 99 100 
99 100 101 
100 101 102 
101 102 103 
102 103 104 
103 104 105 
104 105 106 
105 106 107 
106 107 108 
107 108 109 
108 109 110 
109 110 111 
110 111 112 
111 112 113 
112 113 114 
113 114 115 
114 115 116 
115 116 117 
116 117 118 
117 118 119 
118 119 120 
119 120 121 
120 121 4 
1 4 1 40
121 4 122 
122 122 123 
123 123 124 
124 124 125 
125 125 126 
126 126 127 
127 127 128 
128 128 129 
129 129 130 
130 130 131 
131 131 132 
132 132 133 
133 133 134 
134 134 135 
135 135 136 
136 136 137 
137 137 138 
138 138 139 
139 139 140 
140 140 141 
141 141 142 
142 142 143 
143 143 144 
144 144 145 
145 145 146 
146 146 147 
147 147 148 
148 148 149 
149 149 150 
150 150 151 
151 151 152 
152 152 153 
153 153 154 
154 154 155 
155 155 156 
156 156 157 
157 157 158 
158 158 159 
159 159 160 
160 160 1 
2 11 2 4768
161 51 52 1995 
162 191 16 2140 
163 217 2031 2071 
164 165 1377 2327 
165 194 1586 2337 
166 77 78 2411 
167 219 1383 2050 
168 2016 1379 2334 
169 1378 207 1567 
170 223 1993 1994 
171 1393 187 1410 
172 1898 217 2071 
173 1380 203 1605 
174 167 2054 2306 
175 1502 199 2440 
176 79 163 2300 
177 197 111 1407 
178 223 1994 1995 
179 2054 167 2305 
180 1586 1588 2337 
181 94 95 2020 
182 1410 187 2393 
183 207 1378 2367 
184 189 94 2020 
185 9 10 1413 
186 199 1502 1575 
187 198 1765 1766 
188 196 1381 2299 
189 1381 196 2307 
190 198 1766 2352 
191 205 1386 1387 
192 161 1467 1469 
193 220 1390 2376 
194 203 1380 2304 
195 1384 206 1385 
196 52 223 1995 
197 62 63 1401 
198 78 2300 2411 
199 1553 172 2363 
200 195 1690 2432 
201 1897 185 1898 
202 155 156 2368 
203 1645 179 2304 
204 1377 165 2370 
205 153 154 2304 
206 161 1469 2383 
207 27 28 1404 
208 28 208 1404 
209 2232 222 2301 
210 1390 1392 2376 
211 163 1514 2300 
212 2139 191 2140 
213 16 17 2140 
214 2334 1379 2443 
215 222 2232 2416 
216 218 125 2346 
217 199 1575 2353 
218 111 112 1407 
219 1383 219 2372 
220 2314 1553 2363 
221 2 44 2307 
222 211 62 1401 
223 1410 219 2050 
224 190 2016 2334 
225 1398 214 2143 
226 1575 1499 2353 
227 216 1932 2405 
228 78 79 2300 
229 1932 216 2421 
230 182 1394 2024 
231 10 176 1413 
232 196 2299 2379 
233 206 1384 2351 
234 53 54 2310 
235 1690 1691 2432 
236 1995 1996 2417 
237 1386 205 1405 
238 2400 159 2432 
239 9 1413 2372 
240 1395 182 2024 
241 1690 195 2388 
242 2299 1465 2379 
243 1029 1996 2009 
244 1385 206 1388 
245 197 1407 2412 
246 51 1995 2345 
247 2345 1995 2417 
248 156 2309 2368 
249 2366 1919 2406 
250 1691 2400 2432 
251 178 1531 1532 
252 210 1396 2311 
253 1898 185 2378 
254 1389 183 1560 
255 2019 189 2020 
256 170 1766 2403 
257 2327 1377 2394 
258 1513 1502 2440 
259 81 2401 2420 
260 1918 218 2346 
261 1373 2355 2410 
262 1371 1414 2338 
263 1766 170 2352 
264 154 203 2304 
265 179 153 2304 
266 1378 2312 2367 
267 2350 2303 2398 
268 1380 1645 2304 
269 1993 223 2310 
270 205 1387 2450 
271 157 164 2309 
272 2367 2312 2436 
273 2386 1273 2388 
274 1396 210 2460 
275 193 2325 2344 
276 2339 1365 2341 
277 187 1393 1411 
278 2031 217 2362 
279 179 1645 2449 
280 2401 1847 2420 
281 196 2 2307 
282 44 188 2307 
283 202 1530 1531 
284 1548 2408 2428 
285 2032 173 2354 
286 1042 1048 1532 
287 208 1402 1404 
288 1996 1994 2009 
289 174 2366 2406 
290 2344 2325 2415 
291 2338 1414 2426 
292 203 155 2368 
293 1971 1970 2382 
294 156 157 2309 
295 1401 63 2402 
296 201 77 2411 
297 1364 2389 2404 
298 125 126 2346 
299 54 192 2310 
300 223 53 2310 
301 1605 203 2368 
302 1530 1271 1531 
303 1996 1029 2010 
304 217 1898 2378 
305 2355 213 2410 
306 2408 184 2428 
307 1505 2422 2439 
308 1531 1271 1532 
309 214 1398 2446 
310 1365 2339 2427 
311 2422 177 2439 
312 195 2387 2388 
313 1971 2382 2413 
314 1995 1994 1996 
315 2389 175 2404 
316 202 1414 1530 
317 1588 2315 2337 
318 1406 178 1532 
319 151 1647 2407 
320 1411 2386 2388 
321 197 1565 2316 
322 1412 180 1562 
323 185 1897 2415 
324 174 1970 2366 
325 173 2032 2458 
326 1048 1406 1532 
327 1271 1042 1532 
328 2387 1411 2388 
329 1400 56 2454 
330 183 1389 2402 
331 2315 1588 2396 
332 181 2350 2398 
333 190 1397 2016 
334 221 2334 2443 
335 1971 221 2443 
336 1384 1394 2351 
337 221 1971 2413 
338 1560 183 2312 
339 2318 227 2349 
340 1647 151 2459 
341 2020 95 2437 
342 56 1400 2414 
343 1531 178 2430 
344 1970 174 2382 
345 164 2308 2309 
346 1509 201 2411 
347 215 1399 2454 
348 172 1553 2431 
349 73 1513 2440 
350 1409 1054 1416 
351 218 1918 2356 
352 1513 73 2441 
353 1405 1272 1536 
354 1386 1405 1536 
355 1586 194 2434 
356 2143 214 2444 
357 1408 1409 1416 
358 2317 2356 2364 
359 231 228 1408 
360 2340 1469 2452 
361 1469 2340 2383 
362 1991 2347 2357 
363 170 1388 2433 
364 166 2318 2349 
365 1499 171 2353 
366 1385 1388 2342 
367 1514 163 2377 
368 1390 220 2429 
369 231 1408 1416 
370 1399 1400 2454 
371 1394 182 2425 
372 1565 197 2412 
373 2317 218 2356 
374 228 226 1408 
375 1054 1409 2303 
376 189 2019 2359 
377 2232 2231 2464 
378 1562 204 2313 
379 2010 1029 2028 
380 1276 2010 2028 
381 171 1499 2395 
382 1416 1288 1422 
383 231 1416 1422 
384 1054 1288 1416 
385 1388 170 2403 
386 1415 229 1421 
387 229 230 1421 
388 1376 1421 2295 
389 1376 1415 1421 
390 232 231 1422 
391 1421 233 2295 
392 2296 1764 2298 
393 1334 1420 2263 
394 238 241 1419 
395 1420 1419 2263 
396 1417 237 1418 
397 237 238 1419 
398 1419 241 2263 
399 1422 1288 2294 
400 234 237 1417 
401 1420 2296 2298 
402 235 1422 2294 
403 233 1417 2295 
404 1376 2295 2297 
405 1418 237 1419 
406 1417 1418 1423 
407 1420 1334 2296 
408 239 1447 2293 
409 1447 235 2294 
410 1439 243 1726 
411 1339 1439 1726 
412 1427 825 1579 
413 1427 1282 1987 
414 1578 1579 2029 
415 825 1427 1987 
416 1435 1424 2044 
417 986 1424 1578 
418 986 1578 2029 
419 1282 1707 1987 
420 1579 825 2029 
421 1447 1278 2293 
422 1424 986 2044 
423 1435 902 1437 
424 1056 1096 1474 
425 902 1435 2044 
426 1096 1425 1474 
427 1283 1284 2207 
428 1437 902 1445 
429 1430 1391 2096 
430 257 258 2183 
431 2047 998 2289 
432 957 1430 2096 
433 1418 1419 1420 
434 261 262 2181 
435 249 1432 1797 
436 1432 1283 1797 
437 1832 1831 1966 
438 257 1431 1831 
439 1153 1832 1966 
440 1831 1431 1966 
441 1545 1549 2256 
442 1797 1283 2207 
443 1642 767 2070 
444 1252 1385 1473 
445 1431 257 2183 
446 877 1517 1845 
447 1282 1474 1707 
448 1433 261 2181 
449 1904 926 1905 
450 1282 1056 1474 
451 1552 1366 1554 
452 1446 1902 2011 
453 1884 1885 2264 
454 1905 926 2047 
455 1285 1641 1642 
456 1366 1255 1554 
457 1517 1518 1845 
458 269 270 2126 
459 1633 1641 1968 
460 1425 1096 1490 
461 1443 1444 1879 
462 1590 1306 2196 
463 1641 1285 1968 
464 269 1443 1879 
465 926 1904 2201 
466 1904 1446 2201 
467 1426 821 1554 
468 900 1632 1633 
469 1285 1642 2070 
470 900 1633 1968 
471 969 1252 1473 
472 1255 1426 1554 
473 1804 1632 1953 
474 1306 969 1472 
475 1632 900 1953 
476 1472 969 1473 
477 1443 269 2126 
478 1448 1303 1871 
479 277 1448 1871 
480 827 1804 1953 
481 766 773 1555 
482 1466 970 1468 
483 1942 597 2152 
484 827 1634 1804 
485 1095 1912 2179 
486 767 1556 2070 
487 1188 1887 2250 
488 256 255 2253 
489 897 988 1535 
490 1458 720 1823 
491 626 624 1639 
492 1843 1845 1846 
493 1306 1472 2196 
494 2193 1428 2206 
495 1289 1458 1823 
496 821 1426 1555 
497 624 622 2033 
498 1096 1097 1490 
499 1639 624 2033 
500 244 243 2292 
501 771 1442 1976 
502 1461 863 1463 
503 1941 1942 2152 
504 771 1440 1442 
505 1442 1912 1976 
506 1549 1403 2256 
507 902 709 1445 
508 709 711 1445 
509 597 1942 2193 
510 1882 1883 2043 
511 1440 771 1486 
512 1429 1231 2025 
513 1883 1066 2043 
514 1902 1446 1904 
515 1905 2047 2289 
516 1231 1429 1887 
517 863 1461 1654 
518 1428 776 2206 
519 2127 1941 2152 
520 1453 495 2015 
521 2212 1430 2220 
522 835 1557 1600 
523 1490 1097 2057 
524 677 802 1572 
525 1251 1470 1535 
526 597 2193 2206 
527 835 1456 1557 
528 1456 835 1570 
529 1637 828 1813 
530 1437 1446 2011 
531 1461 1451 1654 
532 1845 1518 1846 
533 1480 1005 1559 
534 970 1466 1572 
535 255 1882 1952 
536 1559 1453 2015 
537 1912 1442 2179 
538 1517 877 2124 
539 431 348 1571 
540 1457 1456 1570 
541 1952 1882 2043 
542 1065 1459 1471 
543 828 1657 1813 
544 1500 811 1577 
545 901 1014 2069 
546 1432 249 2199 
547 1468 970 1535 
548 1482 1014 1769 
549 1432 2199 2200 
550 1480 1559 2015 
551 258 261 2183 
552 1430 957 2220 
553 1907 2125 2240 
554 1064 1065 1471 
555 1284 1333 2207 
556 1451 812 1654 
557 1679 780 1851 
558 350 352 2168 
559 1244 1060 1556 
560 241 1723 2263 
561 262 265 2181 
562 1519 818 1798 
563 2025 1231 2057 
564 776 1428 2212 
565 843 1005 1481 
566 1634 827 1639 
567 1482 1769 2078 
568 1014 1482 2069 
569 236 235 1447 
570 1005 1480 1481 
571 450 474 2107 
572 243 1439 2292 
573 812 1451 1563 
574 265 1879 2184 
575 308 302 2147 
576 1097 2025 2057 
577 1520 815 1566 
578 767 766 1555 
579 773 821 1555 
580 827 626 1639 
581 776 2212 2220 
582 1615 1328 2165 
583 843 1481 1977 
584 717 1438 2082 
585 1065 1615 2165 
586 1798 815 2017 
587 1463 863 1572 
588 839 843 1977 
589 1534 1539 1850 
590 629 1454 2171 
591 988 1251 1535 
592 2181 265 2184 
593 1885 1182 2264 
594 811 696 1577 
595 970 897 1535 
596 1438 717 2115 
597 1726 239 2293 
598 818 2059 2092 
599 2039 1679 2079 
600 270 273 2126 
601 1791 1794 2083 
602 491 2039 2079 
603 1449 2115 2130 
604 2122 730 2235 
605 1475 548 1477 
606 1519 1798 2017 
607 1603 1851 1990 
608 581 629 2171 
609 327 313 1595 
610 1814 633 2135 
611 2059 1516 2092 
612 2155 1337 2203 
613 273 1871 2128 
614 815 1520 2017 
615 1183 2137 2156 
616 539 1483 1955 
617 1477 548 1594 
618 534 1601 1603 
619 780 1679 2039 
620 818 1519 2059 
621 2170 1049 2175 
622 1566 811 1967 
623 1832 1153 2200 
624 1448 277 2122 
625 2126 273 2128 
626 2199 1832 2200 
627 261 1433 2183 
628 1450 1601 1947 
629 1356 1049 2170 
630 534 1603 1990 
631 1088 1558 1811 
632 831 910 1793 
633 1520 1566 1967 
634 1090 2076 2116 
635 1088 1557 1558 
636 1479 1477 1594 
637 1851 780 1990 
638 1333 1723 2207 
639 1452 553 2154 
640 548 1475 1525 
641 2115 717 2130 
642 1601 534 1947 
643 1521 695 1576 
644 1460 372 1669 
645 1557 1088 1600 
646 339 1449 2130 
647 367 342 1525 
648 1064 1471 1483 
649 802 970 1572 
650 811 1500 1967 
651 898 879 2057 
652 770 1450 1947 
653 1450 770 1700 
654 1516 1517 2124 
655 2114 1698 2218 
656 1669 777 1949 
657 372 1460 1958 
658 812 1563 1704 
659 1457 1570 1571 
660 1570 431 1571 
661 1525 1476 1972 
662 1794 1814 2135 
663 1589 959 1650 
664 622 828 2033 
665 1486 450 2107 
666 695 1521 1577 
667 1458 2151 2164 
668 1534 1538 1539 
669 1790 832 1791 
670 1476 1700 1931 
671 1752 1755 2225 
672 1871 1303 2128 
673 2092 1516 2124 
674 1460 1669 1949 
675 1441 1440 1486 
676 863 677 1572 
677 1887 1429 2250 
678 771 413 1486 
679 1685 1689 2198 
680 348 350 1571 
681 1700 770 1931 
682 413 450 1486 
683 569 571 1538 
684 1649 1183 2156 
685 1215 1488 2236 
686 1563 1523 1704 
687 1541 2175 2190 
688 1452 1312 2191 
689 1453 1307 2119 
690 1437 1445 1446 
691 1487 777 1849 
692 1449 339 2151 
693 1426 1244 1556 
694 2127 529 2290 
695 1483 1471 1955 
696 1491 807 1522 
697 830 1665 2117 
698 1791 1793 1794 
699 1752 1754 1755 
700 777 1487 1949 
701 720 1458 2164 
702 606 727 1869 
703 807 643 1522 
704 1749 927 2090 
705 544 587 2169 
706 268 267 1753 
707 255 1952 2253 
708 1521 1576 1934 
709 877 710 2124 
710 591 545 2133 
711 553 2136 2154 
712 342 548 1525 
713 1576 807 1934 
714 696 695 1577 
715 1657 1089 1813 
716 1476 1931 1972 
717 1425 1490 1928 
718 2111 784 2113 
719 828 1637 2033 
720 2119 1307 2136 
721 879 1490 2057 
722 1490 879 1928 
723 1089 1673 2129 
724 838 1485 1796 
725 594 2157 2233 
726 1612 591 1876 
727 1221 1604 2219 
728 1823 1095 2179 
729 100 101 209 
730 139 140 210 
731 1487 1849 1939 
732 2191 1312 2209 
733 61 62 211 
734 1849 373 1939 
735 927 2088 2090 
736 22 23 212 
737 1523 808 1704 
738 629 1590 2196 
739 2151 339 2164 
740 1774 1771 1927 
741 1594 327 1595 
742 767 1555 1556 
743 1571 350 2168 
744 1614 1613 2182 
745 997 901 2069 
746 1427 1579 1667 
747 1792 880 1869 
748 1372 1589 1650 
749 2058 1792 2065 
750 98 99 166 
751 137 138 167 
752 2100 1671 2224 
753 313 308 1595 
754 1466 1463 1572 
755 1004 1774 1927 
756 1556 1060 2070 
757 1612 1876 2005 
758 1752 1753 1754 
759 997 1484 2065 
760 59 60 165 
761 571 719 1538 
762 20 21 168 
763 1305 1665 1796 
764 1522 643 1533 
765 838 839 1977 
766 1595 308 2147 
767 2137 1539 2156 
768 1644 1807 2158 
769 1488 651 2236 
770 271 268 1753 
771 832 831 1793 
772 271 1751 1757 
773 1315 1528 2112 
774 495 1453 2119 
775 1846 1518 1847 
776 597 552 2152 
777 1604 648 2219 
778 807 1491 1934 
779 2197 2074 2215 
780 1484 2058 2065 
781 1485 1305 1796 
782 2175 1049 2190 
783 1479 1594 1595 
784 1651 1452 2154 
785 1749 2111 2113 
786 2088 1689 2090 
787 1750 784 2111 
788 1227 1661 2194 
789 910 1163 1793 
790 1586 1582 1587 
791 1586 1587 1588 
792 1879 1444 2184 
793 832 1790 1869 
794 272 271 1757 
795 1485 838 1977 
796 1241 1337 2155 
797 2136 1307 2154 
798 808 1523 1568 
799 2192 500 2214 
800 1484 997 2069 
801 602 1524 1542 
802 249 250 2199 
803 1579 1281 1667 
804 1753 267 1754 
805 953 1052 2121 
806 1526 373 1778 
807 1604 1326 2228 
808 1751 271 1753 
809 927 1749 2113 
810 373 1526 1939 
811 1528 1010 2112 
812 765 767 1642 
813 583 585 1590 
814 367 1525 1972 
815 1272 980 1536 
816 1459 1065 2165 
817 1661 714 2194 
818 1127 1622 1925 
819 2076 1483 2116 
820 952 1545 2256 
821 474 504 2107 
822 1159 1623 1950 
823 1568 1099 1692 
824 1533 716 1974 
825 1470 1468 1535 
826 1159 1622 1623 
827 83 84 185 
828 122 123 186 
829 5 6 187 
830 880 606 1869 
831 1587 959 1589 
832 1640 826 1641 
833 275 272 1757 
834 1488 1489 2245 
835 1791 832 1793 
836 602 569 1538 
837 1615 952 2249 
838 1527 627 2080 
839 1524 602 1534 
840 1661 1323 2204 
841 808 1568 1692 
842 1665 1305 2117 
843 91 92 220 
844 130 131 221 
845 85 86 217 
846 124 125 218 
847 13 14 222 
848 7 8 219 
849 1183 1649 2118 
850 1536 980 1537 
851 1475 1476 1525 
852 957 822 2220 
853 1827 2085 2166 
854 52 53 223 
855 727 832 1869 
856 553 1452 2191 
857 1067 1773 1838 
858 1677 1679 1851 
859 1271 1530 1759 
860 784 1750 2123 
861 44 45 188 
862 1197 1614 2182 
863 1289 1823 2179 
864 651 2234 2236 
865 1622 1159 1925 
866 1162 1663 2120 
867 1454 629 2196 
868 46 47 224 
869 1838 1713 1923 
870 1231 898 2057 
871 1264 1395 2024 
872 1641 826 1642 
873 1094 1706 2098 
874 648 2211 2219 
875 2052 1915 2106 
876 1813 1089 2129 
877 1497 1500 1577 
878 2228 1326 2234 
879 629 583 1590 
880 1201 2074 2138 
881 1127 1620 1622 
882 768 1721 2014 
883 826 765 1642 
884 722 1542 2003 
885 275 1757 1929 
886 2125 514 2240 
887 401 438 1672 
888 776 617 2206 
889 2083 1794 2135 
890 1052 1569 2121 
891 826 1640 1643 
892 1239 1241 2205 
893 1895 1785 1946 
894 325 720 2164 
895 1771 1773 1927 
896 1712 1309 1713 
897 1441 1486 2107 
898 1713 1309 1923 
899 488 763 1643 
900 715 1540 1541 
901 1876 591 2133 
902 588 634 1710 
903 302 627 2147 
904 2245 1489 2254 
905 1521 1497 1577 
906 1773 1067 1927 
907 860 1609 1610 
908 867 1210 1540 
909 1526 1778 1913 
910 1522 1533 1974 
911 1875 1756 2034 
912 2204 1323 2211 
913 1758 275 1929 
914 627 1776 2080 
915 880 1792 2058 
916 1709 1963 2042 
917 279 276 1758 
918 1067 1838 1923 
919 1740 1739 1741 
920 96 97 213 
921 135 136 214 
922 1842 877 1845 
923 865 866 1537 
924 1359 1028 1543 
925 585 1580 1590 
926 1542 1524 2003 
927 1814 2197 2215 
928 488 1643 1866 
929 1712 1703 1906 
930 57 58 215 
931 18 19 216 
932 1451 1370 1563 
933 884 1264 1805 
934 620 564 1657 
935 1588 1587 1589 
936 1281 1308 1667 
937 1756 1754 2034 
938 546 588 1710 
939 1540 1210 1541 
940 1603 1602 1680 
941 352 372 2168 
942 2053 1527 2080 
943 1582 1581 1587 
944 818 704 1798 
945 1538 719 1539 
946 1602 991 1680 
947 795 813 1581 
948 468 1529 1895 
949 813 959 1581 
950 1386 1249 1387 
951 652 2254 2262 
952 903 1306 1580 
953 466 488 1866 
954 821 1551 1554 
955 1151 2114 2218 
956 714 2187 2194 
957 680 867 1540 
958 1370 1351 1563 
959 280 279 1738 
960 1664 1308 1672 
961 1620 1127 1724 
962 565 556 1550 
963 676 903 1580 
964 1755 1754 1756 
965 1561 1412 1562 
966 1706 1319 2098 
967 276 275 1758 
968 946 1031 1658 
969 88 89 173 
970 127 128 174 
971 1709 1090 2116 
972 1551 1552 1554 
973 1738 1739 1740 
974 1559 1005 1848 
975 10 11 176 
976 821 819 1551 
977 959 861 1650 
978 915 1828 1896 
979 1687 1825 1826 
980 277 278 2122 
981 763 826 1643 
982 638 636 1533 
983 1243 1412 1561 
984 1448 2122 2235 
985 438 1664 1672 
986 1807 587 2158 
987 1079 1358 1646 
988 643 638 1533 
989 1593 1341 1668 
990 478 453 1600 
991 1381 1370 1382 
992 610 1325 1878 
993 1825 1687 1827 
994 1658 1031 1659 
995 866 895 1537 
996 1493 1300 1567 
997 1462 1463 1464 
998 687 675 1609 
999 1710 1709 2042 
1000 980 865 1537 
1001 815 700 1566 
1002 828 620 1657 
1003 335 339 2130 
1004 1827 1718 1828 
1005 1118 1120 1724 
1006 1553 1038 1574 
1007 1088 478 1600 
1008 1783 1656 1784 
1009 1778 1653 1913 
1010 860 687 1609 
1011 587 1807 2169 
1012 496 1599 1760 
1013 1790 1792 1869 
1014 1341 481 1668 
1015 1369 1370 1381 
1016 49 50 175 
1017 977 1271 1759 
1018 1309 1712 1906 
1019 1684 1687 1826 
1020 1680 1677 1851 
1021 1355 1660 1674 
1022 1738 279 1739 
1023 1101 1099 1568 
1024 795 796 813 
1025 2249 952 2256 
1026 1308 1664 1667 
1027 695 646 1576 
1028 468 1895 1946 
1029 1464 1466 1467 
1030 636 716 1533 
1031 1382 1461 1462 
1032 1502 1498 1575 
1033 1046 1389 1560 
1034 1774 2053 2080 
1035 1445 711 2201 
1036 1273 954 1670 
1037 716 891 1974 
1038 1656 1783 1785 
1039 1954 768 2014 
1040 800 877 1842 
1041 1843 1842 1845 
1042 1462 1461 1463 
1043 858 691 1596 
1044 496 1598 1599 
1045 1402 1403 1404 
1046 1369 1351 1370 
1047 1740 1749 2090 
1048 1027 1028 1359 
1049 951 952 1615 
1050 1073 1380 1605 
1051 793 794 795 
1052 1017 792 1666 
1053 1529 1954 2014 
1054 405 403 1998 
1055 730 1735 1736 
1056 947 946 948 
1057 813 814 861 
1058 869 803 870 
1059 869 870 1027 
1060 1529 468 1954 
1061 1545 979 1546 
1062 991 1602 1801 
1063 1646 1358 1647 
1064 1086 1249 1386 
1065 1464 1463 1466 
1066 1545 1546 1549 
1067 949 948 950 
1068 1546 1547 1548 
1069 1581 959 1587 
1070 1038 1026 1574 
1071 1036 1355 1674 
1072 895 1030 1086 
1073 891 1044 1045 
1074 567 602 1542 
1075 691 689 1596 
1076 403 401 1672 
1077 791 792 793 
1078 1655 834 1784 
1079 1053 1275 1371 
1080 627 295 1776 
1081 1454 1455 2171 
1082 1580 1306 1590 
1083 674 1606 1607 
1084 625 626 641 
1085 1774 1004 2053 
1086 1128 1616 1618 
1087 566 567 1542 
1088 1382 1451 1461 
1089 792 790 1666 
1090 951 950 952 
1091 1721 1719 2014 
1092 1690 1360 1691 
1093 795 794 796 
1094 1027 870 1028 
1095 1350 1348 1351 
1096 601 610 611 
1097 950 979 1545 
1098 564 543 1657 
1099 945 943 946 
1100 1760 1599 1802 
1101 1739 279 1758 
1102 623 624 625 
1103 722 566 1542 
1104 2078 1769 2142 
1105 1555 1426 1556 
1106 1573 1091 1761 
1107 1821 1343 1839 
1108 496 497 1598 
1109 715 1541 2202 
1110 1350 1351 1369 
1111 791 790 792 
1112 786 838 1796 
1113 1828 1718 1896 
1114 1328 2148 2165 
1115 1682 1684 1826 
1116 676 878 903 
1117 1300 1247 1567 
1118 1585 2052 2106 
1119 1086 1030 1249 
1120 872 973 1053 
1121 674 669 1606 
1122 1656 1655 1784 
1123 692 790 791 
1124 1483 539 2116 
1125 1005 844 1848 
1126 646 644 1576 
1127 1530 1275 1759 
1128 1914 1436 2011 
1129 1053 973 1275 
1130 730 284 1735 
1131 1127 1118 1724 
1132 947 948 949 
1133 1462 1464 1465 
1134 945 946 947 
1135 1706 830 2117 
1136 813 796 814 
1137 1498 1496 1575 
1138 1371 1275 1414 
1139 719 573 1648 
1140 1721 768 2062 
1141 1351 1523 1563 
1142 1850 1539 2137 
1143 510 1611 1613 
1144 641 642 677 
1145 449 917 1673 
1146 1247 1246 1378 
1147 1275 973 1759 
1148 386 1316 1722 
1149 793 792 794 
1150 489 479 1597 
1151 1242 1564 1565 
1152 867 980 1023 
1153 1045 1246 1247 
1154 1315 1459 1528 
1155 1059 1243 1561 
1156 481 456 1668 
1157 1065 951 1615 
1158 1578 1281 1579 
1159 283 1688 1816 
1160 469 528 1591 
1161 625 624 626 
1162 473 449 1673 
1163 895 1086 1537 
1164 1023 1272 1564 
1165 1210 1023 1242 
1166 949 950 951 
1167 1205 931 1651 
1168 453 435 1600 
1169 497 516 1598 
1170 692 691 790 
1171 613 635 636 
1172 1045 1044 1246 
1173 1247 1378 1567 
1174 1436 1437 2011 
1175 540 541 566 
1176 621 622 623 
1177 1611 591 1612 
1178 810 945 1708 
1179 680 865 867 
1180 282 283 1816 
1181 1467 1466 1468 
1182 559 600 601 
1183 903 878 968 
1184 810 943 945 
1185 1347 1101 1348 
1186 612 611 613 
1187 1162 1662 1663 
1188 677 678 802 
1189 283 280 1738 
1190 977 1042 1271 
1191 1591 528 1592 
1192 1279 1281 1578 
1193 950 948 979 
1194 1052 1367 2161 
1195 1689 2088 2198 
1196 861 862 872 
1197 498 499 540 
1198 516 781 1315 
1199 636 635 716 
1200 903 968 969 
1201 2013 1317 2015 
1202 516 1315 1598 
1203 1048 1356 1406 
1204 524 1821 1839 
1205 623 622 624 
1206 700 698 1566 
1207 601 600 610 
1208 834 1655 1829 
1209 969 968 1252 
1210 1902 475 2011 
1211 637 636 638 
1212 1584 1582 1586 
1213 920 1317 1733 
1214 1252 1384 1385 
1215 1241 1256 1337 
1216 613 611 635 
1217 1311 549 1597 
1218 619 564 620 
1219 295 293 1776 
1220 619 620 621 
1221 1091 883 1761 
1222 1551 1038 1552 
1223 621 620 622 
1224 802 897 970 
1225 1872 421 1973 
1226 952 950 1545 
1227 1028 1069 1543 
1228 543 503 1089 
1229 1026 1352 1574 
1230 1018 1835 1853 
1231 1603 1680 1851 
1232 1069 1071 1072 
1233 640 643 644 
1234 1347 1348 1350 
1235 604 549 1311 
1236 1219 1326 1604 
1237 284 286 1735 
1238 690 689 691 
1239 634 1708 1710 
1240 1711 1703 1712 
1241 1162 961 1662 
1242 644 807 1576 
1243 1492 1493 1494 
1244 598 630 715 
1245 1251 1059 1561 
1246 403 1672 1998 
1247 958 1026 1038 
1248 641 626 642 
1249 1351 1348 1523 
1250 556 598 1550 
1251 532 591 1611 
1252 1754 267 2034 
1253 1072 1073 1605 
1254 867 865 980 
1255 988 1059 1251 
1256 306 311 1837 
1257 945 1090 1708 
1258 1061 1452 1651 
1259 694 695 696 
1260 373 362 1778 
1261 1073 1075 1380 
1262 595 676 1580 
1263 690 691 692 
1264 535 556 565 
1265 1727 915 1896 
1266 1106 448 1652 
1267 93 94 189 
1268 1023 980 1272 
1269 640 638 643 
1270 132 133 190 
1271 883 666 1761 
1272 1681 1682 1862 
1273 312 307 1727 
1274 1243 1254 1412 
1275 702 700 815 
1276 689 860 1596 
1277 1755 2132 2225 
1278 540 499 541 
1279 469 476 528 
1280 311 310 1711 
1281 644 643 807 
1282 314 324 1762 
1283 819 958 1551 
1284 1242 1023 1564 
1285 1069 1072 1543 
1286 802 896 897 
1287 1656 1785 1895 
1288 1501 1502 1503 
1289 372 354 1669 
1290 773 819 821 
1291 1800 1799 1911 
1292 1086 1386 1536 
1293 1120 1128 1724 
1294 1235 1106 1870 
1295 1496 1499 1575 
1296 15 16 191 
1297 435 433 835 
1298 1128 1618 1724 
1299 765 766 767 
1300 675 674 1609 
1301 639 638 640 
1302 549 489 1597 
1303 1808 1310 1891 
1304 1225 1323 1661 
1305 915 1824 1828 
1306 872 873 973 
1307 956 795 1581 
1308 1884 247 1885 
1309 706 704 818 
1310 897 987 988 
1311 1682 1826 1862 
1312 1648 594 1649 
1313 567 569 602 
1314 1496 1494 1499 
1315 1382 1370 1451 
1316 694 646 695 
1317 601 611 612 
1318 375 389 1725 
1319 1855 1158 1943 
1320 1999 1316 2025 
1321 477 453 478 
1322 953 1051 1052 
1323 991 1676 1680 
1324 307 915 1727 
1325 598 715 1550 
1326 369 375 1725 
1327 1705 830 1706 
1328 1492 1300 1493 
1329 688 687 689 
1330 1688 283 1737 
1331 1740 1741 1749 
1332 704 702 1798 
1333 1495 1494 1496 
1334 1299 1247 1300 
1335 1606 941 1608 
1336 645 644 646 
1337 54 55 192 
1338 347 348 431 
1339 1644 1238 1807 
1340 813 861 959 
1341 677 642 678 
1342 972 1238 1644 
1343 793 795 956 
1344 1184 923 1675 
1345 861 814 862 
1346 721 1762 1763 
1347 568 541 1811 
1348 867 1023 1210 
1349 1311 1597 2086 
1350 693 646 694 
1351 1424 1279 1578 
1352 940 1062 1215 
1353 1676 1677 1680 
1354 451 466 1866 
1355 466 482 488 
1356 698 696 811 
1357 796 794 1886 
1358 1094 740 1705 
1359 948 946 1658 
1360 1785 1910 1946 
1361 1773 1777 1838 
1362 1616 1128 1815 
1363 765 764 766 
1364 1086 1536 1537 
1365 543 1089 1657 
1366 495 2013 2015 
1367 311 1713 1837 
1368 425 451 1624 
1369 1238 1239 1324 
1370 630 680 1540 
1371 465 914 1279 
1372 800 710 877 
1373 1491 1300 1492 
1374 364 1653 1778 
1375 988 1058 1059 
1376 934 796 1886 
1377 375 386 387 
1378 763 764 765 
1379 465 439 914 
1380 1501 1498 1502 
1381 1552 1038 1553 
1382 891 892 1044 
1383 1945 1696 1959 
1384 991 905 1676 
1385 541 499 1811 
1386 1607 1606 1608 
1387 907 991 1801 
1388 324 1092 1762 
1389 1315 781 1459 
1390 1057 1427 1667 
1391 958 1038 1551 
1392 498 478 499 
1393 829 769 1764 
1394 545 558 559 
1395 676 779 878 
1396 1279 914 1281 
1397 1497 1496 1498 
1398 698 811 1566 
1399 566 541 567 
1400 397 377 398 
1401 1072 1071 1073 
1402 688 689 690 
1403 1280 1279 1424 
1404 1061 1312 1452 
1405 368 717 2082 
1406 297 289 1681 
1407 1215 1062 1488 
1408 1500 1498 1501 
1409 1252 1257 1384 
1410 1609 1607 1610 
1411 376 367 377 
1412 1597 479 1732 
1413 396 406 407 
1414 366 342 367 
1415 532 545 591 
1416 715 630 1540 
1417 364 370 1653 
1418 369 374 375 
1419 1708 1090 1709 
1420 375 374 386 
1421 723 722 803 
1422 243 240 1726 
1423 408 407 409 
1424 1122 1125 1815 
1425 409 410 411 
1426 343 344 347 
1427 1547 1658 1659 
1428 1219 1217 1326 
1429 455 447 456 
1430 310 315 1711 
1431 240 239 1726 
1432 913 939 940 
1433 1534 602 1538 
1434 1664 1057 1667 
1435 861 872 1650 
1436 423 425 459 
1437 803 722 2003 
1438 613 636 637 
1439 398 377 416 
1440 790 691 858 
1441 1436 1914 1965 
1442 1504 1503 1505 
1443 369 368 374 
1444 458 469 1591 
1445 285 282 1816 
1446 1206 1205 1307 
1447 1264 1274 1395 
1448 804 803 869 
1449 1510 1509 1511 
1450 899 1057 1664 
1451 649 605 1806 
1452 810 942 943 
1453 940 939 1062 
1454 1057 1056 1282 
1455 641 677 863 
1456 1053 1372 1650 
1457 931 933 1651 
1458 433 431 1570 
1459 689 687 860 
1460 1028 1068 1069 
1461 1741 1739 1742 
1462 1467 1468 1469 
1463 1061 1232 1312 
1464 686 675 687 
1465 930 931 1205 
1466 899 1056 1057 
1467 933 1061 1651 
1468 789 852 1703 
1469 1123 1855 1943 
1470 1094 1705 1706 
1471 342 334 548 
1472 575 594 1648 
1473 1380 1075 1645 
1474 341 334 342 
1475 1077 1079 1646 
1476 563 543 564 
1477 1221 1219 1604 
1478 1097 1999 2025 
1479 756 786 1796 
1480 1057 1282 1427 
1481 1883 1884 2264 
1482 726 331 1767 
1483 1870 938 2002 
1484 1506 1505 1507 
1485 242 245 1723 
1486 398 416 417 
1487 790 858 1666 
1488 417 418 419 
1489 1059 1060 1243 
1490 736 1808 1891 
1491 1337 1256 1368 
1492 674 1607 1609 
1493 365 363 1812 
1494 1508 1507 1509 
1495 637 638 639 
1496 331 321 1767 
1497 510 532 1611 
1498 387 386 1722 
1499 1238 1237 1239 
1500 459 425 1624 
1501 394 395 396 
1502 409 407 410 
1503 1053 1371 1372 
1504 503 473 1673 
1505 571 573 719 
1506 740 742 1705 
1507 573 575 1648 
1508 1476 1296 1700 
1509 1225 1223 1323 
1510 1216 1215 1217 
1511 618 564 619 
1512 1632 1629 1633 
1513 802 678 896 
1514 309 314 1762 
1515 843 844 1005 
1516 267 264 2034 
1517 575 577 594 
1518 363 430 1812 
1519 401 400 438 
1520 1622 1621 1623 
1521 1620 1619 1621 
1522 1785 1856 1910 
1523 311 1711 1712 
1524 477 478 498 
1525 972 1237 1238 
1526 1340 481 1341 
1527 1901 475 1902 
1528 1633 1640 1641 
1529 777 358 1849 
1530 930 1206 1848 
1531 933 995 1061 
1532 419 420 421 
1533 930 1205 1206 
1534 1218 1217 1219 
1535 938 1340 2002 
1536 1045 1247 1299 
1537 488 762 763 
1538 346 368 369 
1539 846 929 930 
1540 239 236 1447 
1541 1824 1825 1828 
1542 716 805 891 
1543 429 859 913 
1544 527 555 1865 
1545 1352 1353 1402 
1546 411 427 428 
1547 508 510 1613 
1548 1243 1244 1254 
1549 526 524 1839 
1550 432 431 433 
1551 1602 1298 1801 
1552 1825 1827 1828 
1553 293 1775 1776 
1554 961 965 1662 
1555 854 853 855 
1556 872 1053 1650 
1557 428 447 455 
1558 488 482 762 
1559 668 883 941 
1560 1206 1559 1848 
1561 671 669 674 
1562 965 972 1644 
1563 750 756 1665 
1564 336 335 345 
1565 1227 1225 1661 
1566 1298 993 1801 
1567 421 422 423 
1568 1625 1624 1693 
1569 542 503 543 
1570 763 762 764 
1571 435 835 1600 
1572 297 1681 1862 
1573 1643 1693 1866 
1574 839 841 843 
1575 856 855 989 
1576 977 978 1042 
1577 1220 1219 1221 
1578 718 566 722 
1579 428 446 447 
1580 923 925 1675 
1581 459 1624 1625 
1582 1728 937 1729 
1583 440 439 465 
1584 1630 1872 1973 
1585 330 321 331 
1586 701 700 702 
1587 1676 989 1677 
1588 852 851 853 
1589 1618 1617 1619 
1590 668 666 883 
1591 1450 1298 1601 
1592 974 977 1759 
1593 1693 1624 1866 
1594 1492 1494 1495 
1595 434 433 435 
1596 1696 1812 1959 
1597 1643 1640 1693 
1598 337 343 1803 
1599 686 687 688 
1600 697 696 698 
1601 286 1734 1735 
1602 669 668 1606 
1603 347 344 348 
1604 346 345 368 
1605 1206 1307 1453 
1606 789 851 852 
1607 346 729 1836 
1608 352 354 372 
1609 640 644 645 
1610 356 777 1669 
1611 852 853 854 
1612 330 331 337 
1613 974 976 977 
1614 303 721 1671 
1615 758 834 1829 
1616 634 810 1708 
1617 1677 1678 1679 
1618 1064 951 1065 
1619 1008 1166 1719 
1620 645 646 693 
1621 329 328 335 
1622 628 683 1857 
1623 455 456 481 
1624 925 1162 1675 
1625 897 896 987 
1626 337 338 343 
1627 913 859 939 
1628 1783 1782 1856 
1629 1014 1768 1769 
1630 607 1613 1614 
1631 1770 493 1771 
1632 423 424 425 
1633 1254 1255 1365 
1634 641 863 1654 
1635 854 855 856 
1636 1239 1240 1241 
1637 699 698 700 
1638 1075 1077 1645 
1639 1618 1620 1724 
1640 390 387 400 
1641 246 249 1797 
1642 1042 1043 1048 
1643 456 458 1668 
1644 248 247 1884 
1645 456 457 458 
1646 581 583 629 
1647 499 478 1088 
1648 1125 1130 1815 
1649 320 321 330 
1650 1616 1212 1617 
1651 1780 1783 1784 
1652 903 969 1306 
1653 941 883 1019 
1654 1889 1800 1911 
1655 289 287 1681 
1656 1052 1051 1367 
1657 946 943 1031 
1658 1645 1077 1646 
1659 901 1013 1014 
1660 1870 1652 1894 
1661 1730 1817 1818 
1662 329 335 336 
1663 337 331 338 
1664 298 493 1770 
1665 988 987 1058 
1666 625 641 1654 
1667 938 1870 1894 
1668 242 244 245 
1669 506 508 607 
1670 245 244 246 
1671 333 327 334 
1672 585 595 1580 
1673 1295 1298 1450 
1674 320 319 321 
1675 1903 1902 1904 
1676 303 309 721 
1677 1199 1799 1800 
1678 241 240 242 
1679 1079 1081 1358 
1680 703 702 704 
1681 559 558 600 
1682 425 426 451 
1683 786 837 838 
1684 1089 503 1673 
1685 1743 1750 2111 
1686 853 851 1817 
1687 769 824 1764 
1688 436 435 453 
1689 349 344 1830 
1690 1026 1098 1352 
1691 1020 1842 1843 
1692 317 312 1727 
1693 734 789 1703 
1694 1128 1122 1815 
1695 834 754 1779 
1696 242 240 243 
1697 1822 1095 1823 
1698 856 989 1676 
1699 334 327 1594 
1700 315 734 1711 
1701 438 899 1664 
1702 1697 533 1698 
1703 343 338 344 
1704 451 452 466 
1705 311 1712 1713 
1706 1222 1221 1223 
1707 1295 993 1298 
1708 843 841 844 
1709 899 990 1056 
1710 1512 1511 1514 
1711 965 1644 1662 
1712 1620 1621 1622 
1713 554 536 1863 
1714 1629 1625 1693 
1715 884 1200 1264 
1716 465 1279 1280 
1717 872 862 873 
1718 1048 1049 1356 
1719 1557 1294 1558 
1720 1299 1300 1491 
1721 1495 1496 1497 
1722 1665 756 1796 
1723 354 356 1669 
1724 940 1215 1216 
1725 567 568 569 
1726 326 325 328 
1727 738 1094 1808 
1728 930 929 931 
1729 905 856 1676 
1730 533 296 1671 
1731 245 246 1797 
1732 1046 1357 1389 
1733 241 242 1723 
1734 371 365 1694 
1735 1771 493 1773 
1736 314 323 324 
1737 454 453 477 
1738 1069 1070 1071 
1739 895 985 1030 
1740 370 429 1653 
1741 838 837 839 
1742 336 345 346 
1743 834 1779 1784 
1744 1592 528 2185 
1745 394 392 395 
1746 907 905 991 
1747 1543 1072 1544 
1748 1273 1670 1690 
1749 377 367 1972 
1750 855 937 1728 
1751 246 248 249 
1752 1618 1619 1620 
1753 794 792 1017 
1754 1777 1837 1838 
1755 1033 1374 1376 
1756 458 462 469 
1757 1224 1223 1225 
1758 824 1006 1764 
1759 294 533 1697 
1760 469 472 476 
1761 1027 1359 1360 
1762 318 317 319 
1763 326 328 329 
1764 1501 1503 1504 
1765 666 663 1761 
1766 344 338 1830 
1767 417 416 418 
1768 623 625 812 
1769 326 329 1820 
1770 1616 1617 1618 
1771 1157 1208 1212 
1772 622 620 828 
1773 296 303 1671 
1774 734 788 789 
1775 415 405 439 
1776 329 463 1820 
1777 396 395 406 
1778 532 544 545 
1779 729 369 1725 
1780 844 846 1848 
1781 1655 1093 1829 
1782 605 650 1806 
1783 1199 1142 1799 
1784 833 1841 1893 
1785 830 750 1665 
1786 607 508 1613 
1787 713 857 901 
1788 294 295 296 
1789 1093 842 1829 
1790 1677 989 1678 
1791 1014 1013 1768 
1792 851 1015 1817 
1793 671 674 675 
1794 702 815 1798 
1795 958 992 1026 
1796 1102 885 1890 
1797 973 873 974 
1798 657 656 1864 
1799 1497 1498 1500 
1800 745 750 830 
1801 1166 1167 1529 
1802 438 725 899 
1803 1627 1625 1629 
1804 242 243 244 
1805 1627 1629 1632 
1806 1008 1093 1166 
1807 1762 1092 1763 
1808 1627 1632 1804 
1809 324 323 325 
1810 595 614 676 
1811 1841 1935 1945 
1812 254 257 1831 
1813 925 961 1162 
1814 667 666 668 
1815 1785 1783 1856 
1816 300 304 1777 
1817 324 325 326 
1818 555 526 608 
1819 1138 1136 1799 
1820 362 364 1778 
1821 298 300 493 
1822 1856 1782 1959 
1823 742 745 1705 
1824 1280 1424 1435 
1825 294 296 533 
1826 609 672 673 
1827 429 798 859 
1828 1230 1106 1235 
1829 1694 365 1812 
1830 385 391 392 
1831 336 346 1836 
1832 286 288 1734 
1833 683 921 1857 
1834 483 496 1760 
1835 1252 968 1257 
1836 713 673 857 
1837 1157 1212 1616 
1838 996 993 1295 
1839 428 455 1894 
1840 393 392 394 
1841 721 309 1762 
1842 1779 1780 1784 
1843 1198 1142 1199 
1844 321 319 494 
1845 398 1701 1702 
1846 1682 1683 1684 
1847 291 293 294 
1848 333 1095 1822 
1849 476 484 500 
1850 1601 1602 1603 
1851 348 349 350 
1852 292 297 298 
1853 1166 1093 1167 
1854 250 252 253 
1855 282 280 283 
1856 253 254 1831 
1857 1624 451 1866 
1858 535 538 556 
1859 500 511 535 
1860 1016 1861 1892 
1861 640 645 1928 
1862 1008 842 1093 
1863 1882 251 1883 
1864 287 916 1681 
1865 321 494 1767 
1866 293 290 1775 
1867 650 829 1806 
1868 419 418 420 
1869 789 850 851 
1870 1837 1713 1838 
1871 1216 1217 1218 
1872 346 369 729 
1873 1741 1742 1743 
1874 1720 1719 1721 
1875 1189 1188 1438 
1876 901 857 1013 
1877 306 310 311 
1878 668 941 1606 
1879 292 289 297 
1880 314 322 323 
1881 590 649 1795 
1882 1633 1629 1640 
1883 778 1292 1322 
1884 318 319 320 
1885 712 673 713 
1886 309 313 314 
1887 1218 1219 1220 
1888 291 294 1697 
1889 1011 1008 1719 
1890 662 660 882 
1891 1061 995 1232 
1892 1142 1138 1799 
1893 756 785 786 
1894 555 608 609 
1895 921 923 1184 
1896 1106 1652 1870 
1897 1492 1495 1934 
1898 1703 852 1906 
1899 254 256 257 
1900 693 694 1707 
1901 303 308 309 
1902 569 570 571 
1903 1226 1225 1227 
1904 438 400 725 
1905 1681 916 1682 
1906 935 788 1860 
1907 296 302 303 
1908 417 419 437 
1909 1100 1099 1101 
1910 287 285 916 
1911 909 907 1801 
1912 824 893 1006 
1913 1016 857 1861 
1914 848 842 1008 
1915 1684 1683 1685 
1916 1684 1685 1686 
1917 1059 1058 1060 
1918 292 298 1770 
1919 1250 1101 1347 
1920 1348 1101 1568 
1921 917 412 1702 
1922 857 673 1861 
1923 904 856 905 
1924 1777 304 1837 
1925 527 526 555 
1926 1116 1127 1925 
1927 238 240 241 
1928 494 1716 1767 
1929 750 755 756 
1930 499 1088 1811 
1931 278 276 279 
1932 249 248 250 
1933 396 407 408 
1934 1682 916 1683 
1935 298 299 300 
1936 1064 1483 2076 
1937 398 417 1701 
1938 1130 1152 1157 
1939 773 774 819 
1940 439 405 1998 
1941 375 387 389 
1942 660 657 1864 
1943 734 1703 1711 
1944 920 1293 1317 
1945 1013 1213 1768 
1946 253 1831 1832 
1947 736 738 1808 
1948 763 765 826 
1949 812 625 1654 
1950 912 909 993 
1951 680 681 865 
1952 745 749 750 
1953 456 447 457 
1954 1028 870 1068 
1955 766 772 773 
1956 1019 883 1091 
1957 1214 1016 1892 
1958 379 371 380 
1959 993 909 1801 
1960 390 400 401 
1961 1935 1696 1945 
1962 982 954 1273 
1963 1358 1081 1765 
1964 650 769 829 
1965 383 384 385 
1966 1817 1015 1818 
1967 1178 2045 2056 
1968 662 882 1573 
1969 290 289 292 
1970 741 739 1893 
1971 1790 1788 1792 
1972 522 592 1821 
1973 667 668 669 
1974 1591 1593 1668 
1975 758 754 834 
1976 1198 1199 1327 
1977 421 420 422 
1978 389 387 390 
1979 360 373 1849 
1980 510 531 532 
1981 356 358 777 
1982 1809 871 1915 
1983 754 752 1779 
1984 458 1591 1668 
1985 940 1216 1913 
1986 694 696 697 
1987 2074 1035 2138 
1988 556 557 598 
1989 634 809 810 
1990 609 608 672 
1991 288 287 289 
1992 956 1581 1582 
1993 598 599 630 
1994 1238 1324 1807 
1995 973 974 1759 
1996 611 610 1878 
1997 536 551 1863 
1998 819 820 958 
1999 494 1715 1716 
2000 411 410 427 
2001 1220 1221 1222 
2002 816 800 1842 
2003 1414 1275 1530 
2004 1857 1858 2021 
2005 263 1874 1875 
2006 347 431 432 
2007 540 566 718 
2008 1475 1296 1476 
2009 738 740 1094 
2010 2072 1322 2078 
2011 1281 914 1308 
2012 258 260 261 
2013 1157 1152 1208 
2014 301 562 1824 
2015 590 605 649 
2016 783 760 842 
2017 274 272 275 
2018 1384 1257 1394 
2019 1772 1771 1774 
2020 423 422 424 
2021 298 297 299 
2022 1544 1072 1605 
2023 1263 1391 1430 
2024 1229 936 1342 
2025 1824 562 1825 
2026 1743 1744 1745 
2027 1743 1745 1750 
2028 694 697 1707 
2029 1899 799 1936 
2030 246 247 248 
2031 742 744 745 
2032 1685 1688 1689 
2033 972 1236 1237 
2034 1503 1502 1513 
2035 1601 1298 1602 
2036 304 306 1837 
2037 672 936 1229 
2038 253 252 254 
2039 786 836 837 
2040 350 351 352 
2041 545 544 558 
2042 391 735 736 
2043 1529 1167 1895 
2044 547 527 1865 
2045 1020 816 1842 
2046 324 326 1092 
2047 1469 1468 1470 
2048 1104 448 1106 
2049 1504 1505 1506 
2050 916 285 1816 
2051 319 317 1714 
2052 736 737 738 
2053 246 244 247 
2054 692 791 871 
2055 878 884 1805 
2056 338 331 726 
2057 409 411 1652 
2058 429 913 1653 
2059 448 409 1652 
2060 881 748 1840 
2061 1857 1184 1858 
2062 316 312 317 
2063 1805 1264 2024 
2064 1775 1772 1776 
2065 745 830 1705 
2066 508 509 510 
2067 1243 1060 1244 
2068 1092 326 1820 
2069 1296 1295 1700 
2070 238 239 240 
2071 1684 1686 1687 
2072 1737 1738 1740 
2073 835 433 1570 
2074 437 419 1872 
2075 1376 1374 1415 
2076 475 445 1914 
2077 385 384 391 
2078 1737 283 1738 
2079 1073 1074 1075 
2080 1011 1719 1720 
2081 866 894 895 
2082 378 371 379 
2083 1173 1171 1188 
2084 848 1008 1011 
2085 386 388 1316 
2086 1193 1191 1449 
2087 449 412 917 
2088 316 317 318 
2089 307 305 915 
2090 417 437 1701 
2091 760 758 1829 
2092 788 332 1860 
2093 257 256 258 
2094 645 1425 1928 
2095 461 445 475 
2096 1081 1083 1765 
2097 465 1280 1965 
2098 1743 1742 1744 
2099 752 748 881 
2100 839 840 841 
2101 1495 1521 1934 
2102 571 572 573 
2103 915 305 1824 
2104 493 300 1777 
2105 1745 1744 1746 
2106 846 930 1848 
2107 705 704 706 
2108 1295 1450 1700 
2109 713 901 997 
2110 1154 1283 1432 
2111 1228 1227 1294 
2112 1780 1782 1783 
2113 360 362 373 
2114 1781 881 1840 
2115 734 332 788 
2116 609 673 712 
2117 524 522 1821 
2118 262 264 265 
2119 300 299 301 
2120 855 853 937 
2121 1130 1157 1815 
2122 546 1710 2042 
2123 906 905 907 
2124 1222 1223 1224 
2125 874 816 1020 
2126 1013 1016 1213 
2127 752 881 1779 
2128 921 1184 1857 
2129 854 856 904 
2130 1018 1834 1835 
2131 842 760 1829 
2132 783 842 848 
2133 739 833 1893 
2134 397 398 1702 
2135 278 279 280 
2136 425 424 426 
2137 288 290 291 
2138 672 1229 1861 
2139 383 381 384 
2140 286 285 287 
2141 291 290 293 
2142 621 623 1704 
2143 1716 1715 1717 
2144 1779 881 1780 
2145 270 268 271 
2146 720 1822 1823 
2147 965 971 972 
2148 1456 1294 1557 
2149 996 1295 1296 
2150 1770 1772 1775 
2151 525 524 526 
2152 560 604 1982 
2153 579 581 2171 
2154 1781 1840 1841 
2155 1841 1840 1893 
2156 294 293 295 
2157 551 590 1795 
2158 1685 1683 1688 
2159 1714 317 1727 
2160 665 663 666 
2161 748 746 1840 
2162 751 748 752 
2163 610 679 1325 
2164 736 735 737 
2165 419 421 1872 
2166 1508 1509 1510 
2167 589 547 918 
2168 1506 1507 1508 
2169 1440 1290 1442 
2170 341 342 366 
2171 630 631 680 
2172 1640 1629 1693 
2173 1883 251 1884 
2174 411 428 1894 
2175 338 726 1830 
2176 912 993 996 
2177 888 682 1099 
2178 1735 1699 1736 
2179 428 427 446 
2180 429 378 798 
2181 1342 936 1343 
2182 461 475 1901 
2183 352 353 354 
2184 506 507 508 
2185 753 752 754 
2186 358 360 1849 
2187 619 621 808 
2188 350 349 351 
2189 1765 1083 1766 
2190 395 392 1891 
2191 1722 1316 1999 
2192 451 426 452 
2193 2031 1245 2071 
2194 713 997 1786 
2195 305 301 1824 
2196 408 409 448 
2197 1663 2055 2120 
2198 333 334 341 
2199 910 963 1163 
2200 446 920 1733 
2201 844 845 846 
2202 288 291 1734 
2203 501 473 503 
2204 354 355 356 
2205 672 608 936 
2206 274 275 276 
2207 1116 1118 1127 
2208 789 788 850 
2209 1322 1292 1482 
2210 1224 1225 1226 
2211 370 365 371 
2212 261 260 262 
2213 1696 1694 1812 
2214 522 520 592 
2215 1056 990 1096 
2216 747 746 748 
2217 265 266 1879 
2218 1770 1771 1772 
2219 529 486 1985 
2220 1695 1694 1696 
2221 1254 1244 1255 
2222 1773 493 1777 
2223 400 387 1722 
2224 1216 1526 1913 
2225 370 378 429 
2226 329 336 463 
2227 1591 1592 1593 
2228 942 1036 1674 
2229 1188 1171 1887 
2230 1914 442 1965 
2231 1167 1093 1655 
2232 1689 1688 1737 
2233 366 367 376 
2234 745 744 749 
2235 380 371 1694 
2236 1158 1131 1943 
2237 1130 1150 1152 
2238 908 907 909 
2239 1289 1195 1458 
2240 252 251 1882 
2241 368 345 717 
2242 608 526 1839 
2243 1488 1062 1489 
2244 1742 1739 1758 
2245 1310 395 1891 
2246 466 467 482 
2247 302 295 627 
2248 1169 898 1231 
2249 757 754 758 
2250 1157 1616 1815 
2251 300 301 304 
2252 573 574 575 
2253 1443 1287 1444 
2254 1125 1129 1130 
2255 286 287 288 
2256 732 639 879 
2257 494 1714 1715 
2258 288 289 290 
2259 1084 1203 1819 
2260 1317 1293 1480 
2261 376 377 397 
2262 756 755 785 
2263 846 928 929 
2264 301 299 562 
2265 1287 1158 1855 
2266 1013 857 1016 
2267 1120 1122 1128 
2268 270 271 272 
2269 1734 1699 1735 
2270 1780 1781 1782 
2271 379 380 381 
2272 2093 1701 2104 
2273 348 344 349 
2274 380 1694 1695 
2275 1069 1068 1070 
2276 1286 1158 1287 
2277 673 672 1861 
2278 542 543 563 
2279 340 337 1803 
2280 1626 1625 1627 
2281 712 713 1786 
2282 797 394 1948 
2283 1260 1261 1428 
2284 1075 1076 1077 
2285 1901 1902 1903 
2286 937 853 1817 
2287 904 905 906 
2288 931 932 933 
2289 265 264 266 
2290 945 947 1090 
2291 919 2072 2078 
2292 551 1795 1863 
2293 1144 1146 1153 
2294 512 536 554 
2295 393 394 797 
2296 882 660 1864 
2297 260 259 1874 
2298 1672 1308 1998 
2299 746 741 1893 
2300 1143 1198 1908 
2301 1481 1964 1977 
2302 1780 881 1781 
2303 315 332 734 
2304 750 749 755 
2305 250 251 252 
2306 2045 647 2056 
2307 642 626 827 
2308 255 252 1882 
2309 79 80 163 
2310 619 808 1692 
2311 281 284 730 
2312 977 976 978 
2313 851 850 1015 
2314 402 401 403 
2315 322 313 327 
2316 1697 1698 1699 
2317 1167 1655 1656 
2318 463 336 1836 
2319 304 301 305 
2320 391 384 735 
2321 569 568 570 
2322 290 292 1775 
2323 918 547 1865 
2324 1697 1699 1734 
2325 1825 562 1826 
2326 296 295 302 
2327 727 831 832 
2328 1799 1136 1911 
2329 1719 1166 2014 
2330 759 758 760 
2331 1196 1289 1290 
2332 251 248 1884 
2333 421 423 1973 
2334 299 297 1862 
2335 1156 1131 1158 
2336 1841 833 1935 
2337 118 119 162 
2338 685 675 686 
2339 1406 1356 1407 
2340 322 327 333 
2341 1176 1329 2103 
2342 747 748 751 
2343 292 1770 1775 
2344 1107 1346 1986 
2345 325 323 720 
2346 961 964 965 
2347 254 255 256 
2348 939 859 1018 
2349 1793 1163 1794 
2350 1169 1231 1887 
2351 939 1018 1853 
2352 751 752 753 
2353 1235 1870 2002 
2354 1746 1747 1748 
2355 697 698 699 
2356 273 274 1871 
2357 504 505 506 
2358 1501 1504 1967 
2359 738 737 739 
2360 699 700 701 
2361 391 736 1891 
2362 335 328 339 
2363 782 760 783 
2364 575 576 577 
2365 1196 1195 1289 
2366 743 741 746 
2367 157 158 164 
2368 494 319 1714 
2369 567 541 568 
2370 899 725 990 
2371 263 260 1874 
2372 1206 1453 1559 
2373 786 785 836 
2374 266 267 268 
2375 352 351 353 
2376 1241 1240 1256 
2377 753 754 757 
2378 1213 1016 1214 
2379 318 320 787 
2380 1365 1255 1366 
2381 304 305 306 
2382 1748 1751 1752 
2383 2268 1342 2269 
2384 332 1859 1860 
2385 1148 1301 1302 
2386 1226 1227 1228 
2387 561 606 880 
2388 306 305 307 
2389 854 904 1906 
2390 562 299 1862 
2391 1042 978 1043 
2392 385 392 393 
2393 330 337 340 
2394 380 1695 1880 
2395 250 248 251 
2396 933 994 995 
2397 382 381 383 
2398 274 277 1871 
2399 1037 944 1161 
2400 1174 1175 1176 
2401 483 492 496 
2402 1143 1142 1198 
2403 258 259 260 
2404 320 330 1854 
2405 1474 693 1707 
2406 459 1625 1626 
2407 1653 913 1913 
2408 381 380 1880 
2409 1733 1317 2013 
2410 1152 1150 1211 
2411 1141 1138 1142 
2412 354 353 355 
2413 396 408 1948 
2414 1144 1153 1920 
2415 911 909 912 
2416 415 439 440 
2417 906 907 908 
2418 356 355 357 
2419 623 812 1704 
2420 738 739 740 
2421 1099 682 1692 
2422 1717 1715 1718 
2423 949 951 1064 
2424 1389 1357 1401 
2425 548 334 1594 
2426 577 578 579 
2427 281 280 282 
2428 458 457 462 
2429 766 764 772 
2430 1130 1129 1150 
2431 743 746 747 
2432 1746 1744 1747 
2433 989 855 1728 
2434 1687 1686 2085 
2435 1148 1302 1909 
2436 1302 1433 1434 
2437 839 837 840 
2438 1964 1485 1977 
2439 516 517 781 
2440 266 264 267 
2441 757 758 759 
2442 310 307 312 
2443 560 549 604 
2444 1708 1709 1710 
2445 998 1940 2289 
2446 277 276 278 
2447 1239 1237 1240 
2448 670 669 671 
2449 1652 411 1894 
2450 662 1573 1761 
2451 303 302 308 
2452 1077 1078 1079 
2453 386 374 388 
2454 291 1697 1734 
2455 1873 735 1880 
2456 783 848 849 
2457 1176 1177 1329 
2458 904 1309 1906 
2459 1164 1165 1174 
2460 333 341 1095 
2461 579 580 581 
2462 262 263 264 
2463 497 515 516 
2464 1343 936 1839 
2465 525 526 527 
2466 659 657 660 
2467 1228 1294 1456 
2468 309 308 313 
2469 618 619 1692 
2470 701 702 703 
2471 661 660 662 
2472 1695 1873 1880 
2473 314 313 322 
2474 739 737 833 
2475 925 960 961 
2476 284 282 285 
2477 1861 1229 1892 
2478 936 608 1839 
2479 1154 1155 1283 
2480 273 272 274 
2481 474 502 504 
2482 778 1322 2027 
2483 759 760 782 
2484 1865 555 1926 
2485 743 747 1877 
2486 1147 1145 1186 
2487 306 307 310 
2488 833 737 1873 
2489 284 285 286 
2490 1173 1188 1189 
2491 663 662 1761 
2492 1628 1627 1804 
2493 609 712 1926 
2494 1922 1107 1986 
2495 1036 1354 1355 
2496 469 462 472 
2497 740 741 742 
2498 1425 693 1474 
2499 1246 1044 1560 
2500 1678 1728 1907 
2501 266 268 269 
2502 744 743 1877 
2503 737 735 1873 
2504 1233 1899 1936 
2505 742 743 744 
2506 269 268 270 
2507 908 909 911 
2508 1683 916 1816 
2509 665 666 667 
2510 266 269 1879 
2511 1395 1274 1396 
2512 749 744 761 
2513 869 1027 1670 
2514 1826 562 1862 
2515 254 252 255 
2516 1297 1296 1475 
2517 808 621 1704 
2518 563 564 618 
2519 794 1017 1886 
2520 879 639 1928 
2521 384 381 1880 
2522 318 787 1859 
2523 923 924 925 
2524 1194 1195 1196 
2525 2178 1197 2182 
2526 406 395 1310 
2527 793 956 2036 
2528 316 318 1859 
2529 394 396 1948 
2530 1291 1290 1440 
2531 1113 1111 1888 
2532 1634 1628 1804 
2533 1082 1080 2008 
2534 1146 1147 1154 
2535 742 741 743 
2536 761 744 1877 
2537 1079 1080 1081 
2538 735 384 1880 
2539 315 312 316 
2540 460 470 487 
2541 1728 1729 1907 
2542 1748 1747 1751 
2543 1048 1043 1049 
2544 532 531 544 
2545 981 885 1102 
2546 258 256 259 
2547 1302 1301 1433 
2548 913 940 1913 
2549 1286 1287 1443 
2550 844 841 845 
2551 270 272 273 
2552 1782 1945 1959 
2553 1156 1158 1286 
2554 274 276 277 
2555 2085 849 2166 
2556 571 570 572 
2557 1402 1353 1403 
2558 1044 1046 1560 
2559 850 788 935 
2560 278 280 281 
2561 322 333 1822 
2562 364 363 365 
2563 1149 1303 1304 
2564 281 282 284 
2565 1067 911 1927 
2566 356 357 358 
2567 588 632 634 
2568 740 739 741 
2569 1095 341 1912 
2570 262 260 263 
2571 1812 430 1959 
2572 751 753 784 
2573 814 796 934 
2574 1840 746 1893 
2575 757 759 927 
2576 1752 1751 1753 
2577 1635 1634 1639 
2578 1104 1106 1230 
2579 392 391 1891 
2580 1903 1904 1905 
2581 443 1110 1159 
2582 1145 1143 1908 
2583 383 385 1936 
2584 1631 1628 1634 
2585 382 383 799 
2586 612 613 2023 
2587 561 880 1956 
2588 1302 1434 2001 
2589 1715 1714 1896 
2590 1037 1161 1201 
2591 330 340 1854 
2592 1063 1305 1485 
2593 688 690 823 
2594 1144 1145 1146 
2595 476 472 484 
2596 555 609 1926 
2597 501 503 542 
2598 1125 1126 1129 
2599 690 692 1809 
2600 787 320 1854 
2601 1194 1193 1195 
2602 1141 1142 1143 
2603 390 401 402 
2604 852 854 1906 
2605 1134 1139 1313 
2606 455 938 1894 
2607 323 322 1822 
2608 1137 1140 1148 
2609 1196 1290 1291 
2610 1211 2100 2224 
2611 402 403 404 
2612 1751 1747 1757 
2613 859 798 1833 
2614 1352 1098 1353 
2615 82 3 193 
2616 430 1856 1959 
2617 1718 1715 1896 
2618 1107 1345 1346 
2619 1122 1124 1125 
2620 716 635 805 
2621 1688 1683 1816 
2622 799 383 1936 
2623 878 779 884 
2624 1301 1160 1431 
2625 399 397 412 
2626 1744 1742 1929 
2627 1714 1727 1896 
2628 778 1108 1292 
2629 446 464 920 
2630 911 1004 1927 
2631 1087 1003 1318 
2632 530 489 549 
2633 1678 989 1728 
2634 904 906 1309 
2635 1115 1113 1132 
2636 1148 1160 1301 
2637 357 355 468 
2638 121 4 194 
2639 523 522 524 
2640 1794 1163 1814 
2641 1107 799 1345 
2642 508 507 509 
2643 661 662 663 
2644 510 509 531 
2645 1284 1332 1333 
2646 1135 1133 1136 
2647 1523 1348 1568 
2648 1073 1071 1074 
2649 363 361 430 
2650 1141 1143 1144 
2651 1026 992 1098 
2652 160 1 195 
2653 404 403 405 
2654 361 359 1910 
2655 513 486 529 
2656 1781 1841 1945 
2657 920 1002 1293 
2658 379 381 382 
2659 1280 1436 1965 
2660 1068 870 2003 
2661 310 312 315 
2662 1234 797 2037 
2663 1154 1147 1155 
2664 1150 1129 1151 
2665 1081 1082 1083 
2666 480 490 778 
2667 888 1099 1100 
2668 500 484 511 
2669 573 572 574 
2670 1025 1259 1260 
2671 639 640 1928 
2672 447 446 1733 
2673 1803 343 1997 
2674 535 511 538 
2675 581 582 583 
2676 370 371 378 
2677 420 418 770 
2678 908 911 1067 
2679 1146 1145 1147 
2680 1787 1786 1788 
2681 1112 1114 1116 
2682 911 912 1004 
2683 931 929 932 
2684 785 755 847 
2685 432 433 434 
2686 382 799 1107 
2687 886 984 1164 
2688 1126 1124 1131 
2689 1148 1140 1160 
2690 996 1296 1297 
2691 1316 388 1429 
2692 1186 1145 1908 
2693 1140 1138 1141 
2694 1203 1472 1473 
2695 1167 1656 1895 
2696 1120 1121 1122 
2697 1304 1303 1448 
2698 676 614 779 
2699 1132 1113 1888 
2700 441 444 733 
2701 1190 1189 1191 
2702 1192 1191 1193 
2703 846 845 928 
2704 837 836 1852 
2705 1283 1155 1284 
2706 1121 1119 1123 
2707 1504 1520 1967 
2708 385 393 1936 
2709 1491 1492 1934 
2710 332 316 1859 
2711 1626 1627 1628 
2712 1137 1136 1138 
2713 1125 1124 1126 
2714 1144 1143 1145 
2715 1284 1155 1331 
2716 773 772 774 
2717 1147 1186 1900 
2718 1149 1131 1156 
2719 315 316 332 
2720 1695 1696 1935 
2721 1339 1180 1344 
2722 1291 1440 1441 
2723 1510 1511 1512 
2724 353 351 768 
2725 364 365 370 
2726 616 603 775 
2727 1137 1138 1140 
2728 1161 944 1978 
2729 637 639 732 
2730 824 890 893 
2731 1118 1119 1120 
2732 1335 1012 1336 
2733 1789 1788 1790 
2734 506 505 507 
2735 703 704 705 
2736 1459 781 1471 
2737 379 382 1922 
2738 1313 1139 1314 
2739 762 1760 1802 
2740 1233 797 1234 
2741 1297 1475 1477 
2742 1729 1730 1731 
2743 833 1873 1935 
2744 1126 1131 1149 
2745 1115 1132 1133 
2746 1149 1156 1303 
2747 972 971 1236 
2748 810 809 942 
2749 404 414 443 
2750 692 871 1809 
2751 1122 1121 1124 
2752 1454 1085 1455 
2753 1220 1222 1487 
2754 1135 1136 1137 
2755 466 452 467 
2756 819 774 820 
2757 762 482 1760 
2758 1742 1758 1929 
2759 399 413 771 
2760 769 822 824 
2761 424 422 534 
2762 1087 1318 1319 
2763 1216 1218 1526 
2764 1345 799 1899 
2765 938 481 1340 
2766 523 524 525 
2767 441 733 1957 
2768 1027 1360 1670 
2769 1308 914 1998 
2770 556 538 557 
2771 575 574 576 
2772 764 762 1802 
2773 921 922 923 
2774 732 879 898 
2775 1116 1117 1118 
2776 1100 1101 1250 
2777 477 498 1732 
2778 749 761 1924 
2779 504 502 505 
2780 958 820 992 
2781 347 432 1997 
2782 1134 1135 1139 
2783 358 357 359 
2784 1297 1477 1478 
2785 378 379 1922 
2786 655 653 656 
2787 725 400 1722 
2788 430 361 1910 
2789 1747 1744 1929 
2790 1192 1193 1194 
2791 1134 1133 1135 
2792 1174 1176 2089 
2793 707 706 708 
2794 1115 1133 1134 
2795 1920 1153 1966 
2796 1114 1113 1115 
2797 712 1787 1926 
2798 545 559 2133 
2799 999 1001 1055 
2800 1018 1833 1834 
2801 806 876 953 
2802 935 2268 2269 
2803 650 684 769 
2804 605 617 650 
2805 1478 1479 1527 
2806 1192 1194 1197 
2807 718 722 723 
2808 925 924 960 
2809 414 405 415 
2810 360 359 361 
2811 408 1103 1948 
2812 645 693 1425 
2813 1782 1781 1945 
2814 974 975 976 
2815 1084 1202 1203 
2816 1224 1226 1460 
2817 1062 939 1853 
2818 1132 1888 1889 
2819 358 359 360 
2820 1141 1144 1920 
2821 1333 1332 1334 
2822 1112 1113 1114 
2823 1729 937 1730 
2824 683 889 921 
2825 1044 892 1046 
2826 1480 1293 1481 
2827 546 527 547 
2828 1075 1074 1076 
2829 1120 1119 1121 
2830 965 964 971 
2831 961 960 964 
2832 577 576 578 
2833 720 323 1822 
2834 755 749 1924 
2835 1134 1313 1951 
2836 590 593 605 
2837 893 1032 1033 
2838 1171 1169 1887 
2839 423 459 1973 
2840 519 521 539 
2841 598 557 599 
2842 1018 859 1833 
2843 896 678 900 
2844 1873 1695 1935 
2845 862 814 1881 
2846 1299 1491 1522 
2847 1085 1082 2008 
2848 671 675 685 
2849 906 908 1923 
2850 376 399 1976 
2851 664 663 665 
2852 1110 1111 1112 
2853 979 948 1658 
2854 459 1626 1973 
2855 551 552 590 
2856 1112 1111 1113 
2857 588 547 589 
2858 434 435 436 
2859 1149 1304 1930 
2860 712 1786 1787 
2861 1757 1747 1929 
2862 404 405 414 
2863 1265 1039 1393 
2864 870 803 2003 
2865 341 366 1912 
2866 460 461 470 
2867 579 578 580 
2868 1118 1117 1119 
2869 1436 1435 1437 
2870 1331 1155 1900 
2871 583 584 585 
2872 1993 1248 1994 
2873 1284 1331 1332 
2874 891 1045 1974 
2875 933 932 994 
2876 1174 1165 1175 
2877 443 1109 1110 
2878 1495 1497 1521 
2879 667 669 670 
2880 382 1107 1922 
2881 536 537 551 
2882 632 589 633 
2883 1228 1456 1457 
2884 519 539 1955 
2885 1116 1114 1117 
2886 1478 1477 1479 
2887 634 632 809 
2888 376 397 399 
2889 920 464 1002 
2890 1292 1108 1484 
2891 1151 1129 1930 
2892 521 520 522 
2893 845 841 1960 
2894 399 771 1976 
2895 1140 1141 1920 
2896 460 487 1938 
2897 1173 1189 1190 
2898 1994 1248 2009 
2899 1190 1191 1192 
2900 912 996 1921 
2901 1129 1126 1930 
2902 1160 1140 1920 
2903 1137 1148 1909 
2904 512 513 536 
2905 1932 1201 1933 
2906 1179 1178 1180 
2907 485 486 512 
2908 1063 1087 1305 
2909 865 681 866 
2910 659 660 661 
2911 1135 1137 1909 
2912 446 427 464 
2913 963 1034 1035 
2914 444 445 460 
2915 1808 1094 2098 
2916 399 412 413 
2917 847 755 1924 
2918 603 560 1982 
2919 1155 1147 1900 
2920 1787 1788 1789 
2921 840 837 1852 
2922 723 803 804 
2923 908 1067 1923 
2924 1598 1315 2112 
2925 1058 987 1285 
2926 798 1922 1986 
2927 1260 1259 1261 
2928 355 353 1954 
2929 1834 1833 1937 
2930 891 805 892 
2931 995 994 1182 
2932 362 361 363 
2933 943 942 1674 
2934 470 471 485 
2935 1139 1135 1909 
2936 1309 906 1923 
2937 1077 1076 1078 
2938 1176 1175 1177 
2939 343 347 1997 
2940 1512 1514 1515 
2941 1500 1501 1967 
2942 1004 912 1921 
2943 436 454 2027 
2944 1159 1110 1925 
2945 1670 1360 1690 
2946 441 440 442 
2947 1033 1373 1374 
2948 2103 1329 2131 
2949 468 355 1954 
2950 778 490 1108 
2951 1524 1068 2003 
2952 1110 1109 1111 
2953 1318 1003 1981 
2954 581 580 582 
2955 525 546 2042 
2956 1103 448 1104 
2957 923 922 924 
2958 443 414 1109 
2959 360 361 362 
2960 441 442 444 
2961 1132 1889 1911 
2962 1730 937 1817 
2963 1786 997 2065 
2964 525 527 546 
2965 1034 962 1050 
2966 823 690 1809 
2967 1136 1133 1911 
2968 460 445 461 
2969 436 453 454 
2970 1063 1003 1087 
2971 413 412 449 
2972 455 481 938 
2973 1856 430 1910 
2974 1133 1132 1911 
2975 1164 984 1165 
2976 630 599 631 
2977 999 1055 1940 
2978 1263 1390 1391 
2979 585 586 595 
2980 864 728 887 
2981 412 397 1702 
2982 871 791 2036 
2983 798 378 1922 
2984 841 840 1960 
2985 474 501 502 
2986 1293 1002 1964 
2987 954 869 1670 
2988 685 686 885 
2989 415 440 441 
2990 1112 1116 1925 
2991 1126 1149 1930 
2992 1131 1124 1943 
2993 572 570 714 
2994 998 999 1940 
2995 418 416 1931 
2996 1079 1078 1080 
2997 910 962 963 
2998 450 473 474 
2999 593 552 597 
3000 699 701 825 
3001 996 1297 1921 
3002 1789 1790 1791 
3003 1399 1253 1400 
3004 1002 464 1003 
3005 444 442 445 
3006 457 447 1733 
3007 981 1102 1969 
3008 402 404 1950 
3009 1172 1171 1173 
3010 443 1159 1950 
3011 686 688 1890 
3012 1362 1269 1383 
3013 450 449 473 
3014 474 473 501 
3015 507 505 550 
3016 393 797 1233 
3017 1121 1123 1943 
3018 831 864 910 
3019 1792 1788 2065 
3020 727 728 831 
3021 1009 868 1178 
3022 733 444 1938 
3023 357 468 1946 
3024 928 1012 1187 
3025 413 449 450 
3026 521 522 523 
3027 362 363 364 
3028 1626 1628 1630 
3029 658 731 806 
3030 770 418 1931 
3031 684 617 776 
3032 1110 1112 1925 
3033 1329 1177 1330 
3034 1160 1920 1966 
3035 1431 1160 1966 
3036 824 822 890 
3037 546 547 588 
3038 353 768 1954 
3039 661 663 664 
3040 1081 1080 1082 
3041 928 845 1012 
3042 1810 1809 1915 
3043 1264 1200 1274 
3044 606 616 727 
3045 932 929 1984 
3046 610 600 679 
3047 705 706 707 
3048 1071 1070 1850 
3049 1024 1000 1245 
3050 804 869 954 
3051 1261 1262 1263 
3052 823 1809 1810 
3053 655 656 657 
3054 393 1233 1936 
3055 1002 1003 1063 
3056 1910 359 1946 
3057 1063 1485 1964 
3058 530 549 560 
3059 680 631 681 
3060 914 439 1998 
3061 890 822 957 
3062 769 684 822 
3063 454 480 2027 
3064 1940 1055 1941 
3065 1170 1169 1171 
3066 960 924 1248 
3067 650 617 684 
3068 561 603 606 
3069 1766 1083 1819 
3070 470 461 471 
3071 444 460 1938 
3072 1096 990 1097 
3073 1124 1121 1943 
3074 1631 1634 1635 
3075 1083 1084 1819 
3076 74 75 177 
3077 1878 1325 2066 
3078 605 593 617 
3079 1909 1302 2001 
3080 113 114 178 
3081 1187 1335 1952 
3082 1489 1062 1853 
3083 416 377 1972 
3084 635 611 1878 
3085 471 461 1901 
3086 1070 1524 1534 
3087 152 153 179 
3088 238 236 239 
3089 496 492 497 
3090 588 589 632 
3091 1222 1224 1949 
3092 359 357 1946 
3093 1037 1201 1932 
3094 366 376 1976 
3095 1187 1012 1335 
3096 1297 1478 1921 
3097 814 934 1881 
3098 422 420 1947 
3099 485 471 486 
3100 1504 1506 1520 
3101 664 665 724 
3102 628 618 682 
3103 512 486 513 
3104 1012 845 1960 
3105 551 537 552 
3106 578 576 648 
3107 1218 1220 1939 
3108 929 928 1984 
3109 1236 971 1253 
3110 642 827 1953 
3111 590 552 593 
3112 963 962 1034 
3113 519 518 520 
3114 665 667 1944 
3115 1070 1534 1850 
3116 420 770 1947 
3117 540 718 2038 
3118 440 465 1965 
3119 1280 1435 1436 
3120 953 1021 1051 
3121 432 919 1997 
3122 404 443 1950 
3123 536 513 537 
3124 1030 985 1054 
3125 437 1872 2081 
3126 664 724 1320 
3127 1168 898 1169 
3128 472 462 495 
3129 1034 1050 1361 
3130 974 873 975 
3131 454 477 479 
3132 482 483 1760 
3133 921 889 922 
3134 1025 1260 1975 
3135 968 878 1805 
3136 445 442 1914 
3137 415 441 1957 
3138 539 521 1963 
3139 1912 366 1976 
3140 414 415 1957 
3141 1481 1293 1964 
3142 1255 1244 1426 
3143 482 467 483 
3144 544 531 587 
3145 875 967 998 
3146 1226 1228 1958 
3147 885 686 1890 
3148 1240 1237 2022 
3149 895 894 985 
3150 407 406 2063 
3151 530 560 561 
3152 1083 1082 1084 
3153 264 263 2034 
3154 1236 1253 1399 
3155 1103 1104 1105 
3156 534 422 1947 
3157 709 708 710 
3158 1673 917 2129 
3159 1626 1630 1973 
3160 1204 975 1207 
3161 1339 1344 1439 
3162 1114 1115 1951 
3163 966 874 1867 
3164 1055 1001 1975 
3165 452 426 780 
3166 1115 1134 1951 
3167 775 603 1982 
3168 1164 1174 2064 
3169 479 477 1732 
3170 1050 2006 2007 
3171 1630 1628 1631 
3172 1203 1202 1472 
3173 1950 1623 2101 
3174 1375 2019 2020 
3175 994 932 1066 
3176 1261 1259 1262 
3177 1867 1844 1897 
3178 688 823 1890 
3179 910 864 962 
3180 831 728 864 
3181 922 889 1029 
3182 1373 1032 1375 
3183 1036 1037 1354 
3184 893 890 1032 
3185 519 520 521 
3186 727 616 728 
3187 583 582 584 
3188 408 448 1103 
3189 516 515 517 
3190 1220 1487 1939 
3191 1487 1222 1949 
3192 616 775 1979 
3193 1036 944 1037 
3194 678 642 1953 
3195 1383 1269 2050 
3196 1002 1063 1964 
3197 561 560 603 
3198 1833 798 1986 
3199 595 596 614 
3200 1583 1582 1584 
3201 1224 1460 1949 
3202 2030 1245 2031 
3203 606 603 616 
3204 1346 1937 1986 
3205 658 657 659 
3206 1175 1165 1379 
3207 595 586 596 
3208 563 618 628 
3209 475 1914 2011 
3210 711 710 800 
3211 683 682 888 
3212 1043 978 1209 
3213 1170 1172 1321 
3214 1139 1909 2001 
3215 1941 1055 1942 
3216 1117 1114 1951 
3217 966 1867 1868 
3218 628 682 683 
3219 683 888 889 
3220 1070 1068 1524 
3221 1526 1218 1939 
3222 671 685 2004 
3223 1109 414 1957 
3224 1204 1207 1338 
3225 1179 1180 1339 
3226 538 511 553 
3227 1172 1173 2005 
3228 942 944 1036 
3229 1166 1529 2014 
3230 1631 1635 1636 
3231 615 596 652 
3232 724 665 1944 
3233 670 671 2004 
3234 1330 1177 1397 
3235 1937 1833 1986 
3236 1460 1226 1958 
3237 732 898 1168 
3238 1336 1012 1960 
3239 1314 1139 2001 
3240 490 489 530 
3241 1040 1266 1267 
3242 1084 1082 1085 
3243 1636 1637 1638 
3244 1888 1111 2035 
3245 976 975 1204 
3246 584 582 651 
3247 1020 1843 1844 
3248 1033 1032 1373 
3249 956 1583 2036 
3250 1508 1510 1519 
3251 1263 1262 1390 
3252 1170 1171 1172 
3253 1517 1515 1518 
3254 1066 932 1984 
3255 483 491 492 
3256 1901 1903 1985 
3257 1035 1034 1980 
3258 480 489 490 
3259 874 1020 1867 
3260 942 809 944 
3261 710 708 2124 
3262 1108 490 1956 
3263 1636 1635 1637 
3264 772 764 1802 
3265 1546 979 1547 
3266 1660 1031 1674 
3267 426 424 1990 
3268 1202 1085 1454 
3269 1173 1190 2005 
3270 637 732 2023 
3271 806 731 876 
3272 1330 1397 1398 
3273 1074 1071 1850 
3274 984 981 1041 
3275 659 661 1962 
3276 1638 1637 1813 
3277 1168 1169 1170 
3278 1228 1457 1958 
3279 781 517 1955 
3280 613 637 2023 
3281 886 981 984 
3282 918 1865 2046 
3283 685 885 886 
3284 971 964 1991 
3285 2021 1858 2067 
3286 886 885 981 
3287 483 467 491 
3288 628 1857 2021 
3289 1942 1055 1975 
3290 497 492 514 
3291 667 670 1944 
3292 1354 1037 1932 
3293 1123 1119 2040 
3294 521 523 1963 
3295 1321 1172 1876 
3296 1317 1480 2015 
3297 791 793 2036 
3298 424 534 1990 
3299 1455 1085 2008 
3300 349 1830 2062 
3301 1707 697 1987 
3302 585 584 586 
3303 498 540 2038 
3304 1084 1085 1202 
3305 558 544 2169 
3306 432 434 919 
3307 632 633 1978 
3308 1102 1890 2026 
3309 900 678 1953 
3310 990 725 1999 
3311 886 1164 2004 
3312 823 1810 2026 
3313 1078 1076 1183 
3314 1659 1031 1660 
3315 497 514 515 
3316 654 653 655 
3317 427 410 1981 
3318 1635 1639 2033 
3319 928 1187 1984 
3320 1009 1178 1179 
3321 703 705 986 
3322 987 896 1968 
3323 1237 1236 2022 
3324 797 1948 2037 
3325 887 728 1979 
3326 517 518 519 
3327 1931 416 1972 
3328 615 653 654 
3329 1957 733 2035 
3330 682 618 1692 
3331 1100 1250 1276 
3332 76 77 201 
3333 1025 1258 1259 
3334 658 659 731 
3335 115 116 202 
3336 654 655 1983 
3337 1257 968 1805 
3338 1245 1000 1988 
3339 1956 880 2058 
3340 490 530 1956 
3341 464 427 1981 
3342 154 155 203 
3343 1478 1527 2053 
3344 820 774 1010 
3345 1045 1299 1974 
3346 1066 1984 2043 
3347 530 561 1956 
3348 955 983 1185 
3349 655 657 658 
3350 998 967 999 
3351 1948 1103 2037 
3352 480 479 489 
3353 517 515 518 
3354 1678 1907 2079 
3355 1034 1361 1980 
3356 1984 1187 2043 
3357 1444 1287 2087 
3358 873 862 2000 
3359 964 960 1992 
3360 631 599 647 
3361 1253 971 1991 
3362 259 256 2253 
3363 1915 871 2106 
3364 480 778 2027 
3365 697 699 1987 
3366 1003 464 1981 
3367 707 708 709 
3368 1021 876 1022 
3369 1001 1025 1975 
3370 1876 1172 2005 
3371 523 525 2042 
3372 1951 1313 2040 
3373 1001 1024 1025 
3374 615 652 653 
3375 1776 1772 2080 
3376 374 368 2082 
3377 1098 992 1328 
3378 658 806 1983 
3379 263 1875 2034 
3380 1256 1240 1377 
3381 864 887 2006 
3382 1265 1393 1410 
3383 725 1722 1999 
3384 1029 889 2028 
3385 1992 1248 1993 
3386 1041 1970 1971 
3387 1316 1429 2025 
3388 709 710 711 
3389 801 817 926 
3390 731 659 1962 
3391 1375 2018 2019 
3392 517 519 1955 
3393 1267 1266 1268 
3394 699 825 1987 
3395 1060 1058 2070 
3396 1103 1105 2037 
3397 1268 1266 1269 
3398 1050 962 2006 
3399 442 440 1965 
3400 999 967 1000 
3401 462 457 2013 
3402 967 966 1988 
3403 559 601 2109 
3404 1471 781 1955 
3405 896 900 1968 
3406 1285 987 1968 
3407 1810 1915 1916 
3408 809 632 1978 
3409 1868 1867 1897 
3410 685 886 2004 
3411 1299 1522 1974 
3412 866 868 894 
3413 1097 990 1999 
3414 1698 533 2100 
3415 1041 981 1969 
3416 960 1248 1992 
3417 953 876 1021 
3418 999 1000 1001 
3419 1031 943 1674 
3420 1021 1022 1277 
3421 707 709 902 
3422 1394 1257 2024 
3423 1268 1269 1270 
3424 1165 984 1989 
3425 1872 1630 2081 
3426 711 800 801 
3427 1000 967 1988 
3428 1178 868 2045 
3429 486 471 1985 
3430 862 1881 2000 
3431 1109 1957 2035 
3432 1248 924 2009 
3433 728 616 1979 
3434 801 800 816 
3435 1732 498 2038 
3436 924 922 2009 
3437 1888 2035 2060 
3438 1890 823 2026 
3439 1270 1362 1363 
3440 866 681 868 
3441 1874 259 2247 
3442 614 596 615 
3443 1009 1179 1278 
3444 884 1181 1200 
3445 1917 1916 1918 
3446 661 664 1962 
3447 1025 1024 1258 
3448 1292 1484 2069 
3449 732 1168 2023 
3450 1117 1951 2040 
3451 1969 1102 2091 
3452 1390 1262 1392 
3453 768 351 2062 
3454 2075 1314 2087 
3455 1090 947 2076 
3456 1991 964 1992 
3457 805 635 1878 
3458 43 2 196 
3459 1270 1269 1362 
3460 1001 1000 1024 
3461 825 701 2029 
3462 1903 1905 2041 
3463 1319 1706 2117 
3464 664 1320 1962 
3465 1377 1240 2022 
3466 471 1901 1985 
3467 1899 2286 2287 
3468 978 976 2012 
3469 1327 1199 2102 
3470 454 479 480 
3471 1362 1383 1413 
3472 1111 1109 2035 
3473 888 1100 2028 
3474 944 809 1978 
3475 890 957 2018 
3476 956 1582 1583 
3477 1810 1917 2026 
3478 718 1007 2038 
3479 976 1204 2012 
3480 495 462 2013 
3481 1926 1787 2046 
3482 1506 1508 2017 
3483 962 864 2006 
3484 894 868 1009 
3485 975 873 2000 
3486 780 426 1990 
3487 1119 1117 2040 
3488 984 1041 1989 
3489 2097 1310 2098 
3490 889 888 2028 
3491 1010 2077 2112 
3492 2063 406 2097 
3493 2157 1455 2233 
3494 1259 1258 1961 
3495 542 563 2021 
3496 949 1064 2076 
3497 1184 1675 2110 
3498 1123 2040 2075 
3499 701 703 2029 
3500 922 1029 2009 
3501 2089 1176 2103 
3502 2030 2031 2032 
3503 529 1985 2041 
3504 457 1733 2013 
3505 1379 1165 1989 
3506 1041 1971 1989 
3507 35 36 180 
3508 718 723 1007 
3509 563 628 2021 
3510 884 779 1181 
3511 1865 1926 2046 
3512 1207 975 2000 
3513 1024 1245 2030 
3514 1338 2192 2214 
3515 1177 1175 2016 
3516 106 107 205 
3517 502 2067 2095 
3518 145 146 206 
3519 1438 1188 2250 
3520 1960 840 2051 
3521 1516 1515 1517 
3522 1875 1874 2244 
3523 507 550 2055 
3524 875 874 966 
3525 67 68 207 
3526 817 874 875 
3527 875 966 967 
3528 2148 1528 2165 
3529 966 1868 1988 
3530 1236 1399 2022 
3531 502 501 2067 
3532 1375 1032 2018 
3533 1810 1916 1917 
3534 1917 1918 1919 
3535 817 816 874 
3536 655 658 1983 
3537 1889 1888 2060 
3538 1512 1515 1516 
3539 927 759 2088 
3540 1041 1969 1970 
3541 708 706 2092 
3542 1262 1259 1961 
3543 1520 1506 2017 
3544 2085 1686 2160 
3545 1637 1635 2033 
3546 1814 1163 2197 
3547 955 954 982 
3548 1800 2094 2102 
3549 2027 1322 2072 
3550 1175 1379 2016 
3551 1397 1177 2016 
3552 2035 733 2060 
3553 1855 2075 2087 
3554 2211 1323 2219 
3555 1985 1903 2041 
3556 1455 2157 2171 
3557 1209 978 2012 
3558 110 111 197 
3559 1187 1952 2043 
3560 1032 890 2018 
3561 149 150 198 
3562 71 72 199 
3563 801 816 817 
3564 1046 1047 1357 
3565 1787 1789 2046 
3566 1963 523 2042 
3567 1040 1039 1265 
3568 840 1852 2051 
3569 28 29 208 
3570 806 953 2121 
3571 917 1702 2093 
3572 1108 1956 2058 
3573 1040 1265 1266 
3574 1630 1631 2081 
3575 703 986 2029 
3576 1718 1827 2166 
3577 1004 1921 2053 
3578 983 982 1039 
3579 1100 1276 2028 
3580 2094 487 2102 
3581 983 1039 1040 
3582 452 780 2039 
3583 467 452 2039 
3584 1200 1181 1569 
3585 1508 1519 2017 
3586 1054 985 1288 
3587 509 507 2055 
3588 437 2081 2104 
3589 1701 437 2104 
3590 1484 1108 2058 
3591 1318 1981 2063 
3592 1276 1250 1364 
3593 1336 1960 2051 
3594 410 407 2063 
3595 1189 1438 2115 
3596 1732 2038 2086 
3597 875 998 2047 
3598 351 349 2062 
3599 804 954 955 
3600 1046 892 1047 
3601 1449 1191 2115 
3602 2040 1313 2075 
3603 1756 1875 2252 
3604 2007 2231 2232 
3605 552 537 2152 
3606 2110 1675 2120 
3607 955 982 983 
3608 918 2046 2083 
3609 615 654 2048 
3610 1675 1162 2120 
3611 2188 1291 2217 
3612 389 390 2101 
3613 1180 1178 2056 
3614 1736 1699 2114 
3615 714 1661 2204 
3616 108 109 169 
3617 147 148 170 
3618 1981 410 2063 
3619 1921 1478 2053 
3620 69 70 171 
3621 491 467 2039 
3622 1482 1292 2069 
3623 731 1962 2068 
3624 1868 1897 1898 
3625 2062 1830 2134 
3626 1638 2093 2104 
3627 40 41 161 
3628 670 2004 2064 
3629 1648 1649 2156 
3630 1855 1123 2075 
3631 1040 1267 2049 
3632 1258 1024 2030 
3633 1022 876 2068 
3634 32 33 200 
3635 1201 1161 2074 
3636 1737 1740 2090 
3637 779 614 2048 
3638 1547 979 1658 
3639 1788 1786 2065 
3640 542 2021 2067 
3641 733 1938 2060 
3642 1313 1314 2075 
3643 1009 1278 2061 
3644 2247 259 2253 
3645 1583 1584 1585 
3646 2187 1558 2194 
3647 2064 1174 2089 
3648 1020 1844 1867 
3649 1234 2281 2288 
3650 501 542 2067 
3651 1257 1805 2024 
3652 947 949 2076 
3653 1916 1915 2052 
3654 681 631 2045 
3655 612 2023 2084 
3656 2038 1007 2086 
3657 1679 1678 2079 
3658 550 505 2095 
3659 37 38 204 
3660 1519 1510 2059 
3661 1392 1262 1961 
3662 705 707 2044 
3663 1802 1599 2077 
3664 1827 1687 2085 
3665 406 1310 2097 
3666 1170 1321 2084 
3667 1185 983 2049 
3668 1010 1528 2148 
3669 757 927 2113 
3670 1330 2143 2174 
3671 784 753 2113 
3672 631 647 2045 
3673 436 2027 2072 
3674 1944 670 2064 
3675 2230 887 2260 
3676 1772 1774 2080 
3677 30 31 172 
3678 1962 1320 2068 
3679 1322 1482 2078 
3680 402 1950 2101 
3681 986 705 2044 
3682 1051 1021 2054 
3683 434 436 2072 
3684 614 615 2048 
3685 1010 774 2077 
3686 1933 1201 2138 
3687 926 817 2047 
3688 1319 2097 2098 
3689 894 1009 2061 
3690 2004 1164 2064 
3691 774 772 2077 
3692 868 681 2045 
3693 707 902 2044 
3694 2077 1599 2112 
3695 2084 1321 2109 
3696 1510 1512 2059 
3697 1058 1285 2070 
3698 2046 1789 2083 
3699 2244 1874 2247 
3700 817 875 2047 
3701 772 1802 2077 
3702 372 1958 2168 
3703 1269 1266 2050 
3704 345 335 2130 
3705 1181 779 2048 
3706 627 1527 2147 
3707 985 894 2061 
3708 648 1604 2228 
3709 919 434 2072 
3710 955 1185 2073 
3711 1318 2063 2097 
3712 1087 1319 2117 
3713 278 281 2122 
3714 2067 1858 2095 
3715 876 731 2068 
3716 388 374 2082 
3717 587 2149 2158 
3718 1265 1410 2050 
3719 1767 1716 2145 
3720 1908 2150 2162 
3721 1205 1651 2154 
3722 1877 747 2123 
3723 1686 1685 2198 
3724 983 1040 2049 
3725 1266 1265 2050 
3726 1933 2139 2140 
3727 1631 1636 2081 
3728 389 2101 2146 
3729 759 782 2088 
3730 1716 1717 2153 
3731 2023 1168 2084 
3732 751 784 2123 
3733 2105 1983 2121 
3734 1741 1743 2111 
3735 1287 1855 2087 
3736 1310 1808 2098 
3737 1889 2060 2094 
3738 1021 1277 2054 
3739 487 470 2108 
3740 1597 1732 2086 
3741 1789 1791 2083 
3742 1720 1721 2134 
3743 1689 1737 2090 
3744 1721 2062 2134 
3745 1702 1701 2093 
3746 1662 1644 2158 
3747 1303 1156 2128 
3748 706 818 2092 
3749 1337 1368 2238 
3750 1613 1611 2182 
3751 612 2084 2109 
3752 2007 2230 2231 
3753 2026 1917 2091 
3754 892 805 2066 
3755 1288 985 2061 
3756 1512 1516 2059 
3757 1800 1889 2094 
3758 1314 2001 2099 
3759 1729 1731 2125 
3760 1168 1170 2084 
3761 785 847 2132 
3762 1614 1197 2188 
3763 1007 723 2073 
3764 1444 2087 2099 
3765 1944 2064 2089 
3766 2001 1434 2099 
3767 723 804 2073 
3768 1245 1988 2071 
3769 533 1671 2100 
3770 724 1944 2089 
3771 512 554 2141 
3772 472 495 2119 
3773 2234 1326 2236 
3774 805 1878 2066 
3775 1193 1449 2151 
3776 849 2159 2166 
3777 1938 487 2094 
3778 2036 1583 2106 
3779 2153 1717 2159 
3780 1988 1868 2071 
3781 1102 2026 2091 
3782 2060 1938 2094 
3783 633 589 2135 
3784 1458 1195 2151 
3785 2145 1716 2153 
3786 505 502 2095 
3787 470 485 2108 
3788 1319 1318 2097 
3789 1047 892 2066 
3790 2081 1636 2104 
3791 654 1983 2105 
3792 1311 2086 2144 
3793 537 513 2127 
3794 1963 1709 2116 
3795 804 955 2073 
3796 1868 1898 2071 
3797 550 2095 2110 
3798 1199 1800 2102 
3799 1078 1183 2118 
3800 390 402 2101 
3801 1698 2100 2218 
3802 2008 1080 2118 
3803 577 579 2157 
3804 1917 1919 2091 
3805 2019 2018 2096 
3806 2079 1907 2240 
3807 1908 1198 2150 
3808 1720 2134 2145 
3809 2018 957 2096 
3810 2173 607 2217 
3811 724 2089 2103 
3812 730 1736 2235 
3813 2048 654 2105 
3814 328 325 2164 
3815 1320 724 2103 
3816 1327 2102 2108 
3817 1541 1210 2175 
3818 504 506 2173 
3819 1181 2048 2105 
3820 783 849 2160 
3821 1583 1585 2106 
3822 2108 485 2141 
3823 1749 1741 2111 
3824 871 2036 2106 
3825 553 511 2136 
3826 2087 1314 2099 
3827 849 848 2159 
3828 1599 1598 2112 
3829 1569 2105 2121 
3830 550 2110 2120 
3831 656 2272 2279 
3832 1105 2278 2280 
3833 1877 2123 2216 
3834 1875 2244 2252 
3835 1623 1621 2146 
3836 2146 1621 2163 
3837 601 612 2109 
3838 1858 1184 2110 
3839 539 1963 2116 
3840 587 531 2149 
3841 753 757 2113 
3842 1183 1076 2137 
3843 918 2083 2135 
3844 1074 1850 2137 
3845 1636 1638 2104 
3846 2221 1211 2224 
3847 1699 1698 2114 
3848 1260 1428 2193 
3849 1811 1558 2187 
3850 600 558 2167 
3851 1191 1189 2115 
3852 2176 1592 2185 
3853 559 2109 2133 
3854 1638 1813 2129 
3855 103 104 181 
3856 142 143 182 
3857 2102 487 2108 
3858 2160 1686 2198 
3859 64 65 183 
3860 1612 2178 2182 
3861 1241 2155 2205 
3862 1290 1289 2179 
3863 1569 1052 2161 
3864 1569 1181 2105 
3865 1305 1087 2117 
3866 25 26 184 
3867 509 2055 2149 
3868 820 1010 2148 
3869 1328 992 2148 
3870 2095 1858 2110 
3871 1748 2225 2229 
3872 2101 1623 2146 
3873 1327 2108 2141 
3874 1723 245 2207 
3875 1294 1227 2194 
3876 1736 2114 2227 
3877 1080 1078 2118 
3878 250 253 2199 
3879 484 472 2119 
3880 1163 963 2197 
3881 281 730 2122 
3882 1433 1301 2183 
3883 2143 1277 2174 
3884 1192 1197 2178 
3885 1612 2005 2178 
3886 651 1488 2245 
3887 849 2085 2160 
3888 2141 554 2150 
3889 1196 1291 2188 
3890 2055 550 2120 
3891 747 751 2123 
3892 1154 1432 2200 
3893 1941 2127 2290 
3894 1803 1997 2142 
3895 2055 1663 2149 
3896 1320 2103 2131 
3897 1153 1146 2200 
3898 1338 1207 2185 
3899 568 1811 2187 
3900 1286 1443 2126 
3901 1156 1286 2128 
3902 717 345 2130 
3903 1197 1194 2188 
3904 513 529 2127 
3905 2005 1190 2178 
3906 708 2092 2124 
3907 1723 1333 2263 
3908 1671 721 2224 
3909 1286 2126 2128 
3910 1621 1619 2163 
3911 836 785 2132 
3912 2131 1329 2174 
3913 1755 1756 2242 
3914 714 570 2187 
3915 1983 806 2121 
3916 1200 1569 2161 
3917 2093 1638 2129 
3918 1907 1729 2125 
3919 1997 919 2142 
3920 2149 1663 2158 
3921 1830 726 2134 
3922 917 2093 2129 
3923 500 535 2214 
3924 237 236 238 
3925 1958 1457 2168 
3926 484 2119 2136 
3927 1479 1595 2147 
3928 1186 2162 2172 
3929 528 476 2192 
3930 1263 1430 2212 
3931 589 918 2135 
3932 1321 1876 2133 
3933 538 553 2191 
3934 1043 1209 2190 
3935 1750 1745 2216 
3936 1186 1908 2162 
3937 711 801 2201 
3938 1527 1479 2147 
3939 2150 554 2162 
3940 2107 504 2173 
3941 1428 1261 2212 
3942 1725 389 2146 
3943 511 484 2136 
3944 1223 1221 2219 
3945 2138 1980 2139 
3946 1076 1074 2137 
3947 919 2078 2142 
3948 1539 719 2156 
3949 1202 1454 2196 
3950 1619 1617 2180 
3951 1649 594 2233 
3952 2074 1161 2215 
3953 1736 2227 2235 
3954 572 714 2204 
3955 1942 1975 2193 
3956 726 1767 2145 
3957 1329 1330 2174 
3958 719 1648 2156 
3959 617 593 2206 
3960 1035 1980 2138 
3961 485 512 2141 
3962 1763 1092 2210 
3963 1725 2146 2163 
3964 2134 726 2145 
3965 1807 1324 2169 
3966 1007 2073 2144 
3967 2073 1185 2144 
3968 1211 1150 2218 
3969 1933 2138 2139 
3970 1152 1211 2221 
3971 2123 1750 2216 
3972 2109 1321 2133 
3973 2180 1617 2195 
3974 2216 1745 2226 
3975 1325 2155 2203 
3976 1022 2068 2131 
3977 1022 2131 2174 
3978 2068 1320 2131 
3979 2163 1619 2180 
3980 992 820 2148 
3981 1541 2190 2202 
3982 1204 1338 2213 
3983 531 509 2149 
3984 648 576 2211 
3985 1198 1327 2150 
3986 1745 1746 2226 
3987 604 1311 2223 
3988 1441 2173 2217 
3989 1900 1186 2172 
3990 1900 2172 2177 
3991 1330 1398 2143 
3992 1325 679 2155 
3993 1195 1193 2151 
3994 1550 2202 2222 
3995 1720 2145 2153 
3996 2159 1717 2166 
3997 1614 2188 2217 
3998 633 1814 2215 
3999 1011 1720 2153 
4000 1307 1205 2154 
4001 647 599 2209 
4002 2242 1756 2252 
4003 1617 1212 2195 
4004 822 684 2220 
4005 1663 1662 2158 
4006 594 577 2157 
4007 2000 1881 2176 
4008 1324 1239 2205 
4009 537 2127 2152 
4010 2254 1489 2262 
4011 2125 1731 2243 
4012 1457 1571 2168 
4013 2086 1007 2144 
4014 1011 2153 2159 
4015 1746 1748 2229 
4016 554 1863 2162 
4017 848 1011 2159 
4018 1446 1445 2201 
4019 782 783 2160 
4020 1328 1615 2249 
4021 1528 1459 2165 
4022 1978 633 2215 
4023 729 1725 2163 
4024 1331 2177 2186 
4025 1212 1208 2208 
4026 339 328 2164 
4027 1151 1930 2227 
4028 2162 1863 2172 
4029 2208 1208 2210 
4030 1331 1900 2177 
4031 1717 1718 2166 
4032 2226 1746 2229 
4033 1327 2141 2150 
4034 1769 1768 2241 
4035 1274 1200 2161 
4036 1242 2170 2175 
4037 578 648 2228 
4038 2100 1211 2218 
4039 2195 1212 2208 
4040 1242 1565 2170 
4041 2008 2118 2233 
4042 1217 1215 2236 
4043 1982 604 2237 
4044 1748 1752 2225 
4045 2157 579 2171 
4046 679 600 2167 
4047 2202 1209 2222 
4048 1982 2237 2246 
4049 1210 1242 2175 
4050 2167 558 2169 
4051 1863 1795 2172 
4052 1332 2186 2189 
4053 506 607 2173 
4054 2172 1795 2177 
4055 729 2163 2180 
4056 476 500 2192 
4057 1795 649 2177 
4058 2270 1343 2271 
4059 1836 729 2180 
4060 1332 1331 2186 
4061 2177 649 2186 
4062 1768 1213 2248 
4063 1442 1290 2179 
4064 651 582 2234 
4065 1611 1612 2182 
4066 2243 1731 2261 
4067 1190 1192 2178 
4068 1439 2291 2292 
4069 1444 2099 2184 
4070 1434 1433 2181 
4071 782 2160 2198 
4072 649 1806 2186 
4073 1277 1022 2174 
4074 2099 1434 2184 
4075 607 1614 2217 
4076 1311 2144 2223 
4077 2230 1363 2231 
4078 1207 2000 2176 
4079 2241 1768 2248 
4080 2203 1337 2238 
4081 1301 1431 2183 
4082 1836 2180 2195 
4083 2186 1806 2189 
4084 592 2261 2266 
4085 1803 2142 2241 
4086 2007 2006 2230 
4087 1341 1593 2251 
4088 492 491 2240 
4089 570 568 2187 
4090 2114 1151 2227 
4091 1194 1196 2188 
4092 1806 829 2189 
4093 1763 2210 2221 
4094 2118 1649 2233 
4095 1593 1592 2239 
4096 1049 1043 2190 
4097 565 1550 2222 
4098 1334 1332 2189 
4099 1558 1294 2194 
4100 2248 1213 2255 
4101 1434 2181 2184 
4102 963 1035 2197 
4103 515 514 2243 
4104 1213 1214 2255 
4105 557 538 2191 
4106 1338 2185 2192 
4107 491 2079 2240 
4108 2144 1185 2223 
4109 2176 1881 2239 
4110 463 1836 2195 
4111 253 1832 2199 
4112 1550 715 2202 
4113 1975 1260 2193 
4114 1441 2107 2173 
4115 1324 2167 2169 
4116 2255 1214 2258 
4117 1146 1154 2200 
4118 1343 1821 2271 
4119 679 2167 2205 
4120 1472 1202 2196 
4121 1763 2221 2224 
4122 2185 528 2192 
4123 245 1797 2207 
4124 2142 1769 2241 
4125 1341 2251 2259 
4126 584 651 2245 
4127 1363 2230 2260 
4128 1820 463 2208 
4129 574 572 2204 
4130 463 2195 2208 
4131 593 597 2206 
4132 1035 2074 2197 
4133 801 926 2201 
4134 1860 1859 2258 
4135 1820 2208 2210 
4136 1339 1726 2293 
4137 1853 1835 2262 
4138 1098 1328 2249 
4139 2190 1209 2202 
4140 652 596 2254 
4141 647 2209 2274 
4142 860 1610 2276 
4143 2167 1324 2205 
4144 935 1860 2265 
4145 592 520 2261 
4146 1593 2239 2251 
4147 557 2191 2209 
4148 1730 1818 2266 
4149 2225 847 2229 
4150 2088 782 2198 
4151 1092 1820 2210 
4152 574 2204 2211 
4153 775 1982 2246 
4154 1229 1342 2268 
4155 599 557 2209 
4156 388 2082 2250 
4157 576 574 2211 
4158 604 2223 2237 
4159 514 2125 2243 
4160 1860 2258 2265 
4161 535 565 2214 
4162 1066 1883 2264 
4163 935 2265 2268 
4164 1261 1263 2212 
4165 2066 1325 2203 
4166 836 2132 2242 
4167 2213 1338 2214 
4168 761 1877 2216 
4169 1161 1978 2215 
4170 1340 1341 2259 
4171 721 1763 2224 
4172 2012 1204 2213 
4173 1323 1223 2219 
4174 1150 1151 2218 
4175 1291 1441 2217 
4176 1047 2066 2203 
4177 994 1066 2264 
4178 775 2246 2257 
4179 850 935 2269 
4180 2132 1755 2242 
4181 2082 1438 2250 
4182 1208 1152 2221 
4183 1979 775 2257 
4184 1592 2176 2239 
4185 684 776 2220 
4186 761 2216 2226 
4187 1207 2176 2185 
4188 1312 1232 2274 
4189 1979 2257 2260 
4190 1924 761 2226 
4191 1342 1343 2270 
4192 2132 847 2225 
4193 2269 1342 2270 
4194 1209 2012 2222 
4195 1340 2259 2267 
4196 1930 1304 2227 
4197 2012 2213 2222 
4198 2155 679 2205 
4199 1185 2049 2223 
4200 1924 2226 2229 
4201 2002 2267 2273 
4202 580 578 2228 
4203 2281 1608 2288 
4204 847 1924 2229 
4205 1607 1608 2280 
4206 2213 565 2222 
4207 887 1979 2260 
4208 2002 1340 2267 
4209 2210 1208 2221 
4210 1344 1180 2277 
4211 2227 1304 2235 
4212 2274 1232 2277 
4213 2266 1818 2271 
4214 580 2228 2234 
4215 2272 1835 2279 
4216 1047 2203 2238 
4217 1105 1104 2278 
4218 582 580 2234 
4219 2006 887 2230 
4220 1278 1447 2294 
4221 1234 2037 2281 
4222 995 1182 2283 
4223 1455 2008 2233 
4224 2209 1312 2274 
4225 1304 1448 2235 
4226 1326 1217 2236 
4227 2286 1019 2287 
4228 656 653 2272 
4229 1899 1233 2286 
4230 941 1019 2288 
4231 2237 1267 2246 
4232 1940 1941 2290 
4233 2223 2049 2237 
4234 340 1803 2241 
4235 565 2213 2214 
4236 2049 1267 2237 
4237 1357 1047 2238 
4238 514 492 2240 
4239 1344 2277 2283 
4240 1881 934 2239 
4241 1852 836 2242 
4242 2291 1885 2292 
4243 2278 1610 2280 
4244 1230 2275 2276 
4245 518 515 2243 
4246 340 2241 2248 
4247 1854 340 2248 
4248 1336 2244 2247 
4249 1335 1336 2247 
4250 934 1886 2251 
4251 1852 2242 2252 
4252 1353 1098 2249 
4253 1336 2051 2244 
4254 586 584 2245 
4255 1267 1268 2246 
4256 2239 934 2251 
4257 1429 388 2250 
4258 1335 2247 2253 
4259 1952 1335 2253 
4260 1235 2002 2273 
4261 2261 1731 2266 
4262 1854 2248 2255 
4263 2251 1886 2259 
4264 1230 1235 2275 
4265 2051 1852 2252 
4266 2246 1268 2257 
4267 529 2041 2290 
4268 518 2243 2261 
4269 586 2245 2254 
4270 1235 2273 2275 
4271 787 1854 2255 
4272 2244 2051 2252 
4273 1353 2249 2256 
4274 596 586 2254 
4275 1403 1353 2256 
4276 787 2255 2258 
4277 1268 1270 2257 
4278 653 652 2272 
4279 1859 787 2258 
4280 1818 2270 2271 
4281 247 244 2292 
4282 2257 1270 2260 
4283 1886 1017 2259 
4284 2258 1214 2265 
4285 2276 1610 2278 
4286 520 518 2261 
4287 1270 1363 2260 
4288 1489 1853 2262 
4289 1214 1892 2265 
4290 1182 994 2264 
4291 1333 1334 2263 
4292 1017 1666 2267 
4293 2267 1666 2273 
4294 1731 1730 2266 
4295 2259 1017 2267 
4296 2265 1892 2268 
4297 234 236 237 
4298 1892 1229 2268 
4299 1015 850 2269 
4300 1015 2269 2270 
4301 1818 1015 2270 
4302 1821 592 2271 
4303 2262 1835 2272 
4304 1179 1339 2293 
4305 1666 858 2273 
4306 1864 656 2279 
4307 2056 647 2274 
4308 592 2266 2271 
4309 2275 1596 2276 
4310 2273 858 2275 
4311 2056 2274 2277 
4312 858 1596 2275 
4313 2280 1608 2281 
4314 1864 2279 2282 
4315 882 1864 2282 
4316 1596 860 2276 
4317 1608 941 2288 
4318 1835 1834 2279 
4319 1091 1573 2285 
4320 1610 1607 2280 
4321 1573 882 2284 
4322 1104 1230 2278 
4323 2283 1182 2291 
4324 2061 1278 2294 
4325 882 2282 2284 
4326 2279 1834 2282 
4327 1180 2056 2277 
4328 2037 1105 2281 
4329 1573 2284 2285 
4330 1834 1937 2282 
4331 1232 995 2283 
4332 2284 1346 2285 
4333 1346 1345 2285 
4334 2282 1937 2284 
4335 1937 1346 2284 
4336 1019 1091 2287 
4337 1233 1234 2286 
4338 2285 1345 2287 
4339 1345 1899 2287 
4340 1091 2285 2287 
4341 652 2262 2272 
4342 2277 1232 2283 
4343 2041 1905 2289 
4344 1019 2286 2288 
4345 2289 1940 2290 
4346 1439 1344 2291 
4347 1230 2276 2278 
4348 1182 1885 2291 
4349 1105 2280 2281 
4350 1885 247 2292 
4351 1344 2283 2291 
4352 2286 1234 2288 
4353 1278 1179 2293 
4354 2041 2289 2290 
4355 1288 2061 2294 
4356 235 232 1422 
4357 234 235 236 
4358 2295 1423 2297 
4359 1764 1006 2298 
4360 1423 1006 2297 
4361 829 1764 2296 
4362 1334 2189 2296 
4363 1033 1376 2297 
4364 1006 893 2297 
4365 234 232 235 
4366 233 234 1417 
4367 1417 1423 2295 
4368 2189 829 2296 
4369 893 1033 2297 
4370 1006 1423 2298 
4371 1423 1418 2298 
4372 1418 1420 2298 
4373 233 232 234 
4374 230 233 1421 
4375 230 232 233 
4376 230 231 232 
4377 230 228 231 
4378 2336 2232 2464 
4379 229 228 230 
4380 1462 1465 2299 
4381 1381 1382 2299 
4382 1382 1462 2299 
4383 1408 1349 1409 
4384 227 228 229 
4385 1405 205 2329 
4386 226 1349 1408 
4387 227 226 228 
4388 2305 167 2319 
4389 2007 2232 2301 
4390 1361 1050 2301 
4391 1030 1054 2303 
4392 27 1404 2453 
4393 1514 1511 2300 
4394 1051 2054 2305 
4395 2351 1394 2425 
4396 1050 2007 2301 
4397 226 225 1349 
4398 209 226 227 
4399 1399 215 2394 
4400 211 1401 2373 
4401 2347 192 2357 
4402 1415 1374 2302 
4403 1249 1030 2303 
4404 1359 1543 2308 
4405 2370 2320 2447 
4406 1367 1051 2305 
4407 1396 1274 2311 
4408 2161 1367 2311 
4409 201 1509 2457 
4410 2308 1544 2309 
4411 1246 1560 2312 
4412 1562 180 2442 
4413 165 2320 2370 
4414 1470 1251 2313 
4415 1561 1562 2313 
4416 1366 1552 2314 
4417 182 1395 2380 
4418 209 227 2318 
4419 1397 190 2381 
4420 1543 1544 2308 
4421 1413 1383 2372 
4422 1473 1385 2342 
4423 1819 1203 2342 
4424 1547 1659 2343 
4425 1359 2308 2360 
4426 2343 1659 2375 
4427 1843 1846 2344 
4428 1992 1993 2347 
4429 227 229 2349 
4430 1567 207 2423 
4431 191 2139 2399 
4432 1274 2161 2311 
4433 1961 1258 2354 
4434 2030 2032 2354 
4435 209 225 226 
4436 1411 1393 2386 
4437 1373 1375 2355 
4438 1415 2302 2349 
4439 2302 166 2349 
4440 1249 2303 2350 
4441 1918 1916 2356 
4442 1253 1991 2357 
4443 1403 1549 2358 
4444 2303 1409 2398 
4445 2308 164 2360 
4446 1691 1360 2360 
4447 1378 1246 2312 
4448 2358 1549 2428 
4449 1993 2310 2347 
4450 1251 1561 2313 
4451 1552 1553 2314 
4452 1970 1969 2366 
4453 2091 1919 2366 
4454 101 102 225 
4455 3 83 2325 
4456 4 122 2326 
4457 119 120 2315 
4458 109 110 2316 
4459 209 101 225 
4460 193 3 2325 
4461 194 4 2326 
4462 41 42 2322 
4463 186 123 2317 
4464 75 76 2324 
4465 100 209 2318 
4466 139 210 2319 
4467 61 211 2320 
4468 22 212 2321 
4469 188 45 2323 
4470 124 218 2317 
4471 107 108 2329 
4472 68 69 2330 
4473 166 99 2318 
4474 167 138 2319 
4475 29 30 2331 
4476 83 185 2325 
4477 122 186 2326 
4478 46 224 2323 
4479 165 60 2320 
4480 168 21 2321 
4481 215 58 2327 
4482 216 19 2328 
4483 224 47 2332 
4484 162 119 2315 
4485 99 100 2318 
4486 138 139 2319 
4487 60 61 2320 
4488 21 22 2321 
4489 59 165 2327 
4490 20 168 2328 
4491 123 124 2317 
4492 176 11 2336 
4493 220 92 2333 
4494 221 131 2334 
4495 93 189 2333 
4496 132 190 2334 
4497 222 14 2335 
4498 15 191 2335 
4499 45 46 2323 
4500 92 93 2333 
4501 131 132 2334 
4502 58 59 2327 
4503 19 20 2328 
4504 14 15 2335 
4505 33 34 2341 
4506 47 48 2332 
4507 110 197 2316 
4508 177 75 2324 
4509 76 201 2324 
4510 120 121 2337 
4511 169 109 2316 
4512 11 12 2336 
4513 38 39 2340 
4514 34 35 2339 
4515 117 118 2338 
4516 161 41 2322 
4517 118 162 2338 
4518 200 33 2341 
4519 121 194 2337 
4520 108 169 2329 
4521 69 171 2330 
4522 205 107 2329 
4523 207 68 2330 
4524 30 172 2331 
4525 35 180 2339 
4526 208 29 2331 
4527 204 38 2340 
4528 2096 1391 2359 
4529 1766 1819 2403 
4530 1544 1605 2368 
4531 1574 1352 2365 
4532 1402 208 2365 
4533 1203 1473 2342 
4534 50 51 2345 
4535 1256 1377 2370 
4536 89 90 2348 
4537 1548 1547 2343 
4538 212 2343 2375 
4539 145 206 2351 
4540 149 198 2352 
4541 170 148 2352 
4542 1401 1357 2373 
4543 2238 1368 2373 
4544 1364 1250 2374 
4545 71 199 2353 
4546 171 70 2353 
4547 1844 1843 2344 
4548 1515 1514 2377 
4549 1847 1518 2377 
4550 187 1411 2387 
4551 175 50 2345 
4552 1919 1918 2346 
4553 1413 176 2385 
4554 1991 1992 2347 
4555 173 89 2348 
4556 229 1415 2349 
4557 2371 2321 2375 
4558 1362 1413 2385 
4559 2231 1363 2385 
4560 103 181 2361 
4561 1393 1039 2386 
4562 982 1273 2386 
4563 1387 1249 2350 
4564 86 87 2362 
4565 144 145 2351 
4566 148 149 2352 
4567 2310 192 2347 
4568 32 200 2363 
4569 172 31 2363 
4570 1349 225 2361 
4571 70 71 2353 
4572 1499 1494 2395 
4573 67 207 2367 
4574 2315 120 2337 
4575 34 2339 2341 
4576 1588 1589 2396 
4577 1366 2314 2438 
4578 2139 1980 2399 
4579 1258 2030 2354 
4580 2022 1399 2394 
4581 2306 2054 2444 
4582 1469 1470 2452 
4583 1388 206 2433 
4584 2332 1364 2374 
4585 2019 2096 2359 
4586 1564 1272 2390 
4587 1932 1933 2405 
4588 98 166 2369 
4589 213 97 2369 
4590 1375 2020 2355 
4591 214 2306 2444 
4592 1276 1364 2404 
4593 2330 171 2395 
4594 2321 212 2375 
4595 184 2358 2428 
4596 219 8 2372 
4597 1467 161 2424 
4598 219 1410 2393 
4599 1916 2052 2356 
4600 91 220 2376 
4601 1374 1373 2410 
4602 1400 1253 2357 
4603 166 2302 2369 
4604 1404 1403 2358 
4605 185 84 2378 
4606 85 217 2378 
4607 1511 1509 2411 
4608 2170 1565 2412 
4609 1407 1356 2412 
4610 1548 2343 2384 
4611 2032 2031 2362 
4612 43 196 2379 
4613 1360 1359 2360 
4614 2356 2052 2364 
4615 2330 2395 2423 
4616 190 133 2381 
4617 1389 1401 2402 
4618 1847 2377 2420 
4619 174 128 2382 
4620 40 161 2383 
4621 212 23 2384 
4622 202 1531 2430 
4623 102 103 2361 
4624 5 187 2387 
4625 195 1 2387 
4626 1398 1397 2381 
4627 217 86 2362 
4628 49 175 2389 
4629 1505 1503 2422 
4630 225 102 2361 
4631 200 2314 2363 
4632 1273 1690 2388 
4633 224 2374 2391 
4634 187 6 2393 
4635 7 219 2393 
4636 1465 1464 2424 
4637 2314 200 2438 
4638 31 32 2363 
4639 204 1562 2442 
4640 1254 1365 2427 
4641 1546 1548 2428 
4642 2052 1585 2364 
4643 1352 1402 2365 
4644 158 159 2400 
4645 1548 2384 2408 
4646 81 82 2401 
4647 167 2306 2462 
4648 2306 214 2462 
4649 1989 1971 2443 
4650 2054 1277 2444 
4651 64 183 2402 
4652 2348 90 2376 
4653 1647 1358 2461 
4654 1645 1646 2449 
4655 1969 2091 2366 
4656 66 67 2367 
4657 1465 2322 2379 
4658 126 127 2406 
4659 224 2332 2374 
4660 150 151 2407 
4661 25 184 2408 
4662 1660 1355 2371 
4663 2322 1465 2424 
4664 186 2317 2364 
4665 1919 2346 2406 
4666 141 142 2380 
4667 213 2369 2410 
4668 2309 1544 2368 
4669 1392 2348 2376 
4670 2333 189 2359 
4671 130 221 2413 
4672 1368 2370 2447 
4673 13 222 2416 
4674 181 104 2418 
4675 186 2364 2397 
4676 2322 42 2379 
4677 80 81 2420 
4678 1364 2332 2389 
4679 1392 1961 2448 
4680 1414 202 2426 
4681 97 98 2369 
4682 2340 39 2383 
4683 182 143 2425 
4684 202 116 2426 
4685 1368 1256 2370 
4686 178 114 2430 
4687 115 202 2430 
4688 2343 212 2384 
4689 2332 48 2389 
4690 159 160 2432 
4691 142 182 2380 
4692 147 170 2433 
4693 206 146 2433 
4694 183 65 2436 
4695 2305 2319 2435 
4696 96 213 2437 
4697 2361 181 2398 
4698 72 73 2440 
4699 74 177 2441 
4700 8 9 2372 
4701 180 36 2442 
4702 37 204 2442 
4703 1844 2344 2415 
4704 2325 185 2415 
4705 1357 2238 2373 
4706 1553 1574 2431 
4707 135 214 2446 
4708 208 2331 2365 
4709 137 167 2462 
4710 214 136 2462 
4711 106 205 2450 
4712 1250 1347 2374 
4713 2371 1355 2392 
4714 184 26 2453 
4715 210 140 2460 
4716 88 173 2458 
4717 56 57 2454 
4718 18 216 2455 
4719 162 2315 2396 
4720 2364 1585 2397 
4721 2362 87 2458 
4722 1407 112 2419 
4723 1659 1660 2375 
4724 90 91 2376 
4725 192 55 2414 
4726 1518 1515 2377 
4727 84 85 2378 
4728 2346 126 2406 
4729 2232 2336 2416 
4730 1354 1932 2421 
4731 1391 1390 2429 
4732 1564 2390 2451 
4733 2323 224 2391 
4734 42 43 2379 
4735 1395 1396 2380 
4736 1355 1354 2392 
4737 2374 1347 2391 
4738 141 2380 2460 
4739 168 2371 2392 
4740 1405 2329 2390 
4741 1272 1405 2390 
4742 2336 12 2416 
4743 1660 2371 2375 
4744 2312 183 2436 
4745 1846 1847 2465 
4746 133 134 2381 
4747 112 113 2419 
4748 168 2321 2371 
4749 128 129 2382 
4750 2348 1392 2448 
4751 2350 181 2418 
4752 39 40 2383 
4753 2369 2302 2410 
4754 23 24 2384 
4755 1349 2361 2398 
4756 2335 191 2399 
4757 1363 1362 2385 
4758 2032 2362 2458 
4759 117 2338 2426 
4760 1039 982 2386 
4761 1 5 2387 
4762 48 49 2389 
4763 162 2396 2456 
4764 1377 2022 2394 
4765 1347 1350 2391 
4766 180 1412 2427 
4767 6 7 2393 
4768 2377 163 2420 
4769 1350 1369 2409 
4770 1494 1493 2395 
4771 1367 2305 2435 
4772 213 2355 2437 
4773 144 2351 2425 
4774 1691 2360 2400 
4775 1589 1372 2396 
4776 2380 1396 2460 
4777 1585 1584 2397 
4778 1409 1349 2398 
4779 1980 1361 2399 
4780 2358 184 2453 
4781 164 158 2400 
4782 1398 2381 2446 
4783 82 193 2401 
4784 2407 1647 2461 
4785 2323 2391 2409 
4786 178 1406 2419 
4787 2316 1565 2451 
4788 63 64 2402 
4789 1996 2010 2417 
4790 1387 2350 2418 
4791 2357 192 2414 
4792 2010 1276 2404 
4793 1819 2342 2403 
4794 1933 2140 2405 
4795 127 174 2406 
4796 2326 186 2397 
4797 1369 1381 2463 
4798 2329 169 2390 
4799 151 152 2459 
4800 2328 168 2392 
4801 215 2327 2394 
4802 198 150 2407 
4803 24 25 2408 
4804 66 2367 2436 
4805 2339 180 2427 
4806 1574 2365 2431 
4807 2384 24 2408 
4808 1387 2418 2450 
4809 55 56 2414 
4810 2395 1493 2423 
4811 1584 1586 2434 
4812 175 2345 2417 
4813 113 178 2419 
4814 1381 2307 2463 
4815 2359 1391 2429 
4816 2382 129 2413 
4817 1356 2170 2412 
4818 2302 1374 2410 
4819 2311 1367 2435 
4820 2300 1511 2411 
4821 2335 2399 2445 
4822 129 130 2413 
4823 216 2405 2455 
4824 1897 1844 2415 
4825 1765 198 2461 
4826 12 13 2416 
4827 2396 1372 2456 
4828 2355 2020 2437 
4829 2342 1388 2403 
4830 2390 169 2451 
4831 1404 2358 2453 
4832 104 105 2418 
4833 1406 1407 2419 
4834 1565 1564 2451 
4835 2360 164 2400 
4836 2313 204 2452 
4837 2391 1350 2409 
4838 1509 1507 2457 
4839 204 2340 2452 
4840 163 80 2420 
4841 1847 2401 2465 
4842 2381 134 2446 
4843 188 2323 2409 
4844 210 2311 2435 
4845 1503 1513 2422 
4846 2140 17 2455 
4847 177 2422 2441 
4848 1493 1567 2423 
4849 1464 1467 2424 
4850 143 144 2425 
4851 116 117 2426 
4852 1412 1254 2427 
4853 1549 1546 2428 
4854 114 115 2430 
4855 2341 1365 2438 
4856 160 195 2432 
4857 161 2322 2424 
4858 1961 2354 2448 
4859 2333 2359 2429 
4860 146 147 2433 
4861 207 2330 2423 
4862 1361 2301 2445 
4863 65 66 2436 
4864 2399 1361 2445 
4865 95 96 2437 
4866 1365 1366 2438 
4867 2301 222 2445 
4868 1507 1505 2439 
4869 2373 1368 2447 
4870 2365 2331 2431 
4871 199 72 2440 
4872 152 179 2459 
4873 73 74 2441 
4874 216 2328 2421 
4875 1371 2338 2456 
4876 36 37 2442 
4877 1379 1989 2443 
4878 2344 1846 2465 
4879 1277 2143 2444 
4880 1400 2357 2414 
4881 2231 2385 2464 
4882 2404 175 2417 
4883 134 135 2446 
4884 2392 1354 2421 
4885 2418 105 2450 
4886 1470 2313 2452 
4887 1646 1647 2449 
4888 105 106 2450 
4889 26 27 2453 
4890 2326 2397 2434 
4891 220 2333 2429 
4892 57 215 2454 
4893 17 18 2455 
4894 1372 1371 2456 
4895 87 88 2458 
4896 2331 172 2431 
4897 140 141 2460 
4898 1358 1765 2461 
4899 136 137 2462 
4900 2338 162 2456 
4901 177 2324 2439 
4902 194 2326 2434 
4903 2319 210 2435 
4904 200 2341 2438 
4905 2328 2392 2421 
4906 2397 1584 2434 
4907 2354 173 2448 
4908 2307 188 2463 
4909 222 2335 2445 
4910 2320 211 2447 
4911 193 2344 2465 
4912 169 2316 2451 
4913 176 2336 2464 
4914 2324 201 2457 
4915 173 2348 2448 
4916 2010 2404 2417 
4917 2409 1369 2463 
4918 211 2373 2447 
4919 188 2409 2463 
4920 2439 2324 2457 
4921 1507 2439 2457 
4922 2385 176 2464 
4923 2405 2140 2455 
4924 198 2407 2461 
4925 2422 1513 2441 
4926 2401 193 2465 
4927 179 2449 2459 
4928 2449 1647 2459 
$EndElements
